,2158,2162,2196,2197,2199,2200,2201,2202,2205,2207,2237,2238,2239,2240,2241,2277,2278,2280,2448,2484,2541,2648,2678,2738,2757,2778,2842,2859,2860,2976,5404,5432,5435,5436,5437,5438,5439,5440,5441,5442,5444,5446,5474,5475,5476,5477,5479,5505,5506,5507,5508,5509,5735,5743,5875,5908,5940,6191,6216,8861,8868,8904,8906,8907,8908,8909,8910,8911,8912,8913,8914,8916,8955,8956,8957,8958,8959,8960,8962,8963,8964,9000,9001,9002,9004,9155,9330,9337,9390,9401,9427,9428,9446,9465,9553,9651,11878,11882,11883,11884,11886,11887,11888,11889,11929,11930,11931,11933,11934,11935,11936,11970,11971,11973,12246,12267,12284,12286,12290,12316,12346,12372,12562,12568,12619,12637
2158,0.381750423247283,0.12352598346910977,0.2201625769779401,0.19646395520446003,0.26994196604935966,0.5584868099218493,0.607202687034878,0.39030117745224646,0.35666730313581374,0.4902550278960294,0.5897162011421154,0.5433876232702931,0.6332993414743027,0.8265561007231494,0.41528224482601056,0.3654081225517068,0.5594280789082186,0.4466272647797011,0.2430884553748056,0.5254767885065922,0.3064384085712109,0.5210104493942502,0.38964922419476117,0.48090127858395587,0.6121937350121469,0.34281972303730524,0.19933434537232414,0.7065871437882894,0.32080997062535926,0.6396765571479868,0.5292988020543079,0.48103825709215775,0.23500275922781524,0.4025619595116721,0.5754916725584555,0.39382417406933456,0.42218584261031056,0.31336975064043904,0.35632668004012885,0.38026334550090773,0.4453211362877935,0.6913742853423316,0.7216920268226737,0.7147748710798044,0.41462446908499206,0.5934805881714206,0.39416723594853753,0.2830527489293206,0.4741945683969829,0.46352459899636,0.4516943697382464,0.6848066305888585,0.391212445330754,0.44729502733402926,0.45167358161050936,0.4997835703090033,0.448693610213029,0.372595169557461,0.44649190520829113,0.31382301779066496,0.414637728279981,0.6177180240377692,0.22482932588826882,0.3902457965545529,0.5275492620423357,0.5230112771201947,0.2556115937175301,0.3789731430318286,0.7171833468634727,0.7008192467118808,0.11759981462219755,0.5559376860856314,0.1813086084529584,0.2651877118842325,0.5481193340104121,0.716629543463643,0.2717884424311941,0.6861309526131585,0.660425159514383,0.3635425213007374,0.4157291397799734,0.44198383317970674,0.5067106394250506,0.5937560403395924,0.19170416003700125,0.5054287466527956,0.39515867696758006,0.19941884980032148,0.4384936034555076,0.3403486016300715,0.4403853330760422,0.4110310150524167,0.460344120822915,0.45207611928302366,0.5617906275284926,0.5629875008166951,0.7064245332934282,0.6335442295929796,0.4630970538894745,0.6308317485060309,0.4082595920003589,0.48663031608915197,0.7297581913005047,0.3138578959712946,0.5748280313797562,0.5832055013235486,0.6195788964587478,0.41142451234215904,0.5596585590900811,0.7329492794737386,0.36034814668130977,0.6604129029897059,0.5237756861259829,0.7119159620611513,0.6026552831154212,0.7737815586550725,0.8295687977035512,0.4935484079081356,0.7020835567896351,0.2662272771309864,0.4292993434774729,0.49329842148141184,0.5705288104870286,0.6675381848811303,0.659095845366149,0.6628230967877093
2162,0.12352598346910977,0.14501609096321644,0.08227170206366304,0.07536151760905156,0.10110554666167654,0.2202390870295264,0.25242531730701234,0.15096806689076336,0.10728385823607645,0.22691378036950516,0.2669464723461415,0.1932827281609819,0.2749578945629685,0.33968350427647537,0.17790008039264923,0.14101496423106333,0.20972903420977002,0.16156865292052164,0.10180380118515794,0.19398582696184327,0.16689767378559,0.1992134364085162,0.21272486960234854,0.23917052954277893,0.2361849603867093,0.19067945205905548,0.10507899838443206,0.28130580981864534,0.10170030202459739,0.2863810201533541,0.21451072384975797,0.19998696608523442,0.08595657762577613,0.1536885395003708,0.20356741050765295,0.15791992022839324,0.1680914745503409,0.14131581670156937,0.1387816325247166,0.16073945851153096,0.18541586844607583,0.2634250549221274,0.28162024644437333,0.27243037118065927,0.17553024797738823,0.23409079268845479,0.1692009106673593,0.10122292848179135,0.15889851847771155,0.17799416139754204,0.22358870639536244,0.28588415273200246,0.16501087980205262,0.18170707012982645,0.16178839074095097,0.17130829484621374,0.14007811757340558,0.16036637571395923,0.1901136721826989,0.1671308940590175,0.17451353650300191,0.25541423684603726,0.10912774781800384,0.11806012883199607,0.24010095579733587,0.21655347340946912,0.12661490933909472,0.14726237727909894,0.2999258239739065,0.28282157511299266,0.05378197112741374,0.20489226342288056,0.0907150408586623,0.1354741011009656,0.2569419409349746,0.288757801481163,0.13595227258360096,0.3213484481140025,0.2672499428970767,0.14203432095521873,0.18422297033736426,0.15885820294936745,0.16159789760827084,0.2621812077032157,0.1304526309580999,0.17664839845541577,0.1367773114451914,0.10911229300525893,0.22295664871224943,0.12289118913139918,0.16779587442433308,0.18056711333974393,0.15983126394163205,0.16576837589743992,0.2233371199793235,0.19727488001753304,0.24775673846808577,0.23803766232011725,0.18152743568497862,0.2558063222491328,0.20695338887099768,0.19439433194728936,0.26918619812826095,0.15000540857834138,0.26238674103925735,0.25316018011006974,0.232219734037811,0.16409465647936639,0.2147729467043474,0.29999860457859934,0.2360913642875558,0.22567081937136593,0.18875444153603432,0.31301884662562773,0.20151220793526517,0.3000670172014069,0.3400657661619194,0.2144558628985648,0.2979122318750296,0.14166303935011365,0.2208713785824654,0.17964912190161314,0.22053523397261088,0.27238952109087644,0.2624740345604543,0.28475093411060953
2196,0.2201625769779401,0.08227170206366304,0.21020212146153722,0.12367216429555412,0.15685258632809548,0.36117678338450643,0.4017366005081869,0.2550258506737293,0.21116044915783674,0.3207940927740794,0.3897564173939698,0.330253327411703,0.3998559041023723,0.5186043983633571,0.2548118348737151,0.21631924946570402,0.3539993616532024,0.2687778297061205,0.16252554188926116,0.33552857658460944,0.22298079275647137,0.3098951848113381,0.2636165385842866,0.3158615438183542,0.3802545146545558,0.24162663313738736,0.14189414502219153,0.43284731270071997,0.1953380512921499,0.4171049672535532,0.32806287059521033,0.31721756415195906,0.16844074994329447,0.24839625182434102,0.36878352206650217,0.2716334316026651,0.27280947927776633,0.20486616570503974,0.2041921879937528,0.24754024413617348,0.29325389555123804,0.4147471065808102,0.4640582089754672,0.44537416227612237,0.28103145561703585,0.3583492409383318,0.273389394075186,0.1586411482749388,0.3044505579803246,0.3122365205645835,0.29978286088586126,0.43098037029530356,0.2704880189613739,0.2876382793702058,0.2817941303198542,0.2835482214216068,0.2677065110060708,0.25837797615370495,0.2665441624357059,0.21945099429554402,0.26146672372311175,0.434418286452168,0.16345443806408905,0.2510173196719046,0.352221367561177,0.36116575113163324,0.1809282405922528,0.23667823303940552,0.48240227504845246,0.4674777460737851,0.06775160522621036,0.3635391493850466,0.1369234448042915,0.19541422584804632,0.3880390557177184,0.4798270357858306,0.20458825558483057,0.4710009336623646,0.4457874315284821,0.2690241441388195,0.28913336673560375,0.28236128669018223,0.33600546825750605,0.41248552459343973,0.1480993441370392,0.326193894340233,0.2529826231237281,0.14842045872554988,0.30740650754047116,0.2205469446107907,0.31475582327390383,0.29168547224896785,0.3071774467688435,0.31236115482825216,0.41092882135991415,0.3674901026182595,0.4627530101878862,0.42556823733846716,0.3001194347936889,0.4175782381392918,0.2746795919681911,0.3212812385755892,0.459352332475307,0.22782739887934791,0.38481064993580555,0.393950919174445,0.40005781257516476,0.26268462647732116,0.3860190834167377,0.4791525647536183,0.2778653122688521,0.4223954938168884,0.32296551277129604,0.4925364193673461,0.38493680391861584,0.4928679795293544,0.5490839587314943,0.3342847675670078,0.45215874395702543,0.17825931532439634,0.31600425836473955,0.30336268513996517,0.3524318988577705,0.44726214989575525,0.4372613113424029,0.45679609395430504
2197,0.19646395520446003,0.07536151760905156,0.12367216429555412,0.16892430285327797,0.14437621509517903,0.3374962815034484,0.3524091682818427,0.23636993898925635,0.2091953218349283,0.2909591395250721,0.3440620927737385,0.3086102202856215,0.3739817368038522,0.4689416267241036,0.2400471922188465,0.18475008217249905,0.3056334353212222,0.25412741711243314,0.137745337794211,0.3014108635378818,0.15801225037635538,0.2928788887813319,0.2246474317867681,0.27290517062016756,0.34441751473405285,0.18142860709394845,0.12247116124455171,0.41042455692922564,0.1900829383845561,0.36724455902349445,0.3100110400177647,0.28396195076103825,0.14851510048964822,0.23410155928673348,0.34770251803206403,0.23879337577392068,0.2571078450239169,0.18975584842559623,0.20362359639745398,0.2250836032425581,0.2593527911085414,0.38676034236750706,0.4179502145012818,0.4281994287370674,0.24333544772549018,0.33990072052561726,0.2358891624716553,0.13182512649275943,0.254506316060035,0.26659978290430025,0.26683939963053166,0.3943985992433232,0.2200354519159477,0.2732435464788209,0.25933679484055744,0.2752076898403594,0.2741933340686018,0.23734003970171158,0.2598234156473998,0.21950746081078729,0.23818268020279018,0.40726419151447885,0.149448699273984,0.2264186524873898,0.32611222166877823,0.3391164652631946,0.1702793725418182,0.22448661014216162,0.4481569445724695,0.4207922645221065,0.05541061093102633,0.3367169243754379,0.10336339737413895,0.16153561585251622,0.35602795994754566,0.4427472387672857,0.20300903420488123,0.4193265045290927,0.39215719102607466,0.20987580799746616,0.26133584365535245,0.26134900942426315,0.2767084776891837,0.36289264098839574,0.12533408266737453,0.31873722704377105,0.22371964733279331,0.11019642920193193,0.276456141010463,0.1974292691660726,0.30420422242981915,0.2659360991473402,0.2795499579037379,0.285642195351249,0.37534569375824334,0.34115395497232526,0.3950800045128892,0.3812826577002674,0.2743299238139455,0.37068838047870967,0.24026361515660102,0.2886040625058892,0.40912521078244224,0.186261310391165,0.3163533775458226,0.3361339062215979,0.3493696802878093,0.21262947426556217,0.29404704036227025,0.4251828940488357,0.20866640458589833,0.3663294076471941,0.28479990487284806,0.406694804658192,0.3065614359355998,0.4142284206714723,0.46990818089013536,0.28462289177479355,0.3946007641680027,0.14284033825015877,0.23527629953853216,0.2508791641955312,0.30567408538894864,0.40600188708750096,0.37464887831530175,0.37975378871455795
2199,0.26994196604935966,0.10110554666167654,0.15685258632809548,0.14437621509517903,0.24951110513077734,0.44780167637692664,0.47684639120271505,0.29993877156825244,0.28140854727679304,0.3749498734036124,0.45999264197049294,0.43933870339859804,0.5097294601379377,0.6742921572722228,0.3423979002910523,0.30425021751749903,0.4455930314450139,0.3683832308267541,0.177359952803939,0.4114542194718639,0.24609861690955298,0.4152634237176133,0.3095419522397742,0.39114871435395987,0.4832410752094455,0.2803072016530992,0.14339023936475298,0.5768051674760404,0.2496515239582074,0.5030389159649366,0.4181715927238487,0.36663594499183905,0.18056500521130817,0.32175654211536375,0.43898426216673975,0.2992924534541955,0.3085089995781038,0.24653442933924288,0.2895040553466143,0.3087815255240344,0.33372459925326237,0.5653452714630799,0.5756294569839037,0.5724977490864216,0.3334017780110366,0.49259205295009423,0.29384340160680783,0.2259858792912751,0.37438082010654994,0.3778599332650989,0.3615426870327143,0.5545038890406078,0.3022765819761798,0.3480376902090859,0.36292059863706805,0.4112377777983324,0.3646528406861101,0.28430754549213155,0.3591742565486351,0.2358885490344245,0.3480384942174493,0.45026091696357495,0.1544785698020263,0.3090079322549971,0.4202793505666905,0.38718695966984185,0.18611090899735286,0.30017864377627607,0.5452773623801115,0.547801550482236,0.1078448485199081,0.43189738340643424,0.10861498848556779,0.20338226692022285,0.4181587442125807,0.5901731670929721,0.20085813979470685,0.5359014519998809,0.5202498241607808,0.2991628669082974,0.342957807315868,0.34971482814058613,0.40313765317504097,0.4641057419408458,0.1374321424641062,0.3885167251592385,0.31492544912920484,0.14218755612299744,0.33580684633042013,0.26566399568506577,0.3248264261975001,0.2874444675062307,0.35761477222829763,0.31751856256119443,0.4073094444779137,0.4182075493917331,0.5658271058431367,0.49285435100115454,0.36682034871645813,0.4897972591562472,0.31006592828627316,0.3839711794668876,0.5786577183908418,0.21650394765246533,0.4476863126872198,0.4646312307938339,0.49867541781432734,0.3272762133095735,0.43819124657394404,0.583331528094223,0.29118135409690726,0.5262720608874621,0.43220095188914803,0.562786786221296,0.5077879827339293,0.6335619659918257,0.6691785774660095,0.37340533596106085,0.5524221926876847,0.1967230850928898,0.3449093340820307,0.4010964614342132,0.47596229424540926,0.5264237820542362,0.5302238448664442,0.5390564892982129
2200,0.5584868099218493,0.2202390870295264,0.36117678338450643,0.3374962815034484,0.44780167637692664,1.0986567931733282,1.0817728094095747,0.6855700631838705,0.6272135323217414,0.8732833057552366,1.065652437479887,0.9565630383369521,1.160772132019447,1.4691971207587375,0.753998400282264,0.6403185742764589,0.9638425543144545,0.7968786877940116,0.38201563983133346,0.9417403310895649,0.5436469145379944,0.8596193105430203,0.735609766906613,0.8951326546437877,1.0615842613175537,0.6415498395543004,0.3620455590322214,1.266381468912649,0.5576764306122548,1.1426694070294157,0.9187715955969706,0.8654611737935117,0.432453327372111,0.7083755189043175,0.9614862410015513,0.6963478051892624,0.7269576835314976,0.5686912683731259,0.6094637063261673,0.7221984012886904,0.7649385658260304,1.224432823083502,1.3139058843061486,1.305590926758097,0.7603328414217955,1.0681199405402402,0.6762485248010314,0.4383520360372811,0.8574115254104208,0.8415162333081582,0.8733500306084253,1.241977546107218,0.6892336373631643,0.7937483851235603,0.8416472445754022,0.8788326546142176,0.7796958749601584,0.6878405640665548,0.8044468808647101,0.6145561030025068,0.7696987668441898,1.1536329151827716,0.41063787409321895,0.7398031271677084,1.019058541187935,0.9707068987954057,0.49227649711069565,0.7025446521668152,1.3571073628011041,1.2983342047957496,0.2267041518667167,1.0199039800689051,0.3142043839796384,0.5160517890727333,1.074114392191483,1.3714707571298428,0.5662404991424299,1.3118271456943729,1.239960573205951,0.7083290882558428,0.8251459396631563,0.840856394067743,0.9139481294566856,1.1602586944136035,0.3913034864573846,0.9454235138010898,0.7121104945396803,0.3577153033427262,0.8644615956647367,0.6406870886693102,0.7917269310474606,0.703451089380132,0.8664989853275452,0.8140862191541748,1.043672189090692,0.9966613412270396,1.2485381817056602,1.1466938586691127,0.8391943380581738,1.1353513290556463,0.7617573202949967,0.8206991568744573,1.2941603323104582,0.4913395027168239,1.006458896270981,1.0498694863599007,1.1072350040699543,0.695499909994262,0.9632965046392327,1.3431176446619317,0.720536212449704,1.1672695255190955,0.9525113575358309,1.2920154591110615,1.0461478835866969,1.3676672168866943,1.5173508766085846,0.8479496527199203,1.2265622629803252,0.43426960676352494,0.8157147391269003,0.8138848784227802,1.0271910260956363,1.2347892314003106,1.193614781922118,1.2220440529512593
2201,0.607202687034878,0.25242531730701234,0.4017366005081869,0.3524091682818427,0.47684639120271505,1.0817728094095747,1.2391510659915417,0.726723853754591,0.6457793767850164,0.9331019305994922,1.1296014478722551,0.9998030127394695,1.2350819890839888,1.584473426051637,0.8128802397692916,0.7170605931651015,1.0441348912141184,0.8441292821668495,0.4494666576345206,1.0008293812492832,0.6337483952794738,0.9550427704092757,0.776653011419454,0.9569411950217799,1.132648381371087,0.7344469307819015,0.38820158528825105,1.3520755960604998,0.588231174402267,1.2435592048722677,0.9863108945351442,0.9255190813342659,0.4604601725785214,0.7356194981728283,1.0519861740494425,0.7354547672408184,0.7780524939739117,0.5984052095567572,0.6547865069052098,0.7587385138497239,0.8236532912444117,1.2962319989637896,1.3877231764702431,1.3739285657772717,0.8046255103811836,1.1325886191184862,0.7336670916545318,0.5088367255517797,0.9301327552481988,0.9097133585293672,0.908384350082593,1.3105685511598333,0.7688503869674609,0.8384263762895806,0.8598775886899633,0.9376928062435185,0.8037604022664909,0.721237424043757,0.8697126009226973,0.6307427848732252,0.8140905402067123,1.183571137206471,0.4245395498816606,0.764234551481444,1.0273783657010134,0.9941582482058297,0.505209126062065,0.7636541855264675,1.3946947371842024,1.3544426066996418,0.25948285113984454,1.0543693996413888,0.3476818973772274,0.5399197144278649,1.0759018529795776,1.4172073756010057,0.5697754799565393,1.3594125457889221,1.2878981854939522,0.7493748934310185,0.8454904753529272,0.8475591777161701,0.9874820449262836,1.1782997330497496,0.40412967178479364,0.9616906409371346,0.7733703108409429,0.4089575471833279,0.8515925024151532,0.6643783614874963,0.8361041165611763,0.7563527825657287,0.8688242329102444,0.8511654570711911,1.0876103977170113,1.0345851031389932,1.332760523782404,1.214096572895143,0.8908515866112917,1.2033025062717313,0.8029867369609353,0.9007410437238936,1.38664500988638,0.5601371588488664,1.112825676106455,1.1135554515406942,1.182805876911682,0.78817757687919,1.082529083442721,1.4002788990023538,0.7703259277748877,1.235617143203392,0.9926249956486343,1.3861248641305546,1.1580213061884839,1.486859746587635,1.629456552750381,0.9176088167049666,1.3483223779645657,0.49695901225027905,0.8947465880575722,0.9147009473549177,1.1028171095699342,1.2998143020073925,1.274422465989502,1.3258195834214608
2202,0.39030117745224646,0.15096806689076336,0.2550258506737293,0.23636993898925635,0.29993877156825244,0.6855700631838705,0.726723853754591,0.5070135311912694,0.4176564630054659,0.6072056368063421,0.7297387412706607,0.6492151951074502,0.783270217185043,1.0029905398910623,0.5159378970956467,0.43536855583273865,0.653043481797011,0.5292748778681524,0.2717287387135513,0.6355689931979336,0.3760627138249428,0.5886705855413569,0.49992993247527207,0.6068687823021338,0.7204273405942389,0.4481925731153292,0.24866263356408239,0.8614302805513913,0.37632315172577085,0.787465166480502,0.6238324204011912,0.5915511068173461,0.29348035098063663,0.47505807354019713,0.6662655685507631,0.48007235479075916,0.5032775194727308,0.385793954014934,0.4047761905444181,0.476720746692319,0.5187769193930756,0.8196151705358639,0.8892214364503779,0.880873335144191,0.5002084272581769,0.7223219568241521,0.4688055799276918,0.3145637522767589,0.573280281117914,0.5738239949117927,0.5798754884316591,0.8426278550623187,0.4811568986119495,0.5365282232376016,0.5559232557435871,0.5959230516711669,0.5315047137939419,0.472812839700554,0.5416736900490411,0.42540138076596123,0.5102586063824711,0.7880964347299783,0.2942490016926977,0.4846025303392104,0.6789108924920356,0.6682348952604104,0.3361285752558402,0.47631919109784115,0.9217201329100556,0.8812369437769348,0.14655646990751012,0.6900508591375172,0.2521263822084176,0.36974393548116924,0.7366624360484769,0.9322582849194667,0.39200414950514445,0.8915180525994477,0.8409832698388008,0.48037045640230575,0.5539993474126743,0.5453782140524728,0.6146843098469621,0.7611903065253194,0.27564028378349864,0.622567965496293,0.4721573804071741,0.2896870916063634,0.5685733433170485,0.4318891448606407,0.5563328348191656,0.48763054209598206,0.578892793318495,0.5504655886804141,0.7060022387984589,0.680807680223492,0.843349267389782,0.789025892965948,0.5756274360147228,0.7692258503857033,0.5084116866100267,0.5757487573095214,0.877995836785177,0.3809881089948342,0.6978554677739781,0.7397157179097338,0.7604207696848414,0.4836586213932656,0.6640156613601395,0.9122783139551621,0.5082008320904118,0.7900905647777421,0.641636584127334,0.8834900168739621,0.7214861297893082,0.9359265353708516,1.0455362430532915,0.6145059035641393,0.8584654152976339,0.3327464879032131,0.564653321890822,0.5585226878486369,0.7084900187546594,0.8470591675295147,0.8252484249599097,0.8386164328668924
2205,0.35666730313581374,0.10728385823607645,0.21116044915783674,0.2091953218349283,0.28140854727679304,0.6272135323217414,0.6457793767850164,0.4176564630054659,0.46152454517451197,0.5009074073170945,0.6278227701761183,0.6016732964548307,0.6893701775317264,0.8873265034071652,0.4574464372852845,0.38810450762473303,0.5868199779557863,0.48876355416011563,0.23654682892371376,0.5766453709565579,0.3015596547402969,0.5657956727819947,0.4177876290909506,0.5061410313407574,0.6482824401777825,0.36433020393042276,0.19587323867358067,0.7865354088591592,0.3474321523939826,0.6780268752456746,0.5407224619082291,0.5058784831275618,0.2501823354718507,0.4380779805642708,0.6062616994421687,0.40973103252063514,0.43501385229328177,0.3320892858960598,0.3775141758015897,0.4106120322508781,0.4442345542031865,0.7645852659588511,0.7819903903121722,0.79463168328173,0.4630171941982748,0.6503561826343466,0.3910221169446887,0.2875442468557452,0.5408772497533414,0.499816393567384,0.49713170803883805,0.7433468062955598,0.4022254151544358,0.46906493209059136,0.5035103792812716,0.5671073575865198,0.4827114620921989,0.3865041628880995,0.4848557892522264,0.3374484584452949,0.46633292448992414,0.6769043075105527,0.21910871216577193,0.45291701677674595,0.5785902142888482,0.5630556107774002,0.2690357087290233,0.4062694567308724,0.7920131198671166,0.7612012355801954,0.13234057871309476,0.6035018328658412,0.1599383927401165,0.2790477568687359,0.5910438783099591,0.8052159248119372,0.30441825804675354,0.7507436992203484,0.7334242319377432,0.4207306298623103,0.4723204588059563,0.4861704718757103,0.5777588591685102,0.6646585242268902,0.20433547800036062,0.5491375358542275,0.46091968517073595,0.1894599415417231,0.46085596696090875,0.3869329664421691,0.4750367151769695,0.41080835480037786,0.5174301583264456,0.4809057700490925,0.5965267398996568,0.6017961763830635,0.7574046003112074,0.7013365485089803,0.5064781892614629,0.673503971145333,0.4260931631293738,0.49239995765453487,0.7845166415967345,0.28535171667571996,0.5777529027587209,0.6270113628189977,0.6663302247155078,0.43567671600738966,0.588674245379937,0.7992414740278356,0.3782647912525687,0.7162500677324491,0.5925521450956592,0.7459441219884306,0.6778725726562871,0.840542047159702,0.9143960133010816,0.5084800160204913,0.7513765392251576,0.2531377361933002,0.4522322631563358,0.5151907565761741,0.6409631541771368,0.7383278448298923,0.7340812417622339,0.7293965889604587
2207,0.4902550278960294,0.22691378036950516,0.3207940927740794,0.2909591395250721,0.3749498734036124,0.8732833057552366,0.9331019305994922,0.6072056368063421,0.5009074073170945,0.8487872364643203,0.9341337168022543,0.8129899423108615,1.009715030637324,1.2763455543760283,0.6485964885600334,0.5468529513329821,0.8385998605861036,0.6637900911070307,0.38580438889506047,0.7984973900215889,0.5018573548395914,0.761582029711711,0.6526731341167004,0.8171344840513587,0.9271847110126704,0.5901587363580564,0.34524024587443924,1.1042888210064126,0.4547133549060846,1.0391511118730439,0.8260525959086751,0.7615382525653589,0.37417486856657706,0.6148608635599027,0.8388560920301057,0.6220994431419646,0.6586798938516375,0.5073268408638798,0.5299642634392514,0.6012350764889569,0.694129647320239,1.0471566136988955,1.146129100300583,1.1147706777675046,0.6464649619031766,0.9308490983734231,0.6390292130481969,0.37432746891536295,0.6962192763950817,0.7232825092626973,0.7539616456304088,1.0732146491227756,0.6177824000065509,0.6897191907434127,0.691627419359238,0.726054190522681,0.6339366904718371,0.605165327347003,0.7147275555962063,0.5750778554673229,0.6768288383655832,1.0319017908490355,0.42271685606276593,0.5938944737048757,0.9055443129525997,0.8895818004468982,0.4524518517045841,0.6084751566503103,1.1806412412233886,1.133095967032751,0.18263457679801354,0.8866810749019379,0.3616800863028983,0.49609110399750206,0.9870644928269169,1.1815014804291735,0.5295811512121953,1.1881121281901155,1.0920839174823178,0.5867620048312752,0.7008281708894805,0.6976278044314671,0.7364174538600016,0.9908832680893225,0.4024275399038769,0.8015636932275367,0.5867033730467317,0.3912985014267368,0.7726628086851738,0.5375080364454534,0.7173342281634393,0.6711402853601524,0.7135804184955422,0.7181880143390158,0.9312365022429907,0.8781101798426608,1.0572381276435792,0.9963058906388235,0.7344969311662711,0.986914127491391,0.6859774401128684,0.7384253209320304,1.1066494848674373,0.5455732648188675,0.8992547276668047,0.955047705082086,0.948677957984747,0.6150118429636251,0.8283486609597057,1.1781343768296488,0.695051784965161,0.975285751955715,0.7822491624548948,1.1467826443953437,0.8643903737546548,1.1582112037062802,1.3210119202440207,0.8177638875046425,1.1085105819157284,0.4662577663259491,0.7703722405294124,0.7040509331885209,0.8722174907788433,1.0694879014597418,1.0147396567388303,1.0661914369227339
2237,0.5897162011421154,0.2669464723461415,0.3897564173939698,0.3440620927737385,0.45999264197049294,1.065652437479887,1.1296014478722551,0.7297387412706607,0.6278227701761183,0.9341337168022543,1.2026213946636504,0.9810461426844599,1.2448884113404979,1.5702795813142265,0.7981930389881531,0.6809933273530933,1.0121441810135132,0.8112432031445949,0.41465946055396513,0.9780330516930442,0.6175916949052083,0.9189339007390084,0.8018714232123042,0.9772649096547643,1.117509502935692,0.7086574162467958,0.41726092256516045,1.3289354801214301,0.5719857096753509,1.2323444112259985,0.9660462514501269,0.9291838117215665,0.44648558033629887,0.754345220056772,1.0161020628392927,0.7301115390486979,0.7757317387456608,0.614752018165349,0.6306068903290419,0.766736645842407,0.7996280605517008,1.2888736216348695,1.3876093149554496,1.3486956750248826,0.8152935172755913,1.122983737165487,0.7244253730563122,0.4642942086724312,0.8506819092088911,0.879024335431027,0.9298454133994983,1.3259815595425621,0.7364935012412932,0.8252270906224317,0.8722010117220822,0.9059287365779717,0.783100855523529,0.7305943351296659,0.8903994731084877,0.6747135643206624,0.8181087784785411,1.2356710978291547,0.47087433328262923,0.7279398740638997,1.0930349787936982,1.0391678510718159,0.5328271322238488,0.7404906811161966,1.43071455254077,1.377550155382032,0.2354607425460813,1.0821647341275706,0.4030978296593219,0.5951545045519843,1.179170651979153,1.4512753577177064,0.6276683640521717,1.417674484134961,1.3254158474961064,0.752162732967963,0.8803642877557106,0.8625786897222553,0.9334808808794396,1.234279906442002,0.4649002160838988,0.9573981126671768,0.7131031409963409,0.45321083112404825,0.9329807213405151,0.6522253728465707,0.838629009944238,0.7590813167825528,0.9030489892948551,0.8350987447373065,1.0910186614849637,1.0362565211038128,1.2828336195660932,1.185846081005075,0.8925524430377857,1.1971944217022954,0.8225921233785531,0.8533111719141037,1.350762688627504,0.5594200849996764,1.0793472059757985,1.1378459079086962,1.1493396136687382,0.7285665367289591,0.9969834608241785,1.4270231259102115,0.850301807004333,1.1813739688663032,0.9808538844133785,1.378529652798692,1.0624157524491373,1.4156559762838932,1.611992232272272,0.9437997422304854,1.2988970596150877,0.5162744101495198,0.9070245501375435,0.8510688921246694,1.08836332887972,1.2949007193777706,1.2391443304658611,1.3002587771883396
2238,0.5433876232702931,0.1932827281609819,0.330253327411703,0.3086102202856215,0.43933870339859804,0.9565630383369521,0.9998030127394695,0.6492151951074502,0.6016732964548307,0.8129899423108615,0.9810461426844599,0.9907903434922406,1.07898925164671,1.402124993757723,0.7240554091998574,0.6299295310232189,0.9124124868038417,0.7602910378324023,0.3574103312490843,0.8754040046824256,0.5101809692394517,0.8487020339614744,0.6793811751010824,0.8297565975698006,0.9893655846310676,0.5939563196055992,0.3208747178939889,1.1951443095253764,0.5223825376403108,1.073450783355717,0.8640649510789645,0.7919272708634367,0.38656593359355734,0.6671540324869045,0.9182335922943177,0.6410486525174085,0.6672111977474096,0.5297233065873105,0.570110230082073,0.6520218718325483,0.6955473751823777,1.1848200774230055,1.2355258606458144,1.2275907324593491,0.6973142908521133,1.0033527733500796,0.6041402254953356,0.45208656222841503,0.8191903460599725,0.7843219677953066,0.791189859983292,1.1680091355049675,0.6379181749918238,0.7482737926942206,0.7884656512363513,0.8530389840966827,0.7511665343199891,0.626026794780608,0.7499673744999683,0.5532208526744876,0.7268795382630764,1.0346940747877966,0.3672828186993092,0.6885204192327623,0.9330740904894991,0.9020436650339686,0.4352468266456509,0.6687193084534602,1.2425124967056256,1.191236838039164,0.21303367389642444,0.9322391171191138,0.3248429470857833,0.4728361959350755,0.9488026382950994,1.2611295137977454,0.5086136529381594,1.1984516833307206,1.1504602058747004,0.6486705320880758,0.775800009305634,0.7818724819137158,0.8766618914505,1.0337756137790077,0.341757705303564,0.8558018970053025,0.704900234834135,0.3389072845375065,0.7482251541727098,0.5990417192903146,0.7287061524697043,0.6165766340722505,0.7958060352320748,0.7301059719055284,0.928790117671943,0.9100814132383263,1.2014114425977782,1.0701755849486554,0.8064955053234442,1.04444876319457,0.6957480384417922,0.7854861911648308,1.2233412205794527,0.44088498695353623,0.923848701871812,0.9957439901360766,1.062051996263178,0.6788105660893301,0.9274478867523397,1.2558557587538528,0.6452962441964573,1.1048312651115704,0.9060743374397023,1.2006585811803856,1.033902211410284,1.3099834673291857,1.4439546466716102,0.8059957561263327,1.1598964542548196,0.4193357512643153,0.7412113050352471,0.8159316706875119,0.9998856058909817,1.1511897615886229,1.139887832404242,1.1586573833440657
2239,0.6332993414743027,0.2749578945629685,0.3998559041023723,0.3739817368038522,0.5097294601379377,1.160772132019447,1.2350819890839888,0.783270217185043,0.6893701775317264,1.009715030637324,1.2448884113404979,1.07898925164671,1.4287601136293517,1.7174711518467258,0.9023208545723351,0.7547759752048327,1.1162222045591252,0.9042905274943954,0.45653816594527374,1.0801070471270018,0.664448933610333,1.0032515886985645,0.8673687701680475,1.0653009023874744,1.21218439372714,0.7697695233551992,0.4336132107290877,1.4704048183145584,0.6191639860996709,1.3340404713773617,1.0739143660593689,0.9925435700025232,0.48548398870388637,0.8214563702426525,1.0943214097992133,0.7903420858564605,0.8405551562286849,0.6614553175041935,0.6942061969173761,0.8376262381139874,0.861179998015226,1.4171233333899564,1.505098076256045,1.484902310630777,0.8658703932869293,1.2167454433296223,0.769307322809176,0.5076209256794314,0.9418633881854721,0.9491715564397012,1.0056563259711109,1.444310767707587,0.7964987954491827,0.8966832446246914,0.9594143706092275,1.0223340665809495,0.8716471572154146,0.7874935336392487,0.977992577272418,0.7124227317280237,0.8984765771269742,1.30563666138354,0.47764835629697056,0.8144169011251481,1.1808073811813309,1.0921471118356485,0.5625561244169132,0.814968954706473,1.5388958037396463,1.4793104742548353,0.2790874471313533,1.1772920832856397,0.4085951180316873,0.6221085549218066,1.2355715992960385,1.5824405565964001,0.6623069786066957,1.5326264912428536,1.4227075279821277,0.8184442535399116,0.9466913748438307,0.9277169528949776,1.0184951937290974,1.3273474510160908,0.47889952011395387,1.0377223218656224,0.785335138963686,0.47067885873097803,0.9965542176072609,0.7142145387709435,0.8863903976450518,0.7924283098646466,0.9712802351392821,0.8955863683099001,1.1521672548137147,1.1173357403373745,1.398693398475874,1.2937447662444528,0.969747554348335,1.2927818057825269,0.8671815316270405,0.9247260416509894,1.469405698696872,0.5828513796544385,1.1732095889724605,1.2231933890127287,1.2566778895066577,0.8087521589432454,1.1031952939613543,1.5487651381460628,0.8932589451397691,1.2936490655214583,1.0795198742055025,1.490874142353521,1.181373597435966,1.5586764938815802,1.7620089857732115,0.9952340526155543,1.4268453655972215,0.5206783195993032,0.9876534846962164,0.9398996450025271,1.1992191428769494,1.4166790032528638,1.3436311187740155,1.4234646004210314
2240,0.8265561007231494,0.33968350427647537,0.5186043983633571,0.4689416267241036,0.6742921572722228,1.4691971207587375,1.584473426051637,1.0029905398910623,0.8873265034071652,1.2763455543760283,1.5702795813142265,1.402124993757723,1.7174711518467258,2.3251221828104223,1.141240612623611,0.9520169259194262,1.4260905411188336,1.1833835108934703,0.5922772457383672,1.3855601752305513,0.8527888611282279,1.3171822918001685,1.0962227724608022,1.3436259631784542,1.5561190349729324,0.9860073312948573,0.5328891386015212,1.8643260727904118,0.7990553649135586,1.6903412575326557,1.3629296773994504,1.2578925176817781,0.6109871467012471,1.047565156776823,1.4275120854889158,1.0089255607760657,1.064440621504473,0.8480034496837296,0.9091207608070302,1.060239763892699,1.1009487692310225,1.816527268710783,1.9270459370527142,1.9039202622698208,1.1096969689877523,1.5876379891317223,0.9984718514249953,0.6868664917460177,1.2490700649080422,1.2432408703300228,1.2609450032624572,1.8350220418001817,1.0316429420954607,1.1509710346775288,1.2356325310475018,1.2955216599557398,1.1262879995758346,0.991523441577704,1.2114325003038233,0.8735397835737871,1.1365375340409485,1.6253629034388193,0.5818769681028897,1.0392680112141088,1.4645617122983015,1.3709404664274853,0.6866459299464148,1.0421090823900427,1.9429572763084275,1.8825647387073536,0.35470124082617505,1.4859405661614171,0.47307976870783436,0.7588428680426009,1.510393216963201,1.9753178360369854,0.7960592700355371,1.905510862158604,1.7994814659664822,1.0294600563599956,1.2000040383744097,1.2015314505295094,1.3440619953451876,1.656345423161998,0.5698954791047893,1.3287009492153483,1.0618896744281747,0.568420045368139,1.1976284767520415,0.9099866186321305,1.1330838149695521,1.002566062526323,1.2142548667710424,1.1208845712606244,1.4468619476189746,1.4223657955002798,1.827239393249386,1.6664902465689644,1.238224081813585,1.6501353145899478,1.1202171186062766,1.214276870054979,1.9072135580079463,0.7542687987518094,1.508681400910574,1.556836593124787,1.6321418277836954,1.060276687712902,1.4428091884985657,1.9597563731693566,1.0896061551689342,1.6875965359036782,1.380611748878626,1.8982675669346214,1.5589418354876345,2.0435672906467297,2.236495507224844,1.2638880801026309,1.839148557948873,0.6775654200537891,1.2285072560839794,1.2504575665720072,1.5510180945758207,1.8055176512755158,1.7496562186297537,1.8225580861878288
2241,0.41528224482601056,0.17790008039264923,0.2548118348737151,0.2400471922188465,0.3423979002910523,0.753998400282264,0.8128802397692916,0.5159378970956467,0.4574464372852845,0.6485964885600334,0.7981930389881531,0.7240554091998574,0.9023208545723351,1.141240612623611,0.6148823151490561,0.5067972332618829,0.7355854938026529,0.6038711844550514,0.28079295737679577,0.7121468557160205,0.4403786571680339,0.6699792389237775,0.570792512449212,0.6855846342170843,0.7812007172775788,0.5149140285146638,0.2712643696149722,0.9576330797196578,0.40835029955687563,0.8636362320086234,0.6880985885452875,0.6382977269240393,0.3090857619992424,0.5327721554538022,0.7160825088384687,0.5025998616769277,0.5313525139449435,0.43023565480666254,0.4530296239352778,0.545656220367581,0.552679764716646,0.9411612237443587,0.9759149262214979,0.9764084375183844,0.5628945617811137,0.8035329166141186,0.4824660559325639,0.3526134507070193,0.623922456452207,0.6273383361893501,0.6614290118433902,0.9399669131023577,0.5268970964610916,0.578186580367975,0.6350189353504327,0.6818696117102785,0.5800042244447957,0.5013235277082189,0.6270747978828829,0.44427665904653607,0.581682970339095,0.8173950209389725,0.28701982732173315,0.5287242599598783,0.7441878872710385,0.6805325814639671,0.3433420169720121,0.5262677091435854,0.9720735162332012,0.9550160354296985,0.1947209919796691,0.7448680780298118,0.24626917982855517,0.39104344642532857,0.76649617167512,1.0200842433737167,0.40519500205725056,0.9797147863347359,0.9136314241308257,0.5339564632162525,0.618779797299381,0.606575641870208,0.6872616406439117,0.8399917080555609,0.28807408146725416,0.6596579337544634,0.5421583551993728,0.2946691177175752,0.6079215331236612,0.46248433338342304,0.5494032458759317,0.48432297340802255,0.6125635941305171,0.5581311044211975,0.7175905329025267,0.705990734501362,0.9273960537428572,0.8406013273839656,0.6365727440367327,0.8315616948550859,0.5602091619534314,0.6009758408668685,0.9634319133788559,0.3483196060491278,0.7605753186427918,0.7948359812202295,0.8325043370327246,0.5358246624789402,0.7451857176058377,0.9957554643334607,0.5696478431798195,0.8656291566456199,0.7141649440563738,0.9709137473156058,0.810452436420232,1.0344914499307385,1.1580262101885084,0.6288165604497528,0.9392676442937594,0.33186287109514206,0.6329897389966328,0.6326553103152399,0.7964617544216075,0.9256915393280866,0.8917028949962423,0.9312377104309035
2277,0.3654081225517068,0.14101496423106333,0.21631924946570402,0.18475008217249905,0.30425021751749903,0.6403185742764589,0.7170605931651015,0.43536855583273865,0.38810450762473303,0.5468529513329821,0.6809933273530933,0.6299295310232189,0.7547759752048327,0.9520169259194262,0.5067972332618829,0.5680760813550856,0.6574316046345392,0.533041455832247,0.23528405122710302,0.6107791779782484,0.37893197807518497,0.6049183390417046,0.4911047779963073,0.5771351548035568,0.6925002405987493,0.45390886134670083,0.20161116445910068,0.8401204694101058,0.36008653762352677,0.7624054623706755,0.5880290857761681,0.5462096723035186,0.2668665185835146,0.4425807245828574,0.6308246399641319,0.4306205055425525,0.4557107877665748,0.3726695418435436,0.39999663773649996,0.5049246438663656,0.4778743275903108,0.8142279480648004,0.8616238241284321,0.850389357249425,0.47923862070741385,0.7080578861654806,0.41024760532441384,0.3362031855951396,0.5955125636273243,0.5633160476251365,0.5662924749229715,0.8092013200107818,0.4690654000824981,0.5202033870140367,0.5693359783826498,0.6164467723707195,0.5261291301347298,0.44061164760292665,0.5231846905028027,0.35083564731491407,0.5018877859938633,0.6781503793923935,0.20921156373478794,0.5024692006054577,0.6125249447478343,0.5661661750486994,0.27366892600164305,0.5113973355202512,0.838193796004314,0.8358707546323659,0.16936248374724552,0.6429031493128031,0.1648698707069151,0.29908036143750155,0.604954693400457,0.8630316052885337,0.30390795888128574,0.7943951495905943,0.7660574126810227,0.4542041690585581,0.5487194116775429,0.5442052059016926,0.6277103346887213,0.7106131028776185,0.20606143106769556,0.5862807309278087,0.5613097315313081,0.2081553649215323,0.4518110187928187,0.4210339210502575,0.48913484588333106,0.37123149963579183,0.548739575666078,0.4882299115050958,0.5984100097472065,0.605724821001524,0.8391111158992909,0.7240311525566385,0.5514612287771079,0.7127922626187606,0.47495094305269664,0.5334956855400438,0.8674145398514382,0.26803230499952274,0.6681172581459444,0.658618950067718,0.7387444549174227,0.4927883359912578,0.6614200978693899,0.8745534041373694,0.44355488789756087,0.7826862436464144,0.6304888643929566,0.8376004662368048,0.7512668798345689,0.9560669856399631,1.0100417558903612,0.5363426411226713,0.787763704947908,0.2565820140444529,0.5377815653009512,0.591384536635029,0.7101775598322669,0.7926342316251032,0.7878752235692738,0.8108039346067074
2278,0.5594280789082186,0.20972903420977002,0.3539993616532024,0.3056334353212222,0.4455930314450139,0.9638425543144545,1.0441348912141184,0.653043481797011,0.5868199779557863,0.8385998605861036,1.0121441810135132,0.9124124868038417,1.1162222045591252,1.4260905411188336,0.7355854938026529,0.6574316046345392,1.0231403533303556,0.771311604873472,0.3822023347767617,0.9072123643185933,0.5614338212350589,0.8595719426630308,0.6981253728416102,0.8521510251345429,1.0367350149633832,0.6434731740087934,0.3331311520239318,1.2283642284992762,0.5266118191853721,1.1273807927647344,0.8957497831150568,0.8321126312329074,0.42067053653191844,0.686950145471943,0.9547532521032076,0.657156198360804,0.7036994950315096,0.539387084212468,0.5930375901181216,0.6839258732402026,0.730254259328566,1.1859674757622412,1.25947639565867,1.2428740487043208,0.7239249967521603,1.0361535781844595,0.6463420254993527,0.47319234398993143,0.825738025025895,0.8341436352620861,0.812542928982324,1.1892399487582854,0.6833897281560654,0.7730669715148246,0.8110345675964286,0.8692862435772282,0.748184382204482,0.6600785064789421,0.7720841434856841,0.5445045926759886,0.7264565156908953,1.054621239778055,0.36554825659417184,0.6841311695443976,0.9226540377803216,0.887999441194478,0.446732043055702,0.683168189836151,1.264430059573607,1.2380487970941887,0.24381110759219737,0.9605559680889166,0.2887712264941648,0.4780091326791517,0.9608162429933501,1.270444823626286,0.4971451541339712,1.2184493266807108,1.1507344815062845,0.6859590035085099,0.7691620012434981,0.7762620497580288,0.895176555253799,1.0374541048388721,0.3444633583251283,0.864646510057705,0.7065519072392146,0.35420070868466086,0.7564843165454865,0.6144885664252057,0.7385225019333462,0.6538739408783012,0.8200172293043951,0.7538604929607072,0.9540760206230412,0.9317511912538372,1.2122977986142245,1.0914039623027325,0.7975722167498187,1.0902204336480277,0.7183621265249824,0.8174489902272191,1.2567148584295875,0.4747352053908335,0.9962776004379171,1.0056964527920722,1.0699895743210939,0.7144413045755983,0.9935487039825259,1.2898898138278925,0.6762751717655462,1.1408541545149409,0.9165298582896401,1.248134598822067,1.0474891806519515,1.339945385546371,1.4661899221467811,0.8111336993284927,1.1977334335072747,0.42680398744228704,0.7928986878463742,0.8396408453378688,1.0006856652191363,1.1661411898628602,1.1522948452754473,1.1858313885237584
2280,0.4466272647797011,0.16156865292052164,0.2687778297061205,0.25412741711243314,0.3683832308267541,0.7968786877940116,0.8441292821668495,0.5292748778681524,0.48876355416011563,0.6637900911070307,0.8112432031445949,0.7602910378324023,0.9042905274943954,1.1833835108934703,0.6038711844550514,0.533041455832247,0.771311604873472,0.6975457482820393,0.2948911898540428,0.7406858675137303,0.4373517316436923,0.731442024824651,0.5511092256751429,0.682566003722647,0.8294812507505555,0.5008880652788151,0.24998798674392947,1.0156133229019915,0.4391508588718793,0.8905030130849277,0.7298119467930775,0.658839347018828,0.31147828396776855,0.5520293481940235,0.7817868846619601,0.5274627777453543,0.5604508673993025,0.4381828746607304,0.49694276653443087,0.5459378433884271,0.5794430157496234,0.9651048222040638,1.018821773776537,1.014513490814285,0.5756812405697529,0.8434548653694848,0.5140431287386545,0.38380954044152116,0.6978841525248034,0.6687959203283033,0.6482446577426271,0.9580949257739898,0.5493662325596314,0.6190702169547835,0.6777051205516176,0.709651938777822,0.637721970402096,0.5228965210492564,0.6455566994744345,0.4315187427778971,0.5993545944212522,0.840831319267727,0.2726132124539988,0.5924444493621274,0.7490325695201562,0.709900068367093,0.3489359735099009,0.5611947614310013,1.021966137764805,0.9857291663767805,0.1887368771192041,0.7975858966719973,0.19729278879141365,0.3626615948378767,0.7611851558413548,1.0398152443916608,0.37321750442535806,0.9611011731559946,0.9268530255003185,0.5408088500219645,0.6216539425699571,0.6450811370330894,0.753304535546428,0.8435248978592097,0.2455250396178349,0.7467268043065242,0.6112239379604252,0.2505825816579195,0.5682178755050689,0.4961422362402801,0.6053640409697248,0.5070626703988607,0.6637324901606337,0.6172398341989306,0.7705568520774388,0.7573500443589619,0.9939514914140678,0.8853985665573494,0.6599069667736194,0.8640885787014434,0.5739024384991499,0.6539420083183933,1.0175765538896955,0.34760715558601935,0.7792809815933277,0.7847091688701748,0.8744282273656504,0.570611067592433,0.777165551101561,1.016018462149966,0.5089651462213269,0.9193563957732829,0.7431188881629304,0.9771187127942036,0.8722715550595616,1.0985710716770678,1.1898246558098882,0.6355605817541191,0.9429602830938651,0.31159259042029214,0.6100836071913905,0.6718090133041946,0.8237315651976714,0.9464390739265428,0.9338731662016798,0.9403311673951289
2448,0.2430884553748056,0.10180380118515794,0.16252554188926116,0.137745337794211,0.177359952803939,0.38201563983133346,0.4494666576345206,0.2717287387135513,0.23654682892371376,0.38580438889506047,0.41465946055396513,0.3574103312490843,0.45653816594527374,0.5922772457383672,0.28079295737679577,0.23528405122710302,0.3822023347767617,0.2948911898540428,0.4253053396810993,0.3600351116919793,0.22092733224276312,0.4201021717203809,0.2647988613428586,0.35456552634000515,0.4595544684460527,0.2514940597004625,0.17201518898936632,0.5571857508193646,0.19821604707339238,0.4694115124532609,0.3940318424362714,0.345584054592191,0.1744467315644978,0.29060079669082134,0.42843833811896653,0.30298187873785937,0.3529268411034232,0.2099922881203923,0.2542593567634223,0.23423882294241408,0.3961341939279193,0.46206688958989744,0.4689989530252134,0.4888540993032396,0.28944781429966493,0.39808834895380846,0.4272722737219554,0.16857183030735726,0.35715179867987557,0.3211963918510439,0.2941672395599255,0.49280487254806477,0.28887948551379816,0.31674869745070605,0.2652763271976016,0.319129129426291,0.25349632423205415,0.2603360498271219,0.3057470263139463,0.25463494448254487,0.3304858867650174,0.49697798953298267,0.2248020706667151,0.235776859521129,0.38064888312990797,0.4085498333971603,0.1927223144882704,0.24115889892919062,0.5285235452096426,0.4895503737638574,0.08035030160948484,0.38480325915954716,0.1728724757330731,0.21277205317441378,0.42718229443313604,0.4982971485570208,0.21090723137249062,0.5205803477023396,0.5037322836624961,0.24099586618324984,0.23446739466722316,0.2701508119195224,0.344910905149225,0.3868763856975434,0.2201171594762634,0.35286149517595455,0.27979663870757715,0.17510653839859416,0.34602679028643196,0.2218720364924041,0.34349085806525526,0.4422157266802336,0.2814883426309794,0.3828143688840576,0.4836554137281269,0.43802184132752453,0.48501706391655225,0.5138355981840192,0.31795834905244863,0.48227972918848566,0.3171401009848443,0.4046277845105304,0.5316354361370337,0.44550275739579887,0.47403442237607396,0.49880198800433373,0.4323283238804029,0.30321006664038586,0.42382946232392077,0.5074208342221228,0.28530897650738424,0.4530395202037753,0.32897666675121495,0.5501102925463207,0.4652684856493876,0.5429135434155813,0.6086674201625185,0.5186601713958671,0.6123405284141762,0.37601337797576234,0.33098754267465175,0.37687057749663905,0.38230176700864055,0.47563911659009306,0.47783009673327215,0.4907746754348712
2484,0.5254767885065922,0.19398582696184327,0.33552857658460944,0.3014108635378818,0.4114542194718639,0.9417403310895649,1.0008293812492832,0.6355689931979336,0.5766453709565579,0.7984973900215889,0.9780330516930442,0.8754040046824256,1.0801070471270018,1.3855601752305513,0.7121468557160205,0.6107791779782484,0.9072123643185933,0.7406858675137303,0.3600351116919793,0.9485369576331767,0.513730351892132,0.8504328927162426,0.679457114763408,0.8227623738200763,0.9878786159082658,0.6039636789194226,0.32492156516771764,1.1813304658243626,0.5160093259253278,1.0712221413908545,0.8294192877408988,0.7920889342367666,0.38668669798179156,0.6811801275703739,0.902533596420538,0.6289498884729204,0.6657912791905563,0.5282280880705489,0.5777186051156321,0.6613018655094809,0.6888518308405841,1.1582464721967973,1.2131681029519215,1.205147502478698,0.7005013271485778,1.003498685956651,0.6084778669081327,0.4204780338376284,0.7889938806731913,0.7647400961779802,0.7819696050160941,1.1507154558207418,0.6354713305953829,0.7167904389269909,0.7801518505503993,0.8389792352621718,0.7264703138657818,0.6132656466407462,0.7597052127872985,0.533266252607367,0.7142365297569034,1.0401400612955078,0.3758815368786516,0.6600991643155479,0.9168489441959525,0.8560557363695706,0.42660857188528856,0.6346942028548954,1.2243453044160404,1.186956723381546,0.21965006213084262,0.9370151039362284,0.3128287693354804,0.49728951011053135,0.943380716441781,1.2585654443595673,0.4974458572766365,1.1965056768958495,1.1325461764960911,0.6541345206652722,0.7512184605296851,0.7421714442223488,0.8671536920147056,1.0392791744316456,0.33376898827022,0.841437684040865,0.6823697353237617,0.37384496908020093,0.760495050004507,0.5854316865617322,0.7033109119221819,0.6338283413090917,0.7842422238743905,0.7300891655108211,0.918704237391665,0.9031917263486604,1.1633026605186554,1.0619962009620578,0.777003610762655,1.0382100139466697,0.6748865186671198,0.7558215792190534,1.1890830114079085,0.4477078602765582,0.9309278405033321,0.9768807473688847,1.0245171845942718,0.662926038924461,0.9085823983009937,1.2290267716164784,0.6536575431480529,1.0686349773229429,0.8760640415304038,1.183770898173271,1.004025025851872,1.2860217379530838,1.4139447492733288,0.7831266633781216,1.157778588041922,0.40792992218377233,0.7462892248988651,0.799473768953736,0.9784200532950224,1.1399882645195605,1.1032252631241402,1.125251489696768
2541,0.3064384085712109,0.16689767378559,0.22298079275647137,0.15801225037635538,0.24609861690955298,0.5436469145379944,0.6337483952794738,0.3760627138249428,0.3015596547402969,0.5018573548395914,0.6175916949052083,0.5101809692394517,0.664448933610333,0.8527888611282279,0.4403786571680339,0.37893197807518497,0.5614338212350589,0.4373517316436923,0.22092733224276312,0.513730351892132,0.46584961355394355,0.48480094214905295,0.44904685406498074,0.5641407337157696,0.5801293525648946,0.45582002530576937,0.22622988353384474,0.7029142217286388,0.28579051257350446,0.6791559673716535,0.5080445331645765,0.49869343389948617,0.24324576916266377,0.3904290959042963,0.5088881450940479,0.3775059452615547,0.3979656613185518,0.3227165247013126,0.3222236359151282,0.4098647823868488,0.4280270808888885,0.6691976920226601,0.7327285527898567,0.7015137699602227,0.43180388951045817,0.6011516422249821,0.3828486876289046,0.24784217786640905,0.44908634851627866,0.48988640646859855,0.504770190878385,0.6887408014815966,0.4278767415686222,0.41798785297801755,0.44452756550818134,0.47385329710743396,0.37370769200751475,0.3817448876973525,0.47071173021511403,0.34913145502887644,0.4316465917184305,0.6253091901478961,0.22302753826044855,0.37422840082973213,0.5545431378945922,0.5097249633122675,0.27831731451329783,0.3892764668700293,0.733908179997393,0.7260363503787011,0.16615803714176763,0.5520797830132848,0.21216377771190809,0.3112483992022923,0.5964832234130516,0.7493110069058752,0.32245024494228364,0.7674429016525046,0.6763110485313557,0.40674824976041396,0.4489742101139349,0.43578143011126563,0.5103604212450804,0.645208934832341,0.2485482050464079,0.4708408160159972,0.39075097044601476,0.24081296742178857,0.49096195003927223,0.3292696681316315,0.3976040891971583,0.38923525575467083,0.4531677818642007,0.41361407999950583,0.552313843931652,0.5081378471584694,0.6787708882914665,0.6243783530285175,0.47630283459381856,0.622636756536878,0.446026009844422,0.4477858627530786,0.7053561093471407,0.2866608821191477,0.6252748707131652,0.5992295493561592,0.6124290484630929,0.4374690801642125,0.5809316156485904,0.7424213815344405,0.5071537598255508,0.6254896155982776,0.5219130050841291,0.7808396200727208,0.584005616005739,0.7747806711344543,0.8754968139998927,0.49018635337858335,0.7206154393035955,0.2726666452872541,0.541555252555943,0.4689818547976946,0.5845704389207388,0.6904221401615035,0.670533793955016,0.7259267011725813
2648,0.5210104493942502,0.1992134364085162,0.3098951848113381,0.2928788887813319,0.4152634237176133,0.8596193105430203,0.9550427704092757,0.5886705855413569,0.5657956727819947,0.761582029711711,0.9189339007390084,0.8487020339614744,1.0032515886985645,1.3171822918001685,0.6699792389237775,0.6049183390417046,0.8595719426630308,0.731442024824651,0.4201021717203809,0.8504328927162426,0.48480094214905295,0.971221926843241,0.6249329002912575,0.770049607258341,0.9548844648047486,0.5625812164862131,0.2940227928489935,1.1188205456202176,0.4781689272894873,1.0017596688135297,0.8063954677415985,0.7330388432104672,0.3549283900845992,0.6407808810180993,0.9073011104925575,0.5884430026484798,0.6446863679517739,0.49446119634404956,0.5567152414643,0.5937480356248749,0.6827007985777986,1.1052700991141957,1.1249686880184424,1.1201046704215083,0.6578751330946692,0.9546445349566598,0.6271067502050619,0.4186738578200012,0.7728126884875877,0.7370794557286666,0.729010807805982,1.0830306249001478,0.608307224169823,0.6844663969833942,0.7140035147383148,0.8016732236289097,0.6915055968139523,0.5490684032714718,0.7031293062588723,0.491526478573323,0.6865311276380055,0.9655697723599065,0.33431976815707654,0.6502133906490635,0.8337894639210458,0.7908675925706549,0.3827680116004166,0.6138456125138922,1.131345671504294,1.1089098549478813,0.21065948395036593,0.8759453431261226,0.2587366218800527,0.4138813419510445,0.8584966691139041,1.1576906450744486,0.42225222528694734,1.091534788223965,1.060238747349396,0.6003911415814304,0.6673743401692379,0.6860309221536591,0.862345697545453,0.93042488387791,0.3119674403501952,0.7886928907519757,0.6860656342897188,0.30526103132789834,0.6553189541277625,0.5549840117199933,0.699418541808537,0.6439923521460391,0.7153643839703322,0.7237144441063555,0.8722532055258946,0.8545315992351219,1.1159863521730051,1.0333336560435513,0.7467842190090838,0.9841007747167425,0.6409630411952723,0.7429833479637126,1.1741631754382993,0.5143228170211136,0.9033568566961666,0.9356588322900175,0.9832754879626268,0.6746560973422921,0.9073682528571517,1.1596602509482694,0.5855067106870054,1.0332073414326293,0.8357066375731504,1.1185338675384227,1.0151797952091266,1.2502194386816634,1.3646102662262416,0.8142430900206261,1.1453540298322713,0.45833023759258,0.6990825442780116,0.8038095374896673,0.9411272072911014,1.0553259247647413,1.067686802623935,1.0791555910317745
2678,0.38964922419476117,0.21272486960234854,0.2636165385842866,0.2246474317867681,0.3095419522397742,0.735609766906613,0.776653011419454,0.49992993247527207,0.4177876290909506,0.6526731341167004,0.8018714232123042,0.6793811751010824,0.8673687701680475,1.0962227724608022,0.570792512449212,0.4911047779963073,0.6981253728416102,0.5511092256751429,0.2647988613428586,0.679457114763408,0.44904685406498074,0.6249329002912575,0.7003699893860601,0.6988960217302767,0.7537003318231512,0.5339074113845347,0.2992156724226489,0.9008966960835628,0.3711170346112322,0.8452569104561324,0.658213097713681,0.6332637161892107,0.3073693283170306,0.5032025658649469,0.676090207695298,0.479329059447416,0.5148021818161153,0.43572131480148896,0.4267075432357561,0.5596098801965437,0.5445140454138527,0.881941174153933,0.9534814542127479,0.9436873889496338,0.5669473753166017,0.7826382930340674,0.47632166220112315,0.3330954969570022,0.5614008486338746,0.6263374751308536,0.6621771010418169,0.9121088101620578,0.5204500675418985,0.5684900796579547,0.6045706225781197,0.6485823695775579,0.5270758218969404,0.49459071046987824,0.5989454081967002,0.46159248973468575,0.5511767553086786,0.8178946954019128,0.2851998985618431,0.48210943453113503,0.7566343071903978,0.6835531395711355,0.36036639991638825,0.503630322106481,0.958096161410866,0.9457716152485176,0.18112553391116165,0.703341840082913,0.25894101856418117,0.3954802315094472,0.7783260457895587,1.0051624001127375,0.43274690628859636,1.000635581741187,0.9159749570252474,0.5297165824833404,0.6465319527846081,0.5860982960086072,0.6320082113162693,0.8595618558495951,0.3508887133114929,0.618795124029051,0.490409168654678,0.2979870649996312,0.6352131251301533,0.4419584819783231,0.5337342131978965,0.46812446706986693,0.5976117040265566,0.5295759437763486,0.7001143828972175,0.6709493987374483,0.8800953207570703,0.8155245697340218,0.626155259600021,0.8164325845762485,0.5720576034405043,0.5849920038421506,0.9147957129966678,0.3575821702744285,0.7606841918383793,0.7966047153661363,0.7846660755122756,0.5089325645434792,0.7058851085233087,0.992526858655296,0.622915200469656,0.8150680941087761,0.6793183330333691,0.9872992036047623,0.7427654752636712,1.009623915898462,1.1156742511168756,0.6302918842996156,0.907203285121917,0.35723730411649574,0.6892559379032593,0.6030795929673913,0.758894552875948,0.8988497288234235,0.8665364954226178,0.9182903047594079
2738,0.48090127858395587,0.23917052954277893,0.3158615438183542,0.27290517062016756,0.39114871435395987,0.8951326546437877,0.9569411950217799,0.6068687823021338,0.5061410313407574,0.8171344840513587,0.9772649096547643,0.8297565975698006,1.0653009023874744,1.3436259631784542,0.6855846342170843,0.5771351548035568,0.8521510251345429,0.682566003722647,0.35456552634000515,0.8227623738200763,0.5641407337157696,0.770049607258341,0.6988960217302767,0.9230021447020209,0.9291582781496035,0.6283056779879841,0.3513874232623905,1.1210490870568717,0.4561187884824726,1.0564837621351757,0.8293022725715556,0.7829985348497658,0.3756952862560106,0.6231573937374769,0.8248750705137864,0.6079406108344214,0.6357007409634107,0.5193441491825788,0.5340310120711065,0.6377928439557382,0.6693556706356628,1.0914384680023244,1.1640929976399026,1.1434794503141243,0.6898518935467077,0.9647378415250134,0.6115208394660532,0.3873717399109564,0.6896016548008652,0.7400896545459134,0.7943743007675044,1.1275019688382775,0.621480088766316,0.6720989110016684,0.7309887451700328,0.7556759227099406,0.6265981982469364,0.5928088034351781,0.7624630956753267,0.5776405935928534,0.7085817654842226,1.0251291119386754,0.40222041333532615,0.5894467407681737,0.9343120352042483,0.857422049657708,0.4434599283712176,0.6111989892936628,1.197126902377245,1.1640938475992142,0.22544153427109462,0.8978493853224029,0.3721034592841366,0.5215611012213274,1.008616287259761,1.237065464444326,0.5469860347634145,1.2242028607572935,1.140476133403291,0.6378303763798719,0.7518688331538053,0.7146225037539525,0.7659665494891268,1.0656655824022023,0.4189511820622845,0.7638950729893557,0.5751071229392224,0.40717439390544446,0.8382602285552369,0.5476094953422086,0.6616103805477268,0.6457472842523907,0.746694732381446,0.6805840144367328,0.8949295480281553,0.860603574369658,1.0662277945841727,0.9998631420695568,0.7668172528069072,0.9931030966603127,0.6983358272949186,0.704907317604821,1.1181223331762238,0.4944221528763853,0.9490850876987701,0.9907221474299273,0.9761816322064496,0.6345065966979735,0.8396355951063725,1.2215699602564252,0.7642052736524763,0.966855633771158,0.8261453554829118,1.1935769835927792,0.9089268867119544,1.1988882001232073,1.387192178900657,0.7998720106819892,1.1331418870197514,0.454524851926691,0.8259688725943753,0.7097315647287683,0.9256048013630805,1.1020228072225076,1.0602760465156646,1.1192966189473128
2757,0.6121937350121469,0.2361849603867093,0.3802545146545558,0.34441751473405285,0.4832410752094455,1.0615842613175537,1.132648381371087,0.7204273405942389,0.6482824401777825,0.9271847110126704,1.117509502935692,0.9893655846310676,1.21218439372714,1.5561190349729324,0.7812007172775788,0.6925002405987493,1.0367350149633832,0.8294812507505555,0.4595544684460527,0.9878786159082658,0.5801293525648946,0.9548844648047486,0.7537003318231512,0.9291582781496035,1.2003878332616513,0.6618345211410627,0.3733447035947148,1.3541057904182303,0.5841855932419656,1.215426666088383,0.9919532077833891,0.9009269112773883,0.44214517417222776,0.7582742880931228,1.04744306855404,0.7420582111490442,0.7873264977827742,0.5966148806536264,0.6559267844575816,0.7339316885097189,0.8238771389338475,1.3016496098413233,1.3569242597036435,1.341979725835574,0.7920897087486471,1.1290412289634266,0.7431570248457127,0.5128452793625614,0.888533463409525,0.8928754597931245,0.8730651962155261,1.2936665670137262,0.7377842041166814,0.8477610450891935,0.8482096611408929,0.9411563395380776,0.8273487951945847,0.7067106817540054,0.8510531341533885,0.6141957657354983,0.8118882982812312,1.1908653551658246,0.433290066988507,0.7365394770050282,1.02556887129939,0.9923816795148949,0.4967384188877334,0.7124587865914083,1.388906443037911,1.3328126075955886,0.23435988311608447,1.0675185341997986,0.33758637758616283,0.5326531262494755,1.0857194280663303,1.4058881500985794,0.5470976061670872,1.3439804254017922,1.27665248201915,0.7110595438278106,0.8271372870695483,0.8415951786620218,0.9419068718642157,1.1611318569707074,0.39843793272096134,0.9556076193379542,0.7347274314399201,0.400628587639003,0.8641377233996415,0.6607898676587132,0.8332895891666379,0.7684246359940967,0.8932404925823829,0.835097094769155,1.0831049671814397,1.0414838865795575,1.3103837659074091,1.1993733865435894,0.8754151166341986,1.1888142231598386,0.7839685158880502,0.9030208583410291,1.3687061543418988,0.5991846269443025,1.082438636404212,1.1028223748411532,1.1532384828738957,0.7530729377409562,1.04085236676982,1.406145610087366,0.7265070120165155,1.2089106600425104,0.9740321686840657,1.3550043115285373,1.1289372576044072,1.4451055664220278,1.592974744101175,0.9366617000885714,1.3223883878197176,0.5109583334739494,0.8482251480199211,0.895089078137753,1.0907566085244729,1.2714633848576509,1.2441875673825318,1.2724213575780647
2778,0.34281972303730524,0.19067945205905548,0.24162663313738736,0.18142860709394845,0.2803072016530992,0.6415498395543004,0.7344469307819015,0.4481925731153292,0.36433020393042276,0.5901587363580564,0.7086574162467958,0.5939563196055992,0.7697695233551992,0.9860073312948573,0.5149140285146638,0.45390886134670083,0.6434731740087934,0.5008880652788151,0.2514940597004625,0.6039636789194226,0.45582002530576937,0.5625812164862131,0.5339074113845347,0.6283056779879841,0.6618345211410627,0.6186888596868513,0.24847509641636212,0.8045842242759482,0.33454739250779775,0.7875550360746095,0.581826363516369,0.562443260868981,0.2841610325724486,0.44406603118116844,0.5939250606787442,0.43185567496355404,0.4422765969216053,0.37251690215554084,0.38011838769162565,0.47015274717234856,0.4749274421300216,0.7745400907517781,0.8515327767683478,0.8153695135082062,0.5005759162396644,0.7059511076897087,0.4389062749062874,0.30410782194292585,0.5133696452308151,0.5671218983738299,0.6039687663802649,0.808173151165421,0.5057736524903929,0.4758415962742485,0.5311875624769686,0.5733711479727543,0.4415673311281482,0.43253952988013844,0.5366654979858001,0.3921989975770101,0.49245987848747685,0.7086210778953203,0.24768984600683824,0.4469491808481737,0.6374764714169625,0.5711780724774866,0.31553954788650995,0.45736075111498525,0.82439996304895,0.8421935955309384,0.1879066969704003,0.6250098252546169,0.22451298284059992,0.3532374120112398,0.6690908482787212,0.8772865936768538,0.36051435043800406,0.8868384708541899,0.7879044409157642,0.4753890396709979,0.5420102765987278,0.5030099265835991,0.6050778216793422,0.752886365755391,0.28911473668949283,0.5334926336566006,0.46278602967378235,0.28414753695786316,0.5527496481448381,0.3912770230999823,0.46558655277012945,0.4113932352016085,0.5188919577295562,0.46176404396122356,0.6134718165236946,0.5893171175768622,0.7965753214343733,0.7327730613162523,0.5465802351559602,0.7219919003581992,0.5031610411117133,0.5177863530569895,0.8189166123441359,0.30629474441723387,0.7258920282156845,0.7055726941970192,0.7223556555339273,0.5057698608993525,0.663613813348991,0.87443617310135,0.5722879008262268,0.7335182979867695,0.6056604338551691,0.8954241709564601,0.6995432887772604,0.9216446111290414,1.0278091187113134,0.5498460210569914,0.8088913307789656,0.30955284904635655,0.6516772587797114,0.5552072650283288,0.6907346560523039,0.8148117062219993,0.8073181150000894,0.8453608924947179
2842,0.19933434537232414,0.10507899838443206,0.14189414502219153,0.12247116124455171,0.14339023936475298,0.3620455590322214,0.38820158528825105,0.24866263356408239,0.19587323867358067,0.34524024587443924,0.41726092256516045,0.3208747178939889,0.4336132107290877,0.5328891386015212,0.2712643696149722,0.20161116445910068,0.3331311520239318,0.24998798674392947,0.17201518898936632,0.32492156516771764,0.22622988353384474,0.2940227928489935,0.2992156724226489,0.3513874232623905,0.3733447035947148,0.24847509641636212,0.22797600019994974,0.4427691196102938,0.19244539741702266,0.4324365726274819,0.34551612893705325,0.3354522382062407,0.15819042635239675,0.25529582213952057,0.3279180273419374,0.2523480194558414,0.27941101385844735,0.21099344200292416,0.20356241679227657,0.2615254502480491,0.3082859727538823,0.42095410553071855,0.47068113862669736,0.4581711544813661,0.28699538208168407,0.3718113248609991,0.28381278134582305,0.1343244662086768,0.2513603901943734,0.2904936859595694,0.3407626178229393,0.45260221704553777,0.2544230781468422,0.27766245577070936,0.284616844905177,0.2860502549861739,0.23818946588806444,0.25760387560188586,0.31927390740153383,0.26353175277168867,0.2740487702038882,0.46148106166567965,0.21591122761799167,0.21022610134338576,0.41673901764270144,0.38322576509632134,0.2053904142477692,0.2424083401628623,0.4996685744248091,0.4729461625416258,0.06602646174332079,0.36169065038667453,0.1899628029941686,0.25134296797423233,0.44610264075027434,0.5037866582508219,0.26531392618681987,0.5253082577024698,0.472924484244726,0.25492380842858786,0.2976199467013311,0.2899230197527697,0.27845316879987353,0.4460723264749837,0.23113527101463935,0.3078199050474319,0.18962164744194546,0.20779746556656956,0.3753197061181816,0.2063612366696838,0.2871689778776951,0.30716469753775233,0.29786894867096897,0.29427366063451904,0.3921863764643551,0.34812849628267256,0.41630118364967245,0.4109669103262171,0.30028275841463664,0.41998994828186775,0.30939524712670424,0.2950068584851613,0.44243039626624664,0.25536908380271284,0.3854058445797572,0.43232044727209723,0.37940733211720107,0.22871158366174302,0.31737824944919335,0.4902575858735191,0.33438970673521307,0.37529740700463,0.3187913246025279,0.5065134679782363,0.3174500581490829,0.4595464931623824,0.5390886032976764,0.38169506050955276,0.47198269467782217,0.2375597775786869,0.34820281625390864,0.26840462341298166,0.3522623275069824,0.44908787841088377,0.4121167940354779,0.4554587469724417
2859,0.7065871437882894,0.28130580981864534,0.43284731270071997,0.41042455692922564,0.5768051674760404,1.266381468912649,1.3520755960604998,0.8614302805513913,0.7865354088591592,1.1042888210064126,1.3289354801214301,1.1951443095253764,1.4704048183145584,1.8643260727904118,0.9576330797196578,0.8401204694101058,1.2283642284992762,1.0156133229019915,0.5571857508193646,1.1813304658243626,0.7029142217286388,1.1188205456202176,0.9008966960835628,1.1210490870568717,1.3541057904182303,0.8045842242759482,0.4427691196102938,1.7515465425954242,0.689999215789191,1.4596605913424852,1.174612683026563,1.0824919099209451,0.5210941332137026,0.9120458584810909,1.2459488859409413,0.8596520900436632,0.9408109039815202,0.7154618205063643,0.799926879723228,0.8594767352992296,0.9591523142321335,1.5333709419485433,1.6290241926408036,1.6352954615985908,0.9465684521838512,1.368607396153139,0.8852394914662897,0.5729605256892012,1.0778933887042705,1.03701164474831,1.0482334928885486,1.5586112787317183,0.853635495661603,0.9960090744955136,1.03497218202954,1.1314924511006417,0.9786182264765906,0.8362295194584926,1.0378859607915294,0.7373891946866841,0.9942613036435509,1.403729727523109,0.522697361307427,0.8657468476955938,1.2281768250312983,1.1816312691771547,0.5875801214945163,0.8640795326080668,1.6558924183387145,1.5984400365242815,0.2857841021814609,1.2739739711285434,0.41535559046013737,0.6459660693987709,1.3073102407286465,1.6975544169192442,0.6485710654154673,1.6114518003949159,1.5322307132563662,0.8655676777390808,0.9846056203254675,0.9918970745253658,1.1281330771817344,1.3860556103855475,0.4884302259660804,1.1258940503784713,0.8941124007852295,0.48413948883598973,1.024381338756085,0.7785664867884646,0.9771972137412618,0.9015552626273374,1.0426265526045895,0.9788738837138247,1.288742323498656,1.2319690127888587,1.5515816142330237,1.4289204614801858,1.0566768833114517,1.4135279061784032,0.9394543318713439,1.0423180133557457,1.6070267301760608,0.6788052803982069,1.2660384725334155,1.3229793802804495,1.3603266509281953,0.8890959135231415,1.2127770326111658,1.6684512643421459,0.9009864188110521,1.4264577511852814,1.166825393189049,1.601392740407978,1.3522834703555608,1.7188253394882615,1.9035367494182978,1.1082037535011442,1.5992672939835455,0.6217600543329976,1.0219137088470935,1.069190356918126,1.303196884294267,1.5173575797032917,1.4782809137283692,1.510332637329612
2860,0.32080997062535926,0.10170030202459739,0.1953380512921499,0.1900829383845561,0.2496515239582074,0.5576764306122548,0.588231174402267,0.37632315172577085,0.3474321523939826,0.4547133549060846,0.5719857096753509,0.5223825376403108,0.6191639860996709,0.7990553649135586,0.40835029955687563,0.36008653762352677,0.5266118191853721,0.4391508588718793,0.19821604707339238,0.5160093259253278,0.28579051257350446,0.4781689272894873,0.3711170346112322,0.4561187884824726,0.5841855932419656,0.33454739250779775,0.19244539741702266,0.689999215789191,0.3756298059223707,0.6178690786684138,0.4968565950067215,0.4736091657741167,0.23286986652305103,0.40389477259907214,0.5420900194076218,0.3662948746821836,0.39968817273601176,0.30399954304801163,0.3315328112346349,0.37967592735862093,0.4090350472710026,0.6624014130421256,0.7237366575674121,0.7060095270304024,0.40385850389276723,0.5842722649941778,0.35051665143702193,0.253727233351633,0.4620485962766359,0.4286322600497956,0.43158807330463905,0.6512687708376107,0.36710071588708404,0.418720132186707,0.46524850156803205,0.4971403923616427,0.4436712292013084,0.358694402503384,0.44502838040988535,0.306428483536556,0.41284576114839744,0.6066957119267875,0.21921125834259012,0.4078973150511953,0.5353214749478041,0.4884229936108951,0.253450982086377,0.3681418554842334,0.7193224955816561,0.6840987272517673,0.10901138353309343,0.5787295116124161,0.15124272584354337,0.2774189418597623,0.5650046883842549,0.7393354789070072,0.2772951414554665,0.6825703130391787,0.652629296309092,0.3704316661919569,0.41908871877048864,0.4405869106840121,0.5052532956810771,0.6132379525675861,0.18881845554675347,0.5133383011350211,0.3803764245467498,0.18606800508133015,0.4390891976494847,0.3377956340926989,0.41888104053333924,0.3634624866564754,0.4802069523544428,0.4279704535783539,0.5602599775841919,0.5584918385315103,0.6770771300041067,0.6178481006058331,0.44887193694734573,0.6118980036249206,0.39354250602979424,0.43980516237193473,0.6980997766678074,0.25411911734548687,0.528232259415949,0.5580241371553863,0.6047377545662083,0.37284270955673826,0.5246610710295374,0.7174097910580866,0.3513241975193151,0.6227655024249054,0.5197614841840711,0.6734285372222075,0.5798697852344923,0.7445830998792314,0.8020747500619139,0.44902588117095177,0.652956743134494,0.21564216137356867,0.39728313905229057,0.44423117889560837,0.5654809218010945,0.6615388480316833,0.6346569990818849,0.6425741800962348
2976,0.6396765571479868,0.2863810201533541,0.4171049672535532,0.36724455902349445,0.5030389159649366,1.1426694070294157,1.2435592048722677,0.787465166480502,0.6780268752456746,1.0391511118730439,1.2323444112259985,1.073450783355717,1.3340404713773617,1.6903412575326557,0.8636362320086234,0.7624054623706755,1.1273807927647344,0.8905030130849277,0.4694115124532609,1.0712221413908545,0.6791559673716535,1.0017596688135297,0.8452569104561324,1.0564837621351757,1.215426666088383,0.7875550360746095,0.4324365726274819,1.4596605913424852,0.6178690786684138,1.4220710515353623,1.0625890372071625,0.9977050316890769,0.4965998331368474,0.8192161274130006,1.0949785031313035,0.799613290017077,0.8524954508523115,0.6631492788117385,0.6970862778724694,0.8120683967899713,0.8894432830515656,1.3981777160449156,1.500244543300177,1.4781505268884845,0.8593856928732421,1.2233733590820501,0.8047573478060955,0.5102666923221951,0.9290187286452328,0.9541056448187178,0.9945319107618225,1.421421323005352,0.8211982712922634,0.9067663936148059,0.9404955986064804,0.9829048834945229,0.8532961647861763,0.8048245721569361,0.9485465596445422,0.7122604041490223,0.8884956234190777,1.3173094006302837,0.5088261161293584,0.7925717040228552,1.1566372835317327,1.1124836927976733,0.5716722960418826,0.8069925572818948,1.5386907066269082,1.4745244461986962,0.2609488122377239,1.1495545902640143,0.41327116391438784,0.6278861955578335,1.227257839780355,1.544834291438116,0.6636508034506216,1.5276392019031193,1.4125113704460768,0.7947953979700009,0.9267470857421292,0.9142026313509732,1.003871329010694,1.3022560844813937,0.4815900967754974,1.0444489290772776,0.8073716200404171,0.4888208209763524,0.9758651104776864,0.7088837204680861,0.9007907570072388,0.8466867394907126,0.9588248355345167,0.9052067718855541,1.1841015028741855,1.1234508869688837,1.4026801002148759,1.293834070237986,0.9578883382100192,1.2857725436669658,0.8952738175640804,0.9432787547168713,1.462545404699164,0.6473395054450205,1.1908282340448513,1.21748734773947,1.251698223946995,0.8122945033944545,1.1116549090639463,1.5332176423811963,0.8871923802564402,1.2860870654208376,1.0462917027666072,1.4937429306628938,1.172442518398037,1.5508118955750771,1.7388238409976458,1.020692273220855,1.437562023822136,0.5637674646075003,0.9828895197556076,0.9460784373096265,1.1729030511790743,1.4125984432220893,1.3488001822674662,1.4146900534208273
5404,0.5292988020543079,0.21451072384975797,0.32806287059521033,0.3100110400177647,0.4181715927238487,0.9187715955969706,0.9863108945351442,0.6238324204011912,0.5407224619082291,0.8260525959086751,0.9660462514501269,0.8640649510789645,1.0739143660593689,1.3629296773994504,0.6880985885452875,0.5880290857761681,0.8957497831150568,0.7298119467930775,0.3940318424362714,0.8294192877408988,0.5080445331645765,0.8063954677415985,0.658213097713681,0.8293022725715556,0.9919532077833891,0.581826363516369,0.34551612893705325,1.174612683026563,0.4968565950067215,1.0625890372071625,0.9484501147588452,0.7873578818473583,0.38493262658326804,0.6546963043126363,0.9107147090365454,0.6552780802089814,0.6967349282591733,0.5255738019838159,0.5748686409331606,0.6438771152930287,0.7165554823388705,1.1142774895103027,1.183249646266307,1.1890229718796153,0.6677528543666428,0.9815661142107066,0.6597994786039402,0.42159564768241964,0.7455550934221634,0.7727235894228821,0.7519637139844659,1.129142872057272,0.6484068346100462,0.7482126444813774,0.7431284128862339,0.7885176114651007,0.6976796459073873,0.6344689574386545,0.7636587961421775,0.5596758953505752,0.7099735123727182,1.0556137489024193,0.40579790452100206,0.6456502409760373,0.9102969692418921,0.8982266444866928,0.46025870119250634,0.6293600811286275,1.2245002256205773,1.1714182201184755,0.18892269533838416,0.9313357781113858,0.34939309710379823,0.4877728030607115,0.9795765755570519,1.2267191651385856,0.5213219917738169,1.2064170075838776,1.130011908860402,0.6164241157800223,0.7236341598456444,0.74333893989694,0.7980953183526178,1.0198656534417478,0.36913547111768796,0.8344594955019453,0.6171193556927622,0.39010231178346344,0.7687025749957633,0.5941921976908574,0.7411555642232491,0.6926682987277001,0.7879437038373989,0.738618211240604,0.9569827330832457,0.9155787738421174,1.120723549899207,1.0345111177246609,0.7606661283515227,1.0362260972860398,0.6929770233139163,0.7886599264463451,1.1796314083992483,0.5257800019826004,0.9403181146175262,0.9721788556128026,1.0023900568881554,0.638591598502402,0.8872494543044732,1.2135999824467465,0.6508344480783741,1.0468518496117132,0.8083837519482355,1.1763442946908924,0.9189387925605184,1.242905700285713,1.3631019951428538,0.8134466339377813,1.1437015647128081,0.4385815928069749,0.7481683108562539,0.7536153825444686,0.9214385256133569,1.1102599208470618,1.0630929635843693,1.1070534094535331
5432,0.48103825709215775,0.19998696608523442,0.31721756415195906,0.28396195076103825,0.36663594499183905,0.8654611737935117,0.9255190813342659,0.5915511068173461,0.5058784831275618,0.7615382525653589,0.9291838117215665,0.7919272708634367,0.9925435700025232,1.2578925176817781,0.6382977269240393,0.5462096723035186,0.8321126312329074,0.658839347018828,0.345584054592191,0.7920889342367666,0.49869343389948617,0.7330388432104672,0.6332637161892107,0.7829985348497658,0.9009269112773883,0.562443260868981,0.3354522382062407,1.0824919099209451,0.4736091657741167,0.9977050316890769,0.7873578818473583,0.8027275583886737,0.3768454989023226,0.5982956342032492,0.8355366263911919,0.5932765992196365,0.6411327977841101,0.4851576365666401,0.5125630617955359,0.6237899814733784,0.6691867657412598,1.0160553971171202,1.1385981229133766,1.0963827141313314,0.6583395332422828,0.901237267541145,0.5938370728381023,0.3643927937938374,0.7103516608013314,0.7136700203950747,0.7483506030676677,1.0642971188324237,0.601053999683661,0.6683261216177722,0.7034372945891144,0.7353302570590811,0.6294853841389855,0.5955396154078179,0.7197205515610979,0.5384783217007748,0.6535721963254351,1.0137313941543025,0.39213796740902995,0.6098396814981631,0.8868516323720043,0.8519770692217651,0.43682761218703803,0.5944038530414983,1.179770128104927,1.1334560119974075,0.18916763497253758,0.8959653734950187,0.3392917962600577,0.4804442806937247,0.9538094490109748,1.1789643751837555,0.5249008644502278,1.1584554209597726,1.081817399858142,0.612575472124226,0.7052843468940105,0.7029562689729971,0.7756838482516402,1.0014960278859353,0.39102030531328436,0.8018459980430496,0.5885097362420884,0.3521883362160274,0.7803141626304804,0.5427618260080161,0.6974680591840601,0.6411986293388583,0.7422229434722211,0.7148609313690494,0.9133930650963046,0.8607090450525063,1.0530039340431234,0.9850004668301228,0.7232502757917195,0.9860151686339022,0.6750928031040447,0.722083819294686,1.1031326507170174,0.49748079412800167,0.877510270494928,0.9287868926042065,0.9327856425665598,0.6028119357167506,0.8379108195927141,1.1522939705970803,0.667441594350958,0.9561489767102197,0.7969718054710472,1.1386471111306338,0.870235899464322,1.1605949862115126,1.305738875177871,0.7702151956111594,1.075203270327593,0.4263082220444275,0.7361999390967375,0.6861272476687817,0.8871713473043759,1.058785353889238,1.0105852425305788,1.055129602481009
5435,0.23500275922781524,0.08595657762577613,0.16844074994329447,0.14851510048964822,0.18056500521130817,0.432453327372111,0.4604601725785214,0.29348035098063663,0.2501823354718507,0.37417486856657706,0.44648558033629887,0.38656593359355734,0.48548398870388637,0.6109871467012471,0.3090857619992424,0.2668665185835146,0.42067053653191844,0.31147828396776855,0.1744467315644978,0.38668669798179156,0.24324576916266377,0.3549283900845992,0.3073693283170306,0.3756952862560106,0.44214517417222776,0.2841610325724486,0.15819042635239675,0.5210941332137026,0.23286986652305103,0.4965998331368474,0.38493262658326804,0.3768454989023226,0.24102374657139322,0.3004455654565197,0.41562318073323984,0.2959777362185681,0.31835279406171296,0.23408375936515355,0.24717829566250865,0.3113237848944992,0.3336411088400881,0.49442876095528765,0.5548476667659709,0.5457569807454008,0.3208589563096219,0.4351511742655219,0.305211980119238,0.1955441246976036,0.3369100783758779,0.37290969369912624,0.36198619246393293,0.5211152221639206,0.3101569266160715,0.33792381881778194,0.332515971986366,0.3519637764180091,0.30560076190212854,0.3010822714745749,0.32263552075757274,0.2692848433661478,0.309626479427078,0.5073487228685282,0.17981231202490716,0.30004653842000134,0.41856159874336996,0.41561177329510324,0.2155911071633169,0.2984642092640827,0.5745385764082527,0.5583993478156931,0.09367513502805305,0.43352556138004644,0.15861891740058418,0.22943476891552425,0.47208761321955955,0.586280595790869,0.2701272697706555,0.5759656707207743,0.5319410743029959,0.3142522413300504,0.3445690597545573,0.33785402422488764,0.385712510198578,0.476293677604351,0.18645856454189064,0.38836503996595845,0.29325048012166327,0.1677227680920516,0.3670865476398903,0.26391845297973415,0.3485696033961009,0.32040678468732414,0.3551607512450081,0.35822245039384326,0.4572709723786943,0.43394600695984215,0.5235917241759485,0.5012733918274807,0.3452319135549972,0.5007869762603947,0.33003788361434255,0.36108726048955,0.5560169249661098,0.24076665967125713,0.45546618972006037,0.4528884572726965,0.47666818157911817,0.3115440942591434,0.43767727180808197,0.5743501914519875,0.31661198828211146,0.4974617848167614,0.38622848775488017,0.5627730489796642,0.4311538227920371,0.5763383907742937,0.6530145259558733,0.37346404690457674,0.5277093012226681,0.20351833822363344,0.37130254518245165,0.3510548635447972,0.42212167241607695,0.5248499379776306,0.5038784473072074,0.5358904702028813
5436,0.4025619595116721,0.1536885395003708,0.24839625182434102,0.23410155928673348,0.32175654211536375,0.7083755189043175,0.7356194981728283,0.47505807354019713,0.4380779805642708,0.6148608635599027,0.754345220056772,0.6671540324869045,0.8214563702426525,1.047565156776823,0.5327721554538022,0.4425807245828574,0.686950145471943,0.5520293481940235,0.29060079669082134,0.6811801275703739,0.3904290959042963,0.6407808810180993,0.5032025658649469,0.6231573937374769,0.7582742880931228,0.44406603118116844,0.25529582213952057,0.9120458584810909,0.40389477259907214,0.8192161274130006,0.6546963043126363,0.5982956342032492,0.3004455654565197,0.6138677364190386,0.6762365307185862,0.4912797768013033,0.5211494808634407,0.4048163854141174,0.4432141606873031,0.489245478629975,0.5452074014376647,0.8844331641953027,0.9048923472467372,0.908374374239487,0.536178888001563,0.7771965835142137,0.47822860803686423,0.3047655301871229,0.5479668740330601,0.56870057737854,0.5851405574657049,0.8718776244988148,0.49023266286162376,0.54643203909872,0.5839191096299101,0.6141579355055312,0.530082624849294,0.4613709045102228,0.5974047520271902,0.4052073749676826,0.548435152818189,0.7801694108446309,0.29137499736676714,0.44934800361178995,0.6928426013090397,0.6400086386899504,0.3230161752339542,0.4497546741919608,0.9024455499745514,0.8738597324741221,0.15823400783071281,0.7129867118584082,0.23709691627761564,0.3638589956155823,0.7399722281063179,0.9444944781843743,0.3627324220877558,0.9256715599582005,0.8536077326162107,0.4777120777412841,0.5607588459768069,0.5464931657545564,0.603291007176254,0.795145152869977,0.26609755456017886,0.6059584106484437,0.46367261395767784,0.2641170423836393,0.586292264365968,0.42146051397370266,0.5216908800351882,0.5123042215080832,0.5672130855692463,0.5284230819997655,0.7027947593350462,0.6952606229633879,0.8604705294677641,0.7862397822763273,0.5709390922345617,0.7923598357087268,0.5239342709855478,0.577438228261848,0.8861273614853986,0.3715604036528825,0.7114826659443407,0.7308559154357621,0.7478532711634082,0.49082427581835464,0.6621867413703871,0.9192725096306738,0.49976867872382813,0.7872173816190741,0.628210332302757,0.8848814990589542,0.7096059302801987,0.9374765590467766,1.0426331055065352,0.6006939524653899,0.8569192316823506,0.3270673757452765,0.5557679470183094,0.5872917448641205,0.7105562977445734,0.8415681332187048,0.814408835973364,0.8268244718639489
5437,0.5754916725584555,0.20356741050765295,0.36878352206650217,0.34770251803206403,0.43898426216673975,0.9614862410015513,1.0519861740494425,0.6662655685507631,0.6062616994421687,0.8388560920301057,1.0161020628392927,0.9182335922943177,1.0943214097992133,1.4275120854889158,0.7160825088384687,0.6308246399641319,0.9547532521032076,0.7817868846619601,0.42843833811896653,0.902533596420538,0.5088881450940479,0.9073011104925575,0.676090207695298,0.8248750705137864,1.04744306855404,0.5939250606787442,0.3279180273419374,1.2459488859409413,0.5420900194076218,1.0949785031313035,0.9107147090365454,0.8355366263911919,0.41562318073323984,0.6762365307185862,1.0974648815590204,0.6700245670464542,0.7420396024249134,0.5446265894780623,0.6205194702518271,0.6729163282802331,0.7566295549979903,1.1849050925819498,1.237673170727294,1.247398675525602,0.7316616447584378,1.0207225397535833,0.6928889631895758,0.4656622213667553,0.870347977378282,0.8079881285306992,0.7705452400196342,1.1735459652347848,0.6668255441626534,0.781517895715334,0.7904360467709809,0.8479972748907522,0.7725473620399704,0.6607344961622333,0.780046142166393,0.5437731996906008,0.7335611724021871,1.1016362873044854,0.39571615372653074,0.7117727910670593,0.9268463360862317,0.9226674417209505,0.4477288901039184,0.6834331073807468,1.2633516229561241,1.230742504322363,0.20474051993873957,0.9796255762915902,0.27318328589424773,0.46388474218105474,0.9803788114059815,1.289654384231728,0.49131255268249346,1.2045481359313799,1.1577657653832953,0.6588355677215583,0.7463004663390445,0.7576673220385045,0.9020418965666335,1.042960637350089,0.3434850569318034,0.8970465456892216,0.7078089838422341,0.3395815806894557,0.7341689918397442,0.6055947826069474,0.8031730173742208,0.7075863185578847,0.8105638773420303,0.8040670247720032,1.037542871462567,0.9837344346717324,1.2050162627937155,1.1109377903177677,0.8102631626635083,1.0928180773261895,0.7049022783187493,0.8413925834785722,1.273059646378328,0.5494727835168504,0.9736076378570311,1.0001770557446297,1.0692701926350332,0.7122155869848622,0.9771757910071235,1.260653044963522,0.6202417419319693,1.1215946156755068,0.8889343947322692,1.2216605238913216,1.0326794327070417,1.336178729003979,1.4380753528042833,0.8402225635536557,1.2201016392229944,0.456126201889681,0.7423639858485849,0.8318677446396394,0.9820605637875552,1.160675319160262,1.1384916899697972,1.1767452168001071
5438,0.39382417406933456,0.15791992022839324,0.2716334316026651,0.23879337577392068,0.2992924534541955,0.6963478051892624,0.7354547672408184,0.48007235479075916,0.40973103252063514,0.6220994431419646,0.7301115390486979,0.6410486525174085,0.7903420858564605,1.0089255607760657,0.5025998616769277,0.4306205055425525,0.657156198360804,0.5274627777453543,0.30298187873785937,0.6289498884729204,0.3775059452615547,0.5884430026484798,0.479329059447416,0.6079406108344214,0.7420582111490442,0.43185567496355404,0.2523480194558414,0.8596520900436632,0.3662948746821836,0.799613290017077,0.6552780802089814,0.5932765992196365,0.2959777362185681,0.4912797768013033,0.6700245670464542,0.5614738986343998,0.5270863646165075,0.39745095118426943,0.41272017995173915,0.47478128532675967,0.5544025701269674,0.8316446093118524,0.8893816857034139,0.8776484297490437,0.5076292050974934,0.7168818984400593,0.5099014448308019,0.2972742743160321,0.5774429210166243,0.5774944138033898,0.5610066598054604,0.838191992874582,0.4879773207452595,0.5742785209584854,0.5303756161009894,0.5715402711999632,0.529662491648667,0.5133496803260863,0.5593079920430571,0.44305536503086074,0.5247333063514297,0.8325406784580982,0.31208703445826,0.49391220538426517,0.6897291560917691,0.7210887371217697,0.3552914375830527,0.48105868522995676,0.9631374720250181,0.8962858076065505,0.1384790176236088,0.7167214885114778,0.2599516198678585,0.3830241592453265,0.7599303561187679,0.9249004217295871,0.41858026144243105,0.9087389696795319,0.8543870913701832,0.4631777039762495,0.5577833595968622,0.5668108607634804,0.5925042193366802,0.785867753138072,0.2750022358425854,0.6750755335104428,0.4904159651233711,0.29383412526519503,0.618191023999808,0.43676374697073606,0.6156178932519736,0.5503923307208675,0.583201143215134,0.6064386324587466,0.7639041361922927,0.7075221082031539,0.8568779056731791,0.7909349295038162,0.5744481307216867,0.7794597883829067,0.5318362800985708,0.6001178417281517,0.8781617185888583,0.424241197683947,0.7031525833710708,0.7372861515177673,0.7520677418420196,0.47853731437967334,0.6655024201346711,0.9233643851546388,0.5005487356046477,0.7893841953078079,0.6065070032883587,0.8908067586100267,0.6700633778162888,0.9238538627613812,1.0217986818460694,0.6221881859776383,0.8449670750241118,0.3301622834793234,0.5524067001370204,0.5578315653954771,0.6711462847652103,0.8480075092879633,0.7984404301243313,0.8299134016136445
5439,0.42218584261031056,0.1680914745503409,0.27280947927776633,0.2571078450239169,0.3085089995781038,0.7269576835314976,0.7780524939739117,0.5032775194727308,0.43501385229328177,0.6586798938516375,0.7757317387456608,0.6672111977474096,0.8405551562286849,1.064440621504473,0.5313525139449435,0.4557107877665748,0.7036994950315096,0.5604508673993025,0.3529268411034232,0.6657912791905563,0.3979656613185518,0.6446863679517739,0.5148021818161153,0.6357007409634107,0.7873264977827742,0.4422765969216053,0.27941101385844735,0.9408109039815202,0.39968817273601176,0.8524954508523115,0.6967349282591733,0.6411327977841101,0.31835279406171296,0.5211494808634407,0.7420396024249134,0.5270863646165075,0.6556688768273954,0.4168277252393948,0.44239165465561997,0.5083026383612212,0.6161978811539897,0.8706909819802552,0.9352701870984597,0.9300048975973552,0.5300156286211675,0.7410037771860103,0.5450607537282304,0.2974217909072606,0.6371392072837877,0.607793561701442,0.5960710321565964,0.8856075297340646,0.5224136382818247,0.6003182790074053,0.5760845355408051,0.6019092455795703,0.5635825834540418,0.5224232184719622,0.5904657463282962,0.45336615470284003,0.551360066296578,0.8896079726691819,0.32458213641356193,0.5286707594035478,0.7328747053653653,0.7459555028519265,0.3759898450408044,0.5303246507584365,1.010798677005551,0.940290832124097,0.13679314337386675,0.7646206103548262,0.24553956495071733,0.3781720514335137,0.7978802185726889,0.9702431994926558,0.42981318243730143,0.9477205601849426,0.8821927479225788,0.4940166384156852,0.5641033693578383,0.5855233541376671,0.6400531170051059,0.7969728017674123,0.3130828050244212,0.6798604289364806,0.5196116146814252,0.28496182276101717,0.6046325436103341,0.4563792014732673,0.6451087817356936,0.6089032611216769,0.6281861346375477,0.6559461606639632,0.8217244035306265,0.7534232900758627,0.8843430178576855,0.8388342397591063,0.6041989929539895,0.8350077531163996,0.5633526296534018,0.6397253474756004,0.9595728354243489,0.5016620730896746,0.7484842078486402,0.7661038588664343,0.7822609496480676,0.5093537855590329,0.689884011173499,0.9437202121941954,0.5142529677306599,0.820538175506664,0.6398718491264381,0.9317519308936636,0.7352818337626006,0.9771099762899554,1.0785124119912732,0.6665907560102481,0.9208371835554426,0.38805961553700324,0.5834991220449123,0.586844806704193,0.7028402935796759,0.8809451819468948,0.8326464867337133,0.8674863741856795
5440,0.31336975064043904,0.14131581670156937,0.20486616570503974,0.18975584842559623,0.24653442933924288,0.5686912683731259,0.5984052095567572,0.385793954014934,0.3320892858960598,0.5073268408638798,0.614752018165349,0.5297233065873105,0.6614553175041935,0.8480034496837296,0.43023565480666254,0.3726695418435436,0.539387084212468,0.4381828746607304,0.2099922881203923,0.5282280880705489,0.3227165247013126,0.49446119634404956,0.43572131480148896,0.5193441491825788,0.5966148806536264,0.37251690215554084,0.21099344200292416,0.7154618205063643,0.30399954304801163,0.6631492788117385,0.5255738019838159,0.4851576365666401,0.23408375936515355,0.4048163854141174,0.5446265894780623,0.39745095118426943,0.4168277252393948,0.36944008068251527,0.3425308851466111,0.42266304646312447,0.4228015152399332,0.6949622791460425,0.7352435804522844,0.7271440233507981,0.4278517982643866,0.610473433345469,0.38123010685669384,0.2488409433357336,0.4485429866106759,0.4731150878922795,0.4909409504287988,0.7006742775802707,0.3988674952637828,0.45614083643507014,0.4717709441468375,0.4837612380211715,0.43510502066617657,0.39973321850236226,0.4764940115665031,0.352878069488271,0.4376007512720265,0.6554527730965685,0.240952197555612,0.3882210633915922,0.5763263989766428,0.5545654850025052,0.2797935180625099,0.4001602188631931,0.7602587433955236,0.738493082325885,0.1260278571641231,0.5720001825860068,0.20856177646063517,0.3051880361342533,0.6115305035075502,0.7646727968271955,0.32486412429322226,0.7580942354371061,0.6983085418395168,0.39379636990532063,0.4708752366874057,0.46769893822926134,0.47750296121688945,0.6457959940767067,0.23302179016586244,0.5116619298661566,0.4025189466550447,0.23810668247837527,0.48189338029759793,0.3450738420806326,0.4395663045753945,0.3909337923454635,0.4629112696142661,0.4374897633846865,0.5639968995043827,0.5406068869192809,0.6733298866405019,0.6266094707655427,0.4750226955425433,0.6172459988899301,0.4398309846446156,0.45289243816515923,0.7015104627183626,0.2771524879684854,0.5538726257871089,0.5949016455065201,0.6088858722564884,0.3802738653344815,0.5173364310073565,0.7500453655653889,0.43369342448696585,0.6277122436414505,0.513299672703867,0.7229632215868506,0.5499717959568038,0.7551973978672937,0.8458263945701838,0.4796356479225333,0.6801661759833749,0.2553053943564971,0.4747019204469065,0.4427967111984049,0.575857600057945,0.6943364074670711,0.648628254279246,0.6818114200341583
5441,0.35632668004012885,0.1387816325247166,0.2041921879937528,0.20362359639745398,0.2895040553466143,0.6094637063261673,0.6547865069052098,0.4047761905444181,0.3775141758015897,0.5299642634392514,0.6306068903290419,0.570110230082073,0.6942061969173761,0.9091207608070302,0.4530296239352778,0.39999663773649996,0.5930375901181216,0.49694276653443087,0.2542593567634223,0.5777186051156321,0.3222236359151282,0.5567152414643,0.4267075432357561,0.5340310120711065,0.6559267844575816,0.38011838769162565,0.20356241679227657,0.799926879723228,0.3315328112346349,0.6970862778724694,0.5748686409331606,0.5125630617955359,0.24717829566250865,0.4432141606873031,0.6205194702518271,0.41272017995173915,0.44239165465561997,0.3425308851466111,0.4445664623829382,0.41886636001748206,0.4543896163074319,0.7465225842166232,0.7741309376806547,0.7865296986262383,0.4520507290544199,0.6596396953783362,0.42188971690565674,0.2988855084686694,0.5012923205892115,0.4980862502746358,0.4928651382053681,0.7564782923308023,0.415849353403273,0.4864761742738699,0.501545666789456,0.5470040730637208,0.4897308899678657,0.39217034798659756,0.5106901783621021,0.3387941657676096,0.4718951148518034,0.6373446060889144,0.23368194737979173,0.4101691209292969,0.5754218592132954,0.5529450621688622,0.269225799961307,0.4108592797516754,0.7601216088490922,0.7443123144360289,0.13602129804757684,0.5984795314930581,0.15523857268876115,0.2853084333229942,0.5870841925739226,0.7968670423143329,0.2869888632210644,0.7456874425173451,0.7215213560607928,0.4020948818725717,0.465837568074626,0.47159198163559907,0.53169888192964,0.6507354316600772,0.21928942333882814,0.5336453807739671,0.4311046801954746,0.20857829731185243,0.45984761369721144,0.36535836900548707,0.4645409379091732,0.41357822836669245,0.48932779725300213,0.46078201021259924,0.5861767565698374,0.5866356858537224,0.7398565194385172,0.6606444166263306,0.4943394204788851,0.6610894694336042,0.44963145551889067,0.5053756737092827,0.7750507323240488,0.3056699173573587,0.6034964893664138,0.6139062190609218,0.6496632770468515,0.441272495799764,0.5824176483069883,0.7901823286160651,0.39910920341623984,0.6952755002530208,0.5617046737671577,0.7454196361152555,0.6556243125823427,0.8230437677006021,0.885170460339085,0.5077781459341972,0.7510986856637091,0.2661087904676705,0.4695966012781106,0.5226803292005381,0.6173924161590445,0.7142502405585728,0.6938044846440699,0.7108516809541853
5442,0.38026334550090773,0.16073945851153096,0.24754024413617348,0.2250836032425581,0.3087815255240344,0.7221984012886904,0.7587385138497239,0.476720746692319,0.4106120322508781,0.6012350764889569,0.766736645842407,0.6520218718325483,0.8376262381139874,1.060239763892699,0.545656220367581,0.5049246438663656,0.6839258732402026,0.5459378433884271,0.23423882294241408,0.6613018655094809,0.4098647823868488,0.5937480356248749,0.5596098801965437,0.6377928439557382,0.7339316885097189,0.47015274717234856,0.2615254502480491,0.8594767352992296,0.37967592735862093,0.8120683967899713,0.6438771152930287,0.6237899814733784,0.3113237848944992,0.489245478629975,0.6729163282802331,0.47478128532675967,0.5083026383612212,0.42266304646312447,0.41886636001748206,0.6340244879201749,0.5200164308596861,0.868688075710697,0.948616377656338,0.9260018534201353,0.5535356929079955,0.7366628966551079,0.45603514814268165,0.3165973124736583,0.5863098433924743,0.6142275075805953,0.6532097929177395,0.8947659962731584,0.5170511393941319,0.5667364278846468,0.5970290595320549,0.6222424331633084,0.549441576489388,0.49867956901976723,0.5795499327122111,0.43013455392268735,0.5296416997648401,0.7913415078118466,0.26807772828209003,0.5068242529565941,0.7263112991961246,0.6701144409750656,0.34130788836212783,0.5292546574027985,0.945194812010591,0.9336008988284343,0.17159524701708265,0.7055456595986206,0.2166896513233046,0.3695096216483521,0.732323009773947,0.9693817783171285,0.4211895166689163,0.934238103422131,0.8722005148448121,0.5128026902141273,0.6032377576110901,0.5965564639355744,0.6234958939170394,0.8239866366144541,0.29255649986486204,0.6549169849141463,0.516865215319002,0.2552555479039106,0.5809184199748659,0.4366963423953892,0.5368196993853761,0.4486184301306484,0.5933855475857781,0.5366067047489083,0.690792375403316,0.6549266271340601,0.8667376473263881,0.7827008300054045,0.5915391789859419,0.7915331987965304,0.5364393827301646,0.5832601540353026,0.9139303355391759,0.3127983709797638,0.7098615679014794,0.7315331473361906,0.772518087954183,0.5008194050702499,0.6785763747622154,0.9577588819706804,0.5322197968563162,0.8249428056331735,0.6553151204874031,0.9186583752807078,0.7165765385506145,0.9581229066757886,1.0793899012190065,0.5790502590646739,0.8396352162245502,0.2922101928206981,0.6077149929100536,0.5724055926270708,0.7393245482686185,0.8730508883290147,0.8198793161382816,0.8884244039057408
5444,0.4453211362877935,0.18541586844607583,0.29325389555123804,0.2593527911085414,0.33372459925326237,0.7649385658260304,0.8236532912444117,0.5187769193930756,0.4442345542031865,0.694129647320239,0.7996280605517008,0.6955473751823777,0.861179998015226,1.1009487692310225,0.552679764716646,0.4778743275903108,0.730254259328566,0.5794430157496234,0.3961341939279193,0.6888518308405841,0.4280270808888885,0.6827007985777986,0.5445140454138527,0.6693556706356628,0.8238771389338475,0.4749274421300216,0.3082859727538823,0.9591523142321335,0.4090350472710026,0.8894432830515656,0.7165554823388705,0.6691867657412598,0.3336411088400881,0.5452074014376647,0.7566295549979903,0.5544025701269674,0.6161978811539897,0.4228015152399332,0.4543896163074319,0.5200164308596861,0.6975885262996431,0.9056142379909894,0.9628631929507823,0.954274517651011,0.5575242963685461,0.7894011185700514,0.6038823698782143,0.3441666622451601,0.655891537989196,0.6362362444859347,0.6348371874984582,0.9085351209421755,0.547156999256873,0.6078691238437655,0.5817849383295437,0.6185966086500408,0.5661720895476733,0.5444367789753367,0.5993145122722647,0.46657271328256084,0.5778752356079057,0.9051304441484378,0.34605699717783855,0.525281823001115,0.7570735269438696,0.7549345731102823,0.37915295927379494,0.5215819932225507,1.0262986454962046,0.9691419215336645,0.14668382818581122,0.7733220418410917,0.25796264551050585,0.396517454935938,0.8152562262090355,0.9981032721957895,0.4251636538454386,0.9874896908434964,0.9274706742288016,0.5058124710566094,0.5791972412556861,0.5971061339566742,0.6583401618505808,0.8420382731208462,0.34289118260481816,0.7035380731854176,0.5396941423960927,0.29604317642963746,0.6316820347669116,0.46026769614271024,0.6580010993034564,0.6448259555565033,0.6299817900935439,0.6727796557106597,0.8420445804134263,0.7748561166286226,0.9356809489083371,0.8892815769175832,0.6232449947107795,0.8685653611389791,0.6071519019860568,0.6852450399271114,0.9858171424049418,0.5495935724236733,0.7950388330629568,0.8192714895102432,0.8280269367109472,0.5515993578797325,0.7446914628644978,0.9973221031537635,0.5446225513174263,0.871702908245186,0.6656065730484253,0.9950869235792588,0.7781855956966403,1.0318578296692558,1.1350380249267158,0.7336039599670026,0.9876041625005717,0.42951547476737983,0.6165357039812045,0.625561676328011,0.7328472198244445,0.9137119220929961,0.8774173957437139,0.9099300910040296
5446,0.6913742853423316,0.2634250549221274,0.4147471065808102,0.38676034236750706,0.5653452714630799,1.224432823083502,1.2962319989637896,0.8196151705358639,0.7645852659588511,1.0471566136988955,1.2888736216348695,1.1848200774230055,1.4171233333899564,1.816527268710783,0.9411612237443587,0.8142279480648004,1.1859674757622412,0.9651048222040638,0.46206688958989744,1.1582464721967973,0.6691976920226601,1.1052700991141957,0.881941174153933,1.0914384680023244,1.3016496098413233,0.7745400907517781,0.42095410553071855,1.5333709419485433,0.6624014130421256,1.3981777160449156,1.1142774895103027,1.0160553971171202,0.49442876095528765,0.8844331641953027,1.1849050925819498,0.8316446093118524,0.8706909819802552,0.6949622791460425,0.7465225842166232,0.868688075710697,0.9056142379909894,1.6327780023448886,1.5694753604203842,1.5771301537484206,0.9059817066883639,1.3347352302402113,0.7877316875723392,0.5625830552933455,1.012288191551466,1.0097558169507754,1.0224346671283364,1.5170017022919606,0.824815693355314,0.9454469743176623,1.0311140810819055,1.1006012806592163,0.950785001803023,0.7972584603894376,1.0116780531182716,0.6903162869601766,0.9414834351424528,1.326740961134592,0.468823877024975,0.8345474836781418,1.195147559386696,1.1219361986254939,0.5534820510760787,0.8337269316184897,1.5658696988195508,1.5399116095424903,0.2881546220724266,1.2259505344818575,0.3713475781361404,0.6140018477228457,1.2291401848550676,1.651021265273514,0.6200252755361296,1.5516531514636038,1.4757839453373702,0.8332762438560808,0.9825427929271128,0.972711583324492,1.0858655961785788,1.3655420898414654,0.436037643099957,1.0887222086383448,0.8566024362511785,0.4407663580685044,0.9755407131691806,0.7460399277881722,0.9000519882320236,0.789343695186882,1.030572557010841,0.8982131961120411,1.1842073000988806,1.160916433248565,1.5047934609403797,1.335877167973921,1.0252012128098043,1.3363745047805808,0.883863658460811,0.9754280084184119,1.548348255095492,0.564511992098389,1.204664690414813,1.257199998846215,1.3282968856769461,0.8522154260960743,1.1536863511999467,1.5979612070669362,0.8596225004725997,1.3961815858190363,1.1363914151415726,1.5252726007011779,1.294642715851785,1.6543463860501628,1.8215749592232608,1.0073679595086091,1.490621231107634,0.5161649397441318,0.9666380179678146,1.0327153790472972,1.2806444757808892,1.4728946386903525,1.4247011658368516,1.457311321842367
5474,0.7216920268226737,0.28162024644437333,0.4640582089754672,0.4179502145012818,0.5756294569839037,1.3139058843061486,1.3877231764702431,0.8892214364503779,0.7819903903121722,1.146129100300583,1.3876093149554496,1.2355258606458144,1.505098076256045,1.9270459370527142,0.9759149262214979,0.8616238241284321,1.25947639565867,1.018821773776537,0.4689989530252134,1.2131681029519215,0.7327285527898567,1.1249686880184424,0.9534814542127479,1.1640929976399026,1.3569242597036435,0.8515327767683478,0.47068113862669736,1.6290241926408036,0.7237366575674121,1.500244543300177,1.183249646266307,1.1385981229133766,0.5548476667659709,0.9048923472467372,1.237673170727294,0.8893816857034139,0.9352701870984597,0.7352435804522844,0.7741309376806547,0.948616377656338,0.9628631929507823,1.5694753604203842,1.8056627054190286,1.7116222708493545,0.9838320651238124,1.3814230821295417,0.8619771563311536,0.5612554085613731,1.085648042158525,1.089324664256183,1.1214332472667772,1.6066562295298277,0.8912158820899004,1.0198412481778634,1.0804042516093517,1.1448892153228618,0.9902446484455039,0.8842122341867761,1.0658355383804843,0.8117043581911032,1.0038401119211073,1.500410216561243,0.5564780120587512,0.9720461688445139,1.3314151251202044,1.2761354154504083,0.6434314609153777,0.9525579737427478,1.7623282251436974,1.69503649396904,0.28453726611622937,1.3451771989375692,0.4618633718058675,0.7084268783902598,1.411912994412804,1.791543032157203,0.7627375168066008,1.7339142317400342,1.6203049401648377,0.929323783304923,1.1054381387278625,1.0976681053231119,1.2017715432749019,1.5095994635645267,0.5296298522991686,1.2356344394348209,0.9423444111434064,0.525484591227187,1.123927391458472,0.8276600771121976,1.0468009584973508,0.8874471632078093,1.1296842436938535,1.0585948838656771,1.3465694067235863,1.2828411008555554,1.6078921215370812,1.4824426218447015,1.1047049109289173,1.48006205638284,0.986193652848484,1.0605978647712706,1.6924044168322818,0.6434915371653677,1.291569301682858,1.3702037863008898,1.4414377422964715,0.9195142472851051,1.2420126521140114,1.7625433575111675,0.9814337108519958,1.489766700148219,1.2249225688499228,1.6870592322554825,1.3509531230066274,1.7885693079523395,1.981352489202979,1.1138071442101487,1.5928396715494129,0.5756413319677725,1.0867609865601953,1.0616830597957572,1.3747352548528073,1.597580039945541,1.5399589413374033,1.6088401553176541
5475,0.7147748710798044,0.27243037118065927,0.44537416227612237,0.4281994287370674,0.5724977490864216,1.305590926758097,1.3739285657772717,0.880873335144191,0.79463168328173,1.1147706777675046,1.3486956750248826,1.2275907324593491,1.484902310630777,1.9039202622698208,0.9764084375183844,0.850389357249425,1.2428740487043208,1.014513490814285,0.4888540993032396,1.205147502478698,0.7015137699602227,1.1201046704215083,0.9436873889496338,1.1434794503141243,1.341979725835574,0.8153695135082062,0.4581711544813661,1.6352954615985908,0.7060095270304024,1.4781505268884845,1.1890229718796153,1.0963827141313314,0.5457569807454008,0.908374374239487,1.247398675525602,0.8776484297490437,0.9300048975973552,0.7271440233507981,0.7865296986262383,0.9260018534201353,0.954274517651011,1.5771301537484206,1.7116222708493545,1.7412247170312607,0.9613922465269128,1.3699081127687411,0.8552147307944167,0.5691992753117647,1.0810676099171377,1.0710407099815507,1.0932548850272297,1.5764537146830533,0.87775968830541,1.0145987212145222,1.0581811392721867,1.1429880199196734,1.0037247836425434,0.862982312853314,1.0347356524554763,0.7754631909733232,0.9908027132008839,1.451481089567588,0.5176833451196298,0.9458698187353782,1.2835842481457944,1.2404285411017493,0.6190254788538088,0.9236491908977141,1.7031056875260726,1.6435764055768645,0.28876298780165494,1.2956932676773818,0.41752579072692,0.6695055181990927,1.3389021541842945,1.7425416661330304,0.7162672233797328,1.6696176774339233,1.5736779911537497,0.9054918121579555,1.0463502053693259,1.0591140928291827,1.1743238927239068,1.4511861302800921,0.4924822674710471,1.180449061754837,0.9372233145414454,0.4932106448057887,1.0417628558099603,0.814787031694301,1.0116765310863638,0.8769290249323203,1.1004362639412084,1.0283080816896217,1.3043456224088608,1.2597130981700682,1.5914318232856228,1.4584517791944058,1.0820356961838147,1.4406333746697337,0.9528095500567199,1.0534802539946704,1.6590732632835503,0.6334642115747046,1.2780517318981013,1.3487903539742305,1.4216599252347457,0.9009505009933767,1.2397970145973232,1.7152064836821603,0.9250458340842843,1.4833069591045094,1.1978453598875598,1.6444414711841764,1.350728677640003,1.7703362024731946,1.9420095375348725,1.0887167287951909,1.5813480008162064,0.5609533576280354,1.0303491796810094,1.072219884578108,1.3389791132259055,1.568267541327874,1.5232315790656399,1.570549779026357
5476,0.41462446908499206,0.17553024797738823,0.28103145561703585,0.24333544772549018,0.3334017780110366,0.7603328414217955,0.8046255103811836,0.5002084272581769,0.4630171941982748,0.6464649619031766,0.8152935172755913,0.6973142908521133,0.8658703932869293,1.1096969689877523,0.5628945617811137,0.47923862070741385,0.7239249967521603,0.5756812405697529,0.28944781429966493,0.7005013271485778,0.43180388951045817,0.6578751330946692,0.5669473753166017,0.6898518935467077,0.7920897087486471,0.5005759162396644,0.28699538208168407,0.9465684521838512,0.40385850389276723,0.8593856928732421,0.6677528543666428,0.6583395332422828,0.3208589563096219,0.536178888001563,0.7316616447584378,0.5076292050974934,0.5300156286211675,0.4278517982643866,0.4520507290544199,0.5535356929079955,0.5575242963685461,0.9059817066883639,0.9838320651238124,0.9613922465269128,0.6481461186043688,0.8043037998479345,0.5140251106313508,0.33049637599979403,0.5905656232929087,0.6425737991177232,0.6762288828619188,0.9260687679774939,0.522872045556583,0.5811897074123386,0.6061949313605034,0.6555821583698138,0.555718836476058,0.5082551345022892,0.6138239505601567,0.4495978850695747,0.5752813252134295,0.8496449613640401,0.303092362416806,0.4911817228076262,0.7574701370737337,0.6949938167234944,0.3532073103163987,0.5046446135661377,0.9736576727749721,0.9540871289257363,0.17505272920731516,0.7424260173001844,0.2592496205340077,0.40456342671762624,0.7870308723605854,1.0102774076524943,0.4255600729191561,0.991197241544583,0.9274720870209325,0.5376930131657622,0.6423444822328548,0.5939491580905957,0.6593349791667117,0.8741653938458102,0.32048671001124723,0.6424590683613222,0.48033786845914994,0.30150228603224144,0.6462039887896862,0.4492441662901492,0.5557703654452766,0.5083348120640191,0.6045328898077053,0.5680650831398975,0.7472013782302702,0.7090030417544452,0.918097147004499,0.837515800575823,0.6320631182245732,0.8424347071079068,0.5623022732324177,0.5979517889977917,0.939380056086033,0.38604905163931447,0.7589444429232013,0.8020084491443977,0.8130094365252566,0.5253557175421913,0.720857775321312,1.0128170339454279,0.5797108616484582,0.8235181537641352,0.6958596541266999,0.9824865261902529,0.7735613914633489,1.015093973421991,1.1489745843225956,0.6369244772742909,0.9215372400360857,0.3542411773079363,0.6348929283011459,0.6110492974574958,0.7759378742801133,0.9074692621917451,0.8798847679668209,0.9238387522027082
5477,0.5934805881714206,0.23409079268845479,0.3583492409383318,0.33990072052561726,0.49259205295009423,1.0681199405402402,1.1325886191184862,0.7223219568241521,0.6503561826343466,0.9308490983734231,1.122983737165487,1.0033527733500796,1.2167454433296223,1.5876379891317223,0.8035329166141186,0.7080578861654806,1.0361535781844595,0.8434548653694848,0.39808834895380846,1.003498685956651,0.6011516422249821,0.9546445349566598,0.7826382930340674,0.9647378415250134,1.1290412289634266,0.7059511076897087,0.3718113248609991,1.368607396153139,0.5842722649941778,1.2233733590820501,0.9815661142107066,0.901237267541145,0.4351511742655219,0.7771965835142137,1.0207225397535833,0.7168818984400593,0.7410037771860103,0.610473433345469,0.6596396953783362,0.7366628966551079,0.7894011185700514,1.3347352302402113,1.3814230821295417,1.3699081127687411,0.8043037998479345,1.252568267279162,0.7019227754488079,0.48817745531507356,0.847539207142821,0.8819460213929357,0.8889090345260118,1.3153445933784436,0.7180389602270628,0.8153710936674629,0.8996794863118521,0.945197752304996,0.813535102532561,0.6912120378569745,0.8851115462947627,0.621671070566016,0.8288885800753582,1.171196124239223,0.4424686259401858,0.7176913429336571,1.0579313279450324,0.9729241896099349,0.4937564976955621,0.7273231170284952,1.38354339737245,1.3575543714095104,0.25592242516172387,1.0886691512960123,0.37308649058627363,0.5669749249554108,1.1143375786196779,1.4412054652032507,0.5663549351853304,1.4019723006720857,1.3117055347977025,0.7337704219084351,0.8570567810369678,0.8476648480189906,0.9294312966510271,1.2161182211360178,0.39906795754287633,0.9197626586046277,0.7107692335032773,0.43052191062000883,0.8935863516114704,0.6701218910817621,0.7781949574802614,0.6839986568070989,0.893229199250867,0.7757074617918212,1.0375113000860539,1.0126763666369418,1.2986660606126137,1.1852601433947412,0.8810803615311673,1.1656845636222615,0.7809605387004643,0.8410322625716211,1.3334396031863354,0.5024027233782131,1.0557891756432212,1.1156992734544173,1.160308553419012,0.7419044803752508,0.9832286917969486,1.4183291365881963,0.7863635871611211,1.189362018668247,1.0012764470540574,1.3414502386191298,1.1116708543498395,1.4498300632520191,1.5811354298398033,0.8826759061693221,1.3009719084980003,0.45922417862230863,0.8789336413996396,0.8731391536919669,1.1170855003879747,1.2905025509511845,1.2432277319153109,1.2692820455901392
5479,0.39416723594853753,0.1692009106673593,0.273389394075186,0.2358891624716553,0.29384340160680783,0.6762485248010314,0.7336670916545318,0.4688055799276918,0.3910221169446887,0.6390292130481969,0.7244253730563122,0.6041402254953356,0.769307322809176,0.9984718514249953,0.4824660559325639,0.41024760532441384,0.6463420254993527,0.5140431287386545,0.4272722737219554,0.6084778669081327,0.3828486876289046,0.6271067502050619,0.47632166220112315,0.6115208394660532,0.7431570248457127,0.4389062749062874,0.28381278134582305,0.8852394914662897,0.35051665143702193,0.8047573478060955,0.6597994786039402,0.5938370728381023,0.305211980119238,0.47822860803686423,0.6928889631895758,0.5099014448308019,0.5450607537282304,0.38123010685669384,0.42188971690565674,0.45603514814268165,0.6038823698782143,0.7877316875723392,0.8619771563311536,0.8552147307944167,0.5140251106313508,0.7019227754488079,0.6923721847546734,0.294648918106313,0.5656011774235784,0.5751107753717242,0.5500154804452305,0.8249500026077853,0.4928116670345226,0.5446812508711912,0.5010702370218242,0.551844150691196,0.4737567256828443,0.4780509739131772,0.549608429435823,0.43554144771508907,0.5274504817730822,0.8493982637653227,0.3501005018590619,0.43166310257780427,0.6872017949905573,0.6993472522742686,0.3502212531457227,0.4431001127221497,0.926688292336854,0.8741753376370234,0.1264601014712694,0.6825270669778372,0.29392872058094605,0.38080274533427994,0.7736542452911704,0.889834984035953,0.3945794253298574,0.9200576234334916,0.85725899855335,0.4448379911285666,0.5107119881828606,0.5185770114432823,0.5699755354535702,0.75024363561489,0.3457876273225172,0.6397327779612433,0.4512248293714203,0.2994656915148732,0.6012617682487916,0.39375853745943373,0.6038854976588063,0.6548262253948339,0.5310987948826633,0.6136026109427355,0.7926809065242676,0.720018952167317,0.8235875821366202,0.8129768048520837,0.5529294934492113,0.7926956079249431,0.5535162189628977,0.6381763633349173,0.8695179073577157,0.5289857182142436,0.7455776641436243,0.7646617792371085,0.7365971538662075,0.4836726164782222,0.6627721996407844,0.8992450356582105,0.5145183947796728,0.7621528937108337,0.5740071611832254,0.9137785289928707,0.6718170864628069,0.9070044553847683,1.0215414089411055,0.7291098540837981,0.9362416171818458,0.47468513770526194,0.5685841082965423,0.5651311744758486,0.6549995113992219,0.8286230725105749,0.791055582871636,0.8243630954038302
5505,0.2830527489293206,0.10122292848179135,0.1586411482749388,0.13182512649275943,0.2259858792912751,0.4383520360372811,0.5088367255517797,0.3145637522767589,0.2875442468557452,0.37432746891536295,0.4642942086724312,0.45208656222841503,0.5076209256794314,0.6868664917460177,0.3526134507070193,0.3362031855951396,0.47319234398993143,0.38380954044152116,0.16857183030735726,0.4204780338376284,0.24784217786640905,0.4186738578200012,0.3330954969570022,0.3873717399109564,0.5128452793625614,0.30410782194292585,0.1343244662086768,0.5729605256892012,0.253727233351633,0.5102666923221951,0.42159564768241964,0.3643927937938374,0.1955441246976036,0.3047655301871229,0.4656622213667553,0.2972742743160321,0.2974217909072606,0.2488409433357336,0.2988855084686694,0.3165973124736583,0.3441666622451601,0.5625830552933455,0.5612554085613731,0.5691992753117647,0.33049637599979403,0.48817745531507356,0.294648918106313,0.3897279965134905,0.3946617921388767,0.42038225341916324,0.3845175737354757,0.5450737351414009,0.34110349147468927,0.3618165368287879,0.3692760728576323,0.4402551718814285,0.3819291925147486,0.29224616319789504,0.3471448757965073,0.2017775695088249,0.321143919494484,0.4065808867286261,0.10986649656697076,0.2906090197117305,0.3790790277026621,0.350246060894329,0.1575512305007108,0.3026275598288499,0.5224397637494907,0.5294595186705077,0.12160471464639039,0.4049932818740448,0.10729879520850417,0.18543148416631047,0.34444030357831396,0.561769676226634,0.1461039744366009,0.49889477917729047,0.5027221142501953,0.29703186379318286,0.349661014857383,0.3532208727066123,0.42685504421345144,0.4193990632366471,0.1117459909022674,0.3758245525943655,0.343309703717644,0.14488927374559404,0.268866210780741,0.27565994806035826,0.2964460923492445,0.2243616086743316,0.32825749880263944,0.2963668397932127,0.37335251380524676,0.4172546486031202,0.5670752166300725,0.49933755849319605,0.35628321458373446,0.49284266666881693,0.31156433096476704,0.41707213391773934,0.6011007212518533,0.1828865777057122,0.48780548397279017,0.44293289363644556,0.5355894695842316,0.3721881171929233,0.5117858832776222,0.5876926891389482,0.27154390512677057,0.5813645849061326,0.4343094078734908,0.5674681839808601,0.5705808923334976,0.6749615628928131,0.7037164128109148,0.36403872223710476,0.5764711118778649,0.18399885256873694,0.358890574821576,0.422022736489208,0.4784682682984273,0.5256076761700522,0.5598982090073872,0.56359645550951
5506,0.4741945683969829,0.15889851847771155,0.3044505579803246,0.254506316060035,0.37438082010654994,0.8574115254104208,0.9301327552481988,0.573280281117914,0.5408772497533414,0.6962192763950817,0.8506819092088911,0.8191903460599725,0.9418633881854721,1.2490700649080422,0.623922456452207,0.5955125636273243,0.825738025025895,0.6978841525248034,0.35715179867987557,0.7889938806731913,0.44908634851627866,0.7728126884875877,0.5614008486338746,0.6896016548008652,0.888533463409525,0.5133696452308151,0.2513603901943734,1.0778933887042705,0.4620485962766359,0.9290187286452328,0.7455550934221634,0.7103516608013314,0.3369100783758779,0.5479668740330601,0.870347977378282,0.5774429210166243,0.6371392072837877,0.4485429866106759,0.5012923205892115,0.5863098433924743,0.655891537989196,1.012288191551466,1.085648042158525,1.0810676099171377,0.5905656232929087,0.847539207142821,0.5656011774235784,0.3946617921388767,1.0352988928261422,0.7168994755081602,0.6761459263873939,0.9876544013917664,0.5617220937359906,0.6813794322073825,0.6934410126752969,0.7434029063706058,0.6975747626632145,0.580184169549798,0.6134330968544813,0.47189829535883415,0.6312044194961186,0.960613138908915,0.27509613034479735,0.75506065327781,0.7860462875463923,0.8205692717406873,0.3769505609587366,0.7260457544790915,1.1710585296879659,1.1049728337498586,0.21132260743388934,0.8856303468211132,0.18485274674213242,0.37455074185982523,0.7776885000499707,1.0789188692851859,0.42626660190222526,0.9786366766534683,0.9791081990108215,0.5850952765307699,0.6416627133039844,0.7339115753356595,0.8814968796771555,0.8822757344714552,0.24778159963647048,0.8219720650230123,0.7644566324053274,0.2386404758137864,0.5562330637535774,0.5870770341258784,0.7560011414179562,0.5919890477458,0.7434769159146036,0.7491766292153575,0.8607463524770261,0.8432565743550241,1.1057770185246445,0.9875416062286753,0.718736524167059,0.9492619006172449,0.6308952805156661,0.7469844890993015,1.16046471579898,0.4204019210080074,0.8266175612853073,0.8535158939445388,0.9809868337634694,0.6766085869746082,0.9064838134753072,1.0876756316129552,0.48126932078354306,1.0374189696131288,0.8266142904624717,1.0576345911366838,0.9904851043580513,1.2369300710010696,1.2881235013977157,0.7370266626653112,1.074634403146857,0.3587091539443984,0.6128307422065629,0.756393664220698,0.9084558483396777,1.0321150431239738,1.0384174351375193,1.034688352084922
5507,0.46352459899636,0.17799416139754204,0.3122365205645835,0.26659978290430025,0.3778599332650989,0.8415162333081582,0.9097133585293672,0.5738239949117927,0.499816393567384,0.7232825092626973,0.879024335431027,0.7843219677953066,0.9491715564397012,1.2432408703300228,0.6273383361893501,0.5633160476251365,0.8341436352620861,0.6687959203283033,0.3211963918510439,0.7647400961779802,0.48988640646859855,0.7370794557286666,0.6263374751308536,0.7400896545459134,0.8928754597931245,0.5671218983738299,0.2904936859595694,1.03701164474831,0.4286322600497956,0.9541056448187178,0.7727235894228821,0.7136700203950747,0.37290969369912624,0.56870057737854,0.8079881285306992,0.5774944138033898,0.607793561701442,0.4731150878922795,0.4980862502746358,0.6142275075805953,0.6362362444859347,1.0097558169507754,1.089324664256183,1.0710407099815507,0.6425737991177232,0.8819460213929357,0.5751107753717242,0.42038225341916324,0.7168994755081602,0.8276336232309702,0.7265861594630424,1.0164062059992653,0.6292585597926502,0.6785104069194546,0.6870714205644686,0.7351511703642725,0.6544005460234101,0.5870161546587893,0.6501745613649906,0.48483968618154605,0.6190807864679028,0.9251067598122351,0.2977590676113301,0.6041386441460945,0.7907895427606889,0.7863389533817804,0.39756516782162704,0.6201905607287669,1.0979266114848556,1.0735299020946178,0.2074501927034512,0.8172877655415653,0.25312304488930853,0.41428559563843964,0.8279595812988968,1.0970425839168993,0.4382507762780105,1.0592290325217957,0.9967027217891539,0.6038976050732441,0.6949417781778798,0.6908568061868476,0.7837613074597232,0.9145330894552541,0.3034371972148868,0.7586467220016831,0.6123326350259275,0.3082102661816442,0.6331258541211299,0.5373350291110014,0.677780965494706,0.5551254958610883,0.6886557687198027,0.6606770989667035,0.812726181199026,0.8029605953236507,1.0688873582819,0.9514482590215552,0.6933209438748311,0.9428215143210334,0.6339356438751639,0.7243035334176555,1.103268549511138,0.40871640476596865,0.8732676426490182,0.8635429135331203,0.9474831110736202,0.6268273644692929,0.8513735028419632,1.1056536815943694,0.6040584311890117,0.99401441865106,0.7835905897198121,1.0903962920572077,0.8987781389958874,1.1901605690797836,1.300280431013032,0.7102771094716919,1.0425670133629312,0.37323789316893735,0.6875863720351517,0.7229377214873643,0.8728511861192711,1.0259712723788745,1.0063511373692386,1.0442229441911077
5508,0.4516943697382464,0.22358870639536244,0.29978286088586126,0.26683939963053166,0.3615426870327143,0.8733500306084253,0.908384350082593,0.5798754884316591,0.49713170803883805,0.7539616456304088,0.9298454133994983,0.791189859983292,1.0056563259711109,1.2609450032624572,0.6614290118433902,0.5662924749229715,0.812542928982324,0.6482446577426271,0.2941672395599255,0.7819696050160941,0.504770190878385,0.729010807805982,0.6621771010418169,0.7943743007675044,0.8730651962155261,0.6039687663802649,0.3407626178229393,1.0482334928885486,0.43158807330463905,0.9945319107618225,0.7519637139844659,0.7483506030676677,0.36198619246393293,0.5851405574657049,0.7705452400196342,0.5610066598054604,0.5960710321565964,0.4909409504287988,0.4928651382053681,0.6532097929177395,0.6348371874984582,1.0224346671283364,1.1214332472667772,1.0932548850272297,0.6762288828619188,0.8889090345260118,0.5500154804452305,0.3845175737354757,0.6761459263873939,0.7265861594630424,0.9046294062606506,1.0565172778448475,0.6191552451291169,0.6599101984107012,0.7052928866688137,0.7408259212191798,0.6335880948539298,0.5919763522343926,0.6845652965622803,0.5268323552555841,0.6398096674415925,0.9582820351238119,0.3323945055399863,0.5883561213514681,0.8709092080194876,0.8090478105516072,0.4175272384061423,0.620470507432676,1.1291786845576024,1.1034833675552127,0.21723286384976562,0.8350338308869526,0.2874685722618302,0.4502987027612492,0.8992690252776494,1.1536134434237184,0.5071240379058557,1.1415349441145983,1.050238770814998,0.6207315337995274,0.7411044520611392,0.6916770117467939,0.751075716505134,0.9902260137350661,0.3795846981638512,0.742046374137333,0.5762973745876216,0.3366019371773662,0.7343060256582233,0.5238314033189251,0.6400161095215846,0.5522587592523276,0.7023155919564368,0.6451741851823038,0.8230099162753342,0.7825501232151262,1.0396989273294084,0.9430256770228485,0.7118322658894091,0.9513263873485774,0.6780835533992734,0.6853772168020263,1.0884755988113486,0.40349026157168516,0.8793137781444991,0.907501969139389,0.9375248898381183,0.6016853856283407,0.815844108298458,1.1510168158447325,0.7188299595883029,0.9503512854813924,0.7913229943650928,1.1232543259501493,0.8545066069751123,1.1656722035059546,1.3196423050178674,0.7278373269234573,1.0536491823713652,0.38806612788768735,0.7717849211353514,0.6932409562973862,0.8852401439890631,1.0530842199032207,1.0271508404993233,1.0707619182761137
5509,0.6848066305888585,0.28588415273200246,0.43098037029530356,0.3943985992433232,0.5545038890406078,1.241977546107218,1.3105685511598333,0.8426278550623187,0.7433468062955598,1.0732146491227756,1.3259815595425621,1.1680091355049675,1.444310767707587,1.8350220418001817,0.9399669131023577,0.8092013200107818,1.1892399487582854,0.9580949257739898,0.49280487254806477,1.1507154558207418,0.6887408014815966,1.0830306249001478,0.9121088101620578,1.1275019688382775,1.2936665670137262,0.808173151165421,0.45260221704553777,1.5586112787317183,0.6512687708376107,1.421421323005352,1.129142872057272,1.0642971188324237,0.5211152221639206,0.8718776244988148,1.1735459652347848,0.838191992874582,0.8856075297340646,0.7006742775802707,0.7564782923308023,0.8947659962731584,0.9085351209421755,1.5170017022919606,1.6066562295298277,1.5764537146830533,0.9260687679774939,1.3153445933784436,0.8249500026077853,0.5450737351414009,0.9876544013917664,1.0164062059992653,1.0565172778448475,1.6141248776967083,0.8571881468981106,0.9518240322903274,1.0243087825026143,1.0679655030172963,0.9244928479915275,0.8225413586452314,1.0162568682381683,0.7488322400726554,0.9645900603965454,1.3931498963761226,0.5232683157211534,0.8435384893151425,1.2543410567087625,1.1555896188533463,0.5928365434965447,0.8487303589363892,1.6337770533792513,1.5780048518969005,0.27890116214631516,1.2328502776278567,0.4319708339792637,0.65527984254529,1.3175725400464537,1.682388275398907,0.7087130862516677,1.6329141855624705,1.5328615496741165,0.8745330516475602,1.0170743094906485,0.9890493394096621,1.1050508306195073,1.4163596840454795,0.5096181967494928,1.1142240934853336,0.8479879718729582,0.5060258358755169,1.062770192954022,0.7679427591904945,0.9432521884497214,0.8607155287555175,1.032767419106046,0.9614504692598839,1.247136092949584,1.1999204025011776,1.507676214371982,1.3850233874194338,1.0319882194191325,1.3852458005408737,0.9263768344670666,1.0007922741417135,1.5735880458337421,0.6414763649555154,1.2466106964959724,1.3175307064606454,1.3398598759563078,0.8610481480341754,1.1800009838374614,1.6552783522294765,0.9281461513459486,1.4026691623623782,1.1596461943796252,1.5853972315994813,1.2975910750934783,1.671476482087774,1.8734388214702593,1.0768684772051622,1.5210793161657468,0.5766733478475643,1.019267459443458,1.0132837299469102,1.2790700493607081,1.5105885489044941,1.4522687666142209,1.5139803929065079
5735,0.391212445330754,0.16501087980205262,0.2704880189613739,0.2200354519159477,0.3022765819761798,0.6892336373631643,0.7688503869674609,0.4811568986119495,0.4022254151544358,0.6177824000065509,0.7364935012412932,0.6379181749918238,0.7964987954491827,1.0316429420954607,0.5268970964610916,0.4690654000824981,0.6833897281560654,0.5493662325596314,0.28887948551379816,0.6354713305953829,0.4278767415686222,0.608307224169823,0.5204500675418985,0.621480088766316,0.7377842041166814,0.5057736524903929,0.2544230781468422,0.853635495661603,0.36710071588708404,0.8211982712922634,0.6484068346100462,0.601053999683661,0.3101569266160715,0.49023266286162376,0.6668255441626534,0.4879773207452595,0.5224136382818247,0.3988674952637828,0.415849353403273,0.5170511393941319,0.547156999256873,0.824815693355314,0.8912158820899004,0.87775968830541,0.522872045556583,0.7180389602270628,0.4928116670345226,0.34110349147468927,0.5617220937359906,0.6292585597926502,0.6191552451291169,0.8571881468981106,0.5909481291082282,0.5535443075247511,0.5631307581429331,0.5901596866146003,0.524826283310305,0.4919787555695329,0.5552966768877179,0.4068846276847487,0.5158407448302167,0.7775215652133753,0.265200247783703,0.48533811267153276,0.6552048687579554,0.6481396057193868,0.3402740941391059,0.49708664059885593,0.8946784019308028,0.8901081228302673,0.1554717485743421,0.6779297007425322,0.22225796350867544,0.3461283036223603,0.7050103273422809,0.9131171408253264,0.3850888179077942,0.9031940239422309,0.8301437492700515,0.4902661706091154,0.5656570273141166,0.5517381764585771,0.6232095924054639,0.7690278446360754,0.26818295728487834,0.6328849311160266,0.4896268079278921,0.2768327091104287,0.5501549448872738,0.4272604573992472,0.5491736058717048,0.49103511738706745,0.5436135493498847,0.5531674144016436,0.7095860881808066,0.6734064435088465,0.8676979018675769,0.7886033001552404,0.5683451232725347,0.7808759999210234,0.5270001318102991,0.6128054363704646,0.8944246803014296,0.38416774191096786,0.7335570343388448,0.7246581961095163,0.7702545757504946,0.5121376518383712,0.7182707718727517,0.9086271408906781,0.5394197839188274,0.801617420661347,0.630156019601943,0.9152507218874839,0.7333876540827675,0.9788586837690793,1.0775036710504873,0.5943206660459018,0.8442411990075768,0.3224278616786002,0.5951055925958867,0.5876007953441641,0.6966571689319142,0.8492633789057561,0.8368360443356548,0.8664955402692684
5743,0.44729502733402926,0.18170707012982645,0.2876382793702058,0.2732435464788209,0.3480376902090859,0.7937483851235603,0.8384263762895806,0.5365282232376016,0.46906493209059136,0.6897191907434127,0.8252270906224317,0.7482737926942206,0.8966832446246914,1.1509710346775288,0.578186580367975,0.5202033870140367,0.7730669715148246,0.6190702169547835,0.31674869745070605,0.7167904389269909,0.41798785297801755,0.6844663969833942,0.5684900796579547,0.6720989110016684,0.8477610450891935,0.4758415962742485,0.27766245577070936,0.9960090744955136,0.418720132186707,0.9067663936148059,0.7482126444813774,0.6683261216177722,0.33792381881778194,0.54643203909872,0.781517895715334,0.5742785209584854,0.6003182790074053,0.45614083643507014,0.4864761742738699,0.5667364278846468,0.6078691238437655,0.9454469743176623,1.0198412481778634,1.0145987212145222,0.5811897074123386,0.8153710936674629,0.5446812508711912,0.3618165368287879,0.6813794322073825,0.6785104069194546,0.6599101984107012,0.9518240322903274,0.5535443075247511,0.728627968090144,0.6300703639935784,0.6710710727423681,0.6514333406111654,0.5841185928472783,0.6214572229477231,0.49961546794795564,0.5940497245496014,0.9269900272074346,0.3245413748661204,0.5807261042247173,0.7801394590146272,0.8031739096056183,0.40529784480218717,0.5874457362330336,1.0864662444367537,1.0212620223368187,0.16146501132457158,0.7990208237637086,0.25740298789199995,0.40075103763775705,0.8227794737065014,1.0364944616307146,0.45466903003783066,1.0062253053131869,0.937130966800918,0.5258281883345509,0.6495472171270132,0.6598039553809443,0.7017313452462342,0.8546574749176828,0.30781802206108516,0.7576946186596272,0.6076407874226902,0.28712239071467477,0.6221206950168743,0.501397128583641,0.7003782233740043,0.5792123279370653,0.6709371531663023,0.6837890586929598,0.8259148275529151,0.7862444209459346,0.973373487863149,0.8885317723361347,0.6631431383433585,0.893255558938662,0.6141352227665829,0.6747109533965275,1.031664939805724,0.42319220406885716,0.7910607041791147,0.812633493556986,0.8578677990746395,0.5447803155453185,0.7651665441445055,1.040475697673505,0.5401496026332827,0.9174633434544656,0.711639423653378,1.003196595238605,0.7885337539797423,1.0794906466745224,1.1652300854423414,0.6939869083926189,0.9456003037630798,0.35774097220067613,0.6174417710336,0.6567311015858305,0.7864087783038743,0.9557238410260523,0.922688387872293,0.9443583070312274
5875,0.45167358161050936,0.16178839074095097,0.2817941303198542,0.25933679484055744,0.36292059863706805,0.8416472445754022,0.8598775886899633,0.5559232557435871,0.5035103792812716,0.691627419359238,0.8722010117220822,0.7884656512363513,0.9594143706092275,1.2356325310475018,0.6350189353504327,0.5693359783826498,0.8110345675964286,0.6777051205516176,0.2652763271976016,0.7801518505503993,0.44452756550818134,0.7140035147383148,0.6045706225781197,0.7309887451700328,0.8482096611408929,0.5311875624769686,0.284616844905177,1.03497218202954,0.46524850156803205,0.9404955986064804,0.7431284128862339,0.7034372945891144,0.332515971986366,0.5839191096299101,0.7904360467709809,0.5303756161009894,0.5760845355408051,0.4717709441468375,0.501545666789456,0.5970290595320549,0.5817849383295437,1.0311140810819055,1.0804042516093517,1.0581811392721867,0.6061949313605034,0.8996794863118521,0.5010702370218242,0.3692760728576323,0.6934410126752969,0.6870714205644686,0.7052928866688137,1.0243087825026143,0.5631307581429331,0.6300703639935784,0.8345818047279145,0.753609393651504,0.6563314251341836,0.54510367751851,0.7041756606961151,0.47339033952207593,0.6279266669580715,0.9108814855578834,0.3234498139959108,0.6250151052344513,0.8286223451004873,0.7467591731519003,0.37612707272874213,0.615048494450275,1.093842891309575,1.0709669510932247,0.1950508354068164,0.8525173017301938,0.24113360373803475,0.413561032777811,0.8611352228082427,1.1392149886221423,0.43004756119667453,1.0724119312161173,1.01462842713024,0.5919392338189577,0.6929547242220042,0.6984904074776599,0.7764013006971984,0.9563266731586108,0.30526598613570094,0.7454592680123467,0.6216984724749987,0.2868223773530206,0.658868086766736,0.5300046255334946,0.61519829736896,0.4934988862170859,0.7397418484793018,0.6164706575920819,0.8080525252116478,0.7871958873676962,1.0166109199653517,0.9339872809293484,0.7027729011057438,0.9057857372141119,0.6264631397667498,0.629409098970919,1.0605003249389322,0.3206971526099889,0.7982440485386654,0.8550755899937557,0.9156362486459511,0.5710436257356731,0.7884495649678774,1.1018865587457587,0.5958938353575242,0.9371586254022469,0.7967048907539234,1.038323189857653,0.8699676592949033,1.1392296787652798,1.2564267614174742,0.6613769129991859,0.980969862512267,0.3146081491305108,0.6626535510284908,0.6867267158038377,0.887407932360528,1.0122213200706072,0.9779429601707628,0.9980002600711624
5908,0.4997835703090033,0.17130829484621374,0.2835482214216068,0.2752076898403594,0.4112377777983324,0.8788326546142176,0.9376928062435185,0.5959230516711669,0.5671073575865198,0.726054190522681,0.9059287365779717,0.8530389840966827,1.0223340665809495,1.2955216599557398,0.6818696117102785,0.6164467723707195,0.8692862435772282,0.709651938777822,0.319129129426291,0.8389792352621718,0.47385329710743396,0.8016732236289097,0.6485823695775579,0.7556759227099406,0.9411563395380776,0.5733711479727543,0.2860502549861739,1.1314924511006417,0.4971403923616427,0.9829048834945229,0.7885176114651007,0.7353302570590811,0.3519637764180091,0.6141579355055312,0.8479972748907522,0.5715402711999632,0.6019092455795703,0.4837612380211715,0.5470040730637208,0.6222424331633084,0.6185966086500408,1.1006012806592163,1.1448892153228618,1.1429880199196734,0.6555821583698138,0.945197752304996,0.551844150691196,0.4402551718814285,0.7434029063706058,0.7351511703642725,0.7408259212191798,1.0679655030172963,0.5901596866146003,0.6710710727423681,0.753609393651504,0.9255468097836798,0.7061863286805766,0.559317662678118,0.7240725795675028,0.49331338906499367,0.6565187489227559,0.9259139115894068,0.3082516749084962,0.6298957543504035,0.8469018821155982,0.7738795668941718,0.3710875896754439,0.6041073842284004,1.129944866447497,1.1043627956330695,0.22341924842202485,0.8624856897419124,0.24320686455661403,0.42780358169510124,0.8506043834499617,1.2026396120426228,0.43319871350612604,1.1042690756659201,1.056068960094762,0.6099985301521856,0.7183988086549759,0.711784221299421,0.8268604212653212,0.9640005840141479,0.29990277259868425,0.7613279152163402,0.6332535842151643,0.3101607175218081,0.6792394315013729,0.5537644842442195,0.6166890116058152,0.5161998431026747,0.7398377786576978,0.6157543904138397,0.8116286748777316,0.8216303913614791,1.098635407648891,0.9896158858051758,0.7542068999282963,0.9643061448190295,0.6220360715917687,0.7105837219186225,1.1329414486907967,0.36401569470319567,0.8646051389546142,0.9103164824325036,0.9749647624643896,0.6206946906798574,0.8643392549459997,1.188673339851011,0.5956999419159114,1.0280954548255905,0.8659456643699665,1.117564036602411,0.9698344381888165,1.240230218997906,1.3501817938359404,0.718929868396588,1.090414304451694,0.36800842089425245,0.6927557412047831,0.7746260807521839,0.9499513488894278,1.066741666016138,1.0651359010461978,1.070505739228354
5940,0.448693610213029,0.14007811757340558,0.2677065110060708,0.2741933340686018,0.3646528406861101,0.7796958749601584,0.8037604022664909,0.5315047137939419,0.4827114620921989,0.6339366904718371,0.783100855523529,0.7511665343199891,0.8716471572154146,1.1262879995758346,0.5800042244447957,0.5261291301347298,0.748184382204482,0.637721970402096,0.25349632423205415,0.7264703138657818,0.37370769200751475,0.6915055968139523,0.5270758218969404,0.6265981982469364,0.8273487951945847,0.4415673311281482,0.23818946588806444,0.9786182264765906,0.4436712292013084,0.8532961647861763,0.6976796459073873,0.6294853841389855,0.30560076190212854,0.530082624849294,0.7725473620399704,0.529662491648667,0.5635825834540418,0.43510502066617657,0.4897308899678657,0.549441576489388,0.5661720895476733,0.950785001803023,0.9902446484455039,1.0037247836425434,0.555718836476058,0.813535102532561,0.4737567256828443,0.3819291925147486,0.6975747626632145,0.6544005460234101,0.6335880948539298,0.9244928479915275,0.524826283310305,0.6514333406111654,0.6563314251341836,0.7061863286805766,0.7683736545935734,0.5297239915243408,0.5924323628671313,0.44245043170503146,0.5793676725826586,0.8330795115203652,0.2570660029255224,0.5919039083183862,0.7311906277040773,0.7126728662740532,0.3469889353224257,0.5837880512069873,1.0318105411192857,0.9615242402265065,0.16574686143163658,0.8015400147382316,0.17589664746659223,0.34455950138711977,0.7240396124809118,1.011672294934539,0.39323541519542404,0.9087421790282595,0.890935844287704,0.5180823765116318,0.6155200329823015,0.6451652745296119,0.7418531984417784,0.8105801283744865,0.21907032020338468,0.7370604598038716,0.6111205211702518,0.23246997505502592,0.5520035020821081,0.5041099097575245,0.6555012576249217,0.4718228363262522,0.6744499223781173,0.6103540743019906,0.757073440741305,0.7607068169716418,0.984902697847213,0.848236852402573,0.6561208784535104,0.833394025166787,0.5459339716615766,0.6493377826377588,1.0155967368539744,0.32006328560606395,0.7300108086561634,0.7610527827923369,0.8558568558832408,0.5384890501206803,0.7530582255072372,1.0140209505875744,0.44725771835901423,0.9123437938220951,0.7362602882667564,0.9363145904651076,0.8411686651064054,1.0684249475226344,1.1398740007239945,0.6268990056553927,0.8961701394284532,0.2607501781808565,0.540820885101525,0.6634493271733828,0.8008846541729814,0.9270282261101812,0.9107338920494982,0.9148541114132666
6191,0.372595169557461,0.16036637571395923,0.25837797615370495,0.23734003970171158,0.28430754549213155,0.6878405640665548,0.721237424043757,0.472812839700554,0.3865041628880995,0.605165327347003,0.7305943351296659,0.626026794780608,0.7874935336392487,0.991523441577704,0.5013235277082189,0.44061164760292665,0.6600785064789421,0.5228965210492564,0.2603360498271219,0.6132656466407462,0.3817448876973525,0.5490684032714718,0.49459071046987824,0.5928088034351781,0.7067106817540054,0.43253952988013844,0.25760387560188586,0.8362295194584926,0.358694402503384,0.8048245721569361,0.6344689574386545,0.5955396154078179,0.3010822714745749,0.4613709045102228,0.6607344961622333,0.5133496803260863,0.5224232184719622,0.39973321850236226,0.39217034798659756,0.49867956901976723,0.5444367789753367,0.7972584603894376,0.8842122341867761,0.862982312853314,0.5082551345022892,0.6912120378569745,0.4780509739131772,0.29224616319789504,0.580184169549798,0.5870161546587893,0.5919763522343926,0.8225413586452314,0.4919787555695329,0.5841185928472783,0.54510367751851,0.559317662678118,0.5297239915243408,0.585317225079106,0.5418357343450444,0.44717038458894803,0.49751448489933064,0.8286479777795239,0.2937023731665162,0.5007041205261533,0.6893834759606571,0.7161372060535796,0.3659004334269683,0.5118569914045201,0.9688326749874518,0.9005176055136018,0.1397071870328828,0.7049366168762867,0.2467113857892219,0.3771205568494445,0.7513785513971489,0.9114294571991066,0.430789432616777,0.8982297495633351,0.8264910055204844,0.4793197476145225,0.5966019954631243,0.5804315669265164,0.587732111059308,0.767244451277604,0.2846178730549825,0.6646877096379293,0.5177787218893295,0.27810033367575765,0.5745073698927576,0.4472648162852885,0.6162934474092036,0.507536625317802,0.5922607911357762,0.5987018473560076,0.7325797638226894,0.6805705803264364,0.8257254206077571,0.7629198483608507,0.570206004792536,0.7730581405419396,0.5409126948859908,0.5779644642935339,0.8732009216762829,0.3751007664564806,0.6770819030492808,0.7126965267456076,0.7384572920816035,0.4594977202857207,0.6448002697005808,0.9039846934561286,0.5044140241102447,0.779536174294832,0.5965322138739808,0.8766763452598706,0.620655689321129,0.9267014831527856,1.0038378301123454,0.5924635705003563,0.8016525725060956,0.2936269857890904,0.5558731610044083,0.5267212735132722,0.6611276446637439,0.8437567720217628,0.7856243330489133,0.8234701091824455
6216,0.44649190520829113,0.1901136721826989,0.2665441624357059,0.2598234156473998,0.3591742565486351,0.8044468808647101,0.8697126009226973,0.5416736900490411,0.4848557892522264,0.7147275555962063,0.8903994731084877,0.7499673744999683,0.977992577272418,1.2114325003038233,0.6270747978828829,0.5231846905028027,0.7720841434856841,0.6455566994744345,0.3057470263139463,0.7597052127872985,0.47071173021511403,0.7031293062588723,0.5989454081967002,0.7624630956753267,0.8510531341533885,0.5366654979858001,0.31927390740153383,1.0378859607915294,0.44502838040988535,0.9485465596445422,0.7636587961421775,0.7197205515610979,0.32263552075757274,0.5974047520271902,0.780046142166393,0.5593079920430571,0.5904657463282962,0.4764940115665031,0.5106901783621021,0.5795499327122111,0.5993145122722647,1.0116780531182716,1.0658355383804843,1.0347356524554763,0.6138239505601567,0.8851115462947627,0.549608429435823,0.3471448757965073,0.6134330968544813,0.6501745613649906,0.6845652965622803,1.0162568682381683,0.5552966768877179,0.6214572229477231,0.7041756606961151,0.7240725795675028,0.5924323628671313,0.5418357343450444,0.8396072185938463,0.49666598255928335,0.6565273014686878,0.9296425829961216,0.36527023188970303,0.5414242302543458,0.8504596858768035,0.7742208657228896,0.3909557889894339,0.5514493358960605,1.078044244771089,1.045812081007121,0.18901491717582686,0.8262356850765353,0.3013229793715736,0.44970650198193984,0.9122780047271474,1.1376811589961482,0.47143514335291703,1.0981637466425003,1.0230247283939184,0.5681766493296705,0.6698707300495976,0.6559399755871254,0.6845229647634534,0.9447366173325813,0.35310172226369896,0.7205306730059555,0.5114891530194966,0.3306414706444957,0.757481631930476,0.48979826158091366,0.597274004247035,0.5542815319953154,0.6888794935233599,0.617596813905994,0.8337767678003476,0.783088078236504,0.9491931085924062,0.9018807101355416,0.6835625547857272,0.8877589065077646,0.6089573223751227,0.6294522297030123,1.0065177965457923,0.39291013621736237,0.8152089782393728,0.8569763357451521,0.8629822342971598,0.5421647183790025,0.7115455669929058,1.0631903632842292,0.6296433554511646,0.8675533852590804,0.7371901819422091,1.034404300068965,0.7814961380688386,1.0639751817329033,1.1969698071988106,0.682198973651041,0.9935771654284171,0.3740249657126905,0.7027850801748036,0.6263943600779881,0.8389744033833143,0.9945299598368118,0.923792705978617,0.9609214017501578
8861,0.31382301779066496,0.1671308940590175,0.21945099429554402,0.21950746081078729,0.2358885490344245,0.6145561030025068,0.6307427848732252,0.42540138076596123,0.3374484584452949,0.5750778554673229,0.6747135643206624,0.5532208526744876,0.7124227317280237,0.8735397835737871,0.44427665904653607,0.35083564731491407,0.5445045926759886,0.4315187427778971,0.25463494448254487,0.533266252607367,0.34913145502887644,0.491526478573323,0.46159248973468575,0.5776405935928534,0.6141957657354983,0.3921989975770101,0.26353175277168867,0.7373891946866841,0.306428483536556,0.7122604041490223,0.5596758953505752,0.5384783217007748,0.2692848433661478,0.4052073749676826,0.5437731996906008,0.44305536503086074,0.45336615470284003,0.352878069488271,0.3387941657676096,0.43013455392268735,0.46657271328256084,0.6903162869601766,0.8117043581911032,0.7754631909733232,0.4495978850695747,0.621671070566016,0.43554144771508907,0.2017775695088249,0.47189829535883415,0.48483968618154605,0.5268323552555841,0.7488322400726554,0.4068846276847487,0.49961546794795564,0.47339033952207593,0.49331338906499367,0.44245043170503146,0.44717038458894803,0.49666598255928335,0.5287301523869989,0.46942339377213305,0.802365616993208,0.34730704153122616,0.4387086616145633,0.6889340900971204,0.7068245061850674,0.3613507364979754,0.4561080122654607,0.9080803156336577,0.8114837129359959,0.12017142303088152,0.6542495109590204,0.31512815162421165,0.41010404163327435,0.8090314341130984,0.8753254492971068,0.48461996657335943,0.9035629856370749,0.8128471796927637,0.42413944786022784,0.5319343540585849,0.5212866936686719,0.5108736463810982,0.7498272279858389,0.3412638812568668,0.5911267023583172,0.4197103756090588,0.3393994653849965,0.6028372833491378,0.3914784674711896,0.5549521750649641,0.5044892837982378,0.5312648995062349,0.5500795409597318,0.7054610384370745,0.6175067212219436,0.7057434848485321,0.7081813188019765,0.5371500332202427,0.7162477779013077,0.5032237646725927,0.49268106936514877,0.7622194744595894,0.3996106838999111,0.6144858853983342,0.6972241926802847,0.6516367665514392,0.3892450683086165,0.5383347264295267,0.8592223196132109,0.5294756885064502,0.6448197113787216,0.5493388763872986,0.8237262984806638,0.540831000781402,0.7734279115442471,0.9202349811756059,0.6174762342039236,0.7527797516849924,0.34138964768159963,0.5504887598783584,0.4353026120642077,0.6046361358409471,0.7729550678433635,0.71539692112644,0.7654749087246375
8868,0.414637728279981,0.17451353650300191,0.26146672372311175,0.23818268020279018,0.3480384942174493,0.7696987668441898,0.8140905402067123,0.5102586063824711,0.46633292448992414,0.6768288383655832,0.8181087784785411,0.7268795382630764,0.8984765771269742,1.1365375340409485,0.581682970339095,0.5018877859938633,0.7264565156908953,0.5993545944212522,0.3304858867650174,0.7142365297569034,0.4316465917184305,0.6865311276380055,0.5511767553086786,0.7085817654842226,0.8118882982812312,0.49245987848747685,0.2740487702038882,0.9942613036435509,0.41284576114839744,0.8884956234190777,0.7099735123727182,0.6535721963254351,0.309626479427078,0.548435152818189,0.7335611724021871,0.5247333063514297,0.551360066296578,0.4376007512720265,0.4718951148518034,0.5296416997648401,0.5778752356079057,0.9414834351424528,1.0038401119211073,0.9908027132008839,0.5752813252134295,0.8288885800753582,0.5274504817730822,0.321143919494484,0.6312044194961186,0.6190807864679028,0.6398096674415925,0.9645900603965454,0.5158407448302167,0.5940497245496014,0.6279266669580715,0.6565187489227559,0.5793676725826586,0.49751448489933064,0.6565273014686878,0.46942339377213305,0.6686089502834243,0.875366745797689,0.3426853764315821,0.5507747955259964,0.7818449096923168,0.7386410930117014,0.3693825649801321,0.5254951016833462,1.02817979276186,0.9877302259691552,0.17174848354754393,0.7847831751534206,0.27066043930542966,0.4193763217169069,0.8369645722418185,1.0475156369626208,0.4357672533105931,1.0014060501177202,0.9595699564907588,0.5248747543668433,0.6187760321399661,0.6133705401278643,0.688343418961135,0.879480908169571,0.31527826866225933,0.6915255610154136,0.5341885595171478,0.3143455529984405,0.6723280504284889,0.4832386919673018,0.6004796929578499,0.5581732332776954,0.6491439627883125,0.6170876658222967,0.7988972344980522,0.7483605065342154,0.9343503522975837,0.8734425654620478,0.6486409621460646,0.8585420337380765,0.5712319658136477,0.6155152412876168,0.9757134202013645,0.41661845413460036,0.7613741136212133,0.8209747862898841,0.8284083576643655,0.5319466055663816,0.7130740832935281,1.0337495976687228,0.578948111053597,0.8525818230930823,0.7166224619320873,0.9795049333990103,0.7972471916285282,1.0356447594181557,1.1627711015021112,0.6920017615350128,0.9554305445398219,0.3640138191252945,0.6203993296640922,0.629754483618751,0.7982312297615102,0.9336309097816605,0.89201299156455,0.9354563841385399
8904,0.6177180240377692,0.25541423684603726,0.434418286452168,0.40726419151447885,0.45026091696357495,1.1536329151827716,1.183571137206471,0.7880964347299783,0.6769043075105527,1.0319017908490355,1.2356710978291547,1.0346940747877966,1.30563666138354,1.6253629034388193,0.8173950209389725,0.6781503793923935,1.054621239778055,0.840831319267727,0.49697798953298267,1.0401400612955078,0.6253091901478961,0.9655697723599065,0.8178946954019128,1.0251291119386754,1.1908653551658246,0.7086210778953203,0.46148106166567965,1.403729727523109,0.6066957119267875,1.3173094006302837,1.0556137489024193,1.0137313941543025,0.5073487228685282,0.7801694108446309,1.1016362873044854,0.8325406784580982,0.8896079726691819,0.6554527730965685,0.6373446060889144,0.7913415078118466,0.9051304441484378,1.326740961134592,1.500410216561243,1.451481089567588,0.8496449613640401,1.171196124239223,0.8493982637653227,0.4065808867286261,0.960613138908915,0.9251067598122351,0.9582820351238119,1.3931498963761226,0.7775215652133753,0.9269900272074346,0.9108814855578834,0.9259139115894068,0.8330795115203652,0.8286479777795239,0.9296425829961216,0.802365616993208,0.875366745797689,1.6066220019089175,0.5924231592454596,0.8551672205893707,1.2178298585356924,1.255461091141349,0.6383436105661934,0.8256215931822217,1.677133506322002,1.5342644563442611,0.214195462196992,1.2576225856957082,0.5200660083475392,0.6888103416554441,1.3825020251680706,1.6101648069256067,0.8085823081803369,1.604124451543519,1.4741995101605698,0.802016864714126,0.9416426647099124,0.9586049140176385,1.0351245320041371,1.3839581520228459,0.5468222962224627,1.1403668358034948,0.8212345683815282,0.5160546298458779,1.108003238963732,0.7232944390190459,1.0411824581327742,0.9524391962499145,1.0397221416717153,1.037725176683798,1.318240254512038,1.2046979194831018,1.3710354913635057,1.3473539300067645,0.9771403962979092,1.3129034468170995,0.9100897923056176,0.9603095321262086,1.4423785787944978,0.7499109191874537,1.1267417806555995,1.2720451874372303,1.2336212851832193,0.7635876955616135,1.05582718534696,1.5626738476578665,0.8847021979913353,1.2493271404095827,1.0192564628503624,1.508614203433706,1.08176850058664,1.4986670076149045,1.7131077207938394,1.0759966140289918,1.4257825807165827,0.5861338734975174,0.9354160648081137,0.8436637198266514,1.124371589121673,1.436608519362763,1.3267623195813605,1.3832517436875462
8906,0.22482932588826882,0.10912774781800384,0.16345443806408905,0.149448699273984,0.1544785698020263,0.41063787409321895,0.4245395498816606,0.2942490016926977,0.21910871216577193,0.42271685606276593,0.47087433328262923,0.3672828186993092,0.47764835629697056,0.5818769681028897,0.28701982732173315,0.20921156373478794,0.36554825659417184,0.2726132124539988,0.2248020706667151,0.3758815368786516,0.22302753826044855,0.33431976815707654,0.2851998985618431,0.40222041333532615,0.433290066988507,0.24768984600683824,0.21591122761799167,0.522697361307427,0.21921125834259012,0.5088261161293584,0.40579790452100206,0.39213796740902995,0.17981231202490716,0.29137499736676714,0.39571615372653074,0.31208703445826,0.32458213641356193,0.240952197555612,0.23368194737979173,0.26807772828209003,0.34605699717783855,0.468823877024975,0.5564780120587512,0.5176833451196298,0.303092362416806,0.4424686259401858,0.3501005018590619,0.10986649656697076,0.27509613034479735,0.2977590676113301,0.3323945055399863,0.5232683157211534,0.265200247783703,0.3245413748661204,0.3234498139959108,0.3082516749084962,0.2570660029255224,0.2937023731665162,0.36527023188970303,0.34730704153122616,0.3426853764315821,0.5924231592454596,0.3874438067305521,0.26181610963478885,0.5129579145009572,0.4975506671819782,0.26693597080576476,0.2629825751755114,0.6383234164400065,0.5682670806443152,0.054737082737527205,0.4581808983998891,0.29977641739372335,0.3287954775847307,0.596587389700119,0.6252096802580732,0.35366027590689364,0.6621014708676614,0.5857608675493232,0.28288513274442423,0.3227229907282242,0.33329282702805646,0.31401308740949696,0.5483390758903227,0.2907992191104381,0.40122032344403463,0.2137181475902353,0.2993825297660803,0.4967311764075904,0.2562274452208498,0.3741160407849717,0.43658473235350653,0.361241681093769,0.3948107675194185,0.5258561251280387,0.4530237682042307,0.46758488173691287,0.500343933490651,0.34820335037771516,0.5009852189564096,0.3491210660486933,0.3349260226292357,0.495930297908165,0.3774730480133499,0.41698588947219956,0.5146354754945308,0.4314966661764226,0.24459518728414742,0.3307524465011484,0.5895455229942971,0.3985158717506344,0.4106332676394157,0.3513797042023833,0.5734780025823227,0.33823080200093414,0.49426892966085845,0.6290412031931023,0.47475599758585985,0.5575999700888167,0.3167870618712729,0.3679667978901534,0.2849892715762105,0.39354964661444514,0.5350545076946781,0.46843613841397247,0.5053284792301838
8907,0.3902457965545529,0.11806012883199607,0.2510173196719046,0.2264186524873898,0.3090079322549971,0.7398031271677084,0.764234551481444,0.4846025303392104,0.45291701677674595,0.5938944737048757,0.7279398740638997,0.6885204192327623,0.8144169011251481,1.0392680112141088,0.5287242599598783,0.5024692006054577,0.6841311695443976,0.5924444493621274,0.235776859521129,0.6600991643155479,0.37422840082973213,0.6502133906490635,0.48210943453113503,0.5894467407681737,0.7365394770050282,0.4469491808481737,0.21022610134338576,0.8657468476955938,0.4078973150511953,0.7925717040228552,0.6456502409760373,0.6098396814981631,0.30004653842000134,0.44934800361178995,0.7117727910670593,0.49391220538426517,0.5286707594035478,0.3882210633915922,0.4101691209292969,0.5068242529565941,0.525281823001115,0.8345474836781418,0.9720461688445139,0.9458698187353782,0.4911817228076262,0.7176913429336571,0.43166310257780427,0.2906090197117305,0.75506065327781,0.6041386441460945,0.5883561213514681,0.8435384893151425,0.48533811267153276,0.5807261042247173,0.6250151052344513,0.6298957543504035,0.5919039083183862,0.5007041205261533,0.5414242302543458,0.4387086616145633,0.5507747955259964,0.8551672205893707,0.26181610963478885,0.7978085826293337,0.7203150669685621,0.7390743308778386,0.36149831971380497,0.6167668478530488,1.0095744354378147,0.9639038584778679,0.1635646164216668,0.7731838503839931,0.17409126661352048,0.3443007666255516,0.7405959431488124,0.9546605993809871,0.40673974567577353,0.8841260020190932,0.8829203522239103,0.5112727323513909,0.5743621158482098,0.6558882435245921,0.740602339474474,0.8094916379761943,0.23323931176104176,0.7702347736739621,0.6673206215906116,0.21796109306490016,0.5299604944448337,0.5304507983018121,0.6802597544783938,0.48982574353129776,0.6712488582819287,0.6964262731580712,0.7722097858182216,0.7429080808519072,0.9354001868379476,0.8680450625352443,0.6267766530961166,0.8175875135229814,0.5350319410514501,0.5964814233111414,0.9976838995647638,0.3159133355161091,0.6682976793135009,0.7321296567854096,0.8358406593178294,0.544454466626652,0.746937031049342,0.9671727978798353,0.45823258542759104,0.8713138803872248,0.72318177502193,0.9045407863366838,0.8000270234364119,1.0473007535948273,1.098649534137773,0.5936284562908992,0.8693102172134347,0.24910534635086062,0.5434479858568891,0.6080452909128278,0.7745529710033772,0.908086382950546,0.8703256787236364,0.900364203765152
8908,0.5275492620423357,0.24010095579733587,0.352221367561177,0.32611222166877823,0.4202793505666905,1.019058541187935,1.0273783657010134,0.6789108924920356,0.5785902142888482,0.9055443129525997,1.0930349787936982,0.9330740904894991,1.1808073811813309,1.4645617122983015,0.7441878872710385,0.6125249447478343,0.9226540377803216,0.7490325695201562,0.38064888312990797,0.9168489441959525,0.5545431378945922,0.8337894639210458,0.7566343071903978,0.9343120352042483,1.02556887129939,0.6374764714169625,0.41673901764270144,1.2281768250312983,0.5353214749478041,1.1566372835317327,0.9102969692418921,0.8868516323720043,0.41856159874336996,0.6928426013090397,0.9268463360862317,0.6897291560917691,0.7328747053653653,0.5763263989766428,0.5754218592132954,0.7263112991961246,0.7570735269438696,1.195147559386696,1.3314151251202044,1.2835842481457944,0.7574701370737337,1.0579313279450324,0.6872017949905573,0.3790790277026621,0.7860462875463923,0.7907895427606889,0.8709092080194876,1.2543410567087625,0.6552048687579554,0.7801394590146272,0.8286223451004873,0.8469018821155982,0.7311906277040773,0.6893834759606571,0.8504596858768035,0.6889340900971204,0.7818449096923168,1.2178298585356924,0.5129579145009572,0.7203150669685621,1.1776285179479473,1.0381504138443558,0.5322380340958699,0.7101992730416521,1.4110622770928412,1.323674011623771,0.20113682888317438,1.048884392593459,0.4141647820105557,0.6157973032942565,1.1959662254841248,1.4063573312126985,0.6724804031133423,1.4292672955800472,1.2872185597120716,0.7255134474391823,0.8617040712908749,0.8360464681299805,0.8657725803117496,1.2284196247700467,0.489943800701644,0.9354268895416493,0.6585561898219061,0.4584132273662529,0.9599536027487937,0.6272302732098579,0.8125412800781612,0.7518256297429488,0.8647861294935515,0.833407498411056,1.076799220466049,0.996798961625202,1.1795192335201476,1.1431492876022997,0.8568816634981153,1.1421865346161864,0.7900543252051393,0.7861483184821164,1.2516633779852613,0.5765338526708123,0.9875017663973304,1.120033638701326,1.0788805032045996,0.6471284357027701,0.8896895333830568,1.378154615009072,0.8293454665159684,1.076893905184875,0.9239755769833321,1.333338008768145,0.9511474108147604,1.3157640015663996,1.5073433147158581,0.9393940125936389,1.2281735748244322,0.5107032576106152,0.8569955925275676,0.7523156358872332,1.0338585623466,1.248579990713947,1.1542056831341583,1.2282441859421627
8909,0.5230112771201947,0.21655347340946912,0.36116575113163324,0.3391164652631946,0.38718695966984185,0.9707068987954057,0.9941582482058297,0.6682348952604104,0.5630556107774002,0.8895818004468982,1.0391678510718159,0.9020436650339686,1.0921471118356485,1.3709404664274853,0.6805325814639671,0.5661661750486994,0.887999441194478,0.709900068367093,0.4085498333971603,0.8560557363695706,0.5097249633122675,0.7908675925706549,0.6835531395711355,0.857422049657708,0.9923816795148949,0.5711780724774866,0.38322576509632134,1.1816312691771547,0.4884229936108951,1.1124836927976733,0.8982266444866928,0.8519770692217651,0.41561177329510324,0.6400086386899504,0.9226674417209505,0.7210887371217697,0.7459555028519265,0.5545654850025052,0.5529450621688622,0.6701144409750656,0.7549345731102823,1.1219361986254939,1.2761354154504083,1.2404285411017493,0.6949938167234944,0.9729241896099349,0.6993472522742686,0.350246060894329,0.8205692717406873,0.7863389533817804,0.8090478105516072,1.1555896188533463,0.6481396057193868,0.8031739096056183,0.7467591731519003,0.7738795668941718,0.7126728662740532,0.7161372060535796,0.7742208657228896,0.7068245061850674,0.7386410930117014,1.255461091141349,0.4975506671819782,0.7390743308778386,1.0381504138443558,1.225104720562677,0.5550745236840867,0.7319539372380384,1.406821686105142,1.2966575217655307,0.16134808350310237,1.0419768648507712,0.4391880382361673,0.6051402170097213,1.178780468612527,1.3280584922194416,0.7057165388372426,1.332474999163137,1.2466004075152537,0.6578880269475609,0.8187700805704223,0.8381391447673029,0.8445748393448997,1.135594679217455,0.45942351159693634,0.9956027594801763,0.7205462352031898,0.455047104977497,0.9169067820482185,0.6351467453036717,0.8895050820662087,0.8255443505306764,0.8624941751649013,0.9152436988131829,1.1146327286370943,1.0158321105280352,1.1473592297894688,1.1131986632779434,0.835969938692843,1.124698862817511,0.7772730179083641,0.8130003642831584,1.2291670635439105,0.6163289511619782,0.9402951287777708,1.0680469133602026,1.0359779538925054,0.6266708771797764,0.8730212501330245,1.3093934858221719,0.7436283892709885,1.0689383365741791,0.8654692654533357,1.2713564579135694,0.8809927161824155,1.248055089770275,1.4333778841735378,0.9213617612395886,1.1890776761919668,0.5010371718600201,0.7974162471235582,0.7105801332256267,0.9423370555196502,1.2022877051092928,1.1113384938049538,1.1669858907748614
8910,0.2556115937175301,0.12661490933909472,0.1809282405922528,0.1702793725418182,0.18611090899735286,0.49227649711069565,0.505209126062065,0.3361285752558402,0.2690357087290233,0.4524518517045841,0.5328271322238488,0.4352468266456509,0.5625561244169132,0.6866459299464148,0.3433420169720121,0.27366892600164305,0.446732043055702,0.3489359735099009,0.1927223144882704,0.42660857188528856,0.27831731451329783,0.3827680116004166,0.36036639991638825,0.4434599283712176,0.4967384188877334,0.31553954788650995,0.2053904142477692,0.5875801214945163,0.253450982086377,0.5716722960418826,0.46025870119250634,0.43682761218703803,0.2155911071633169,0.3230161752339542,0.4477288901039184,0.3552914375830527,0.3759898450408044,0.2797935180625099,0.269225799961307,0.34130788836212783,0.37915295927379494,0.5534820510760787,0.6434314609153777,0.6190254788538088,0.3532073103163987,0.4937564976955621,0.3502212531457227,0.1575512305007108,0.3769505609587366,0.39756516782162704,0.4175272384061423,0.5928365434965447,0.3402740941391059,0.40529784480218717,0.37612707272874213,0.3710875896754439,0.3469889353224257,0.3659004334269683,0.3909557889894339,0.3613507364979754,0.3693825649801321,0.6383436105661934,0.26693597080576476,0.36149831971380497,0.5322380340958699,0.5550745236840867,0.3151523284061504,0.3554756534718807,0.7195468776644194,0.6505313189057982,0.08337404555544423,0.5261478509960259,0.22696047006378567,0.29683735928425853,0.6086392672023151,0.6702944602219415,0.36651155427587573,0.6933968350263295,0.6273172014674463,0.3353829341374937,0.4102015912254332,0.4065688913829592,0.4208934704619333,0.5973281578088192,0.2516927162406588,0.4831147858271943,0.3325628401234179,0.21822139225776188,0.4884492756710925,0.316481699177281,0.440491330110868,0.41279743900647753,0.452340549530302,0.45730695595812815,0.5669926313094629,0.5139863872847924,0.5745773232087296,0.5532739365626782,0.4142634884332219,0.5672614949307753,0.40385916347340245,0.4011472534898845,0.6150092285842972,0.3051686829134316,0.48678454015904393,0.5363655548612628,0.5176589798658253,0.3138757463608173,0.4333361548337288,0.6600636972181666,0.41741831945252256,0.521234341960678,0.42651283314518523,0.6435849387288782,0.4208905290862139,0.6296133105610079,0.7218793419141378,0.4629355322360318,0.5875209067985083,0.24372965875129354,0.41929858458366365,0.34696563816464054,0.468080736971342,0.6038476555206019,0.5573683950713103,0.5913411179283119
8911,0.3789731430318286,0.14726237727909894,0.23667823303940552,0.22448661014216162,0.30017864377627607,0.7025446521668152,0.7636541855264675,0.47631919109784115,0.4062694567308724,0.6084751566503103,0.7404906811161966,0.6687193084534602,0.814968954706473,1.0421090823900427,0.5262677091435854,0.5113973355202512,0.683168189836151,0.5611947614310013,0.24115889892919062,0.6346942028548954,0.3892764668700293,0.6138456125138922,0.503630322106481,0.6111989892936628,0.7124587865914083,0.45736075111498525,0.2424083401628623,0.8640795326080668,0.3681418554842334,0.8069925572818948,0.6293600811286275,0.5944038530414983,0.2984642092640827,0.4497546741919608,0.6834331073807468,0.48105868522995676,0.5303246507584365,0.4001602188631931,0.4108592797516754,0.5292546574027985,0.5215819932225507,0.8337269316184897,0.9525579737427478,0.9236491908977141,0.5046446135661377,0.7273231170284952,0.4431001127221497,0.3026275598288499,0.7260457544790915,0.6201905607287669,0.620470507432676,0.8487303589363892,0.49708664059885593,0.5874457362330336,0.615048494450275,0.6041073842284004,0.5837880512069873,0.5118569914045201,0.5514493358960605,0.4561080122654607,0.5254951016833462,0.8256215931822217,0.2629825751755114,0.6167668478530488,0.7101992730416521,0.7319539372380384,0.3554756534718807,0.7537302340890897,1.0124236751913882,0.9174723572333546,0.17539372692023542,0.7528346572043019,0.215531259693651,0.36106436358820726,0.7205536272463068,0.9258625185177426,0.41017920567478205,0.8850084206084414,0.8606828325201592,0.49512363942877113,0.6162262154248692,0.6252955325410805,0.706228316940397,0.7875487323870276,0.26556166465908704,0.6915403861886756,0.563920868246928,0.2446875747886246,0.5504649016664668,0.48465311308799286,0.661951054352614,0.4628377182691613,0.6039644491523818,0.6311839749754391,0.7102061199778142,0.6704426520874512,0.8710673374902402,0.795553119019357,0.6125959164838759,0.7968371364404858,0.5639834429663023,0.5779772643519874,0.9538057540656141,0.3286132955497421,0.6758354982671675,0.727538078543533,0.8025948981982833,0.5222904477115622,0.690315259769063,0.945145011571706,0.5101521505651001,0.8206339037568129,0.6757461513781688,0.8928727678438286,0.7430143453374853,1.0009446769373682,1.0761990302767581,0.6065506815247509,0.848373327106144,0.28861045682560743,0.5704167166166474,0.5922112659715129,0.7402627566125427,0.8756042393457428,0.8353248428674034,0.8709730000574759
8912,0.7171833468634727,0.2999258239739065,0.48240227504845246,0.4481569445724695,0.5452773623801115,1.3571073628011041,1.3946947371842024,0.9217201329100556,0.7920131198671166,1.1806412412233886,1.43071455254077,1.2425124967056256,1.5388958037396463,1.9429572763084275,0.9720735162332012,0.838193796004314,1.264430059573607,1.021966137764805,0.5285235452096426,1.2243453044160404,0.733908179997393,1.131345671504294,0.958096161410866,1.197126902377245,1.388906443037911,0.82439996304895,0.4996685744248091,1.6558924183387145,0.7193224955816561,1.5386907066269082,1.2245002256205773,1.179770128104927,0.5745385764082527,0.9024455499745514,1.2633516229561241,0.9631374720250181,1.010798677005551,0.7602587433955236,0.7601216088490922,0.945194812010591,1.0262986454962046,1.5658696988195508,1.7623282251436974,1.7031056875260726,0.9736576727749721,1.38354339737245,0.926688292336854,0.5224397637494907,1.1710585296879659,1.0979266114848556,1.1291786845576024,1.6337770533792513,0.8946784019308028,1.0864662444367537,1.093842891309575,1.129944866447497,1.0318105411192857,0.9688326749874518,1.078044244771089,0.9080803156336577,1.02817979276186,1.677133506322002,0.6383234164400065,1.0095744354378147,1.4110622770928412,1.406821686105142,0.7195468776644194,1.0124236751913882,2.0475647030125947,1.8072089906328375,0.28624944142244574,1.43107919652982,0.5608626734194369,0.7800816517067072,1.5779747994360291,1.8560435726267661,0.8902134287326051,1.8214966562091475,1.6913754822941875,0.9508324763765648,1.1167216117288226,1.1234341373487258,1.224487994256835,1.5815895971064267,0.586523803529399,1.3068979716667823,0.9819209616261503,0.5689547132081496,1.2197207182064143,0.899261285949791,1.1928396736287017,1.0295217828597685,1.2075349130550552,1.1616804116320865,1.4828650772865293,1.3752553498501243,1.6275111742379509,1.5552299597887558,1.141041313450875,1.5391793533444549,1.0584584051374342,1.098342421682069,1.7260605981308537,0.7636790223803736,1.320772456567581,1.454606337574673,1.4664874989865473,0.9039955370581663,1.242593695682845,1.8345211534566164,1.0198099037772994,1.4942529346277071,1.238677477322182,1.7461065572924868,1.3147015979167804,1.7938368079718006,2.0185580227860447,1.214705312170962,1.643840258775736,0.6409861600128359,1.090541623379797,1.0412859539619677,1.342790488871044,1.6660934461546204,1.589150427275973,1.6389705364813936
8913,0.7008192467118808,0.28282157511299266,0.4674777460737851,0.4207922645221065,0.547801550482236,1.2983342047957496,1.3544426066996418,0.8812369437769348,0.7612012355801954,1.133095967032751,1.377550155382032,1.191236838039164,1.4793104742548353,1.8825647387073536,0.9550160354296985,0.8358707546323659,1.2380487970941887,0.9857291663767805,0.4895503737638574,1.186956723381546,0.7260363503787011,1.1089098549478813,0.9457716152485176,1.1640938475992142,1.3328126075955886,0.8421935955309384,0.4729461625416258,1.5984400365242815,0.6840987272517673,1.4745244461986962,1.1714182201184755,1.1334560119974075,0.5583993478156931,0.8738597324741221,1.230742504322363,0.8962858076065505,0.940290832124097,0.738493082325885,0.7443123144360289,0.9336008988284343,0.9691419215336645,1.5399116095424903,1.69503649396904,1.6435764055768645,0.9540871289257363,1.3575543714095104,0.8741753376370234,0.5294595186705077,1.1049728337498586,1.0735299020946178,1.1034833675552127,1.5780048518969005,0.8901081228302673,1.0212620223368187,1.0709669510932247,1.1043627956330695,0.9615242402265065,0.9005176055136018,1.045812081007121,0.8114837129359959,0.9877302259691552,1.5342644563442611,0.5682670806443152,0.9639038584778679,1.323674011623771,1.2966575217655307,0.6505313189057982,0.9174723572333546,1.8072089906328375,1.78701337426862,0.2961627191963782,1.3375272905094466,0.49258096701210097,0.7178669542847639,1.433082125314884,1.780714125930154,0.7971866321085876,1.731283230311511,1.6037199831604543,0.9282128009138223,1.060987212875672,1.089119928277694,1.1637173367638787,1.5000020635206193,0.5451563273772557,1.1884366879716664,0.9471606186865053,0.5240077317487869,1.1266348378464994,0.842515446262196,1.0746569368832242,0.9343147959938807,1.140544679006689,1.0624184443630882,1.366833564019503,1.2771166075929317,1.5855405147915411,1.4859852230262938,1.090367491648484,1.4663620419577434,0.9864667053297393,1.038249880067841,1.6674042811995033,0.666995709007223,1.2903711288835382,1.3890250094597871,1.4140378530699378,0.899308106300588,1.2313441751460599,1.7447222328951673,0.9911089293376314,1.45747288394578,1.208276633640975,1.6749066615387023,1.3058226543826603,1.7565125551283054,1.9571974396276621,1.1352522574134754,1.5807537840213457,0.5945457585538113,1.0784420789458864,1.0275273203089172,1.3175015399655112,1.591878194503852,1.5211431595878429,1.591165934485114
8914,0.11759981462219755,0.05378197112741374,0.06775160522621036,0.05541061093102633,0.1078448485199081,0.2267041518667167,0.25948285113984454,0.14655646990751012,0.13234057871309476,0.18263457679801354,0.2354607425460813,0.21303367389642444,0.2790874471313533,0.35470124082617505,0.1947209919796691,0.16936248374724552,0.24381110759219737,0.1887368771192041,0.08035030160948484,0.21965006213084262,0.16615803714176763,0.21065948395036593,0.18112553391116165,0.22544153427109462,0.23435988311608447,0.1879066969704003,0.06602646174332079,0.2857841021814609,0.10901138353309343,0.2609488122377239,0.18892269533838416,0.18916763497253758,0.09367513502805305,0.15823400783071281,0.20474051993873957,0.1384790176236088,0.13679314337386675,0.1260278571641231,0.13602129804757684,0.17159524701708265,0.14668382818581122,0.2881546220724266,0.28453726611622937,0.28876298780165494,0.17505272920731516,0.25592242516172387,0.1264601014712694,0.12160471464639039,0.21132260743388934,0.2074501927034512,0.21723286384976562,0.27890116214631516,0.1554717485743421,0.16146501132457158,0.1950508354068164,0.22341924842202485,0.16574686143163658,0.1397071870328828,0.18901491717582686,0.12017142303088152,0.17174848354754393,0.214195462196992,0.054737082737527205,0.1635646164216668,0.20113682888317438,0.16134808350310237,0.08337404555544423,0.17539372692023542,0.28624944142244574,0.2961627191963782,0.1401662452731333,0.2124229224656028,0.048152171501508974,0.09665607278049383,0.19317293893218815,0.2969974661223321,0.09270781421351774,0.2797708011988489,0.26294529059073335,0.17437842205405082,0.17366267046001538,0.17867830466545156,0.21864847100928386,0.23762719192767467,0.06434066199945139,0.15919709415534733,0.16746925987073133,0.06183367194845477,0.16290867380453797,0.14420342920847304,0.1356149417748056,0.11273414067667406,0.17194256293728574,0.14058315072952496,0.17480924639526582,0.18151381243373846,0.2878217279731789,0.25231989393399107,0.18584836699401963,0.24499663033654823,0.16654252133370015,0.16871093063427278,0.29566818151860125,0.07681917313278006,0.24743974543915817,0.23447197503642547,0.2604932146832192,0.1947422671691131,0.24822433896752835,0.29110037368407854,0.18826871522153668,0.2688204170825034,0.2442670264438496,0.29716492780021936,0.27302177764086705,0.330233091296338,0.355342337401964,0.17482153734878395,0.29896548885873214,0.09265968407427248,0.228027885558381,0.20501783077840832,0.2585136771119416,0.27980550440707186,0.2840709931049,0.3037326576624822
8916,0.5559376860856314,0.20489226342288056,0.3635391493850466,0.3367169243754379,0.43189738340643424,1.0199039800689051,1.0543693996413888,0.6900508591375172,0.6035018328658412,0.8866810749019379,1.0821647341275706,0.9322391171191138,1.1772920832856397,1.4859405661614171,0.7448680780298118,0.6429031493128031,0.9605559680889166,0.7975858966719973,0.38480325915954716,0.9370151039362284,0.5520797830132848,0.8759453431261226,0.703341840082913,0.8978493853224029,1.0675185341997986,0.6250098252546169,0.36169065038667453,1.2739739711285434,0.5787295116124161,1.1495545902640143,0.9313357781113858,0.8959653734950187,0.43352556138004644,0.7129867118584082,0.9796255762915902,0.7167214885114778,0.7646206103548262,0.5720001825860068,0.5984795314930581,0.7055456595986206,0.7733220418410917,1.2259505344818575,1.3451771989375692,1.2956932676773818,0.7424260173001844,1.0886691512960123,0.6825270669778372,0.4049932818740448,0.8856303468211132,0.8172877655415653,0.8350338308869526,1.2328502776278567,0.6779297007425322,0.7990208237637086,0.8525173017301938,0.8624856897419124,0.8015400147382316,0.7049366168762867,0.8262356850765353,0.6542495109590204,0.7847831751534206,1.2576225856957082,0.4581808983998891,0.7731838503839931,1.048884392593459,1.0419768648507712,0.5261478509960259,0.7528346572043019,1.43107919652982,1.3375272905094466,0.2124229224656028,1.197230210514876,0.34764971712113035,0.567326643979231,1.1388099779508354,1.4116063732914954,0.6222754805708299,1.3633251494523893,1.2835680966369045,0.7078169906584043,0.8286155077057652,0.862616644313609,0.9639483490779984,1.2061168569444385,0.41672325995308435,0.9988134353532843,0.7407125807098404,0.38899383273795773,0.9032637362609447,0.6561832572422764,0.8790656399272531,0.7602425919570182,0.9411379068425912,0.883647632868779,1.0988274768755935,1.0597630912587654,1.2428497806435648,1.1577867487963653,0.8709209403604053,1.1478789317324827,0.7805979095059705,0.8215296057389883,1.3156317592655797,0.550572158071875,0.9728851119514081,1.0731104310129282,1.1090850099919918,0.6949523760418636,0.9583717325016082,1.3791266544003484,0.7263492724272669,1.1294479566853106,0.940766784006196,1.2949467158720929,1.0293100286533192,1.3580566646971572,1.5103582972047378,0.8917416311057418,1.2247367899073678,0.44003265433337974,0.796951913563516,0.775622227527958,1.0445536887948261,1.2529662052185864,1.1770172224249698,1.2177980973864935
8955,0.1813086084529584,0.0907150408586623,0.1369234448042915,0.10336339737413895,0.10861498848556779,0.3142043839796384,0.3476818973772274,0.2521263822084176,0.1599383927401165,0.3616800863028983,0.4030978296593219,0.3248429470857833,0.4085951180316873,0.47307976870783436,0.24626917982855517,0.1648698707069151,0.2887712264941648,0.19729278879141365,0.1728724757330731,0.3128287693354804,0.21216377771190809,0.2587366218800527,0.25894101856418117,0.3721034592841366,0.33758637758616283,0.22451298284059992,0.1899628029941686,0.41535559046013737,0.15124272584354337,0.41327116391438784,0.34939309710379823,0.3392917962600577,0.15861891740058418,0.23709691627761564,0.27318328589424773,0.2599516198678585,0.24553956495071733,0.20856177646063517,0.15523857268876115,0.2166896513233046,0.25796264551050585,0.3713475781361404,0.4618633718058675,0.41752579072692,0.2592496205340077,0.37308649058627363,0.29392872058094605,0.10729879520850417,0.18485274674213242,0.25312304488930853,0.2874685722618302,0.4319708339792637,0.22225796350867544,0.25740298789199995,0.24113360373803475,0.24320686455661403,0.17589664746659223,0.2467113857892219,0.3013229793715736,0.31512815162421165,0.27066043930542966,0.5200660083475392,0.29977641739372335,0.17409126661352048,0.4141647820105557,0.4391880382361673,0.22696047006378567,0.215531259693651,0.5608626734194369,0.49258096701210097,0.048152171501508974,0.34764971712113035,0.6588246436061646,0.34386519313433833,0.5567517767520196,0.531653508131066,0.37383270662237184,0.5809253157104056,0.5301830192832231,0.2527131153115283,0.2975347711362367,0.2742823035181063,0.2440401471238166,0.44740742395512906,0.26205817069876003,0.3271300218717655,0.1319969659675559,0.24729219656888882,0.5037992677570128,0.23558394154375498,0.286370419803172,0.3223438650782879,0.2654078374710571,0.29712345277212704,0.40228396525479215,0.3415276441843246,0.3768091270623867,0.42385011068333084,0.28506312614806256,0.4193903406945414,0.29134724606859197,0.2573615228381461,0.38477363417878113,0.28069325841180504,0.39072482915611,0.46683484907802975,0.3624542491879983,0.19361666953041454,0.27493843609923907,0.5141930036818133,0.4076453840127614,0.3185195150951132,0.28724811774056574,0.5109639570435078,0.25921625812813237,0.39340907370232575,0.5565198148927416,0.40920938513282384,0.44789837332764787,0.28540249979738014,0.3632843943325201,0.23152164109828183,0.3484096130796739,0.45218965973406383,0.38425179839347584,0.43542279853860616
8956,0.2651877118842325,0.1354741011009656,0.19541422584804632,0.16153561585251622,0.20338226692022285,0.5160517890727333,0.5399197144278649,0.36974393548116924,0.2790477568687359,0.49609110399750206,0.5951545045519843,0.4728361959350755,0.6221085549218066,0.7588428680426009,0.39104344642532857,0.29908036143750155,0.4780091326791517,0.3626615948378767,0.21277205317441378,0.49728951011053135,0.3112483992022923,0.4138813419510445,0.3954802315094472,0.5215611012213274,0.5326531262494755,0.3532374120112398,0.25134296797423233,0.6459660693987709,0.2774189418597623,0.6278861955578335,0.4877728030607115,0.4804442806937247,0.22943476891552425,0.3638589956155823,0.46388474218105474,0.3830241592453265,0.3781720514335137,0.3051880361342533,0.2853084333229942,0.3695096216483521,0.396517454935938,0.6140018477228457,0.7084268783902598,0.6695055181990927,0.40456342671762624,0.5669749249554108,0.38080274533427994,0.18543148416631047,0.37455074185982523,0.41428559563843964,0.4502987027612492,0.65527984254529,0.3461283036223603,0.40075103763775705,0.413561032777811,0.42780358169510124,0.34455950138711977,0.3771205568494445,0.44970650198193984,0.41010404163327435,0.4193763217169069,0.6888103416554441,0.3287954775847307,0.3443007666255516,0.6157973032942565,0.6051402170097213,0.29683735928425853,0.36106436358820726,0.7800816517067072,0.7178669542847639,0.09665607278049383,0.567326643979231,0.34386519313433833,0.4828381563334456,0.7032572788873045,0.7740128252414424,0.4269651394955162,0.8191741597323674,0.7320390793645895,0.3844078020492659,0.4563544081090358,0.42645311033961797,0.42593171977600863,0.6743598130666932,0.3196732954097426,0.49671226966196724,0.2914723029722182,0.41736953448447117,0.6128176620586331,0.34545577816489126,0.43877679717748125,0.4342918875836725,0.4507643590684806,0.437093314278024,0.5959777332676609,0.5212415717856418,0.6041144252995541,0.619422960919035,0.4510788403793419,0.6145235372479719,0.4222206025374822,0.4008281793463787,0.6374980349666911,0.3386461281568888,0.5362199496325465,0.651501832108813,0.5694850185217957,0.3261021426577771,0.449556306418613,0.7471591305237884,0.507295876423486,0.5357306171494861,0.47520637144559047,0.7315568043716308,0.4740977893094386,0.6678635419715069,0.8074195878996145,0.5343736578992011,0.6788901226686119,0.3113598263147668,0.47584003064735636,0.3730064736031694,0.5496289877188012,0.676686545557409,0.615097051965821,0.6574798570399318
8957,0.5481193340104121,0.2569419409349746,0.3880390557177184,0.35602795994754566,0.4181587442125807,1.074114392191483,1.0759018529795776,0.7366624360484769,0.5910438783099591,0.9870644928269169,1.179170651979153,0.9488026382950994,1.2355715992960385,1.510393216963201,0.76649617167512,0.604954693400457,0.9608162429933501,0.7611851558413548,0.42718229443313604,0.943380716441781,0.5964832234130516,0.8584966691139041,0.7783260457895587,1.008616287259761,1.0857194280663303,0.6690908482787212,0.44610264075027434,1.3073102407286465,0.5650046883842549,1.227257839780355,0.9795765755570519,0.9538094490109748,0.47208761321955955,0.7399722281063179,0.9803788114059815,0.7599303561187679,0.7978802185726889,0.6115305035075502,0.5870841925739226,0.732323009773947,0.8152562262090355,1.2291401848550676,1.411912994412804,1.3389021541842945,0.7870308723605854,1.1143375786196779,0.7736542452911704,0.34444030357831396,0.7776885000499707,0.8279595812988968,0.8992690252776494,1.3175725400464537,0.7050103273422809,0.8227794737065014,0.8611352228082427,0.8506043834499617,0.7240396124809118,0.7513785513971489,0.9122780047271474,0.8090314341130984,0.8369645722418185,1.3825020251680706,0.596587389700119,0.7405959431488124,1.1959662254841248,1.178780468612527,0.6086392672023151,0.7205536272463068,1.5779747994360291,1.433082125314884,0.19317293893218815,1.1388099779508354,0.5567517767520196,0.7032572788873045,1.5504662852533522,1.5832187723262154,0.801598455266771,1.5924063364073473,1.4310198187488024,0.7633007169958057,0.9031070007196659,0.8781045747158001,0.8691523913363376,1.334277047912005,0.5689429580921447,1.0021313967471785,0.6246077693892728,0.5747992124641087,1.0680908517257064,0.665684108589652,0.9113859187062398,0.8605120724686592,0.950668251052907,0.9327633502830547,1.2636536203889368,1.1248643602209607,1.2214624004019168,1.2326846461119874,0.9054893276687269,1.2394906853439762,0.8580080374500186,0.8345895772238289,1.2973417186460272,0.6878004267046678,1.0658252181212797,1.2110043003987834,1.117833213912831,0.6606962515166381,0.9229417366494556,1.4793097349094693,0.9521630752700712,1.10221397727872,0.9514724758495816,1.4217666539485776,0.9241519268834729,1.342888696899272,1.5976826912033537,1.030640404341573,1.3267135307796047,0.5859957810796148,0.9443001969769623,0.7450881493755326,1.0504638739692584,1.3301920436417434,1.2173222030281727,1.298506672251918
8958,0.716629543463643,0.288757801481163,0.4798270357858306,0.4427472387672857,0.5901731670929721,1.3714707571298428,1.4172073756010057,0.9322582849194667,0.8052159248119372,1.1815014804291735,1.4512753577177064,1.2611295137977454,1.5824405565964001,1.9753178360369854,1.0200842433737167,0.8630316052885337,1.270444823626286,1.0398152443916608,0.4982971485570208,1.2585654443595673,0.7493110069058752,1.1576906450744486,1.0051624001127375,1.237065464444326,1.4058881500985794,0.8772865936768538,0.5037866582508219,1.6975544169192442,0.7393354789070072,1.544834291438116,1.2267191651385856,1.1789643751837555,0.586280595790869,0.9444944781843743,1.289654384231728,0.9249004217295871,0.9702431994926558,0.7646727968271955,0.7968670423143329,0.9693817783171285,0.9981032721957895,1.651021265273514,1.791543032157203,1.7425416661330304,1.0102774076524943,1.4412054652032507,0.889834984035953,0.561769676226634,1.0789188692851859,1.0970425839168993,1.1536134434237184,1.682388275398907,0.9131171408253264,1.0364944616307146,1.1392149886221423,1.2026396120426228,1.011672294934539,0.9114294571991066,1.1376811589961482,0.8753254492971068,1.0475156369626208,1.6101648069256067,0.6252096802580732,0.9546605993809871,1.4063573312126985,1.3280584922194416,0.6702944602219415,0.9258625185177426,1.8560435726267661,1.780714125930154,0.2969974661223321,1.4116063732914954,0.531653508131066,0.7740128252414424,1.5832187723262154,2.05720870866397,0.8478330366776125,1.870160758230216,1.7203516192933421,0.9824820574751401,1.1363256917591804,1.1077942382330723,1.2058220692605643,1.5899066279281062,0.6015893308606975,1.2459606351578214,0.8930719610079548,0.6034180443075954,1.2382112345942,0.8257680433959854,1.0526170987129009,0.947059232618557,1.2156613251387194,1.0811191553081534,1.4293410979305896,1.3307224795971473,1.6530062917515538,1.5535710581103819,1.1602297960146402,1.5389349751726709,1.0242446845931508,1.0679541210554453,1.7117721675751685,0.6935248955158912,1.347442408448553,1.4725935579673968,1.4767413973956143,0.9217742829541049,1.276707243844932,1.8555604477284744,1.0735309538804279,1.5066329663324651,1.279479461026879,1.776824320165676,1.391442165008647,1.8315614742584878,2.0601240521058335,1.1795004124000705,1.662985878677701,0.6248370123969704,1.1473487727731853,1.071187488387441,1.4133660331710831,1.6784066946576688,1.6056389247281975,1.6667936837605657
8959,0.2717884424311941,0.13595227258360096,0.20458825558483057,0.20300903420488123,0.20085813979470685,0.5662404991424299,0.5697754799565393,0.39200414950514445,0.30441825804675354,0.5295811512121953,0.6276683640521717,0.5086136529381594,0.6623069786066957,0.7960592700355371,0.40519500205725056,0.30390795888128574,0.4971451541339712,0.37321750442535806,0.21090723137249062,0.4974458572766365,0.32245024494228364,0.42225222528694734,0.43274690628859636,0.5469860347634145,0.5470976061670872,0.36051435043800406,0.26531392618681987,0.6485710654154673,0.2772951414554665,0.6636508034506216,0.5213219917738169,0.5249008644502278,0.2701272697706555,0.3627324220877558,0.49131255268249346,0.41858026144243105,0.42981318243730143,0.32486412429322226,0.2869888632210644,0.4211895166689163,0.4251636538454386,0.6200252755361296,0.7627375168066008,0.7162672233797328,0.4255600729191561,0.5663549351853304,0.3945794253298574,0.1461039744366009,0.42626660190222526,0.4382507762780105,0.5071240379058557,0.7087130862516677,0.3850888179077942,0.45466903003783066,0.43004756119667453,0.43319871350612604,0.39323541519542404,0.430789432616777,0.47143514335291703,0.48461996657335943,0.4357672533105931,0.8085823081803369,0.35366027590689364,0.40673974567577353,0.6724804031133423,0.7057165388372426,0.36651155427587573,0.41017920567478205,0.8902134287326051,0.7971866321085876,0.09270781421351774,0.6222754805708299,0.37383270662237184,0.4269651394955162,0.801598455266771,0.8478330366776125,0.6034005667009771,0.8762065992369561,0.8080001635970432,0.41986804883096557,0.5151548774289463,0.48702246237131275,0.48227292128906446,0.736021313762478,0.345455583928384,0.5644859192997222,0.36583332786812434,0.3761988132467823,0.6536933891295699,0.39206111269388183,0.5110429988676468,0.5048287802717596,0.5303390234126056,0.5172844602219102,0.6900947461495325,0.6010286838674186,0.6505482881991699,0.6719967711441409,0.49047657795491656,0.674154638364524,0.47214085579212733,0.450953685483194,0.7071425192735685,0.37907000625856,0.5689912142730684,0.6831418975705752,0.6142689275375408,0.34304373620680106,0.49406326841851733,0.8164773606377398,0.5158370169294058,0.5890155581794901,0.5058580033514742,0.7876612079251232,0.46006672898626916,0.7044617481901013,0.8575490564281132,0.5756628835902307,0.6962824461405465,0.3153420872201907,0.527920876230422,0.37237302031082103,0.5695094523140852,0.7489137603020513,0.6585223065424203,0.7137839967804411
8960,0.6861309526131585,0.3213484481140025,0.4710009336623646,0.4193265045290927,0.5359014519998809,1.3118271456943729,1.3594125457889221,0.8915180525994477,0.7507436992203484,1.1881121281901155,1.417674484134961,1.1984516833307206,1.5326264912428536,1.905510862158604,0.9797147863347359,0.7943951495905943,1.2184493266807108,0.9611011731559946,0.5205803477023396,1.1965056768958495,0.7674429016525046,1.091534788223965,1.000635581741187,1.2242028607572935,1.3439804254017922,0.8868384708541899,0.5253082577024698,1.6114518003949159,0.6825703130391787,1.5276392019031193,1.2064170075838776,1.1584554209597726,0.5759656707207743,0.9256715599582005,1.2045481359313799,0.9087389696795319,0.9477205601849426,0.7580942354371061,0.7456874425173451,0.934238103422131,0.9874896908434964,1.5516531514636038,1.7339142317400342,1.6696176774339233,0.991197241544583,1.4019723006720857,0.9200576234334916,0.49889477917729047,0.9786366766534683,1.0592290325217957,1.1415349441145983,1.6329141855624705,0.9031940239422309,1.0062253053131869,1.0724119312161173,1.1042690756659201,0.9087421790282595,0.8982297495633351,1.0981637466425003,0.9035629856370749,1.0014060501177202,1.604124451543519,0.6621014708676614,0.8841260020190932,1.4292672955800472,1.332474999163137,0.6933968350263295,0.8850084206084414,1.8214966562091475,1.731283230311511,0.2797708011988489,1.3633251494523893,0.5809253157104056,0.8191741597323674,1.5924063364073473,1.870160758230216,0.8762065992369561,2.02467809186061,1.7118870245268394,0.9357977529284147,1.1063737820396244,1.0535611762575638,1.1167171000089682,1.5859508939363127,0.6479598969245264,1.1829572471785537,0.8060047836332848,0.6609896847249369,1.2774354445512361,0.826768152078375,1.0430758466910937,1.0046036493300428,1.1364940847774445,1.0584859121890537,1.424113605806135,1.334100281555399,1.5579855091039612,1.5072071184135984,1.1078227759426302,1.4933938134069291,1.0339322881942716,1.0300466882699348,1.6227254190736264,0.7418630755685235,1.3341787941378807,1.4688590033256088,1.4172656556929712,0.873335610158801,1.2149798845816124,1.8058574541403432,1.1243385308227494,1.4082437057719066,1.1890107719170653,1.7595561157513289,1.2538308300551044,1.72611544995114,1.998069801052165,1.2049010572043217,1.6316202542723377,0.6760355777606065,1.1681266788903015,0.990206382383292,1.3423398594891507,1.6375719008975647,1.531190001833657,1.6288100494356281
8962,0.660425159514383,0.2672499428970767,0.4457874315284821,0.39215719102607466,0.5202498241607808,1.239960573205951,1.2878981854939522,0.8409832698388008,0.7334242319377432,1.0920839174823178,1.3254158474961064,1.1504602058747004,1.4227075279821277,1.7994814659664822,0.9136314241308257,0.7660574126810227,1.1507344815062845,0.9268530255003185,0.5037322836624961,1.1325461764960911,0.6763110485313557,1.060238747349396,0.9159749570252474,1.140476133403291,1.27665248201915,0.7879044409157642,0.472924484244726,1.5322307132563662,0.652629296309092,1.4125113704460768,1.130011908860402,1.081817399858142,0.5319410743029959,0.8536077326162107,1.1577657653832953,0.8543870913701832,0.8821927479225788,0.6983085418395168,0.7215213560607928,0.8722005148448121,0.9274706742288016,1.4757839453373702,1.6203049401648377,1.5736779911537497,0.9274720870209325,1.3117055347977025,0.85725899855335,0.5027221142501953,0.9791081990108215,0.9967027217891539,1.050238770814998,1.5328615496741165,0.8301437492700515,0.937130966800918,1.01462842713024,1.056068960094762,0.890935844287704,0.8264910055204844,1.0230247283939184,0.8128471796927637,0.9595699564907588,1.4741995101605698,0.5857608675493232,0.8829203522239103,1.2872185597120716,1.2466004075152537,0.6273172014674463,0.8606828325201592,1.6913754822941875,1.6037199831604543,0.26294529059073335,1.2835680966369045,0.5301830192832231,0.7320390793645895,1.4310198187488024,1.7203516192933421,0.8080001635970432,1.7118870245268394,1.6614751317287682,0.8860646808407586,1.0268066182580555,0.9979808433264943,1.0944581910774869,1.4672049087630723,0.5849934964532089,1.1278001314949044,0.817683284786151,0.5661153069462991,1.1593485406590518,0.786061371094249,0.9833886624452294,0.9235339507892544,1.0704096221817427,1.004939644530214,1.3135535015047097,1.2422076540351958,1.4930036967777593,1.4285060462602752,1.0530034499002252,1.4119588119978377,0.9494423692970317,0.9989878919250283,1.5594936282787963,0.6933683508045726,1.2373792439502787,1.374159011735042,1.3540470759967809,0.8322898878524494,1.157374095498385,1.6951434510025274,0.9822344161479092,1.3701110641145149,1.1475156193259668,1.6265958780259846,1.2593989125012823,1.6325789378114297,1.8765048428757969,1.1381224583475626,1.5491574586797843,0.641484779542694,1.0611410504080228,0.9743713903990568,1.2913750754065045,1.5313624319804473,1.4551198933760656,1.5257105158251592
8963,0.3635425213007374,0.14203432095521873,0.2690241441388195,0.20987580799746616,0.2991628669082974,0.7083290882558428,0.7493748934310185,0.48037045640230575,0.4207306298623103,0.5867620048312752,0.752162732967963,0.6486705320880758,0.8184442535399116,1.0294600563599956,0.5339564632162525,0.4542041690585581,0.6859590035085099,0.5408088500219645,0.24099586618324984,0.6541345206652722,0.40674824976041396,0.6003911415814304,0.5297165824833404,0.6378303763798719,0.7110595438278106,0.4753890396709979,0.25492380842858786,0.8655676777390808,0.3704316661919569,0.7947953979700009,0.6164241157800223,0.612575472124226,0.3142522413300504,0.4777120777412841,0.6588355677215583,0.4631777039762495,0.4940166384156852,0.39379636990532063,0.4020948818725717,0.5128026902141273,0.5058124710566094,0.8332762438560808,0.929323783304923,0.9054918121579555,0.5376930131657622,0.7337704219084351,0.4448379911285666,0.29703186379318286,0.5850952765307699,0.6038976050732441,0.6207315337995274,0.8745330516475602,0.4902661706091154,0.5258281883345509,0.5919392338189577,0.6099985301521856,0.5180823765116318,0.4793197476145225,0.5681766493296705,0.42413944786022784,0.5248747543668433,0.802016864714126,0.28288513274442423,0.5112727323513909,0.7255134474391823,0.6578880269475609,0.3353829341374937,0.49512363942877113,0.9508324763765648,0.9282128009138223,0.17437842205405082,0.7078169906584043,0.2527131153115283,0.3844078020492659,0.7633007169958057,0.9824820574751401,0.41986804883096557,0.9357977529284147,0.8860646808407586,0.6147495070574333,0.6066220600960842,0.5818006901067355,0.668690488827421,0.8203104136887384,0.29778334007999785,0.609880834923925,0.49002749991634703,0.2821606228468628,0.6040622437518783,0.45441999092441476,0.5406166757349735,0.4605242553874077,0.6109445826594178,0.5611310884670085,0.696925491201294,0.662303465389377,0.8620742777688999,0.7995623033796723,0.599693009002753,0.7994899025037959,0.5326927911462518,0.5463223621005288,0.908053436858263,0.3203853039168127,0.7112559326281833,0.7586215436288649,0.7835008842629397,0.4919082962399066,0.7084445040855245,0.9575641100130929,0.5622111581340116,0.7948291486213197,0.66708810079207,0.9320754052635029,0.7502568962916626,0.9746604263362167,1.0853353999225621,0.5891831492954429,0.8623655726295095,0.31431643254440744,0.6053842048124293,0.5603299775372164,0.7566970936274952,0.8712147314843345,0.8538384647406024,0.903621567808427
8964,0.4157291397799734,0.18422297033736426,0.28913336673560375,0.26133584365535245,0.342957807315868,0.8251459396631563,0.8454904753529272,0.5539993474126743,0.4723204588059563,0.7008281708894805,0.8803642877557106,0.775800009305634,0.9466913748438307,1.2000040383744097,0.618779797299381,0.5487194116775429,0.7691620012434981,0.6216539425699571,0.23446739466722316,0.7512184605296851,0.4489742101139349,0.6673743401692379,0.6465319527846081,0.7518688331538053,0.8271372870695483,0.5420102765987278,0.2976199467013311,0.9846056203254675,0.41908871877048864,0.9267470857421292,0.7236341598456444,0.7052843468940105,0.3445690597545573,0.5607588459768069,0.7463004663390445,0.5577833595968622,0.5641033693578383,0.4708752366874057,0.465837568074626,0.6032377576110901,0.5791972412556861,0.9825427929271128,1.1054381387278625,1.0463502053693259,0.6423444822328548,0.8570567810369678,0.5107119881828606,0.349661014857383,0.6416627133039844,0.6949417781778798,0.7411044520611392,1.0170743094906485,0.5656570273141166,0.6495472171270132,0.6929547242220042,0.7183988086549759,0.6155200329823015,0.5966019954631243,0.6698707300495976,0.5319343540585849,0.6187760321399661,0.9416426647099124,0.3227229907282242,0.5743621158482098,0.8617040712908749,0.8187700805704223,0.4102015912254332,0.6162262154248692,1.1167216117288226,1.060987212875672,0.17366267046001538,0.8286155077057652,0.2975347711362367,0.4563544081090358,0.9031070007196659,1.1363256917591804,0.5151548774289463,1.1063737820396244,1.0268066182580555,0.6066220600960842,0.8512263587610677,0.7011497930476284,0.7284916481003548,0.9932804751976142,0.35734283639816267,0.7605071660925571,0.5724896364105037,0.3285847749632548,0.7138850877497571,0.5243859253591653,0.6479140785309716,0.5215126917576328,0.7182921629395609,0.6438447831146639,0.8156911194130817,0.7579705405182459,0.9871768642092327,0.8945418130172679,0.7122895580676794,0.9232227760599336,0.6316449997987869,0.6296628303746242,1.038194339992411,0.3511169785110925,0.8008400161605245,0.8593657994691922,0.88894877568959,0.5365086513000045,0.7460204750331407,1.1195195211546096,0.6546398855804818,0.9069908468930844,0.754426575928839,1.0762191076957153,0.7869690987735357,1.1057115283798835,1.2353077511332122,0.6752952250528746,0.951772588597978,0.3309961514137709,0.7006940528203612,0.6238723247743853,0.85435987105385,1.0155988188159708,0.9701594770253009,1.0030408987045278
9000,0.44198383317970674,0.15885820294936745,0.28236128669018223,0.26134900942426315,0.34971482814058613,0.840856394067743,0.8475591777161701,0.5453782140524728,0.4861704718757103,0.6976278044314671,0.8625786897222553,0.7818724819137158,0.9277169528949776,1.2015314505295094,0.606575641870208,0.5442052059016926,0.7762620497580288,0.6450811370330894,0.2701508119195224,0.7421714442223488,0.43578143011126563,0.6860309221536591,0.5860982960086072,0.7146225037539525,0.8415951786620218,0.5030099265835991,0.2899230197527697,0.9918970745253658,0.4405869106840121,0.9142026313509732,0.74333893989694,0.7029562689729971,0.33785402422488764,0.5464931657545564,0.7576673220385045,0.5668108607634804,0.5855233541376671,0.46769893822926134,0.47159198163559907,0.5965564639355744,0.5971061339566742,0.972711583324492,1.0976681053231119,1.0591140928291827,0.5939491580905957,0.8476648480189906,0.5185770114432823,0.3532208727066123,0.7339115753356595,0.6908568061868476,0.6916770117467939,0.9890493394096621,0.5517381764585771,0.6598039553809443,0.6984904074776599,0.711784221299421,0.6451652745296119,0.5804315669265164,0.6559399755871254,0.5212866936686719,0.6133705401278643,0.9586049140176385,0.33329282702805646,0.6558882435245921,0.8360464681299805,0.8381391447673029,0.4065688913829592,0.6252955325410805,1.1234341373487258,1.089119928277694,0.17867830466545156,0.862616644313609,0.2742823035181063,0.42645311033961797,0.8781045747158001,1.1077942382330723,0.48702246237131275,1.0535611762575638,0.9979808433264943,0.5818006901067355,0.7011497930476284,0.7905949543281802,0.7704959598999122,0.9293684037706262,0.3168892717543958,0.7877997298829204,0.6802390037881428,0.30559896440050993,0.6800112738517494,0.5402304802012833,0.6979046356605743,0.5590139734112861,0.7380339569117119,0.6938391217221015,0.8315614709452307,0.7967134426374164,1.0121509873290697,0.9268011342699009,0.6983003246606441,0.91907906835641,0.6329208689361776,0.6663817763302722,1.0781708620084052,0.3719837176178192,0.7801496893087851,0.8419285809865062,0.9061793588782356,0.5656214113601732,0.7756356648595237,1.0911295790437194,0.5797612374026191,0.9407090250763729,0.7749970998426777,1.035523436047229,0.8371719164220983,1.12276780110597,1.235419495346225,0.6938344882927201,0.9648940318476872,0.32993436386438174,0.6401871760357033,0.6434911955263669,0.8461402457567858,1.01787215553421,0.9596437254904772,0.9933587881253108
9001,0.5067106394250506,0.16159789760827084,0.33600546825750605,0.2767084776891837,0.40313765317504097,0.9139481294566856,0.9874820449262836,0.6146843098469621,0.5777588591685102,0.7364174538600016,0.9334808808794396,0.8766618914505,1.0184951937290974,1.3440619953451876,0.6872616406439117,0.6277103346887213,0.895176555253799,0.753304535546428,0.344910905149225,0.8671536920147056,0.5103604212450804,0.862345697545453,0.6320082113162693,0.7659665494891268,0.9419068718642157,0.6050778216793422,0.27845316879987353,1.1281330771817344,0.5052532956810771,1.003871329010694,0.7980953183526178,0.7756838482516402,0.385712510198578,0.603291007176254,0.9020418965666335,0.5925042193366802,0.6400531170051059,0.47750296121688945,0.53169888192964,0.6234958939170394,0.6583401618505808,1.0858655961785788,1.2017715432749019,1.1743238927239068,0.6593349791667117,0.9294312966510271,0.5699755354535702,0.42685504421345144,0.8814968796771555,0.7837613074597232,0.751075716505134,1.1050508306195073,0.6232095924054639,0.7017313452462342,0.7764013006971984,0.8268604212653212,0.7418531984417784,0.587732111059308,0.6845229647634534,0.5108736463810982,0.688343418961135,1.0351245320041371,0.31401308740949696,0.740602339474474,0.8657725803117496,0.8445748393448997,0.4208934704619333,0.706228316940397,1.224487994256835,1.1637173367638787,0.21864847100928386,0.9639483490779984,0.2440401471238166,0.42593171977600863,0.8691523913363376,1.2058220692605643,0.48227292128906446,1.1167171000089682,1.0944581910774869,0.668690488827421,0.7284916481003548,0.7704959598999122,1.0848235229226106,0.9931480978003445,0.28850663110283853,0.8742202671925103,0.8027917772592095,0.3003318442275899,0.6843451025939027,0.624415252532463,0.7654497903788263,0.6007954010023266,0.8334766811815748,0.7782963398477089,0.9070271228837528,0.9225207249585933,1.1840197659014082,1.082455690250463,0.792931398744727,1.041535306452857,0.6757817123838413,0.7728200580220085,1.251939980948828,0.4214812550603203,0.9385920429436573,0.9632409295443709,1.0608525319647455,0.7079028259522498,0.9955377525943491,1.2159488821954065,0.5949209467641956,1.1076368460813637,0.8906319233397544,1.1869991195843492,1.0844068753730696,1.3456854884991332,1.4490985345469165,0.7884451544509491,1.1441889413804058,0.3819814209155875,0.7144903982729894,0.8165753717899484,1.005149218626856,1.123362672848244,1.149057085539601,1.155538472859663
9002,0.5937560403395924,0.2621812077032157,0.41248552459343973,0.36289264098839574,0.4641057419408458,1.1602586944136035,1.1782997330497496,0.7611903065253194,0.6646585242268902,0.9908832680893225,1.234279906442002,1.0337756137790077,1.3273474510160908,1.656345423161998,0.8399917080555609,0.7106131028776185,1.0374541048388721,0.8435248978592097,0.3868763856975434,1.0392791744316456,0.645208934832341,0.93042488387791,0.8595618558495951,1.0656655824022023,1.1611318569707074,0.752886365755391,0.4460723264749837,1.3860556103855475,0.6132379525675861,1.3022560844813937,1.0198656534417478,1.0014960278859353,0.476293677604351,0.795145152869977,1.042960637350089,0.785867753138072,0.7969728017674123,0.6457959940767067,0.6507354316600772,0.8239866366144541,0.8420382731208462,1.3655420898414654,1.5095994635645267,1.4511861302800921,0.8741653938458102,1.2161182211360178,0.75024363561489,0.4193990632366471,0.8822757344714552,0.9145330894552541,0.9902260137350661,1.4163596840454795,0.7690278446360754,0.8546574749176828,0.9563266731586108,0.9640005840141479,0.8105801283744865,0.767244451277604,0.9447366173325813,0.7498272279858389,0.879480908169571,1.3839581520228459,0.5483390758903227,0.8094916379761943,1.2284196247700467,1.135594679217455,0.5973281578088192,0.7875487323870276,1.5815895971064267,1.5000020635206193,0.23762719192767467,1.2061168569444385,0.44740742395512906,0.6743598130666932,1.334277047912005,1.5899066279281062,0.736021313762478,1.5859508939363127,1.4672049087630723,0.8203104136887384,0.9932804751976142,0.9293684037706262,0.9931480978003445,1.5417503353215303,0.5327996548688373,1.0486169659320597,0.7410476564569387,0.4805960680764707,1.0845469689553855,0.7001534923965658,0.8766055080220755,0.8131171549963238,0.9932522379227425,0.9059391655070458,1.2179285446632686,1.1242900940104377,1.3467436223858646,1.2918528861857832,0.9666436404578065,1.272738599593517,0.8806215469344676,0.8778935949494354,1.4090947375028424,0.5818789894822636,1.1306532580867963,1.2373049942610859,1.2124109013968025,0.7487328784796947,1.0155938718310953,1.5679633757589964,0.9566636306353038,1.218024629311353,1.0434798366025977,1.4918852276105907,1.0705899832680494,1.4961423548976007,1.724625696650267,0.978361935107856,1.3634048824005434,0.5111837285070788,0.9714157762684108,0.8397869945283881,1.1609653743281365,1.4184550508792797,1.3138290160958075,1.3945169705253395
9004,0.19170416003700125,0.1304526309580999,0.1480993441370392,0.12533408266737453,0.1374321424641062,0.3913034864573846,0.40412967178479364,0.27564028378349864,0.20433547800036062,0.4024275399038769,0.4649002160838988,0.341757705303564,0.47889952011395387,0.5698954791047893,0.28807408146725416,0.20606143106769556,0.3444633583251283,0.2455250396178349,0.2201171594762634,0.33376898827022,0.2485482050464079,0.3119674403501952,0.3508887133114929,0.4189511820622845,0.39843793272096134,0.28911473668949283,0.23113527101463935,0.4884302259660804,0.18881845554675347,0.4815900967754974,0.36913547111768796,0.39102030531328436,0.18645856454189064,0.26609755456017886,0.3434850569318034,0.2750022358425854,0.3130828050244212,0.23302179016586244,0.21928942333882814,0.29255649986486204,0.34289118260481816,0.436037643099957,0.5296298522991686,0.4924822674710471,0.32048671001124723,0.39906795754287633,0.3457876273225172,0.1117459909022674,0.24778159963647048,0.3034371972148868,0.3795846981638512,0.5096181967494928,0.26818295728487834,0.30781802206108516,0.30526598613570094,0.29990277259868425,0.21907032020338468,0.2846178730549825,0.35310172226369896,0.3412638812568668,0.31527826866225933,0.5468222962224627,0.2907992191104381,0.23323931176104176,0.489943800701644,0.45942351159693634,0.2516927162406588,0.26556166465908704,0.586523803529399,0.5451563273772557,0.06434066199945139,0.41672325995308435,0.26205817069876003,0.3196732954097426,0.5689429580921447,0.6015893308606975,0.345455583928384,0.6479598969245264,0.5849934964532089,0.29778334007999785,0.35734283639816267,0.3168892717543958,0.28850663110283853,0.5327996548688373,0.3889732202540481,0.3449832699962119,0.19808012917541784,0.2578565506064425,0.47822907331358455,0.21691373455600974,0.34021202672660805,0.4069913481512664,0.3428036518989689,0.359772720185989,0.4765398475303009,0.3935909945463044,0.4242249437309577,0.4805674897503664,0.34800933541010326,0.4821366965774001,0.3649357829074372,0.3098005568405287,0.47818396156210585,0.35086025257766207,0.4409041597566484,0.529062125535396,0.41158514428583676,0.24542809903350346,0.3314325661842128,0.5717163820187513,0.4334330894736411,0.38833649321019315,0.3482239276379789,0.5848570140699831,0.3229747789840327,0.4846870048672443,0.6287655697943787,0.46075045346523724,0.5498829153210334,0.3329746817492735,0.41679187144885793,0.27196732454871,0.39540648186947025,0.5113457487977364,0.45896767387410725,0.5059884125922546
9155,0.5054287466527956,0.17664839845541577,0.326193894340233,0.31873722704377105,0.3885167251592385,0.9454235138010898,0.9616906409371346,0.622567965496293,0.5491375358542275,0.8015636932275367,0.9573981126671768,0.8558018970053025,1.0377223218656224,1.3287009492153483,0.6596579337544634,0.5862807309278087,0.864646510057705,0.7467268043065242,0.35286149517595455,0.841437684040865,0.4708408160159972,0.7886928907519757,0.618795124029051,0.7638950729893557,0.9556076193379542,0.5334926336566006,0.3078199050474319,1.1258940503784713,0.5133383011350211,1.0444489290772776,0.8344594955019453,0.8018459980430496,0.38836503996595845,0.6059584106484437,0.8970465456892216,0.6750755335104428,0.6798604289364806,0.5116619298661566,0.5336453807739671,0.6549169849141463,0.7035380731854176,1.0887222086383448,1.2356344394348209,1.180449061754837,0.6424590683613222,0.9197626586046277,0.6397327779612433,0.3758245525943655,0.8219720650230123,0.7586467220016831,0.742046374137333,1.1142240934853336,0.6328849311160266,0.7576946186596272,0.7454592680123467,0.7613279152163402,0.7370604598038716,0.6646877096379293,0.7205306730059555,0.5911267023583172,0.6915255610154136,1.1403668358034948,0.40122032344403463,0.7702347736739621,0.9354268895416493,0.9956027594801763,0.4831147858271943,0.6915403861886756,1.3068979716667823,1.1884366879716664,0.15919709415534733,0.9988134353532843,0.3271300218717655,0.49671226966196724,1.0021313967471785,1.2459606351578214,0.5644859192997222,1.1829572471785537,1.1278001314949044,0.609880834923925,0.7605071660925571,0.7877997298829204,0.8742202671925103,1.0486169659320597,0.3449832699962119,1.1189388747634579,0.7325250679487042,0.33787823996206673,0.7794876101280668,0.5906722761365868,0.8374037213111927,0.692861170802773,0.8176187478022685,0.8528152017843332,1.0295540656544862,0.9742220703510851,1.1484661929075692,1.0622170032756653,0.7754756217942834,1.0429048099436824,0.7067875772725914,0.7945559208834055,1.1833312313589852,0.4871246459616883,0.891217967246566,0.9407929663720124,1.0111367958041722,0.6391991424659079,0.8783879410348251,1.2217956912211376,0.6057032613992226,1.0614402183041516,0.8573300306330709,1.1595983869860094,0.9181377923463123,1.2312542100114612,1.3667416786418856,0.7814211195588193,1.0844210868159014,0.3788970443332633,0.687934998807539,0.7186594827946013,0.9188104420891218,1.1291485252889033,1.0651931230518499,1.0952552522270949
9330,0.39515867696758006,0.1367773114451914,0.2529826231237281,0.22371964733279331,0.31492544912920484,0.7121104945396803,0.7733703108409429,0.4721573804071741,0.46091968517073595,0.5867033730467317,0.7131031409963409,0.704900234834135,0.785335138963686,1.0618896744281747,0.5421583551993728,0.5613097315313081,0.7065519072392146,0.6112239379604252,0.27979663870757715,0.6823697353237617,0.39075097044601476,0.6860656342897188,0.490409168654678,0.5751071229392224,0.7347274314399201,0.46278602967378235,0.18962164744194546,0.8941124007852295,0.3803764245467498,0.8073716200404171,0.6171193556927622,0.5885097362420884,0.29325048012166327,0.46367261395767784,0.7078089838422341,0.4904159651233711,0.5196116146814252,0.4025189466550447,0.4311046801954746,0.516865215319002,0.5396941423960927,0.8566024362511785,0.9423444111434064,0.9372233145414454,0.48033786845914994,0.7107692335032773,0.4512248293714203,0.343309703717644,0.7644566324053274,0.6123326350259275,0.5762973745876216,0.8479879718729582,0.4896268079278921,0.6076407874226902,0.6216984724749987,0.6332535842151643,0.6111205211702518,0.5177787218893295,0.5114891530194966,0.4197103756090588,0.5341885595171478,0.8212345683815282,0.2137181475902353,0.6673206215906116,0.6585561898219061,0.7205462352031898,0.3325628401234179,0.563920868246928,0.9819209616261503,0.9471606186865053,0.16746925987073133,0.7407125807098404,0.1319969659675559,0.2914723029722182,0.6246077693892728,0.8930719610079548,0.36583332786812434,0.8060047836332848,0.817683284786151,0.49002749991634703,0.5724896364105037,0.6802390037881428,0.8027917772592095,0.7410476564569387,0.19808012917541784,0.7325250679487042,0.936670895249919,0.1748643695623204,0.4249008800637223,0.5042055471427844,0.6599885297896574,0.49343092039576175,0.6502951992054068,0.6503741566272773,0.7060023941968491,0.7027080349602591,0.9454230300425607,0.8541705401145715,0.6193746893358157,0.8014803214777793,0.5482947184147534,0.6409696724770589,1.0274379312198583,0.31709033831403605,0.6957592562667563,0.704804509792071,0.8318433301698158,0.560098279294774,0.7636012230165254,0.9189847783228099,0.39398282804302337,0.9093088286034885,0.6974978410234431,0.9058390542660386,0.8574201087747617,1.065925723459339,1.1090681212173064,0.6077715874202118,0.8616058888617888,0.26301836856106325,0.540769452233406,0.6590730208689717,0.7630949658966503,0.8855007434907994,0.8852047777128861,0.8799738836225927
9337,0.19941884980032148,0.10911229300525893,0.14842045872554988,0.11019642920193193,0.14218755612299744,0.3577153033427262,0.4089575471833279,0.2896870916063634,0.1894599415417231,0.3912985014267368,0.45321083112404825,0.3389072845375065,0.47067885873097803,0.568420045368139,0.2946691177175752,0.2081553649215323,0.35420070868466086,0.2505825816579195,0.17510653839859416,0.37384496908020093,0.24081296742178857,0.30526103132789834,0.2979870649996312,0.40717439390544446,0.400628587639003,0.28414753695786316,0.20779746556656956,0.48413948883598973,0.18606800508133015,0.4888208209763524,0.39010231178346344,0.3521883362160274,0.1677227680920516,0.2641170423836393,0.3395815806894557,0.29383412526519503,0.28496182276101717,0.23810668247837527,0.20857829731185243,0.2552555479039106,0.29604317642963746,0.4407663580685044,0.525484591227187,0.4932106448057887,0.30150228603224144,0.43052191062000883,0.2994656915148732,0.14488927374559404,0.2386404758137864,0.3082102661816442,0.3366019371773662,0.5060258358755169,0.2768327091104287,0.28712239071467477,0.2868223773530206,0.3101607175218081,0.23246997505502592,0.27810033367575765,0.3306414706444957,0.3393994653849965,0.3143455529984405,0.5160546298458779,0.2993825297660803,0.21796109306490016,0.4584132273662529,0.455047104977497,0.21822139225776188,0.2446875747886246,0.5689547132081496,0.5240077317487869,0.06183367194845477,0.38899383273795773,0.24729219656888882,0.41736953448447117,0.5747992124641087,0.6034180443075954,0.3761988132467823,0.6609896847249369,0.5661153069462991,0.2821606228468628,0.3285847749632548,0.30559896440050993,0.3003318442275899,0.4805960680764707,0.2578565506064425,0.33787823996206673,0.1748643695623204,0.6176899375111514,0.4603084459809598,0.277534479648295,0.3071311041349611,0.34343624540218065,0.300539885491146,0.30380871700316514,0.447742192437412,0.3854508965521735,0.4490423309489875,0.4706165155891036,0.32196247139923523,0.4665521994433672,0.31185431224673865,0.31991671393513216,0.4590267093814016,0.3107480723600862,0.4312446183234979,0.5206549069408256,0.4338094785527016,0.2520813850734798,0.36071713904512864,0.576138098323094,0.41513315134688517,0.3845034503753672,0.33738897254827815,0.5632791500432996,0.3558000262220353,0.48977081374730075,0.6212341951901124,0.4388676934961643,0.5392665758645522,0.2750509957744829,0.396220109096058,0.2985631237252196,0.4111575144350174,0.5208080835826855,0.46818440492105134,0.5056025227683623
9390,0.4384936034555076,0.22295664871224943,0.30740650754047116,0.276456141010463,0.33580684633042013,0.8644615956647367,0.8515925024151532,0.5685733433170485,0.46085596696090875,0.7726628086851738,0.9329807213405151,0.7482251541727098,0.9965542176072609,1.1976284767520415,0.6079215331236612,0.4518110187928187,0.7564843165454865,0.5682178755050689,0.34602679028643196,0.760495050004507,0.49096195003927223,0.6553189541277625,0.6352131251301533,0.8382602285552369,0.8641377233996415,0.5527496481448381,0.3753197061181816,1.024381338756085,0.4390891976494847,0.9758651104776864,0.7687025749957633,0.7803141626304804,0.3670865476398903,0.586292264365968,0.7341689918397442,0.618191023999808,0.6046325436103341,0.48189338029759793,0.45984761369721144,0.5809184199748659,0.6316820347669116,0.9755407131691806,1.123927391458472,1.0417628558099603,0.6462039887896862,0.8935863516114704,0.6012617682487916,0.268866210780741,0.5562330637535774,0.6331258541211299,0.7343060256582233,1.062770192954022,0.5501549448872738,0.6221206950168743,0.658868086766736,0.6792394315013729,0.5520035020821081,0.5745073698927576,0.757481631930476,0.6028372833491378,0.6723280504284889,1.108003238963732,0.4967311764075904,0.5299604944448337,0.9599536027487937,0.9169067820482185,0.4884492756710925,0.5504649016664668,1.2197207182064143,1.1266348378464994,0.16290867380453797,0.9032637362609447,0.5037992677570128,0.6128176620586331,1.0680908517257064,1.2382112345942,0.6536933891295699,1.2774354445512361,1.1593485406590518,0.6040622437518783,0.7138850877497571,0.6800112738517494,0.6843451025939027,1.0845469689553855,0.47822907331358455,0.7794876101280668,0.4249008800637223,0.4603084459809598,1.1473966482886175,0.5207279287212448,0.6754497129337423,0.7065894543777144,0.756609803202576,0.726519704350907,0.9468946367308927,0.8552084024152475,0.9579419793695039,0.9701884008803693,0.7240029464560398,0.9743569229623323,0.6741859527910697,0.6605171374432877,1.0048446545118104,0.5380256983290967,0.8611268138657159,0.9912010298535717,0.8884793579047271,0.5221635781204892,0.7130789462590035,1.1917132184458459,0.787660196127783,0.8435290865340741,0.7653430066663355,1.1463339530003736,0.7195596173477881,1.0391455652084978,1.2619074152093142,0.7890007402616165,1.0614566493250535,0.4611753594262822,0.7621267958097329,0.5822266283413672,0.8454929257723046,1.0616258417296813,0.9650574489744724,1.0295017998250044
9401,0.3403486016300715,0.12289118913139918,0.2205469446107907,0.1974292691660726,0.26566399568506577,0.6406870886693102,0.6643783614874963,0.4318891448606407,0.3869329664421691,0.5375080364454534,0.6522253728465707,0.5990417192903146,0.7142145387709435,0.9099866186321305,0.46248433338342304,0.4210339210502575,0.6144885664252057,0.4961422362402801,0.2218720364924041,0.5854316865617322,0.3292696681316315,0.5549840117199933,0.4419584819783231,0.5476094953422086,0.6607898676587132,0.3912770230999823,0.2063612366696838,0.7785664867884646,0.3377956340926989,0.7088837204680861,0.5941921976908574,0.5427618260080161,0.26391845297973415,0.42146051397370266,0.6055947826069474,0.43676374697073606,0.4563792014732673,0.3450738420806326,0.36535836900548707,0.4366963423953892,0.46026769614271024,0.7460399277881722,0.8276600771121976,0.814787031694301,0.4492441662901492,0.6701218910817621,0.39375853745943373,0.27565994806035826,0.5870770341258784,0.5373350291110014,0.5238314033189251,0.7679427591904945,0.4272604573992472,0.501397128583641,0.5300046255334946,0.5537644842442195,0.5041099097575245,0.4472648162852885,0.48979826158091366,0.3914784674711896,0.4832386919673018,0.7232944390190459,0.2562274452208498,0.5304507983018121,0.6272302732098579,0.6351467453036717,0.316481699177281,0.48465311308799286,0.899261285949791,0.842515446262196,0.14420342920847304,0.6561832572422764,0.23558394154375498,0.34545577816489126,0.665684108589652,0.8257680433959854,0.39206111269388183,0.826768152078375,0.786061371094249,0.45441999092441476,0.5243859253591653,0.5402304802012833,0.624415252532463,0.7001534923965658,0.21691373455600974,0.5906722761365868,0.5042055471427844,0.277534479648295,0.5207279287212448,0.5161701180568551,0.549815839620266,0.42873743417680127,0.5913948628794811,0.5322754308855512,0.6645234620307635,0.6355876461696222,0.7970531534722787,0.7342756849262632,0.5369759891285668,0.7200402376589745,0.4615104620732338,0.5180778432809624,0.8475226328527856,0.2881244330348536,0.6130360050376187,0.6562360929655027,0.7087781587827574,0.44917306728560913,0.6321512842893093,0.8508605284494183,0.423222888388385,0.7421861148610462,0.6005721982950386,0.8103942122834522,0.6698214930533472,0.8841243983920677,0.9565237533913586,0.5400953961172087,0.7642065666406996,0.25770914248835425,0.5015483679580394,0.5185528756114498,0.6641857637481496,0.7863074518465394,0.7624687901099975,0.7738893262123201
9427,0.4403853330760422,0.16779587442433308,0.31475582327390383,0.30420422242981915,0.3248264261975001,0.7917269310474606,0.8361041165611763,0.5563328348191656,0.4750367151769695,0.7173342281634393,0.838629009944238,0.7287061524697043,0.8863903976450518,1.1330838149695521,0.5494032458759317,0.48913484588333106,0.7385225019333462,0.6053640409697248,0.34349085806525526,0.7033109119221819,0.3976040891971583,0.699418541808537,0.5337342131978965,0.6616103805477268,0.8332895891666379,0.46558655277012945,0.2871689778776951,0.9771972137412618,0.41888104053333924,0.9007907570072388,0.7411555642232491,0.6974680591840601,0.3485696033961009,0.5216908800351882,0.8031730173742208,0.6156178932519736,0.6451087817356936,0.4395663045753945,0.4645409379091732,0.5368196993853761,0.6580010993034564,0.9000519882320236,1.0468009584973508,1.0116765310863638,0.5557703654452766,0.7781949574802614,0.6038854976588063,0.2964460923492445,0.7560011414179562,0.677780965494706,0.6400161095215846,0.9432521884497214,0.5491736058717048,0.7003782233740043,0.61519829736896,0.6166890116058152,0.6555012576249217,0.6162934474092036,0.597274004247035,0.5549521750649641,0.6004796929578499,1.0411824581327742,0.3741160407849717,0.6802597544783938,0.8125412800781612,0.8895050820662087,0.440491330110868,0.661951054352614,1.1928396736287017,1.0746569368832242,0.1356149417748056,0.8790656399272531,0.286370419803172,0.43877679717748125,0.9113859187062398,1.0526170987129009,0.5110429988676468,1.0430758466910937,0.9833886624452294,0.5406166757349735,0.6479140785309716,0.6979046356605743,0.7654497903788263,0.8766055080220755,0.34021202672660805,0.8374037213111927,0.6599885297896574,0.3071311041349611,0.6754497129337423,0.549815839620266,0.9349420678317609,0.6981070701165066,0.728905339664044,0.8057961474845264,0.9538692471942333,0.863225956168742,0.9976867851707777,0.9541836306052682,0.6817949864993487,0.9355936362720079,0.6343444524983533,0.7172132592311632,1.0591326602669169,0.5206150495657252,0.7727448071410775,0.8486873999340692,0.8764730358853164,0.5521980597462389,0.7687682112724809,1.0588486884109556,0.5434813038489746,0.9149328403900969,0.7127515547091495,1.0198076352556174,0.7745133192749413,1.0814941583433917,1.170446792145324,0.7669008417221117,0.9735639170689486,0.39050512968241546,0.6200085201154589,0.632585045959651,0.7661424923470207,0.9944359422175545,0.9249026100005298,0.9650363945419854
9428,0.4110310150524167,0.18056711333974393,0.29168547224896785,0.2659360991473402,0.2874444675062307,0.703451089380132,0.7563527825657287,0.48763054209598206,0.41080835480037786,0.6711402853601524,0.7590813167825528,0.6165766340722505,0.7924283098646466,1.002566062526323,0.48432297340802255,0.37123149963579183,0.6538739408783012,0.5070626703988607,0.4422157266802336,0.6338283413090917,0.38923525575467083,0.6439923521460391,0.46812446706986693,0.6457472842523907,0.7684246359940967,0.4113932352016085,0.30716469753775233,0.9015552626273374,0.3634624866564754,0.8466867394907126,0.6926682987277001,0.6411986293388583,0.32040678468732414,0.5123042215080832,0.7075863185578847,0.5503923307208675,0.6089032611216769,0.3909337923454635,0.41357822836669245,0.4486184301306484,0.6448259555565033,0.789343695186882,0.8874471632078093,0.8769290249323203,0.5083348120640191,0.6839986568070989,0.6548262253948339,0.2243616086743316,0.5919890477458,0.5551254958610883,0.5522587592523276,0.8607155287555175,0.49103511738706745,0.5792123279370653,0.4934988862170859,0.5161998431026747,0.4718228363262522,0.507536625317802,0.5542815319953154,0.5044892837982378,0.5581732332776954,0.9524391962499145,0.43658473235350653,0.48982574353129776,0.7518256297429488,0.8255443505306764,0.41279743900647753,0.4628377182691613,1.0295217828597685,0.9343147959938807,0.11273414067667406,0.7602425919570182,0.3223438650782879,0.4342918875836725,0.8605120724686592,0.947059232618557,0.5048287802717596,1.0046036493300428,0.9235339507892544,0.4605242553874077,0.5215126917576328,0.5590139734112861,0.6007954010023266,0.8131171549963238,0.4069913481512664,0.692861170802773,0.49343092039576175,0.34343624540218065,0.7065894543777144,0.42873743417680127,0.6981070701165066,0.9088629103835019,0.6003782951551354,0.7465944565105517,0.8914765304082858,0.8097979361737926,0.8353287381909899,0.8636170524572429,0.5784811127289916,0.8650388080348841,0.5843159948941902,0.6546092636606204,0.9116030577906346,0.6488963406744577,0.7694479828083677,0.8328065894148816,0.7427253376869194,0.47638055045773237,0.6585281831316023,0.9308193990413929,0.5376392031067526,0.7586085937158203,0.5727757308967871,0.9531864298585907,0.6743639949679499,0.8926869288625182,1.0417693393181453,0.8117152664416645,0.976490540852952,0.5517214832964235,0.5676411400656772,0.5372918622734388,0.6562685153893498,0.8826646845572392,0.8155045230573412,0.8368032305354915
9446,0.460344120822915,0.15983126394163205,0.3071774467688435,0.2795499579037379,0.35761477222829763,0.8664989853275452,0.8688242329102444,0.578892793318495,0.5174301583264456,0.7135804184955422,0.9030489892948551,0.7958060352320748,0.9712802351392821,1.2142548667710424,0.6125635941305171,0.548739575666078,0.8200172293043951,0.6637324901606337,0.2814883426309794,0.7842422238743905,0.4531677818642007,0.7153643839703322,0.5976117040265566,0.746694732381446,0.8932404925823829,0.5188919577295562,0.29786894867096897,1.0426265526045895,0.4802069523544428,0.9588248355345167,0.7879437038373989,0.7422229434722211,0.3551607512450081,0.5672130855692463,0.8105638773420303,0.583201143215134,0.6281861346375477,0.4629112696142661,0.48932779725300213,0.5933855475857781,0.6299817900935439,1.030572557010841,1.1296842436938535,1.1004362639412084,0.6045328898077053,0.893229199250867,0.5310987948826633,0.32825749880263944,0.7434769159146036,0.6886557687198027,0.7023155919564368,1.032767419106046,0.5436135493498847,0.6709371531663023,0.7397418484793018,0.7398377786576978,0.6744499223781173,0.5922607911357762,0.6888794935233599,0.5312648995062349,0.6491439627883125,1.0397221416717153,0.361241681093769,0.6712488582819287,0.8647861294935515,0.8624941751649013,0.452340549530302,0.6039644491523818,1.2075349130550552,1.140544679006689,0.17194256293728574,0.9411379068425912,0.2654078374710571,0.4507643590684806,0.950668251052907,1.2156613251387194,0.5303390234126056,1.1364940847774445,1.0704096221817427,0.6109445826594178,0.7182921629395609,0.7380339569117119,0.8334766811815748,0.9932522379227425,0.3428036518989689,0.8176187478022685,0.6502951992054068,0.300539885491146,0.756609803202576,0.5913948628794811,0.728905339664044,0.6003782951551354,0.9483417747190426,0.7313387591939122,0.9362374777819308,0.8642117639011895,1.062218463314005,0.9775341080529514,0.7378514946110519,0.9673000469696246,0.6487038693745354,0.6709262073651039,1.1127835042616356,0.3914489256537114,0.8241898639368438,0.8897701362733186,0.9426794129789033,0.579569142001201,0.7918087309159874,1.1532290955630458,0.6086036065413871,0.9761221874533487,0.8173388411002013,1.0862078424989667,0.8631091923903869,1.1565288632203314,1.2666308343962154,0.7117067502989688,1.0109771043208244,0.3257024354296037,0.6706535751251378,0.6616412668337857,0.889917078940743,1.055633777830523,1.01015503250137,1.020861901996347
9465,0.45207611928302366,0.16576837589743992,0.31236115482825216,0.285642195351249,0.31751856256119443,0.8140862191541748,0.8511654570711911,0.5504655886804141,0.4809057700490925,0.7181880143390158,0.8350987447373065,0.7301059719055284,0.8955863683099001,1.1208845712606244,0.5581311044211975,0.4882299115050958,0.7538604929607072,0.6172398341989306,0.3828143688840576,0.7300891655108211,0.41361407999950583,0.7237144441063555,0.5295759437763486,0.6805840144367328,0.835097094769155,0.46176404396122356,0.29427366063451904,0.9788738837138247,0.4279704535783539,0.9052067718855541,0.738618211240604,0.7148609313690494,0.35822245039384326,0.5284230819997655,0.8040670247720032,0.6064386324587466,0.6559461606639632,0.4374897633846865,0.46078201021259924,0.5366067047489083,0.6727796557106597,0.8982131961120411,1.0585948838656771,1.0283080816896217,0.5680650831398975,0.7757074617918212,0.6136026109427355,0.2963668397932127,0.7491766292153575,0.6606770989667035,0.6451741851823038,0.9614504692598839,0.5531674144016436,0.6837890586929598,0.6164706575920819,0.6157543904138397,0.6103540743019906,0.5987018473560076,0.617596813905994,0.5500795409597318,0.6170876658222967,1.037725176683798,0.3948107675194185,0.6964262731580712,0.833407498411056,0.9152436988131829,0.45730695595812815,0.6311839749754391,1.1616804116320865,1.0624184443630882,0.14058315072952496,0.883647632868779,0.29712345277212704,0.437093314278024,0.9327633502830547,1.0811191553081534,0.5172844602219102,1.0584859121890537,1.004939644530214,0.5611310884670085,0.6438447831146639,0.6938391217221015,0.7782963398477089,0.9059391655070458,0.359772720185989,0.8528152017843332,0.6503741566272773,0.30380871700316514,0.726519704350907,0.5322754308855512,0.8057961474845264,0.7465944565105517,0.7313387591939122,0.9401206367100532,0.9570897417345714,0.8617058965177804,0.9839761134380587,0.9758138574595601,0.6937685900058945,0.9647169110595987,0.6458845534753954,0.695618356183654,1.0821325830558468,0.568214505721191,0.8139498690524826,0.8644970348670062,0.888415855886868,0.5731997983773831,0.7909666144221477,1.058984214504646,0.55413111087539,0.9249659633887758,0.7128175178046683,1.0485275385042552,0.8015659824865995,1.0888372984307686,1.2042915248302961,0.7807202099582068,1.0186013064492254,0.421266315676316,0.6112814017177939,0.6271791092096028,0.7801461064498038,1.0005714588193106,0.9436834961358264,0.9600104692816476
9553,0.5617906275284926,0.2233371199793235,0.41092882135991415,0.37534569375824334,0.4073094444779137,1.043672189090692,1.0876103977170113,0.7060022387984589,0.5965267398996568,0.9312365022429907,1.0910186614849637,0.928790117671943,1.1521672548137147,1.4468619476189746,0.7175905329025267,0.5984100097472065,0.9540760206230412,0.7705568520774388,0.4836554137281269,0.918704237391665,0.552313843931652,0.8722532055258946,0.7001143828972175,0.8949295480281553,1.0831049671814397,0.6134718165236946,0.3921863764643551,1.288742323498656,0.5602599775841919,1.1841015028741855,0.9569827330832457,0.9133930650963046,0.4572709723786943,0.7027947593350462,1.037542871462567,0.7639041361922927,0.8217244035306265,0.5639968995043827,0.5861767565698374,0.690792375403316,0.8420445804134263,1.1842073000988806,1.3465694067235863,1.3043456224088608,0.7472013782302702,1.0375113000860539,0.7926809065242676,0.37335251380524676,0.8607463524770261,0.812726181199026,0.8230099162753342,1.247136092949584,0.7095860881808066,0.8259148275529151,0.8080525252116478,0.8116286748777316,0.757073440741305,0.7325797638226894,0.8337767678003476,0.7054610384370745,0.7988972344980522,1.318240254512038,0.5258561251280387,0.7722097858182216,1.076799220466049,1.1146327286370943,0.5669926313094629,0.7102061199778142,1.4828650772865293,1.366833564019503,0.17480924639526582,1.0988274768755935,0.40228396525479215,0.5959777332676609,1.2636536203889368,1.4293410979305896,0.6900947461495325,1.424113605806135,1.3135535015047097,0.696925491201294,0.8156911194130817,0.8315614709452307,0.9070271228837528,1.2179285446632686,0.4765398475303009,1.0295540656544862,0.7060023941968491,0.447742192437412,0.9468946367308927,0.6645234620307635,0.9538692471942333,0.8914765304082858,0.9362374777819308,0.9570897417345714,1.3496235188036478,1.095479907557046,1.2457006162432234,1.229208612163924,0.8588884771715433,1.2035439335504499,0.794990064365288,0.885476489794968,1.3136397745768864,0.6990084957129328,1.0300361816183425,1.1192817471461647,1.1088518302059145,0.6966931620715068,0.9539742053906766,1.3817658439745295,0.7644612058750776,1.1424271139786448,0.9051223205137159,1.3468932829189724,0.9984143414750067,1.342644359751762,1.5264958130078061,0.9842040387388155,1.2846210009375003,0.530547332921674,0.8252615743795675,0.7829073366203545,0.9903326674353383,1.2659492254438494,1.1864117122372166,1.240916200988893
9651,0.5629875008166951,0.19727488001753304,0.3674901026182595,0.34115395497232526,0.4182075493917331,0.9966613412270396,1.0345851031389932,0.680807680223492,0.6017961763830635,0.8781101798426608,1.0362565211038128,0.9100814132383263,1.1173357403373745,1.4223657955002798,0.705990734501362,0.605724821001524,0.9317511912538372,0.7573500443589619,0.43802184132752453,0.9031917263486604,0.5081378471584694,0.8545315992351219,0.6709493987374483,0.860603574369658,1.0414838865795575,0.5893171175768622,0.34812849628267256,1.2319690127888587,0.5584918385315103,1.1234508869688837,0.9155787738421174,0.8607090450525063,0.43394600695984215,0.6952606229633879,0.9837344346717324,0.7075221082031539,0.7534232900758627,0.5406068869192809,0.5866356858537224,0.6549266271340601,0.7748561166286226,1.160916433248565,1.2828411008555554,1.2597130981700682,0.7090030417544452,1.0126763666369418,0.720018952167317,0.4172546486031202,0.8432565743550241,0.8029605953236507,0.7825501232151262,1.1999204025011776,0.6734064435088465,0.7862444209459346,0.7871958873676962,0.8216303913614791,0.7607068169716418,0.6805705803264364,0.783088078236504,0.6175067212219436,0.7483605065342154,1.2046979194831018,0.4530237682042307,0.7429080808519072,0.996798961625202,1.0158321105280352,0.5139863872847924,0.6704426520874512,1.3752553498501243,1.2771166075929317,0.18151381243373846,1.0597630912587654,0.3415276441843246,0.5212415717856418,1.1248643602209607,1.3307224795971473,0.6010286838674186,1.334100281555399,1.2422076540351958,0.662303465389377,0.7579705405182459,0.7967134426374164,0.9225207249585933,1.1242900940104377,0.3935909945463044,0.9742220703510851,0.7027080349602591,0.3854508965521735,0.8552084024152475,0.6355876461696222,0.863225956168742,0.8097979361737926,0.8642117639011895,0.8617058965177804,1.095479907557046,1.1486526280172538,1.2346599579002522,1.150342226012213,0.8225440972999793,1.136058019306096,0.7468977787387483,0.8542779837069736,1.2709640993663418,0.5901245754651583,1.005334527952314,1.0587369713888735,1.0866691654341873,0.6858615376438193,0.9666632702026975,1.3214221186729724,0.6926916498966679,1.124741518726803,0.8945066206729281,1.2710252534232513,1.0008442368271726,1.3373817121985596,1.4767194586371313,0.9010045956481233,1.2352733766961437,0.4875713947996353,0.7765039851290283,0.7911145663225934,0.98660588316958,1.2122147682906543,1.1610841722333647,1.2055263469118054
11878,0.7064245332934282,0.24775673846808577,0.4627530101878862,0.3950800045128892,0.5658271058431367,1.2485381817056602,1.332760523782404,0.843349267389782,0.7574046003112074,1.0572381276435792,1.2828336195660932,1.2014114425977782,1.398693398475874,1.827239393249386,0.9273960537428572,0.8391111158992909,1.2122977986142245,0.9939514914140678,0.48501706391655225,1.1633026605186554,0.6787708882914665,1.1159863521730051,0.8800953207570703,1.0662277945841727,1.3103837659074091,0.7965753214343733,0.41630118364967245,1.5515816142330237,0.6770771300041067,1.4026801002148759,1.120723549899207,1.0530039340431234,0.5235917241759485,0.8604705294677641,1.2050162627937155,0.8568779056731791,0.8843430178576855,0.6733298866405019,0.7398565194385172,0.8667376473263881,0.9356809489083371,1.5047934609403797,1.6078921215370812,1.5914318232856228,0.918097147004499,1.2986660606126137,0.8235875821366202,0.5670752166300725,1.1057770185246445,1.0688873582819,1.0396989273294084,1.507676214371982,0.8676979018675769,0.973373487863149,1.0166109199653517,1.098635407648891,0.984902697847213,0.8257254206077571,0.9491931085924062,0.7057434848485321,0.9343503522975837,1.3710354913635057,0.46758488173691287,0.9354001868379476,1.1795192335201476,1.1473592297894688,0.5745773232087296,0.8710673374902402,1.6275111742379509,1.5855405147915411,0.2878217279731789,1.2428497806435648,0.3768091270623867,0.6041144252995541,1.2214624004019168,1.6530062917515538,0.6505482881991699,1.5579855091039612,1.4930036967777593,0.8620742777688999,0.9871768642092327,1.0121509873290697,1.1840197659014082,1.3467436223858646,0.4242249437309577,1.1484661929075692,0.9454230300425607,0.4490423309489875,0.9579419793695039,0.7970531534722787,0.9976867851707777,0.8353287381909899,1.062218463314005,0.9839761134380587,1.2457006162432234,1.2346599579002522,1.6845224324869208,1.4243054689536836,1.036224946580973,1.3869656392867495,0.9141190217387977,1.0737400693275416,1.6413346998037157,0.6251362690359928,1.2692450213919375,1.285450324880732,1.3943605707499955,0.9179948053182267,1.272547020658687,1.6508956505507744,0.8295762564158501,1.4776056938300022,1.1883474106141199,1.5949286566505791,1.378597676708946,1.7414850119064413,1.9118655540518084,1.0564789016604657,1.5226931737589458,0.5427050545131152,0.9790767407064987,1.1349937584921614,1.3088354007594436,1.5121718044255283,1.5072863651455988,1.535533631649639
11882,0.6335442295929796,0.23803766232011725,0.42556823733846716,0.3812826577002674,0.49285435100115454,1.1466938586691127,1.214096572895143,0.789025892965948,0.7013365485089803,0.9963058906388235,1.185846081005075,1.0701755849486554,1.2937447662444528,1.6664902465689644,0.8406013273839656,0.7240311525566385,1.0914039623027325,0.8853985665573494,0.5138355981840192,1.0619962009620578,0.6243783530285175,1.0333336560435513,0.8155245697340218,0.9998631420695568,1.1993733865435894,0.7327730613162523,0.4109669103262171,1.4289204614801858,0.6178481006058331,1.293834070237986,1.0345111177246609,0.9850004668301228,0.5012733918274807,0.7862397822763273,1.1109377903177677,0.7909349295038162,0.8388342397591063,0.6266094707655427,0.6606444166263306,0.7827008300054045,0.8892815769175832,1.335877167973921,1.4824426218447015,1.4584517791944058,0.837515800575823,1.1852601433947412,0.8129768048520837,0.49933755849319605,0.9875416062286753,0.9514482590215552,0.9430256770228485,1.3850233874194338,0.7886033001552404,0.8885317723361347,0.9339872809293484,0.9896158858051758,0.848236852402573,0.7629198483608507,0.9018807101355416,0.7081813188019765,0.8734425654620478,1.3473539300067645,0.500343933490651,0.8680450625352443,1.1431492876022997,1.1131986632779434,0.5532739365626782,0.795553119019357,1.5552299597887558,1.4859852230262938,0.25231989393399107,1.1577867487963653,0.42385011068333084,0.619422960919035,1.2326846461119874,1.5535710581103819,0.6719967711441409,1.5072071184135984,1.4285060462602752,0.7995623033796723,0.8945418130172679,0.9268011342699009,1.082455690250463,1.2918528861857832,0.4805674897503664,1.0622170032756653,0.8541705401145715,0.4706165155891036,0.9701884008803693,0.7342756849262632,0.9541836306052682,0.8636170524572429,0.9775341080529514,0.9758138574595601,1.229208612163924,1.150342226012213,1.4243054689536836,1.413775016659639,0.9662067942481268,1.313148493519221,0.8602772541330153,0.9760168118364273,1.4892925038897014,0.6615384862053215,1.1759071253602411,1.2537706199116085,1.2818768634996835,0.8332531075279399,1.148848305704213,1.5386923821384237,0.8354749323261063,1.3200613690812202,1.0799174466395292,1.5032744718667113,1.226313546275164,1.5849001431202077,1.76720537781637,1.0513691348313372,1.4547115039326508,0.5903405098981932,0.9444518187473078,0.9582809232520524,1.186044997601163,1.4330581209164086,1.3825605640494374,1.4116914446538575
11883,0.4630970538894745,0.18152743568497862,0.3001194347936889,0.2743299238139455,0.36682034871645813,0.8391943380581738,0.8908515866112917,0.5756274360147228,0.5064781892614629,0.7344969311662711,0.8925524430377857,0.8064955053234442,0.969747554348335,1.238224081813585,0.6365727440367327,0.5514612287771079,0.7975722167498187,0.6599069667736194,0.31795834905244863,0.777003610762655,0.47630283459381856,0.7467842190090838,0.626155259600021,0.7668172528069072,0.8754151166341986,0.5465802351559602,0.30028275841463664,1.0566768833114517,0.44887193694734573,0.9578883382100192,0.7606661283515227,0.7232502757917195,0.3452319135549972,0.5709390922345617,0.8102631626635083,0.5744481307216867,0.6041989929539895,0.4750226955425433,0.4943394204788851,0.5915391789859419,0.6232449947107795,1.0252012128098043,1.1047049109289173,1.0820356961838147,0.6320631182245732,0.8810803615311673,0.5529294934492113,0.35628321458373446,0.718736524167059,0.6933209438748311,0.7118322658894091,1.0319882194191325,0.5683451232725347,0.6631431383433585,0.7027729011057438,0.7542068999282963,0.6561208784535104,0.570206004792536,0.6835625547857272,0.5371500332202427,0.6486409621460646,0.9771403962979092,0.34820335037771516,0.6267766530961166,0.8568816634981153,0.835969938692843,0.4142634884332219,0.6125959164838759,1.141041313450875,1.090367491648484,0.18584836699401963,0.8709209403604053,0.28506312614806256,0.4510788403793419,0.9054893276687269,1.1602297960146402,0.49047657795491656,1.1078227759426302,1.0530034499002252,0.599693009002753,0.7122895580676794,0.6983003246606441,0.792931398744727,0.9666436404578065,0.34800933541010326,0.7754756217942834,0.6193746893358157,0.32196247139923523,0.7240029464560398,0.5369759891285668,0.6817949864993487,0.5784811127289916,0.7378514946110519,0.6937685900058945,0.8588884771715433,0.8225440972999793,1.036224946580973,0.9662067942481268,0.7712969179628898,0.9445700577398805,0.6395441613173894,0.6837320959313571,1.080554105742531,0.4267981314255091,0.8290912279971312,0.8992197627676157,0.9302520876338986,0.5870478861576292,0.8220709556375462,1.1415283744702405,0.629153381941758,0.9553217407128531,0.7936520847293624,1.1072096475570834,0.874085967242098,1.1592432439076408,1.2896613100655197,0.7390130613384307,1.0447473086565486,0.386277200271869,0.7000283026981774,0.6899118046184004,0.8789150109628399,1.0370869016391495,1.0109027770077375,1.032637808624792
11884,0.6308317485060309,0.2558063222491328,0.4175782381392918,0.37068838047870967,0.4897972591562472,1.1353513290556463,1.2033025062717313,0.7692258503857033,0.673503971145333,0.986914127491391,1.1971944217022954,1.04444876319457,1.2927818057825269,1.6501353145899478,0.8315616948550859,0.7127922626187606,1.0902204336480277,0.8640885787014434,0.48227972918848566,1.0382100139466697,0.622636756536878,0.9841007747167425,0.8164325845762485,0.9931030966603127,1.1888142231598386,0.7219919003581992,0.41998994828186775,1.4135279061784032,0.6118980036249206,1.2857725436669658,1.0362260972860398,0.9860151686339022,0.5007869762603947,0.7923598357087268,1.0928180773261895,0.7794597883829067,0.8350077531163996,0.6172459988899301,0.6610894694336042,0.7915331987965304,0.8685653611389791,1.3363745047805808,1.48006205638284,1.4406333746697337,0.8424347071079068,1.1656845636222615,0.7926956079249431,0.49284266666881693,0.9492619006172449,0.9428215143210334,0.9513263873485774,1.3852458005408737,0.7808759999210234,0.893255558938662,0.9057857372141119,0.9643061448190295,0.833394025166787,0.7730581405419396,0.8877589065077646,0.7162477779013077,0.8585420337380765,1.3129034468170995,0.5009852189564096,0.8175875135229814,1.1421865346161864,1.124698862817511,0.5672614949307753,0.7968371364404858,1.5391793533444549,1.4663620419577434,0.24499663033654823,1.1478789317324827,0.4193903406945414,0.6145235372479719,1.2394906853439762,1.5389349751726709,0.674154638364524,1.4933938134069291,1.4119588119978377,0.7994899025037959,0.9232227760599336,0.91907906835641,1.041535306452857,1.272738599593517,0.4821366965774001,1.0429048099436824,0.8014803214777793,0.4665521994433672,0.9743569229623323,0.7200402376589745,0.9355936362720079,0.8650388080348841,0.9673000469696246,0.9647169110595987,1.2035439335504499,1.136058019306096,1.3869656392867495,1.313148493519221,0.9445700577398805,1.347602470116309,0.8636759455309704,0.9501073603090119,1.4608714464433605,0.6529445378303945,1.1691432114718612,1.2178797898838216,1.246766845669405,0.7950268211092607,1.1124925749328967,1.5141854820499239,0.8429914834500305,1.295629239018291,1.0494145674344615,1.4882553458812402,1.176717133247377,1.5441572739814526,1.7151664985100121,1.0332215902090858,1.4136606226170187,0.5784801157174085,0.9349437894122002,0.9323438350077937,1.1641953424084726,1.385928941092353,1.3407075583640096,1.3921732480736069
11886,0.4082595920003589,0.20695338887099768,0.2746795919681911,0.24026361515660102,0.31006592828627316,0.7617573202949967,0.8029867369609353,0.5084116866100267,0.4260931631293738,0.6859774401128684,0.8225921233785531,0.6957480384417922,0.8671815316270405,1.1202171186062766,0.5602091619534314,0.47495094305269664,0.7183621265249824,0.5739024384991499,0.3171401009848443,0.6748865186671198,0.446026009844422,0.6409630411952723,0.5720576034405043,0.6983358272949186,0.7839685158880502,0.5031610411117133,0.30939524712670424,0.9394543318713439,0.39354250602979424,0.8952738175640804,0.6929770233139163,0.6750928031040447,0.33003788361434255,0.5239342709855478,0.7049022783187493,0.5318362800985708,0.5633526296534018,0.4398309846446156,0.44963145551889067,0.5364393827301646,0.6071519019860568,0.883863658460811,0.986193652848484,0.9528095500567199,0.5623022732324177,0.7809605387004643,0.5535162189628977,0.31156433096476704,0.6308952805156661,0.6339356438751639,0.6780835533992734,0.9263768344670666,0.5270001318102991,0.6141352227665829,0.6264631397667498,0.6220360715917687,0.5459339716615766,0.5409126948859908,0.6089573223751227,0.5032237646725927,0.5712319658136477,0.9100897923056176,0.3491210660486933,0.5350319410514501,0.7900543252051393,0.7772730179083641,0.40385916347340245,0.5639834429663023,1.0584584051374342,0.9864667053297393,0.16654252133370015,0.7805979095059705,0.29134724606859197,0.4222206025374822,0.8580080374500186,1.0242446845931508,0.47214085579212733,1.0339322881942716,0.9494423692970317,0.5326927911462518,0.6316449997987869,0.6329208689361776,0.6757817123838413,0.8806215469344676,0.3649357829074372,0.7067875772725914,0.5482947184147534,0.31185431224673865,0.6741859527910697,0.4615104620732338,0.6343444524983533,0.5843159948941902,0.6487038693745354,0.6458845534753954,0.794990064365288,0.7468977787387483,0.9141190217387977,0.8602772541330153,0.6395441613173894,0.8636759455309704,0.6797860874468693,0.6263752388956443,0.976043144548266,0.4471602128444995,0.7825800152630408,0.8228829197354668,0.820171493210477,0.5324475257594858,0.7294143827662538,1.018581633193366,0.6287100589053728,0.8394476936682012,0.6843002500003407,1.0022047819815034,0.7298917073465753,1.0183674684573265,1.1493135476917948,0.7010910475907072,0.956942809238425,0.39520177496378056,0.6590593470411025,0.6007040749820154,0.7638541913033504,0.9359716494957206,0.8888654970356373,0.9296056096007814
11887,0.48663031608915197,0.19439433194728936,0.3212812385755892,0.2886040625058892,0.3839711794668876,0.8206991568744573,0.9007410437238936,0.5757487573095214,0.49239995765453487,0.7384253209320304,0.8533111719141037,0.7854861911648308,0.9247260416509894,1.214276870054979,0.6009758408668685,0.5334956855400438,0.8174489902272191,0.6539420083183933,0.4046277845105304,0.7558215792190534,0.4477858627530786,0.7429833479637126,0.5849920038421506,0.704907317604821,0.9030208583410291,0.5177863530569895,0.2950068584851613,1.0423180133557457,0.43980516237193473,0.9432787547168713,0.7886599264463451,0.722083819294686,0.36108726048955,0.577438228261848,0.8413925834785722,0.6001178417281517,0.6397253474756004,0.45289243816515923,0.5053756737092827,0.5832601540353026,0.6852450399271114,0.9754280084184119,1.0605978647712706,1.0534802539946704,0.5979517889977917,0.8410322625716211,0.6381763633349173,0.41707213391773934,0.7469844890993015,0.7243035334176555,0.6853772168020263,1.0007922741417135,0.6128054363704646,0.6747109533965275,0.629409098970919,0.7105837219186225,0.6493377826377588,0.5779644642935339,0.6294522297030123,0.49268106936514877,0.6155152412876168,0.9603095321262086,0.3349260226292357,0.5964814233111414,0.7861483184821164,0.8130003642831584,0.4011472534898845,0.5779772643519874,1.098342421682069,1.038249880067841,0.16871093063427278,0.8215296057389883,0.2573615228381461,0.4008281793463787,0.8345895772238289,1.0679541210554453,0.450953685483194,1.0300466882699348,0.9989878919250283,0.5463223621005288,0.6296628303746242,0.6663817763302722,0.7728200580220085,0.8778935949494354,0.3098005568405287,0.7945559208834055,0.6409696724770589,0.31991671393513216,0.6605171374432877,0.5180778432809624,0.7172132592311632,0.6546092636606204,0.6709262073651039,0.695618356183654,0.885476489794968,0.8542779837069736,1.0737400693275416,0.9760168118364273,0.6837320959313571,0.9501073603090119,0.6263752388956443,0.8664423075638945,1.0926996258040111,0.5321836128507228,0.8819405016395201,0.8906934897556076,0.935162849743602,0.6259110439807367,0.8677862370674212,1.0886994018952187,0.5443732986839943,0.9984046103068828,0.7515935235048552,1.0802468419898141,0.8950623684811791,1.1780696962547517,1.267713961605924,0.7768800318035974,1.0569499174357595,0.4416434985241341,0.658708134720206,0.7476682042716537,0.8365247416446014,1.0076469193112767,1.0073702172022378,1.0272740352850318
11888,0.7297581913005047,0.26918619812826095,0.459352332475307,0.40912521078244224,0.5786577183908418,1.2941603323104582,1.38664500988638,0.877995836785177,0.7845166415967345,1.1066494848674373,1.350762688627504,1.2233412205794527,1.469405698696872,1.9072135580079463,0.9634319133788559,0.8674145398514382,1.2567148584295875,1.0175765538896955,0.5316354361370337,1.1890830114079085,0.7053561093471407,1.1741631754382993,0.9147957129966678,1.1181223331762238,1.3687061543418988,0.8189166123441359,0.44243039626624664,1.6070267301760608,0.6980997766678074,1.462545404699164,1.1796314083992483,1.1031326507170174,0.5560169249661098,0.8861273614853986,1.273059646378328,0.8781617185888583,0.9595728354243489,0.7015104627183626,0.7750507323240488,0.9139303355391759,0.9858171424049418,1.548348255095492,1.6924044168322818,1.6590732632835503,0.939380056086033,1.3334396031863354,0.8695179073577157,0.6011007212518533,1.16046471579898,1.103268549511138,1.0884755988113486,1.5735880458337421,0.8944246803014296,1.031664939805724,1.0605003249389322,1.1329414486907967,1.0155967368539744,0.8732009216762829,1.0065177965457923,0.7622194744595894,0.9757134202013645,1.4423785787944978,0.495930297908165,0.9976838995647638,1.2516633779852613,1.2291670635439105,0.6150092285842972,0.9538057540656141,1.7260605981308537,1.6674042811995033,0.29566818151860125,1.3156317592655797,0.38477363417878113,0.6374980349666911,1.2973417186460272,1.7117721675751685,0.7071425192735685,1.6227254190736264,1.5594936282787963,0.908053436858263,1.038194339992411,1.0781708620084052,1.251939980948828,1.4090947375028424,0.47818396156210585,1.1833312313589852,1.0274379312198583,0.4590267093814016,1.0048446545118104,0.8475226328527856,1.0591326602669169,0.9116030577906346,1.1127835042616356,1.0821325830558468,1.3136397745768864,1.2709640993663418,1.6413346998037157,1.4892925038897014,1.080554105742531,1.4608714464433605,0.976043144548266,1.0926996258040111,1.811453002415297,0.69216337152848,1.3247083634402912,1.3467198874784285,1.4430043698504695,0.955511982397891,1.3185769141596813,1.707306091252831,0.8784829041349269,1.525771932899627,1.2129732193785625,1.6551237719917453,1.438496516911359,1.8092273330784474,1.9657791654164596,1.1518044160325653,1.6365196914193245,0.5964029685530455,1.0282693716185052,1.1277988606838856,1.3521452097219973,1.5795332756565141,1.5731230985609268,1.6015812997027938
11889,0.3138578959712946,0.15000540857834138,0.22782739887934791,0.186261310391165,0.21650394765246533,0.4913395027168239,0.5601371588488664,0.3809881089948342,0.28535171667571996,0.5455732648188675,0.5594200849996764,0.44088498695353623,0.5828513796544385,0.7542687987518094,0.3483196060491278,0.26803230499952274,0.4747352053908335,0.34760715558601935,0.44550275739579887,0.4477078602765582,0.2866608821191477,0.5143228170211136,0.3575821702744285,0.4944221528763853,0.5991846269443025,0.30629474441723387,0.25536908380271284,0.6788052803982069,0.25411911734548687,0.6473395054450205,0.5257800019826004,0.49748079412800167,0.24076665967125713,0.3715604036528825,0.5494727835168504,0.424241197683947,0.5016620730896746,0.2771524879684854,0.3056699173573587,0.3127983709797638,0.5495935724236733,0.564511992098389,0.6434915371653677,0.6334642115747046,0.38604905163931447,0.5024027233782131,0.5289857182142436,0.1828865777057122,0.4204019210080074,0.40871640476596865,0.40349026157168516,0.6414763649555154,0.38416774191096786,0.42319220406885716,0.3206971526099889,0.36401569470319567,0.32006328560606395,0.3751007664564806,0.39291013621736237,0.3996106838999111,0.41661845413460036,0.7499109191874537,0.3774730480133499,0.3159133355161091,0.5765338526708123,0.6163289511619782,0.3051686829134316,0.3286132955497421,0.7636790223803736,0.666995709007223,0.07681917313278006,0.550572158071875,0.28069325841180504,0.3386461281568888,0.6878004267046678,0.6935248955158912,0.37907000625856,0.7418630755685235,0.6933683508045726,0.3203853039168127,0.3511169785110925,0.3719837176178192,0.4214812550603203,0.5818789894822636,0.35086025257766207,0.4871246459616883,0.31709033831403605,0.3107480723600862,0.5380256983290967,0.2881244330348536,0.5206150495657252,0.6488963406744577,0.3914489256537114,0.568214505721191,0.6990084957129328,0.5901245754651583,0.6251362690359928,0.6615384862053215,0.4267981314255091,0.6529445378303945,0.4471602128444995,0.5321836128507228,0.69216337152848,0.8208384996958069,0.5989076402457104,0.6852018291058819,0.5508382559127164,0.37648485341756244,0.522000890835175,0.7113110643696938,0.4205822686555349,0.55976288704964,0.41724085019973445,0.7325841999287349,0.5195118744147469,0.68526590221112,0.8051861098671512,0.6895483961575792,0.8309246847895366,0.4962511056409804,0.4475311426452982,0.43222586072213376,0.4834408743218089,0.6370871403154789,0.6114451209802909,0.646082871339747
11929,0.5748280313797562,0.26238674103925735,0.38481064993580555,0.3163533775458226,0.4476863126872198,1.006458896270981,1.112825676106455,0.6978554677739781,0.5777529027587209,0.8992547276668047,1.0793472059757985,0.923848701871812,1.1732095889724605,1.508681400910574,0.7605753186427918,0.6681172581459444,0.9962776004379171,0.7792809815933277,0.47403442237607396,0.9309278405033321,0.6252748707131652,0.9033568566961666,0.7606841918383793,0.9490850876987701,1.082438636404212,0.7258920282156845,0.3854058445797572,1.2660384725334155,0.528232259415949,1.1908282340448513,0.9403181146175262,0.877510270494928,0.45546618972006037,0.7114826659443407,0.9736076378570311,0.7031525833710708,0.7484842078486402,0.5538726257871089,0.6034964893664138,0.7098615679014794,0.7950388330629568,1.204664690414813,1.291569301682858,1.2780517318981013,0.7589444429232013,1.0557891756432212,0.7455776641436243,0.48780548397279017,0.8266175612853073,0.8732676426490182,0.8793137781444991,1.2466106964959724,0.7335570343388448,0.7910607041791147,0.7982440485386654,0.8646051389546142,0.7300108086561634,0.6770819030492808,0.8152089782393728,0.6144858853983342,0.7613741136212133,1.1267417806555995,0.41698588947219956,0.6682976793135009,0.9875017663973304,0.9402951287777708,0.48678454015904393,0.6758354982671675,1.320772456567581,1.2903711288835382,0.24743974543915817,0.9728851119514081,0.39072482915611,0.5362199496325465,1.0658252181212797,1.347442408448553,0.5689912142730684,1.3341787941378807,1.2373792439502787,0.7112559326281833,0.8008400161605245,0.7801496893087851,0.9385920429436573,1.1306532580867963,0.4409041597566484,0.891217967246566,0.6957592562667563,0.4312446183234979,0.8611268138657159,0.6130360050376187,0.7727448071410775,0.7694479828083677,0.8241898639368438,0.8139498690524826,1.0300361816183425,1.005334527952314,1.2692450213919375,1.1759071253602411,0.8290912279971312,1.1691432114718612,0.7825800152630408,0.8819405016395201,1.3247083634402912,0.5989076402457104,1.2070708305390063,1.1089792869028212,1.1350910025411325,0.7676877408459484,1.0452005080578646,1.336950513944007,0.8028446242687289,1.1776744276081037,0.9237207090443665,1.3695241225876627,1.0918157973335265,1.4050466849552254,1.5907058417721354,0.9425987512965482,1.311602856859893,0.558026967383752,0.9169976994131145,0.8974862197540889,1.0488856598453962,1.2519854338578977,1.240527461601713,1.2963129719480881
11930,0.5832055013235486,0.25316018011006974,0.393950919174445,0.3361339062215979,0.4646312307938339,1.0498694863599007,1.1135554515406942,0.7397157179097338,0.6270113628189977,0.955047705082086,1.1378459079086962,0.9957439901360766,1.2231933890127287,1.556836593124787,0.7948359812202295,0.658618950067718,1.0056964527920722,0.7847091688701748,0.49880198800433373,0.9768807473688847,0.5992295493561592,0.9356588322900175,0.7966047153661363,0.9907221474299273,1.1028223748411532,0.7055726941970192,0.43232044727209723,1.3229793802804495,0.5580241371553863,1.21748734773947,0.9721788556128026,0.9287868926042065,0.4528884572726965,0.7308559154357621,1.0001770557446297,0.7372861515177673,0.7661038588664343,0.5949016455065201,0.6139062190609218,0.7315331473361906,0.8192714895102432,1.257199998846215,1.3702037863008898,1.3487903539742305,0.8020084491443977,1.1156992734544173,0.7646617792371085,0.44293289363644556,0.8535158939445388,0.8635429135331203,0.907501969139389,1.3175307064606454,0.7246581961095163,0.812633493556986,0.8550755899937557,0.9103164824325036,0.7610527827923369,0.7126965267456076,0.8569763357451521,0.6972241926802847,0.8209747862898841,1.2720451874372303,0.5146354754945308,0.7321296567854096,1.120033638701326,1.0680469133602026,0.5363655548612628,0.727538078543533,1.454606337574673,1.3890250094597871,0.23447197503642547,1.0731104310129282,0.46683484907802975,0.651501832108813,1.2110043003987834,1.4725935579673968,0.6831418975705752,1.4688590033256088,1.374159011735042,0.7586215436288649,0.8593657994691922,0.8419285809865062,0.9632409295443709,1.2373049942610859,0.529062125535396,0.9407929663720124,0.704804509792071,0.5206549069408256,0.9912010298535717,0.6562360929655027,0.8486873999340692,0.8328065894148816,0.8897701362733186,0.8644970348670062,1.1192817471461647,1.0587369713888735,1.285450324880732,1.2537706199116085,0.8992197627676157,1.2178797898838216,0.8228829197354668,0.8906934897556076,1.3467198874784285,0.6852018291058819,1.1089792869028212,1.2926687569180182,1.1924333140141818,0.7459308145532731,1.0321951000484972,1.460673690550032,0.8673754886966261,1.1877711526957069,1.001717277862821,1.43500274210292,1.1114505272204211,1.4479135675362913,1.6528260516911115,1.0347517196056368,1.3974186214864373,0.6176596798125987,0.9230170105146225,0.8732089423978026,1.1172174335813128,1.3221450495621743,1.292961051741724,1.3327873379549733
11931,0.6195788964587478,0.232219734037811,0.40005781257516476,0.3493696802878093,0.49867541781432734,1.1072350040699543,1.182805876911682,0.7604207696848414,0.6663302247155078,0.948677957984747,1.1493396136687382,1.062051996263178,1.2566778895066577,1.6321418277836954,0.8325043370327246,0.7387444549174227,1.0699895743210939,0.8744282273656504,0.4323283238804029,1.0245171845942718,0.6124290484630929,0.9832754879626268,0.7846660755122756,0.9761816322064496,1.1532384828738957,0.7223556555339273,0.37940733211720107,1.3603266509281953,0.6047377545662083,1.251698223946995,1.0023900568881554,0.9327856425665598,0.47666818157911817,0.7478532711634082,1.0692701926350332,0.7520677418420196,0.7822609496480676,0.6088858722564884,0.6496632770468515,0.772518087954183,0.8280269367109472,1.3282968856769461,1.4414377422964715,1.4216599252347457,0.8130094365252566,1.160308553419012,0.7365971538662075,0.5355894695842316,0.9809868337634694,0.9474831110736202,0.9375248898381183,1.3398598759563078,0.7702545757504946,0.8578677990746395,0.9156362486459511,0.9749647624643896,0.8558568558832408,0.7384572920816035,0.8629822342971598,0.6516367665514392,0.8284083576643655,1.2336212851832193,0.4314966661764226,0.8358406593178294,1.0788805032045996,1.0359779538925054,0.5176589798658253,0.8025948981982833,1.4664874989865473,1.4140378530699378,0.2604932146832192,1.1090850099919918,0.3624542491879983,0.5694850185217957,1.117833213912831,1.4767413973956143,0.6142689275375408,1.4172656556929712,1.3540470759967809,0.7835008842629397,0.88894877568959,0.9061793588782356,1.0608525319647455,1.2124109013968025,0.41158514428583676,1.0111367958041722,0.8318433301698158,0.4338094785527016,0.8884793579047271,0.7087781587827574,0.8764730358853164,0.7427253376869194,0.9426794129789033,0.888415855886868,1.1088518302059145,1.0866691654341873,1.3943605707499955,1.2818768634996835,0.9302520876338986,1.246766845669405,0.820171493210477,0.935162849743602,1.4430043698504695,0.5508382559127164,1.1350910025411325,1.1924333140141818,1.3044843864809275,0.8221204791888982,1.1212781122110758,1.481605849545153,0.7833515737430764,1.310402166019433,1.0638426385675332,1.4390895664681347,1.227043152389129,1.566072369522718,1.7124471163014041,0.9590302791783056,1.3913116631996323,0.4988865947407043,0.8997401542930157,0.9521702591534341,1.171684900877167,1.362201835701878,1.3430262210586963,1.379239205030001
11933,0.41142451234215904,0.16409465647936639,0.26268462647732116,0.21262947426556217,0.3272762133095735,0.695499909994262,0.78817757687919,0.4836586213932656,0.43567671600738966,0.6150118429636251,0.7285665367289591,0.6788105660893301,0.8087521589432454,1.060276687712902,0.5358246624789402,0.4927883359912578,0.7144413045755983,0.570611067592433,0.30321006664038586,0.662926038924461,0.4374690801642125,0.6746560973422921,0.5089325645434792,0.6345065966979735,0.7530729377409562,0.5057698608993525,0.22871158366174302,0.8890959135231415,0.37284270955673826,0.8122945033944545,0.638591598502402,0.6028119357167506,0.3115440942591434,0.49082427581835464,0.7122155869848622,0.47853731437967334,0.5093537855590329,0.3802738653344815,0.441272495799764,0.5008194050702499,0.5515993578797325,0.8522154260960743,0.9195142472851051,0.9009505009933767,0.5253557175421913,0.7419044803752508,0.4836726164782222,0.3721881171929233,0.6766085869746082,0.6268273644692929,0.6016853856283407,0.8610481480341754,0.5121376518383712,0.5447803155453185,0.5710436257356731,0.6206946906798574,0.5384890501206803,0.4594977202857207,0.5421647183790025,0.3892450683086165,0.5319466055663816,0.7635876955616135,0.24459518728414742,0.544454466626652,0.6471284357027701,0.6266708771797764,0.3138757463608173,0.5222904477115622,0.9039955370581663,0.899308106300588,0.1947422671691131,0.6949523760418636,0.19361666953041454,0.3261021426577771,0.6606962515166381,0.9217742829541049,0.34304373620680106,0.873335610158801,0.8322898878524494,0.4919082962399066,0.5365086513000045,0.5656214113601732,0.7079028259522498,0.7487328784796947,0.24542809903350346,0.6391991424659079,0.560098279294774,0.2520813850734798,0.5221635781204892,0.44917306728560913,0.5521980597462389,0.47638055045773237,0.579569142001201,0.5731997983773831,0.6966931620715068,0.6858615376438193,0.9179948053182267,0.8332531075279399,0.5870478861576292,0.7950268211092607,0.5324475257594858,0.6259110439807367,0.955511982397891,0.37648485341756244,0.7676877408459484,0.7459308145532731,0.8221204791888982,0.6431387614010361,0.7725983653888513,0.9556575548341203,0.4969031989032694,0.8662800654759765,0.6780146521419376,0.9322097168759104,0.8586124582145936,1.030911914311416,1.1322976037438701,0.6221807831303926,0.9411900201228697,0.3391239220772333,0.5864831409462764,0.647746820707881,0.7518676095848504,0.8606421442160073,0.8831085602795407,0.9063874272677965
11934,0.5596585590900811,0.2147729467043474,0.3860190834167377,0.29404704036227025,0.43819124657394404,0.9632965046392327,1.082529083442721,0.6640156613601395,0.588674245379937,0.8283486609597057,0.9969834608241785,0.9274478867523397,1.1031952939613543,1.4428091884985657,0.7451857176058377,0.6614200978693899,0.9935487039825259,0.777165551101561,0.42382946232392077,0.9085823983009937,0.5809316156485904,0.9073682528571517,0.7058851085233087,0.8396355951063725,1.04085236676982,0.663613813348991,0.31737824944919335,1.2127770326111658,0.5246610710295374,1.1116549090639463,0.8872494543044732,0.8379108195927141,0.43767727180808197,0.6621867413703871,0.9771757910071235,0.6655024201346711,0.689884011173499,0.5173364310073565,0.5824176483069883,0.6785763747622154,0.7446914628644978,1.1536863511999467,1.2420126521140114,1.2397970145973232,0.720857775321312,0.9832286917969486,0.6627721996407844,0.5117858832776222,0.9064838134753072,0.8513735028419632,0.815844108298458,1.1800009838374614,0.7182707718727517,0.7651665441445055,0.7884495649678774,0.8643392549459997,0.7530582255072372,0.6448002697005808,0.7115455669929058,0.5383347264295267,0.7130740832935281,1.05582718534696,0.3307524465011484,0.746937031049342,0.8896895333830568,0.8730212501330245,0.4333361548337288,0.690315259769063,1.242593695682845,1.2313441751460599,0.24822433896752835,0.9583717325016082,0.27493843609923907,0.449556306418613,0.9229417366494556,1.276707243844932,0.49406326841851733,1.2149798845816124,1.157374095498385,0.7084445040855245,0.7460204750331407,0.7756356648595237,0.9955377525943491,1.0155938718310953,0.3314325661842128,0.8783879410348251,0.7636012230165254,0.36071713904512864,0.7130789462590035,0.6321512842893093,0.7687682112724809,0.6585281831316023,0.7918087309159874,0.7909666144221477,0.9539742053906766,0.9666632702026975,1.272547020658687,1.148848305704213,0.8220709556375462,1.1124925749328967,0.7294143827662538,0.8677862370674212,1.3185769141596813,0.522000890835175,1.0452005080578646,1.0321951000484972,1.1212781122110758,0.7725983653888513,1.18586889413826,1.308487088611776,0.6650149871716736,1.185254155459993,0.9348184406404837,1.2964978856091145,1.1366989233347051,1.4210717105272033,1.5228981674763005,0.8532676083811183,1.2708283625595582,0.45875294839838854,0.8137667416548308,0.9000875324808834,1.0426927954496152,1.18909810617,1.2057669630993915,1.2595435350943511
11935,0.7329492794737386,0.29999860457859934,0.4791525647536183,0.4251828940488357,0.583331528094223,1.3431176446619317,1.4002788990023538,0.9122783139551621,0.7992414740278356,1.1781343768296488,1.4270231259102115,1.2558557587538528,1.5487651381460628,1.9597563731693566,0.9957554643334607,0.8745534041373694,1.2898898138278925,1.016018462149966,0.5074208342221228,1.2290267716164784,0.7424213815344405,1.1596602509482694,0.992526858655296,1.2215699602564252,1.406145610087366,0.87443617310135,0.4902575858735191,1.6684512643421459,0.7174097910580866,1.5332176423811963,1.2135999824467465,1.1522939705970803,0.5743501914519875,0.9192725096306738,1.260653044963522,0.9233643851546388,0.9437202121941954,0.7500453655653889,0.7901823286160651,0.9577588819706804,0.9973221031537635,1.5979612070669362,1.7625433575111675,1.7152064836821603,1.0128170339454279,1.4183291365881963,0.8992450356582105,0.5876926891389482,1.0876756316129552,1.1056536815943694,1.1510168158447325,1.6552783522294765,0.9086271408906781,1.040475697673505,1.1018865587457587,1.188673339851011,1.0140209505875744,0.9039846934561286,1.0631903632842292,0.8592223196132109,1.0337495976687228,1.5626738476578665,0.5895455229942971,0.9671727978798353,1.378154615009072,1.3093934858221719,0.6600636972181666,0.945145011571706,1.8345211534566164,1.7447222328951673,0.29110037368407854,1.3791266544003484,0.5141930036818133,0.7471591305237884,1.4793097349094693,1.8555604477284744,0.8164773606377398,1.8058574541403432,1.6951434510025274,0.9575641100130929,1.1195195211546096,1.0911295790437194,1.2159488821954065,1.5679633757589964,0.5717163820187513,1.2217956912211376,0.9189847783228099,0.576138098323094,1.1917132184458459,0.8508605284494183,1.0588486884109556,0.9308193990413929,1.1532290955630458,1.058984214504646,1.3817658439745295,1.3214221186729724,1.6508956505507744,1.5386923821384237,1.1415283744702405,1.5141854820499239,1.018581633193366,1.0886994018952187,1.707306091252831,0.7113110643696938,1.336950513944007,1.460673690550032,1.481605849545153,0.9556575548341203,1.308487088611776,1.918562017202413,1.034277469589198,1.5115626214392783,1.260318770335537,1.7573407697027332,1.3870343123261961,1.814970237273694,2.052119394913731,1.1929326486172915,1.6612946112511913,0.6253791041079405,1.122549337813731,1.0886698432949777,1.4053619904560954,1.647837001618757,1.5954263196139127,1.6702663174072718
11936,0.36034814668130977,0.2360913642875558,0.2778653122688521,0.20866640458589833,0.29118135409690726,0.720536212449704,0.7703259277748877,0.5082008320904118,0.3782647912525687,0.695051784965161,0.850301807004333,0.6452962441964573,0.8932589451397691,1.0896061551689342,0.5696478431798195,0.44355488789756087,0.6762751717655462,0.5089651462213269,0.28530897650738424,0.6536575431480529,0.5071537598255508,0.5855067106870054,0.622915200469656,0.7642052736524763,0.7265070120165155,0.5722879008262268,0.33438970673521307,0.9009864188110521,0.3513241975193151,0.8871923802564402,0.6508344480783741,0.667441594350958,0.31661198828211146,0.49976867872382813,0.6202417419319693,0.5005487356046477,0.5142529677306599,0.43369342448696585,0.39910920341623984,0.5322197968563162,0.5446225513174263,0.8596225004725997,0.9814337108519958,0.9250458340842843,0.5797108616484582,0.7863635871611211,0.5145183947796728,0.27154390512677057,0.48126932078354306,0.6040584311890117,0.7188299595883029,0.9281461513459486,0.5394197839188274,0.5401496026332827,0.5958938353575242,0.5956999419159114,0.44725771835901423,0.5044140241102447,0.6296433554511646,0.5294756885064502,0.578948111053597,0.8847021979913353,0.3985158717506344,0.45823258542759104,0.8293454665159684,0.7436283892709885,0.41741831945252256,0.5101521505651001,1.0198099037772994,0.9911089293376314,0.18826871522153668,0.7263492724272669,0.4076453840127614,0.507295876423486,0.9521630752700712,1.0735309538804279,0.5158370169294058,1.1243385308227494,0.9822344161479092,0.5622111581340116,0.6546398855804818,0.5797612374026191,0.5949209467641956,0.9566636306353038,0.4334330894736411,0.6057032613992226,0.39398282804302337,0.41513315134688517,0.787660196127783,0.423222888388385,0.5434813038489746,0.5376392031067526,0.6086036065413871,0.55413111087539,0.7644612058750776,0.6926916498966679,0.8295762564158501,0.8354749323261063,0.629153381941758,0.8429914834500305,0.6287100589053728,0.5443732986839943,0.8784829041349269,0.4205822686555349,0.8028446242687289,0.8673754886966261,0.7833515737430764,0.4969031989032694,0.6650149871716736,1.034277469589198,0.8885556604838374,0.7338225069814633,0.6614355221144663,1.0348113226029092,0.6740128717514968,0.9632249471341782,1.1658126430103222,0.7133866580447952,0.9319871965899119,0.4321055326116037,0.7741398969322953,0.533713173554655,0.7542416090980603,0.9312742078066474,0.8654826186196701,0.9578426544734232
11970,0.6604129029897059,0.22567081937136593,0.4223954938168884,0.3663294076471941,0.5262720608874621,1.1672695255190955,1.235617143203392,0.7900905647777421,0.7162500677324491,0.975285751955715,1.1813739688663032,1.1048312651115704,1.2936490655214583,1.6875965359036782,0.8656291566456199,0.7826862436464144,1.1408541545149409,0.9193563957732829,0.4530395202037753,1.0686349773229429,0.6254896155982776,1.0332073414326293,0.8150680941087761,0.966855633771158,1.2089106600425104,0.7335182979867695,0.37529740700463,1.4264577511852814,0.6227655024249054,1.2860870654208376,1.0468518496117132,0.9561489767102197,0.4974617848167614,0.7872173816190741,1.1215946156755068,0.7893841953078079,0.820538175506664,0.6277122436414505,0.6952755002530208,0.8249428056331735,0.871702908245186,1.3961815858190363,1.489766700148219,1.4833069591045094,0.8235181537641352,1.189362018668247,0.7621528937108337,0.5813645849061326,1.0374189696131288,0.99401441865106,0.9503512854813924,1.4026691623623782,0.801617420661347,0.9174633434544656,0.9371586254022469,1.0280954548255905,0.9123437938220951,0.779536174294832,0.8675533852590804,0.6448197113787216,0.8525818230930823,1.2493271404095827,0.4106332676394157,0.8713138803872248,1.076893905184875,1.0689383365741791,0.521234341960678,0.8206339037568129,1.4942529346277071,1.45747288394578,0.2688204170825034,1.1294479566853106,0.3185195150951132,0.5357306171494861,1.10221397727872,1.5066329663324651,0.5890155581794901,1.4082437057719066,1.3701110641145149,0.7948291486213197,0.9069908468930844,0.9407090250763729,1.1076368460813637,1.218024629311353,0.38833649321019315,1.0614402183041516,0.9093088286034885,0.3845034503753672,0.8435290865340741,0.7421861148610462,0.9149328403900969,0.7586085937158203,0.9761221874533487,0.9249659633887758,1.1424271139786448,1.124741518726803,1.4776056938300022,1.3200613690812202,0.9553217407128531,1.295629239018291,0.8394476936682012,0.9984046103068828,1.525771932899627,0.55976288704964,1.1776744276081037,1.1877711526957069,1.310402166019433,0.8662800654759765,1.185254155459993,1.5115626214392783,0.7338225069814633,1.4702068421213024,1.107799030531319,1.472436805755327,1.295171439731907,1.6134493120488713,1.7657038902288997,0.9800926281927135,1.432461529658284,0.5003958576223094,0.8911328833908068,1.0266940685186317,1.1952856630855229,1.395338640865302,1.3850790526283985,1.4110574940569767
11971,0.5237756861259829,0.18875444153603432,0.32296551277129604,0.28479990487284806,0.43220095188914803,0.9525113575358309,0.9926249956486343,0.641636584127334,0.5925521450956592,0.7822491624548948,0.9808538844133785,0.9060743374397023,1.0795198742055025,1.380611748878626,0.7141649440563738,0.6304888643929566,0.9165298582896401,0.7431188881629304,0.32897666675121495,0.8760640415304038,0.5219130050841291,0.8357066375731504,0.6793183330333691,0.8261453554829118,0.9740321686840657,0.6056604338551691,0.3187913246025279,1.166825393189049,0.5197614841840711,1.0462917027666072,0.8083837519482355,0.7969718054710472,0.38622848775488017,0.628210332302757,0.8889343947322692,0.6065070032883587,0.6398718491264381,0.513299672703867,0.5617046737671577,0.6553151204874031,0.6656065730484253,1.1363914151415726,1.2249225688499228,1.1978453598875598,0.6958596541266999,1.0012764470540574,0.5740071611832254,0.4343094078734908,0.8266142904624717,0.7835905897198121,0.7913229943650928,1.1596461943796252,0.630156019601943,0.711639423653378,0.7967048907539234,0.8659456643699665,0.7362602882667564,0.5965322138739808,0.7371901819422091,0.5493388763872986,0.7166224619320873,1.0192564628503624,0.3513797042023833,0.72318177502193,0.9239755769833321,0.8654692654533357,0.42651283314518523,0.6757461513781688,1.238677477322182,1.208276633640975,0.2442670264438496,0.940766784006196,0.28724811774056574,0.47520637144559047,0.9514724758495816,1.279479461026879,0.5058580033514742,1.1890107719170653,1.1475156193259668,0.66708810079207,0.754426575928839,0.7749970998426777,0.8906319233397544,1.0434798366025977,0.3482239276379789,0.8573300306330709,0.6974978410234431,0.33738897254827815,0.7653430066663355,0.6005721982950386,0.7127515547091495,0.5727757308967871,0.8173388411002013,0.7128175178046683,0.9051223205137159,0.8945066206729281,1.1883474106141199,1.0799174466395292,0.7936520847293624,1.0494145674344615,0.6843002500003407,0.7515935235048552,1.2129732193785625,0.41724085019973445,0.9237207090443665,1.001717277862821,1.0638426385675332,0.6780146521419376,0.9348184406404837,1.260318770335537,0.6614355221144663,1.107799030531319,1.0060054534178635,1.2007564924684224,1.0480308721893878,1.3259397012816518,1.4632936882719405,0.7841163269139843,1.1614124948063467,0.4026000565499527,0.7539967495635679,0.8085577469090229,1.0125646492441396,1.151921626663866,1.1405428786326168,1.1662323385742352
11973,0.7119159620611513,0.31301884662562773,0.4925364193673461,0.406694804658192,0.562786786221296,1.2920154591110615,1.3861248641305546,0.8834900168739621,0.7459441219884306,1.1467826443953437,1.378529652798692,1.2006585811803856,1.490874142353521,1.8982675669346214,0.9709137473156058,0.8376004662368048,1.248134598822067,0.9771187127942036,0.5501102925463207,1.183770898173271,0.7808396200727208,1.1185338675384227,0.9872992036047623,1.1935769835927792,1.3550043115285373,0.8954241709564601,0.5065134679782363,1.601392740407978,0.6734285372222075,1.4937429306628938,1.1763442946908924,1.1386471111306338,0.5627730489796642,0.8848814990589542,1.2216605238913216,0.8908067586100267,0.9317519308936636,0.7229632215868506,0.7454196361152555,0.9186583752807078,0.9950869235792588,1.5252726007011779,1.6870592322554825,1.6444414711841764,0.9824865261902529,1.3414502386191298,0.9137785289928707,0.5674681839808601,1.0576345911366838,1.0903962920572077,1.1232543259501493,1.5853972315994813,0.9152507218874839,1.003196595238605,1.038323189857653,1.117564036602411,0.9363145904651076,0.8766763452598706,1.034404300068965,0.8237262984806638,0.9795049333990103,1.508614203433706,0.5734780025823227,0.9045407863366838,1.333338008768145,1.2713564579135694,0.6435849387288782,0.8928727678438286,1.7461065572924868,1.6749066615387023,0.29716492780021936,1.2949467158720929,0.5109639570435078,0.7315568043716308,1.4217666539485776,1.776824320165676,0.7876612079251232,1.7595561157513289,1.6265958780259846,0.9320754052635029,1.0762191076957153,1.035523436047229,1.1869991195843492,1.4918852276105907,0.5848570140699831,1.1595983869860094,0.9058390542660386,0.5632791500432996,1.1463339530003736,0.8103942122834522,1.0198076352556174,0.9531864298585907,1.0862078424989667,1.0485275385042552,1.3468932829189724,1.2710252534232513,1.5949286566505791,1.5032744718667113,1.1072096475570834,1.4882553458812402,1.0022047819815034,1.0802468419898141,1.6551237719917453,0.7325841999287349,1.3695241225876627,1.43500274210292,1.4390895664681347,0.9322097168759104,1.2964978856091145,1.7573407697027332,1.0348113226029092,1.472436805755327,1.2007564924684224,1.8106158589978205,1.3781374312353447,1.7766789703650459,1.990758299897841,1.1911688100663564,1.65242728862985,0.6826328453761166,1.1494676390168495,1.0736774765184918,1.3456382925379236,1.5989351602525312,1.559991403343505,1.6227275784896684
12246,0.6026552831154212,0.20151220793526517,0.38493680391861584,0.3065614359355998,0.5077879827339293,1.0461478835866969,1.1580213061884839,0.7214861297893082,0.6778725726562871,0.8643903737546548,1.0624157524491373,1.033902211410284,1.181373597435966,1.5589418354876345,0.810452436420232,0.7512668798345689,1.0474891806519515,0.8722715550595616,0.4652684856493876,1.004025025851872,0.584005616005739,1.0151797952091266,0.7427654752636712,0.9089268867119544,1.1289372576044072,0.6995432887772604,0.3174500581490829,1.3522834703555608,0.5798697852344923,1.172442518398037,0.9189387925605184,0.870235899464322,0.4311538227920371,0.7096059302801987,1.0326794327070417,0.6700633778162888,0.7352818337626006,0.5499717959568038,0.6556243125823427,0.7165765385506145,0.7781855956966403,1.294642715851785,1.3509531230066274,1.350728677640003,0.7735613914633489,1.1116708543498395,0.6718170864628069,0.5705808923334976,0.9904851043580513,0.8987781389958874,0.8545066069751123,1.2975910750934783,0.7333876540827675,0.7885337539797423,0.8699676592949033,0.9698344381888165,0.8411686651064054,0.620655689321129,0.7814961380688386,0.540831000781402,0.7972471916285282,1.08176850058664,0.33823080200093414,0.8000270234364119,0.9511474108147604,0.8809927161824155,0.4208905290862139,0.7430143453374853,1.3147015979167804,1.3058226543826603,0.27302177764086705,1.0293100286533192,0.25921625812813237,0.4740977893094386,0.9241519268834729,1.391442165008647,0.46006672898626916,1.2538308300551044,1.2593989125012823,0.7502568962916626,0.7869690987735357,0.8371719164220983,1.0844068753730696,1.0705899832680494,0.3229747789840327,0.9181377923463123,0.8574201087747617,0.3558000262220353,0.7195596173477881,0.6698214930533472,0.7745133192749413,0.6743639949679499,0.8631091923903869,0.8015659824865995,0.9984143414750067,1.0008442368271726,1.378597676708946,1.226313546275164,0.874085967242098,1.176717133247377,0.7298917073465753,0.8950623684811791,1.438496516911359,0.5195118744147469,1.0918157973335265,1.1114505272204211,1.227043152389129,0.8586124582145936,1.1366989233347051,1.3870343123261961,0.6740128717514968,1.295171439731907,1.0480308721893878,1.3781374312353447,1.4876335565306977,1.5417458780914377,1.6699881129299505,0.9371154373878796,1.3680633282866748,0.49319852630565436,0.8342613295834198,0.9691130502923895,1.14470932188764,1.275173734122243,1.3212326179521448,1.3196111035556752
12267,0.7737815586550725,0.3000670172014069,0.4928679795293544,0.4142284206714723,0.6335619659918257,1.3676672168866943,1.486859746587635,0.9359265353708516,0.840542047159702,1.1582112037062802,1.4156559762838932,1.3099834673291857,1.5586764938815802,2.0435672906467297,1.0344914499307385,0.9560669856399631,1.339945385546371,1.0985710716770678,0.5429135434155813,1.2860217379530838,0.7747806711344543,1.2502194386816634,1.009623915898462,1.1988882001232073,1.4451055664220278,0.9216446111290414,0.4595464931623824,1.7188253394882615,0.7445830998792314,1.5508118955750771,1.242905700285713,1.1605949862115126,0.5763383907742937,0.9374765590467766,1.336178729003979,0.9238538627613812,0.9771099762899554,0.7551973978672937,0.8230437677006021,0.9581229066757886,1.0318578296692558,1.6543463860501628,1.7885693079523395,1.7703362024731946,1.015093973421991,1.4498300632520191,0.9070044553847683,0.6749615628928131,1.2369300710010696,1.1901605690797836,1.1656722035059546,1.671476482087774,0.9788586837690793,1.0794906466745224,1.1392296787652798,1.240230218997906,1.0684249475226344,0.9267014831527856,1.0639751817329033,0.7734279115442471,1.0356447594181557,1.4986670076149045,0.49426892966085845,1.0473007535948273,1.3157640015663996,1.248055089770275,0.6296133105610079,1.0009446769373682,1.7938368079718006,1.7565125551283054,0.330233091296338,1.3580566646971572,0.39340907370232575,0.6678635419715069,1.342888696899272,1.8315614742584878,0.7044617481901013,1.72611544995114,1.6325789378114297,0.9746604263362167,1.1057115283798835,1.12276780110597,1.3456854884991332,1.4961423548976007,0.4846870048672443,1.2312542100114612,1.065925723459339,0.48977081374730075,1.0391455652084978,0.8841243983920677,1.0814941583433917,0.8926869288625182,1.1565288632203314,1.0888372984307686,1.342644359751762,1.3373817121985596,1.7414850119064413,1.5849001431202077,1.1592432439076408,1.5441572739814526,1.0183674684573265,1.1780696962547517,1.8092273330784474,0.68526590221112,1.4050466849552254,1.4479135675362913,1.566072369522718,1.030911914311416,1.4210717105272033,1.814970237273694,0.9632249471341782,1.6134493120488713,1.3259397012816518,1.7766789703650459,1.5417458780914377,2.0744360250506637,2.1367395760075096,1.182963574735136,1.7318237450005929,0.6113095794807722,1.1133200188254768,1.2182845740556323,1.4581365118184764,1.6733152245105496,1.6816340429150543,1.7126451408621783
12284,0.8295687977035512,0.3400657661619194,0.5490839587314943,0.46990818089013536,0.6691785774660095,1.5173508766085846,1.629456552750381,1.0455362430532915,0.9143960133010816,1.3210119202440207,1.611992232272272,1.4439546466716102,1.7620089857732115,2.236495507224844,1.1580262101885084,1.0100417558903612,1.4661899221467811,1.1898246558098882,0.6086674201625185,1.4139447492733288,0.8754968139998927,1.3646102662262416,1.1156742511168756,1.387192178900657,1.592974744101175,1.0278091187113134,0.5390886032976764,1.9035367494182978,0.8020747500619139,1.7388238409976458,1.3631019951428538,1.305738875177871,0.6530145259558733,1.0426331055065352,1.4380753528042833,1.0217986818460694,1.0785124119912732,0.8458263945701838,0.885170460339085,1.0793899012190065,1.1350380249267158,1.8215749592232608,1.981352489202979,1.9420095375348725,1.1489745843225956,1.5811354298398033,1.0215414089411055,0.7037164128109148,1.2881235013977157,1.300280431013032,1.3196423050178674,1.8734388214702593,1.0775036710504873,1.1652300854423414,1.2564267614174742,1.3501817938359404,1.1398740007239945,1.0038378301123454,1.1969698071988106,0.9202349811756059,1.1627711015021112,1.7131077207938394,0.6290412031931023,1.098649534137773,1.5073433147158581,1.4333778841735378,0.7218793419141378,1.0761990302767581,2.0185580227860447,1.9571974396276621,0.355342337401964,1.5103582972047378,0.5565198148927416,0.8074195878996145,1.5976826912033537,2.0601240521058335,0.8575490564281132,1.998069801052165,1.8765048428757969,1.0853353999225621,1.2353077511332122,1.235419495346225,1.4490985345469165,1.724625696650267,0.6287655697943787,1.3667416786418856,1.1090681212173064,0.6212341951901124,1.2619074152093142,0.9565237533913586,1.170446792145324,1.0417693393181453,1.2666308343962154,1.2042915248302961,1.5264958130078061,1.4767194586371313,1.9118655540518084,1.76720537781637,1.2896613100655197,1.7151664985100121,1.1493135476917948,1.267713961605924,1.9657791654164596,0.8051861098671512,1.5907058417721354,1.6528260516911115,1.7124471163014041,1.1322976037438701,1.5228981674763005,2.052119394913731,1.1658126430103222,1.7657038902288997,1.4632936882719405,1.990758299897841,1.6699881129299505,2.1367395760075096,2.502664965522402,1.3518972983444468,1.9087541285138803,0.7386863879106189,1.2776656653988125,1.3150220894750446,1.5952566734183204,1.8695182654520783,1.8556937635335296,1.9212198367343938
12286,0.4935484079081356,0.2144558628985648,0.3342847675670078,0.28462289177479355,0.37340533596106085,0.8479496527199203,0.9176088167049666,0.6145059035641393,0.5084800160204913,0.8177638875046425,0.9437997422304854,0.8059957561263327,0.9952340526155543,1.2638880801026309,0.6288165604497528,0.5363426411226713,0.8111336993284927,0.6355605817541191,0.5186601713958671,0.7831266633781216,0.49018635337858335,0.8142430900206261,0.6302918842996156,0.7998720106819892,0.9366617000885714,0.5498460210569914,0.38169506050955276,1.1082037535011442,0.44902588117095177,1.020692273220855,0.8134466339377813,0.7702151956111594,0.37346404690457674,0.6006939524653899,0.8402225635536557,0.6221881859776383,0.6665907560102481,0.4796356479225333,0.5077781459341972,0.5790502590646739,0.7336039599670026,1.0073679595086091,1.1138071442101487,1.0887167287951909,0.6369244772742909,0.8826759061693221,0.7291098540837981,0.36403872223710476,0.7370266626653112,0.7102771094716919,0.7278373269234573,1.0768684772051622,0.5943206660459018,0.6939869083926189,0.6613769129991859,0.718929868396588,0.6268990056553927,0.5924635705003563,0.682198973651041,0.6174762342039236,0.6920017615350128,1.0759966140289918,0.47475599758585985,0.5936284562908992,0.9393940125936389,0.9213617612395886,0.4629355322360318,0.6065506815247509,1.214705312170962,1.1352522574134754,0.17482153734878395,0.8917416311057418,0.40920938513282384,0.5343736578992011,1.030640404341573,1.1795004124000705,0.5756628835902307,1.2049010572043217,1.1381224583475626,0.5891831492954429,0.6752952250528746,0.6938344882927201,0.7884451544509491,0.978361935107856,0.46075045346523724,0.7814211195588193,0.6077715874202118,0.4388676934961643,0.7890007402616165,0.5400953961172087,0.7669008417221117,0.8117152664416645,0.7117067502989688,0.7807202099582068,0.9842040387388155,0.9010045956481233,1.0564789016604657,1.0513691348313372,0.7390130613384307,1.0332215902090858,0.7010910475907072,0.7768800318035974,1.1518044160325653,0.6895483961575792,0.9425987512965482,1.0347517196056368,0.9590302791783056,0.6221807831303926,0.8532676083811183,1.1929326486172915,0.7133866580447952,0.9800926281927135,0.7841163269139843,1.1911688100663564,0.9371154373878796,1.182963574735136,1.3518972983444468,1.0686807259119984,1.200375618124884,0.6047381595023801,0.7457035695342157,0.7174496025121149,0.9003778781420194,1.0829260587748502,1.048647705826583,1.0974350865707416
12290,0.7020835567896351,0.2979122318750296,0.45215874395702543,0.3946007641680027,0.5524221926876847,1.2265622629803252,1.3483223779645657,0.8584654152976339,0.7513765392251576,1.1085105819157284,1.2988970596150877,1.1598964542548196,1.4268453655972215,1.839148557948873,0.9392676442937594,0.787763704947908,1.1977334335072747,0.9429602830938651,0.6123405284141762,1.157778588041922,0.7206154393035955,1.1453540298322713,0.907203285121917,1.1331418870197514,1.3223883878197176,0.8088913307789656,0.47198269467782217,1.5992672939835455,0.652956743134494,1.437562023822136,1.1437015647128081,1.075203270327593,0.5277093012226681,0.8569192316823506,1.2201016392229944,0.8449670750241118,0.9208371835554426,0.6801661759833749,0.7510986856637091,0.8396352162245502,0.9876041625005717,1.490621231107634,1.5928396715494129,1.5813480008162064,0.9215372400360857,1.3009719084980003,0.9362416171818458,0.5764711118778649,1.074634403146857,1.0425670133629312,1.0536491823713652,1.5210793161657468,0.8442411990075768,0.9456003037630798,0.980969862512267,1.090414304451694,0.8961701394284532,0.8016525725060956,0.9935771654284171,0.7527797516849924,0.9554305445398219,1.4257825807165827,0.5575999700888167,0.8693102172134347,1.2281735748244322,1.1890776761919668,0.5875209067985083,0.848373327106144,1.643840258775736,1.5807537840213457,0.29896548885873214,1.2247367899073678,0.44789837332764787,0.6788901226686119,1.3267135307796047,1.662985878677701,0.6962824461405465,1.6316202542723377,1.5491574586797843,0.8623655726295095,0.951772588597978,0.9648940318476872,1.1441889413804058,1.3634048824005434,0.5498829153210334,1.0844210868159014,0.8616058888617888,0.5392665758645522,1.0614566493250535,0.7642065666406996,0.9735639170689486,0.976490540852952,1.0109771043208244,1.0186013064492254,1.2846210009375003,1.2352733766961437,1.5226931737589458,1.4547115039326508,1.0447473086565486,1.4136606226170187,0.956942809238425,1.0569499174357595,1.6365196914193245,0.8309246847895366,1.311602856859893,1.3974186214864373,1.3913116631996323,0.9411900201228697,1.2708283625595582,1.6612946112511913,0.9319871965899119,1.432461529658284,1.1614124948063467,1.65242728862985,1.3680633282866748,1.7318237450005929,1.9087541285138803,1.200375618124884,1.7927620627887442,0.7367294140324132,1.0242910839829884,1.0669613877421031,1.294755791711634,1.5465524350667175,1.5133890164775339,1.5492054946136042
12316,0.2662272771309864,0.14166303935011365,0.17825931532439634,0.14284033825015877,0.1967230850928898,0.43426960676352494,0.49695901225027905,0.3327464879032131,0.2531377361933002,0.4662577663259491,0.5162744101495198,0.4193357512643153,0.5206783195993032,0.6775654200537891,0.33186287109514206,0.2565820140444529,0.42680398744228704,0.31159259042029214,0.37601337797576234,0.40792992218377233,0.2726666452872541,0.45833023759258,0.35723730411649574,0.454524851926691,0.5109583334739494,0.30955284904635655,0.2375597775786869,0.6217600543329976,0.21564216137356867,0.5637674646075003,0.4385815928069749,0.4263082220444275,0.20351833822363344,0.3270673757452765,0.456126201889681,0.3301622834793234,0.38805961553700324,0.2553053943564971,0.2661087904676705,0.2922101928206981,0.42951547476737983,0.5161649397441318,0.5756413319677725,0.5609533576280354,0.3542411773079363,0.45922417862230863,0.47468513770526194,0.18399885256873694,0.3587091539443984,0.37323789316893735,0.38806612788768735,0.5766733478475643,0.3224278616786002,0.35774097220067613,0.3146081491305108,0.36800842089425245,0.2607501781808565,0.2936269857890904,0.3740249657126905,0.34138964768159963,0.3640138191252945,0.5861338734975174,0.3167870618712729,0.24910534635086062,0.5107032576106152,0.5010371718600201,0.24372965875129354,0.28861045682560743,0.6409861600128359,0.5945457585538113,0.09265968407427248,0.44003265433337974,0.28540249979738014,0.3113598263147668,0.5859957810796148,0.6248370123969704,0.3153420872201907,0.6760355777606065,0.641484779542694,0.31431643254440744,0.3309961514137709,0.32993436386438174,0.3819814209155875,0.5111837285070788,0.3329746817492735,0.3788970443332633,0.26301836856106325,0.2750509957744829,0.4611753594262822,0.25770914248835425,0.39050512968241546,0.5517214832964235,0.3257024354296037,0.421266315676316,0.530547332921674,0.4875713947996353,0.5427050545131152,0.5903405098981932,0.386277200271869,0.5784801157174085,0.39520177496378056,0.4416434985241341,0.5964029685530455,0.4962511056409804,0.558026967383752,0.6176596798125987,0.4988865947407043,0.3391239220772333,0.45875294839838854,0.6253791041079405,0.4321055326116037,0.5003958576223094,0.4026000565499527,0.6826328453761166,0.49319852630565436,0.6113095794807722,0.7386863879106189,0.6047381595023801,0.7367294140324132,0.5847448550767584,0.4399871800399125,0.41167352475013685,0.47534144673092443,0.567167230043602,0.5716601865185655,0.5892472673295048
12346,0.4292993434774729,0.2208713785824654,0.31600425836473955,0.23527629953853216,0.3449093340820307,0.8157147391269003,0.8947465880575722,0.564653321890822,0.4522322631563358,0.7703722405294124,0.9070245501375435,0.7412113050352471,0.9876534846962164,1.2285072560839794,0.6329897389966328,0.5377815653009512,0.7928986878463742,0.6100836071913905,0.33098754267465175,0.7462892248988651,0.541555252555943,0.6990825442780116,0.6892559379032593,0.8259688725943753,0.8482251480199211,0.6516772587797114,0.34820281625390864,1.0219137088470935,0.39728313905229057,0.9828895197556076,0.7481683108562539,0.7361999390967375,0.37130254518245165,0.5557679470183094,0.7423639858485849,0.5524067001370204,0.5834991220449123,0.4747019204469065,0.4695966012781106,0.6077149929100536,0.6165357039812045,0.9666380179678146,1.0867609865601953,1.0303491796810094,0.6348929283011459,0.8789336413996396,0.5685841082965423,0.358890574821576,0.6128307422065629,0.6875863720351517,0.7717849211353514,1.019267459443458,0.5951055925958867,0.6174417710336,0.6626535510284908,0.6927557412047831,0.540820885101525,0.5558731610044083,0.7027850801748036,0.5504887598783584,0.6203993296640922,0.9354160648081137,0.3679667978901534,0.5434479858568891,0.8569955925275676,0.7974162471235582,0.41929858458366365,0.5704167166166474,1.090541623379797,1.0784420789458864,0.228027885558381,0.796951913563516,0.3632843943325201,0.47584003064735636,0.9443001969769623,1.1473487727731853,0.527920876230422,1.1681266788903015,1.0611410504080228,0.6053842048124293,0.7006940528203612,0.6401871760357033,0.7144903982729894,0.9714157762684108,0.41679187144885793,0.687934998807539,0.540769452233406,0.396220109096058,0.7621267958097329,0.5015483679580394,0.6200085201154589,0.5676411400656772,0.6706535751251378,0.6112814017177939,0.8252615743795675,0.7765039851290283,0.9790767407064987,0.9444518187473078,0.7000283026981774,0.9349437894122002,0.6590593470411025,0.658708134720206,1.0282693716185052,0.4475311426452982,0.9169976994131145,0.9230170105146225,0.8997401542930157,0.5864831409462764,0.8137667416548308,1.122549337813731,0.7741398969322953,0.8911328833908068,0.7539967495635679,1.1494676390168495,0.8342613295834198,1.1133200188254768,1.2776656653988125,0.7457035695342157,1.0242910839829884,0.4399871800399125,0.9359836873125108,0.6559133365289841,0.8624834675131696,1.0203355262778597,0.9853189830922546,1.0649983973190884
12372,0.49329842148141184,0.17964912190161314,0.30336268513996517,0.2508791641955312,0.4010964614342132,0.8138848784227802,0.9147009473549177,0.5585226878486369,0.5151907565761741,0.7040509331885209,0.8510688921246694,0.8159316706875119,0.9398996450025271,1.2504575665720072,0.6326553103152399,0.591384536635029,0.8396408453378688,0.6718090133041946,0.37687057749663905,0.799473768953736,0.4689818547976946,0.8038095374896673,0.6030795929673913,0.7097315647287683,0.895089078137753,0.5552072650283288,0.26840462341298166,1.069190356918126,0.44423117889560837,0.9460784373096265,0.7536153825444686,0.6861272476687817,0.3510548635447972,0.5872917448641205,0.8318677446396394,0.5578315653954771,0.586844806704193,0.4427967111984049,0.5226803292005381,0.5724055926270708,0.625561676328011,1.0327153790472972,1.0616830597957572,1.072219884578108,0.6110492974574958,0.8731391536919669,0.5651311744758486,0.422022736489208,0.756393664220698,0.7229377214873643,0.6932409562973862,1.0132837299469102,0.5876007953441641,0.6567311015858305,0.6867267158038377,0.7746260807521839,0.6634493271733828,0.5267212735132722,0.6263943600779881,0.4353026120642077,0.629754483618751,0.8436637198266514,0.2849892715762105,0.6080452909128278,0.7523156358872332,0.7105801332256267,0.34696563816464054,0.5922112659715129,1.0412859539619677,1.0275273203089172,0.20501783077840832,0.775622227527958,0.23152164109828183,0.3730064736031694,0.7450881493755326,1.071187488387441,0.37237302031082103,0.990206382383292,0.9743713903990568,0.5603299775372164,0.6238723247743853,0.6434911955263669,0.8165753717899484,0.8397869945283881,0.27196732454871,0.7186594827946013,0.6590730208689717,0.2985631237252196,0.5822266283413672,0.5185528756114498,0.632585045959651,0.5372918622734388,0.6616412668337857,0.6271791092096028,0.7829073366203545,0.7911145663225934,1.1349937584921614,0.9582809232520524,0.6899118046184004,0.9323438350077937,0.6007040749820154,0.7476682042716537,1.1277988606838856,0.43222586072213376,0.8974862197540889,0.8732089423978026,0.9521702591534341,0.647746820707881,0.9000875324808834,1.0886698432949777,0.533713173554655,1.0266940685186317,0.8085577469090229,1.0736774765184918,0.9691130502923895,1.2182845740556323,1.3150220894750446,0.7174496025121149,1.0669613877421031,0.41167352475013685,0.6559133365289841,0.8816458506198209,0.8993159212681492,1.0001604769333412,1.0394738833974857,1.0425900102737928
12562,0.5705288104870286,0.22053523397261088,0.3524318988577705,0.30567408538894864,0.47596229424540926,1.0271910260956363,1.1028171095699342,0.7084900187546594,0.6409631541771368,0.8722174907788433,1.08836332887972,0.9998856058909817,1.1992191428769494,1.5510180945758207,0.7964617544216075,0.7101775598322669,1.0006856652191363,0.8237315651976714,0.38230176700864055,0.9784200532950224,0.5845704389207388,0.9411272072911014,0.758894552875948,0.9256048013630805,1.0907566085244729,0.6907346560523039,0.3522623275069824,1.303196884294267,0.5654809218010945,1.1729030511790743,0.9214385256133569,0.8871713473043759,0.42212167241607695,0.7105562977445734,0.9820605637875552,0.6711462847652103,0.7028402935796759,0.575857600057945,0.6173924161590445,0.7393245482686185,0.7328472198244445,1.2806444757808892,1.3747352548528073,1.3389791132259055,0.7759378742801133,1.1170855003879747,0.6549995113992219,0.4784682682984273,0.9084558483396777,0.8728511861192711,0.8852401439890631,1.2790700493607081,0.6966571689319142,0.7864087783038743,0.887407932360528,0.9499513488894278,0.8008846541729814,0.6611276446637439,0.8389744033833143,0.6046361358409471,0.7982312297615102,1.124371589121673,0.39354964661444514,0.7745529710033772,1.0338585623466,0.9423370555196502,0.468080736971342,0.7402627566125427,1.342790488871044,1.3175015399655112,0.2585136771119416,1.0445536887948261,0.3484096130796739,0.5496289877188012,1.0504638739692584,1.4133660331710831,0.5695094523140852,1.3423398594891507,1.2913750754065045,0.7566970936274952,0.85435987105385,0.8461402457567858,1.005149218626856,1.1609653743281365,0.39540648186947025,0.9188104420891218,0.7630949658966503,0.4111575144350174,0.8454929257723046,0.6641857637481496,0.7661424923470207,0.6562685153893498,0.889917078940743,0.7801461064498038,0.9903326674353383,0.98660588316958,1.3088354007594436,1.186044997601163,0.8789150109628399,1.1641953424084726,0.7638541913033504,0.8365247416446014,1.3521452097219973,0.4834408743218089,1.0488856598453962,1.1172174335813128,1.171684900877167,0.7518676095848504,1.0426927954496152,1.4053619904560954,0.7542416090980603,1.1952856630855229,1.0125646492441396,1.3456382925379236,1.14470932188764,1.4581365118184764,1.5952566734183204,0.9003778781420194,1.294755791711634,0.47534144673092443,0.8624834675131696,0.8993159212681492,1.2077350953037171,1.2758762239298547,1.2726566969471726,1.3059727936103496
12568,0.6675381848811303,0.27238952109087644,0.44726214989575525,0.40600188708750096,0.5264237820542362,1.2347892314003106,1.2998143020073925,0.8470591675295147,0.7383278448298923,1.0694879014597418,1.2949007193777706,1.1511897615886229,1.4166790032528638,1.8055176512755158,0.9256915393280866,0.7926342316251032,1.1661411898628602,0.9464390739265428,0.47563911659009306,1.1399882645195605,0.6904221401615035,1.0553259247647413,0.8988497288234235,1.1020228072225076,1.2714633848576509,0.8148117062219993,0.44908787841088377,1.5173575797032917,0.6615388480316833,1.4125984432220893,1.1102599208470618,1.058785353889238,0.5248499379776306,0.8415681332187048,1.160675319160262,0.8480075092879633,0.8809451819468948,0.6943364074670711,0.7142502405585728,0.8730508883290147,0.9137119220929961,1.4728946386903525,1.597580039945541,1.568267541327874,0.9074692621917451,1.2905025509511845,0.8286230725105749,0.5256076761700522,1.0321150431239738,1.0259712723788745,1.0530842199032207,1.5105885489044941,0.8492633789057561,0.9557238410260523,1.0122213200706072,1.066741666016138,0.9270282261101812,0.8437567720217628,0.9945299598368118,0.7729550678433635,0.9336309097816605,1.436608519362763,0.5350545076946781,0.908086382950546,1.248579990713947,1.2022877051092928,0.6038476555206019,0.8756042393457428,1.6660934461546204,1.591878194503852,0.27980550440707186,1.2529662052185864,0.45218965973406383,0.676686545557409,1.3301920436417434,1.6784066946576688,0.7489137603020513,1.6375719008975647,1.5313624319804473,0.8712147314843345,1.0155988188159708,1.01787215553421,1.123362672848244,1.4184550508792797,0.5113457487977364,1.1291485252889033,0.8855007434907994,0.5208080835826855,1.0616258417296813,0.7863074518465394,0.9944359422175545,0.8826646845572392,1.055633777830523,1.0005714588193106,1.2659492254438494,1.2122147682906543,1.5121718044255283,1.4330581209164086,1.0370869016391495,1.385928941092353,0.9359716494957206,1.0076469193112767,1.5795332756565141,0.6370871403154789,1.2519854338578977,1.3221450495621743,1.362201835701878,0.8606421442160073,1.18909810617,1.647837001618757,0.9312742078066474,1.395338640865302,1.151921626663866,1.5989351602525312,1.275173734122243,1.6733152245105496,1.8695182654520783,1.0829260587748502,1.5465524350667175,0.567167230043602,1.0203355262778597,1.0001604769333412,1.2758762239298547,1.5831663251799795,1.4748910923682683,1.5177034681214066
12619,0.659095845366149,0.2624740345604543,0.4372613113424029,0.37464887831530175,0.5302238448664442,1.193614781922118,1.274422465989502,0.8252484249599097,0.7340812417622339,1.0147396567388303,1.2391443304658611,1.139887832404242,1.3436311187740155,1.7496562186297537,0.8917028949962423,0.7878752235692738,1.1522948452754473,0.9338731662016798,0.47783009673327215,1.1032252631241402,0.670533793955016,1.067686802623935,0.8665364954226178,1.0602760465156646,1.2441875673825318,0.8073181150000894,0.4121167940354779,1.4782809137283692,0.6346569990818849,1.3488001822674662,1.0630929635843693,1.0105852425305788,0.5038784473072074,0.814408835973364,1.1384916899697972,0.7984404301243313,0.8326464867337133,0.648628254279246,0.6938044846440699,0.8198793161382816,0.8774173957437139,1.4247011658368516,1.5399589413374033,1.5232315790656399,0.8798847679668209,1.2432277319153109,0.791055582871636,0.5598982090073872,1.0384174351375193,1.0063511373692386,1.0271508404993233,1.4522687666142209,0.8368360443356548,0.922688387872293,0.9779429601707628,1.0651359010461978,0.9107338920494982,0.7856243330489133,0.923792705978617,0.71539692112644,0.89201299156455,1.3267623195813605,0.46843613841397247,0.8703256787236364,1.1542056831341583,1.1113384938049538,0.5573683950713103,0.8353248428674034,1.589150427275973,1.5211431595878429,0.2840709931049,1.1770172224249698,0.38425179839347584,0.615097051965821,1.2173222030281727,1.6056389247281975,0.6585223065424203,1.531190001833657,1.4551198933760656,0.8538384647406024,0.9701594770253009,0.9596437254904772,1.149057085539601,1.3138290160958075,0.45896767387410725,1.0651931230518499,0.8852047777128861,0.46818440492105134,0.9650574489744724,0.7624687901099975,0.9249026100005298,0.8155045230573412,1.01015503250137,0.9436834961358264,1.1864117122372166,1.1610841722333647,1.5072863651455988,1.3825605640494374,1.0109027770077375,1.3407075583640096,0.8888654970356373,1.0073702172022378,1.5731230985609268,0.6114451209802909,1.240527461601713,1.292961051741724,1.3430262210586963,0.8831085602795407,1.2057669630993915,1.5954263196139127,0.8654826186196701,1.3850790526283985,1.1405428786326168,1.559991403343505,1.3212326179521448,1.6816340429150543,1.8556937635335296,1.048647705826583,1.5133890164775339,0.5716601865185655,0.9853189830922546,1.0394738833974857,1.2726566969471726,1.4748910923682683,1.529167267338776,1.4957864523082915
12637,0.6628230967877093,0.28475093411060953,0.45679609395430504,0.37975378871455795,0.5390564892982129,1.2220440529512593,1.3258195834214608,0.8386164328668924,0.7293965889604587,1.0661914369227339,1.3002587771883396,1.1586573833440657,1.4234646004210314,1.8225580861878288,0.9312377104309035,0.8108039346067074,1.1858313885237584,0.9403311673951289,0.4907746754348712,1.125251489696768,0.7259267011725813,1.0791555910317745,0.9182903047594079,1.1192966189473128,1.2724213575780647,0.8453608924947179,0.4554587469724417,1.510332637329612,0.6425741800962348,1.4146900534208273,1.1070534094535331,1.055129602481009,0.5358904702028813,0.8268244718639489,1.1767452168001071,0.8299134016136445,0.8674863741856795,0.6818114200341583,0.7108516809541853,0.8884244039057408,0.9099300910040296,1.457311321842367,1.6088401553176541,1.570549779026357,0.9238387522027082,1.2692820455901392,0.8243630954038302,0.56359645550951,1.034688352084922,1.0442229441911077,1.0707619182761137,1.5139803929065079,0.8664955402692684,0.9443583070312274,0.9980002600711624,1.070505739228354,0.9148541114132666,0.8234701091824455,0.9609214017501578,0.7654749087246375,0.9354563841385399,1.3832517436875462,0.5053284792301838,0.900364203765152,1.2282441859421627,1.1669858907748614,0.5913411179283119,0.8709730000574759,1.6389705364813936,1.591165934485114,0.3037326576624822,1.2177980973864935,0.43542279853860616,0.6574798570399318,1.298506672251918,1.6667936837605657,0.7137839967804411,1.6288100494356281,1.5257105158251592,0.903621567808427,1.0030408987045278,0.9933587881253108,1.155538472859663,1.3945169705253395,0.5059884125922546,1.0952552522270949,0.8799738836225927,0.5056025227683623,1.0295017998250044,0.7738893262123201,0.9650363945419854,0.8368032305354915,1.020861901996347,0.9600104692816476,1.240916200988893,1.2055263469118054,1.535533631649639,1.4116914446538575,1.032637808624792,1.3921732480736069,0.9296056096007814,1.0272740352850318,1.6015812997027938,0.646082871339747,1.2963129719480881,1.3327873379549733,1.379239205030001,0.9063874272677965,1.2595435350943511,1.6702663174072718,0.9578426544734232,1.4110574940569767,1.1662323385742352,1.6227275784896684,1.3196111035556752,1.7126451408621783,1.9212198367343938,1.0974350865707416,1.5492054946136042,0.5892472673295048,1.0649983973190884,1.0425900102737928,1.3059727936103496,1.5177034681214066,1.4957864523082915,1.6417342804278119
