unit_id,2158,2162,2196,2197,2199,2200,2201,2202,2205,2207,2237,2238,2239,2240,2241,2277,2278,2280,2448,2484,2541,2648,2678,2738,2757,2778,2842,2859,2860,2976,5404,5432,5435,5436,5437,5438,5439,5440,5441,5442,5444,5446,5474,5475,5476,5477,5479,5505,5506,5507,5508,5509,5735,5743,5875,5908,5940,6191,6216,8861,8868,8904,8906,8907,8908,8909,8910,8911,8912,8913,8914,8916,8955,8956,8957,8958,8959,8960,8962,8963,8964,9000,9001,9002,9004,9155,9330,9337,9390,9401,9427,9428,9446,9465,9553,9651,11878,11882,11883,11884,11886,11887,11888,11889,11929,11930,11931,11933,11934,11935,11936,11970,11971,11973,12246,12267,12284,12286,12290,12316,12346,12372,12562,12568,12619,12637
2158,6.505627319586033,0.06335054970786391,0.0810977050558105,0.14395335749611363,0.16715882076561567,0.22749169024458765,0.23683077972305178,0.09596642802630172,0.5392333344640807,0.20972854141478714,0.1920315053699871,0.5936823214987829,0.2499303112557528,0.4264921319367994,0.26411877076174345,0.18737305384069253,0.7115201854136182,0.6444375250212775,0.20546638763667588,0.41350473470592436,0.08386042271689015,0.2671207602047696,0.0776536379813336,0.17232114060829026,0.9846132599854464,0.6095408291761494,0.14731639530125312,0.6287296944042507,0.4284212104924271,0.38741131345182606,0.17912870811354586,0.10470750296275085,0.10201929824768244,0.25215677336937387,0.6436741733819549,0.16199725060549708,0.5403734547179944,0.1741850330322924,0.3730743698503955,0.10204409015246353,0.2505195149215256,0.4850884690044792,0.3661497131230831,0.49820809642249286,0.2176368420625218,0.6034082463507893,0.7832868877653755,1.2134856961700533,0.852773632984595,0.44021495255147153,0.17642756060108705,0.613395341433761,1.0658373816359956,0.6108147252577039,0.799196937389215,0.47664461601084995,1.4407916690539102,0.10705947907394917,0.18887089943536509,0.11403981620462277,0.25494093438988136,0.10860080047306941,0.13650957626534035,0.18853113090304985,0.4118835207338795,0.1799948990219578,0.10643321134424168,0.17337499383125257,0.21212473435036752,0.2863383976306731,-0.09278048251414306,0.5624902507561113,0.13158973156349563,0.1796185907357299,0.27123112096456026,0.6563506950025246,-0.03325122086041365,0.47439633087565064,0.2984387200972527,0.5953210088741746,0.4614197995670374,0.38485450290199286,0.543541865472254,0.2052843292042383,0.12553275194328237,1.089936587791654,1.7995987918751148,1.5248344268811698,0.40150369596158914,0.20019106542113987,0.7797950577286379,0.2009130437349176,1.2146510770632726,0.11312550522420053,0.31207188232411265,0.5239661385220515,0.4404366861232118,0.3321030515533818,0.1937628914242322,0.1871159362820312,0.4950064395376014,0.9046855984828017,0.36221421143906,0.587686788305003,0.4836840435071172,0.23881065089621445,0.3914280654882968,0.1241996734113924,0.6261806801260449,0.3645187132528138,0.06621052486971242,0.4743373685886722,0.4012814696711808,0.33164760476379535,0.6994619215625801,0.4484968493618109,0.7732273592657979,0.29471751704419924,0.4660083052671189,0.15122127564906684,0.19255933796574584,0.5705492356454758,0.2778886718554279,0.394662355972917,0.3293838600483429,0.48641357447279754
2162,0.06335054970786391,2.9911294365672125,0.020634539118496283,0.016458524117032504,-0.014640640800679788,0.046857145870335924,0.07024316434275565,0.03214863822955022,-0.04687005321641117,0.2585200732491099,0.09105969785294833,0.12928594481191172,0.13795634619024505,0.23765095693147986,0.042177205651727036,-0.008823744012394613,0.04649702582289566,-0.06333643265080006,0.1210203013535979,0.056970032460994566,0.03600518705362869,0.07944826118944319,0.27870571301116936,0.31138738513229625,0.19405399609434257,0.04129460411659976,0.18687231129865234,0.22195676884100818,0.011784765868429916,0.06644423452048442,0.07088224455576163,0.02734035548423995,0.03795189466694598,0.05892034102426092,0.01359859075733252,0.02174242963671496,0.13401073468288024,0.09711661649077466,-0.00913892353663867,0.06335189322485228,0.08684086974810887,0.08925573605716357,0.07155227867583454,0.06205137626093735,-0.009377272090562364,0.1215208832184715,0.09942733417475107,0.397412314922648,0.10657494847874356,-0.04326181849993352,0.5266746993140557,0.053647240633499474,0.15571721693115254,0.11778645307157964,-0.033663128916034596,-0.013687874549351385,-0.027214537843185692,0.010209368285857046,0.19018754329447865,0.0321618858095195,0.14480904522284388,0.05555234803606907,-0.02233653764113559,-0.06085312188748403,0.08006839445550533,0.14583322861599426,0.0728344461152736,0.1638249006406711,0.002228799757682833,0.12145125812657771,-0.07588252335117789,0.2197659048279054,-0.09393712098506225,0.09544140758820686,0.04557722241141782,-0.03166901257968342,0.027127487996112,0.22411144225389193,0.10322841396029973,-0.18414374713792278,-0.035008886612905875,-0.022912105810693095,-0.11838926749166938,-0.056071159238637786,0.04672531499962052,0.049998833362446836,-0.11990150078540153,-0.07722694319392355,0.14914266835103862,-0.14799298608124187,0.34209214990521863,-0.026252131364914017,-0.22712572064655942,0.14147582638309814,0.031945152125687284,0.15617904924922907,0.12922680174054832,0.08756036621275941,0.16379441657013524,0.024820537000678586,0.433218871893467,0.059857217573600595,0.09899577474235885,0.028924740225536576,0.3144060303448818,0.08144329284414153,0.052842303523491535,-0.011667741413689524,-0.05424488431294353,0.13413911924439767,0.530509760523267,0.006511459715760309,-0.08142696856609652,0.26047495591872466,-0.08225269976377608,0.16636877417729534,0.3221917179718194,0.20204845462360235,0.28745494911100283,0.20615990900369657,1.3415023540470565,0.046985641069819103,-0.029332710049543263,0.10340907079992476,0.030930714924097116,0.011521942123778186
2196,0.0810977050558105,0.020634539118496283,1.3910683147769087,0.10800370053234733,0.04647068190555415,0.08969444532773291,0.10071729600785734,0.05981274690829727,0.06546795580386487,0.05067682695396775,0.049838232713102504,0.11485258326319145,0.03827970203243014,0.09244890972205032,0.061570244262720314,-0.07312622061241064,0.2352199189177889,-0.00968660065117623,-0.02588189215808196,0.16610178686796315,0.05318903974430997,0.061221645101304,-0.006970906315969532,0.01673617497673502,0.11517927204206271,0.43144249531751305,0.08316468406013196,0.0628022776058445,0.14673124649128988,0.11844925971319997,0.04175275736097934,0.08310959385429288,0.0828062993717551,0.16774136442562515,0.219563432704294,0.03486906306441064,0.11882427395505289,0.01966595921018644,-0.00442064256364544,0.04190086154026054,0.08251385900422079,0.009142611350866048,0.12011333539724356,0.15983150108703847,0.13891481775577105,0.06928666208931544,0.0414322548034089,-0.14754200976900733,0.07785655850796175,0.4035260336359964,0.1741804853571012,0.2171449177543702,0.5055055294219857,0.07375504554801615,0.033790922791011736,0.21897546797256986,0.12158321429481385,0.08034831616942954,0.008365578745551171,0.05494571982561546,-0.057112176926286576,0.14653970035895791,0.05450637919059386,0.11137953058298727,0.029919843779027774,0.044720627212947124,0.10214111932543073,0.0750703362967964,0.04302903594661595,0.12297012423920985,-0.0639245802241509,0.10499079351044398,-0.0304714813765841,-0.04823120846815185,0.13938004223105635,0.19133807465982208,0.6052780950182924,0.17981077674248666,0.05874100169690884,0.22067020193746462,-0.044469381919710976,0.07030976525943113,0.2455206122326911,0.06784545752832136,0.15515988947043113,0.5140218030828618,0.305674851668219,0.27879381618950994,0.25649995991737334,0.2402335785643895,0.31841927684799054,0.12263080146913878,0.05569706270870414,0.18461891183608392,0.11979204663055626,0.17033266934326655,0.07315716961675703,0.12614416452344054,0.006395938331056837,0.14659714840288654,0.043269574836947405,0.07906870584684177,0.16287935609827003,0.1614349530030182,0.29588705544332283,0.11462385735504364,0.19494389296007356,0.1876125070690234,0.39282958281204317,0.07347236284961728,0.08365622697934143,0.03664998089176992,0.038959139119199356,0.22313418106902388,0.05643353352123367,0.10740011066840437,0.4004906870679158,0.08021535814734007,0.11905422961415886,0.18013902681929891,0.06772918652260497,0.04612009872331116,0.04024767138550863,0.10371517839970748,0.09347949736006711,0.20367968767914685
2197,0.14395335749611363,0.016458524117032504,0.10800370053234733,2.9530712647679698,0.09120947177574408,0.13570435618083798,0.06897501693078709,0.044221111401433505,0.30073919478829814,0.12683250030705515,0.16628049438382042,0.265319965122197,0.09914983575680623,0.10794920544390015,0.05145071469614291,-0.3455915983102038,0.18231596536422923,0.12196295327638061,0.025194870314272148,0.3110988758709259,0.004848789244719429,0.0921887056828164,0.14013732681348223,0.06369671290685963,0.41157171283529176,0.023565489218843418,0.00893230846044314,0.18806883857752968,0.16581045030672742,0.18078120817858062,0.047890538642580444,0.010336656994291564,0.022672573856515568,0.26761102276003634,0.2503001177522197,0.12934649642476956,0.15071187061175387,0.07072412256208885,0.06036485839004623,0.0429108271939694,0.06558322522062249,0.21106068374890155,0.17901456361734894,0.14365657781906266,0.4111908802177581,0.11272344397566171,0.04637254367504833,0.027032870091283377,0.360669604692761,0.0008049282555011109,0.22315431787994064,0.16724102381963488,0.4659895532995735,0.9307642653644912,-0.0034279597948308135,0.028566843502205137,0.3548299531084246,0.09355319598292754,0.048020357350481345,0.0393044947629901,0.17240692375873212,0.167537255377289,0.06993553405289121,-0.0008971864435035231,0.14061048955050204,0.3250948052846752,0.11064590611954164,0.04259034740098178,0.17598754691538798,0.10070627811243844,-0.16111833324388786,0.5305076729428996,-0.1683999579721021,-0.05757815976873252,0.32161464198077605,0.1772469342178485,-0.03454342353236736,0.14184283685818744,0.1696937170565266,0.7360703805203002,0.33575558255529375,0.1586369634943265,0.011017924672198122,0.1317670177157784,-0.12795398723349805,0.6830885646704067,-0.0680369169228038,-0.08944890880733937,0.45125693741123835,0.013672268235839356,0.6231750884576888,0.22821567669867407,0.29746362505827856,0.22334671999875969,0.18352119644743126,0.31161072592760547,0.0915644827081852,0.0588285312317716,0.2346898014326796,0.16633438760286867,0.043232166329226836,0.04086807985010839,0.15182633516440938,0.25198299341208313,-0.030538122879286866,0.13584689415835818,0.13695886409509597,-0.0406433862530636,0.28119493895271513,0.2088855233658587,-0.16390913347968772,0.19637205789924117,0.057090075363297764,0.10466133710261508,0.04976043389929519,0.170295308600217,0.22017791031274697,0.13519878037795877,0.073904047038875,-0.05968331638841419,0.098031355786422,0.1508277048198713,0.10413939195325891,0.1311340776170678,0.07304820358492652,0.10438805218143395
2199,0.16715882076561567,-0.014640640800679788,0.04647068190555415,0.09120947177574408,14.438023971286444,0.17824056510194183,0.20264489074325356,0.15399461117599264,0.9135930737776203,0.34554144729126635,0.14209955533439858,0.8815531201037003,0.4179259975318025,0.580294433767219,0.3415867330048376,2.8730024026034466,0.7001845033371286,0.41026256875929157,0.7299671810847618,0.8145828010720235,0.06634927512826687,0.4821456780523774,0.1746499806667071,0.20753091395650303,1.026450412924304,0.6889322773507788,0.06232847770706246,0.5588227685197557,0.257762493000986,0.44223339102764125,0.21262868284326497,0.07574824830221805,0.06316555345264296,0.7355459020387484,0.43256454464248467,0.31849564282033266,0.35725435852823323,0.18260866981591103,0.6103178362501492,0.1904805727610032,0.11872034980194086,0.696146765521458,0.29174623421818063,0.4861043389675681,0.14311002295397973,0.5358206367842654,0.3398007621744769,1.1067670254085462,0.37849874088859226,1.735754615966201,0.14516343728410153,0.7359357766635728,1.2174752994146,0.9040870300391156,1.0499681893636887,2.1701892970448835,1.2611823306060015,0.10284440371367257,0.9204493256139575,0.1752958079732707,0.31733988717908396,0.0703546107683235,0.20501219169313858,-0.0318670543347902,0.29580225483262396,0.20000291801120768,0.020002272047027012,0.2985572437053486,0.43707473928846763,0.22078269885831547,0.13311694088792575,1.2070437073601312,-0.7185523285180865,-0.17751713695297583,0.09348632995284753,0.44388761715395236,-0.3125762929463768,0.5992323036203665,0.5746846449701543,0.6955393184147963,0.5999777236317803,0.269737497666425,0.31085887547908947,0.3321155485290181,-0.02261639036597766,1.2747916757616866,1.3344408888905963,-0.4033691520158143,0.6311296824770795,0.8862382378736229,0.10304511064046165,-0.10485199736684946,1.3161889710990162,-0.1693985828576728,0.2676638472547719,0.7079154792996154,0.44230940828946114,0.25415010662493676,0.511888655869574,0.1899968943982598,0.7866071834454321,0.3871140907519422,0.620481557557467,0.060317372066579666,0.6348846654067308,0.2966752539990897,0.3838808853812372,0.47361961730644375,0.913805242952141,0.79999642710348,-0.060910727505278914,0.7340793265832763,0.5800994371728737,0.2240584072621191,0.8069180489100759,0.6889701036407913,1.1660687388857887,0.4283876798165878,1.0220139665228993,0.2693696532446177,0.4440758243583663,0.4249436508402191,0.5808930765783509,0.35165134635945133,0.5784487314205001,0.4140000475556777
2200,0.22749169024458765,0.046857145870335924,0.08969444532773291,0.13570435618083798,0.17824056510194183,4.6904665487045625,0.15464379501024822,0.11695242328231431,0.4984367488542833,0.2206112565347466,0.4166652491169007,0.6333914391558537,0.5594734458780082,0.6842017981020194,0.333986260858873,1.9287545930930874,0.9588757531366993,0.7712901034559233,0.10988249724006673,0.7834067413965011,0.1127166978876751,0.7328586353725686,0.559229245021557,0.4912396481418352,1.1158134045557864,0.30847551537927054,0.09515877398745394,0.4350726910397386,0.26017866399032913,0.3864322066517195,0.2165765633714476,0.16013981592974716,0.029574766017542005,1.1976607349663966,0.9883263633865741,0.15620007772112174,0.420746008500955,0.1936075853951451,0.2682197774039383,0.7577001248986533,0.24516866579332885,0.5434713442238003,0.7688799711793451,0.6097534155426281,0.726106915912226,0.5923115444102482,0.2668446118790024,0.6889379559636569,0.4810350169149749,0.7489495175259419,0.7450620177452986,0.9276587474333748,1.4894591098321046,1.0117618877170107,0.8999153681131238,1.1068111808917833,1.5463712007617774,0.3512205625128701,0.6220964505707227,0.08578196533164345,0.3285147849929732,0.4252614661856988,0.08376186027085504,0.5911345766187249,0.3316192346914168,0.299757800669776,0.24735846519604374,0.4431908059958061,0.6231845905160668,0.6204567580639594,0.0605242064331138,1.766775840912317,-0.19661976859101546,0.13709444880774338,0.745228052546515,1.3415564352933331,0.6664678234677925,1.353197983849202,0.6482184343622349,0.8911694308145438,2.0023600079571127,0.7232940128609823,0.9822629558682272,1.118999881670218,0.175252507470664,2.516185543022298,1.7736769374118564,0.3351309817458751,1.3187809753373716,1.2156006403248307,1.4790519082075735,0.18477882933263773,3.7508849913394156,0.5798562640678054,0.43034637957641714,1.128563035328273,0.5195036573828228,0.31256927754098035,0.6858997730473966,0.4013674588074523,0.5796824715251537,0.7923371600539937,0.8471382974507572,0.37244459003635105,0.4776170627243228,0.548742909974095,0.4011872484377591,0.6369960295612673,0.6467208111043717,0.8701866698243097,0.6344692914771045,0.4706884688764752,0.4802555986482712,0.793367826841379,0.6121603273512108,1.0415376525872493,1.1056729844124706,0.32758364799365436,0.7679895114107438,0.24986687788653225,0.5782582390545591,0.31648815580763096,0.47992603060808836,0.4571642110464749,0.4807968548391403,0.767837545909156
2201,0.23683077972305178,0.07024316434275565,0.10071729600785734,0.06897501693078709,0.20264489074325356,0.15464379501024822,3.5566094046886714,0.1466513535617605,0.39656035900402486,0.27754904586163265,0.36877086755359806,0.7000271342525225,0.5656914236019649,0.6092269790176461,0.32301043227171694,1.1368126434986683,1.556201200891107,1.1229078063577016,0.34289327676831294,0.8439935928059188,0.4532898798889845,0.7075230804508699,0.3591036096885897,0.44422410670263757,0.9163253592885924,1.0200484712667428,0.007336621431048143,0.5680501994335789,0.11345882754624174,0.5556298898550089,0.17983156135346864,0.1346122460782407,0.09245886076679782,1.4934738719728338,0.75327415050491,0.19017087655545162,0.3734223109479326,0.2316899391399742,0.2616495793774577,0.35674343511508744,0.2582752744265661,0.4948439879981052,0.581139782823512,0.5274034972280396,0.5316412271491033,0.7558104716820041,0.5043170312630016,0.8150509713368521,0.8145831337868462,1.4615853765308375,0.7090390229343928,0.7600185265409958,2.2293079220904697,1.1279733883208627,1.0120453854652407,0.40002901826591086,0.7647334142038342,0.32981310818947973,0.7130858683197507,0.07181646655792279,0.38797560541501275,0.40031057361193195,0.1882691171261102,0.5153270397899676,0.3069237816805545,0.2953285055928898,0.1610784188040784,0.4088379532589279,0.48728901332051866,0.8393170416675794,0.056686403718793736,1.667655267913031,0.3159904142846814,0.29914794087971647,0.3424202542597562,0.7187526124222033,0.40955839936803745,0.7147818451272626,0.4042127916827658,1.3346415281074966,0.6177951004402223,0.4932625086867706,1.0174361205485043,0.686181876595436,0.04876099857171548,1.014080829140482,2.5130119975101683,1.2119625151166276,0.556778581666435,0.5116597243715534,1.2372922857294366,0.31151782468472816,1.1976068217984566,0.45125066163313454,0.2758441303613602,0.5082409471043137,0.4790507035329405,0.5057599749338219,0.3322917283681887,0.3759908064104651,0.44338435277229027,0.5285258760936766,0.7966809409135243,0.37887039543552464,0.7630957859597115,0.4616273613938574,0.5375128862524328,0.5870298017522775,1.077069537963304,0.5813997259369365,0.5759528134432536,0.6074329117518853,0.3071868261658386,0.8672415104006486,0.8954129618393567,0.9574373802463731,1.07922250038761,0.3777914597267251,0.6912266877267271,0.2589321476139835,0.8748374149468879,0.49163767760748966,0.41426000894803355,0.5927391069378398,0.45331835920613656,0.6604239157292846
2202,0.09596642802630172,0.03214863822955022,0.05981274690829727,0.044221111401433505,0.15399461117599264,0.11695242328231431,0.1466513535617605,1.4373638608970631,0.10516321869832926,0.08694978334251731,0.10828887233039515,0.3943966719303313,0.20401279465441458,0.2227524647651453,0.07385982051900444,0.41015151845100306,0.556759395722494,0.26507880918109655,0.19677797417708273,0.23635537185294764,0.12049257661577903,0.3188366196595516,0.1518921189826089,0.13799859392098077,0.35707106228875557,0.176237607388173,0.09601154815798604,0.14846350256912588,0.06324269269381978,0.19650853745988295,0.11280948994982733,0.04616521478441437,0.03346636026743286,0.23990180262425295,0.19533522317726973,0.045943556984907284,0.1145055253678891,0.08686324240795694,0.1283431599160319,0.11224065319800319,0.12234276143685045,0.21489352475273685,0.21441152629578503,0.20917031685471538,0.41306386505940945,0.22925789634146948,0.19231248577795987,0.29474955757592636,0.21398476328984078,0.4216366902507789,0.28391147842182396,0.2964562732201878,0.31928418852113866,0.709943573815852,0.3194110831822786,0.4794101658602039,0.3770597909589835,0.06942682380995079,0.13481986543785698,0.08506129906725901,0.1964687113356115,0.13652635183565318,0.14009100224946414,0.24632778303566538,0.20448386698961557,0.17106992227107579,0.046030720853829955,0.12193441986607015,0.21014639527086718,0.23233053570392312,-0.011621141135737712,0.46190397229255004,0.42489125958713275,0.18289230121279298,0.2113981978289661,0.30688130705492606,0.7554391905843396,0.3684944228107766,0.25818022876007113,0.3510020423012508,0.3249350689045186,0.39502548188262504,0.47886073348417135,0.32283921190089465,0.09711240203332708,1.0043522820115833,0.5835827951155457,0.8006493591121392,0.673548000205186,0.2509120377552681,0.4803990200704854,0.15280186107112223,0.7066006426620561,0.1545020888042251,0.15019794067387812,0.2666707699250083,0.21439166022457878,0.1513409941635966,0.1589874386481828,0.19799786670675973,0.22249505366834343,0.2654445321441091,0.3045953519231742,0.13258585761522004,0.20797894258607075,0.20158498851860351,0.23127143500869457,0.0794675275624022,0.33702650614919377,0.37481051021432554,0.11885583827924855,0.19095912169297002,0.2419449140350133,0.39568624638029404,0.26323220427814403,0.2760103855453232,0.4192530142785554,0.16727305151533212,0.2775575582925316,0.0891540677303443,0.20389861919765717,0.25876457722159973,0.18586865000446165,0.17407782662632215,0.1640107635500826,0.309681589707614
2205,0.5392333344640807,-0.04687005321641117,0.06546795580386487,0.30073919478829814,0.9135930737776203,0.4984367488542833,0.39656035900402486,0.10516321869832926,52.79711679691547,0.34701928053222847,0.5008491563813209,2.5116380998345966,1.0080820684777083,1.3176282771614138,0.8966625632644992,0.9864985933408195,1.9796295494267138,2.9566653653460997,0.5383734898037357,3.136156265005575,0.27070677363265966,3.0156105664705364,0.2902964002021185,0.7603791790455982,2.3660694816781853,0.7628580687875903,0.07436572462231404,1.4027143285810333,0.5051427658785519,0.13580925907325145,0.18436199426328012,0.20844279298505541,0.08700058867594924,0.9332393905886035,2.2815193799832887,0.18637228743060366,1.0263671109277615,0.23845500847288548,1.8251333281299804,0.26197683652354514,0.6104537212226907,1.736331564854058,1.0896849734628684,1.5028260512180325,1.228006426015576,1.3985106338211983,0.35248344805538895,-0.23236810839480723,1.7508236488027529,1.1478695111033466,0.7319861192181059,2.425403622026962,1.2501130686054356,1.7510790653383312,0.42810351103910804,2.4197579837030925,6.555185698684352,0.11523637560397636,1.031716025766374,0.1699580388638862,0.7096874906848224,0.6940721368176757,0.10496616624984562,0.7119013917578246,1.1788937944053268,0.6776821593967295,0.1625932285682031,1.2912641181686328,0.9913503291373487,1.1858967276060766,0.7019207486736628,3.7302494390679595,-1.0119392416280975,0.6766885942935572,0.915159802609645,2.922208985273914,3.1345926984242976,1.712019876484292,1.1765166153984534,7.869640284787671,2.4502966760369507,0.6458661595679245,2.066043900051286,2.522727160820336,-0.056937832228137704,3.981091367247475,2.933482519038327,-1.0405497443672627,0.4619597635923323,1.3265681990004063,2.3929370496226245,0.6665058357040915,3.483494012871968,1.3221206077848378,1.172743635906718,0.8449887094349811,1.464674530532559,0.6338132850197676,1.5798258432435057,0.7452109247697974,0.4121657609685344,0.9591397961707853,2.139118261838695,0.27570430454038564,0.47041918043259373,1.1079226119688808,0.7311589828011379,0.7783030762538197,2.307477134127482,1.5940033151396749,0.18689143302408445,1.331073460509361,1.4428882087684003,1.6830314601651233,3.143595599729525,2.0826601322498903,1.7104794390660882,0.6179420679799831,1.9608795112982567,0.30796408382677803,-0.06766829609725693,1.2159828690392969,1.1316493100821632,1.229934102334147,1.0701935285431317,0.8565548033333131
2207,0.20972854141478714,0.2585200732491099,0.05067682695396775,0.12683250030705515,0.34554144729126635,0.2206112565347466,0.27754904586163265,0.08694978334251731,0.34701928053222847,7.6342061809262045,0.5714250788885716,0.6166972441182373,0.7921960277163651,0.9053750947392819,0.3473366586808526,1.513940769421777,0.9483634261626359,0.8424729968117012,0.7127192067090887,0.6516904694942898,0.4621530293763652,0.6483634997524113,0.4826081291617873,0.5884458692702342,1.1139288354581771,0.5666604925949676,0.5169555882825227,0.7805765111131272,0.23441617229439404,0.6079568147925621,0.34012807858175975,0.19279597065106385,0.061954811086343806,0.7270914824049611,0.5127923458200226,0.286759048645177,0.34572359969494176,0.20618253711217815,0.2330280513788589,0.5151052778817905,0.40002590221698964,0.5760511255133516,0.40548819394697605,0.5741071090712877,0.45396205857555344,0.7914974707562458,0.5608649643100935,2.369365443433101,0.9415885130635689,0.8061086579046364,0.631530018247108,0.9105704879785482,1.3594270526384964,2.420126214185694,0.5435137816078266,0.662545523260351,1.040619655928451,0.42021540208802205,1.2912959427842683,0.29342032107444305,0.5258725604685794,0.48737961319767326,0.522768747318741,0.25757953635552155,0.3558405396499722,0.6182819093195512,0.4113668752212132,0.7501432235900876,0.8512628555911291,0.5770847145336198,0.14404775875409584,1.4576585102018371,1.0091414815740871,0.9128576687336115,0.9321348940090959,0.9078208774793127,1.323846752295534,1.1713472866429633,0.6822407826911558,0.567194382588961,0.8116591110226155,0.7733911778768213,0.5772009943052849,0.901370678814648,0.5369501164669336,2.1262330229542843,1.6245181934233397,2.250990955640464,2.9691648119656997,1.021045274923162,1.646973450296816,0.6964276745166482,1.6046341287108654,0.5683027634093093,0.5172035623284899,0.8494213426664491,0.5650207691501336,0.44650620051120704,0.35437059358252504,0.4874499612153622,0.8785843522137524,0.9135191466393056,0.7261815806291776,0.7190126934637251,1.0272039321801703,0.6836075491676488,0.46296317034933726,0.263953443773085,0.6545979224461859,0.8266798521022507,1.0981784261776446,0.49359105839048,0.3924416653545603,1.0932124192658952,0.39085714553168643,1.1635478102163392,0.9997844909066043,0.6750537812659879,1.000862073360519,0.7271733809430198,1.063979657074378,0.5141667773324042,0.4420642164984908,0.6351312501275144,0.5968695600462767,0.6498030330652934
2237,0.1920315053699871,0.09105969785294833,0.049838232713102504,0.16628049438382042,0.14209955533439858,0.4166652491169007,0.36877086755359806,0.10828887233039515,0.5008491563813209,0.5714250788885716,6.728174462916332,1.0028363798312994,0.8265585406307385,0.8509421451722864,0.5255462625974591,2.1723938232768334,1.3780183877745433,1.2675109264184987,0.1986318403481273,1.3691421458613953,0.33844041359412763,0.5818349164682615,0.7944279914415634,0.842401208096909,1.088859408035086,0.8961007344951727,0.342891974227211,0.6590861762883986,0.3372276147691688,0.7054850459690581,0.32310494403123907,0.22580105844531245,0.044459300633405086,0.9770823397982505,0.7558129115905855,0.1800403794308629,0.45142239457303246,0.23094172860939163,0.43703728172394346,0.7585136725066605,0.5430881041305395,0.585532930859648,1.0013418683041686,0.8790754370101163,0.6721746020640824,1.3001748323881333,0.4867517721310553,0.1960606300909125,1.0146704190272846,1.0707584059555992,1.386228275462141,0.8598180364191004,1.9126586373724257,2.0682917396436333,1.800754792756386,1.0476201090666346,0.9050359717757073,0.36430660629990974,0.6829380376009601,0.16670521256647985,0.5427087811586807,0.5288952854340937,0.6235753200013104,0.4134037827443502,0.7082871601388275,0.4578197164931787,0.30169389040815836,0.6283184083841974,0.7779402276281334,0.8354168504237991,0.10114064375284705,1.573950728954009,1.1502971709857328,0.7456022951339069,0.8106332882167878,1.3922773074556956,1.8568935516935525,1.5838653039164785,0.716216517895601,1.611465668916345,1.552225902246758,1.010061744666622,0.6782025507047906,1.6476937750629754,0.9083069728589648,1.8689972455204604,1.4691912086430161,1.701376218691035,2.092613116950193,1.027332298209938,1.295626362392817,0.43425862189274805,1.775972704518643,0.7571445113586106,0.5479872593896629,0.6881067691941184,0.48207112679646535,0.6022251917190348,0.6275651888837287,0.48572007656388166,0.8186256385578182,0.683818983576388,0.9039869840242155,0.513750310958117,0.7109414672885839,0.7100533877679679,0.5892518811819816,0.3337528602365466,0.6932109201676688,0.8755946356524278,1.0127270184268857,0.5838608478936917,0.46464583596114317,1.228281637524116,0.698582329776652,1.2024264644762492,1.2440160723550036,0.4142150547701275,1.0712488180739825,0.4812223328120639,1.2409521120984162,0.36703381521051365,0.6271626237783764,0.8336071769258446,0.5850394009732229,0.8313362640397559
2238,0.5936823214987829,0.12928594481191172,0.11485258326319145,0.265319965122197,0.8815531201037003,0.6333914391558537,0.7000271342525225,0.3943966719303313,2.5116380998345966,0.6166972441182373,1.0028363798312994,36.12858268890303,1.3803544841603124,1.594040352280549,0.8140700122002609,3.453370908225253,3.372482682484963,1.8350468773757822,0.5004960151184971,2.8576293906908616,0.31871658134821224,1.4146940515844078,1.0843109168722342,1.1288858455699304,2.7402912784901536,1.387322604356735,0.21992045136147662,1.2779559612694873,0.37476925141576856,0.8550995489242095,0.3528945127216566,0.328293804887047,0.1269575006330636,1.8338066736861058,1.8430288852528323,0.45428290505697944,0.4863775032803078,0.2913570353915534,1.7417700178230076,1.0224199479523552,0.46343518284282625,1.4132958408553786,1.5395553997983331,2.1098985679636413,1.4825819558729154,3.023674902456167,0.6383281087648938,6.295229385051398,3.0691824970192996,2.5895641569257433,2.1188791790788946,2.3916964734969492,1.7120449728757665,4.064416433600426,2.778941868173154,5.436936534990934,6.54374079920309,0.29219604230224705,1.6861832574795672,0.5673944004261084,1.3402737418850978,0.7852496113194442,0.47716561247312733,1.4479769510192084,1.1413543257525016,1.1263575029661623,0.15074953859061058,2.098275674927636,1.6230873639391878,1.4289008477556495,0.536941905438682,4.446750565534124,0.4082559789404881,1.213141328040449,1.3828202717604485,3.2413722297786056,3.0875253670308154,1.7732151432581305,1.7505679963385203,3.199663200217779,2.197552990951656,2.0700924373991714,2.408997246971365,1.8424278429487597,0.0028810696811729813,4.393484052518045,7.7293299864444,6.476403977495996,2.9133908993544746,2.3437958859489503,4.558090231922557,0.22860013391467265,3.266486899826702,1.0493879405905455,0.37356316538234463,1.6931047376108654,1.2010129514973966,0.8806037361190877,1.0540415407128392,0.9668566302712832,0.8101156232777782,1.9033237382384809,2.554591133698245,0.7213420794037055,1.5293891521999872,1.5070456397685814,1.3023917091601307,0.8134027231805349,1.6556202391133903,2.601287242612942,1.1009957358205893,2.2000496721184213,2.372738532949312,1.9281531779062215,2.4324722659785403,2.686300524090456,2.60978584220303,1.6117994106725553,2.1517824730092996,0.46252116446318775,1.0620475986829125,1.8061283965001222,1.5532371083823422,1.2773829539686157,1.4448286057108837,1.6757601083112994
2239,0.2499303112557528,0.13795634619024505,0.03827970203243014,0.09914983575680623,0.4179259975318025,0.5594734458780082,0.5656914236019649,0.20401279465441458,1.0080820684777083,0.7921960277163651,0.8265585406307385,1.3803544841603124,14.804706606729624,1.4920663489641723,0.2931501303118878,3.5887931632844667,1.6922542979468733,2.337315832453015,0.2987384857937746,1.6743064414286806,0.9207539822549962,1.698026297859599,0.9222241962619692,1.3234340822220123,2.173718672966828,2.053915704600597,0.04530485538449089,1.2580947902993131,0.24527528590330622,1.233604248572602,0.4370324556411234,0.3764346222472717,0.042171589323987235,1.688314042847723,0.9765747088605509,0.2938185751146616,0.4394499750616413,0.48485135181022976,0.8811330632109675,0.9926055564604344,0.5445861088231269,1.4110274021737477,1.4251183377185341,1.2634135465514253,1.172655868033379,3.215750552070176,0.8194184710679454,1.6650625976133613,1.3614297310994485,3.066190978308819,1.8188152072418842,1.7601502807471117,3.698740231441515,3.11809598941227,1.8981293883282626,1.5541506414173998,1.3743528057681151,0.4570284578942727,1.8999869287502305,0.22204272627473243,1.1395742765083348,0.8295169519473633,0.21390721494864653,0.5977928202065261,0.8998136043048796,0.8614147938525454,0.4804068029476719,1.0169751793348996,1.5974129725479667,1.7803488583779414,0.18510693829286723,2.118893175987018,0.6608846681246576,0.578893983721249,1.5035131156227568,2.187526557476851,1.3207075883944497,2.5678113803804936,1.5683406967452638,2.548699389176216,3.127927365719475,1.8379343180991046,1.4543299476057552,2.398623213588528,0.9221057796481291,4.674619199163573,3.1050765123024915,2.048560098744511,3.2159059491422775,2.5214779885860197,1.4408368184141542,0.5507404859452214,3.9659099199159713,0.64613902696895,0.7053985667629666,1.0526707122355456,0.8986771681614686,0.8048221473094591,1.1111772676453617,0.6804565472103348,1.2397992987096134,0.8331550636034977,1.553421657315052,0.42111479847570227,1.117321601635171,1.0246637588278427,0.9050133939790246,0.5843350214019973,1.1340068254021427,1.6797996997402866,1.6299941354124312,0.9424236529701646,0.7535864180385313,1.666896221112259,1.6072708733094245,2.145374982582914,1.7483454651563881,0.7172882386095787,1.7605148097920424,1.0087460351559943,1.6247307541222529,0.8189245950345171,1.1610725784289648,1.1195918878786604,1.0555325688612758,1.084477996332237
2240,0.4264921319367994,0.23765095693147986,0.09244890972205032,0.10794920544390015,0.580294433767219,0.6842017981020194,0.6092269790176461,0.2227524647651453,1.3176282771614138,0.9053750947392819,0.8509421451722864,1.594040352280549,1.4920663489641723,11.412967012762243,0.8568889013386964,9.465265889363856,3.700119034347081,2.5439732943422375,0.7021231706591404,1.8760164652743714,0.7095951804177465,1.8404495387031623,1.1228358851646132,1.3334501836727828,2.6455203813438337,1.9258811049516076,0.5148088502740376,1.68441664138216,0.37578452572982385,1.4213896093068725,0.5649650318788874,0.33696241181773234,0.12284309117933066,1.505619923672707,1.1896428623520297,0.3577908952044162,0.8130843401815222,0.3709915852045101,0.7985269841036212,1.0119007194120886,0.7554955980057046,1.6352448170330351,1.4608344921731418,1.5159372018703525,1.1562523847360557,2.216639884304437,1.073566655939366,3.662300002181506,2.6499703383811575,3.6522275509428006,2.184188609676612,2.5355234162745313,4.4829212692453915,2.801769431564983,2.1600497572958783,3.375121936668548,2.318601086975291,0.518768099323788,2.1894012018078817,0.24727428864592763,1.3022379209879678,0.8414583885321008,0.3906735896135269,0.9824811983354641,0.9147221359658775,0.63111536898214,0.4056256884529496,1.7981675414680345,1.2451682214508912,1.4612396495407172,0.6106174758208637,2.7352223401092624,0.8901240168404178,1.0463175883789793,1.3037091187176997,2.1926243347934693,0.9147653532404542,2.311988632637301,1.2471201117496755,2.903606809656384,2.4807304550638642,1.9352966741521016,1.4257190394809025,1.966971191905828,0.8169744565878255,3.4580723721257067,5.447504498070916,1.5619307046723268,2.5318269009775793,2.9722970297466973,1.5095005548745417,0.6352232502682011,4.154891030984639,1.5051688764438278,0.7395099661784141,1.264980918450772,1.1639971783367693,0.7707984624496799,0.8750688506922357,0.7276211332985311,0.9789951143833144,1.2367621680712417,2.017392043922208,0.4855030908361134,1.37424127609236,1.068352646258739,1.0347201467013125,0.8007211812542546,1.517105002229055,1.801001873667779,1.5364295560213719,1.3300662860554775,1.2506762527121786,1.8124926813807416,2.060986818718997,2.111627557592973,2.707491564241724,0.9876525085336352,1.9464949353661651,1.0090060600324282,1.8622224205370561,1.022736405764199,1.310396347373719,1.2114260000045383,1.1372302794215055,1.2993882775878733
2241,0.26411877076174345,0.042177205651727036,0.061570244262720314,0.05145071469614291,0.3415867330048376,0.333986260858873,0.32301043227171694,0.07385982051900444,0.8966625632644992,0.3473366586808526,0.5255462625974591,0.8140700122002609,0.2931501303118878,0.8568889013386964,13.857704353978418,3.450576115322907,1.5583690604777063,1.246761522153037,0.21315108165691232,1.2803909205739756,0.41735173857724356,1.0600703077962168,0.8610379126529017,0.9459471813325672,1.541210979783054,1.203640856659658,0.2863357496169885,0.8525248784368858,0.17162113506834084,0.7903149306987796,0.23342013352961435,0.13764353127661938,0.04009588758035442,0.9880950026372377,0.7065314207149218,0.179669764278018,0.41015162870570376,0.34418707877893717,0.7777200187703436,0.41643491959714796,0.12595958406974622,0.9001339233919506,0.9682653329898097,0.8076526823378161,1.198898504856583,1.4565816858382494,0.5738436334848053,2.318414914172449,1.3784977539774943,2.2713184766100465,1.309778722820998,1.5308279471276034,1.959458780945697,1.4937196243325832,1.0915077513648377,1.5748100323811058,0.8466792687096969,0.1404961817534738,1.066576237937338,0.20168688825759795,0.880511273930796,0.3954060352551143,0.28511560073978587,0.48186541797086396,0.5375979441277334,0.41066226111305276,0.14285559810909026,1.1354509183289303,0.7480986735758652,0.9434694927525993,0.7166680798988432,1.8358925441181302,0.7318866081686481,0.8301743548500328,0.5681660782153531,1.2586540724841926,0.5559048757481636,1.0069489110288294,0.7775894507957666,1.984068011654422,1.6674601201218036,0.8401722886282703,1.0046936588825401,1.2192358593161587,0.11231563491016838,1.1733628518176833,2.06221575308759,0.9976286314808328,1.1733905017456558,1.8724730661998534,0.7663223016291317,0.1798430070429428,2.173975988131029,0.4250724820300876,0.31265186368697007,0.5786371112845392,0.6216862144708258,0.5516188114450747,0.5910924942236885,0.4662084030318515,0.5089290189487073,0.4787960769536714,1.0339077967407477,0.015312432499443739,0.7388092851241945,0.611517281137178,0.5474143425730915,0.7015171147422556,0.6352793274194618,1.1777310055169494,0.9038957865965642,0.585726195289727,0.7745179517433234,1.0347714055928698,1.1496552882071198,1.4049655953156475,1.2957997911524275,0.4772488919325682,0.7532221512817615,0.24264378366997236,1.3233577389171611,0.692515446989378,0.8680513316316966,0.6615606013220173,0.9337776463516855,1.01513828069271
2277,0.18737305384069253,-0.008823744012394613,-0.07312622061241064,-0.3455915983102038,2.8730024026034466,1.9287545930930874,1.1368126434986683,0.41015151845100306,0.9864985933408195,1.513940769421777,2.1723938232768334,3.453370908225253,3.5887931632844667,9.465265889363856,3.450576115322907,428.6468695555865,11.70852732362459,12.503285826573347,1.8771333908244452,6.588322094700477,1.374270026382672,0.8125882281308208,1.8999900613816438,4.377932024528531,6.649332992942877,4.143608436172171,0.24072038230539705,2.015898598381392,0.5090642016408591,2.3551000095673196,1.4396097981650897,0.5796792110852284,0.37119941074106844,4.666920871162075,1.1455418356514797,1.0944338902042885,1.7912041498057445,1.0142210700816112,2.377405476827436,3.0050268070179693,0.7953986759075968,3.8417025959003426,5.882268188485182,3.5829004375832447,2.3411719359025627,4.266931742228468,3.3212239385668374,13.052819751169721,17.453961740039386,18.150323123180566,3.7153671387242126,6.253112879917493,11.572162166905768,5.004698454622954,13.997733844791643,7.091612403561269,2.6737211307461397,1.4780877803582921,4.862827283345857,0.6257772079220895,2.7903516743800822,0.8161579780740723,-0.9293641480275865,4.064834458726063,1.624257365979825,0.8469009326121402,-0.1323945772141149,10.465200906267752,3.0649077314062003,4.139719311046008,4.280977393858078,9.479801602245274,-2.9277234749091146,0.8148014574315302,1.3624126589457863,3.85655126534555,-0.4182715246403527,5.512114157989581,2.6763639293947183,10.007055665693699,7.442574263280293,13.790483690695273,7.176994907424085,2.0935078059545003,-1.1674655784838122,7.349473054609626,28.10233687236256,0.4285391474326572,6.422063701750529,11.51746031040368,1.0450959252188665,0.26854693785386896,5.499590875187652,2.005048540703607,-0.15099839599309595,0.8065211744873275,2.7350282075814243,2.3299072081865146,1.9607202311266199,2.394140426386743,5.768425832408612,6.103019112201698,10.871556475657334,-1.1817769797575923,3.3423800762720783,1.889336090181787,4.352690668395458,3.5422092406717365,4.770393611537907,3.7213307515411533,2.4388224817465596,5.907959661733347,2.480511315334858,3.1301179995758415,5.007302642346822,7.474337041718162,10.246225755351114,0.9001851357410989,5.941434160171728,1.6284230979375893,2.623738542891681,3.559463622383527,4.654945364067635,3.518950216473807,2.732144057456876,4.290728804723939
2278,0.7115201854136182,0.04649702582289566,0.2352199189177889,0.18231596536422923,0.7001845033371286,0.9588757531366993,1.556201200891107,0.556759395722494,1.9796295494267138,0.9483634261626359,1.3780183877745433,3.372482682484963,1.6922542979468733,3.700119034347081,1.5583690604777063,11.70852732362459,89.01505374961374,6.169222812750387,1.3590139302193656,2.696474191078777,1.7962582568012952,2.5064192660127547,1.1127306450323249,2.0189281811486586,4.5959313556960195,4.741899991273833,0.9978778539612104,2.2932395453669736,0.9872605944480607,2.035944669044967,0.9032287634025091,0.36098429153884765,0.27758019598031153,2.7543650231117023,2.2013194646598704,1.2186230503204682,1.3984542470220356,0.4291246521192899,1.508101167793798,2.13460608219706,1.3283700488338896,2.3674145234603614,2.6106799831636103,3.104772882987815,1.6177089707857075,3.2653124558975377,2.649567098216417,11.472494597054423,4.356726288382642,8.993388141697155,2.6457908748714876,4.429812290978947,17.476257070840127,3.826436529300773,3.306301600360316,4.481730112109217,4.612595845646769,1.2906036582033749,4.466561963315834,0.2799354476927066,2.440373220434568,1.3887565039150511,1.1756841227145514,2.3166260084469705,1.0559623112913183,0.7653378257657625,0.6238814680409772,1.8285410400022692,1.5878143414600083,2.036417798960833,0.8015029032172131,6.783188570678478,1.6271488014507238,2.1485318357488126,1.5476209027450836,4.896640781530945,2.547865137863483,3.6422785227335566,2.0371877578988533,3.925518976043227,3.0063249366645075,3.9899269199169023,3.635275351912388,5.1411990101094345,0.13000275211712808,9.084865822513814,8.227384282904577,1.9626292601671005,2.479087520599731,3.2096871118300485,5.061799000814178,1.0914037819601263,3.8997507048190054,1.6440064647775945,1.6858562242169552,3.5810510064805916,3.2092111711222087,1.6905903490572347,1.6145360007308287,1.3199536302532129,1.1382056884897636,2.8802935121996738,3.9850555093700684,1.727854861132745,3.1258210959461863,1.762023313124352,2.8503597673361307,1.615156007155124,3.206652802785271,2.3637480437696436,1.2972402096066777,3.1129527821297094,1.9315916074072854,3.258529683920732,3.4322142535575804,4.814368682055482,4.677070328022895,1.344160755141675,2.554455530252912,0.16667454393547737,2.1756004186461517,2.4562491591040656,2.631123968777232,2.9351666314106755,2.2047685195225615,3.661576890619273
2280,0.6444375250212775,-0.06333643265080006,-0.00968660065117623,0.12196295327638061,0.41026256875929157,0.7712901034559233,1.1229078063577016,0.26507880918109655,2.9566653653460997,0.8424729968117012,1.2675109264184987,1.8350468773757822,2.337315832453015,2.5439732943422375,1.246761522153037,12.503285826573347,6.169222812750387,81.72640607395613,1.0647823280027988,3.6424110958105875,0.7641589129670724,2.6322385601762464,1.1964981054155897,1.3841385988703958,5.766638695932511,2.6001066757154643,0.23859870629493862,2.206987704441003,0.5876545270840594,1.8412798822098368,0.697841621899557,0.42606603450842573,0.06789742120156166,2.135987974348769,1.7962304971825145,0.5216265311196397,1.2162507244414478,0.7662922341384502,0.9278602675814106,1.160376649589624,0.787379726446437,3.159697709420494,2.1658017454996137,2.5742316067300988,1.255305286887194,3.669363434468431,0.7370120852622334,3.5486899387112993,6.555371905641688,4.500399785728019,1.9810807954621992,3.3412824038417277,5.831148650513705,3.752148427118042,2.3175163026241323,3.4642255312026755,4.3685069607427955,0.6896512745393967,2.3097458289814123,0.14619634152858216,1.9588879621269115,1.1428026740607848,0.11475960394264843,3.1583177093170005,0.7787237427602092,0.8073107182571052,0.9458155385592538,1.6154923293399537,1.8788756135155225,2.3789812697392927,0.6444661396797958,5.721687954078477,-0.5383068970484557,0.2193104879177222,0.5714169764897248,2.1772140820877635,-0.09009979368221595,2.197697950337278,1.137224021635822,2.970266930732909,2.248062703865806,2.1283616112157495,2.560073337257368,2.643930578781037,0.17753521551587853,7.336339761536867,8.090594271711693,-0.5172456019212202,2.9713165030567237,5.362339867503105,4.643474020561394,0.5526446447491338,11.543269589766817,0.8708007848145407,1.0702073925725668,3.189427767382845,1.6922129057223851,1.281714820421965,1.0366415208329645,1.0183211479847851,0.7896991901259103,1.348091727126903,4.16646824247342,0.23768551442408037,1.4245543509075462,1.243679655349873,1.3552757385074967,1.5837172520443275,2.78497084456008,2.624577612393289,0.5711220391664055,2.506526731730757,2.0397632613500187,2.2753091727798362,3.045269859167556,3.9186311147114625,2.1544900483039595,0.6088978177302985,3.0304476217259237,-0.3864536202282708,1.094583248471218,1.946723916874291,1.682185915982024,1.8049951882581343,1.3755845297227083,1.984280292214406
2448,0.20546638763667588,0.1210203013535979,-0.02588189215808196,0.025194870314272148,0.7299671810847618,0.10988249724006673,0.34289327676831294,0.19677797417708273,0.5383734898037357,0.7127192067090887,0.1986318403481273,0.5004960151184971,0.2987384857937746,0.7021231706591404,0.21315108165691232,1.8771333908244452,1.3590139302193656,1.0647823280027988,54.962986421712976,0.5860796383156454,0.8729441047418814,2.8919913594033844,0.2225610385589043,1.393919032131803,2.7719923690313544,0.3763001611753673,-0.20077935448875142,1.2255282121944766,0.022550319265666027,0.941365247752447,0.6678298972041388,0.09076215935214738,0.04419913013562965,2.1922524428202648,1.0862627791937172,0.4861710037386969,0.5098981552361314,0.040033889194899676,0.6530230057117336,0.06379946578436838,0.8623767831246018,0.20908139360742278,0.38521464877402956,0.2990359218851824,0.5215976552071585,0.8547178645570365,2.4326632396552306,2.574590249610261,2.0074152240907606,2.0806571770019215,-0.13621578535308326,0.5278711090117727,0.8780215782207931,0.6743087700905532,-0.03529114612218047,0.059488655604510644,-0.1357916632322019,0.013967015622818098,1.0057103100134677,-0.06645766720103136,0.7115465255910652,0.46468855110676993,1.4230100765435263,0.12751572239910383,0.345739299028333,0.30726766999159927,-0.005879800352093874,0.012334441659023613,0.4557107819168075,0.3369564079171224,0.35182566223781275,1.3069826620041411,-0.36086777288241695,0.2728081642751396,1.589638059026653,0.2824608175309816,-0.31269475948251824,0.9625848470916284,0.982316648439654,0.1416506440277862,-0.30158832245443457,-0.13693468425984107,0.35486305170370974,-0.4181827393577574,0.6409386701757418,0.9955943615572652,0.7803234751546743,2.747134885861416,1.4098732527268267,-0.025925616566909074,3.8737052940666863,4.518293915564968,-0.15638226608019448,1.6985921549264786,0.5932089127253474,1.3437852426156844,0.39879620262527726,0.4200062420409155,0.285653539165099,0.4939067263936419,-0.03395812163442958,1.7158243990705582,1.4979174523768521,8.224973569935704,1.720943585783207,0.8107023050597867,0.4391162963769385,1.726837023669256,1.5500814107412793,0.5711339649083353,-0.12227074913107364,0.7577290476389411,-0.10178764205132347,0.9585926781263077,2.197988393657951,1.400077755279486,2.017394926379337,2.5674346534857886,5.0640798651537136,6.622908870748617,0.19084630866560157,0.9339498690017463,0.3987181561304634,0.34268347420506146,0.570348654837756,0.30026446196275414
2484,0.41350473470592436,0.056970032460994566,0.16610178686796315,0.3110988758709259,0.8145828010720235,0.7834067413965011,0.8439935928059188,0.23635537185294764,3.136156265005575,0.6516904694942898,1.3691421458613953,2.8576293906908616,1.6743064414286806,1.8760164652743714,1.2803909205739756,6.588322094700477,2.696474191078777,3.6424110958105875,0.5860796383156454,49.917618296772055,0.4306274760614954,2.694442864294852,1.1468623101386495,1.537789785460404,2.844507650098432,1.3433157880660862,0.49899081689875124,2.2685094739369616,0.920451015346051,0.9402871283875353,1.1021758560564958,0.5635877257102921,0.1267983966314348,3.3840725986105538,3.2595222464655107,0.2297378151044792,0.8551867717520166,0.547465128003716,0.6483265668469215,0.8473286859316926,0.7070581694084648,2.0358355816054226,1.713114799672991,2.2981773191504775,2.6922518938517834,3.2608186446777054,0.6687078324998741,4.788314015016275,4.266941857637389,3.578508450576783,2.6137794303620034,2.9572611887215317,3.95451632506907,3.2912316805608413,2.9626361073334118,1.941492085754999,2.0120263286796596,0.6282120314690215,2.755617762278634,0.23045866229238632,2.3689776691247437,1.2686621671616867,0.4272996385376654,1.3462313993004846,0.8557379350221481,0.6123922681144662,0.20521699407422261,2.1451836582630928,1.63171887775582,2.271141237508046,0.9635386762572421,4.600553632430542,4.409704065629095,0.9203816115059242,1.5213819856848894,4.076902326927181,1.4340049016444232,2.9383707922960256,2.0946941327047566,5.266530198011283,2.137568971478716,3.046546832660893,3.1100385652677103,3.1451855786283507,1.104224314445107,4.863163584307417,4.531620258546569,8.13815908243553,2.3657950693939576,5.275342934956447,2.3007983214352072,0.484900018131674,3.638229134421057,1.0890700414214671,1.5206524651772817,2.024757998036991,1.4712264361066507,1.259705360213319,1.2551798763751392,1.3075696776004218,0.7406537858013007,0.9349044876939566,3.440258050938724,0.2696549771029241,1.4033243741729473,1.1625945750197926,1.3635696156781292,1.6384709598732297,2.805207985771046,2.1377844759318787,1.3267440084628779,1.8272169624549097,1.2093484401925891,2.3518421763513144,3.84338300222403,2.6178501843693947,3.363145058627725,0.6640944845438869,2.2834169438535454,1.1036051218256693,1.1269057016907424,0.8400547005421558,1.5543758736510846,1.4634354668999663,1.6605432779417255,1.9383005593031697
2541,0.08386042271689015,0.03600518705362869,0.05318903974430997,0.004848789244719429,0.06634927512826687,0.1127166978876751,0.4532898798889845,0.12049257661577903,0.27070677363265966,0.4621530293763652,0.33844041359412763,0.31871658134821224,0.9207539822549962,0.7095951804177465,0.41735173857724356,1.374270026382672,1.7962582568012952,0.7641589129670724,0.8729441047418814,0.4306274760614954,13.817558155728893,0.39022800412435954,0.32389542767970825,0.7572290762712606,0.35443082179338414,4.153156145700531,0.06687356745828955,0.3315903874462646,0.0821038918863249,1.001755647800057,0.23739877000871926,0.13993962933559084,0.09672220375112209,0.13619204918049793,0.3838637194013786,0.199522531312086,0.17465924731894156,0.0937275503222961,0.3967525969536579,0.07976877319962931,0.1693972515192875,0.2926783274915212,0.47179615284210974,0.4451923626755671,0.4712137990512241,1.064027217067945,0.49201045804264626,1.0934287989147213,0.45060530165241824,1.4347234701467166,0.9526981428277073,0.8696756907311889,4.452349552111856,0.7999520739367407,1.3551696992459128,0.3692977860113251,0.13656655644590235,0.23919420064562943,1.3997467833990944,0.032819706618484774,0.35597531959661366,0.2071509531066514,0.277260661935255,0.6957640031539603,0.2520996649864731,0.15655303318718222,0.3381407208128911,0.9159229981713396,0.329893889597389,0.7706325056005546,1.0229097853969193,0.6740625108000821,0.5057418370159877,0.2829624785693995,0.5019495302066539,0.7028446345995936,0.21228652310737958,0.9552251538763888,0.5188333208780697,2.814566369444487,0.3200331853039607,0.5772082747320907,0.7786495457589283,1.3676097887942384,0.48083790693727474,0.8320104243847718,1.9573956619590804,1.6369138340366611,1.1966399029815813,0.9354939168040544,1.3635753176359364,0.4155876216333446,1.404245081856422,0.36592356360439326,0.19616348268182415,0.5962705467884396,0.26954366122217105,0.37628495553945757,0.21187863264702606,0.22364543190335773,0.43393906227491447,0.19771734760100654,0.45298635236188717,0.4679316941885743,1.2876181191989329,0.5123116367613354,0.5382787688008224,0.6058344881441667,1.1969910858658783,0.5554016612766084,2.1053079960768515,0.10511876994034726,0.4810393038133002,0.946034954283907,0.6826692735740872,0.8906684961667515,1.0622958799854603,0.2295390212736588,0.578158709798475,0.28027623078724134,2.6884512231616178,0.33692472856927846,0.4729178563599785,0.6391759747905184,0.48846856251126447,1.075099968858153
2648,0.2671207602047696,0.07944826118944319,0.061221645101304,0.0921887056828164,0.4821456780523774,0.7328586353725686,0.7075230804508699,0.3188366196595516,3.0156105664705364,0.6483634997524113,0.5818349164682615,1.4146940515844078,1.698026297859599,1.8404495387031623,1.0600703077962168,0.8125882281308208,2.5064192660127547,2.6322385601762464,2.8919913594033844,2.694442864294852,0.39022800412435954,34.244661081811905,0.9760949007703037,1.3199151924306607,3.2784337174599654,1.0337277678098529,0.2461561299859598,3.234983924758941,0.14081988859050343,0.8882648638381575,0.5218526140181632,0.221366476360348,0.018962054908952523,1.2328998981433215,1.5773953947235442,0.38710079454104795,1.1585833655275126,0.2605908472768399,1.0319594015669151,0.5101820553603761,0.7033945163929965,1.6729127239083872,0.9280459317247934,2.082200847417122,1.6699328669776925,1.7149112262630752,0.9303626068783051,1.0036372875257038,8.183353107423516,2.466850072515457,1.4153590840087455,3.08103825446905,1.9741818913645697,2.426256367211329,0.5537395324591853,2.262144753969255,1.641571504624873,0.5823940073435141,1.3325293206135493,0.12080574257958052,1.2984985299150342,0.6875928035284685,-0.14962136289755681,0.9684955775726617,0.7469195467891953,0.6831324508498993,0.3470936750003199,0.9091825191628109,1.2743187386705255,0.9999483679397398,0.4002503567541989,1.8089995932820249,-0.17943853282643737,0.8394023020483241,0.5227560918949179,1.9451178014743973,0.41875976495517747,1.5357596179362536,1.3297132635167521,4.359349810975076,1.058280321014174,0.9670112956425476,2.6577828566979194,1.3134928837704183,0.17785707356049824,3.33326060038741,7.77918533720975,0.9718482644317262,0.83867277277836,3.183771218578448,2.135804563777307,1.4342418064721005,2.7475419250516513,1.0840623482256957,0.6952010113402718,1.925344052085948,1.1663439030964016,1.177332332677156,0.9499557709850647,0.9060108226072333,0.32656519433584924,0.8009255108206431,2.5509216107485635,1.5248115549280619,1.1416778122882427,1.3094691283471713,1.0326871698926225,1.1290085262158107,2.2485382989656366,1.5412659612823412,0.22461454529553612,1.1488811624472575,1.0714162862116179,1.9492110402079634,5.328699025350233,2.620891676695164,2.5342248019654487,1.037808698783231,4.352664994139193,2.131633140954828,1.2243924450441626,0.9876267130450725,1.4512101980559593,1.5399639715970486,1.5290170326122756,1.0532245106590974
2678,0.0776536379813336,0.27870571301116936,-0.006970906315969532,0.14013732681348223,0.1746499806667071,0.559229245021557,0.3591036096885897,0.1518921189826089,0.2902964002021185,0.4826081291617873,0.7944279914415634,1.0843109168722342,0.9222241962619692,1.1228358851646132,0.8610379126529017,1.8999900613816438,1.1127306450323249,1.1964981054155897,0.2225610385589043,1.1468623101386495,0.32389542767970825,0.9760949007703037,19.09020262786368,1.4345098888385237,1.5755188246227048,1.2005230040053636,0.5026343780295407,0.6729825632641367,0.041250413422695704,0.591684948605395,0.25292935998865007,0.2592793603360823,0.04313620001228456,0.7735948111520913,0.4322711146914865,0.11767193671192099,0.26944313099533634,0.13479216510263503,0.40345639478806244,0.8542798726280624,0.33562070733612287,0.7763373229300654,1.0206756639157146,1.0336912443168127,1.6424579461581243,0.7038026131348867,0.40758574888935034,4.764754986984766,1.232920035630688,1.7744412855467593,5.829102420808699,1.7916805324191405,1.6188134388705142,2.2960145786062043,0.9756108462988831,0.5968155725400237,0.792412195188977,0.3009609594542767,0.3954972990647729,0.26847607603098345,0.9107638483150708,0.3503082374820767,0.3098918852813691,0.47808948289734315,1.0933804599628585,0.3642095122514095,0.22383193225232623,0.7037101461127467,0.9017580670304816,0.9387340884514223,0.7723778595844998,1.328525165069695,0.20319606580860908,0.7359439897537389,1.0953195733388394,1.202703128180176,0.8331653300508647,1.7538558086241942,0.8018124006468541,1.0596460507659207,3.432666058189486,0.8437238088566967,0.6442027778476711,1.7263021042741618,1.012828485786453,1.7349891490746217,0.25953193024073196,1.1755245633900377,1.7254673953737985,1.0456123922207905,0.7282266512399718,0.15500658531234685,2.851998548567325,0.5252899620110804,0.23534087755457544,0.6106983106971955,0.6125951307447987,0.4199338718682159,0.6308161620816285,0.5931928952092971,1.2558238203753682,0.8618582166518348,1.274058688737538,0.04972647324579843,1.2965926482241945,0.5812081903367754,0.824588965529772,0.34442940015193096,1.0597218796759924,1.143972425607895,2.686739668549872,0.5681918800159249,0.5503445819572008,1.3789275384859838,0.7041876787932478,1.233498457130211,2.3580574943010504,0.5103277360458168,1.1285665344380402,0.9941584624424192,2.039866352826269,0.48019904237665634,0.7489074613642429,0.5444077234908304,0.9787729534818759,1.3236705774033157
2738,0.17232114060829026,0.31138738513229625,0.01673617497673502,0.06369671290685963,0.20753091395650303,0.4912396481418352,0.44422410670263757,0.13799859392098077,0.7603791790455982,0.5884458692702342,0.842401208096909,1.1288858455699304,1.3234340822220123,1.3334501836727828,0.9459471813325672,4.377932024528531,2.0189281811486586,1.3841385988703958,1.393919032131803,1.537789785460404,0.7572290762712606,1.3199151924306607,1.4345098888385237,22.55108529046483,2.261768158087726,3.6869805356980008,0.26806582653079053,1.2736003450859015,0.2667051819017186,0.9160907045895731,0.388154766946663,0.18628616052619507,0.03202620120029135,1.5639866627779144,0.6979363196766919,0.27185305960931766,0.5400443785243122,0.3236985278798213,0.3754194981320015,0.9223693266399586,0.3326567662594936,0.862251534336629,1.4140965628126694,1.0263136026663178,0.8000476560187351,2.207181902480179,1.005050645285072,1.3547395290485238,0.9570307866968677,1.0832356702425974,2.217615456406235,1.9307182999038905,3.22089435226892,1.3568619063897744,2.1038577789696395,2.4730456495005013,0.8086033107720932,0.5384443090794172,2.0030206034240527,0.40576951305570025,1.4341702872300204,0.7761830721658852,0.43773410999471146,0.38252313745918287,0.7742678892082125,0.6933871561138641,0.5419772011668273,1.4852659111080768,1.2536075806745781,1.190245351711972,1.2023502755724846,2.60930800449464,1.4781217788930172,1.0143457981186332,2.167346422595158,2.2185469613847606,1.5730154986352833,3.951825672598972,1.2806319239428863,1.4880838041823694,2.052573728241168,1.545934362819047,1.0680925884080774,1.5824221223235642,0.6654047388771368,3.2179950875870267,2.1471876784369868,4.1806993978637506,5.6923246881941205,1.393271572449006,0.9177346244266997,0.5350712469781534,2.405614263088911,0.5901851802658807,0.6193241648039449,0.92610155100372,0.8002254660493433,0.7961130436515583,0.6891624998861441,0.9006367100251527,1.152955110793309,0.6969411839711513,1.0450704930058279,0.6405355370183865,1.2840428740880518,1.0432427484239057,0.6969244022229134,0.4832399494204706,1.3322305377463108,1.5397824856533624,3.4151735589387275,0.9034788382845147,0.7713430343522658,1.910168128694511,0.962359665591338,1.6886423062666545,1.8742196305355723,1.0529657679654219,2.1146651433281196,1.3581020618287174,2.8661179331933693,0.7510345564180215,1.2061905960515502,1.1335762780601841,0.9040867038792132,1.6021931629346486
2757,0.9846132599854464,0.19405399609434257,0.11517927204206271,0.41157171283529176,1.026450412924304,1.1158134045557864,0.9163253592885924,0.35707106228875557,2.3660694816781853,1.1139288354581771,1.088859408035086,2.7402912784901536,2.173718672966828,2.6455203813438337,1.541210979783054,6.649332992942877,4.5959313556960195,5.766638695932511,2.7719923690313544,2.844507650098432,0.35443082179338414,3.2784337174599654,1.5755188246227048,2.261768158087726,56.47075044773874,1.917005940742989,0.423704417355024,2.7029239208345066,0.847111646446031,1.6501187748350792,1.2763359724640093,0.5159243737289202,0.1750182489667293,2.7596108357772047,2.1203108493395852,0.607178148744639,1.588348024726197,0.3911710053399947,1.2074925644282228,1.4798273976442713,1.2685444165016855,2.1910859534954232,2.248863890656069,2.754965044911614,1.392909181822861,3.2430737030346863,2.7842183334422566,3.6298484831719233,2.7661451342485885,4.960400394639674,2.4933960340271493,3.8989431446540954,5.845487422475916,3.923279706349033,3.456681746424022,2.532179449917407,3.5388694412003083,1.262265940303924,3.46869478707875,0.2823338761069865,1.6315869416597115,0.8480050862594345,0.9776078966809824,0.7398692931395415,1.3313884660221653,1.0668721899443336,0.5760604066249767,0.8962408555906146,1.9853532015322557,2.271976769618839,-0.008724952792414968,4.904252583099822,0.3997455401131592,1.5418084179342206,1.9110060840805942,3.7015848519649475,2.7368086653445642,4.076482122557294,2.3054919993383853,3.335978197887411,3.242745760327166,1.8425267677098596,1.9179564977568924,2.3296013485116287,0.2782721303225372,13.085947224906134,3.247623913783849,2.188641806266138,3.836396100383289,3.4149543284988897,3.4821186345251967,1.3583672946541288,6.6291273152616705,1.6196127601643315,1.5057573156781965,4.3003168211398215,2.44013616019378,1.4960786569797813,1.2715079603167698,1.3760676196883483,1.7915328910159682,3.489430241443657,3.126728858227195,2.559870005763443,2.297705940487068,2.0142518147815376,1.9520312937984676,1.5117357428325815,2.8018275539357287,2.700013460043951,1.1061772910413508,3.5058825370992945,1.4118749580751433,2.434921324545701,2.732391601894773,4.172554569437492,3.417669838380554,1.4585905223245221,3.818696168372533,1.8514378406175944,0.9182238004782944,2.143890481059026,1.2484272082606989,1.9574038721850056,1.8049964830131022,2.129669302332296
2778,0.6095408291761494,0.04129460411659976,0.43144249531751305,0.023565489218843418,0.6889322773507788,0.30847551537927054,1.0200484712667428,0.176237607388173,0.7628580687875903,0.5666604925949676,0.8961007344951727,1.387322604356735,2.053915704600597,1.9258811049516076,1.203640856659658,4.143608436172171,4.741899991273833,2.6001066757154643,0.3763001611753673,1.3433157880660862,4.153156145700531,1.0337277678098529,1.2005230040053636,3.6869805356980008,1.917005940742989,77.63286874201347,0.48158779263778106,0.95877414179067,0.22785936258961262,1.950674800752379,0.4935288464377659,0.5176644194582626,0.25859234429485023,0.4754294093017816,0.722879468623482,0.26901430023154915,0.5741977859383102,0.2710531713708488,0.6342758579305253,1.0735150443696764,0.5635755986709831,1.0143290967713325,1.2877322054755582,1.567161012337823,1.5491223809395298,2.054842882438945,0.25487769259177595,3.09452515764285,1.4019908725945525,4.53540911456674,2.6990537583100678,1.9820278172262025,9.659217572860907,1.5684512784971623,2.8508927243172617,0.8111095120905758,0.9346153098217724,0.9579592248467707,3.1062941095617767,0.48763126488377734,1.43786167945406,0.43175865958778864,-0.02071162351702745,1.0980433704722268,0.7041424460456264,0.3934083859328955,0.5527815195249601,2.5866351743706044,1.332247214061503,1.7505653539068744,3.941327069301316,1.4719395452348478,1.9706932708586637,0.3120813949935266,1.2379962739376087,1.6588308695220497,1.4821560068244795,2.9028525164734846,1.3263941733224762,7.343954225461204,1.397665852518039,2.047599820343942,2.350490964199108,2.699756635380027,0.6948407228681367,1.816643713497503,5.235982118423228,3.2655524414610597,3.554572177094721,1.9169312448260336,0.5364013085855073,0.7202695702313411,3.2085698815829775,0.6126644105488348,0.5234907106691832,0.8617770124208964,1.0503896085125144,0.8734122302600298,1.0240544074307407,0.6961899591352912,1.8066297177423836,0.799918236566315,1.5536603022186382,-0.044590019646388646,3.388491266369018,1.1711303412812155,1.4580457578880208,2.1291912836270606,5.0316734481521035,1.3126754817047066,7.224254564540495,0.8576698938999491,2.1651877448691765,3.4023097120469843,2.071870620778302,2.42861972531029,3.3768155154447688,0.781987002903241,2.7518579493155824,0.13105113229086918,6.028978536783694,1.167812385314523,1.4620672612948453,1.2280290810552899,1.1833788340453117,3.7811578799534074
2842,0.14731639530125312,0.18687231129865234,0.08316468406013196,0.00893230846044314,0.06232847770706246,0.09515877398745394,0.007336621431048143,0.09601154815798604,0.07436572462231404,0.5169555882825227,0.342891974227211,0.21992045136147662,0.04530485538449089,0.5148088502740376,0.2863357496169885,0.24072038230539705,0.9978778539612104,0.23859870629493862,-0.20077935448875142,0.49899081689875124,0.06687356745828955,0.2461561299859598,0.5026343780295407,0.26806582653079053,0.423704417355024,0.48158779263778106,14.759294603101905,0.3696019938676611,0.15995149705574102,0.6257919994938943,0.11564057175433032,0.19392765874259651,0.033668806046245184,0.31463639782888286,0.5376693340142393,0.0433506513997976,0.3597056676744803,0.15557632172779207,0.22214000765902905,0.389433750820505,0.2723963732404695,0.22560646065938514,0.3675249655744128,0.322959498496374,0.5786142339575552,0.36417208303898907,0.15814840341121228,1.5873774606534408,0.11952221699864791,0.634061420423178,1.0106957384831354,0.5253197399459277,1.90420042170063,1.2828654244957907,0.1981156514254445,0.26859838938542735,0.2039777287948839,0.3646480813255289,0.3643522237135723,0.2614888565116,-0.0019041121165969054,0.1278563492552634,1.2554589700297791,-0.038983660233759494,0.5858192104269967,0.10063815419089481,0.49450367344188306,0.23588165967823146,0.23831820967843442,0.29593832264022013,-0.2433279542797942,0.3259395877789395,2.0319410284158694,1.2308079682625956,0.6644709742677609,0.5963039698072597,0.6611405207166599,0.6017434398887216,0.3679797593118997,0.9264739580961019,0.515157997349415,0.45523708009204883,0.02827202880155526,1.5455635898475228,2.4304974521316,0.9318067300348647,0.4651997673506153,0.5984728322094033,0.39563476006142734,0.21887546740065236,0.21594358666139746,0.49657093618092063,0.54809336290117,0.19494623038190903,0.5424223151766439,0.5734787827385166,0.2845957543184263,0.3061346669510267,0.11191861735539825,0.31838375348380316,0.44061066334340665,0.22624183046748786,0.28331596459873376,1.0718713966522637,0.31541631267804393,0.6809817258731627,0.14860983249019702,-0.05963644293938465,0.08178382456306159,0.4461385222025121,1.780881522085058,0.14145056409379606,0.36609050744149974,0.7465607910666862,-0.11231418275960682,0.09096053648856031,0.7023328731275686,0.5294791802998441,0.3952510880361359,1.3816610345265334,0.6538440475676044,0.10657803604746004,0.3807658208915795,0.4157036488935855,0.3669697526588751,0.21107949929373868
2859,0.6287296944042507,0.22195676884100818,0.0628022776058445,0.18806883857752968,0.5588227685197557,0.4350726910397386,0.5680501994335789,0.14846350256912588,1.4027143285810333,0.7805765111131272,0.6590861762883986,1.2779559612694873,1.2580947902993131,1.68441664138216,0.8525248784368858,2.015898598381392,2.2932395453669736,2.206987704441003,1.2255282121944766,2.2685094739369616,0.3315903874462646,3.234983924758941,0.6729825632641367,1.2736003450859015,2.7029239208345066,0.95877414179067,0.3696019938676611,12.570248616931728,0.4621048816355595,1.0189080079305413,0.6557138484491415,0.21499500551687395,0.03336417785893334,2.146867015487691,1.3450528607188337,0.4798535973536793,0.6945510496106798,0.4673245170744012,0.9878290875741088,0.8045971955948922,0.8065119652624102,2.230013586987293,1.141635403735837,1.2321432110699584,0.8257149276060246,2.2808416744686553,1.0588008346358693,3.191289895057727,2.289274961359429,1.9357167116061884,0.9322430860858746,2.415107240597871,3.2728863700081807,1.950594860029889,1.5473812740720383,1.7571178487407695,1.5574863568452224,0.3624415043115395,3.031237611662367,0.2602034622972063,1.411938814822178,0.7339793654393577,0.445565897907349,0.7964280137353531,1.0812377047559287,0.6555163923484664,0.26780558159536455,1.3228995143125375,1.3350125077330213,1.2567782857381817,0.45752818557713865,3.045979129678871,0.4951200670715621,1.0167635498925194,1.1458188198359645,1.9755914513660842,1.1607255411284958,2.223379492799083,1.3263993923555755,1.48060689298218,1.3598574092767606,1.474898981143277,1.260451056738967,1.83734354938164,0.36085423457861593,3.93904325522348,4.256401096326347,1.4866816481064953,2.844449094804251,2.0351746087802858,1.525350016496461,0.9391712687171251,3.034408047376013,1.147822820611903,0.5456779463628498,1.654582622969737,1.0133191848928378,0.7908844601524617,0.7161862089035085,0.5726912858669966,0.7476545296740251,0.9962531115149695,2.096560025471354,1.3115063533204587,1.1968483017829543,0.9773265893873964,1.0137099749635474,1.125676000015467,1.2405381525837063,1.3838959857175872,0.5600515464944912,1.0942962981675963,0.9011771661651554,1.3596940291641602,2.0599725004859373,2.0523301229110227,1.7244193205768135,0.9717175408723744,2.032423582315701,0.8463830350049752,1.0393461647667956,1.0010105482168254,1.1372510708595833,1.1984332447176322,0.9261606668307676,0.9021014197469177
2860,0.4284212104924271,0.011784765868429916,0.14673124649128988,0.16581045030672742,0.257762493000986,0.26017866399032913,0.11345882754624174,0.06324269269381978,0.5051427658785519,0.23441617229439404,0.3372276147691688,0.37476925141576856,0.24527528590330622,0.37578452572982385,0.17162113506834084,0.5090642016408591,0.9872605944480607,0.5876545270840594,0.022550319265666027,0.920451015346051,0.0821038918863249,0.14081988859050343,0.041250413422695704,0.2667051819017186,0.847111646446031,0.22785936258961262,0.15995149705574102,0.4621048816355595,7.841874195303016,0.29081493547627557,0.24361511329088234,0.12112862822577035,0.015121082978834924,0.30855671107090643,0.8047174779956503,0.12071491984374676,0.2178860409026702,0.06933449619808524,0.36844041951069983,0.2018699693738333,0.266153474371392,0.5311519312430452,0.49169771994486444,0.4839944681632366,0.3162318359774959,0.6643615883189947,0.03731566653384128,0.27772220470274217,0.6201545294361784,0.6757044975741969,0.13078801079771668,0.779030699599912,0.26219013461435736,0.1802013746368312,2.105353254422802,0.35802782332050737,0.8447009624649742,0.12025623936357613,0.6248655867129141,0.030468695427066556,0.34329737537099536,0.31542617341438606,0.8321411581144712,0.32004951768202833,0.40499349802381174,0.15978938201775347,0.030889242042645322,0.21225587506079743,0.1512422641778419,0.5287828575398017,0.09973476605060956,1.369529363795364,-0.07641227349248501,0.19102049088207881,0.3052450545557629,0.8521058763390315,-0.08576628606955335,0.4680040219093605,0.42541534531501085,1.0919859067946784,0.2470644735603648,1.0743506097402,0.6993220075639138,0.8261373228871428,-0.05676705067995932,1.9450491391705333,0.9210086010986005,-0.34262171237695593,0.894501724516193,0.5097716294453736,0.45607537853795366,0.2342719323276562,3.4461076491707043,0.10803161567818016,0.4892488416677867,0.5877444107492978,0.5418949023893126,0.3467442279795235,0.2587529211333141,0.20629613583313297,0.1839975232893771,0.39330435411265263,0.5478631543536768,0.042294684100370156,0.24746211388335557,0.256622493344366,0.38782619103888605,0.23531057342192171,0.4776806600891902,0.36189461096049313,-0.029235023005533576,0.6698172158070286,0.4352688847087034,0.5120127608729044,0.5573017661795595,0.573978908739022,0.9355176816143906,0.1504597911756956,0.3440803044580675,-0.001304875335527043,0.15093658687004646,0.4791042186596408,0.420541396436832,0.35681502697043177,0.3554940693988778,0.37997046419339914
2976,0.38741131345182606,0.06644423452048442,0.11844925971319997,0.18078120817858062,0.44223339102764125,0.3864322066517195,0.5556298898550089,0.19650853745988295,0.13580925907325145,0.6079568147925621,0.7054850459690581,0.8550995489242095,1.233604248572602,1.4213896093068725,0.7903149306987796,2.3551000095673196,2.035944669044967,1.8412798822098368,0.941365247752447,0.9402871283875353,1.001755647800057,0.8882648638381575,0.591684948605395,0.9160907045895731,1.6501187748350792,1.950674800752379,0.6257919994938943,1.0189080079305413,0.29081493547627557,10.538714402437519,0.6002229704966331,0.2833044828904243,0.05847220670666084,1.3395257878301212,1.0166127823920332,0.41350187618260204,0.5944550375356307,0.35689095188155956,0.6099412566591019,0.8405498590064975,0.6434751106541292,0.9829608312029016,0.9777211930667944,0.8008466270610424,0.869760126180672,1.866298702311737,1.1387021665988404,1.5176135504907566,1.5653307457199626,3.1869609380298005,0.8955780088254713,1.6242503021017396,4.106819442851293,2.908210513506408,1.4491436712260415,1.5885958151231194,1.0629979620476375,0.5152802080803628,2.2326745322404418,0.2867177281558443,0.717809504588384,0.598740826163399,0.6038654761856587,0.687332278312989,0.761289070074906,0.6627570840715477,0.5239537383951939,1.2996471144064201,1.0464975550206936,1.3749085366313234,0.35553404560503604,3.0341464168613945,2.0513582955898375,0.8455679177599523,1.1869255425266985,1.3932590725448242,0.8029809898559959,1.4626129652953814,0.8785341942900694,1.9443526460275127,1.3755272186054794,1.5465477656060551,1.1618174340990268,1.6798384940865514,1.094204237719426,2.788652993644829,2.6448829655910666,2.6060694591080487,2.3092282151316548,0.9501574054073322,2.0609427957446025,0.6726503314241576,2.0504255097298016,1.0193229716646892,0.6509881243004261,1.1370798955640302,0.730474096614877,0.7396053882613048,0.6845149581446135,0.7104072963930701,0.7577356683618374,1.277039877465159,1.4219642124247762,0.7609585312197054,1.1359786153752593,0.9919962020778824,0.7868492072896767,0.6877843172203302,1.043525911397935,1.204639278783491,1.502647746106705,1.0598974568793722,0.9194757680950996,1.6113673787912872,0.8343418500849616,1.5634861177619628,1.5702159251455632,0.7155056831452064,1.203691606491707,0.5831045802365005,1.6448599934846124,0.6264045071222032,0.9484039286350412,0.8736526092617635,0.7571195092501689,1.1128909650589318
5404,0.17912870811354586,0.07088224455576163,0.04175275736097934,0.047890538642580444,0.21262868284326497,0.2165765633714476,0.17983156135346864,0.11280948994982733,0.18436199426328012,0.34012807858175975,0.32310494403123907,0.3528945127216566,0.4370324556411234,0.5649650318788874,0.23342013352961435,1.4396097981650897,0.9032287634025091,0.697841621899557,0.6678298972041388,1.1021758560564958,0.23739877000871926,0.5218526140181632,0.25292935998865007,0.388154766946663,1.2763359724640093,0.4935288464377659,0.11564057175433032,0.6557138484491415,0.24361511329088234,0.6002229704966331,4.251744920428272,0.15837386721548158,0.0622452176440712,0.8756135827588191,0.33738910999108523,0.28090425185568324,0.33243004779164875,0.2131831242517933,0.282262999804703,0.39059364870527613,0.4377904529291912,0.6493817107914203,0.5511146871560783,0.3564899757764374,0.4518146990033216,0.9821928157102602,0.6649293053381874,1.5731225785240182,0.5914031817642821,1.5092374304328602,0.5249980353540891,0.8356853939456764,1.6771989974149297,1.2287694762910137,0.6534867604508265,0.812557805555892,0.9695215313166452,0.5108786467939642,0.8910861710919576,0.12338806152066926,0.560428173216419,0.28781108883551976,0.30830955520504755,0.16040012910229962,0.2901966993976667,0.33139145669707754,0.1735624822023653,0.39607104754592715,0.725938557164077,0.6504629521990728,0.15965668574878497,1.2900606465698687,0.8574823197989774,0.6575546056741438,0.5861437385854932,0.7021630684093205,0.4465802194247568,0.8464659803398593,0.40105035289248675,0.34133633631616256,0.7611261942976459,0.46070905604067053,0.15817776335216627,0.4228247248716857,0.05785303284284889,5.300762136639368,1.1330491149144537,2.0688716797969207,1.3696735413461725,1.1035620569751277,0.9201048381166568,0.27953208261986723,1.5023928478065387,0.32393866845615427,0.4205079917313424,0.9939704542160579,0.5864300356928941,0.2873109679289214,0.1982747793141131,0.26764891320388023,0.42024113585796025,0.7299624218657262,0.6610094620286476,0.6672315275022908,0.6418548794577776,0.2310523712302632,0.3440913272670997,0.35295982407690124,0.4381261314659304,0.6976880029920788,0.47000851475955596,0.539468742819057,0.5183428010075115,0.6048569237409458,0.47346319455983316,0.7990081918496009,0.858011353736131,0.35877653083225647,0.6964788111005703,0.5535651104539518,0.4917434453419195,0.43637600152709505,0.46287924541567976,0.4292453467694708,0.32292400981187275,0.31595050101687583
5432,0.10470750296275085,0.02734035548423995,0.08310959385429288,0.010336656994291564,0.07574824830221805,0.16013981592974716,0.1346122460782407,0.04616521478441437,0.20844279298505541,0.19279597065106385,0.22580105844531245,0.328293804887047,0.3764346222472717,0.33696241181773234,0.13764353127661938,0.5796792110852284,0.36098429153884765,0.42606603450842573,0.09076215935214738,0.5635877257102921,0.13993962933559084,0.221366476360348,0.2592793603360823,0.18628616052619507,0.5159243737289202,0.5176644194582626,0.19392765874259651,0.21499500551687395,0.12112862822577035,0.2833044828904243,0.15837386721548158,2.179722064840902,0.05678593092376396,0.6275902395439529,0.29759053628529747,0.10513879537641953,0.2604893121662988,0.09270690494871503,0.11403926071807162,0.22333442020169952,0.2688031937016297,0.36105730638512684,0.3627330253592509,0.32905242197951223,0.1688770705322533,0.5109512189459376,0.46348923407027753,0.6050421141379845,0.4803206599809777,0.6248771856994966,0.44483151481545746,0.49080888127927924,1.1875770865714768,0.7930912329341976,0.7078003927605522,0.30269264504784726,0.46535376737043116,0.1468892560217414,0.36050660504282833,0.09373239929841262,0.35044533314232157,0.33706474623177585,0.2945175338859906,0.3894485146024012,0.37255941581418905,0.17122445781402051,0.19517499477758368,0.3018817174715271,0.3865290359613617,0.3793781132864137,0.0038109995016565217,0.781866000259321,0.22411728074809417,0.30852074255827605,0.4501394641819072,0.7330055464814316,0.7169856800720444,0.7752663191138005,0.3931462224392999,1.0356275635041359,0.5177718851510785,0.33687977394615704,0.5734827132012584,1.0001742080003542,0.5425680889206632,1.254596247271119,0.9889256134706329,1.2593007787328845,0.5035464135642586,0.44834156082858756,0.5551669804686457,0.2637386570347377,1.458599984706699,0.39896466310990153,0.3175278941358644,0.37152283797188096,0.28498026144701016,0.3300225947537761,0.13526551234165696,0.2312615049111147,0.3857157231483553,0.21550815751706534,0.6014268470852095,0.19877808051813028,0.5254802784676051,0.3208707831880421,0.33274700307014515,0.2631428369525,0.3218297228412687,0.4751590886481971,0.5725606875358789,0.38350598787233664,0.2089075105598532,0.46401678551325726,0.35709121064382143,0.6326672662784534,0.6137945014737664,0.21960027355278153,0.38750731321357085,0.3697890824969922,0.3048317218747573,0.23204787341513772,0.16015023754670077,0.26592352282326714,0.2446975798391787,0.41596616602405695
5435,0.10201929824768244,0.03795189466694598,0.0828062993717551,0.022672573856515568,0.06316555345264296,0.029574766017542005,0.09245886076679782,0.03346636026743286,0.08700058867594924,0.061954811086343806,0.044459300633405086,0.1269575006330636,0.042171589323987235,0.12284309117933066,0.04009588758035442,0.37119941074106844,0.27758019598031153,0.06789742120156166,0.04419913013562965,0.1267983966314348,0.09672220375112209,0.018962054908952523,0.04313620001228456,0.03202620120029135,0.1750182489667293,0.25859234429485023,0.033668806046245184,0.03336417785893334,0.015121082978834924,0.05847220670666084,0.0622452176440712,0.05678593092376396,1.7376194835421561,0.19956256170754935,0.09888852687423218,0.18841285818423303,0.08251997068054108,0.036888117672258046,0.04240349704807971,0.1304472866045153,0.03906986418807968,0.0962026979985323,0.19538527508706302,0.08710430099752187,0.1955321099871286,0.08134636791431916,0.13554816877828577,0.23649110498070267,0.33305049774864237,0.5153728906334901,0.2560007984931982,0.2143984363015823,0.9640196292265913,0.2463371921931286,0.15929280756241065,0.06739693236548844,0.2728154199926335,0.06580749758316713,0.4581091593679007,0.030521710702245405,0.05267116082406828,0.14983924515534983,0.05945028456879114,0.01660941660339865,0.08625154728104498,0.1072959530164931,0.019310651908514345,0.09658917573880231,0.15678501936258085,0.24099270244439977,-0.03304668938485573,0.2963447156385015,-0.030199975080224543,-0.007395011120225489,0.17127036766549103,0.36474601206151525,0.11542837440321423,0.3887326455098096,0.1654522002997668,0.7472134630366588,0.61846413053105,0.094476108185064,0.35401564663660984,0.4885895324087173,0.04822022056618204,0.3465500204491191,0.4362965171357637,0.6073761625942232,0.5245205792147817,0.26234526086058607,0.18389196057916274,0.11099866971772714,0.04575317182857776,0.29887943393029687,0.17864710528326064,0.1574402341320215,0.23296137611650652,0.12221944875468216,0.049504942609794565,0.14626631482185226,0.043070815959035405,0.40926101242844737,0.1621310767471049,0.18136721008683446,0.2322025245895497,0.1533509830088171,0.0921015038665963,0.07496950948501457,0.3462505934478242,0.2227866657595575,0.20045663370162034,0.1335435039372338,0.006766999572569741,0.3153215379844181,0.17044394888427689,0.293355023038486,0.4490291465436185,0.08923399986810833,0.18324636843554234,0.06352324115180877,-0.03859673035709816,0.09367356501468263,0.07872870725714627,0.18046197396746874,0.10622500943207483,0.22416242584064408
5436,0.25215677336937387,0.05892034102426092,0.16774136442562515,0.26761102276003634,0.7355459020387484,1.1976607349663966,1.4934738719728338,0.23990180262425295,0.9332393905886035,0.7270914824049611,0.9770823397982505,1.8338066736861058,1.688314042847723,1.505619923672707,0.9880950026372377,4.666920871162075,2.7543650231117023,2.135987974348769,2.1922524428202648,3.3840725986105538,0.13619204918049793,1.2328998981433215,0.7735948111520913,1.5639866627779144,2.7596108357772047,0.4754294093017816,0.31463639782888286,2.146867015487691,0.30855671107090643,1.3395257878301212,0.8756135827588191,0.6275902395439529,0.19956256170754935,81.96311137016319,4.813047082465294,0.8303952297277893,0.7033662013891033,0.5738176065330899,2.568408601021417,2.3723352797129653,1.1419670338257832,2.533031969682475,1.8944105653323504,1.837386127507573,2.8848991771102512,3.68842197981808,1.3121973649450474,6.7536881423401995,1.890993015879165,3.806922323968641,1.4107994612438661,3.245464004843184,3.271791534586048,5.4331851760619765,3.0889437733000586,3.105486973761814,2.5729795430931275,1.7302753323988227,6.230986058133633,0.15415696038249477,2.6280098221051804,0.9630553218833823,2.4468228743734217,-0.34655338382355805,0.7432495289738396,0.6527305706718058,0.37339005216378507,0.8171919116326121,1.3831809559028412,2.115309379158161,0.32584244303352355,4.331222941747883,-0.40176775329455466,1.361616131947131,1.6646370773379564,5.6946435062119445,0.36349029858173404,2.722356039127566,2.143343214075263,1.523846604940727,2.0620850549882,1.4972947262013943,2.023947755158602,4.141490708916225,0.6655840107989325,2.7014294413440476,-0.05841577339810745,3.085340306560429,6.50547161439734,0.8716474778771498,1.8072031641191395,0.5345227118344463,1.3174271967035653,0.9653831565304352,1.4187741670333134,2.2576626233258312,1.1333615750754553,1.136398496261841,1.1992042446214368,0.5993768865840443,0.6933762333862437,1.6615777933906724,2.497472711619229,0.8201255061084052,1.0002008909854858,1.3855181607793141,1.0063027441477772,2.208886898164397,1.1685150045405988,1.6538202973964677,1.046606120851884,1.9329490507522311,0.4498331483984537,1.8243283580713383,3.293376950434947,2.6163973500837527,2.646636604443675,0.5475149881730578,3.480321959314925,1.740175258351973,1.5908727037688073,0.7973540779181778,0.6562270825709635,0.7702282359510091,0.7129222275927545,2.010346570567325
5437,0.6436741733819549,0.01359859075733252,0.219563432704294,0.2503001177522197,0.43256454464248467,0.9883263633865741,0.75327415050491,0.19533522317726973,2.2815193799832887,0.5127923458200226,0.7558129115905855,1.8430288852528323,0.9765747088605509,1.1896428623520297,0.7065314207149218,1.1455418356514797,2.2013194646598704,1.7962304971825145,1.0862627791937172,3.2595222464655107,0.3838637194013786,1.5773953947235442,0.4322711146914865,0.6979363196766919,2.1203108493395852,0.722879468623482,0.5376693340142393,1.3450528607188337,0.8047174779956503,1.0166127823920332,0.33738910999108523,0.29759053628529747,0.09888852687423218,4.813047082465294,21.035808341561733,0.5369487730079981,1.210690269656062,0.31279971190785255,0.9497450000679604,0.7112508883160846,1.1907089573407434,1.2851229246564353,1.4080313671470654,1.6915778014886174,1.4009907396122794,1.6194677832151465,1.0322525873095254,2.459202154065904,3.0472401621905436,1.6153108029888827,1.5778513769197975,2.1544362732499276,5.203844418701336,2.4112038694831277,1.5993668027310408,1.552743414761525,3.3039924655165547,0.6892379468453501,0.7990276451586678,0.24289444222999687,0.9873558429674669,1.0381087835083762,0.32080652482553756,0.6035597662616907,0.4503510341814657,0.43809856035001793,0.3256243773682675,0.4330260627048175,1.1672123964305756,0.8910704110739834,0.0986478002599719,3.028827537168617,0.7297141936323658,0.239517298256145,0.8558887072033273,1.6468728997627686,-0.09690515916603602,1.3237702122039856,0.8650301269242638,1.2952516613494531,0.7509648277123591,2.4961815986051934,2.2535140281948167,1.6699654923895655,-0.06507263925356806,3.430067687115703,6.933640734740718,1.353121112354982,2.1438445220877234,1.880474930623999,3.314867123608991,1.6344029526804928,2.8262885879508226,2.3885452406557013,1.0173898100808434,1.950242594685909,1.537185851148687,1.0513458106417133,0.5783115818219503,0.8437235131625033,0.7646564145344937,1.4784805809565003,1.6430305814060882,1.2124004596699782,1.1409701873671205,0.813599254392939,0.6988985310170589,1.0344071499176715,1.8357796857989148,0.8976974162931699,0.1603170415559314,1.7316656305284441,0.7219397959716003,1.343476334775938,2.686941256757588,1.702530038386953,1.9291580995993025,0.7343861210348515,1.7252358286329221,0.5295251898799874,0.573591317011815,0.9707970254279776,0.462914609404244,0.9410047673390834,1.0185478222106554,0.9206540512999433
5438,0.16199725060549708,0.02174242963671496,0.03486906306441064,0.12934649642476956,0.31849564282033266,0.15620007772112174,0.19017087655545162,0.045943556984907284,0.18637228743060366,0.286759048645177,0.1800403794308629,0.45428290505697944,0.2938185751146616,0.3577908952044162,0.179669764278018,1.0944338902042885,1.2186230503204682,0.5216265311196397,0.4861710037386969,0.2297378151044792,0.199522531312086,0.38710079454104795,0.11767193671192099,0.27185305960931766,0.607178148744639,0.26901430023154915,0.0433506513997976,0.4798535973536793,0.12071491984374676,0.41350187618260204,0.28090425185568324,0.10513879537641953,0.18841285818423303,0.8303952297277893,0.5369487730079981,5.438450190524994,0.32990765040309133,0.09640221752102583,0.6024287221672369,0.3233930139236073,0.29497274715914895,0.33697789800428907,0.5490324308596859,0.3629201513943658,0.14959152551564014,0.5469550254163204,0.4635119917544932,0.9343859605764729,0.7038638531797566,1.7798540158446603,0.36941315131857794,0.6567738735410358,2.2514890718674834,1.628156178094548,0.3554332260625024,0.4335033601410825,0.9574805925834404,0.33621339922609483,0.6045494398403713,0.2736430422083057,0.4247378667996414,0.43278380848993464,0.31886435220593007,0.3145978106922352,0.22541073645400303,0.5657435576059141,0.3094420264647038,0.5015064411180643,0.5896137639047183,0.39801496336946013,0.009826517761324812,0.9887714189335531,0.5353495267693923,0.30749017273123885,0.9025190372514025,0.8343757194889411,1.8217817543857546,1.0976926211728824,0.2996117353203663,0.7175549962844193,0.8625405599219429,0.23786952421247995,0.6441727321884306,0.26827837418291584,0.12866372621097885,2.7059730034158096,1.087140233654598,0.5251750499449483,1.4867709364974406,1.4369452227447417,1.3988842811656388,0.43197025692585217,0.954415156210344,0.4086905021271561,0.3593513182631442,0.920695722523816,0.30864396724706217,0.27150675124515816,0.27876962063604566,0.32020271539985784,0.2579456861751026,0.9242973904620445,0.6755513908049634,0.46008064250747976,0.45942760369312613,0.24175621568095712,0.27803857918513025,0.391888431731272,0.4450828451151681,0.48864072892320337,0.07668522088346233,0.39517363910156705,0.1601738212670998,0.46759349776837816,0.21105009424817905,0.5340149404292964,0.793516526218303,0.31043794141475517,0.6423284005099127,0.11602354573077127,0.5537073625879091,0.24611542666019895,0.18383052624966897,0.3677996626758448,0.2760054396824678,0.444095225317682
5439,0.5403734547179944,0.13401073468288024,0.11882427395505289,0.15071187061175387,0.35725435852823323,0.420746008500955,0.3734223109479326,0.1145055253678891,1.0263671109277615,0.34572359969494176,0.45142239457303246,0.4863775032803078,0.4394499750616413,0.8130843401815222,0.41015162870570376,1.7912041498057445,1.3984542470220356,1.2162507244414478,0.5098981552361314,0.8551867717520166,0.17465924731894156,1.1585833655275126,0.26944313099533634,0.5400443785243122,1.588348024726197,0.5741977859383102,0.3597056676744803,0.6945510496106798,0.2178860409026702,0.5944550375356307,0.33243004779164875,0.2604893121662988,0.08251997068054108,0.7033662013891033,1.210690269656062,0.32990765040309133,15.265572526054864,0.20320369010060113,0.8338089616015543,0.7142200895734172,0.8995468442281626,0.6549517425722496,0.8467227207104662,0.7478589941790045,0.8026582676712287,1.0785433583830186,2.573409027834912,0.6939441691347343,2.4124793271420137,1.021689919192641,0.8819022779723726,1.8801119219095275,2.3978385868576537,1.9351785816471712,0.6592749610101374,0.7020242204012659,0.8923740641571289,0.5462959771996092,0.9300289465047201,0.1812209503885936,0.5601497876778098,0.6477034226521268,0.5911545470257427,0.3772272652445692,0.5122815261898443,0.4939825798823164,0.33747372475988874,0.3434672892619908,0.7262122014471641,0.9466051992077513,-0.02530724441505065,1.5190772125380312,0.9002702300684764,0.5277675453679885,1.015403563679428,0.6126194059915487,0.38350509192684246,1.509698071472936,0.683049334592432,1.1841093061475094,0.5961410843488738,0.9543557041910105,1.0047726467790803,2.1900070677989283,0.3025692008692488,6.225689866322092,5.186564090626527,0.7158976464578087,1.0522648566944552,1.5631013571889765,2.6713915675837874,1.488931313099391,1.2929840546959497,2.025405588612439,0.7364695343574388,0.9484208715816654,0.6550943249936132,0.5921319091053711,0.48474923118931973,0.5315802202047905,1.9149012533282355,0.9162863424770069,1.13654470772055,1.3424108738901537,0.6293418546425171,0.46180031571180113,0.4278664190482597,0.36801336273673685,0.8374989521866362,0.8378684299018218,0.4200158655943195,0.7466464342579082,0.2288725964079155,0.9054908975974091,0.4330811434502129,1.0521904634709132,0.8364813215904864,0.6841187791511675,0.963048226443194,0.43693277925487845,0.6533449739917373,0.4149437684243033,0.5806979377210263,0.6826890983020324,0.40617872204939665,0.5266804138221006
5440,0.1741850330322924,0.09711661649077466,0.01966595921018644,0.07072412256208885,0.18260866981591103,0.1936075853951451,0.2316899391399742,0.08686324240795694,0.23845500847288548,0.20618253711217815,0.23094172860939163,0.2913570353915534,0.48485135181022976,0.3709915852045101,0.34418707877893717,1.0142210700816112,0.4291246521192899,0.7662922341384502,0.040033889194899676,0.547465128003716,0.0937275503222961,0.2605908472768399,0.13479216510263503,0.3236985278798213,0.3911710053399947,0.2710531713708488,0.15557632172779207,0.4673245170744012,0.06933449619808524,0.35689095188155956,0.2131831242517933,0.09270690494871503,0.036888117672258046,0.5738176065330899,0.31279971190785255,0.09640221752102583,0.20320369010060113,5.411347022039949,0.2624017508201322,0.5292568573956894,0.24116046859756382,0.5161921342150291,0.5110397678625673,0.44322867997477977,0.49338325804099564,0.5838540829503859,0.32563271124908333,0.08368822350674793,0.5654823616933479,0.5206215035912025,0.49190188085276826,0.6728142962752363,0.698729355560103,0.45869800749075296,0.6430322600569813,0.5970703000703548,0.46781852524102513,0.2976722127918514,0.5441546197256774,0.22431994349408288,0.3358069687904574,0.29342153084160855,-0.005796081005162164,0.12297393163198994,0.3555782714951071,0.28121778880609183,0.23756002290361997,0.7887632170711376,0.3874853645572419,0.4699825392435023,0.06380686325503471,0.7102644875995108,0.6796482187195121,0.4958230606076136,0.4467701413874132,0.45463854205345394,0.1572971046031385,0.37219914700886375,0.2852986299198748,0.20717039071907117,1.6743730102433094,0.5586858877362416,0.29180869750128996,0.44239215818051314,0.1552748645914004,0.8533276981512428,0.5389051956558726,0.9737807470663529,0.9688766540781822,0.9240547802426916,0.5822381124559477,0.1906641819168699,0.7368428398734193,0.14892422781762474,0.2066102617625886,0.24969263419836987,0.28034226629922143,0.1475866443017022,0.2801756209708985,0.4212549126639782,0.304431335732826,0.13462734530540674,0.6178814916814914,0.17668925358558307,0.43385235734831834,0.13710142671585357,0.23844806356881232,0.2506357787500564,0.287137631707328,0.4974015085455575,0.4339594242544764,0.13764438849214716,0.18564139486287087,0.3790811092574379,0.19127513040687677,0.46346995589152745,0.5248707801189583,0.17947634387371966,0.3691065368114922,0.07095725188818565,0.681767541624537,0.28032383361783997,0.21478981646286463,0.36695412309504666,0.2574777638506738,0.26171598987048916
5441,0.3730743698503955,-0.00913892353663867,-0.00442064256364544,0.06036485839004623,0.6103178362501492,0.2682197774039383,0.2616495793774577,0.1283431599160319,1.8251333281299804,0.2330280513788589,0.43703728172394346,1.7417700178230076,0.8811330632109675,0.7985269841036212,0.7777200187703436,2.377405476827436,1.508101167793798,0.9278602675814106,0.6530230057117336,0.6483265668469215,0.3967525969536579,1.0319594015669151,0.40345639478806244,0.3754194981320015,1.2074925644282228,0.6342758579305253,0.22214000765902905,0.9878290875741088,0.36844041951069983,0.6099412566591019,0.282262999804703,0.11403926071807162,0.04240349704807971,2.568408601021417,0.9497450000679604,0.6024287221672369,0.8338089616015543,0.2624017508201322,19.63609928030877,0.39649776127883213,1.0848917114855243,1.6368220906236863,0.7483092916836501,0.5739556914794055,0.6202318848278936,1.7243922121191402,0.4996735554876618,2.6075919868285173,2.0739618989198285,1.388836649510609,0.7567083436063329,1.0131984007266743,1.2318802686470156,1.99423087646415,0.887747260107625,1.5552109696863985,2.1626524370559084,0.3215265733621704,1.555401229480852,0.08130991710025132,0.7019016038077447,0.281454518685758,0.20799977593785962,0.22475109303619675,0.6486287200956846,0.21421996940578128,0.04348431306364309,0.5281173018710205,0.7881518065333737,0.5347139690092612,0.34668682295211306,1.282079281489809,-0.021716202021053864,0.008262315452482948,0.650125392299304,1.1867874213014,-0.09870115543284964,1.2925815601452724,0.3429218186700486,0.731568301201676,0.3280437839083679,0.5980629129204291,0.7902250054906329,1.2347801024812213,-0.060656565808977825,2.906263584896539,2.8245639848116073,-0.26669568488465784,1.8246327683657186,1.0892241796998239,0.621370566391717,0.3392571780367568,1.2081836398772752,0.22385651502994908,0.40483363840115666,0.8453765391773743,0.6725146734764545,0.41775168699506254,0.6770692541281633,0.25735663500595873,0.5374489147295515,1.2835909654300932,1.472286501508353,0.39229782620995063,0.5174859495423174,0.4052796777623221,0.38645797131469994,0.7447343464461474,0.501417405266154,0.4086956561018867,0.5449692396819589,0.7531702465733088,0.41734742850353207,0.7408779753709046,0.8257976047438363,1.3884567963977674,1.164017083166394,0.46075028984563793,1.1010765523042185,0.6582248901733607,0.941764315687647,0.7396351768011021,0.4780405855123683,0.4139857253170536,0.5602425664508167,0.5658609639137456
5442,0.10204409015246353,0.06335189322485228,0.04190086154026054,0.0429108271939694,0.1904805727610032,0.7577001248986533,0.35674343511508744,0.11224065319800319,0.26197683652354514,0.5151052778817905,0.7585136725066605,1.0224199479523552,0.9926055564604344,1.0119007194120886,0.41643491959714796,3.0050268070179693,2.13460608219706,1.160376649589624,0.06379946578436838,0.8473286859316926,0.07976877319962931,0.5101820553603761,0.8542798726280624,0.9223693266399586,1.4798273976442713,1.0735150443696764,0.389433750820505,0.8045971955948922,0.2018699693738333,0.8405498590064975,0.39059364870527613,0.22333442020169952,0.1304472866045153,2.3723352797129653,0.7112508883160846,0.3233930139236073,0.7142200895734172,0.5292568573956894,0.39649776127883213,28.57143160122406,0.8616560307071386,0.7451258595434469,1.4714823655502585,1.0667502917454221,1.582992141868113,1.425336606333054,0.8102469215038296,2.335055591637731,1.2598379297239968,4.416411544428566,2.1093019326009474,1.5195339399508758,4.5856423782855575,1.9023661405377035,3.57100657256196,2.194670173267241,0.8978575344735784,1.5119238032376003,1.060712826471781,0.1150263152915748,0.5348086950349373,0.7611688114460137,0.03880818365077453,0.3307670598988419,0.7058356147231758,0.3192010888282967,0.3246186380550107,1.8989146677848197,0.9692825796659111,1.2197627035979057,0.19111928176117066,1.412497260405399,0.6198901930090477,0.38633495247718047,1.0797079863231243,1.603439494569049,0.08049077315729673,1.8806973918167087,0.9294516560705556,5.547256557461017,8.564785087882216,2.948565174531308,1.243016409076179,3.1246885766346213,0.6836997874553894,2.4119057892681997,3.4910285384105797,1.589121800399202,0.5970141618689617,2.1813172155834613,1.5325356848626557,0.1792021096816432,2.313405283072811,0.9655199846680038,0.289295907986984,0.6991938422943145,0.9384722205763018,0.4412778767697378,0.6281306986230484,0.784760863124549,1.9523977152489793,0.3706764054447872,2.264768114752219,0.012844910848363962,1.085158101985598,0.45370149622132927,0.916488799107732,0.38367338578331317,0.8772893752823325,1.257260224896462,1.5037546137728393,1.096850370439681,0.6376084187724727,1.4819080875190782,0.5552043642132217,2.9894255723217755,2.3523237758267577,0.1462346514566774,0.897465711029289,0.633909802696268,0.8614090438401654,0.6301288460237985,0.8046903049546071,0.83423545577712,0.950098964975693,0.9265068523618404
5444,0.2505195149215256,0.08684086974810887,0.08251385900422079,0.06558322522062249,0.11872034980194086,0.24516866579332885,0.2582752744265661,0.12234276143685045,0.6104537212226907,0.40002590221698964,0.5430881041305395,0.46343518284282625,0.5445861088231269,0.7554955980057046,0.12595958406974622,0.7953986759075968,1.3283700488338896,0.787379726446437,0.8623767831246018,0.7070581694084648,0.1693972515192875,0.7033945163929965,0.33562070733612287,0.3326567662594936,1.2685444165016855,0.5635755986709831,0.2723963732404695,0.8065119652624102,0.266153474371392,0.6434751106541292,0.4377904529291912,0.2688031937016297,0.03906986418807968,1.1419670338257832,1.1907089573407434,0.29497274715914895,0.8995468442281626,0.24116046859756382,1.0848917114855243,0.8616560307071386,13.152259474379473,0.4100399108792612,0.6997464977458647,0.7005820978480711,0.6164422082737234,0.38557227524231813,1.5272624078736272,1.3633342334423255,1.4422819814966377,1.4932397097532026,0.7658269172756104,1.6837357610249628,2.738810970963686,2.9879969165060567,1.105517006446584,0.8638618634474136,0.7097934510708547,0.33847202165809276,0.9503921778787365,0.11199195455190027,0.4936065432811206,0.5753859487980356,0.691343359998507,0.31902606842465847,0.6957362564003035,0.5014021059016048,0.6592786358366701,0.2519511629415282,0.8234510224915904,0.741513524042822,0.03236152728531871,1.5688028533619114,0.12513762319014432,0.18295808063380847,0.6865092855089554,0.7637404208468278,0.4713125106341165,1.256761317732056,0.5859171913444753,0.5367419437535341,0.32635841708926266,0.8346372736895059,1.035538821227185,1.4108497152429975,1.4144664366659236,4.119014344285816,2.1562940062794524,0.293120558247418,1.0318498269888197,0.5953278703033583,2.0776464445027103,1.1774095071775519,1.3083893455883084,1.4330828272583145,0.801157675001962,1.4762138430729363,0.6061456914882645,0.3769349219005132,0.2462496022110823,0.6481393310685581,1.1585423023086463,1.7721575518986483,1.8912385974054193,1.7652761625700006,1.2896265822300337,0.5179100425185625,0.44109476413511534,0.8155619407802953,1.1318207004443117,0.46506972156600324,0.7924281847119082,0.7609349428306451,0.31907810787849555,1.0659196949894576,0.658722650811195,1.3857783582636698,1.0359650698041996,0.7939761044355811,1.2492433263371472,1.8291833381552731,0.996747625714929,0.842447520448365,0.44925345605568756,0.530539575280002,0.5265969953231129,0.6649561102088036
5446,0.4850884690044792,0.08925573605716357,0.009142611350866048,0.21106068374890155,0.696146765521458,0.5434713442238003,0.4948439879981052,0.21489352475273685,1.736331564854058,0.5760511255133516,0.585532930859648,1.4132958408553786,1.4110274021737477,1.6352448170330351,0.9001339233919506,3.8417025959003426,2.3674145234603614,3.159697709420494,0.20908139360742278,2.0358355816054226,0.2926783274915212,1.6729127239083872,0.7763373229300654,0.862251534336629,2.1910859534954232,1.0143290967713325,0.22560646065938514,2.230013586987293,0.5311519312430452,0.9829608312029016,0.6493817107914203,0.36105730638512684,0.0962026979985323,2.533031969682475,1.2851229246564353,0.33697789800428907,0.6549517425722496,0.5161921342150291,1.6368220906236863,0.7451258595434469,0.4100399108792612,14.169317515451013,1.4597974986767566,1.508120197534355,1.5075666193600126,2.543080956624548,0.9312973028211392,4.263985197428882,1.633122000950365,2.4220364230961113,1.3686475991084366,2.6559242771043388,3.5938947452752377,2.740752180355591,1.6995472704021817,3.3196858202006303,3.0509068445973853,0.4191987184325409,3.122633169437384,0.32728562597280486,1.8156932982132077,0.5990296343942544,0.18683966159700463,0.8368900489489014,1.0332416751757503,0.5088050630914921,0.12020892213017997,1.2205825545058884,1.5061253237176495,1.3147957221113409,0.6270016695044135,3.078174610890792,0.11338975478005965,0.6265249837119858,1.0573264636755528,2.313020282620853,1.0145091100416184,2.2423972170211948,1.333285047261055,3.238726574564171,2.6851958685857333,1.4226989195178943,1.453012947398862,1.999228638385809,0.4696286214896438,2.827510417503931,2.7545898760246197,1.2355818114876185,2.5546166352761968,2.0076655603847477,0.788693745410726,0.3445107397737509,2.4528284100847406,0.8384973944491853,0.5134303335039868,1.3301083908131874,1.1301769388890126,0.9859621461528321,0.7159466979048577,0.6329998299069056,0.9512454472742797,1.0760214097724194,2.0605735684688486,0.0439369996214585,0.7735208292962414,0.8950256143815936,0.7731176227393967,0.7946155965747014,0.9405559982559409,2.0354576021167663,0.5810559767137001,1.1769720024875505,1.4517147599735796,1.4495824017155836,1.8510026779108335,2.241243850768933,1.9553418201366788,0.5607180650259733,1.6138772081359642,0.3157035926106032,1.0539656677745477,0.8435084497848766,1.1512840876778576,0.9824515017190907,0.9898485984822916,1.190269527053433
5474,0.3661497131230831,0.07155227867583454,0.12011333539724356,0.17901456361734894,0.29174623421818063,0.7688799711793451,0.581139782823512,0.21441152629578503,1.0896849734628684,0.40548819394697605,1.0013418683041686,1.5395553997983331,1.4251183377185341,1.4608344921731418,0.9682653329898097,5.882268188485182,2.6106799831636103,2.1658017454996137,0.38521464877402956,1.713114799672991,0.47179615284210974,0.9280459317247934,1.0206756639157146,1.4140965628126694,2.248863890656069,1.2877322054755582,0.3675249655744128,1.141635403735837,0.49169771994486444,0.9777211930667944,0.5511146871560783,0.3627330253592509,0.19538527508706302,1.8944105653323504,1.4080313671470654,0.5490324308596859,0.8467227207104662,0.5110397678625673,0.7483092916836501,1.4714823655502585,0.6997464977458647,1.4597974986767566,17.13868237896182,1.0621232060415262,0.849366511988889,2.289609644127005,0.6880318649614666,3.8821070944468685,3.6416059933033686,3.1452760035441516,1.9122832366645746,2.508979129152905,5.0341449298720775,2.645222068288243,4.378370632406635,2.474676233944045,2.4579451904461034,0.9550081313164379,1.7954169335649175,0.3765339959757652,0.948499403817178,1.1998818025772056,0.7304160280725689,1.3541894861162038,1.424100093938722,0.9433284460154784,0.5201134879310106,1.8106959883938811,2.016491929981499,1.9260448805306922,0.30256176480077224,4.15554516074731,1.3314610207697675,1.6223580975528071,2.124549734349184,2.933305136452441,4.385134045124161,2.754067622867844,1.647003215951035,4.429655282316975,2.8188423870551693,2.5995931927540634,2.115066031491233,3.283775287840397,0.8767801312118843,4.243473691137997,6.153028569067903,2.2276149640418326,4.032060965596939,3.198231780008202,2.6278770462854117,0.7036445529080702,6.656377972731048,1.302731170453197,0.7765528451651269,1.4773243163266594,1.429757653731148,1.0781974609917315,1.0304972710408649,0.8111600662804606,1.4811353047222844,1.1201782051568216,2.0975529730678044,0.15016402506077497,1.6005214406170427,1.4480410565653938,1.4066196153341193,0.6062907622549452,2.0086663478846307,2.1406678098069802,1.2700127675115733,1.4624846951758426,1.3438387791010515,2.0323059602299876,1.6227301211458882,2.4231595108541595,3.1192958393976125,0.9841782872076722,1.4528503536857889,0.3114734731891772,1.1624904942748333,1.1105675930255672,1.1976489257958156,1.784720031096493,1.190191859241116,1.4536313184293337
5475,0.49820809642249286,0.06205137626093735,0.15983150108703847,0.14365657781906266,0.4861043389675681,0.6097534155426281,0.5274034972280396,0.20917031685471538,1.5028260512180325,0.5741071090712877,0.8790754370101163,2.1098985679636413,1.2634135465514253,1.5159372018703525,0.8076526823378161,3.5829004375832447,3.104772882987815,2.5742316067300988,0.2990359218851824,2.2981773191504775,0.4451923626755671,2.082200847417122,1.0336912443168127,1.0263136026663178,2.754965044911614,1.567161012337823,0.322959498496374,1.2321432110699584,0.4839944681632366,0.8008466270610424,0.3564899757764374,0.32905242197951223,0.08710430099752187,1.837386127507573,1.6915778014886174,0.3629201513943658,0.7478589941790045,0.44322867997477977,0.5739556914794055,1.0667502917454221,0.7005820978480711,1.508120197534355,1.0621232060415262,15.907899414077747,1.486716684984589,2.116381638506161,0.5793917652654548,5.674361772799669,3.685335487883262,3.425928057047179,2.3410965610995507,3.1661297671625483,4.949692335687568,3.290398820010726,2.8672268505246756,2.85169410260486,3.2866137553425716,0.8679913174548354,2.2157600990253323,0.31869316023087857,1.3440477773892325,1.094840071537935,0.5425183507492229,0.9487809335800883,1.1548483527610873,0.7652996066166546,0.3878965470527318,1.3418340923849974,1.8289292410557447,1.6866742512405297,0.630823565102334,4.445168240056863,1.2834861408490414,1.1059564880971877,1.6452683155531076,2.666427600126786,1.759704673032202,2.056817734707962,1.6535365361040235,2.0646598749561855,4.254970349396777,2.4805703749404726,1.994461767345919,2.335470144140052,0.6654104808583171,4.8231435795738165,5.4130517764423995,2.1010131170677053,3.558594374880828,2.5439362168202133,2.853219716210726,0.7296598019528908,3.7129721400118263,1.3221499652838158,0.8430665387200901,1.5323946403653836,1.4648631828869165,0.88616542067288,0.8630343620061688,1.0034428430271198,0.9803299154934918,1.2547602211289162,2.0736725612471987,0.43722595183141466,1.0914651627672882,1.0471932916818874,1.0398052281122165,0.7676932109199086,1.6767979464135059,1.9335662598269692,0.7327515852084368,1.4047681886128205,1.5004613563269285,1.6298630890241994,1.8396896537003353,1.9346278369371994,2.3660574352264248,0.9471175798740827,1.5754285124730572,0.6424122118590301,1.1814039514964798,1.0593956762515724,1.1036265286671783,1.3158530816793206,1.1636688260038297,1.561410131077829
5476,0.2176368420625218,-0.009377272090562364,0.13891481775577105,0.4111908802177581,0.14311002295397973,0.726106915912226,0.5316412271491033,0.41306386505940945,1.228006426015576,0.45396205857555344,0.6721746020640824,1.4825819558729154,1.172655868033379,1.1562523847360557,1.198898504856583,2.3411719359025627,1.6177089707857075,1.255305286887194,0.5215976552071585,2.6922518938517834,0.4712137990512241,1.6699328669776925,1.6424579461581243,0.8000476560187351,1.392909181822861,1.5491223809395298,0.5786142339575552,0.8257149276060246,0.3162318359774959,0.869760126180672,0.4518146990033216,0.1688770705322533,0.1955321099871286,2.8848991771102512,1.4009907396122794,0.14959152551564014,0.8026582676712287,0.49338325804099564,0.6202318848278936,1.582992141868113,0.6164422082737234,1.5075666193600126,0.849366511988889,1.486716684984589,31.08945879724473,0.8721744827139606,0.2995432237519245,1.8065086828219374,0.5696632405768642,1.6936502111874625,2.15638565494146,2.6964397978231673,6.587551842439662,2.0113113381792034,1.8168705132054015,1.9601344660165456,1.5894377887155287,0.6413832378815304,0.9096894010781398,0.2977725722817513,0.4970064070939829,0.6735614885851656,0.6108851436036318,0.05048794640787225,0.6597916433369951,0.41387794527624616,0.18637493353955994,0.8385115422296214,0.8545823161780973,1.3914543843851308,0.7246134108432282,0.8314732583781496,0.9958282068021505,0.5714474036289986,1.413027435863351,3.031031200037035,1.3263976421396797,2.433918396311481,1.2801350993041833,7.234524293955294,3.8963193321528364,1.4224944119141805,1.4394821318713673,2.581374710540396,0.8481714255392359,2.0974105293471275,0.6384845662766169,1.5143265280894442,1.7758369537397687,0.9767246129915631,0.9766386626375788,0.9330020125309628,2.3524962899401944,0.7459082472166298,0.6837743060055742,1.0355112137684952,0.6071426817515104,0.9085431467750977,0.4677745396489378,0.8319972394558928,0.5483438669628696,0.8790659807008235,1.947369651710314,0.5585596581964042,0.9180514716079681,0.94721343441423,0.5195238156283715,0.4944031260043663,1.126100248268758,1.3439104786158098,1.5489094193862416,1.692104559671187,0.5802011199206777,1.9114433567187197,1.249473487200346,1.5349347188045317,2.074052979256897,0.6418153690280347,1.9005940018044383,1.0534167903860416,1.6010760110358107,0.4891429896545704,0.7700933459386918,1.143004527500198,1.1146097003679236,1.5930294639427434
5477,0.6034082463507893,0.1215208832184715,0.06928666208931544,0.11272344397566171,0.5358206367842654,0.5923115444102482,0.7558104716820041,0.22925789634146948,1.3985106338211983,0.7914974707562458,1.3001748323881333,3.023674902456167,3.215750552070176,2.216639884304437,1.4565816858382494,4.266931742228468,3.2653124558975377,3.669363434468431,0.8547178645570365,3.2608186446777054,1.064027217067945,1.7149112262630752,0.7038026131348867,2.207181902480179,3.2430737030346863,2.054842882438945,0.36417208303898907,2.2808416744686553,0.6643615883189947,1.866298702311737,0.9821928157102602,0.5109512189459376,0.08134636791431916,3.68842197981808,1.6194677832151465,0.5469550254163204,1.0785433583830186,0.5838540829503859,1.7243922121191402,1.425336606333054,0.38557227524231813,2.543080956624548,2.289609644127005,2.116381638506161,0.8721744827139606,39.854853543661,0.740063422642488,5.0168496057417675,3.1222894475137895,2.564272615602371,2.062366876844655,3.948242957983728,4.3413996802534305,4.031200301101978,3.802125331513158,5.4234150862228425,2.4994738020773437,0.6456717347564136,5.812682768555855,0.1485526675361052,2.6103324444672618,0.8326422058768016,0.43428208152539954,0.8088989399817624,1.439742665040251,0.8523545099208601,0.4085118451754216,0.8027371823092743,2.095278890497583,1.8488566462078728,0.5398285320817381,3.396688341928525,2.745944918325795,1.7575942278633048,2.090583741868583,4.49591267162176,1.5454460704852317,3.1535129787704888,1.952297785072379,3.044593018521226,2.0675960134451183,1.9981729073536718,2.023616883448989,3.1493577945486484,0.6338261676753415,7.558822790797109,3.7087155114575623,6.9941728154807326,6.226682598408441,1.6990122862844792,1.5278665429427312,0.7210389086627906,5.0652216608228455,0.7124474090884946,0.9180578553425129,2.3954712941392495,1.3290274926511918,1.0331525212017265,1.4004790011808583,0.917771263411549,0.8283425752553054,1.0643230351481787,2.5511258913683843,-0.14336213969524636,1.5491780965623627,1.1350670560687288,1.448340277083619,0.895027832294387,2.428227249208484,2.535021175214803,1.6390063786307898,1.5111164514616462,1.4770527406535419,2.1431841782568903,2.8608448813496707,2.20697406576922,3.474463938526692,0.9626429645782069,2.395602979511045,0.5724846799125677,1.4981492404883507,1.7849930228811324,1.917953864587296,1.4621314815834145,1.1995704993731977,1.8519958320402086
5479,0.7832868877653755,0.09942733417475107,0.0414322548034089,0.04637254367504833,0.3398007621744769,0.2668446118790024,0.5043170312630016,0.19231248577795987,0.35248344805538895,0.5608649643100935,0.4867517721310553,0.6383281087648938,0.8194184710679454,1.073566655939366,0.5738436334848053,3.3212239385668374,2.649567098216417,0.7370120852622334,2.4326632396552306,0.6687078324998741,0.49201045804264626,0.9303626068783051,0.40758574888935034,1.005050645285072,2.7842183334422566,0.25487769259177595,0.15814840341121228,1.0588008346358693,0.03731566653384128,1.1387021665988404,0.6649293053381874,0.46348923407027753,0.13554816877828577,1.3121973649450474,1.0322525873095254,0.4635119917544932,2.573409027834912,0.32563271124908333,0.4996735554876618,0.8102469215038296,1.5272624078736272,0.9312973028211392,0.6880318649614666,0.5793917652654548,0.2995432237519245,0.740063422642488,31.974571041721344,0.5914790731446559,0.5625440744997675,2.858635353130954,0.7367792372302822,3.1151870567276445,5.794226802562484,3.1348364809808498,0.2617616285663286,1.048253513489863,0.25611565568480005,0.5693948221648868,0.6634301385529204,0.27406443312586937,0.8583586811613417,0.6585826131169654,0.3180297650639471,0.33670557223546993,0.620967872999477,0.6622089610620281,0.3060110514856532,0.716213007324062,1.1737356192999155,1.0839676797845916,0.2323451032252783,1.9443311789928808,1.4295188354774513,0.1769265273286883,1.6590135558336208,1.0660375549642978,1.8180036291498638,2.641897448960455,1.0465768110698193,0.936338849817977,0.6865150621650485,0.8803990330426543,0.7241836026129144,1.1880056606284533,0.7336826783832308,2.754179399681763,1.3391493253423972,5.727808146023302,3.15444663355851,0.9512907945836699,1.3625185309913588,2.78188898343192,1.4095666708373842,2.708462068416989,0.9278344097532275,1.5235775254170478,0.6869492129292711,0.7431551428992601,0.6522970937688071,0.9127226902022714,1.4357094122381482,2.1283147922600314,2.0674410229372935,7.248012140020949,2.0690478783858777,1.04858158880166,0.5191658943745163,0.639170672930254,1.0265986272446979,1.2360517370533883,0.63688635167696,1.0015815767715666,0.48745153726867174,1.4444663682361611,1.2348588347345673,1.2091876004112256,1.4336589408003733,1.246281399428601,1.8845968303134513,2.950751435947909,0.6630194789279374,0.6643633034961743,0.6927487343411767,0.7577733747376318,0.54899187414831,1.1584345729307073
5505,1.2134856961700533,0.397412314922648,-0.14754200976900733,0.027032870091283377,1.1067670254085462,0.6889379559636569,0.8150509713368521,0.29474955757592636,-0.23236810839480723,2.369365443433101,0.1960606300909125,6.295229385051398,1.6650625976133613,3.662300002181506,2.318414914172449,13.052819751169721,11.472494597054423,3.5486899387112993,2.574590249610261,4.788314015016275,1.0934287989147213,1.0036372875257038,4.764754986984766,1.3547395290485238,3.6298484831719233,3.09452515764285,1.5873774606534408,3.191289895057727,0.27772220470274217,1.5176135504907566,1.5731225785240182,0.6050421141379845,0.23649110498070267,6.7536881423401995,2.459202154065904,0.9343859605764729,0.6939441691347343,0.08368822350674793,2.6075919868285173,2.335055591637731,1.3633342334423255,4.263985197428882,3.8821070944468685,5.674361772799669,1.8065086828219374,5.0168496057417675,0.5914790731446559,477.5220497109795,4.540349612002788,7.168752187126244,7.7803793945759665,4.4808771277337245,16.93956711338272,8.764316690872056,3.0822134903794045,5.003129191723921,8.437831023950384,-0.24392839095603036,0.22637788754453336,-0.3508349629605653,3.961116130363507,-0.42009807482322,-0.9804414083473925,-0.6839320336185527,0.08167965093668875,-0.4800272358626822,-0.1404090589020818,2.510583230123103,0.9255137485312822,2.07873809946213,2.1627904170099317,-0.8577028984589228,-1.2346610549563597,-1.418138930392329,-0.6412191194507626,1.2848725857631738,-1.908638997247365,2.845251475107086,0.4842823976487842,-1.4377742528848803,0.7559789553572955,3.6084574611849356,2.521654980046491,-0.19555362485625563,-0.6005639207037848,2.6723148564382004,7.943735744678249,15.281836635121893,-0.4023697777301802,2.8954157201744892,-0.24141476035424753,-0.9105929755942608,-1.26331094723394,-1.0720740456380373,0.018754069169383124,2.6721270931885543,9.623415280282007,1.23089401392271,0.2869841295762692,1.7793978417027048,0.020285693232613373,10.87716917688081,5.046316949822687,-0.7599370987073268,6.938768959364325,1.426678546433419,2.8580084143590576,2.7924233097684596,8.53450006612324,2.4167134821357505,-0.8519104290629794,5.695295376707515,2.7831439714312465,3.512491663578935,4.570777626743734,7.917369558567927,5.480198158390163,1.1921348268839984,1.2072891577614495,-0.02163661399193807,0.5268220319247495,13.621083337700673,2.923902690379479,2.1246762549988563,2.779702826390044,2.891969283739204
5506,0.852773632984595,0.10657494847874356,0.07785655850796175,0.360669604692761,0.37849874088859226,0.4810350169149749,0.8145831337868462,0.21398476328984078,1.7508236488027529,0.9415885130635689,1.0146704190272846,3.0691824970192996,1.3614297310994485,2.6499703383811575,1.3784977539774943,17.453961740039386,4.356726288382642,6.555371905641688,2.0074152240907606,4.266941857637389,0.45060530165241824,8.183353107423516,1.232920035630688,0.9570307866968677,2.7661451342485885,1.4019908725945525,0.11952221699864791,2.289274961359429,0.6201545294361784,1.5653307457199626,0.5914031817642821,0.4803206599809777,0.33305049774864237,1.890993015879165,3.0472401621905436,0.7038638531797566,2.4124793271420137,0.5654823616933479,2.0739618989198285,1.2598379297239968,1.4422819814966377,1.633122000950365,3.6416059933033686,3.685335487883262,0.5696632405768642,3.1222894475137895,0.5625440744997675,4.540349612002788,144.7768062274372,4.734892259831114,3.2272510980289497,4.7565518893231005,5.422252201073921,7.523514408535417,6.8446312590224005,3.4690005191354922,5.3752691265114345,0.9594049508039459,1.7783389396168203,0.45253764485527453,1.658059617116751,1.6817276657896034,0.47727265565112875,7.630991918766148,1.3130181497047662,1.760050635615607,1.0464294304222435,6.22776197212092,2.9974477075958346,2.076647674828185,-0.2776697252816549,7.475718633147441,-0.3213162348582945,0.22569130214965147,1.5026378103199622,2.2154162952741223,-0.9286912178978363,1.326524360418097,1.92643112770925,3.79048100474091,2.0251024788204655,7.275483144327921,13.113976571158464,1.7370602623789624,-0.5308822356771599,16.00066174527594,61.24892323599988,-1.0386307612653325,0.21681920240097585,9.544111759291994,14.321222451674352,2.1066836175820907,10.179881925989703,8.914717414865967,1.6041286494812954,4.0009512168257,2.4506285677972164,3.2268296885233014,1.3514366170782268,1.5924031891407782,3.16346529724343,2.208194316158951,9.723874689085234,1.2335492840471163,1.9724832650024748,1.2988558663420515,2.524122140997564,2.9424705869262504,4.615961484090259,2.8028481734367277,0.18588660262536458,3.496316834305599,1.7483539398508303,2.5387700208483075,9.296625852236408,6.89348723776446,6.190801080104148,2.0109502363677243,4.288922145825801,1.1741479247638458,2.1770630591468585,3.1710823582247207,1.6267211152833072,2.1116881074603002,2.192868633103827,2.357204230204901
5507,0.44021495255147153,-0.04326181849993352,0.4035260336359964,0.0008049282555011109,1.735754615966201,0.7489495175259419,1.4615853765308375,0.4216366902507789,1.1478695111033466,0.8061086579046364,1.0707584059555992,2.5895641569257433,3.066190978308819,3.6522275509428006,2.2713184766100465,18.150323123180566,8.993388141697155,4.500399785728019,2.0806571770019215,3.578508450576783,1.4347234701467166,2.466850072515457,1.7744412855467593,1.0832356702425974,4.960400394639674,4.53540911456674,0.634061420423178,1.9357167116061884,0.6757044975741969,3.1869609380298005,1.5092374304328602,0.6248771856994966,0.5153728906334901,3.806922323968641,1.6153108029888827,1.7798540158446603,1.021689919192641,0.5206215035912025,1.388836649510609,4.416411544428566,1.4932397097532026,2.4220364230961113,3.1452760035441516,3.425928057047179,1.6936502111874625,2.564272615602371,2.858635353130954,7.168752187126244,4.734892259831114,167.51034500975842,6.818309849387788,6.998209245988224,18.502147406984683,9.746754885490624,0.7835346986872953,7.303854851400875,3.19621740703186,3.520247493915373,2.8531431030065404,0.3603330171670243,1.386025570905605,1.3064246522335303,-0.14673507276458533,2.564678237290388,1.60803570462873,1.298473069637046,0.5845455210586864,2.68996437702359,3.3640213974306326,3.559330585045679,0.43805540726742864,5.350512086388061,0.4639255945616268,1.3817846984413267,0.9088136051474444,3.776044042946902,11.89778892783883,4.071748581494561,2.6433313956213076,11.144390598756658,11.282007839712627,2.9384545523050254,2.7040942638537477,3.5173605210473076,1.6357170690464968,19.4686636935544,13.360245185469141,-0.09323629517400099,-0.5407357051515691,6.710918750672185,4.027687999836649,1.2435659215065693,5.195308485315288,2.0972402249079503,1.7400155321726898,1.7148718661842017,2.991134703599262,1.869872379467824,1.4261446468605945,1.9218131941021883,0.9181748859189552,3.7598659966541494,5.040969169678613,2.958093464354112,4.2217624940845875,2.3906399148920747,2.3710543678247884,2.2323286424893323,8.46423370036956,4.6626284132317055,0.8997530495195766,5.090711682251216,1.5876665215780636,4.875189405663168,3.931325519060509,6.072384738296939,6.300981515179346,1.2124190811263202,2.326630009653062,1.5027379973287018,3.8097593596283446,2.508179726434997,2.0892446489231205,2.5372602036889593,3.6127888051231363,5.063727841378239
5508,0.17642756060108705,0.5266746993140557,0.1741804853571012,0.22315431787994064,0.14516343728410153,0.7450620177452986,0.7090390229343928,0.28391147842182396,0.7319861192181059,0.631530018247108,1.386228275462141,2.1188791790788946,1.8188152072418842,2.184188609676612,1.309778722820998,3.7153671387242126,2.6457908748714876,1.9810807954621992,-0.13621578535308326,2.6137794303620034,0.9526981428277073,1.4153590840087455,5.829102420808699,2.217615456406235,2.4933960340271493,2.6990537583100678,1.0106957384831354,0.9322430860858746,0.13078801079771668,0.8955780088254713,0.5249980353540891,0.44483151481545746,0.2560007984931982,1.4107994612438661,1.5778513769197975,0.36941315131857794,0.8819022779723726,0.49190188085276826,0.7567083436063329,2.1093019326009474,0.7658269172756104,1.3686475991084366,1.9122832366645746,2.3410965610995507,2.15638565494146,2.062366876844655,0.7367792372302822,7.7803793945759665,3.2272510980289497,6.818309849387788,56.711787749509895,3.6047907244156976,3.6143706706082805,6.032616626139908,1.559022852703944,1.9768062749330273,1.4417980480485193,0.8263143637631373,1.3123599455102546,0.5861238153692837,1.1930207973097589,0.9060810032753512,-0.12035073861804942,1.0114606775257438,2.3694660691161435,0.7868433840026257,0.9244461330780686,1.4421367938580532,2.094504266496409,2.2598116057553215,0.38550029097448296,1.7837720425060106,-0.12802949980427858,1.3090293687428254,1.7696602826530912,2.98173594026265,3.4010375950901572,3.5934970362944143,1.8981718046566078,4.943773537853407,8.560747377423027,2.5090527194336127,1.8230526430511427,4.870100395361183,3.7224082776519944,4.852383921079738,6.108625457810199,-0.09737443411970154,0.9033303457443757,2.4332398360661887,2.7156001151470277,0.14421330628719295,4.713006549215226,1.4479188223549828,0.5672945325139058,1.0105392490264375,1.1077132007039783,1.0769965997568847,1.6279853087259737,1.252665232962175,1.6833051844750357,1.4072793925488145,2.307488210777372,0.1249744344883748,2.122808203537524,1.2809473716299782,1.0389469317953233,0.7077745123072514,3.152051237146515,2.209619176669735,4.114370084778722,1.5344511934912881,1.1701706613653877,3.2240457412895913,1.9747215492292807,3.0559448461826246,3.7769843401699554,0.8088375205839735,1.4063100540289046,1.9081161421270478,3.842547116326881,1.275426362896728,1.334952094381904,1.1775469970276278,1.3986915113082845,2.564116262862055
5509,0.613395341433761,0.053647240633499474,0.2171449177543702,0.16724102381963488,0.7359357766635728,0.9276587474333748,0.7600185265409958,0.2964562732201878,2.425403622026962,0.9105704879785482,0.8598180364191004,2.3916964734969492,1.7601502807471117,2.5355234162745313,1.5308279471276034,6.253112879917493,4.429812290978947,3.3412824038417277,0.5278711090117727,2.9572611887215317,0.8696756907311889,3.08103825446905,1.7916805324191405,1.9307182999038905,3.8989431446540954,1.9820278172262025,0.5253197399459277,2.415107240597871,0.779030699599912,1.6242503021017396,0.8356853939456764,0.49080888127927924,0.2143984363015823,3.245464004843184,2.1544362732499276,0.6567738735410358,1.8801119219095275,0.6728142962752363,1.0131984007266743,1.5195339399508758,1.6837357610249628,2.6559242771043388,2.508979129152905,3.1661297671625483,2.6964397978231673,3.948242957983728,3.1151870567276445,4.4808771277337245,4.7565518893231005,6.998209245988224,3.6047907244156976,46.807409465869334,6.673966174965558,4.673853901868003,2.9453195544348,7.605919307035711,3.730891998853949,0.9863179209188884,4.162708930225049,0.45164446440523764,1.702299537073169,1.3740340290121489,0.25281511665056244,1.3887946491162497,1.8425270206914963,1.3465700790653636,0.5990969583392476,1.9723901181326187,2.5841589812550216,2.617731441473929,0.639688318230048,6.701042525268783,2.6132643604517116,2.5082201120742154,3.289050037468507,5.042343462626445,2.9283019905105103,5.327974458905229,2.96266458373402,5.556153947854387,5.343656583079237,3.382557455026483,2.0456428024218796,4.70517334204525,1.215508567527971,4.704258724516249,5.138172089244765,4.318512681774334,6.780551346867409,2.767666972597618,1.7932330372979561,1.214416028939603,6.276008842528445,1.8143970766235518,1.0410635810813949,2.0257693937884227,1.969314295632821,1.7902509289441095,1.2391636314437744,1.3652097871447535,1.9244865198100178,1.6975035571532227,3.4828175042781275,1.5109076882590255,2.5300793922533074,1.8203487622793337,2.015896788989756,1.1876076472281194,2.2047603204135937,3.7543836987952357,2.59457708678338,1.7227717171651213,1.754893414616178,3.5257102062323824,2.59094293610312,3.501523677674457,4.486393293989769,1.1300197261773521,3.613559274490298,1.5921445392408966,3.079985481349384,1.3678465138903841,2.5190744211802576,1.815515451470906,2.0024537557866804,2.4733714650650906
5735,1.0658373816359956,0.15571721693115254,0.5055055294219857,0.4659895532995735,1.2174752994146,1.4894591098321046,2.2293079220904697,0.31928418852113866,1.2501130686054356,1.3594270526384964,1.9126586373724257,1.7120449728757665,3.698740231441515,4.4829212692453915,1.959458780945697,11.572162166905768,17.476257070840127,5.831148650513705,0.8780215782207931,3.95451632506907,4.452349552111856,1.9741818913645697,1.6188134388705142,3.22089435226892,5.845487422475916,9.659217572860907,1.90420042170063,3.2728863700081807,0.26219013461435736,4.106819442851293,1.6771989974149297,1.1875770865714768,0.9640196292265913,3.271791534586048,5.203844418701336,2.2514890718674834,2.3978385868576537,0.698729355560103,1.2318802686470156,4.5856423782855575,2.738810970963686,3.5938947452752377,5.0341449298720775,4.949692335687568,6.587551842439662,4.3413996802534305,5.794226802562484,16.93956711338272,5.422252201073921,18.502147406984683,3.6143706706082805,6.673966174965558,442.0619608910135,10.120558034830413,0.5876540079447341,4.47207722464729,2.8139032689961514,5.223094620571708,2.801911109792653,0.4199623939761533,1.625206728075859,2.4298958716539922,-0.05858639144563506,1.265829999692783,2.1568019135543697,1.577565839690264,1.5907472237711173,2.6814081412071267,5.027867604163836,3.6784346446932488,5.997353476331594,4.14371556130524,5.311052520103236,2.225520138688948,2.2093008497280744,3.9659424249228294,2.604948476931909,6.502656998835167,2.0478156976966257,19.186249233975147,10.15769890158101,6.20245990185943,4.49655286545064,6.769263151645125,4.470838364062728,13.381740168754796,10.123277712036709,6.575964247187489,1.7416364230981765,2.6229340568252586,7.096091489011758,3.1251228149706693,12.925695431392699,3.8371574926445713,2.4109102378794103,4.12729846548826,5.140437845304616,2.7645842790595796,1.526381182278541,2.9388580766089882,3.7557091525952364,5.121466043436682,6.824585265139391,2.6173448672719544,9.383974250109949,2.6933697551819082,2.338187076889842,3.81191241891067,7.886047744229571,5.838717998491513,1.8063503226141784,6.9021865901653765,1.632390364299598,7.544075372186684,1.5776030295142154,6.000140621258341,5.500033140588663,1.5236476345769951,6.188172969670258,1.044046151815145,9.012152981781881,3.7156404211341414,2.5579662111464523,3.841226045786731,1.9757820875762007,7.394032364546645
5743,0.6108147252577039,0.11778645307157964,0.07375504554801615,0.9307642653644912,0.9040870300391156,1.0117618877170107,1.1279733883208627,0.709943573815852,1.7510790653383312,2.420126214185694,2.0682917396436333,4.064416433600426,3.11809598941227,2.801769431564983,1.4937196243325832,5.004698454622954,3.826436529300773,3.752148427118042,0.6743087700905532,3.2912316805608413,0.7999520739367407,2.426256367211329,2.2960145786062043,1.3568619063897744,3.923279706349033,1.5684512784971623,1.2828654244957907,1.950594860029889,0.1802013746368312,2.908210513506408,1.2287694762910137,0.7930912329341976,0.2463371921931286,5.4331851760619765,2.4112038694831277,1.628156178094548,1.9351785816471712,0.45869800749075296,1.99423087646415,1.9023661405377035,2.9879969165060567,2.740752180355591,2.645222068288243,3.290398820010726,2.0113113381792034,4.031200301101978,3.1348364809808498,8.764316690872056,7.523514408535417,9.746754885490624,6.032616626139908,4.673853901868003,10.120558034830413,168.26981829929315,1.3399668316062663,3.773937117620945,4.809711673082368,2.859701486587723,4.184471392986886,1.0194616395540463,2.1917653763892995,1.2117054752575103,0.8161312199843657,2.371584365678013,1.9404671465642522,4.312666215622542,1.468159127757518,5.001947481221644,4.25624733649033,2.613422712297749,-0.22933529375726125,6.85176247101157,0.7238702035279,1.4442470971402512,1.722933609303098,4.532000957092631,7.028550204314474,2.0814063317931533,3.1945215935469764,2.700010118763372,6.376104844324703,5.2048466453410605,3.0047833686170633,4.1594959497280515,0.14808471772369255,20.009120262110116,13.792804515876911,0.7181531875610503,1.0945912907008437,7.656975425948455,11.844111572956072,1.6571289468394497,1.33457496627033,2.7522092592657774,1.8140231425913123,3.9438223034322775,2.7129916441359656,1.6813475628618446,2.2963475319254854,1.789513665097601,2.2200037634261958,7.385238404962748,5.147583211681892,2.745475514104992,0.9253036491947001,1.981530341554041,2.8050491437352685,1.7112825420176832,2.2901592059762987,3.9484425515477906,-0.06329143181982078,4.137647907216723,1.5098518084807584,3.2041708388694077,1.112029772348356,3.9908841758554736,4.060802642866601,1.8147419163389302,3.1507635619478025,-0.23240515865704583,1.7144707116804179,1.990457349775227,1.369931787274145,2.221932527950887,1.87362438138011,3.316675614273212
5875,0.799196937389215,-0.033663128916034596,0.033790922791011736,-0.0034279597948308135,1.0499681893636887,0.8999153681131238,1.0120453854652407,0.3194110831822786,0.42810351103910804,0.5435137816078266,1.800754792756386,2.778941868173154,1.8981293883282626,2.1600497572958783,1.0915077513648377,13.997733844791643,3.306301600360316,2.3175163026241323,-0.03529114612218047,2.9626361073334118,1.3551696992459128,0.5537395324591853,0.9756108462988831,2.1038577789696395,3.456681746424022,2.8508927243172617,0.1981156514254445,1.5473812740720383,2.105353254422802,1.4491436712260415,0.6534867604508265,0.7078003927605522,0.15929280756241065,3.0889437733000586,1.5993668027310408,0.3554332260625024,0.6592749610101374,0.6430322600569813,0.887747260107625,3.57100657256196,1.105517006446584,1.6995472704021817,4.378370632406635,2.8672268505246756,1.8168705132054015,3.802125331513158,0.2617616285663286,3.0822134903794045,6.8446312590224005,0.7835346986872953,1.559022852703944,2.9453195544348,0.5876540079447341,1.3399668316062663,76.4086585516722,5.030549844647891,1.9396630477973884,0.6080681469215892,2.8759326421202775,0.2180943295127169,2.769536293686545,1.0189297988139454,1.8940324206413721,2.5451206809063436,2.496225930026301,0.38781788634962266,0.2637927238534074,2.2734895112234197,1.746509809523493,2.442043747500554,1.312123524527512,8.260882406908264,-0.8594211107127583,2.153276608643959,1.7547346696714927,4.133419096695708,1.0583225720547615,2.2921056653349705,2.0232533457460775,5.431253025340292,4.121513800407146,6.064316295275695,3.8562759188044904,5.340361879366194,0.3731952348725146,6.0489349321628305,8.13957526477462,-0.37583573484248134,5.692460129187387,1.4969912001247738,1.0990666447178241,0.21533907919045314,11.636433990445687,0.9855797457639152,0.584277920830306,1.5401462258556955,1.7818903637543846,0.8272969750470412,0.9193795669401326,1.1347381649830812,1.4672250339829715,1.0100431897123583,4.185916326526965,-0.8697457559406497,1.259540191857525,0.9007205423422524,2.2120358238226245,0.686355913828047,0.20795859414422016,2.512963502227525,1.4860509795707568,2.4899103437440293,2.6073765868622165,2.0969860755889633,2.9710864442140905,3.7591890805099846,4.041048331424804,0.6626057565946285,1.6548626396254436,0.2939409970047824,0.853187080197652,1.142033607280938,2.522861331725349,1.998132780900709,0.9958597766731407,1.7998835629571528
5908,0.47664461601084995,-0.013687874549351385,0.21897546797256986,0.028566843502205137,2.1701892970448835,1.1068111808917833,0.40002901826591086,0.4794101658602039,2.4197579837030925,0.662545523260351,1.0476201090666346,5.436936534990934,1.5541506414173998,3.375121936668548,1.5748100323811058,7.091612403561269,4.481730112109217,3.4642255312026755,0.059488655604510644,1.941492085754999,0.3692977860113251,2.262144753969255,0.5968155725400237,2.4730456495005013,2.532179449917407,0.8111095120905758,0.26859838938542735,1.7571178487407695,0.35802782332050737,1.5885958151231194,0.812557805555892,0.30269264504784726,0.06739693236548844,3.105486973761814,1.552743414761525,0.4335033601410825,0.7020242204012659,0.5970703000703548,1.5552109696863985,2.194670173267241,0.8638618634474136,3.3196858202006303,2.474676233944045,2.85169410260486,1.9601344660165456,5.4234150862228425,1.048253513489863,5.003129191723921,3.4690005191354922,7.303854851400875,1.9768062749330273,7.605919307035711,4.47207722464729,3.773937117620945,5.030549844647891,83.37202538964912,6.6573392787557175,0.3434751981528775,1.8029435070631443,0.10468022024097891,3.8121359605930594,0.5040758404610302,-0.16788745566629273,1.0874271863612197,1.8049634877315939,0.6689140444011108,0.33450987201326143,1.04396072652666,1.4873767355764083,1.1615894398282,0.5176667995778896,4.980770605080267,-0.4660020666927924,0.9442677190792271,1.864997240229146,3.8135124111289627,2.7969064653734788,3.083210990377063,2.9992277828825578,7.027381730015349,4.55911908501529,2.655646847935393,2.8578265702716688,3.2980418033397605,-0.2673960898269443,7.016243567822845,4.892107428998104,0.293479247804251,3.8624664561597024,2.8819176844646335,2.4513656254451015,-0.009081204932430672,7.180168631795264,1.4683349061008804,0.3492717207106883,2.0135455478270154,2.687006533642693,1.113594026326656,0.9102378280139939,0.8966492154555297,1.0691927692023158,0.9346366711893002,3.96490890938093,0.26882999176743433,1.7784773485700711,2.3146105093340616,2.6564442117699643,1.5571708335477648,2.4704305408489553,3.667215945065243,1.0077947981590825,2.99666396719919,4.07965824049778,2.342783268589387,5.8030609996766,3.8271533670518885,4.426273200907678,1.436476728871052,2.7833534502533404,0.7973314610933631,1.5647989448752397,1.589110029870287,3.7268378699434455,1.64391084218923,2.5966643458421172,3.0255426270498598
5940,1.4407916690539102,-0.027214537843185692,0.12158321429481385,0.3548299531084246,1.2611823306060015,1.5463712007617774,0.7647334142038342,0.3770597909589835,6.555185698684352,1.040619655928451,0.9050359717757073,6.54374079920309,1.3743528057681151,2.318601086975291,0.8466792687096969,2.6737211307461397,4.612595845646769,4.3685069607427955,-0.1357916632322019,2.0120263286796596,0.13656655644590235,1.641571504624873,0.792412195188977,0.8086033107720932,3.5388694412003083,0.9346153098217724,0.2039777287948839,1.5574863568452224,0.8447009624649742,1.0629979620476375,0.9695215313166452,0.46535376737043116,0.2728154199926335,2.5729795430931275,3.3039924655165547,0.9574805925834404,0.8923740641571289,0.46781852524102513,2.1626524370559084,0.8978575344735784,0.7097934510708547,3.0509068445973853,2.4579451904461034,3.2866137553425716,1.5894377887155287,2.4994738020773437,0.25611565568480005,8.437831023950384,5.3752691265114345,3.19621740703186,1.4417980480485193,3.730891998853949,2.8139032689961514,4.809711673082368,1.9396630477973884,6.6573392787557175,89.00717399371665,1.353187545900986,1.4548707890094488,0.5173821927696701,0.8559121775303729,1.1369705204998495,-0.09413321941763723,3.6812923845672425,1.4646372436049608,2.4804518229645294,1.0634358846389353,2.454424459964881,2.0260603581436674,1.6505746285673164,-0.05259394386267596,2.8972656504314194,-0.8487421281286396,-0.04509582516721941,1.3247845522557324,2.577536046753317,-0.38921393460846754,1.6779161042804538,1.9936464267907756,0.5839126936384774,6.3190010979958045,4.727332498003391,2.204398031664848,1.7128124560473121,-0.3746506333756649,15.165944159768078,14.970693316250898,-1.314980721501135,-0.48543402125175455,5.7738976626293415,5.479854562806879,0.10321246079682476,9.63901326101766,1.6353659772139322,0.6920449090019318,2.2057193069412278,2.826210038798019,0.9660251213831018,1.1076962019888146,1.358621114900695,1.4466670587371562,3.4449561731288596,2.767459960716045,-0.5670468266549166,0.28408452906857695,1.2911318888211674,1.4938566094863723,1.5031987501543476,1.725723737022057,2.5880616858939276,-0.4641921125587194,3.8788646556662627,3.552439367411931,1.5974325800619755,1.5144436604019065,3.969864276328285,1.9873535894191476,0.8239889012236804,1.6235529492052845,-0.6412257261115757,0.17069985806467672,2.051876803108268,1.1556638895103313,1.3872415239814484,1.9483176550406631,2.0000723590624605
6191,0.10705947907394917,0.010209368285857046,0.08034831616942954,0.09355319598292754,0.10284440371367257,0.3512205625128701,0.32981310818947973,0.06942682380995079,0.11523637560397636,0.42021540208802205,0.36430660629990974,0.29219604230224705,0.4570284578942727,0.518768099323788,0.1404961817534738,1.4780877803582921,1.2906036582033749,0.6896512745393967,0.013967015622818098,0.6282120314690215,0.23919420064562943,0.5823940073435141,0.3009609594542767,0.5384443090794172,1.262265940303924,0.9579592248467707,0.3646480813255289,0.3624415043115395,0.12025623936357613,0.5152802080803628,0.5108786467939642,0.1468892560217414,0.06580749758316713,1.7302753323988227,0.6892379468453501,0.33621339922609483,0.5462959771996092,0.2976722127918514,0.3215265733621704,1.5119238032376003,0.33847202165809276,0.4191987184325409,0.9550081313164379,0.8679913174548354,0.6413832378815304,0.6456717347564136,0.5693948221648868,-0.24392839095603036,0.9594049508039459,3.520247493915373,0.8263143637631373,0.9863179209188884,5.223094620571708,2.859701486587723,0.6080681469215892,0.3434751981528775,1.353187545900986,12.8451958203212,0.7898369362979317,0.3873288270042459,0.3315302557760855,0.5063785724416672,0.4808463637346895,0.6304297358363846,0.44261136640433824,0.9197157204918976,0.727889382153351,1.9996040649988953,0.8683390618368475,0.7792874570090459,-0.1728930599514308,0.9234051356757738,1.3148366221225238,0.5897760309307034,0.8326559063097873,0.6519117753177979,2.671991974274894,0.8441906082774966,0.3912376527297637,0.8074172823798554,2.0918770598641734,2.0159071602805003,0.4531819847891426,1.4010079414645706,0.3661009792574146,6.009636126957976,2.992009007599901,0.6281058784841649,0.8902463102029745,0.9579014942519752,3.0046619260657406,0.5777558065103489,1.3066581650163878,0.5665620461635877,0.5434533927089256,0.9000116345753978,0.6737664418972962,0.4113991665138811,0.4604485107473765,0.4455509335673584,0.7974903806122202,1.000170102886061,1.0578968703203966,0.39402253434135176,0.5754644512990313,0.21349443771111137,0.49752920048193255,0.35137549346523617,0.7666659951706477,0.8829038319649756,0.43252660824442535,0.9157609737071332,0.3008989535277497,1.0639858649374263,0.06926326135175251,0.5755688358107827,1.0111020243387678,0.2672258161930929,0.5795648593218359,0.1308084846527107,0.9419855590201642,0.11774381480477811,0.20764300914496578,0.46755029137136717,0.47671641311188606,0.9465825189594937
6216,0.18887089943536509,0.19018754329447865,0.008365578745551171,0.048020357350481345,0.9204493256139575,0.6220964505707227,0.7130858683197507,0.13481986543785698,1.031716025766374,1.2912959427842683,0.6829380376009601,1.6861832574795672,1.8999869287502305,2.1894012018078817,1.066576237937338,4.862827283345857,4.466561963315834,2.3097458289814123,1.0057103100134677,2.755617762278634,1.3997467833990944,1.3325293206135493,0.3954972990647729,2.0030206034240527,3.46869478707875,3.1062941095617767,0.3643522237135723,3.031237611662367,0.6248655867129141,2.2326745322404418,0.8910861710919576,0.36050660504282833,0.4581091593679007,6.230986058133633,0.7990276451586678,0.6045494398403713,0.9300289465047201,0.5441546197256774,1.555401229480852,1.060712826471781,0.9503921778787365,3.122633169437384,1.7954169335649175,2.2157600990253323,0.9096894010781398,5.812682768555855,0.6634301385529204,0.22637788754453336,1.7783389396168203,2.8531431030065404,1.3123599455102546,4.162708930225049,2.801911109792653,4.184471392986886,2.8759326421202775,1.8029435070631443,1.4548707890094488,0.7898369362979317,64.58545268348293,0.27660744877159865,2.9207040206239556,0.8790727424179995,2.6632887219487067,0.13740533318536102,1.7002999035687878,0.8335654781907816,1.1217832918801336,2.573165729858918,2.182416813315544,2.9071092810804857,1.393211508721648,11.04161904891076,0.6416645205894048,3.444100782329478,2.3255029252621258,4.932287055131797,-0.24419094515594844,4.533734394849478,2.3234529822552283,2.2552732951579273,1.6056732676537389,0.9810946634365638,0.0682953756737537,7.165374228920036,1.690280414755176,3.544353107573878,5.873382561676385,1.23936813082472,4.635671886555922,0.8281204320169249,0.6030975185393465,1.060856135561567,3.4059751754405223,0.18012613016611198,0.9745774973006059,1.764357200195673,1.1458762229182013,0.8102279973139048,0.8845884783971044,1.3590308284219879,2.6318604081817094,0.48586363150996453,1.9759222677095938,0.3678108866984846,0.7063400473757329,1.2833192446061201,0.7005172930221877,1.4181151991462815,0.8708336212417248,2.9812562977732417,3.5882403354188432,1.3301767622989642,0.9870027503783921,1.8390102547929195,1.324255449487846,2.6065545048869936,2.1850006175218195,0.9015496971322489,1.8803884797989041,-0.08877352956517941,1.3214965210480283,0.9262769448458866,1.3036636064024862,1.1843613259078376,0.6080641618674983,1.6030042704862861
8861,0.11403981620462277,0.0321618858095195,0.05494571982561546,0.0393044947629901,0.1752958079732707,0.08578196533164345,0.07181646655792279,0.08506129906725901,0.1699580388638862,0.29342032107444305,0.16670521256647985,0.5673944004261084,0.22204272627473243,0.24727428864592763,0.20168688825759795,0.6257772079220895,0.2799354476927066,0.14619634152858216,-0.06645766720103136,0.23045866229238632,0.032819706618484774,0.12080574257958052,0.26847607603098345,0.40576951305570025,0.2823338761069865,0.48763126488377734,0.2614888565116,0.2602034622972063,0.030468695427066556,0.2867177281558443,0.12338806152066926,0.09373239929841262,0.030521710702245405,0.15415696038249477,0.24289444222999687,0.2736430422083057,0.1812209503885936,0.22431994349408288,0.08130991710025132,0.1150263152915748,0.11199195455190027,0.32728562597280486,0.3765339959757652,0.31869316023087857,0.2977725722817513,0.1485526675361052,0.27406443312586937,-0.3508349629605653,0.45253764485527453,0.3603330171670243,0.5861238153692837,0.45164446440523764,0.4199623939761533,1.0194616395540463,0.2180943295127169,0.10468022024097891,0.5173821927696701,0.3873288270042459,0.27660744877159865,5.262356995894302,0.5223101225287389,0.47185590976998987,0.4576449402557463,0.44419763031489307,0.49423555375028244,0.822149440453941,0.32758697224765615,0.8516654561960918,0.7452968083757774,0.6269428777075156,0.16743250337329155,0.6758881329272467,1.426711651614229,0.773151060213715,0.817870618677137,0.5835165655988672,2.35865695138019,0.7126417562483562,0.5300275274164344,0.4749472474185718,1.3996929373608618,0.5776734712788141,0.5764990211935831,0.4351115926867018,0.6286020168838565,1.2681007646152032,0.686315273493162,0.860934735867133,3.4143163197647612,0.7074477721011804,1.7241690753214594,0.4980223876513983,0.7667088796263978,0.4626656206566692,0.21829367078340234,0.5671668902853937,0.20956981276562595,0.30149091852546533,0.30580097889918534,0.18062829093335597,0.5736684613765185,0.27977612776936345,0.3373238576964086,0.5048781879064401,0.04083293746140893,0.7200183942066017,0.28602320698082717,0.0468252164830859,0.03541521825477445,0.6234811194818471,1.1240528435435297,0.2766151880597145,0.3488830311063856,0.7496212207081263,-0.1008604219650478,0.38718252525545616,0.6639744956438893,0.544868836860317,0.5609958144420307,0.510079042719886,0.7260370488115064,0.03796331392430931,0.2686908774959936,0.4802720593161781,0.330589351419907,0.4841638816477973
8868,0.25494093438988136,0.14480904522284388,-0.057112176926286576,0.17240692375873212,0.31733988717908396,0.3285147849929732,0.38797560541501275,0.1964687113356115,0.7096874906848224,0.5258725604685794,0.5427087811586807,1.3402737418850978,1.1395742765083348,1.3022379209879678,0.880511273930796,2.7903516743800822,2.440373220434568,1.9588879621269115,0.7115465255910652,2.3689776691247437,0.35597531959661366,1.2984985299150342,0.9107638483150708,1.4341702872300204,1.6315869416597115,1.43786167945406,-0.0019041121165969054,1.411938814822178,0.34329737537099536,0.717809504588384,0.560428173216419,0.35044533314232157,0.05267116082406828,2.6280098221051804,0.9873558429674669,0.4247378667996414,0.5601497876778098,0.3358069687904574,0.7019016038077447,0.5348086950349373,0.4936065432811206,1.8156932982132077,0.948499403817178,1.3440477773892325,0.4970064070939829,2.6103324444672618,0.8583586811613417,3.961116130363507,1.658059617116751,1.386025570905605,1.1930207973097589,1.702299537073169,1.625206728075859,2.1917653763892995,2.769536293686545,3.8121359605930594,0.8559121775303729,0.3315302557760855,2.9207040206239556,0.5223101225287389,33.81324385549426,1.3388981055595124,0.6311590269772063,0.9154585443627196,0.9406395725821775,1.0845677509558662,0.4027302753258636,1.2051830054549981,1.8067430538710678,1.5962596309952986,3.2414430331801203,6.040124290899142,0.9242343147933844,1.260426138977957,1.1021760501678624,2.779423945999651,1.1333105186370676,2.967067467663798,1.7136997046105313,1.2285315907975158,2.0205597229573846,1.0646360120896246,1.654567968475848,1.6279226553034902,0.404519371563822,4.656277135958845,2.338854010335039,0.9461702229500039,2.2668640246499754,2.0480181633158483,1.69433643883251,1.0131055045234367,2.8670649304913196,1.3511866555744259,0.735826025186237,1.5848699128016155,0.9090278592235088,0.8047725519933445,0.8299644492357862,0.8003316302685398,1.1220234454418314,0.5937910562752023,1.6613142664796128,1.272273815638231,0.8808614185136542,1.069353616960095,0.9404186965693103,0.740593284463151,0.9417715078592042,1.226123197039573,0.8954645035141526,0.8634124480909982,0.7865903048182302,1.2828310415014157,1.9033053894786662,1.7978780295608483,1.517353684192837,0.9381954238757007,2.3178124881752344,2.0276286751487107,1.5546245783294284,0.7301627272739043,1.1995128996485587,0.9455286599137773,1.1644959094917404,1.107351124388601
8904,0.10860080047306941,0.05555234803606907,0.14653970035895791,0.167537255377289,0.0703546107683235,0.4252614661856988,0.40031057361193195,0.13652635183565318,0.6940721368176757,0.48737961319767326,0.5288952854340937,0.7852496113194442,0.8295169519473633,0.8414583885321008,0.3954060352551143,0.8161579780740723,1.3887565039150511,1.1428026740607848,0.46468855110676993,1.2686621671616867,0.2071509531066514,0.6875928035284685,0.3503082374820767,0.7761830721658852,0.8480050862594345,0.43175865958778864,0.1278563492552634,0.7339793654393577,0.31542617341438606,0.598740826163399,0.28781108883551976,0.33706474623177585,0.14983924515534983,0.9630553218833823,1.0381087835083762,0.43278380848993464,0.6477034226521268,0.29342153084160855,0.281454518685758,0.7611688114460137,0.5753859487980356,0.5990296343942544,1.1998818025772056,1.094840071537935,0.6735614885851656,0.8326422058768016,0.6585826131169654,-0.42009807482322,1.6817276657896034,1.3064246522335303,0.9060810032753512,1.3740340290121489,2.4298958716539922,1.2117054752575103,1.0189297988139454,0.5040758404610302,1.1369705204998495,0.5063785724416672,0.8790727424179995,0.47185590976998987,1.3388981055595124,9.958165921158654,0.8876254659341583,1.1478870824591305,1.0165416933345754,1.2474467372681595,0.6513070084274154,1.0345373089799745,1.7804554568578148,1.5845363157705363,0.11632945212510586,3.531457203272507,1.8185587534319345,1.5933443331660169,2.3181713498053296,1.8188231919417364,4.176624184673119,2.2698309235195144,1.4023393344255786,2.9004767632038586,2.604659752580212,1.5414352065316608,1.32338314071555,1.920819491643798,1.177911859470453,5.080351430832951,1.6872002521531182,3.252790942034644,3.4308626370220856,3.530897642184941,3.7966127382050323,1.887805878045783,3.1215631494943326,3.4325609886995894,1.6063913540306707,1.624033851291289,0.794454024706294,0.930046282670402,0.60785548934741,1.0624473631794003,0.698477634724163,0.4295558582976374,1.560443591664566,1.243872651595956,0.7869196206948897,0.7848760590028337,0.6713384137122518,0.1316571487393634,1.03126322225768,1.1852311674390823,1.1570166591668714,0.5824418609521335,0.542606813608055,1.2564389228748942,0.43820768380149433,0.9726665725445506,1.4355229692791436,0.9356095553382212,1.0923592864331357,0.8503998796321234,1.0013946520467285,0.2819442020163686,0.5978021112048166,1.026518437073668,0.6916449285134355,1.052848225272743
8906,0.13650957626534035,-0.02233653764113559,0.05450637919059386,0.06993553405289121,0.20501219169313858,0.08376186027085504,0.1882691171261102,0.14009100224946414,0.10496616624984562,0.522768747318741,0.6235753200013104,0.47716561247312733,0.21390721494864653,0.3906735896135269,0.28511560073978587,-0.9293641480275865,1.1756841227145514,0.11475960394264843,1.4230100765435263,0.4272996385376654,0.277260661935255,-0.14962136289755681,0.3098918852813691,0.43773410999471146,0.9776078966809824,-0.02071162351702745,1.2554589700297791,0.445565897907349,0.8321411581144712,0.6038654761856587,0.30830955520504755,0.2945175338859906,0.05945028456879114,2.4468228743734217,0.32080652482553756,0.31886435220593007,0.5911545470257427,-0.005796081005162164,0.20799977593785962,0.03880818365077453,0.691343359998507,0.18683966159700463,0.7304160280725689,0.5425183507492229,0.6108851436036318,0.43428208152539954,0.3180297650639471,-0.9804414083473925,0.47727265565112875,-0.14673507276458533,-0.12035073861804942,0.25281511665056244,-0.05858639144563506,0.8161312199843657,1.8940324206413721,-0.16788745566629273,-0.09413321941763723,0.4808463637346895,2.6632887219487067,0.4576449402557463,0.6311590269772063,0.8876254659341583,33.962322162931095,0.2281368816426153,0.9219541242032013,0.9753554777179344,0.23670492455688308,0.1544615603372538,0.7220572542411436,0.6830429484050697,-0.25238007971905785,4.217229049069879,6.556755645316973,4.843028256201058,2.497051801247446,1.4279373410530596,5.584138270832909,1.047811113728009,1.2867614033620058,0.5549484138093271,-0.23414667144358076,0.48575747406964914,-0.06981881705147948,1.7219440864272797,2.397017844036339,2.1867613766221936,-2.140112956613309,6.220158257883122,4.780427950852248,0.23237862335723594,2.173748063927385,1.3161208302115333,3.3887675749569195,0.28324728172237357,1.184263722187694,1.206793269491037,0.15939862367386032,0.8663833703870151,0.21489125898004066,0.4775786481359614,1.2235184664109462,0.29943196304534775,0.5963509524471655,2.102827150208168,0.47412638362737936,2.0495968696064124,0.364242549458405,-0.05103321218034993,-0.27054095148369467,0.5535823772891905,1.1767994013450196,0.3125220428462838,0.29899071801782956,1.0355316994881856,-0.14993522241305315,0.2730653180780444,0.5922331214386953,1.953609565789773,1.156469033801083,2.835902881911524,0.2707730639271869,-0.044625168540751485,0.5046294728068115,0.41822236524589695,0.1486290990252177,0.3188018396742026
8907,0.18853113090304985,-0.06085312188748403,0.11137953058298727,-0.0008971864435035231,-0.0318670543347902,0.5911345766187249,0.5153270397899676,0.24632778303566538,0.7119013917578246,0.25757953635552155,0.4134037827443502,1.4479769510192084,0.5977928202065261,0.9824811983354641,0.48186541797086396,4.064834458726063,2.3166260084469705,3.1583177093170005,0.12751572239910383,1.3462313993004846,0.6957640031539603,0.9684955775726617,0.47808948289734315,0.38252313745918287,0.7398692931395415,1.0980433704722268,-0.038983660233759494,0.7964280137353531,0.32004951768202833,0.687332278312989,0.16040012910229962,0.3894485146024012,0.01660941660339865,-0.34655338382355805,0.6035597662616907,0.3145978106922352,0.3772272652445692,0.12297393163198994,0.22475109303619675,0.3307670598988419,0.31902606842465847,0.8368900489489014,1.3541894861162038,0.9487809335800883,0.05048794640787225,0.8088989399817624,0.33670557223546993,-0.6839320336185527,7.630991918766148,2.564678237290388,1.0114606775257438,1.3887946491162497,1.265829999692783,2.371584365678013,2.5451206809063436,1.0874271863612197,3.6812923845672425,0.6304297358363846,0.13740533318536102,0.44419763031489307,0.9154585443627196,1.1478870824591305,0.2281368816426153,37.93104798242413,0.5907801664636012,1.1017293438730855,0.7857791453493767,2.601210655873622,3.2715170349414837,2.1359729229261717,1.0385388261215032,8.019050577898406,-0.24079161467997368,0.21148599750575853,0.5865246927886223,1.592824397596166,3.347374571035842,1.185092480597226,0.65216234402044,2.9261517168251028,2.880270886856633,2.8946256174233276,8.106865248143121,1.4822056072337029,-0.3005789140659842,12.083716202064034,19.31696557499566,-2.1211848977722605,-0.03331677406407839,4.881984640650175,5.330014396346995,0.47454260730752806,15.877196077890765,1.8690589589203275,0.8857581192539731,1.5957053601866165,1.2231836918901335,0.9846875870987596,1.0279893075929893,0.6837716307633404,1.3807348726939255,0.43843591719479186,2.411841612159975,-0.12004580374381638,0.9381399288322875,0.6900409323334398,0.9808846469438043,1.2775604562133007,1.4858793241627117,0.8968894439548868,0.04363324681018345,1.2122577171482538,1.684442600821834,1.604281781701713,2.6923962254832423,2.592026019534512,2.206641923244394,0.9680197087836111,0.9218837026282376,-0.236222136810526,0.534384017818894,0.2275385834020308,1.098400475829697,0.9189963735835867,1.3474233778335696,1.2604488798163707
8908,0.4118835207338795,0.08006839445550533,0.029919843779027774,0.14061048955050204,0.29580225483262396,0.3316192346914168,0.3069237816805545,0.20448386698961557,1.1788937944053268,0.3558405396499722,0.7082871601388275,1.1413543257525016,0.8998136043048796,0.9147221359658775,0.5375979441277334,1.624257365979825,1.0559623112913183,0.7787237427602092,0.345739299028333,0.8557379350221481,0.2520996649864731,0.7469195467891953,1.0933804599628585,0.7742678892082125,1.3313884660221653,0.7041424460456264,0.5858192104269967,1.0812377047559287,0.40499349802381174,0.761289070074906,0.2901966993976667,0.37255941581418905,0.08625154728104498,0.7432495289738396,0.4503510341814657,0.22541073645400303,0.5122815261898443,0.3555782714951071,0.6486287200956846,0.7058356147231758,0.6957362564003035,1.0332416751757503,1.424100093938722,1.1548483527610873,0.6597916433369951,1.439742665040251,0.620967872999477,0.08167965093668875,1.3130181497047662,1.60803570462873,2.3694660691161435,1.8425270206914963,2.1568019135543697,1.9404671465642522,2.496225930026301,1.8049634877315939,1.4646372436049608,0.44261136640433824,1.7002999035687878,0.49423555375028244,0.9406395725821775,1.0165416933345754,0.9219541242032013,0.5907801664636012,15.600892710005605,1.123103925638088,0.8489267409106916,1.5061465794327873,1.814490039220978,1.5444137727915832,-0.27382209975059774,3.844508220524201,2.454336296847087,1.1223628199128732,2.152337601374516,2.5635380160797814,3.9267299734304446,2.0759310653663454,1.942234900409165,2.1617807590928733,2.703007985822776,1.9494259034589607,0.5244954968281577,3.579252821999933,3.7192118926063267,2.940109343689237,2.6784112882696083,2.53971198727799,4.402692075266977,0.13247400282305946,2.219849222134827,0.8032382681055208,6.4293527054586646,0.9623167370624807,0.6922933795687112,0.8984269909007586,0.6370330162170253,0.7532932706979102,0.8715481881864523,0.704414037868069,1.586630884809983,0.6416861056383484,1.734145693638371,0.7722978489731609,0.723667335021214,1.043233121998635,0.7563206312289357,0.184659428768681,0.39911575665080296,1.663280347726361,2.0598132639249997,0.7232385996112348,1.1885942242257752,1.1083275558541792,0.7113999382725347,1.284869824488888,1.861686258269453,1.0082179291549582,1.6095374787060226,1.4932841654364486,1.2539046076266291,0.541580843354126,1.0941899117310798,0.9356031207054865,0.8601339791646755,0.8223419401657723
8909,0.1799948990219578,0.14583322861599426,0.044720627212947124,0.3250948052846752,0.20000291801120768,0.299757800669776,0.2953285055928898,0.17106992227107579,0.6776821593967295,0.6182819093195512,0.4578197164931787,1.1263575029661623,0.8614147938525454,0.63111536898214,0.41066226111305276,0.8469009326121402,0.7653378257657625,0.8073107182571052,0.30726766999159927,0.6123922681144662,0.15655303318718222,0.6831324508498993,0.3642095122514095,0.6933871561138641,1.0668721899443336,0.3934083859328955,0.10063815419089481,0.6555163923484664,0.15978938201775347,0.6627570840715477,0.33139145669707754,0.17122445781402051,0.1072959530164931,0.6527305706718058,0.43809856035001793,0.5657435576059141,0.4939825798823164,0.28121778880609183,0.21421996940578128,0.3192010888282967,0.5014021059016048,0.5088050630914921,0.9433284460154784,0.7652996066166546,0.41387794527624616,0.8523545099208601,0.6622089610620281,-0.4800272358626822,1.760050635615607,1.298473069637046,0.7868433840026257,1.3465700790653636,1.577565839690264,4.312666215622542,0.38781788634962266,0.6689140444011108,2.4804518229645294,0.9197157204918976,0.8335654781907816,0.822149440453941,1.0845677509558662,1.2474467372681595,0.9753554777179344,1.1017293438730855,1.123103925638088,11.867473679734863,0.8433352808015504,1.9253299757874036,2.3186997548381734,1.1497092579644752,0.27120552094395567,2.8893518635981277,2.7926738565795985,0.9913148562222078,1.8471853274812216,1.541666975385692,5.86109777418995,1.8617636781366529,1.1586962829219116,1.4457067092706226,2.3222745617786806,1.2869198432628506,0.7144988617419415,1.2408926468337897,1.1495504986149143,4.7255235992041325,4.096604527622086,3.1949792774981463,3.600284912006648,1.6819135333795183,6.826209414798124,0.9809802485093674,1.638026301770578,1.924603627456033,0.8908119212228333,1.2016214515692132,0.573158086782755,0.8009209754830834,0.8018396246917476,0.5537950165107199,1.1265852404045862,1.287141708465484,1.3776764593225788,1.3180074683380067,0.3587133014888613,0.9371305416279769,0.8080958431684349,0.20311333258363792,0.5633398227802021,1.5598841508297427,0.7980936419164089,0.7635801940383689,0.42778352605220427,1.0118887814374355,-0.01439132740628382,1.1023030491719454,1.112426930967305,1.3174366914110385,0.9012679751088853,0.5586005418875467,0.6859810712152916,0.43688606281037257,0.5104756453739311,1.0184831465213824,0.7152606570018606,0.8565098291647407
8910,0.10643321134424168,0.0728344461152736,0.10214111932543073,0.11064590611954164,0.020002272047027012,0.24735846519604374,0.1610784188040784,0.046030720853829955,0.1625932285682031,0.4113668752212132,0.30169389040815836,0.15074953859061058,0.4804068029476719,0.4056256884529496,0.14285559810909026,-0.1323945772141149,0.6238814680409772,0.9458155385592538,-0.005879800352093874,0.20521699407422261,0.3381407208128911,0.3470936750003199,0.22383193225232623,0.5419772011668273,0.5760604066249767,0.5527815195249601,0.49450367344188306,0.26780558159536455,0.030889242042645322,0.5239537383951939,0.1735624822023653,0.19517499477758368,0.019310651908514345,0.37339005216378507,0.3256243773682675,0.3094420264647038,0.33747372475988874,0.23756002290361997,0.04348431306364309,0.3246186380550107,0.6592786358366701,0.12020892213017997,0.5201134879310106,0.3878965470527318,0.18637493353955994,0.4085118451754216,0.3060110514856532,-0.1404090589020818,1.0464294304222435,0.5845455210586864,0.9244461330780686,0.5990969583392476,1.5907472237711173,1.468159127757518,0.2637927238534074,0.33450987201326143,1.0634358846389353,0.727889382153351,1.1217832918801336,0.32758697224765615,0.4027302753258636,0.6513070084274154,0.23670492455688308,0.7857791453493767,0.8489267409106916,0.8433352808015504,18.52772241763454,0.6054832969811742,1.037596650886799,1.0169376656856692,-0.05572268586267812,1.9395186962728719,1.001092152662815,0.994866577964101,1.2291599664516433,1.2391757525662819,1.0955383662035538,1.274790061079624,0.7026688503601198,0.6067423569049994,1.1405604512989316,1.0533905337231089,0.304328834004734,1.5164989240666833,1.5010438968303228,5.272681136444557,0.5620072036910275,1.9141872848049437,2.102830495913024,0.6296650781718643,3.414825468568585,0.5736034272610093,2.6154238033213733,0.3905347685958235,0.7538115155693667,1.0620057602882897,0.28916187973533014,0.5688317363030808,0.499159944714387,0.44426123798538164,0.7604244574784345,0.5676840296555383,0.47054443506284155,0.8264743795243081,0.5665113042216047,0.4827176825547055,0.4122778582178903,0.20232950670794536,0.6645288338113672,0.9653234940153136,0.8254529794381009,0.3762234685816225,0.4611128842946881,1.120737045427299,-0.1428100773568679,0.42155384163790194,0.5455937501384289,0.3745068618773129,0.5444196996854379,0.44285090145752065,1.331436907167583,-0.0034915134990951813,0.3064719819220047,0.7142426652420768,0.47685688125427267,0.6802233836763678
8911,0.17337499383125257,0.1638249006406711,0.0750703362967964,0.04259034740098178,0.2985572437053486,0.4431908059958061,0.4088379532589279,0.12193441986607015,1.2912641181686328,0.7501432235900876,0.6283184083841974,2.098275674927636,1.0169751793348996,1.7981675414680345,1.1354509183289303,10.465200906267752,1.8285410400022692,1.6154923293399537,0.012334441659023613,2.1451836582630928,0.9159229981713396,0.9091825191628109,0.7037101461127467,1.4852659111080768,0.8962408555906146,2.5866351743706044,0.23588165967823146,1.3228995143125375,0.21225587506079743,1.2996471144064201,0.39607104754592715,0.3018817174715271,0.09658917573880231,0.8171919116326121,0.4330260627048175,0.5015064411180643,0.3434672892619908,0.7887632170711376,0.5281173018710205,1.8989146677848197,0.2519511629415282,1.2205825545058884,1.8106959883938811,1.3418340923849974,0.8385115422296214,0.8027371823092743,0.716213007324062,2.510583230123103,6.22776197212092,2.68996437702359,1.4421367938580532,1.9723901181326187,2.6814081412071267,5.001947481221644,2.2734895112234197,1.04396072652666,2.454424459964881,1.9996040649988953,2.573165729858918,0.8516654561960918,1.2051830054549981,1.0345373089799745,0.1544615603372538,2.601210655873622,1.5061465794327873,1.9253299757874036,0.6054832969811742,62.214374991448196,2.3801266857121464,3.529834395706293,0.4915616476140551,3.6838981047242862,0.8155369826444243,0.7642477813792964,1.9517618166613568,1.606857523001418,4.304673456479517,1.517199768414333,0.9115007237902564,4.4777638479953925,5.125973501285046,9.283898872584773,1.563538829566902,2.1825218917252953,0.688115955784141,4.23264938625268,44.838855399134744,0.09584215469206059,0.14794680028192303,2.2520863547708583,3.9660333861253725,0.7768157594076043,3.143433912296177,2.9042276572199337,0.32428195626661893,0.9793426802031857,1.2383407270712363,0.9546774244631412,1.6325954052382028,1.0016360419864816,1.6338230618032636,1.5392862214361225,3.1675024323193663,-0.12899309894555155,0.8944976792914302,0.8192561361515233,1.2541496701334414,1.1830334748439233,1.401996760060913,1.7953605292089552,0.8818488873425229,2.0903500272552127,1.021055801419771,2.009845174017595,0.6883958937918813,2.5506932786223633,2.7615010770369377,1.8408913962760944,1.1998445245245368,-0.06800794178156758,1.261146305293821,1.0090928524587606,1.6111733566579287,1.8057361991030967,1.3842626470586954,1.9132238689718473
8912,0.21212473435036752,0.002228799757682833,0.04302903594661595,0.17598754691538798,0.43707473928846763,0.6231845905160668,0.48728901332051866,0.21014639527086718,0.9913503291373487,0.8512628555911291,0.7779402276281334,1.6230873639391878,1.5974129725479667,1.2451682214508912,0.7480986735758652,3.0649077314062003,1.5878143414600083,1.8788756135155225,0.4557107819168075,1.63171887775582,0.329893889597389,1.2743187386705255,0.9017580670304816,1.2536075806745781,1.9853532015322557,1.332247214061503,0.23831820967843442,1.3350125077330213,0.1512422641778419,1.0464975550206936,0.725938557164077,0.3865290359613617,0.15678501936258085,1.3831809559028412,1.1672123964305756,0.5896137639047183,0.7262122014471641,0.3874853645572419,0.7881518065333737,0.9692825796659111,0.8234510224915904,1.5061253237176495,2.016491929981499,1.8289292410557447,0.8545823161780973,2.095278890497583,1.1737356192999155,0.9255137485312822,2.9974477075958346,3.3640213974306326,2.094504266496409,2.5841589812550216,5.027867604163836,4.25624733649033,1.746509809523493,1.4873767355764083,2.0260603581436674,0.8683390618368475,2.182416813315544,0.7452968083757774,1.8067430538710678,1.7804554568578148,0.7220572542411436,3.2715170349414837,1.814490039220978,2.3186997548381734,1.037596650886799,2.3801266857121464,20.725564007695727,2.238815065512616,-0.3639127693974958,6.373377002152724,3.396943849301525,1.8355316473994296,2.4759321512307975,3.2324212469735176,7.00390979060253,4.047519697876482,2.5564308733479377,3.3670532023065776,4.3449781323004055,3.980215793378635,2.6418388915548707,3.304731838057572,2.128057335179305,12.647979298708444,9.063004902149126,7.294356894842653,5.534988236572975,4.193290400489563,5.361559840557101,1.4209754022813368,8.266957824773998,4.020426306612496,1.4987054115546699,2.3398773899415186,1.444768803737449,1.2807115054061058,1.310596269221187,1.1028353330576735,1.3152519505149087,1.8085113038842453,2.694524112497434,1.3550545772397917,1.2142386880265625,1.3557069092190148,1.147735653383852,0.9655596612676055,1.8365557162487811,2.178697887594053,1.715750796269831,1.4816234657836347,1.2367450035398777,2.0751689947434686,1.0766149080758844,2.5845298119474585,2.6369499862230876,1.6068952545881379,2.0237800586854355,0.7342202533102868,1.7512916386207344,0.6403408742789986,1.7628650577250122,1.6608481573661724,0.8418604807609021,1.4721090553589573
8913,0.2863383976306731,0.12145125812657771,0.12297012423920985,0.10070627811243844,0.22078269885831547,0.6204567580639594,0.8393170416675794,0.23233053570392312,1.1858967276060766,0.5770847145336198,0.8354168504237991,1.4289008477556495,1.7803488583779414,1.4612396495407172,0.9434694927525993,4.139719311046008,2.036417798960833,2.3789812697392927,0.3369564079171224,2.271141237508046,0.7706325056005546,0.9999483679397398,0.9387340884514223,1.190245351711972,2.271976769618839,1.7505653539068744,0.29593832264022013,1.2567782857381817,0.5287828575398017,1.3749085366313234,0.6504629521990728,0.3793781132864137,0.24099270244439977,2.115309379158161,0.8910704110739834,0.39801496336946013,0.9466051992077513,0.4699825392435023,0.5347139690092612,1.2197627035979057,0.741513524042822,1.3147957221113409,1.9260448805306922,1.6866742512405297,1.3914543843851308,1.8488566462078728,1.0839676797845916,2.07873809946213,2.076647674828185,3.559330585045679,2.2598116057553215,2.617731441473929,3.6784346446932488,2.613422712297749,2.442043747500554,1.1615894398282,1.6505746285673164,0.7792874570090459,2.9071092810804857,0.6269428777075156,1.5962596309952986,1.5845363157705363,0.6830429484050697,2.1359729229261717,1.5444137727915832,1.1497092579644752,1.0169376656856692,3.529834395706293,2.238815065512616,21.48184761344165,0.07089122098325845,6.45352764812277,2.3354768099358125,1.5741147285998902,2.0748833601005194,2.916996457066106,3.5010881715645406,3.3383985027824346,2.2808557419237885,4.997803557937598,4.914804361814157,2.037429339009903,3.756272911239898,3.6542031823408854,1.4154417310356615,9.516055249329394,6.57812118359542,5.9362500283216395,3.5912364932099834,2.676915429705206,2.373820138164341,1.0237398476452744,5.627049474958776,2.8279388378577934,1.2732907281752859,1.779453221265319,1.2769862911956456,1.3698101782372916,1.2546192639600444,1.3180688160419014,1.8120815137580573,1.7531520883232277,2.3316202534779675,1.1502589673935213,1.420023907006973,0.99540490117265,1.3682167166212875,0.9154877368664248,2.1936266029918556,2.0808641912997308,1.5917007183490486,1.4323257306126498,1.033260785126045,2.5339356556960375,1.899095842383601,2.629203095808204,3.1317393267658895,0.9571690747570036,1.9034165207865135,0.48726803621878867,1.6922585995113646,1.0268653590163888,1.951677723219593,1.894045626833578,1.2596705276485545,1.6764221123249778
8914,-0.09278048251414306,-0.07588252335117789,-0.0639245802241509,-0.16111833324388786,0.13311694088792575,0.0605242064331138,0.056686403718793736,-0.011621141135737712,0.7019207486736628,0.14404775875409584,0.10114064375284705,0.536941905438682,0.18510693829286723,0.6106174758208637,0.7166680798988432,4.280977393858078,0.8015029032172131,0.6444661396797958,0.35182566223781275,0.9635386762572421,1.0229097853969193,0.4002503567541989,0.7723778595844998,1.2023502755724846,-0.008724952792414968,3.941327069301316,-0.2433279542797942,0.45752818557713865,0.09973476605060956,0.35553404560503604,0.15965668574878497,0.0038109995016565217,-0.03304668938485573,0.32584244303352355,0.0986478002599719,0.009826517761324812,-0.02530724441505065,0.06380686325503471,0.34668682295211306,0.19111928176117066,0.03236152728531871,0.6270016695044135,0.30256176480077224,0.630823565102334,0.7246134108432282,0.5398285320817381,0.2323451032252783,2.1627904170099317,-0.2776697252816549,0.43805540726742864,0.38550029097448296,0.639688318230048,5.997353476331594,-0.22933529375726125,1.312123524527512,0.5176667995778896,-0.05259394386267596,-0.1728930599514308,1.393211508721648,0.16743250337329155,3.2414430331801203,0.11632945212510586,-0.25238007971905785,1.0385388261215032,-0.27382209975059774,0.27120552094395567,-0.05572268586267812,0.4915616476140551,-0.3639127693974958,0.07089122098325845,49.26437791977594,0.7318395182154487,-1.057018890734343,0.3440001143256329,-0.2682721933193815,0.911935604563809,-1.218379173127175,0.7326299050742274,0.4790160994053396,0.13995693908198914,3.432392499391062,-0.15492836562116646,2.649101140299739,0.10108741424625925,-0.3758226816769068,0.11975335616356024,4.557063092990449,-0.8412600736902394,-0.9416515504451207,0.7090068903576137,-0.14396479816596308,0.008601181454885103,-0.18061618456682993,0.025621042226760392,-0.05009815595482711,0.22909322997955436,0.15508682580749011,-0.09903937049424205,0.7854759025001081,0.05995041866608432,0.17546872199014982,-0.10689433133029784,0.49131107546211666,-0.3330333724446513,0.4266075554591377,0.3920808184849334,0.06912311615064264,0.6942980422504811,0.7932528393810417,0.7742056507830695,1.3541990119179632,0.3286639046797565,0.05263624747457639,0.940718442730032,1.4940560397918363,1.3920963910858175,1.1049099518387804,0.08924577249432666,0.2913662413224358,0.5494335635898592,0.7240004177664684,0.5318678584094307,0.33539655995040085,0.2191841839774326,0.9272434154415383,1.6037492964318594
8916,0.5624902507561113,0.2197659048279054,0.10499079351044398,0.5305076729428996,1.2070437073601312,1.766775840912317,1.667655267913031,0.46190397229255004,3.7302494390679595,1.4576585102018371,1.573950728954009,4.446750565534124,2.118893175987018,2.7352223401092624,1.8358925441181302,9.479801602245274,6.783188570678478,5.721687954078477,1.3069826620041411,4.600553632430542,0.6740625108000821,1.8089995932820249,1.328525165069695,2.60930800449464,4.904252583099822,1.4719395452348478,0.3259395877789395,3.045979129678871,1.369529363795364,3.0341464168613945,1.2900606465698687,0.781866000259321,0.2963447156385015,4.331222941747883,3.028827537168617,0.9887714189335531,1.5190772125380312,0.7102644875995108,1.282079281489809,1.412497260405399,1.5688028533619114,3.078174610890792,4.15554516074731,4.445168240056863,0.8314732583781496,3.396688341928525,1.9443311789928808,-0.8577028984589228,7.475718633147441,5.350512086388061,1.7837720425060106,6.701042525268783,4.14371556130524,6.85176247101157,8.260882406908264,4.980770605080267,2.8972656504314194,0.9234051356757738,11.04161904891076,0.6758881329272467,6.040124290899142,3.531457203272507,4.217229049069879,8.019050577898406,3.844508220524201,2.8893518635981277,1.9395186962728719,3.6838981047242862,6.373377002152724,6.45352764812277,0.7318395182154487,162.33358458378538,0.22607001113201078,2.33844682827862,6.356665799249791,7.545183137045376,6.360069754625973,6.683585267823665,4.1952979022461605,6.874267884216671,4.759781993397962,4.577583296755969,4.345719714214285,7.5576509284300055,0.6772888130226129,20.783792752713264,19.241734448319374,-1.1937962787611034,11.516860772199509,6.954115448567204,8.099651977301669,3.24856932732796,20.993038015914177,6.577163114143749,4.941374573169583,5.128973746051756,3.3099815224382874,4.031727936632184,2.0961974790820457,3.2771083600547457,3.538473550301826,2.421017343601495,4.719215054563927,0.8433890404995548,3.1113191787043677,2.5469457825264996,2.528069032867355,1.2503237252122734,1.9361604664223575,3.937863036887024,2.4344172545835674,3.722573831185895,2.9684792840345238,3.7412995282174997,2.4597356392303866,5.9110593786810455,5.223321520631907,1.8541572595580893,4.514784973230753,-0.5157293178443398,2.2579743558523346,1.9053354136118945,2.9275051439394453,3.174690353694929,2.482914924398119,2.9947354644908133
8955,0.13158973156349563,-0.09393712098506225,-0.0304714813765841,-0.1683999579721021,-0.7185523285180865,-0.19661976859101546,0.3159904142846814,0.42489125958713275,-1.0119392416280975,1.0091414815740871,1.1502971709857328,0.4082559789404881,0.6608846681246576,0.8901240168404178,0.7318866081686481,-2.9277234749091146,1.6271488014507238,-0.5383068970484557,-0.36086777288241695,4.409704065629095,0.5057418370159877,-0.17943853282643737,0.20319606580860908,1.4781217788930172,0.3997455401131592,1.9706932708586637,2.0319410284158694,0.4951200670715621,-0.07641227349248501,2.0513582955898375,0.8574823197989774,0.22411728074809417,-0.030199975080224543,-0.40176775329455466,0.7297141936323658,0.5353495267693923,0.9002702300684764,0.6796482187195121,-0.021716202021053864,0.6198901930090477,0.12513762319014432,0.11338975478005965,1.3314610207697675,1.2834861408490414,0.9958282068021505,2.745944918325795,1.4295188354774513,-1.2346610549563597,-0.3213162348582945,0.4639255945616268,-0.12802949980427858,2.6132643604517116,5.311052520103236,0.7238702035279,-0.8594211107127583,-0.4660020666927924,-0.8487421281286396,1.3148366221225238,0.6416645205894048,1.426711651614229,0.9242343147933844,1.8185587534319345,6.556755645316973,-0.24079161467997368,2.454336296847087,2.7926738565795985,1.001092152662815,0.8155369826444243,3.396943849301525,2.3354768099358125,-1.057018890734343,0.22607001113201078,238.13206376051417,18.016794650112644,5.374813873916356,2.6459916068148646,22.307627276878097,8.265338255728619,3.4089763013606866,2.8315911188887504,1.1011945019264866,1.2504450096708057,-0.5823000501604146,0.5010512152260514,4.223450024493849,2.9942852427854145,-6.1297883290636,132.78179941977743,10.41190674551334,10.786914668207862,2.1043847270054123,1.6916425110802338,-2.644370541659828,0.05786929554945822,1.2678801141312317,0.5548513761455985,0.18695974461358442,1.324002011649932,0.2867317387538038,1.0386297570560952,0.6796528049450651,1.08587223550526,0.23887913397338595,3.47966980866059,0.8273389120248987,3.413286443403939,1.116306626018229,-0.319411102039962,0.43212314376295685,2.080142595675165,4.569664286452208,-0.42134230161326447,0.3403222109568577,2.4275517259986317,-0.017166292785608935,-0.46843685851065264,2.4035566481921826,2.5618033210651148,2.484874564380265,4.661610213266475,2.8239962580481084,0.03195871841853302,1.5734938340515057,1.7269334945229438,0.9596757676935289,1.714347236049821
8956,0.1796185907357299,0.09544140758820686,-0.04823120846815185,-0.05757815976873252,-0.17751713695297583,0.13709444880774338,0.29914794087971647,0.18289230121279298,0.6766885942935572,0.9128576687336115,0.7456022951339069,1.213141328040449,0.578893983721249,1.0463175883789793,0.8301743548500328,0.8148014574315302,2.1485318357488126,0.2193104879177222,0.2728081642751396,0.9203816115059242,0.2829624785693995,0.8394023020483241,0.7359439897537389,1.0143457981186332,1.5418084179342206,0.3120813949935266,1.2308079682625956,1.0167635498925194,0.19102049088207881,0.8455679177599523,0.6575546056741438,0.30852074255827605,-0.007395011120225489,1.361616131947131,0.239517298256145,0.30749017273123885,0.5277675453679885,0.4958230606076136,0.008262315452482948,0.38633495247718047,0.18295808063380847,0.6265249837119858,1.6223580975528071,1.1059564880971877,0.5714474036289986,1.7575942278633048,0.1769265273286883,-1.418138930392329,0.22569130214965147,1.3817846984413267,1.3090293687428254,2.5082201120742154,2.225520138688948,1.4442470971402512,2.153276608643959,0.9442677190792271,-0.04509582516721941,0.5897760309307034,3.444100782329478,0.773151060213715,1.260426138977957,1.5933443331660169,4.843028256201058,0.21148599750575853,1.1223628199128732,0.9913148562222078,0.994866577964101,0.7642477813792964,1.8355316473994296,1.5741147285998902,0.3440001143256329,2.33844682827862,18.016794650112644,69.69447222483686,3.5439008731782375,3.9878034059659018,12.854947436718147,3.214588882685876,2.276438091897527,3.538409445879288,1.9809650045159464,2.1124446599695403,1.285679762765233,2.6892052548704193,1.6216584160775032,3.6043833944159154,-1.272945437736923,14.390492871586558,4.537445670674563,6.1568595034574765,1.3807606754013775,0.7812667721624367,2.148605280456555,1.0140162472623597,0.8860704513739935,1.4796770125743897,0.8215540418410751,0.9136451314742602,0.26522016101360696,0.8088984758217108,1.355570978604481,0.2350663605607,0.820250941317859,1.207011532093603,0.6383410681219578,1.798218366281249,1.0753641898960842,0.5096329426424172,0.8785474467205243,2.2945640616771827,2.7664971727702383,0.6563493719468901,0.760811070604447,1.8300200546194183,0.2399673089472897,0.8111972000081068,2.725713197207816,1.577016635783145,0.9767073175847107,2.6739374541727967,3.062921374227775,0.4867085166224151,0.7958261338484369,1.6129684389212426,0.8945417038426844,1.385390341852068
8957,0.27123112096456026,0.04557722241141782,0.13938004223105635,0.32161464198077605,0.09348632995284753,0.745228052546515,0.3424202542597562,0.2113981978289661,0.915159802609645,0.9321348940090959,0.8106332882167878,1.3828202717604485,1.5035131156227568,1.3037091187176997,0.5681660782153531,1.3624126589457863,1.5476209027450836,0.5714169764897248,1.589638059026653,1.5213819856848894,0.5019495302066539,0.5227560918949179,1.0953195733388394,2.167346422595158,1.9110060840805942,1.2379962739376087,0.6644709742677609,1.1458188198359645,0.3052450545557629,1.1869255425266985,0.5861437385854932,0.4501394641819072,0.17127036766549103,1.6646370773379564,0.8558887072033273,0.9025190372514025,1.015403563679428,0.4467701413874132,0.650125392299304,1.0797079863231243,0.6865092855089554,1.0573264636755528,2.124549734349184,1.6452683155531076,1.413027435863351,2.090583741868583,1.6590135558336208,-0.6412191194507626,1.5026378103199622,0.9088136051474444,1.7696602826530912,3.289050037468507,2.2093008497280744,1.722933609303098,1.7547346696714927,1.864997240229146,1.3247845522557324,0.8326559063097873,2.3255029252621258,0.817870618677137,1.1021760501678624,2.3181713498053296,2.497051801247446,0.5865246927886223,2.152337601374516,1.8471853274812216,1.2291599664516433,1.9517618166613568,2.4759321512307975,2.0748833601005194,-0.2682721933193815,6.356665799249791,5.374813873916356,3.5439008731782375,33.503066167982716,3.955272634188474,9.24179569592364,6.549325365416114,2.8053508924430033,2.6940017142089165,4.249769989904397,3.14312318795752,1.385544305326179,5.374555708331822,2.935979536203404,7.9603470768324645,2.038117986734467,8.202061387064521,21.834758901885635,3.0939706276122796,3.894922534077559,2.8978341624165824,9.184283621147605,2.4617130634154454,1.6648615423315456,3.1036275909283195,0.9834575937598282,1.2937308333729483,1.2779794794936639,1.0795772947677293,1.2798338202100155,0.7651431276953418,1.4598020280132433,2.3737651719794783,1.4795148575935526,2.0379890584542206,1.2388878566781236,0.4784588248029857,0.6145593343063872,3.2566827605711524,3.140042266145415,0.6486658396352238,0.8510697413591893,2.5052876194084788,0.3756581670379097,1.043705239052913,2.537629268365939,1.354172670610949,1.6970477514292548,0.9678564374389647,2.2945714028705244,0.03810937078066331,0.9973213536396803,1.850259076939387,1.1271202460685823,1.7245843416383608
8958,0.6563506950025246,-0.03166901257968342,0.19133807465982208,0.1772469342178485,0.44388761715395236,1.3415564352933331,0.7187526124222033,0.30688130705492606,2.922208985273914,0.9078208774793127,1.3922773074556956,3.2413722297786056,2.187526557476851,2.1926243347934693,1.2586540724841926,3.85655126534555,4.896640781530945,2.1772140820877635,0.2824608175309816,4.076902326927181,0.7028446345995936,1.9451178014743973,1.202703128180176,2.2185469613847606,3.7015848519649475,1.6588308695220497,0.5963039698072597,1.9755914513660842,0.8521058763390315,1.3932590725448242,0.7021630684093205,0.7330055464814316,0.36474601206151525,5.6946435062119445,1.6468728997627686,0.8343757194889411,0.6126194059915487,0.45463854205345394,1.1867874213014,1.603439494569049,0.7637404208468278,2.313020282620853,2.933305136452441,2.666427600126786,3.031031200037035,4.49591267162176,1.0660375549642978,1.2848725857631738,2.2154162952741223,3.776044042946902,2.98173594026265,5.042343462626445,3.9659424249228294,4.532000957092631,4.133419096695708,3.8135124111289627,2.577536046753317,0.6519117753177979,4.932287055131797,0.5835165655988672,2.779423945999651,1.8188231919417364,1.4279373410530596,1.592824397596166,2.5635380160797814,1.541666975385692,1.2391757525662819,1.606857523001418,3.2324212469735176,2.916996457066106,0.911935604563809,7.545183137045376,2.6459916068148646,3.9878034059659018,3.955272634188474,47.00877957651658,7.035535052207229,7.326345944342882,4.664647731338276,7.1905997919102775,6.189804046305772,4.183276899670373,5.146863169104007,8.84307305414187,1.6088832830714812,6.788319374973888,2.9845771858984436,3.49663241131659,14.839603584581251,8.573030340866602,2.76895471595049,0.8088388710154241,7.4012443467713736,2.0938405175405355,1.9784873397837668,5.241220857970416,1.9430163596117793,1.9882811647266732,1.7295740743181258,1.69941027674656,1.5155685515682977,2.2876718838602432,3.6588383313581305,0.5903098141740046,2.051356361598407,2.832434245025715,2.4287927587095943,1.9069795952781528,2.2382998934520386,4.645935758565841,2.83192238403244,2.292355057813278,2.2557652121610716,3.5615969941525845,2.921284847040406,3.188855825520433,5.416210109473911,1.5111864219294913,3.618572599102569,0.9281706411036371,2.000069566501789,1.2370412550644831,2.3503886164723005,2.4547537797997077,2.2601113346088226,3.231193548016517
8959,-0.03325122086041365,0.027127487996112,0.6052780950182924,-0.03454342353236736,-0.3125762929463768,0.6664678234677925,0.40955839936803745,0.7554391905843396,3.1345926984242976,1.323846752295534,1.8568935516935525,3.0875253670308154,1.3207075883944497,0.9147653532404542,0.5559048757481636,-0.4182715246403527,2.547865137863483,-0.09009979368221595,-0.31269475948251824,1.4340049016444232,0.21228652310737958,0.41875976495517747,0.8331653300508647,1.5730154986352833,2.7368086653445642,1.4821560068244795,0.6611405207166599,1.1607255411284958,-0.08576628606955335,0.8029809898559959,0.4465802194247568,0.7169856800720444,0.11542837440321423,0.36349029858173404,-0.09690515916603602,1.8217817543857546,0.38350509192684246,0.1572971046031385,-0.09870115543284964,0.08049077315729673,0.4713125106341165,1.0145091100416184,4.385134045124161,1.759704673032202,1.3263976421396797,1.5454460704852317,1.8180036291498638,-1.908638997247365,-0.9286912178978363,11.89778892783883,3.4010375950901572,2.9283019905105103,2.604948476931909,7.028550204314474,1.0583225720547615,2.7969064653734788,-0.38921393460846754,2.671991974274894,-0.24419094515594844,2.35865695138019,1.1333105186370676,4.176624184673119,5.584138270832909,3.347374571035842,3.9267299734304446,5.86109777418995,1.0955383662035538,4.304673456479517,7.00390979060253,3.5010881715645406,-1.218379173127175,6.360069754625973,22.307627276878097,12.854947436718147,9.24179569592364,7.035535052207229,308.8846336747494,12.460962344322903,3.4011534756918467,21.058465695815123,9.940738319647545,4.005554512901643,1.238057650870663,9.98415102844627,7.139088267900486,19.8477735393894,-3.3281592656246546,24.715378142324607,18.85413021175,6.51552398397964,21.872309286605425,1.8983005364349201,4.6861413010313875,8.6559043122765,2.4156271782814254,1.4124601948994373,1.0297096704716748,2.490049070922125,2.523431229820887,1.291386058468947,2.9549374813315743,0.6666008926104132,1.8966309665386447,2.033809522076324,0.8334501371902197,4.235123442759186,1.6274719565474587,-0.14013229296134383,1.7211458264965178,5.703760391670093,9.314995730947311,1.3456358810116251,1.3598352554554933,5.465368947491245,-0.07432615139677702,2.1698536879262695,6.383627263664618,3.1257031147843857,1.9497061991340416,2.7297139891889297,4.051654710868293,0.04359375507331278,1.029787479775303,2.9106061889684494,2.458000180914246,3.732384339748719
8960,0.47439633087565064,0.22411144225389193,0.17981077674248666,0.14184283685818744,0.5992323036203665,1.353197983849202,0.7147818451272626,0.3684944228107766,1.712019876484292,1.1713472866429633,1.5838653039164785,1.7732151432581305,2.5678113803804936,2.311988632637301,1.0069489110288294,5.512114157989581,3.6422785227335566,2.197697950337278,0.9625848470916284,2.9383707922960256,0.9552251538763888,1.5357596179362536,1.7538558086241942,3.951825672598972,4.076482122557294,2.9028525164734846,0.6017434398887216,2.223379492799083,0.4680040219093605,1.4626129652953814,0.8464659803398593,0.7752663191138005,0.3887326455098096,2.722356039127566,1.3237702122039856,1.0976926211728824,1.509698071472936,0.37219914700886375,1.2925815601452724,1.8806973918167087,1.256761317732056,2.2423972170211948,2.754067622867844,2.056817734707962,2.433918396311481,3.1535129787704888,2.641897448960455,2.845251475107086,1.326524360418097,4.071748581494561,3.5934970362944143,5.327974458905229,6.502656998835167,2.0814063317931533,2.2921056653349705,3.083210990377063,1.6779161042804538,0.8441906082774966,4.533734394849478,0.7126417562483562,2.967067467663798,2.2698309235195144,1.047811113728009,1.185092480597226,2.0759310653663454,1.8617636781366529,1.274790061079624,1.517199768414333,4.047519697876482,3.3383985027824346,0.7326299050742274,6.683585267823665,8.265338255728619,3.214588882685876,6.549325365416114,7.326345944342882,12.460962344322903,52.426551677731155,4.081544662421891,9.569067248020863,6.785948998886432,3.523391918910822,2.980594285674094,8.428627214504836,3.6389400012461337,9.969882335800735,0.6538478824689252,12.460601462271557,20.225348656168233,3.8394527541455954,2.3283117282509083,1.419122801748059,9.949058066108485,3.1683258738207547,2.081648178555966,3.3903702037690207,1.6408996589731093,1.8141654703917458,1.7373048157914368,1.8672703858049926,2.5258084348173035,2.858046838648353,3.296343995002658,2.8577426360440814,3.700519805152342,2.5196018199586008,1.4933759071990615,1.853409456848935,2.058599847748062,4.663595075004616,5.902908433029647,1.649102303897237,1.6623380025604333,4.121712061106646,1.826441803065283,3.3240889898954036,4.927597034125558,1.4689430778782246,3.8096836179924556,1.8304523999085467,4.836629624185435,1.0702482292996018,1.783324350069942,2.3084259910137,1.9498471261228942,2.920197720050761
8962,0.2984387200972527,0.10322841396029973,0.05874100169690884,0.1696937170565266,0.5746846449701543,0.6482184343622349,0.4042127916827658,0.25818022876007113,1.1765166153984534,0.6822407826911558,0.716216517895601,1.7505679963385203,1.5683406967452638,1.2471201117496755,0.7775894507957666,2.6763639293947183,2.0371877578988533,1.137224021635822,0.982316648439654,2.0946941327047566,0.5188333208780697,1.3297132635167521,0.8018124006468541,1.2806319239428863,2.3054919993383853,1.3263941733224762,0.3679797593118997,1.3263993923555755,0.42541534531501085,0.8785341942900694,0.40105035289248675,0.3931462224392999,0.1654522002997668,2.143343214075263,0.8650301269242638,0.2996117353203663,0.683049334592432,0.2852986299198748,0.3429218186700486,0.9294516560705556,0.5859171913444753,1.333285047261055,1.647003215951035,1.6535365361040235,1.2801350993041833,1.952297785072379,1.0465768110698193,0.4842823976487842,1.92643112770925,2.6433313956213076,1.8981718046566078,2.96266458373402,2.0478156976966257,3.1945215935469764,2.0232533457460775,2.9992277828825578,1.9936464267907756,0.3912376527297637,2.3234529822552283,0.5300275274164344,1.7136997046105313,1.4023393344255786,1.2867614033620058,0.65216234402044,1.942234900409165,1.1586962829219116,0.7026688503601198,0.9115007237902564,2.5564308733479377,2.2808557419237885,0.4790160994053396,4.1952979022461605,3.4089763013606866,2.276438091897527,2.8053508924430033,4.664647731338276,3.4011534756918467,4.081544662421891,21.529257800404757,3.413308416366549,3.999992145157168,2.6760787576076828,2.5238761393681775,3.4909248772235797,1.40633922356309,5.4686899591264,2.4751362408851345,7.0568269899865,6.934770774254895,3.0916265838626,2.02713162382889,1.0547674741834554,5.147353433348244,1.7430178293432186,1.079156216858899,1.7435526323317792,1.1953086746896966,1.1798185475855678,0.9295197844851791,1.065825942259516,1.15707404429743,1.0738378106535431,2.3756005577118597,2.0762273131474425,1.6022106326256236,1.8718429689524934,1.21485280953065,1.2373032616000206,1.5718007962638911,2.643216470102039,2.169012751947936,1.2067011869291075,1.4476264131148004,2.4146315551384876,1.5563254982470456,2.877504383293718,3.3580563851602725,1.52579890262496,2.5641373739962106,1.7635169249762601,1.1514426695370485,0.7642344176945332,1.3529323894503362,1.4784322090055064,1.4840678192615966,1.788867624207946
8963,0.5953210088741746,-0.18414374713792278,0.22067020193746462,0.7360703805203002,0.6955393184147963,0.8911694308145438,1.3346415281074966,0.3510020423012508,7.869640284787671,0.567194382588961,1.611465668916345,3.199663200217779,2.548699389176216,2.903606809656384,1.984068011654422,10.007055665693699,3.925518976043227,2.970266930732909,0.1416506440277862,5.266530198011283,2.814566369444487,4.359349810975076,1.0596460507659207,1.4880838041823694,3.335978197887411,7.343954225461204,0.9264739580961019,1.48060689298218,1.0919859067946784,1.9443526460275127,0.34133633631616256,1.0356275635041359,0.7472134630366588,1.523846604940727,1.2952516613494531,0.7175549962844193,1.1841093061475094,0.20717039071907117,0.731568301201676,5.547256557461017,0.5367419437535341,3.238726574564171,4.429655282316975,2.0646598749561855,7.234524293955294,3.044593018521226,0.936338849817977,-1.4377742528848803,3.79048100474091,11.144390598756658,4.943773537853407,5.556153947854387,19.186249233975147,2.700010118763372,5.431253025340292,7.027381730015349,0.5839126936384774,0.8074172823798554,2.2552732951579273,0.4749472474185718,1.2285315907975158,2.9004767632038586,0.5549484138093271,2.9261517168251028,2.1617807590928733,1.4457067092706226,0.6067423569049994,4.4777638479953925,3.3670532023065776,4.997803557937598,0.13995693908198914,6.874267884216671,2.8315911188887504,3.538409445879288,2.6940017142089165,7.1905997919102775,21.058465695815123,9.569067248020863,3.413308416366549,283.32960109714793,11.52130053894699,1.8710009101105,6.830866239604649,13.764643668802787,3.8790843109065967,12.483219247648641,9.35428217754494,5.43474616418908,2.4720069643642764,1.8836715177657852,3.1394790340153613,1.6665880061255205,8.352119940591582,3.16942433175413,2.2825302740078692,0.8167928280251022,2.393139239489249,3.792844822326233,1.5736546171142045,1.8228445177170682,1.1968849879779644,-0.1858845103725219,6.191867678542696,-0.1472591343717183,2.8962374868000387,2.653582897215331,2.031973233915423,2.851105464475147,5.167962701180786,4.595179120440049,3.8005057587590074,3.7928110706029527,3.1106103224564774,5.988668913591913,6.320022223970529,6.582911446498611,9.48289466166352,1.3082484413332898,4.438744247660206,-0.07902558273570556,4.557646115105249,2.8720237615661213,3.7756517575910356,4.634385512799074,2.3378702372519253,2.444310355728667
8964,0.4614197995670374,-0.035008886612905875,-0.044469381919710976,0.33575558255529375,0.5999777236317803,2.0023600079571127,0.6177951004402223,0.3249350689045186,2.4502966760369507,0.8116591110226155,1.552225902246758,2.197552990951656,3.127927365719475,2.4807304550638642,1.6674601201218036,7.442574263280293,3.0063249366645075,2.248062703865806,-0.30158832245443457,2.137568971478716,0.3200331853039607,1.058280321014174,3.432666058189486,2.052573728241168,3.242745760327166,1.397665852518039,0.515157997349415,1.3598574092767606,0.2470644735603648,1.3755272186054794,0.7611261942976459,0.5177718851510785,0.61846413053105,2.0620850549882,0.7509648277123591,0.8625405599219429,0.5961410843488738,1.6743730102433094,0.3280437839083679,8.564785087882216,0.32635841708926266,2.6851958685857333,2.8188423870551693,4.254970349396777,3.8963193321528364,2.0675960134451183,0.6865150621650485,0.7559789553572955,2.0251024788204655,11.282007839712627,8.560747377423027,5.343656583079237,10.15769890158101,6.376104844324703,4.121513800407146,4.55911908501529,6.3190010979958045,2.0918770598641734,1.6056732676537389,1.3996929373608618,2.0205597229573846,2.604659752580212,-0.23414667144358076,2.880270886856633,2.703007985822776,2.3222745617786806,1.1405604512989316,5.125973501285046,4.3449781323004055,4.914804361814157,3.432392499391062,4.759781993397962,1.1011945019264866,1.9809650045159464,4.249769989904397,6.189804046305772,9.940738319647545,6.785948998886432,3.999992145157168,11.52130053894699,136.56945606472482,6.31895496129808,2.0421355469513784,5.297784138106849,2.0502543676625598,6.875692917782692,8.019629064384434,1.9996925082809776,7.3777697150840185,5.391974555657607,2.8350979171570794,-0.05784985077234497,4.4729210731069,1.611547448833944,0.5175030802049485,1.5762712822525407,1.6901244295855118,1.4938644513092967,1.6605201288987244,1.7790879191512983,2.33487518007625,1.7631269757995316,3.294166833064496,-0.5490623771942513,1.060354198385375,2.0605248114504833,1.5390536315740333,0.7589576049586917,1.9456008147106223,4.7946301459504355,3.4293665752454214,2.9265914280261254,2.2170872746161607,2.8852877764242764,0.6393640363033464,4.270859999138109,6.012328754736876,0.9001104396949751,1.9849975541542455,1.001736500321888,2.1522773853866375,1.1558307998925843,1.775363493024385,2.502027644455196,1.97665489077883,4.205062884993105
9000,0.38485450290199286,-0.022912105810693095,0.07030976525943113,0.1586369634943265,0.269737497666425,0.7232940128609823,0.4932625086867706,0.39502548188262504,0.6458661595679245,0.7733911778768213,1.010061744666622,2.0700924373991714,1.8379343180991046,1.9352966741521016,0.8401722886282703,13.790483690695273,3.9899269199169023,2.1283616112157495,-0.13693468425984107,3.046546832660893,0.5772082747320907,0.9670112956425476,0.8437238088566967,1.545934362819047,1.8425267677098596,2.047599820343942,0.45523708009204883,1.474898981143277,1.0743506097402,1.5465477656060551,0.46070905604067053,0.33687977394615704,0.094476108185064,1.4972947262013943,2.4961815986051934,0.23786952421247995,0.9543557041910105,0.5586858877362416,0.5980629129204291,2.948565174531308,0.8346372736895059,1.4226989195178943,2.5995931927540634,2.4805703749404726,1.4224944119141805,1.9981729073536718,0.8803990330426543,3.6084574611849356,7.275483144327921,2.9384545523050254,2.5090527194336127,3.382557455026483,6.20245990185943,5.2048466453410605,6.064316295275695,2.655646847935393,4.727332498003391,2.0159071602805003,0.9810946634365638,0.5776734712788141,1.0646360120896246,1.5414352065316608,0.48575747406964914,2.8946256174233276,1.9494259034589607,1.2869198432628506,1.0533905337231089,9.283898872584773,3.980215793378635,2.037429339009903,-0.15492836562116646,4.577583296755969,1.2504450096708057,2.1124446599695403,3.14312318795752,4.183276899670373,4.005554512901643,3.523391918910822,2.6760787576076828,1.8710009101105,6.31895496129808,85.27174532422748,3.155226801766208,4.9125436745620386,1.266979458373234,11.908470678916233,18.758414728460313,1.0176926567028148,5.510880857149178,6.708332418109736,4.302348180966454,0.3580315847894732,9.368521761019144,3.0633579451541326,1.2780005919742294,3.3565979378395814,1.9595662276415096,1.1394870106959387,1.5621568372001116,1.3956032470207946,1.0321953855504922,1.8817613126904151,3.241682967540557,0.6218234235101265,1.2313776479154575,1.6401376834485732,2.1739397021519187,0.6028122466879912,1.041610978964858,3.468163055361798,1.0810908281702187,2.705409593893122,2.0802197240131743,2.464731457471147,0.9687380539056422,2.8293932936281183,3.423621285911913,1.6972248629554618,1.9116027055608902,0.014550300891967455,1.2231827965257762,2.0506801844823266,2.243168203592051,1.646180539240322,1.6794823761234863,2.36436954037306
9001,0.543541865472254,-0.11838926749166938,0.2455206122326911,0.011017924672198122,0.31085887547908947,0.9822629558682272,1.0174361205485043,0.47886073348417135,2.066043900051286,0.5772009943052849,0.6782025507047906,2.408997246971365,1.4543299476057552,1.4257190394809025,1.0046936588825401,7.176994907424085,3.635275351912388,2.560073337257368,0.35486305170370974,3.1100385652677103,0.7786495457589283,2.6577828566979194,0.6442027778476711,1.0680925884080774,1.9179564977568924,2.350490964199108,0.02827202880155526,1.260451056738967,0.6993220075639138,1.1618174340990268,0.15817776335216627,0.5734827132012584,0.35401564663660984,2.023947755158602,2.2535140281948167,0.6441727321884306,1.0047726467790803,0.29180869750128996,0.7902250054906329,1.243016409076179,1.035538821227185,1.453012947398862,2.115066031491233,1.994461767345919,1.4394821318713673,2.023616883448989,0.7241836026129144,2.521654980046491,13.113976571158464,2.7040942638537477,1.8230526430511427,2.0456428024218796,4.49655286545064,3.0047833686170633,3.8562759188044904,2.8578265702716688,2.204398031664848,0.4531819847891426,0.0682953756737537,0.5764990211935831,1.654567968475848,1.32338314071555,-0.06981881705147948,8.106865248143121,0.5244954968281577,0.7144988617419415,0.304328834004734,1.563538829566902,2.6418388915548707,3.756272911239898,2.649101140299739,4.345719714214285,-0.5823000501604146,1.285679762765233,1.385544305326179,5.146863169104007,1.238057650870663,2.980594285674094,2.5238761393681775,6.830866239604649,2.0421355469513784,3.155226801766208,79.65749441731322,3.318403063574923,-0.06028558006111126,7.74371703734452,19.138091877202346,0.08406926224024563,0.29696320122312775,7.569305394181881,3.905445349767568,0.940484405826574,9.182555156146561,4.181822546606092,1.8587231588461803,2.6971112738528737,3.2230998476438364,2.8202063585425745,1.5978351834658382,1.5067888382893495,0.9595647368561738,1.9095216469426803,5.113991416848904,-0.13521799301753626,1.1232672834150514,1.8426135175884633,2.645261604889218,3.6961107783021205,4.826276372390415,2.880045127698868,1.1335036617056837,3.089804908403072,4.257174910172266,3.5926027639719536,8.536681995176952,5.226673304500161,4.93810486648121,0.7782986640565508,3.719207186296523,-0.05220454608833644,2.182045584669838,1.969829386602431,2.510311047552137,2.5306337455902237,2.9611137063207122,3.970917450774036
9002,0.2052843292042383,-0.056071159238637786,0.06784545752832136,0.1317670177157784,0.3321155485290181,1.118999881670218,0.686181876595436,0.32283921190089465,2.522727160820336,0.901370678814648,1.6476937750629754,1.8424278429487597,2.398623213588528,1.966971191905828,1.2192358593161587,2.0935078059545003,5.1411990101094345,2.643930578781037,-0.4181827393577574,3.1451855786283507,1.3676097887942384,1.3134928837704183,1.7263021042741618,1.5824221223235642,2.3296013485116287,2.699756635380027,1.5455635898475228,1.83734354938164,0.8261373228871428,1.6798384940865514,0.4228247248716857,1.0001742080003542,0.4885895324087173,4.141490708916225,1.6699654923895655,0.26827837418291584,2.1900070677989283,0.44239215818051314,1.2347801024812213,3.1246885766346213,1.4108497152429975,1.999228638385809,3.283775287840397,2.335470144140052,2.581374710540396,3.1493577945486484,1.1880056606284533,-0.19555362485625563,1.7370602623789624,3.5173605210473076,4.870100395361183,4.70517334204525,6.769263151645125,4.1594959497280515,5.340361879366194,3.2980418033397605,1.7128124560473121,1.4010079414645706,7.165374228920036,0.4351115926867018,1.6279226553034902,1.920819491643798,1.7219440864272797,1.4822056072337029,3.579252821999933,1.2408926468337897,1.5164989240666833,2.1825218917252953,3.304731838057572,3.6542031823408854,0.10108741424625925,7.5576509284300055,0.5010512152260514,2.6892052548704193,5.374555708331822,8.84307305414187,9.98415102844627,8.428627214504836,3.4909248772235797,13.764643668802787,5.297784138106849,4.9125436745620386,3.318403063574923,64.23906486943909,6.524844919110379,7.9657163088868685,2.3451264576030746,-0.29491789721276784,11.94434507158362,2.9661283560537544,4.460591152816021,1.1858099373631115,15.409924736522,3.49355821942218,2.001611659313733,3.055404563098027,1.4377587366178104,1.6235156945741382,1.682867101107438,1.8227117088006028,3.421705977959017,0.3610815519470264,3.8782224327050443,0.0635993932669415,1.355722600964066,2.0309896428586307,1.6858021406212802,1.2541672272113802,1.8140579347411032,3.345325986974065,4.786728028643435,1.7072030332995478,2.303836333062029,3.742085744460345,2.3478313504319464,3.300187308432741,3.7133342651396495,1.0752329151897868,2.537260499142995,0.9086040173229245,3.7377233091155078,0.7585544866860512,2.358313033956107,2.0815447779997185,1.658962217768632,2.4510827663322483
9004,0.12553275194328237,0.04672531499962052,0.15515988947043113,-0.12795398723349805,-0.02261639036597766,0.175252507470664,0.04876099857171548,0.09711240203332708,-0.056937832228137704,0.5369501164669336,0.9083069728589648,0.0028810696811729813,0.9221057796481291,0.8169744565878255,0.11231563491016838,-1.1674655784838122,0.13000275211712808,0.17753521551587853,0.6409386701757418,1.104224314445107,0.48083790693727474,0.17785707356049824,1.012828485786453,0.6654047388771368,0.2782721303225372,0.6948407228681367,2.4304974521316,0.36085423457861593,-0.05676705067995932,1.094204237719426,0.05785303284284889,0.5425680889206632,0.04822022056618204,0.6655840107989325,-0.06507263925356806,0.12866372621097885,0.3025692008692488,0.1552748645914004,-0.060656565808977825,0.6836997874553894,1.4144664366659236,0.4696286214896438,0.8767801312118843,0.6654104808583171,0.8481714255392359,0.6338261676753415,0.7336826783832308,-0.6005639207037848,-0.5308822356771599,1.6357170690464968,3.7224082776519944,1.215508567527971,4.470838364062728,0.14808471772369255,0.3731952348725146,-0.2673960898269443,-0.3746506333756649,0.3661009792574146,1.690280414755176,0.6286020168838565,0.404519371563822,1.177911859470453,2.397017844036339,-0.3005789140659842,3.7192118926063267,1.1495504986149143,1.5010438968303228,0.688115955784141,2.128057335179305,1.4154417310356615,-0.3758226816769068,0.6772888130226129,4.223450024493849,1.6216584160775032,2.935979536203404,1.6088832830714812,7.139088267900486,3.6389400012461337,1.40633922356309,3.8790843109065967,2.0502543676625598,1.266979458373234,-0.06028558006111126,6.524844919110379,84.26945033140433,0.2552860542697811,-2.8738852274032483,3.8818204099847504,5.16601688469575,-0.32899827757655914,-0.20947243925541256,1.3524293696516363,1.8398412439989424,0.9939538454315895,0.8137932725437015,0.44551478055318455,0.28808313316698303,0.5557033688582678,0.06843756013696156,0.9903616233187605,2.230330790598592,1.0699924474556712,1.6320876219880058,5.09702227106927,0.8045972229419702,2.1644498597546304,0.03238548776633548,0.12091860086954388,-0.39629255914858785,1.2427801082233512,6.055066145669756,-0.31323801051113137,0.6552596932543425,2.758152708820256,-0.2936243014350472,1.0279188937540382,0.8752423042556065,3.7365746827449784,2.4819291815883924,6.941545254214139,2.017915460928769,0.11501848400901583,0.6271828551353719,0.8005358115098788,0.5966048298575376,1.304042737115549
9155,1.089936587791654,0.049998833362446836,0.5140218030828618,0.6830885646704067,1.2747916757616866,2.516185543022298,1.014080829140482,1.0043522820115833,3.981091367247475,2.1262330229542843,1.8689972455204604,4.393484052518045,4.674619199163573,3.4580723721257067,1.1733628518176833,7.349473054609626,9.084865822513814,7.336339761536867,0.9955943615572652,4.863163584307417,0.8320104243847718,3.33326060038741,1.7349891490746217,3.2179950875870267,13.085947224906134,1.816643713497503,0.9318067300348647,3.93904325522348,1.9450491391705333,2.788652993644829,5.300762136639368,1.254596247271119,0.3465500204491191,2.7014294413440476,3.430067687115703,2.7059730034158096,6.225689866322092,0.8533276981512428,2.906263584896539,2.4119057892681997,4.119014344285816,2.827510417503931,4.243473691137997,4.8231435795738165,2.0974105293471275,7.558822790797109,2.754179399681763,2.6723148564382004,16.00066174527594,19.4686636935544,4.852383921079738,4.704258724516249,13.381740168754796,20.009120262110116,6.0489349321628305,7.016243567822845,15.165944159768078,6.009636126957976,3.544353107573878,1.2681007646152032,4.656277135958845,5.080351430832951,2.1867613766221936,12.083716202064034,2.940109343689237,4.7255235992041325,5.272681136444557,4.23264938625268,12.647979298708444,9.516055249329394,0.11975335616356024,20.783792752713264,2.9942852427854145,3.6043833944159154,7.9603470768324645,6.788319374973888,19.8477735393894,9.969882335800735,5.4686899591264,12.483219247648641,6.875692917782692,11.908470678916233,7.74371703734452,7.9657163088868685,0.2552860542697811,450.7711336700176,19.838087791798497,7.8325532735291326,4.5650013762945365,43.57787142536689,25.678248251571535,4.097434410780852,61.45130710239168,7.776558211934735,5.498397114937556,10.183523447918153,6.660978746648172,3.5596718993319243,2.820853414375963,3.6134340169703574,3.7631188323477525,5.392567541448663,11.103178851057416,4.231500892084582,2.293131826164775,2.766375100721161,4.148971980810893,1.6061686503713357,5.869890947228591,6.984199902520311,0.4848282032568958,7.210263788086935,2.4854769903173417,5.421546311880865,1.5748648356423112,12.034202286477818,6.693546539213556,3.673700281253203,5.1754001465264565,-1.558844082679836,2.88217820540494,2.381615798242849,4.0037972628020375,4.479131243569383,3.428334264110615,3.7768266803577117
9330,1.7995987918751148,-0.11990150078540153,0.305674851668219,-0.0680369169228038,1.3344408888905963,1.7736769374118564,2.5130119975101683,0.5835827951155457,2.933482519038327,1.6245181934233397,1.4691912086430161,7.7293299864444,3.1050765123024915,5.447504498070916,2.06221575308759,28.10233687236256,8.227384282904577,8.090594271711693,0.7803234751546743,4.531620258546569,1.9573956619590804,7.77918533720975,0.25953193024073196,2.1471876784369868,3.247623913783849,5.235982118423228,0.4651997673506153,4.256401096326347,0.9210086010986005,2.6448829655910666,1.1330491149144537,0.9889256134706329,0.4362965171357637,-0.05841577339810745,6.933640734740718,1.087140233654598,5.186564090626527,0.5389051956558726,2.8245639848116073,3.4910285384105797,2.1562940062794524,2.7545898760246197,6.153028569067903,5.4130517764423995,0.6384845662766169,3.7087155114575623,1.3391493253423972,7.943735744678249,61.24892323599988,13.360245185469141,6.108625457810199,5.138172089244765,10.123277712036709,13.792804515876911,8.13957526477462,4.892107428998104,14.970693316250898,2.992009007599901,5.873382561676385,0.686315273493162,2.338854010335039,1.6872002521531182,-2.140112956613309,19.31696557499566,2.6784112882696083,4.096604527622086,0.5620072036910275,44.838855399134744,9.063004902149126,6.57812118359542,4.557063092990449,19.241734448319374,-6.1297883290636,-1.272945437736923,2.038117986734467,2.9845771858984436,-3.3281592656246546,0.6538478824689252,2.4751362408851345,9.35428217754494,8.019629064384434,18.758414728460313,19.138091877202346,2.3451264576030746,-2.8738852274032483,19.838087791798497,698.8808150504361,-10.800235352519815,-5.523379325483269,18.393635986465068,31.125810315528447,0.43771958200623706,9.060642654350001,18.14762497666407,1.5905657124862678,4.5155722358571175,4.772773092385777,2.9586078756820937,4.311862385979254,2.885611909097642,6.77336835011582,3.8942498775645245,14.606240218037536,-0.696947148868978,3.625062051323063,1.804642558500498,5.633284031057789,11.432244847115726,11.778973695070148,4.070005412039516,1.3634951519085001,6.696646746028979,5.022686984943009,2.8061944056033683,13.01940697448684,14.43348440923036,9.523803150551254,5.319151631865139,7.533380807953603,0.6199277897139216,0.9946130315488384,6.007926530127675,4.695976437062337,4.303846901745898,4.7787818114059695,6.16710829036839
9337,1.5248344268811698,-0.07722694319392355,0.27879381618950994,-0.08944890880733937,-0.4033691520158143,0.3351309817458751,1.2119625151166276,0.8006493591121392,-1.0405497443672627,2.250990955640464,1.701376218691035,6.476403977495996,2.048560098744511,1.5619307046723268,0.9976286314808328,0.4285391474326572,1.9626292601671005,-0.5172456019212202,2.747134885861416,8.13815908243553,1.6369138340366611,0.9718482644317262,1.1755245633900377,4.1806993978637506,2.188641806266138,3.2655524414610597,0.5984728322094033,1.4866816481064953,-0.34262171237695593,2.6060694591080487,2.0688716797969207,1.2593007787328845,0.6073761625942232,3.085340306560429,1.353121112354982,0.5251750499449483,0.7158976464578087,0.9737807470663529,-0.26669568488465784,1.589121800399202,0.293120558247418,1.2355818114876185,2.2276149640418326,2.1010131170677053,1.5143265280894442,6.9941728154807326,5.727808146023302,15.281836635121893,-1.0386307612653325,-0.09323629517400099,-0.09737443411970154,4.318512681774334,6.575964247187489,0.7181531875610503,-0.37583573484248134,0.293479247804251,-1.314980721501135,0.6281058784841649,1.23936813082472,0.860934735867133,0.9461702229500039,3.252790942034644,6.220158257883122,-2.1211848977722605,2.53971198727799,3.1949792774981463,1.9141872848049437,0.09584215469206059,7.294356894842653,5.9362500283216395,-0.8412600736902394,-1.1937962787611034,132.78179941977743,14.390492871586558,8.202061387064521,3.49663241131659,24.715378142324607,12.460601462271557,7.0568269899865,5.43474616418908,1.9996925082809776,1.0176926567028148,0.08406926224024563,-0.29491789721276784,3.8818204099847504,7.8325532735291326,-10.800235352519815,727.5282004144645,33.78531042196618,12.371803648365391,-1.586288507269986,0.6248357474142983,-4.7417416295066825,-0.49722920810086046,0.6300205941070999,1.740030219461705,1.8817684200595874,3.030268293259304,0.6565872217865651,2.3251851253683946,1.7430846087573617,3.4099167433869746,2.147298349458833,2.8957960250064634,6.829138074205932,4.33795296871833,2.4001469605953054,0.8871564511083072,2.896145477203433,4.61575618096293,8.914715245937108,1.4673007098779756,1.2927549961687368,6.005915181775068,2.598033409626956,2.107762705792092,8.50561187761209,3.530962933825212,4.148135893524143,9.815941643269358,6.220605158079454,2.4396059200914566,3.6456472151344905,2.0413205404672636,1.2596057048367784,3.54329899533047
9390,0.40150369596158914,0.14914266835103862,0.25649995991737334,0.45125693741123835,0.6311296824770795,1.3187809753373716,0.556778581666435,0.673548000205186,0.4619597635923323,2.9691648119656997,2.092613116950193,2.9133908993544746,3.2159059491422775,2.5318269009775793,1.1733905017456558,6.422063701750529,2.479087520599731,2.9713165030567237,1.4098732527268267,2.3657950693939576,1.1966399029815813,0.83867277277836,1.7254673953737985,5.6923246881941205,3.836396100383289,3.554572177094721,0.39563476006142734,2.844449094804251,0.894501724516193,2.3092282151316548,1.3696735413461725,0.5035464135642586,0.5245205792147817,6.50547161439734,2.1438445220877234,1.4867709364974406,1.0522648566944552,0.9688766540781822,1.8246327683657186,0.5970141618689617,1.0318498269888197,2.5546166352761968,4.032060965596939,3.558594374880828,1.7758369537397687,6.226682598408441,3.15444663355851,-0.4023697777301802,0.21681920240097585,-0.5407357051515691,0.9033303457443757,6.780551346867409,1.7416364230981765,1.0945912907008437,5.692460129187387,3.8624664561597024,-0.48543402125175455,0.8902463102029745,4.635671886555922,3.4143163197647612,2.2668640246499754,3.4308626370220856,4.780427950852248,-0.03331677406407839,4.402692075266977,3.600284912006648,2.102830495913024,0.14794680028192303,5.534988236572975,3.5912364932099834,-0.9416515504451207,11.516860772199509,10.41190674551334,4.537445670674563,21.834758901885635,14.839603584581251,18.85413021175,20.225348656168233,6.934770774254895,2.4720069643642764,7.3777697150840185,5.510880857149178,0.29696320122312775,11.94434507158362,5.16601688469575,4.5650013762945365,-5.523379325483269,33.78531042196618,259.1627736303273,1.7548674847053436,3.787947302893395,2.6463854158449434,18.231581607668605,0.28517389429949125,5.1594111748259595,12.356357995415227,1.6726715701057115,2.868894879359354,2.183260710742464,2.154650012615026,3.0626372198687495,1.541019397108978,1.810794851240415,3.983360232756933,5.040251492353244,4.720725160750456,2.591055395737171,1.793455060423109,2.2648193466544226,8.326972392215607,10.559178867176277,1.455061561130734,1.1782602599032996,6.291871591907689,1.0336248967940809,2.4043923675135033,7.422020635965131,3.9034445646448184,4.398736914162039,2.8251876131902987,9.089716276367874,0.09107809769483602,1.398337192716446,3.6522744366218216,2.835630658262125,4.471734419013544
9401,0.20019106542113987,-0.14799298608124187,0.2402335785643895,0.013672268235839356,0.8862382378736229,1.2156006403248307,0.5116597243715534,0.2509120377552681,1.3265681990004063,1.021045274923162,1.027332298209938,2.3437958859489503,2.5214779885860197,2.9722970297466973,1.8724730661998534,11.51746031040368,3.2096871118300485,5.362339867503105,-0.025925616566909074,5.275342934956447,0.9354939168040544,3.183771218578448,1.0456123922207905,1.393271572449006,3.4149543284988897,1.9169312448260336,0.21887546740065236,2.0351746087802858,0.5097716294453736,0.9501574054073322,1.1035620569751277,0.44834156082858756,0.26234526086058607,0.8716474778771498,1.880474930623999,1.4369452227447417,1.5631013571889765,0.9240547802426916,1.0892241796998239,2.1813172155834613,0.5953278703033583,2.0076655603847477,3.198231780008202,2.5439362168202133,0.9767246129915631,1.6990122862844792,0.9512907945836699,2.8954157201744892,9.544111759291994,6.710918750672185,2.4332398360661887,2.767666972597618,2.6229340568252586,7.656975425948455,1.4969912001247738,2.8819176844646335,5.7738976626293415,0.9579014942519752,0.8281204320169249,0.7074477721011804,2.0480181633158483,3.530897642184941,0.23237862335723594,4.881984640650175,0.13247400282305946,1.6819135333795183,0.6296650781718643,2.2520863547708583,4.193290400489563,2.676915429705206,0.7090068903576137,6.954115448567204,10.786914668207862,6.1568595034574765,3.0939706276122796,8.573030340866602,6.51552398397964,3.8394527541455954,3.0916265838626,1.8836715177657852,5.391974555657607,6.708332418109736,7.569305394181881,2.9661283560537544,-0.32899827757655914,43.57787142536689,18.393635986465068,12.371803648365391,1.7548674847053436,225.50508992414774,4.96349279517195,0.28714959615199626,10.40659034035866,4.292915627899477,0.8758944245490556,2.859558568939057,3.4039196917034604,1.5469308160415924,1.254460819261362,1.4352450746901801,1.7035783962416453,1.4823592051045564,3.1195332080870766,-0.2632713149991275,1.6387172317650944,2.542643862219053,2.86730296055256,3.359766895828111,3.2043449521389316,3.05938656906595,2.8555701500381234,1.8842324960602554,1.8723290396476853,1.8946669878073354,4.974709643655663,5.615974463222754,6.1041353757412535,1.1984523467861483,3.4956836048997086,-0.3003009333929078,2.3367729941735527,2.033062537636568,2.745765032237561,2.1614297401196003,2.1251227710486527,2.9959362091945723
9427,0.7797950577286379,0.34209214990521863,0.31841927684799054,0.6231750884576888,0.10304511064046165,1.4790519082075735,1.2372922857294366,0.4803990200704854,2.3929370496226245,1.646973450296816,1.295626362392817,4.558090231922557,1.4408368184141542,1.5095005548745417,0.7663223016291317,1.0450959252188665,5.061799000814178,4.643474020561394,3.8737052940666863,2.3007983214352072,1.3635753176359364,2.135804563777307,0.7282266512399718,0.9177346244266997,3.4821186345251967,0.5364013085855073,0.21594358666139746,1.525350016496461,0.45607537853795366,2.0609427957446025,0.9201048381166568,0.5551669804686457,0.18389196057916274,1.8072031641191395,3.314867123608991,1.3988842811656388,2.6713915675837874,0.5822381124559477,0.621370566391717,1.5325356848626557,2.0776464445027103,0.788693745410726,2.6278770462854117,2.853219716210726,0.9766386626375788,1.5278665429427312,1.3625185309913588,-0.24141476035424753,14.321222451674352,4.027687999836649,2.7156001151470277,1.7932330372979561,7.096091489011758,11.844111572956072,1.0990666447178241,2.4513656254451015,5.479854562806879,3.0046619260657406,0.6030975185393465,1.7241690753214594,1.69433643883251,3.7966127382050323,2.173748063927385,5.330014396346995,2.219849222134827,6.826209414798124,3.414825468568585,3.9660333861253725,5.361559840557101,2.373820138164341,-0.14396479816596308,8.099651977301669,2.1043847270054123,1.3807606754013775,3.894922534077559,2.76895471595049,21.872309286605425,2.3283117282509083,2.02713162382889,3.1394790340153613,2.8350979171570794,4.302348180966454,3.905445349767568,4.460591152816021,-0.20947243925541256,25.678248251571535,31.125810315528447,-1.586288507269986,3.787947302893395,4.96349279517195,152.93423997808335,4.416099487930813,8.36169290558277,10.281288518894268,3.3792720504387175,5.764753839655831,1.4731853689031142,1.9430572573051594,2.142026484102162,1.2718970411197312,4.279188068094455,4.608946982005112,6.262856745510795,4.7949444473028375,2.0221717810764424,1.408872301508866,2.4931795879502996,2.2142575111086265,4.612028558416401,3.034580951865984,-0.00847071967772334,3.759100350429483,0.9923192456310711,3.641027828224654,1.217091150134654,3.710395307580474,3.6039330974152195,2.526989055410475,2.684228155590211,0.3362991855744557,1.3686132656216181,0.7493837329969921,0.2559524772767666,2.205835663219012,2.4279331764673735,2.1150433442534062
9428,0.2009130437349176,-0.026252131364914017,0.12263080146913878,0.22821567669867407,-0.10485199736684946,0.18477882933263773,0.31151782468472816,0.15280186107112223,0.6665058357040915,0.6964276745166482,0.43425862189274805,0.22860013391467265,0.5507404859452214,0.6352232502682011,0.1798430070429428,0.26854693785386896,1.0914037819601263,0.5526446447491338,4.518293915564968,0.484900018131674,0.4155876216333446,1.4342418064721005,0.15500658531234685,0.5350712469781534,1.3583672946541288,0.7202695702313411,0.49657093618092063,0.9391712687171251,0.2342719323276562,0.6726503314241576,0.27953208261986723,0.2637386570347377,0.11099866971772714,0.5345227118344463,1.6344029526804928,0.43197025692585217,1.488931313099391,0.1906641819168699,0.3392571780367568,0.1792021096816432,1.1774095071775519,0.3445107397737509,0.7036445529080702,0.7296598019528908,0.9330020125309628,0.7210389086627906,2.78188898343192,-0.9105929755942608,2.1066836175820907,1.2435659215065693,0.14421330628719295,1.214416028939603,3.1251228149706693,1.6571289468394497,0.21533907919045314,-0.009081204932430672,0.10321246079682476,0.5777558065103489,1.060856135561567,0.4980223876513983,1.0131055045234367,1.887805878045783,1.3161208302115333,0.47454260730752806,0.8032382681055208,0.9809802485093674,0.5736034272610093,0.7768157594076043,1.4209754022813368,1.0237398476452744,0.008601181454885103,3.24856932732796,1.6916425110802338,0.7812667721624367,2.8978341624165824,0.8088388710154241,1.8983005364349201,1.419122801748059,1.0547674741834554,1.6665880061255205,-0.05784985077234497,0.3580315847894732,0.940484405826574,1.1858099373631115,1.3524293696516363,4.097434410780852,0.43771958200623706,0.6248357474142983,2.6463854158449434,0.28714959615199626,4.416099487930813,21.47150074459959,1.3399239017935258,3.3802539853461586,1.9425555631866707,1.4093509908951127,0.4033381172257428,1.072162403411069,0.6219146896509352,0.7212456789721343,0.6661486444548594,0.9610356215919282,1.2114792466203073,6.626938240772825,0.7144491597196946,0.9595016419599514,0.364569105598376,0.3177111499878169,1.1281087055842731,0.7666266885386571,0.7481255111480581,0.49346789659358514,0.2858126028111595,1.3403523472036767,0.4718943327971663,0.6074276296534926,0.9336696489528074,1.776819963690186,2.4057306763199766,2.804135940269451,0.6022405570962314,0.20602870874658374,0.1421755023087933,0.6733773291763233,0.42044434948816706,0.9396519910584282
9446,1.2146510770632726,-0.22712572064655942,0.05569706270870414,0.29746362505827856,1.3161889710990162,3.7508849913394156,1.1976068217984566,0.7066006426620561,3.483494012871968,1.6046341287108654,1.775972704518643,3.266486899826702,3.9659099199159713,4.154891030984639,2.173975988131029,5.499590875187652,3.8997507048190054,11.543269589766817,-0.15638226608019448,3.638229134421057,1.404245081856422,2.7475419250516513,2.851998548567325,2.405614263088911,6.6291273152616705,3.2085698815829775,0.54809336290117,3.034408047376013,3.4461076491707043,2.0504255097298016,1.5023928478065387,1.458599984706699,0.04575317182857776,1.3174271967035653,2.8262885879508226,0.954415156210344,1.2929840546959497,0.7368428398734193,1.2081836398772752,2.313405283072811,1.3083893455883084,2.4528284100847406,6.656377972731048,3.7129721400118263,2.3524962899401944,5.0652216608228455,1.4095666708373842,-1.26331094723394,10.179881925989703,5.195308485315288,4.713006549215226,6.276008842528445,12.925695431392699,1.33457496627033,11.636433990445687,7.180168631795264,9.63901326101766,1.3066581650163878,3.4059751754405223,0.7667088796263978,2.8670649304913196,3.1215631494943326,3.3887675749569195,15.877196077890765,6.4293527054586646,1.638026301770578,2.6154238033213733,3.143433912296177,8.266957824773998,5.627049474958776,-0.18061618456682993,20.993038015914177,-2.644370541659828,2.148605280456555,9.184283621147605,7.4012443467713736,4.6861413010313875,9.949058066108485,5.147353433348244,8.352119940591582,4.4729210731069,9.368521761019144,9.182555156146561,15.409924736522,1.8398412439989424,61.45130710239168,9.060642654350001,-4.7417416295066825,18.231581607668605,10.40659034035866,8.36169290558277,1.3399239017935258,354.0912700533329,4.624694637964854,4.44592735683658,13.08263964593605,4.4820238655533675,3.9663567623403075,2.7244198888989093,2.3093601376891604,2.736098126488695,2.5473053646748074,5.583965194401323,1.0210412763263594,2.594174624770798,3.009037760993278,3.2552737158357097,1.5805906545336021,5.243912777061948,6.854781471554286,2.950558652019129,3.607450651757096,6.39324577890262,5.600150374863524,5.267172878042307,7.758728601262219,7.85407214112122,1.775138386294524,4.010242276919291,-1.5053015210133316,2.6123317328723696,0.7146627057554441,4.343711732757827,3.587364561042229,3.2875297018883045,4.48702650352051
9465,0.11312550522420053,0.14147582638309814,0.18461891183608392,0.22334671999875969,-0.1693985828576728,0.5798562640678054,0.45125066163313454,0.1545020888042251,1.3221206077848378,0.5683027634093093,0.7571445113586106,1.0493879405905455,0.64613902696895,1.5051688764438278,0.4250724820300876,2.005048540703607,1.6440064647775945,0.8708007848145407,1.6985921549264786,1.0890700414214671,0.36592356360439326,1.0840623482256957,0.5252899620110804,0.5901851802658807,1.6196127601643315,0.6126644105488348,0.19494623038190903,1.147822820611903,0.10803161567818016,1.0193229716646892,0.32393866845615427,0.39896466310990153,0.29887943393029687,0.9653831565304352,2.3885452406557013,0.4086905021271561,2.025405588612439,0.14892422781762474,0.22385651502994908,0.9655199846680038,1.4330828272583145,0.8384973944491853,1.302731170453197,1.3221499652838158,0.7459082472166298,0.7124474090884946,2.708462068416989,-1.0720740456380373,8.914717414865967,2.0972402249079503,1.4479188223549828,1.8143970766235518,3.8371574926445713,2.7522092592657774,0.9855797457639152,1.4683349061008804,1.6353659772139322,0.5665620461635877,0.18012613016611198,0.4626656206566692,1.3511866555744259,3.4325609886995894,0.28324728172237357,1.8690589589203275,0.9623167370624807,1.924603627456033,0.3905347685958235,2.9042276572199337,4.020426306612496,2.8279388378577934,0.025621042226760392,6.577163114143749,0.05786929554945822,1.0140162472623597,2.4617130634154454,2.0938405175405355,8.6559043122765,3.1683258738207547,1.7430178293432186,3.16942433175413,1.611547448833944,3.0633579451541326,4.181822546606092,3.49355821942218,0.9939538454315895,7.776558211934735,18.14762497666407,-0.49722920810086046,0.28517389429949125,4.292915627899477,10.281288518894268,3.3802539853461586,4.624694637964854,52.99637885253801,3.308234395701053,4.4904964157081295,1.6174099367011108,1.6700981641083068,0.6566001043409195,1.0874730540278117,1.873159942588728,3.564452814434449,3.3175197633199636,3.914039864824439,0.777695341883647,0.9494914269803766,0.8688744711077193,0.6032787995028909,2.3536519778431515,1.9922713673881518,0.6665519384506831,1.264020864498556,0.9800572859310461,1.9394677562046752,1.7185262766448846,1.8583303567803204,1.8221492632380782,1.6283467853795375,2.0403184975648703,1.3846315926263966,1.1289062659804296,0.508293603652968,0.5584322999964377,1.4413197110693143,1.0899896468365062,1.8645291487039704
9553,0.31207188232411265,0.031945152125687284,0.11979204663055626,0.18352119644743126,0.2676638472547719,0.43034637957641714,0.2758441303613602,0.15019794067387812,1.172743635906718,0.5172035623284899,0.5479872593896629,0.37356316538234463,0.7053985667629666,0.7395099661784141,0.31265186368697007,-0.15099839599309595,1.6858562242169552,1.0702073925725668,0.5932089127253474,1.5206524651772817,0.19616348268182415,0.6952010113402718,0.23534087755457544,0.6193241648039449,1.5057573156781965,0.5234907106691832,0.5424223151766439,0.5456779463628498,0.4892488416677867,0.6509881243004261,0.4205079917313424,0.3175278941358644,0.17864710528326064,1.4187741670333134,1.0173898100808434,0.3593513182631442,0.7364695343574388,0.2066102617625886,0.40483363840115666,0.289295907986984,0.801157675001962,0.5134303335039868,0.7765528451651269,0.8430665387200901,0.6837743060055742,0.9180578553425129,0.9278344097532275,0.018754069169383124,1.6041286494812954,1.7400155321726898,0.5672945325139058,1.0410635810813949,2.4109102378794103,1.8140231425913123,0.584277920830306,0.3492717207106883,0.6920449090019318,0.5434533927089256,0.9745774973006059,0.21829367078340234,0.735826025186237,1.6063913540306707,1.184263722187694,0.8857581192539731,0.6922933795687112,0.8908119212228333,0.7538115155693667,0.32428195626661893,1.4987054115546699,1.2732907281752859,-0.05009815595482711,4.941374573169583,1.2678801141312317,0.8860704513739935,1.6648615423315456,1.9784873397837668,2.4156271782814254,2.081648178555966,1.079156216858899,2.2825302740078692,0.5175030802049485,1.2780005919742294,1.8587231588461803,2.001611659313733,0.8137932725437015,5.498397114937556,1.5905657124862678,0.6300205941070999,5.1594111748259595,0.8758944245490556,3.3792720504387175,1.9425555631866707,4.44592735683658,3.308234395701053,11.235609849752908,3.2765992531651116,0.9325175790123912,0.8996738810115703,0.6453948286510282,0.8838462272509519,0.8939161474807366,1.4261868020159894,1.3509925680747226,2.0159797881946244,1.036540632722504,0.7606134238985072,0.5839572856109511,0.30018049534360564,1.7408533416510732,1.1798598530838205,0.5599290046931913,0.7737590073395718,0.5610200922990961,1.3272968201290296,0.29571058934148015,0.8957820688285106,1.0780357100463998,0.5608796074489741,1.1098635040230507,0.6754229626449845,0.5117254965577991,0.10735095252999063,0.3092555701973394,0.9816912939431961,0.742581111385676,0.8285960322066633
9651,0.5239661385220515,0.15617904924922907,0.17033266934326655,0.31161072592760547,0.7079154792996154,1.128563035328273,0.5082409471043137,0.2666707699250083,0.8449887094349811,0.8494213426664491,0.6881067691941184,1.6931047376108654,1.0526707122355456,1.264980918450772,0.5786371112845392,0.8065211744873275,3.5810510064805916,3.189427767382845,1.3437852426156844,2.024757998036991,0.5962705467884396,1.925344052085948,0.6106983106971955,0.92610155100372,4.3003168211398215,0.8617770124208964,0.5734787827385166,1.654582622969737,0.5877444107492978,1.1370798955640302,0.9939704542160579,0.37152283797188096,0.1574402341320215,2.2576626233258312,1.950242594685909,0.920695722523816,0.9484208715816654,0.24969263419836987,0.8453765391773743,0.6991938422943145,1.4762138430729363,1.3301083908131874,1.4773243163266594,1.5323946403653836,1.0355112137684952,2.3954712941392495,1.5235775254170478,2.6721270931885543,4.0009512168257,1.7148718661842017,1.0105392490264375,2.0257693937884227,4.12729846548826,3.9438223034322775,1.5401462258556955,2.0135455478270154,2.2057193069412278,0.9000116345753978,1.764357200195673,0.5671668902853937,1.5848699128016155,1.624033851291289,1.206793269491037,1.5957053601866165,0.8984269909007586,1.2016214515692132,1.0620057602882897,0.9793426802031857,2.3398773899415186,1.779453221265319,0.22909322997955436,5.128973746051756,0.5548513761455985,1.4796770125743897,3.1036275909283195,5.241220857970416,1.4124601948994373,3.3903702037690207,1.7435526323317792,0.8167928280251022,1.5762712822525407,3.3565979378395814,2.6971112738528737,3.055404563098027,0.44551478055318455,10.183523447918153,4.5155722358571175,1.740030219461705,12.356357995415227,2.859558568939057,5.764753839655831,1.4093509908951127,13.08263964593605,4.4904964157081295,3.2765992531651116,45.407967961427794,1.740156337857317,1.8810966270895126,1.3360696374212282,1.3152409925217192,1.3483030349823584,4.1792713441762865,3.282463508291027,3.431806255847318,1.9541666946873253,1.3327324866004486,1.6493011041236003,1.7123226081934675,2.9021408307463883,3.048070425680421,0.34805335204809745,2.3423153832514423,1.8153503047833206,2.5934380780454718,2.560206749749269,2.109745051840312,2.7265723948510194,1.2110944649058226,2.4762573964694528,0.03608138896116874,1.0617338120545645,1.4014506481424103,0.7777697167280412,1.3470547922500755,1.7764772895670953,1.5022164912752338
11878,0.4404366861232118,0.12922680174054832,0.07315716961675703,0.0915644827081852,0.44230940828946114,0.5195036573828228,0.4790507035329405,0.21439166022457878,1.464674530532559,0.5650207691501336,0.48207112679646535,1.2010129514973966,0.8986771681614686,1.1639971783367693,0.6216862144708258,2.7350282075814243,3.2092111711222087,1.6922129057223851,0.39879620262527726,1.4712264361066507,0.26954366122217105,1.1663439030964016,0.6125951307447987,0.8002254660493433,2.44013616019378,1.0503896085125144,0.2845957543184263,1.0133191848928378,0.5418949023893126,0.730474096614877,0.5864300356928941,0.28498026144701016,0.23296137611650652,1.1333615750754553,1.537185851148687,0.30864396724706217,0.6550943249936132,0.28034226629922143,0.6725146734764545,0.9384722205763018,0.6061456914882645,1.1301769388890126,1.429757653731148,1.4648631828869165,0.6071426817515104,1.3290274926511918,0.6869492129292711,9.623415280282007,2.4506285677972164,2.991134703599262,1.1077132007039783,1.969314295632821,5.140437845304616,2.7129916441359656,1.7818903637543846,2.687006533642693,2.826210038798019,0.6737664418972962,1.1458762229182013,0.20956981276562595,0.9090278592235088,0.794454024706294,0.15939862367386032,1.2231836918901335,0.6370330162170253,0.573158086782755,0.28916187973533014,1.2383407270712363,1.444768803737449,1.2769862911956456,0.15508682580749011,3.3099815224382874,0.18695974461358442,0.8215540418410751,0.9834575937598282,1.9430163596117793,1.0297096704716748,1.6408996589731093,1.1953086746896966,2.393139239489249,1.6901244295855118,1.9595662276415096,3.2230998476438364,1.4377587366178104,0.28808313316698303,6.660978746648172,4.772773092385777,1.8817684200595874,1.6726715701057115,3.4039196917034604,1.4731853689031142,0.4033381172257428,4.4820238655533675,1.6174099367011108,0.9325175790123912,1.740156337857317,14.09242723766862,1.1942704327253868,0.7005644019684185,1.16240408958211,0.6386989627108115,1.9481296830952846,2.125602879130955,0.1780368116146872,1.4974775374856388,1.3102693398086167,1.4377512719663803,1.0579311078201248,2.763719368902317,1.8688208753888547,0.46856568569792556,2.154356876709135,1.3509835859200612,1.9113949254163156,2.5200176480551586,3.170676516701192,2.5406157247947494,0.8238290368762279,2.0269224980280787,0.2559145037312345,1.0500175113003216,0.7523956662628345,1.1948765429818722,1.2299063170118105,1.4367681675540551,1.738144585466263
11882,0.3321030515533818,0.08756036621275941,0.12614416452344054,0.0588285312317716,0.25415010662493676,0.31256927754098035,0.5057599749338219,0.1513409941635966,0.6338132850197676,0.44650620051120704,0.6022251917190348,0.8806037361190877,0.8048221473094591,0.7707984624496799,0.5516188114450747,2.3299072081865146,1.6905903490572347,1.281714820421965,0.4200062420409155,1.259705360213319,0.37628495553945757,1.177332332677156,0.4199338718682159,0.7961130436515583,1.4960786569797813,0.8734122302600298,0.3061346669510267,0.7908844601524617,0.3467442279795235,0.7396053882613048,0.2873109679289214,0.3300225947537761,0.12221944875468216,1.136398496261841,1.0513458106417133,0.27150675124515816,0.5921319091053711,0.1475866443017022,0.41775168699506254,0.4412778767697378,0.3769349219005132,0.9859621461528321,1.0781974609917315,0.88616542067288,0.9085431467750977,1.0331525212017265,0.7431551428992601,1.23089401392271,3.2268296885233014,1.869872379467824,1.0769965997568847,1.7902509289441095,2.7645842790595796,1.6813475628618446,0.8272969750470412,1.113594026326656,0.9660251213831018,0.4113991665138811,0.8102279973139048,0.30149091852546533,0.8047725519933445,0.930046282670402,0.8663833703870151,0.9846875870987596,0.7532932706979102,0.8009209754830834,0.5688317363030808,0.9546774244631412,1.2807115054061058,1.3698101782372916,-0.09903937049424205,4.031727936632184,1.324002011649932,0.9136451314742602,1.2937308333729483,1.9882811647266732,2.490049070922125,1.8141654703917458,1.1798185475855678,3.792844822326233,1.4938644513092967,1.1394870106959387,2.8202063585425745,1.6235156945741382,0.5557033688582678,3.5596718993319243,2.9586078756820937,3.030268293259304,2.868894879359354,1.5469308160415924,1.9430572573051594,1.072162403411069,3.9663567623403075,1.6700981641083068,0.8996738810115703,1.8810966270895126,1.1942704327253868,11.76769547240009,0.6086979394610801,0.8839863614850565,0.9957689655866523,1.1574296938050999,1.9832417028261586,1.4576192351098962,1.1608132121126729,1.120095867157807,1.0064482350452149,0.5235935927685763,1.9287509093509783,1.5583126939786625,0.5519459145878355,1.3227290300840238,0.7796802013543342,1.6842496595610428,2.741731863403662,1.8886625506034558,2.246360496024555,1.0645612610044952,2.2847116993174676,0.851154144288833,0.7822361453271585,0.9865775119051221,1.1348455626088783,0.6032247659415676,1.1185883344385945,1.5168510108631803
11883,0.1937628914242322,0.16379441657013524,0.006395938331056837,0.2346898014326796,0.511888655869574,0.6858997730473966,0.3322917283681887,0.1589874386481828,1.5798258432435057,0.35437059358252504,0.6275651888837287,1.0540415407128392,1.1111772676453617,0.8750688506922357,0.5910924942236885,1.9607202311266199,1.6145360007308287,1.0366415208329645,0.285653539165099,1.2551798763751392,0.21187863264702606,0.9499557709850647,0.6308161620816285,0.6891624998861441,1.2715079603167698,1.0240544074307407,0.11191861735539825,0.7161862089035085,0.2587529211333141,0.6845149581446135,0.1982747793141131,0.13526551234165696,0.049504942609794565,1.1992042446214368,0.5783115818219503,0.27876962063604566,0.48474923118931973,0.2801756209708985,0.6770692541281633,0.6281306986230484,0.2462496022110823,0.7159466979048577,1.0304972710408649,0.8630343620061688,0.4677745396489378,1.4004790011808583,0.6522970937688071,0.2869841295762692,1.3514366170782268,1.4261446468605945,1.6279853087259737,1.2391636314437744,1.526381182278541,2.2963475319254854,0.9193795669401326,0.9102378280139939,1.1076962019888146,0.4604485107473765,0.8845884783971044,0.30580097889918534,0.8299644492357862,0.60785548934741,0.21489125898004066,1.0279893075929893,0.8715481881864523,0.8018396246917476,0.499159944714387,1.6325954052382028,1.310596269221187,1.2546192639600444,0.7854759025001081,2.0961974790820457,0.2867317387538038,0.26522016101360696,1.2779794794936639,1.7295740743181258,2.523431229820887,1.7373048157914368,0.9295197844851791,1.5736546171142045,1.6605201288987244,1.5621568372001116,1.5978351834658382,1.682867101107438,0.06843756013696156,2.820853414375963,4.311862385979254,0.6565872217865651,2.183260710742464,1.254460819261362,2.142026484102162,0.6219146896509352,2.7244198888989093,0.6566001043409195,0.6453948286510282,1.3360696374212282,0.7005644019684185,0.6086979394610801,16.489484865817868,0.6941719379233279,0.9530879224983009,0.6525243896485045,1.5165748851440715,0.3884618111409182,0.6376339868469667,1.1933385103970144,0.8264163029209043,0.6415854373869482,0.584517508682287,1.568291288035188,0.9492737390445317,0.9337131144742864,1.420893469645855,0.9583902033777407,1.9051386139114288,1.285982081986031,1.5996490023274095,0.7448542088951396,1.2864332344756866,0.18223535250482364,1.1837531701763964,0.4979818748289251,1.431116656154849,1.1254237688634237,0.9482982380800801,1.539398722676099
11884,0.1871159362820312,0.024820537000678586,0.14659714840288654,0.16633438760286867,0.1899968943982598,0.4013674588074523,0.3759908064104651,0.19799786670675973,0.7452109247697974,0.4874499612153622,0.48572007656388166,0.9668566302712832,0.6804565472103348,0.7276211332985311,0.4662084030318515,2.394140426386743,1.3199536302532129,1.0183211479847851,0.4939067263936419,1.3075696776004218,0.22364543190335773,0.9060108226072333,0.5931928952092971,0.9006367100251527,1.3760676196883483,0.6961899591352912,0.31838375348380316,0.5726912858669966,0.20629613583313297,0.7104072963930701,0.26764891320388023,0.2312615049111147,0.14626631482185226,0.5993768865840443,0.8437235131625033,0.32020271539985784,0.5315802202047905,0.4212549126639782,0.25735663500595873,0.784760863124549,0.6481393310685581,0.6329998299069056,0.8111600662804606,1.0034428430271198,0.8319972394558928,0.917771263411549,0.9127226902022714,1.7793978417027048,1.5924031891407782,1.9218131941021883,1.252665232962175,1.3652097871447535,2.9388580766089882,1.789513665097601,1.1347381649830812,0.8966492154555297,1.358621114900695,0.4455509335673584,1.3590308284219879,0.18062829093335597,0.8003316302685398,1.0624473631794003,0.4775786481359614,0.6837716307633404,0.704414037868069,0.5537950165107199,0.44426123798538164,1.0016360419864816,1.1028353330576735,1.3180688160419014,0.05995041866608432,3.2771083600547457,1.0386297570560952,0.8088984758217108,1.0795772947677293,1.69941027674656,1.291386058468947,1.8672703858049926,1.065825942259516,1.8228445177170682,1.7790879191512983,1.3956032470207946,1.5067888382893495,1.8227117088006028,0.9903616233187605,3.6134340169703574,2.885611909097642,2.3251851253683946,2.154650012615026,1.4352450746901801,1.2718970411197312,0.7212456789721343,2.3093601376891604,1.0874730540278117,0.8838462272509519,1.3152409925217192,1.16240408958211,0.8839863614850565,0.6941719379233279,9.34351191857637,0.7974356628266911,1.4201079635347111,1.6248495373206582,1.2724997098369468,0.8378744018945418,1.0730594050279147,0.841980802588671,0.6247881756611107,1.5049493842166821,1.4175395808231899,0.6438728617919794,1.0215264154368269,0.5297940930234222,1.3446385197740178,1.2665387942291595,1.5548704028518645,2.02096839100338,0.8550618158882887,1.641073988061227,0.8259276536148253,0.7071173363007559,0.7186157256191915,0.7039609211334451,0.9646620463930294,0.9635182618514422,1.2501519774931975
11886,0.4950064395376014,0.433218871893467,0.043269574836947405,0.043232166329226836,0.7866071834454321,0.5796824715251537,0.44338435277229027,0.22249505366834343,0.4121657609685344,0.8785843522137524,0.8186256385578182,0.8101156232777782,1.2397992987096134,0.9789951143833144,0.5089290189487073,5.768425832408612,1.1382056884897636,0.7896991901259103,-0.03395812163442958,0.7406537858013007,0.43393906227491447,0.32656519433584924,1.2558238203753682,1.152955110793309,1.7915328910159682,1.8066297177423836,0.44061066334340665,0.7476545296740251,0.1839975232893771,0.7577356683618374,0.42024113585796025,0.3857157231483553,0.043070815959035405,0.6933762333862437,0.7646564145344937,0.2579456861751026,1.9149012533282355,0.304431335732826,0.5374489147295515,1.9523977152489793,1.1585423023086463,0.9512454472742797,1.4811353047222844,0.9803299154934918,0.5483438669628696,0.8283425752553054,1.4357094122381482,0.020285693232613373,3.16346529724343,0.9181748859189552,1.6833051844750357,1.9244865198100178,3.7557091525952364,2.2200037634261958,1.4672250339829715,1.0691927692023158,1.4466670587371562,0.7974903806122202,2.6318604081817094,0.5736684613765185,1.1220234454418314,0.698477634724163,1.2235184664109462,1.3807348726939255,1.586630884809983,1.1265852404045862,0.7604244574784345,1.6338230618032636,1.3152519505149087,1.8120815137580573,0.17546872199014982,3.538473550301826,0.6796528049450651,1.355570978604481,1.2798338202100155,1.5155685515682977,2.9549374813315743,2.5258084348173035,1.15707404429743,1.1968849879779644,2.33487518007625,1.0321953855504922,0.9595647368561738,3.421705977959017,2.230330790598592,3.7631188323477525,6.77336835011582,1.7430846087573617,3.0626372198687495,1.7035783962416453,4.279188068094455,0.6661486444548594,2.736098126488695,1.873159942588728,0.8939161474807366,1.3483030349823584,0.6386989627108115,0.9957689655866523,0.9530879224983009,0.7974356628266911,35.37445257108277,2.3673112822045197,2.7312847350483542,1.3761972320550706,1.7460243463133742,1.1313781000585743,0.9458523525876719,1.0177029064608953,0.33074710799325857,1.6824001392187582,2.4502111835233964,1.3470019350807616,0.7065863704613176,2.1554235362301837,0.8937367121703712,2.863255426367526,2.1522035268266433,1.2401507747195872,1.439031021579408,1.6042189143813257,3.4133845169903356,0.6182750006172022,0.7395188384696689,0.7559549001357633,0.7441085506956892,1.5009740498116566
11887,0.9046855984828017,0.059857217573600595,0.07906870584684177,0.04086807985010839,0.3871140907519422,0.7923371600539937,0.5285258760936766,0.2654445321441091,0.9591397961707853,0.9135191466393056,0.683818983576388,1.9033237382384809,0.8331550636034977,1.2367621680712417,0.4787960769536714,6.103019112201698,2.8802935121996738,1.348091727126903,1.7158243990705582,0.9349044876939566,0.19771734760100654,0.8009255108206431,0.8618582166518348,0.6969411839711513,3.489430241443657,0.799918236566315,0.22624183046748786,0.9962531115149695,0.39330435411265263,1.277039877465159,0.7299624218657262,0.21550815751706534,0.40926101242844737,1.6615777933906724,1.4784805809565003,0.9242973904620445,0.9162863424770069,0.13462734530540674,1.2835909654300932,0.3706764054447872,1.7721575518986483,1.0760214097724194,1.1201782051568216,1.2547602211289162,0.8790659807008235,1.0643230351481787,2.1283147922600314,10.87716917688081,2.208194316158951,3.7598659966541494,1.4072793925488145,1.6975035571532227,5.121466043436682,7.385238404962748,1.0100431897123583,0.9346366711893002,3.4449561731288596,1.000170102886061,0.48586363150996453,0.27977612776936345,0.5937910562752023,0.4295558582976374,0.29943196304534775,0.43843591719479186,0.6416861056383484,1.287141708465484,0.5676840296555383,1.5392862214361225,1.8085113038842453,1.7531520883232277,-0.10689433133029784,2.421017343601495,1.08587223550526,0.2350663605607,0.7651431276953418,2.2876718838602432,0.6666008926104132,2.858046838648353,1.0738378106535431,-0.1858845103725219,1.7631269757995316,1.8817613126904151,1.9095216469426803,0.3610815519470264,1.0699924474556712,5.392567541448663,3.8942498775645245,3.4099167433869746,1.541019397108978,1.4823592051045564,4.608946982005112,0.9610356215919282,2.5473053646748074,3.564452814434449,1.4261868020159894,4.1792713441762865,1.9481296830952846,1.1574296938050999,0.6525243896485045,1.4201079635347111,2.3673112822045197,43.65975363605175,4.13932480462327,3.4170768965168112,2.8776410107817796,0.8989337493857,1.5987370025145862,1.757327684992325,3.570916910427201,2.452144448140354,0.3111946919505901,3.100013237087846,1.093355022035288,2.6497316183622117,2.0691639452025963,2.9091033542903753,2.8926574132944105,1.5043177460041157,2.8856828897345315,1.4522022276935567,0.807338064878614,2.2979375180613077,0.48329791748504836,0.8701221834639595,1.2605593971938809,1.787338780187314
11888,0.36221421143906,0.09899577474235885,0.16287935609827003,0.15182633516440938,0.620481557557467,0.8471382974507572,0.7966809409135243,0.3045953519231742,2.139118261838695,0.7261815806291776,0.9039869840242155,2.554591133698245,1.553421657315052,2.017392043922208,1.0339077967407477,10.871556475657334,3.9850555093700684,4.16646824247342,1.4979174523768521,3.440258050938724,0.45298635236188717,2.5509216107485635,1.274058688737538,1.0450704930058279,3.126728858227195,1.5536603022186382,0.28331596459873376,2.096560025471354,0.5478631543536768,1.4219642124247762,0.6610094620286476,0.6014268470852095,0.1621310767471049,2.497472711619229,1.6430305814060882,0.6755513908049634,1.13654470772055,0.6178814916814914,1.472286501508353,2.264768114752219,1.8912385974054193,2.0605735684688486,2.0975529730678044,2.0736725612471987,1.947369651710314,2.5511258913683843,2.0674410229372935,5.046316949822687,9.723874689085234,5.040969169678613,2.307488210777372,3.4828175042781275,6.824585265139391,5.147583211681892,4.185916326526965,3.96490890938093,2.767459960716045,1.0578968703203966,1.9759222677095938,0.3373238576964086,1.6613142664796128,1.560443591664566,0.5963509524471655,2.411841612159975,1.734145693638371,1.3776764593225788,0.47054443506284155,3.1675024323193663,2.694524112497434,2.3316202534779675,0.49131107546211666,4.719215054563927,0.23887913397338595,0.820250941317859,1.4598020280132433,3.6588383313581305,1.8966309665386447,3.296343995002658,2.3756005577118597,6.191867678542696,3.294166833064496,3.241682967540557,5.113991416848904,3.8782224327050443,1.6320876219880058,11.103178851057416,14.606240218037536,2.147298349458833,1.810794851240415,3.1195332080870766,6.262856745510795,1.2114792466203073,5.583965194401323,3.3175197633199636,1.3509925680747226,3.282463508291027,2.125602879130955,1.9832417028261586,1.5165748851440715,1.6248495373206582,2.7312847350483542,4.13932480462327,40.95639587081538,1.5893991999183859,2.0230268003535783,2.0434886833078805,2.4943996791391756,2.6138636682273164,3.459366323942247,3.348060661990564,1.2354026727157934,3.4520639251514234,2.1760155858189134,3.7282653822087903,4.079178492055399,5.958119870569475,5.487021155038809,1.4011993464764212,3.0822050298735966,2.340912989679655,1.9074256061987118,1.8270587728674708,2.2427835369149,1.9358142234283042,1.6583248108094752,2.3127257280453835
11889,0.587686788305003,0.028924740225536576,0.1614349530030182,0.25198299341208313,0.060317372066579666,0.37244459003635105,0.37887039543552464,0.13258585761522004,0.27570430454038564,0.7190126934637251,0.513750310958117,0.7213420794037055,0.42111479847570227,0.4855030908361134,0.015312432499443739,-1.1817769797575923,1.727854861132745,0.23768551442408037,8.224973569935704,0.2696549771029241,0.4679316941885743,1.5248115549280619,0.04972647324579843,0.6405355370183865,2.559870005763443,-0.044590019646388646,1.0718713966522637,1.3115063533204587,0.042294684100370156,0.7609585312197054,0.6672315275022908,0.19877808051813028,0.18136721008683446,0.8201255061084052,1.2124004596699782,0.46008064250747976,1.3424108738901537,0.17668925358558307,0.39229782620995063,0.012844910848363962,1.7652761625700006,0.0439369996214585,0.15016402506077497,0.43722595183141466,0.5585596581964042,-0.14336213969524636,7.248012140020949,-0.7599370987073268,1.2335492840471163,2.958093464354112,0.1249744344883748,1.5109076882590255,2.6173448672719544,2.745475514104992,-0.8697457559406497,0.26882999176743433,-0.5670468266549166,0.39402253434135176,0.3678108866984846,0.5048781879064401,1.272273815638231,1.243872651595956,2.102827150208168,-0.12004580374381638,0.7722978489731609,1.3180074683380067,0.8264743795243081,-0.12899309894555155,1.3550545772397917,1.1502589673935213,-0.3330333724446513,0.8433890404995548,3.47966980866059,1.207011532093603,2.3737651719794783,0.5903098141740046,2.033809522076324,2.8577426360440814,2.0762273131474425,-0.1472591343717183,-0.5490623771942513,0.6218234235101265,-0.13521799301753626,0.0635993932669415,5.09702227106927,4.231500892084582,-0.696947148868978,2.8957960250064634,3.983360232756933,-0.2632713149991275,4.7949444473028375,6.626938240772825,1.0210412763263594,3.914039864824439,2.0159797881946244,3.431806255847318,0.1780368116146872,1.4576192351098962,0.3884618111409182,1.2724997098369468,1.3761972320550706,3.4170768965168112,1.5893991999183859,64.08010631289332,2.765771752369508,2.2205571362583125,0.6543092492299333,0.7260351270876637,1.089756817048328,0.7710340738799198,1.0963272029677724,0.9365162958006635,0.010889739224411634,2.8491275975405417,0.9243567921480403,0.2663494366668888,1.2963552326577485,5.4346191785743025,4.2988520208586465,11.793496115302043,-0.18138519381398205,0.7996206650941964,-0.1331853651858688,0.9366572946230711,0.8885135573668753,1.143127629213848
11929,0.4836840435071172,0.3144060303448818,0.29588705544332283,-0.030538122879286866,0.6348846654067308,0.4776170627243228,0.7630957859597115,0.20797894258607075,0.47041918043259373,1.0272039321801703,0.7109414672885839,1.5293891521999872,1.117321601635171,1.37424127609236,0.7388092851241945,3.3423800762720783,3.1258210959461863,1.4245543509075462,1.720943585783207,1.4033243741729473,1.2876181191989329,1.1416778122882427,1.2965926482241945,1.2840428740880518,2.297705940487068,3.388491266369018,0.31541631267804393,1.1968483017829543,0.24746211388335557,1.1359786153752593,0.6418548794577776,0.5254802784676051,0.2322025245895497,1.0002008909854858,1.1409701873671205,0.45942760369312613,0.6293418546425171,0.43385235734831834,0.5174859495423174,1.085158101985598,1.2896265822300337,0.7735208292962414,1.6005214406170427,1.0914651627672882,0.9180514716079681,1.5491780965623627,2.0690478783858777,6.938768959364325,1.9724832650024748,4.2217624940845875,2.122808203537524,2.5300793922533074,9.383974250109949,0.9253036491947001,1.259540191857525,1.7784773485700711,0.28408452906857695,0.5754644512990313,0.7063400473757329,0.04083293746140893,0.8808614185136542,0.7869196206948897,0.47412638362737936,0.9381399288322875,0.723667335021214,0.3587133014888613,0.5665113042216047,0.8944976792914302,1.2142386880265625,1.420023907006973,0.4266075554591377,3.1113191787043677,0.8273389120248987,0.6383410681219578,1.4795148575935526,2.051356361598407,0.8334501371902197,3.700519805152342,1.6022106326256236,2.8962374868000387,1.060354198385375,1.2313776479154575,1.1232672834150514,1.355722600964066,0.8045972229419702,2.293131826164775,3.625062051323063,6.829138074205932,5.040251492353244,1.6387172317650944,2.0221717810764424,0.7144491597196946,2.594174624770798,0.777695341883647,1.036540632722504,1.9541666946873253,1.4974775374856388,1.1608132121126729,0.6376339868469667,0.8378744018945418,1.7460243463133742,2.8776410107817796,2.0230268003535783,2.765771752369508,26.108971244380495,1.1946715961276777,1.3430962717734785,1.9404276819985582,4.065959487929146,2.339977614884397,2.576180441334422,1.430345588304724,0.9416294966942765,2.6812848599979793,2.4336508302126814,3.3901056352415084,3.186770496207836,1.0410165293575215,2.871437149811919,1.7887360173087936,3.005576570394762,1.4103650714803977,0.8541136213912612,0.8590323503758166,1.1889363804900555,1.6954419734182966
11930,0.23881065089621445,0.08144329284414153,0.11462385735504364,0.13584689415835818,0.2966752539990897,0.548742909974095,0.4616273613938574,0.20158498851860351,1.1079226119688808,0.6836075491676488,0.7100533877679679,1.5070456397685814,1.0246637588278427,1.068352646258739,0.611517281137178,1.889336090181787,1.762023313124352,1.243679655349873,0.8107023050597867,1.1625945750197926,0.5123116367613354,1.3094691283471713,0.5812081903367754,1.0432427484239057,2.0142518147815376,1.1711303412812155,0.6809817258731627,0.9773265893873964,0.256622493344366,0.9919962020778824,0.2310523712302632,0.3208707831880421,0.1533509830088171,1.3855181607793141,0.813599254392939,0.24175621568095712,0.46180031571180113,0.13710142671585357,0.4052796777623221,0.45370149622132927,0.5179100425185625,0.8950256143815936,1.4480410565653938,1.0471932916818874,0.94721343441423,1.1350670560687288,1.04858158880166,1.426678546433419,1.2988558663420515,2.3906399148920747,1.2809473716299782,1.8203487622793337,2.6933697551819082,1.981530341554041,0.9007205423422524,2.3146105093340616,1.2911318888211674,0.21349443771111137,1.2833192446061201,0.7200183942066017,1.069353616960095,0.7848760590028337,2.0495968696064124,0.6900409323334398,1.043233121998635,0.9371305416279769,0.4827176825547055,0.8192561361515233,1.3557069092190148,0.99540490117265,0.3920808184849334,2.5469457825264996,3.413286443403939,1.798218366281249,2.0379890584542206,2.832434245025715,4.235123442759186,2.5196018199586008,1.8718429689524934,2.653582897215331,2.0605248114504833,1.6401376834485732,1.8426135175884633,2.0309896428586307,2.1644498597546304,2.766375100721161,1.804642558500498,4.33795296871833,4.720725160750456,2.542643862219053,1.408872301508866,0.9595016419599514,3.009037760993278,0.9494914269803766,0.7606134238985072,1.3327324866004486,1.3102693398086167,1.120095867157807,1.1933385103970144,1.0730594050279147,1.1313781000585743,0.8989337493857,2.0434886833078805,2.2205571362583125,1.1946715961276777,18.68812111904177,0.8076192369569446,0.8999360320804427,1.3681983015871169,2.194217242750511,1.9995813358850556,1.3337363100184552,1.3146007752917976,2.4269139674814797,2.215952196767795,1.9814961936047268,2.778351788561703,2.388697118823858,2.603981179026333,3.347297598079086,1.6260224955184683,0.8736013697393075,1.3162269081766134,1.3779565768162554,1.286081187052801,2.127617844083923
11931,0.3914280654882968,0.052842303523491535,0.19494389296007356,0.13695886409509597,0.3838808853812372,0.4011872484377591,0.5375128862524328,0.23127143500869457,0.7311589828011379,0.46296317034933726,0.5892518811819816,1.3023917091601307,0.9050133939790246,1.0347201467013125,0.5474143425730915,4.352690668395458,2.8503597673361307,1.3552757385074967,0.4391162963769385,1.3635696156781292,0.5382787688008224,1.0326871698926225,0.824588965529772,0.6969244022229134,1.9520312937984676,1.4580457578880208,0.14860983249019702,1.0137099749635474,0.38782619103888605,0.7868492072896767,0.3440913272670997,0.33274700307014515,0.0921015038665963,1.0063027441477772,0.6988985310170589,0.27803857918513025,0.4278664190482597,0.23844806356881232,0.38645797131469994,0.916488799107732,0.44109476413511534,0.7731176227393967,1.4066196153341193,1.0398052281122165,0.5195238156283715,1.448340277083619,0.5191658943745163,2.8580084143590576,2.524122140997564,2.3710543678247884,1.0389469317953233,2.015896788989756,2.338187076889842,2.8050491437352685,2.2120358238226245,2.6564442117699643,1.4938566094863723,0.49752920048193255,0.7005172930221877,0.28602320698082717,0.9404186965693103,0.6713384137122518,0.364242549458405,0.9808846469438043,0.7563206312289357,0.8080958431684349,0.4122778582178903,1.2541496701334414,1.147735653383852,1.3682167166212875,0.06912311615064264,2.528069032867355,1.116306626018229,1.0753641898960842,1.2388878566781236,2.4287927587095943,1.6274719565474587,1.4933759071990615,1.21485280953065,2.031973233915423,1.5390536315740333,2.1739397021519187,2.645261604889218,1.6858021406212802,0.03238548776633548,4.148971980810893,5.633284031057789,2.4001469605953054,2.591055395737171,2.86730296055256,2.4931795879502996,0.364569105598376,3.2552737158357097,0.8688744711077193,0.5839572856109511,1.6493011041236003,1.4377512719663803,1.0064482350452149,0.8264163029209043,0.841980802588671,0.9458523525876719,1.5987370025145862,2.4943996791391756,0.6543092492299333,1.3430962717734785,0.8076192369569446,15.115201053372726,0.91819220744697,2.6725206879991497,1.882611823302887,0.6028372269785994,1.5048905688418828,1.1923702356488985,1.7406714913387022,2.402429536271921,2.1989238447666994,2.889079554965076,1.0088957486699006,1.4397002000230181,0.6745037047293201,1.1303444755018257,1.44708221544311,1.3931269567582456,1.169294676018194,1.43226195931565,1.637623381218284
11933,0.1241996734113924,-0.011667741413689524,0.1876125070690234,-0.0406433862530636,0.47361961730644375,0.6369960295612673,0.5870298017522775,0.0794675275624022,0.7783030762538197,0.263953443773085,0.3337528602365466,0.8134027231805349,0.5843350214019973,0.8007211812542546,0.7015171147422556,3.5422092406717365,1.615156007155124,1.5837172520443275,1.726837023669256,1.6384709598732297,0.6058344881441667,1.1290085262158107,0.34442940015193096,0.4832399494204706,1.5117357428325815,2.1291912836270606,-0.05963644293938465,1.125676000015467,0.23531057342192171,0.6877843172203302,0.35295982407690124,0.2631428369525,0.07496950948501457,2.208886898164397,1.0344071499176715,0.391888431731272,0.36801336273673685,0.2506357787500564,0.7447343464461474,0.38367338578331317,0.8155619407802953,0.7946155965747014,0.6062907622549452,0.7676932109199086,0.4944031260043663,0.895027832294387,0.639170672930254,2.7924233097684596,2.9424705869262504,2.2323286424893323,0.7077745123072514,1.1876076472281194,3.81191241891067,1.7112825420176832,0.686355913828047,1.5571708335477648,1.5031987501543476,0.35137549346523617,1.4181151991462815,0.0468252164830859,0.740593284463151,0.1316571487393634,-0.05103321218034993,1.2775604562133007,0.184659428768681,0.20311333258363792,0.20232950670794536,1.1830334748439233,0.9655596612676055,0.9154877368664248,0.6942980422504811,1.2503237252122734,-0.319411102039962,0.5096329426424172,0.4784588248029857,1.9069795952781528,-0.14013229296134383,1.853409456848935,1.2373032616000206,2.851105464475147,0.7589576049586917,0.6028122466879912,3.6961107783021205,1.2541672272113802,0.12091860086954388,1.6061686503713357,11.432244847115726,0.8871564511083072,1.793455060423109,3.359766895828111,2.2142575111086265,0.3177111499878169,1.5805906545336021,0.6032787995028909,0.30018049534360564,1.7123226081934675,1.0579311078201248,0.5235935927685763,0.6415854373869482,0.6247881756611107,1.0177029064608953,1.757327684992325,2.6138636682273164,0.7260351270876637,1.9404276819985582,0.8999360320804427,0.91819220744697,26.961611171688325,3.722787150968871,0.09347419441792108,1.4133186165024412,1.288977385017637,0.8550291538950698,1.7992569659867517,2.4807775349503087,3.388605755276787,2.017048908811792,0.7794143949810144,1.3560114579949833,1.1205976559704507,2.659896811929381,1.6292602647172676,0.5758295814236911,0.8467424870971736,1.1541509304425381,1.542146096593201
11934,0.6261806801260449,-0.05424488431294353,0.39282958281204317,0.28119493895271513,0.913805242952141,0.6467208111043717,1.077069537963304,0.33702650614919377,2.307477134127482,0.6545979224461859,0.6932109201676688,1.6556202391133903,1.1340068254021427,1.517105002229055,0.6352793274194618,4.770393611537907,3.206652802785271,2.78497084456008,1.5500814107412793,2.805207985771046,1.1969910858658783,2.2485382989656366,1.0597218796759924,1.3322305377463108,2.8018275539357287,5.0316734481521035,0.08178382456306159,1.2405381525837063,0.4776806600891902,1.043525911397935,0.4381261314659304,0.3218297228412687,0.3462505934478242,1.1685150045405988,1.8357796857989148,0.4450828451151681,0.8374989521866362,0.287137631707328,0.501417405266154,0.8772893752823325,1.1318207004443117,0.9405559982559409,2.0086663478846307,1.6767979464135059,1.126100248268758,2.428227249208484,1.0265986272446979,8.53450006612324,4.615961484090259,8.46423370036956,3.152051237146515,2.2047603204135937,7.886047744229571,2.2901592059762987,0.20795859414422016,2.4704305408489553,1.725723737022057,0.7666659951706477,0.8708336212417248,0.03541521825477445,0.9417715078592042,1.03126322225768,-0.27054095148369467,1.4858793241627117,0.39911575665080296,0.5633398227802021,0.6645288338113672,1.401996760060913,1.8365557162487811,2.1936266029918556,0.7932528393810417,1.9361604664223575,0.43212314376295685,0.8785474467205243,0.6145593343063872,2.2382998934520386,1.7211458264965178,2.058599847748062,1.5718007962638911,5.167962701180786,1.9456008147106223,1.041610978964858,4.826276372390415,1.8140579347411032,-0.39629255914858785,5.869890947228591,11.778973695070148,2.896145477203433,2.2648193466544226,3.2043449521389316,4.612028558416401,1.1281087055842731,5.243912777061948,2.3536519778431515,1.7408533416510732,2.9021408307463883,2.763719368902317,1.9287509093509783,0.584517508682287,1.5049493842166821,0.33074710799325857,3.570916910427201,3.459366323942247,1.089756817048328,4.065959487929146,1.3681983015871169,2.6725206879991497,3.722787150968871,50.09183430252512,1.620478305588661,1.4238181726504269,3.399119512245223,1.4591765711695952,3.370323289723383,6.357449574550924,5.085238200877234,5.746262223097376,1.117026903399489,2.5995124707335977,0.8862629817828014,2.6938069181669353,2.9981055313039304,1.3299180412348188,1.9080785215843543,3.1336618536516543,2.8984508725319373
11935,0.3645187132528138,0.13413911924439767,0.07347236284961728,0.2088855233658587,0.79999642710348,0.8701866698243097,0.5813997259369365,0.37481051021432554,1.5940033151396749,0.8266798521022507,0.8755946356524278,2.601287242612942,1.6797996997402866,1.801001873667779,1.1777310055169494,3.7213307515411533,2.3637480437696436,2.624577612393289,0.5711339649083353,2.1377844759318787,0.5554016612766084,1.5412659612823412,1.143972425607895,1.5397824856533624,2.700013460043951,1.3126754817047066,0.4461385222025121,1.3838959857175872,0.36189461096049313,1.204639278783491,0.6976880029920788,0.4751590886481971,0.2227866657595575,1.6538202973964677,0.8976974162931699,0.48864072892320337,0.8378684299018218,0.4974015085455575,0.4086956561018867,1.257260224896462,0.46506972156600324,2.0354576021167663,2.1406678098069802,1.9335662598269692,1.3439104786158098,2.535021175214803,1.2360517370533883,2.4167134821357505,2.8028481734367277,4.6626284132317055,2.209619176669735,3.7543836987952357,5.838717998491513,3.9484425515477906,2.512963502227525,3.667215945065243,2.5880616858939276,0.8829038319649756,2.9812562977732417,0.6234811194818471,1.226123197039573,1.1852311674390823,0.5535823772891905,0.8968894439548868,1.663280347726361,1.5598841508297427,0.9653234940153136,1.7953605292089552,2.178697887594053,2.0808641912997308,0.7742056507830695,3.937863036887024,2.080142595675165,2.2945640616771827,3.2566827605711524,4.645935758565841,5.703760391670093,4.663595075004616,2.643216470102039,4.595179120440049,4.7946301459504355,3.468163055361798,2.880045127698868,3.345325986974065,1.2427801082233512,6.984199902520311,4.070005412039516,4.61575618096293,8.326972392215607,3.05938656906595,3.034580951865984,0.7666266885386571,6.854781471554286,1.9922713673881518,1.1798598530838205,3.048070425680421,1.8688208753888547,1.5583126939786625,1.568291288035188,1.4175395808231899,1.6824001392187582,2.452144448140354,3.348060661990564,0.7710340738799198,2.339977614884397,2.194217242750511,1.882611823302887,0.09347419441792108,1.620478305588661,28.284356060522278,2.0644051336282567,2.5822928600019077,2.4185687645292466,3.284407546547033,2.742877416902979,3.642386761934984,4.302794442956664,1.4342647615375965,2.8890266731911165,1.3015798583857325,2.3837372957353984,1.2725288465921358,2.0826707429472675,2.1314419826568027,2.223551281578371,2.5728258981895604
11936,0.06621052486971242,0.530509760523267,0.08365622697934143,-0.16390913347968772,-0.060910727505278914,0.6344692914771045,0.5759528134432536,0.11885583827924855,0.18689143302408445,1.0981784261776446,1.0127270184268857,1.1009957358205893,1.6299941354124312,1.5364295560213719,0.9038957865965642,2.4388224817465596,1.2972402096066777,0.5711220391664055,-0.12227074913107364,1.3267440084628779,2.1053079960768515,0.22461454529553612,2.686739668549872,3.4151735589387275,1.1061772910413508,7.224254564540495,1.780881522085058,0.5600515464944912,-0.029235023005533576,1.502647746106705,0.47000851475955596,0.5725606875358789,0.20045663370162034,1.046606120851884,0.1603170415559314,0.07668522088346233,0.4200158655943195,0.4339594242544764,0.5449692396819589,1.5037546137728393,0.7924281847119082,0.5810559767137001,1.2700127675115733,0.7327515852084368,1.5489094193862416,1.6390063786307898,0.63688635167696,-0.8519104290629794,0.18588660262536458,0.8997530495195766,4.114370084778722,2.59457708678338,1.8063503226141784,-0.06329143181982078,1.4860509795707568,1.0077947981590825,-0.4641921125587194,0.43252660824442535,3.5882403354188432,1.1240528435435297,0.8954645035141526,1.1570166591668714,1.1767994013450196,0.04363324681018345,2.0598132639249997,0.7980936419164089,0.8254529794381009,0.8818488873425229,1.715750796269831,1.5917007183490486,1.3541990119179632,2.4344172545835674,4.569664286452208,2.7664971727702383,3.140042266145415,2.83192238403244,9.314995730947311,5.902908433029647,2.169012751947936,3.8005057587590074,3.4293665752454214,1.0810908281702187,1.1335036617056837,4.786728028643435,6.055066145669756,0.4848282032568958,1.3634951519085001,8.914715245937108,10.559178867176277,2.8555701500381234,-0.00847071967772334,0.7481255111480581,2.950558652019129,0.6665519384506831,0.5599290046931913,0.34805335204809745,0.46856568569792556,0.5519459145878355,0.9492737390445317,0.6438728617919794,2.4502111835233964,0.3111946919505901,1.2354026727157934,1.0963272029677724,2.576180441334422,1.9995813358850556,0.6028372269785994,1.4133186165024412,1.4238181726504269,2.0644051336282567,51.31478249188931,0.27507813213844345,1.516541546576338,3.966146761583953,0.006776067982963943,1.7221455908829233,2.6278932356669373,0.9842957065659452,2.351350768502484,2.3143638169943324,6.881402091942001,0.10477632934493082,1.2070305799157082,1.2409337700614163,1.3233747812381589,2.5760434878759386
11970,0.4743373685886722,0.006511459715760309,0.03664998089176992,0.19637205789924117,0.7340793265832763,0.4706884688764752,0.6074329117518853,0.19095912169297002,1.331073460509361,0.49359105839048,0.5838608478936917,2.2000496721184213,0.9424236529701646,1.3300662860554775,0.585726195289727,5.907959661733347,3.1129527821297094,2.506526731730757,0.7577290476389411,1.8272169624549097,0.10511876994034726,1.1488811624472575,0.5681918800159249,0.9034788382845147,3.5058825370992945,0.8576698938999491,0.14145056409379606,1.0942962981675963,0.6698172158070286,1.0598974568793722,0.539468742819057,0.38350598787233664,0.1335435039372338,1.9329490507522311,1.7316656305284441,0.39517363910156705,0.7466464342579082,0.13764438849214716,0.7531702465733088,1.096850370439681,0.7609349428306451,1.1769720024875505,1.4624846951758426,1.4047681886128205,1.692104559671187,1.5111164514616462,1.0015815767715666,5.695295376707515,3.496316834305599,5.090711682251216,1.5344511934912881,1.7227717171651213,6.9021865901653765,4.137647907216723,2.4899103437440293,2.99666396719919,3.8788646556662627,0.9157609737071332,1.3301767622989642,0.2766151880597145,0.8634124480909982,0.5824418609521335,0.3125220428462838,1.2122577171482538,0.7232385996112348,0.7635801940383689,0.3762234685816225,2.0903500272552127,1.4816234657836347,1.4323257306126498,0.3286639046797565,3.722573831185895,-0.42134230161326447,0.6563493719468901,0.6486658396352238,2.292355057813278,1.3456358810116251,1.649102303897237,1.2067011869291075,3.7928110706029527,2.9265914280261254,2.705409593893122,3.089804908403072,1.7072030332995478,-0.31323801051113137,7.210263788086935,6.696646746028979,1.4673007098779756,1.455061561130734,1.8842324960602554,3.759100350429483,0.49346789659358514,3.607450651757096,1.264020864498556,0.7737590073395718,2.3423153832514423,2.154356876709135,1.3227290300840238,0.9337131144742864,1.0215264154368269,1.3470019350807616,3.100013237087846,3.4520639251514234,0.9365162958006635,1.430345588304724,1.3337363100184552,1.5048905688418828,1.288977385017637,3.399119512245223,2.5822928600019077,0.27507813213844345,22.796041745444274,1.3057286331193754,2.26593451740001,2.8717731328132707,4.400221149660484,3.127403285972833,0.9576233755867952,1.7885713985590885,0.4132780419907436,0.8956477039194485,1.6704871053269779,1.5619965347737046,1.3183088572567452,1.9820005953861857,2.399659620757628
11971,0.4012814696711808,-0.08142696856609652,0.038959139119199356,0.057090075363297764,0.5800994371728737,0.4802555986482712,0.3071868261658386,0.2419449140350133,1.4428882087684003,0.3924416653545603,0.46464583596114317,2.372738532949312,0.7535864180385313,1.2506762527121786,0.7745179517433234,2.480511315334858,1.9315916074072854,2.0397632613500187,-0.10178764205132347,1.2093484401925891,0.4810393038133002,1.0714162862116179,0.5503445819572008,0.7713430343522658,1.4118749580751433,2.1651877448691765,0.36609050744149974,0.9011771661651554,0.4352688847087034,0.9194757680950996,0.5183428010075115,0.2089075105598532,0.006766999572569741,0.4498331483984537,0.7219397959716003,0.1601738212670998,0.2288725964079155,0.18564139486287087,0.41734742850353207,0.6376084187724727,0.31907810787849555,1.4517147599735796,1.3438387791010515,1.5004613563269285,0.5802011199206777,1.4770527406535419,0.48745153726867174,2.7831439714312465,1.7483539398508303,1.5876665215780636,1.1701706613653877,1.754893414616178,1.632390364299598,1.5098518084807584,2.6073765868622165,4.07965824049778,3.552439367411931,0.3008989535277497,0.9870027503783921,0.3488830311063856,0.7865903048182302,0.542606813608055,0.29899071801782956,1.684442600821834,1.1885942242257752,0.42778352605220427,0.4611128842946881,1.021055801419771,1.2367450035398777,1.033260785126045,0.05263624747457639,2.9684792840345238,0.3403222109568577,0.760811070604447,0.8510697413591893,2.2557652121610716,1.3598352554554933,1.6623380025604333,1.4476264131148004,3.1106103224564774,2.2170872746161607,2.0802197240131743,4.257174910172266,2.303836333062029,0.6552596932543425,2.4854769903173417,5.022686984943009,1.2927549961687368,1.1782602599032996,1.8723290396476853,0.9923192456310711,0.2858126028111595,6.39324577890262,0.9800572859310461,0.5610200922990961,1.8153503047833206,1.3509835859200612,0.7796802013543342,1.420893469645855,0.5297940930234222,0.7065863704613176,1.093355022035288,2.1760155858189134,0.010889739224411634,0.9416294966942765,1.3146007752917976,1.1923702356488985,0.8550291538950698,1.4591765711695952,2.4185687645292466,1.516541546576338,1.3057286331193754,21.733770633821912,2.106866620343003,2.9093814425092255,1.9523361979802087,1.9245535477139075,1.099928519031812,1.4763766343296205,0.07028806860561003,1.2112711161564222,0.9375909485391192,2.1223756386121804,1.2249837211849919,1.6793786682141372,1.9757303595474087
11973,0.33164760476379535,0.26047495591872466,0.22313418106902388,0.10466133710261508,0.2240584072621191,0.793367826841379,0.8672415104006486,0.39568624638029404,1.6830314601651233,1.0932124192658952,1.228281637524116,1.9281531779062215,1.666896221112259,1.8124926813807416,1.0347714055928698,3.1301179995758415,3.258529683920732,2.2753091727798362,0.9585926781263077,2.3518421763513144,0.946034954283907,1.9492110402079634,1.3789275384859838,1.910168128694511,2.434921324545701,3.4023097120469843,0.7465607910666862,1.3596940291641602,0.5120127608729044,1.6113673787912872,0.6048569237409458,0.46401678551325726,0.3153215379844181,1.8243283580713383,1.343476334775938,0.46759349776837816,0.9054908975974091,0.3790811092574379,0.7408779753709046,1.4819080875190782,1.0659196949894576,1.4495824017155836,2.0323059602299876,1.6298630890241994,1.9114433567187197,2.1431841782568903,1.4444663682361611,3.512491663578935,2.5387700208483075,4.875189405663168,3.2240457412895913,3.5257102062323824,7.544075372186684,3.2041708388694077,2.0969860755889633,2.342783268589387,1.5974325800619755,1.0639858649374263,1.8390102547929195,0.7496212207081263,1.2828310415014157,1.2564389228748942,1.0355316994881856,1.604281781701713,1.1083275558541792,1.0118887814374355,1.120737045427299,2.009845174017595,2.0751689947434686,2.5339356556960375,0.940718442730032,3.7412995282174997,2.4275517259986317,1.8300200546194183,2.5052876194084788,3.5615969941525845,5.465368947491245,4.121712061106646,2.4146315551384876,5.988668913591913,2.8852877764242764,2.464731457471147,3.5926027639719536,3.742085744460345,2.758152708820256,5.421546311880865,2.8061944056033683,6.005915181775068,6.291871591907689,1.8946669878073354,3.641027828224654,1.3403523472036767,5.600150374863524,1.9394677562046752,1.3272968201290296,2.5934380780454718,1.9113949254163156,1.6842496595610428,0.9583902033777407,1.3446385197740178,2.1554235362301837,2.6497316183622117,3.7282653822087903,2.8491275975405417,2.6812848599979793,2.4269139674814797,1.7406714913387022,1.7992569659867517,3.370323289723383,3.284407546547033,3.966146761583953,2.26593451740001,2.106866620343003,32.469743707741145,2.1938997808585,3.8898423174517283,5.143983134108969,1.9850346977162039,3.1702041923705946,2.3849893509256312,3.5140251989748936,1.199039408517591,1.7786630316840757,2.1847360113683485,2.298086340648621,3.609503848912158
12246,0.6994619215625801,-0.08225269976377608,0.05643353352123367,0.04976043389929519,0.8069180489100759,0.6121603273512108,0.8954129618393567,0.26323220427814403,3.143595599729525,0.39085714553168643,0.698582329776652,2.4324722659785403,1.6072708733094245,2.060986818718997,1.1496552882071198,5.007302642346822,3.4322142535575804,3.045269859167556,2.197988393657951,3.84338300222403,0.6826692735740872,5.328699025350233,0.7041876787932478,0.962359665591338,2.732391601894773,2.071870620778302,-0.11231418275960682,2.0599725004859373,0.5573017661795595,0.8343418500849616,0.47346319455983316,0.35709121064382143,0.17044394888427689,3.293376950434947,2.686941256757588,0.21105009424817905,0.4330811434502129,0.19127513040687677,0.8257976047438363,0.5552043642132217,0.658722650811195,1.8510026779108335,1.6227301211458882,1.8396896537003353,1.249473487200346,2.8608448813496707,1.2348588347345673,4.570777626743734,9.296625852236408,3.931325519060509,1.9747215492292807,2.59094293610312,1.5776030295142154,1.112029772348356,2.9710864442140905,5.8030609996766,1.5144436604019065,0.06926326135175251,1.324255449487846,-0.1008604219650478,1.9033053894786662,0.43820768380149433,-0.14993522241305315,2.6923962254832423,0.7113999382725347,-0.01439132740628382,-0.1428100773568679,0.6883958937918813,1.0766149080758844,1.899095842383601,1.4940560397918363,2.4597356392303866,-0.017166292785608935,0.2399673089472897,0.3756581670379097,2.921284847040406,-0.07432615139677702,1.826441803065283,1.5563254982470456,6.320022223970529,0.6393640363033464,0.9687380539056422,8.536681995176952,2.3478313504319464,-0.2936243014350472,1.5748648356423112,13.01940697448684,2.598033409626956,1.0336248967940809,4.974709643655663,1.217091150134654,0.4718943327971663,5.267172878042307,1.7185262766448846,0.29571058934148015,2.560206749749269,2.5200176480551586,2.741731863403662,1.9051386139114288,1.2665387942291595,0.8937367121703712,2.0691639452025963,4.079178492055399,0.9243567921480403,2.4336508302126814,2.215952196767795,2.402429536271921,2.4807775349503087,6.357449574550924,2.742877416902979,0.006776067982963943,2.8717731328132707,2.9093814425092255,2.1938997808585,47.09441648743264,5.751574621245978,5.562130989359915,1.3602973554020685,5.6768841615499435,2.665421792736396,1.3390952079541127,3.999933439257769,3.831277273890847,1.6637965677563114,3.0627205541200855,3.113752430470825
12267,0.4484968493618109,0.16636877417729534,0.10740011066840437,0.170295308600217,0.6889701036407913,1.0415376525872493,0.9574373802463731,0.2760103855453232,2.0826601322498903,1.1635478102163392,1.2024264644762492,2.686300524090456,2.145374982582914,2.111627557592973,1.4049655953156475,7.474337041718162,4.814368682055482,3.9186311147114625,1.400077755279486,2.6178501843693947,0.8906684961667515,2.620891676695164,1.233498457130211,1.6886423062666545,4.172554569437492,2.42861972531029,0.09096053648856031,2.0523301229110227,0.573978908739022,1.5634861177619628,0.7990081918496009,0.6326672662784534,0.293355023038486,2.6163973500837527,1.702530038386953,0.5340149404292964,1.0521904634709132,0.46346995589152745,1.3884567963977674,2.9894255723217755,1.3857783582636698,2.241243850768933,2.4231595108541595,1.9346278369371994,1.5349347188045317,2.20697406576922,1.2091876004112256,7.917369558567927,6.89348723776446,6.072384738296939,3.0559448461826246,3.501523677674457,6.000140621258341,3.9908841758554736,3.7591890805099846,3.8271533670518885,3.969864276328285,0.5755688358107827,2.6065545048869936,0.38718252525545616,1.7978780295608483,0.9726665725445506,0.2730653180780444,2.592026019534512,1.284869824488888,1.1023030491719454,0.42155384163790194,2.5506932786223633,2.5845298119474585,2.629203095808204,1.3920963910858175,5.9110593786810455,-0.46843685851065264,0.8111972000081068,1.043705239052913,3.188855825520433,2.1698536879262695,3.3240889898954036,2.877504383293718,6.582911446498611,4.270859999138109,2.8293932936281183,5.226673304500161,3.300187308432741,1.0279188937540382,12.034202286477818,14.43348440923036,2.107762705792092,2.4043923675135033,5.615974463222754,3.710395307580474,0.6074276296534926,7.758728601262219,1.8583303567803204,0.8957820688285106,2.109745051840312,3.170676516701192,1.8886625506034558,1.285982081986031,1.5548704028518645,2.863255426367526,2.9091033542903753,5.958119870569475,0.2663494366668888,3.3901056352415084,1.9814961936047268,2.1989238447666994,3.388605755276787,5.085238200877234,3.642386761934984,1.7221455908829233,4.400221149660484,1.9523361979802087,3.8898423174517283,5.751574621245978,39.87202633145256,5.376273222822693,1.5556487098787424,3.6151208126098644,1.9601214142870986,3.330106523824327,2.6318796541493668,2.597022462036828,2.2119770195681316,2.481855683526829,3.1787592456228326
12284,0.7732273592657979,0.3221917179718194,0.4004906870679158,0.22017791031274697,1.1660687388857887,1.1056729844124706,1.07922250038761,0.4192530142785554,1.7104794390660882,0.9997844909066043,1.2440160723550036,2.60978584220303,1.7483454651563881,2.707491564241724,1.2957997911524275,10.246225755351114,4.677070328022895,2.1544900483039595,2.017394926379337,3.363145058627725,1.0622958799854603,2.5342248019654487,2.3580574943010504,1.8742196305355723,3.417669838380554,3.3768155154447688,0.7023328731275686,1.7244193205768135,0.9355176816143906,1.5702159251455632,0.858011353736131,0.6137945014737664,0.4490291465436185,2.646636604443675,1.9291580995993025,0.793516526218303,0.8364813215904864,0.5248707801189583,1.164017083166394,2.3523237758267577,1.0359650698041996,1.9553418201366788,3.1192958393976125,2.3660574352264248,2.074052979256897,3.474463938526692,1.4336589408003733,5.480198158390163,6.190801080104148,6.300981515179346,3.7769843401699554,4.486393293989769,5.500033140588663,4.060802642866601,4.041048331424804,4.426273200907678,1.9873535894191476,1.0111020243387678,2.1850006175218195,0.6639744956438893,1.517353684192837,1.4355229692791436,0.5922331214386953,2.206641923244394,1.861686258269453,1.112426930967305,0.5455937501384289,2.7615010770369377,2.6369499862230876,3.1317393267658895,1.1049099518387804,5.223321520631907,2.4035566481921826,2.725713197207816,2.537629268365939,5.416210109473911,6.383627263664618,4.927597034125558,3.3580563851602725,9.48289466166352,6.012328754736876,3.423621285911913,4.93810486648121,3.7133342651396495,0.8752423042556065,6.693546539213556,9.523803150551254,8.50561187761209,7.422020635965131,6.1041353757412535,3.6039330974152195,0.9336696489528074,7.85407214112122,1.8221492632380782,1.0780357100463998,2.7265723948510194,2.5406157247947494,2.246360496024555,1.5996490023274095,2.02096839100338,2.1522035268266433,2.8926574132944105,5.487021155038809,1.2963552326577485,3.186770496207836,2.778351788561703,2.889079554965076,2.017048908811792,5.746262223097376,4.302794442956664,2.6278932356669373,3.127403285972833,1.9245535477139075,5.143983134108969,5.562130989359915,5.376273222822693,39.91222666403767,2.3438247213136396,5.357706859581929,3.0677018354316,4.41118059564931,2.179838174076658,3.534290762444345,2.7322125668285167,2.815922223114907,3.5342095223000665
12286,0.29471751704419924,0.20204845462360235,0.08021535814734007,0.13519878037795877,0.4283876798165878,0.32758364799365436,0.3777914597267251,0.16727305151533212,0.6179420679799831,0.6750537812659879,0.4142150547701275,1.6117994106725553,0.7172882386095787,0.9876525085336352,0.4772488919325682,0.9001851357410989,1.344160755141675,0.6088978177302985,2.5674346534857886,0.6640944845438869,0.2295390212736588,1.037808698783231,0.5103277360458168,1.0529657679654219,1.4585905223245221,0.781987002903241,0.5294791802998441,0.9717175408723744,0.1504597911756956,0.7155056831452064,0.35877653083225647,0.21960027355278153,0.08923399986810833,0.5475149881730578,0.7343861210348515,0.31043794141475517,0.6841187791511675,0.17947634387371966,0.46075028984563793,0.1462346514566774,0.7939761044355811,0.5607180650259733,0.9841782872076722,0.9471175798740827,0.6418153690280347,0.9626429645782069,1.246281399428601,1.1921348268839984,2.0109502363677243,1.2124190811263202,0.8088375205839735,1.1300197261773521,1.5236476345769951,1.8147419163389302,0.6626057565946285,1.436476728871052,0.8239889012236804,0.2672258161930929,0.9015496971322489,0.544868836860317,0.9381954238757007,0.9356095553382212,1.953609565789773,0.9680197087836111,1.0082179291549582,1.3174366914110385,0.3745068618773129,1.8408913962760944,1.6068952545881379,0.9571690747570036,0.08924577249432666,1.8541572595580893,2.5618033210651148,1.577016635783145,1.354172670610949,1.5111864219294913,3.1257031147843857,1.4689430778782246,1.52579890262496,1.3082484413332898,0.9001104396949751,1.6972248629554618,0.7782986640565508,1.0752329151897868,3.7365746827449784,3.673700281253203,5.319151631865139,3.530962933825212,3.9034445646448184,1.1984523467861483,2.526989055410475,1.776819963690186,1.775138386294524,1.6283467853795375,0.5608796074489741,1.2110944649058226,0.8238290368762279,1.0645612610044952,0.7448542088951396,0.8550618158882887,1.2401507747195872,1.5043177460041157,1.4011993464764212,5.4346191785743025,1.0410165293575215,2.388697118823858,1.0088957486699006,0.7794143949810144,1.117026903399489,1.4342647615375965,0.9842957065659452,0.9576233755867952,1.099928519031812,1.9850346977162039,1.3602973554020685,1.5556487098787424,2.3438247213136396,20.512506054896157,3.5065694675014183,6.017250038563887,1.0551134011655225,1.5308886308165313,0.9108790373481264,1.0124175649678402,1.1599873302347514,1.257241777754832
12290,0.4660083052671189,0.28745494911100283,0.11905422961415886,0.073904047038875,1.0220139665228993,0.7679895114107438,0.6912266877267271,0.2775575582925316,1.9608795112982567,1.000862073360519,1.0712488180739825,2.1517824730092996,1.7605148097920424,1.9464949353661651,0.7532221512817615,5.941434160171728,2.554455530252912,3.0304476217259237,5.0640798651537136,2.2834169438535454,0.578158709798475,4.352664994139193,1.1285665344380402,2.1146651433281196,3.818696168372533,2.7518579493155824,0.3952510880361359,2.032423582315701,0.3440803044580675,1.203691606491707,0.6964788111005703,0.38750731321357085,0.18324636843554234,3.480321959314925,1.7252358286329221,0.6423284005099127,0.963048226443194,0.3691065368114922,1.1010765523042185,0.897465711029289,1.2492433263371472,1.6138772081359642,1.4528503536857889,1.5754285124730572,1.9005940018044383,2.395602979511045,1.8845968303134513,1.2072891577614495,4.288922145825801,2.326630009653062,1.4063100540289046,3.613559274490298,6.188172969670258,3.1507635619478025,1.6548626396254436,2.7833534502533404,1.6235529492052845,0.5795648593218359,1.8803884797989041,0.5609958144420307,2.3178124881752344,1.0923592864331357,1.156469033801083,0.9218837026282376,1.6095374787060226,0.9012679751088853,0.5444196996854379,1.1998445245245368,2.0237800586854355,1.9034165207865135,0.2913662413224358,4.514784973230753,2.484874564380265,0.9767073175847107,1.6970477514292548,3.618572599102569,1.9497061991340416,3.8096836179924556,2.5641373739962106,4.438744247660206,1.9849975541542455,1.9116027055608902,3.719207186296523,2.537260499142995,2.4819291815883924,5.1754001465264565,7.533380807953603,4.148135893524143,4.398736914162039,3.4956836048997086,2.684228155590211,2.4057306763199766,4.010242276919291,2.0403184975648703,1.1098635040230507,2.4762573964694528,2.0269224980280787,2.2847116993174676,1.2864332344756866,1.641073988061227,1.439031021579408,2.8856828897345315,3.0822050298735966,4.2988520208586465,2.871437149811919,2.603981179026333,1.4397002000230181,1.3560114579949833,2.5995124707335977,2.8890266731911165,2.351350768502484,1.7885713985590885,1.4763766343296205,3.1702041923705946,5.6768841615499435,3.6151208126098644,5.357706859581929,3.5065694675014183,34.858559986791285,5.578803834093463,3.740022482059372,2.2618775301133396,2.4111678009755058,0.9263942614550962,1.8990115378672905,2.4023049965305017
12316,0.15122127564906684,0.20615990900369657,0.18013902681929891,-0.05968331638841419,0.2693696532446177,0.24986687788653225,0.2589321476139835,0.0891540677303443,0.30796408382677803,0.7271733809430198,0.4812223328120639,0.46252116446318775,1.0087460351559943,1.0090060600324282,0.24264378366997236,1.6284230979375893,0.16667454393547737,-0.3864536202282708,6.622908870748617,1.1036051218256693,0.28027623078724134,2.131633140954828,0.9941584624424192,1.3581020618287174,1.8514378406175944,0.13105113229086918,1.3816610345265334,0.8463830350049752,-0.001304875335527043,0.5831045802365005,0.5535651104539518,0.3697890824969922,0.06352324115180877,1.740175258351973,0.5295251898799874,0.11602354573077127,0.43693277925487845,0.07095725188818565,0.6582248901733607,0.633909802696268,1.8291833381552731,0.3157035926106032,0.3114734731891772,0.6424122118590301,1.0534167903860416,0.5724846799125677,2.950751435947909,-0.02163661399193807,1.1741479247638458,1.5027379973287018,1.9081161421270478,1.5921445392408966,1.044046151815145,-0.23240515865704583,0.2939409970047824,0.7973314610933631,-0.6412257261115757,0.1308084846527107,-0.08877352956517941,0.510079042719886,2.0276286751487107,0.8503998796321234,2.835902881911524,-0.236222136810526,1.4932841654364486,0.5586005418875467,0.44285090145752065,-0.06800794178156758,0.7342202533102868,0.48726803621878867,0.5494335635898592,-0.5157293178443398,4.661610213266475,2.6739374541727967,0.9678564374389647,0.9281706411036371,2.7297139891889297,1.8304523999085467,1.7635169249762601,-0.07902558273570556,1.001736500321888,0.014550300891967455,-0.05220454608833644,0.9086040173229245,6.941545254214139,-1.558844082679836,0.6199277897139216,9.815941643269358,2.8251876131902987,-0.3003009333929078,0.3362991855744557,2.804135940269451,-1.5053015210133316,1.3846315926263966,0.6754229626449845,0.03608138896116874,0.2559145037312345,0.851154144288833,0.18223535250482364,0.8259276536148253,1.6042189143813257,1.4522022276935567,2.340912989679655,11.793496115302043,1.7887360173087936,3.347297598079086,0.6745037047293201,1.1205976559704507,0.8862629817828014,1.3015798583857325,2.3143638169943324,0.4132780419907436,0.07028806860561003,2.3849893509256312,2.665421792736396,1.9601214142870986,3.0677018354316,6.017250038563887,5.578803834093463,71.89080700124602,1.0419252722855565,0.8877639434763497,0.586762865838764,0.8420462774435378,0.9007092944037833,1.5391653158383243
12346,0.19255933796574584,1.3415023540470565,0.06772918652260497,0.098031355786422,0.4440758243583663,0.5782582390545591,0.8748374149468879,0.20389861919765717,-0.06766829609725693,1.063979657074378,1.2409521120984162,1.0620475986829125,1.6247307541222529,1.8622224205370561,1.3233577389171611,2.623738542891681,2.1756004186461517,1.094583248471218,0.19084630866560157,1.1269057016907424,2.6884512231616178,1.2243924450441626,2.039866352826269,2.8661179331933693,0.9182238004782944,6.028978536783694,0.6538440475676044,1.0393461647667956,0.15093658687004646,1.6448599934846124,0.4917434453419195,0.3048317218747573,-0.03859673035709816,1.5908727037688073,0.573591317011815,0.5537073625879091,0.6533449739917373,0.681767541624537,0.941764315687647,0.8614090438401654,0.996747625714929,1.0539656677745477,1.1624904942748333,1.1814039514964798,1.6010760110358107,1.4981492404883507,0.6630194789279374,0.5268220319247495,2.1770630591468585,3.8097593596283446,3.842547116326881,3.079985481349384,9.012152981781881,1.7144707116804179,0.853187080197652,1.5647989448752397,0.17069985806467672,0.9419855590201642,1.3214965210480283,0.7260370488115064,1.5546245783294284,1.0013946520467285,0.2707730639271869,0.534384017818894,1.2539046076266291,0.6859810712152916,1.331436907167583,1.261146305293821,1.7512916386207344,1.6922585995113646,0.7240004177664684,2.2579743558523346,2.8239962580481084,3.062921374227775,2.2945714028705244,2.000069566501789,4.051654710868293,4.836629624185435,1.1514426695370485,4.557646115105249,2.1522773853866375,1.2231827965257762,2.182045584669838,3.7377233091155078,2.017915460928769,2.88217820540494,0.9946130315488384,6.220605158079454,9.089716276367874,2.3367729941735527,1.3686132656216181,0.6022405570962314,2.6123317328723696,1.1289062659804296,0.5117254965577991,1.0617338120545645,1.0500175113003216,0.7822361453271585,1.1837531701763964,0.7071173363007559,3.4133845169903356,0.807338064878614,1.9074256061987118,-0.18138519381398205,3.005576570394762,1.6260224955184683,1.1303444755018257,2.659896811929381,2.6938069181669353,2.3837372957353984,6.881402091942001,0.8956477039194485,1.2112711161564222,3.5140251989748936,1.3390952079541127,3.330106523824327,4.41118059564931,1.0551134011655225,3.740022482059372,1.0419252722855565,51.50470883087102,0.8693265561886248,1.0818675975380703,1.6743451031998569,1.7397313502644922,2.861715908360424
12372,0.5705492356454758,0.046985641069819103,0.04612009872331116,0.1508277048198713,0.4249436508402191,0.31648815580763096,0.49163767760748966,0.25876457722159973,1.2159828690392969,0.5141667773324042,0.36703381521051365,1.8061283965001222,0.8189245950345171,1.022736405764199,0.692515446989378,3.559463622383527,2.4562491591040656,1.946723916874291,0.9339498690017463,0.8400547005421558,0.33692472856927846,0.9876267130450725,0.48019904237665634,0.7510345564180215,2.143890481059026,1.167812385314523,0.10657803604746004,1.0010105482168254,0.4791042186596408,0.6264045071222032,0.43637600152709505,0.23204787341513772,0.09367356501468263,0.7973540779181778,0.9707970254279776,0.24611542666019895,0.4149437684243033,0.28032383361783997,0.7396351768011021,0.6301288460237985,0.842447520448365,0.8435084497848766,1.1105675930255672,1.0593956762515724,0.4891429896545704,1.7849930228811324,0.6643633034961743,13.621083337700673,3.1710823582247207,2.508179726434997,1.275426362896728,1.3678465138903841,3.7156404211341414,1.990457349775227,1.142033607280938,1.589110029870287,2.051876803108268,0.11774381480477811,0.9262769448458866,0.03796331392430931,0.7301627272739043,0.2819442020163686,-0.044625168540751485,0.2275385834020308,0.541580843354126,0.43688606281037257,-0.0034915134990951813,1.0090928524587606,0.6403408742789986,1.0268653590163888,0.5318678584094307,1.9053354136118945,0.03195871841853302,0.4867085166224151,0.03810937078066331,1.2370412550644831,0.04359375507331278,1.0702482292996018,0.7642344176945332,2.8720237615661213,1.1558307998925843,2.0506801844823266,1.969829386602431,0.7585544866860512,0.11501848400901583,2.381615798242849,6.007926530127675,2.4396059200914566,0.09107809769483602,2.033062537636568,0.7493837329969921,0.20602870874658374,0.7146627057554441,0.508293603652968,0.10735095252999063,1.4014506481424103,0.7523956662628345,0.9865775119051221,0.4979818748289251,0.7186157256191915,0.6182750006172022,2.2979375180613077,1.8270587728674708,0.7996206650941964,1.4103650714803977,0.8736013697393075,1.44708221544311,1.6292602647172676,2.9981055313039304,1.2725288465921358,0.10477632934493082,1.6704871053269779,0.9375909485391192,1.199039408517591,3.999933439257769,2.6318796541493668,2.179838174076658,1.5308886308165313,2.2618775301133396,0.8877639434763497,0.8693265561886248,20.435405624826377,1.2164840194240099,0.8821935575308063,0.9921775260029112,1.1315444340265404
12562,0.2778886718554279,-0.029332710049543263,0.04024767138550863,0.10413939195325891,0.5808930765783509,0.47992603060808836,0.41426000894803355,0.18586865000446165,1.1316493100821632,0.4420642164984908,0.6271626237783764,1.5532371083823422,1.1610725784289648,1.310396347373719,0.8680513316316966,4.654945364067635,2.631123968777232,1.682185915982024,0.3987181561304634,1.5543758736510846,0.4729178563599785,1.4512101980559593,0.7489074613642429,1.2061905960515502,1.2484272082606989,1.4620672612948453,0.3807658208915795,1.1372510708595833,0.420541396436832,0.9484039286350412,0.46287924541567976,0.16015023754670077,0.07872870725714627,0.6562270825709635,0.462914609404244,0.18383052624966897,0.5806979377210263,0.21478981646286463,0.4780405855123683,0.8046903049546071,0.44925345605568756,1.1512840876778576,1.1976489257958156,1.1036265286671783,0.7700933459386918,1.917953864587296,0.6927487343411767,2.923902690379479,1.6267211152833072,2.0892446489231205,1.334952094381904,2.5190744211802576,2.5579662111464523,1.369931787274145,2.522861331725349,3.7268378699434455,1.1556638895103313,0.20764300914496578,1.3036636064024862,0.2686908774959936,1.1995128996485587,0.5978021112048166,0.5046294728068115,1.098400475829697,1.0941899117310798,0.5104756453739311,0.3064719819220047,1.6111733566579287,1.7628650577250122,1.951677723219593,0.33539655995040085,2.9275051439394453,1.5734938340515057,0.7958261338484369,0.9973213536396803,2.3503886164723005,1.029787479775303,1.783324350069942,1.3529323894503362,3.7756517575910356,1.775363493024385,2.243168203592051,2.510311047552137,2.358313033956107,0.6271828551353719,4.0037972628020375,4.695976437062337,3.6456472151344905,1.398337192716446,2.745765032237561,0.2559524772767666,0.1421755023087933,4.343711732757827,0.5584322999964377,0.3092555701973394,0.7777697167280412,1.1948765429818722,1.1348455626088783,1.431116656154849,0.7039609211334451,0.7395188384696689,0.48329791748504836,2.2427835369149,-0.1331853651858688,0.8541136213912612,1.3162269081766134,1.3931269567582456,0.5758295814236911,1.3299180412348188,2.0826707429472675,1.2070305799157082,1.5619965347737046,2.1223756386121804,1.7786630316840757,3.831277273890847,2.597022462036828,3.534290762444345,0.9108790373481264,2.4111678009755058,0.586762865838764,1.0818675975380703,1.2164840194240099,19.02339906677972,1.409345109903725,1.2005499924671412,1.3560757479646113
12568,0.394662355972917,0.10340907079992476,0.10371517839970748,0.1311340776170678,0.35165134635945133,0.4571642110464749,0.5927391069378398,0.17407782662632215,1.229934102334147,0.6351312501275144,0.8336071769258446,1.2773829539686157,1.1195918878786604,1.2114260000045383,0.6615606013220173,3.518950216473807,2.9351666314106755,1.8049951882581343,0.34268347420506146,1.4634354668999663,0.6391759747905184,1.5399639715970486,0.5444077234908304,1.1335762780601841,1.9574038721850056,1.2280290810552899,0.4157036488935855,1.1984332447176322,0.35681502697043177,0.8736526092617635,0.4292453467694708,0.26592352282326714,0.18046197396746874,0.7702282359510091,0.9410047673390834,0.3677996626758448,0.6826890983020324,0.36695412309504666,0.4139857253170536,0.83423545577712,0.530539575280002,0.9824515017190907,1.784720031096493,1.3158530816793206,1.143004527500198,1.4621314815834145,0.7577733747376318,2.1246762549988563,2.1116881074603002,2.5372602036889593,1.1775469970276278,1.815515451470906,3.841226045786731,2.221932527950887,1.998132780900709,1.64391084218923,1.3872415239814484,0.46755029137136717,1.1843613259078376,0.4802720593161781,0.9455286599137773,1.026518437073668,0.41822236524589695,0.9189963735835867,0.9356031207054865,1.0184831465213824,0.7142426652420768,1.8057361991030967,1.6608481573661724,1.894045626833578,0.2191841839774326,3.174690353694929,1.7269334945229438,1.6129684389212426,1.850259076939387,2.4547537797997077,2.9106061889684494,2.3084259910137,1.4784322090055064,4.634385512799074,2.502027644455196,1.646180539240322,2.5306337455902237,2.0815447779997185,0.8005358115098788,4.479131243569383,4.303846901745898,2.0413205404672636,3.6522744366218216,2.1614297401196003,2.205835663219012,0.6733773291763233,3.587364561042229,1.4413197110693143,0.9816912939431961,1.3470547922500755,1.2299063170118105,0.6032247659415676,1.1254237688634237,0.9646620463930294,0.7559549001357633,0.8701221834639595,1.9358142234283042,0.9366572946230711,0.8590323503758166,1.3779565768162554,1.169294676018194,0.8467424870971736,1.9080785215843543,2.1314419826568027,1.2409337700614163,1.3183088572567452,1.2249837211849919,2.1847360113683485,1.6637965677563114,2.2119770195681316,2.7322125668285167,1.0124175649678402,0.9263942614550962,0.8420462774435378,1.6743451031998569,0.8821935575308063,1.409345109903725,14.278097793106904,1.0418260013842089,1.590489841197559
12619,0.3293838600483429,0.030930714924097116,0.09347949736006711,0.07304820358492652,0.5784487314205001,0.4807968548391403,0.45331835920613656,0.1640107635500826,1.0701935285431317,0.5968695600462767,0.5850394009732229,1.4448286057108837,1.0555325688612758,1.1372302794215055,0.9337776463516855,2.732144057456876,2.2047685195225615,1.3755845297227083,0.570348654837756,1.6605432779417255,0.48846856251126447,1.5290170326122756,0.9787729534818759,0.9040867038792132,1.8049964830131022,1.1833788340453117,0.3669697526588751,0.9261606668307676,0.3554940693988778,0.7571195092501689,0.32292400981187275,0.2446975798391787,0.10622500943207483,0.7129222275927545,1.0185478222106554,0.2760054396824678,0.40617872204939665,0.2574777638506738,0.5602425664508167,0.950098964975693,0.5265969953231129,0.9898485984822916,1.190191859241116,1.1636688260038297,1.1146097003679236,1.1995704993731977,0.54899187414831,2.779702826390044,2.192868633103827,3.6127888051231363,1.3986915113082845,2.0024537557866804,1.9757820875762007,1.87362438138011,0.9958597766731407,2.5966643458421172,1.9483176550406631,0.47671641311188606,0.6080641618674983,0.330589351419907,1.1644959094917404,0.6916449285134355,0.1486290990252177,1.3474233778335696,0.8601339791646755,0.7152606570018606,0.47685688125427267,1.3842626470586954,0.8418604807609021,1.2596705276485545,0.9272434154415383,2.482914924398119,0.9596757676935289,0.8945417038426844,1.1271202460685823,2.2601113346088226,2.458000180914246,1.9498471261228942,1.4840678192615966,2.3378702372519253,1.97665489077883,1.6794823761234863,2.9611137063207122,1.658962217768632,0.5966048298575376,3.428334264110615,4.7787818114059695,1.2596057048367784,2.835630658262125,2.1251227710486527,2.4279331764673735,0.42044434948816706,3.2875297018883045,1.0899896468365062,0.742581111385676,1.7764772895670953,1.4367681675540551,1.1185883344385945,0.9482982380800801,0.9635182618514422,0.7441085506956892,1.2605593971938809,1.6583248108094752,0.8885135573668753,1.1889363804900555,1.286081187052801,1.43226195931565,1.1541509304425381,3.1336618536516543,2.223551281578371,1.3233747812381589,1.9820005953861857,1.6793786682141372,2.298086340648621,3.0627205541200855,2.481855683526829,2.815922223114907,1.1599873302347514,1.8990115378672905,0.9007092944037833,1.7397313502644922,0.9921775260029112,1.2005499924671412,1.0418260013842089,14.407769478760457,2.18870316335707
12637,0.48641357447279754,0.011521942123778186,0.20367968767914685,0.10438805218143395,0.4140000475556777,0.767837545909156,0.6604239157292846,0.309681589707614,0.8565548033333131,0.6498030330652934,0.8313362640397559,1.6757601083112994,1.084477996332237,1.2993882775878733,1.01513828069271,4.290728804723939,3.661576890619273,1.984280292214406,0.30026446196275414,1.9383005593031697,1.075099968858153,1.0532245106590974,1.3236705774033157,1.6021931629346486,2.129669302332296,3.7811578799534074,0.21107949929373868,0.9021014197469177,0.37997046419339914,1.1128909650589318,0.31595050101687583,0.41596616602405695,0.22416242584064408,2.010346570567325,0.9206540512999433,0.444095225317682,0.5266804138221006,0.26171598987048916,0.5658609639137456,0.9265068523618404,0.6649561102088036,1.190269527053433,1.4536313184293337,1.561410131077829,1.5930294639427434,1.8519958320402086,1.1584345729307073,2.891969283739204,2.357204230204901,5.063727841378239,2.564116262862055,2.4733714650650906,7.394032364546645,3.316675614273212,1.7998835629571528,3.0255426270498598,2.0000723590624605,0.9465825189594937,1.6030042704862861,0.4841638816477973,1.107351124388601,1.052848225272743,0.3188018396742026,1.2604488798163707,0.8223419401657723,0.8565098291647407,0.6802233836763678,1.9132238689718473,1.4721090553589573,1.6764221123249778,1.6037492964318594,2.9947354644908133,1.714347236049821,1.385390341852068,1.7245843416383608,3.231193548016517,3.732384339748719,2.920197720050761,1.788867624207946,2.444310355728667,4.205062884993105,2.36436954037306,3.970917450774036,2.4510827663322483,1.304042737115549,3.7768266803577117,6.16710829036839,3.54329899533047,4.471734419013544,2.9959362091945723,2.1150433442534062,0.9396519910584282,4.48702650352051,1.8645291487039704,0.8285960322066633,1.5022164912752338,1.738144585466263,1.5168510108631803,1.539398722676099,1.2501519774931975,1.5009740498116566,1.787338780187314,2.3127257280453835,1.143127629213848,1.6954419734182966,2.127617844083923,1.637623381218284,1.542146096593201,2.8984508725319373,2.5728258981895604,2.5760434878759386,2.399659620757628,1.9757303595474087,3.609503848912158,3.113752430470825,3.1787592456228326,3.5342095223000665,1.257241777754832,2.4023049965305017,1.5391653158383243,2.861715908360424,1.1315444340265404,1.3560757479646113,1.590489841197559,2.18870316335707,23.65761433776025
