,2158,2162,2196,2197,2199,2200,2201,2202,2205,2207,2237,2238,2239,2240,2241,2277,2278,2280,2448,2484,2541,2648,2678,2738,2757,2778,2842,2859,2860,2976,5404,5432,5435,5436,5437,5438,5439,5440,5441,5442,5444,5446,5474,5475,5476,5477,5479,5505,5506,5507,5508,5509,5735,5743,5875,5908,5940,6191,6216,8955,8861,8868,8904,8906,8907,8908,8909,8910,8911,8912,8913,8914,8916,8956,8957,8958,8959,8960,8962,8963,8964,9001,9002,9004,9155,9330,9337,9390,9401,9427,9428,9446,9465,9553,9651,11878,11882,11883,11884,11889,11930,11934,11970,11973,12286,12562,12568,12619,12637,11886,11887,11888,11929,11933,11935,11936,11971,12246,12267,12284,12290,12316,12346,12372,9000,11931
2158,1.0,0.0143611161237485,0.0269581288572455,0.0328428052005576,0.0172476856818779,0.0411825207207789,0.0492351729911501,0.0313827776028561,0.0290955812711152,0.0297598682110382,0.0290254708743054,0.0387243435253692,0.0254668034869819,0.0494956637011332,0.027816919336554,0.0035482377861584,0.0295672481139596,0.0279482764292426,0.0108657831649555,0.0229461045687807,0.0088449790034363,0.0178964386289419,0.0069680610540887,0.0142268989380312,0.0513699697821926,0.0271228544700993,0.0150339704529773,0.0695260326743581,0.0599813779005634,0.0467879364219187,0.0340594007518657,0.0278056244112492,0.0303431317428354,0.0109198539572562,0.0550226991464377,0.0272348806114737,0.0542241643483133,0.0293571270329371,0.0330083042819988,0.0074847494417718,0.0270830011150273,0.0505244849085702,0.0346757124330562,0.0489733454625229,0.0153031644150805,0.0374736539456519,0.0543092621796532,0.0217717508693155,0.027786873092919,0.0133351953763684,0.0091851270941474,0.0351510724659324,0.0198748923361657,0.0184612793966123,0.0358457715797385,0.0204663277811287,0.0598748022601792,0.011711436577569,0.0092141038798737,0.0033432470705131,0.019490445443167,0.0171890377183001,0.0134926966653132,0.0091837454894207,0.0120016528723129,0.0408841620447502,0.0204850235988434,0.0096944139019599,0.0086178017092231,0.018268106808183,0.0242213967859408,-0.0051825742732964,0.017308770510095,0.0084354358580783,0.018371839850073,0.0375320141086268,-0.0007417624653885,0.0256874553561009,0.0252171527599,0.013866301647987,0.0154801386433423,0.0238767432441774,0.010041800809115,0.0053613897368438,0.0201269789622334,0.0266888304792127,0.0221642572548414,0.0097781939553728,0.0052266320361373,0.0247219955205093,0.0169993510495397,0.0253075054738355,0.0060924622010501,0.03650158516106,0.0304854491116746,0.0459987463290469,0.0379561859197968,0.0187077893897336,0.0239999929825666,0.0287832430767598,0.021658395592883,0.0346873886190487,0.0389504991765644,0.0228188022317885,0.0255124401064681,0.024979410985373,0.0409492486561115,0.0340219614972338,0.0392080842017703,0.0326303246282144,0.0536799924636448,0.02219013934354,0.0371126777067469,0.0093778426803208,0.0268721299050335,0.0036237747462329,0.0337471401661877,0.039960855402217,0.0278471434763452,0.0479854578924405,0.0309452749145223,0.0069924863547177,0.0105195345804924,0.0494831007905155,0.0163399004340126,0.039473024754201
2162,0.0143611161237485,0.9999999999999998,0.0101158630334674,0.0055377879368155,-0.0022278636260993,0.0125097953969054,0.0215361653960337,0.0155046375214354,-0.0037296900316095,0.0540996835025015,0.0202983146038013,0.0124367884716837,0.0207311873984466,0.0406745430773479,0.0065511049045368,-0.0002464253990896,0.0028495471114161,-0.0040509305216255,0.009438554014632,0.0046623184692008,0.0056005646840153,0.0078500126577918,0.0368827248441096,0.037914007122985,0.0149311482459846,0.0027098976362723,0.0281251309314924,0.0361975233385148,0.0024332874705502,0.0118343901106773,0.0198763326855702,0.0107074484786663,0.0166470973702848,0.0037630364956447,0.0017143389719185,0.0053907959348463,0.0198319507951011,0.0241392207954292,-0.0011924765039576,0.0068529252347167,0.0138454277247027,0.0137102087129041,0.0099934892674526,0.0089955432664451,-0.0009724165311133,0.0111299369761444,0.0101668362440932,0.0105154291685613,0.0051213921563389,-0.0019327084745579,0.0404378617893071,0.0045339056926136,0.0042823036280707,0.0052501852515816,-0.002226719894099,-0.0008667787123221,-0.0016679032463024,0.0016470656215428,0.0136834973106251,-0.0035197409774651,0.0081065067501083,0.0143990774720007,0.0101787661653985,-0.0022161520931863,-0.0057130475531384,0.0117211113446645,0.0244770879735421,0.0097838142922056,0.0120092791116747,0.0002830741875216,0.0151512546975525,-0.0062511174561153,0.009973291727847,0.0066102831912925,0.0045528985548161,-0.0026707142947031,0.0008924704075302,0.0178966102601137,0.0128637361076693,-0.0063254787025915,-0.0017321436491889,-0.0076697535503531,-0.0040450353974443,0.0029430629663792,0.0013616460136823,-0.0026224393702394,-0.0016554890991226,0.0053567082799566,-0.0056983005944406,0.0159945910456634,-0.0032757878303305,-0.0069789663619819,0.0112367711991491,0.0055104749453186,0.0134010595664069,0.0199040792415277,0.0147585691786072,0.0233226527309938,0.0046950313658366,0.002089249235818,0.0108931855393003,-0.0044315710461664,0.0007885532623791,0.0264307166849871,0.0257945863930058,-0.0038885754199287,0.015823620410809,0.0047116603863779,0.0013696910314895,0.0421157849844927,0.0052379130071589,0.0089441317791718,0.0355777422017123,-0.0012992606082969,0.014583598494716,0.0428207755720996,-0.0100991104897648,-0.0069302331894855,0.0152342142651333,0.0294878962914021,0.0281512358744459,0.0140588543300111,0.1080812521594407,0.0060097433011693,-0.0014346462476367,0.0078588169600613
2196,0.0269581288572455,0.0101158630334674,0.9999999999999998,0.0532877573277453,0.0103693357500275,0.0351142419895779,0.0452805550766538,0.0422995900074506,0.0076392275737133,0.0155508181454682,0.0162907013576383,0.0162009721770848,0.008435181208573,0.0232021528497536,0.0140233250714329,-0.0029946706821717,0.0211382065599363,-0.0009084812441596,-0.0029599653896613,0.0199330220555149,0.0121319963216876,0.008870218746333,-0.0013527257209095,0.0029881215164243,0.012995360167517,0.0415169912418543,0.0183540500618447,0.0150185924174951,0.0444261258218642,0.0309360103140542,0.0171683015044135,0.047728344470099,0.0532613056220003,0.0157092960382569,0.0405887970503981,0.0126773497214627,0.0257854308005621,0.0071678385070673,-0.0008458309296836,0.0066463425767283,0.0192908998006627,0.0020593092156039,0.0245996134340701,0.0339767418761621,0.0211235916457368,0.0093053947534564,0.0062124366934682,-0.0057245947861856,0.0054861980000748,0.0264348294503336,0.0196104968990801,0.0269102750657665,0.0203849714845711,0.0048207475964935,0.0032775893151724,0.0203334493297899,0.0109266463056925,0.0190078145411068,0.0008825806637711,-0.0016742118089959,0.0203081089420254,-0.0083274314585979,0.039372354870827,0.0079300224216977,0.0153332329243317,0.0064225924919236,0.0110066338184001,0.020119415785095,0.0080695396687883,0.0080137208054516,0.022495184878556,-0.0077219530003706,0.0069867113237295,-0.0048984056518985,0.0204166312511514,0.0236612498843706,0.0291999814807685,0.0210555136841387,0.0107337775303322,0.0111153588498018,-0.0032263395660497,0.0233238590489122,0.0071770660189542,0.0143307906506572,0.0205271786910007,0.0098035624895221,0.0087636291510759,0.0135091107680167,0.013563797799336,0.0218309561773432,0.0224385163247093,0.0025095765835224,0.0215020001011672,0.0303008931865761,0.0214317527091489,0.0165230327945896,0.0311779262125383,0.0013354464999373,0.0406627008351185,0.0170986463742136,0.0224811213578152,0.047059411175989,0.0065083335378619,0.0332010977798008,0.0150166803556948,0.0078238852084986,0.0232719574053105,0.0208806379708718,0.0355048773909717,0.006168272260534,0.0101458809231661,0.0215789817873046,0.0490972148738129,0.0306347709188093,0.0117132288823819,0.0099015411770577,0.0070854523659752,0.0069723359486048,0.0144210321773527,0.053748359536636,0.017096841230845,0.0180134502128746,0.0080016244086653,0.0086501645245693,0.0064556331440099,0.0425136547272561
2197,0.0328428052005576,0.0055377879368155,0.0532877573277453,1.0,0.0139684783009821,0.0364626982662489,0.0212831921339772,0.0214639342309068,0.0240850729122484,0.0267123223957594,0.03730402737116,0.0256866521995833,0.0149952990995715,0.0185944443578431,0.0080428283891116,-0.0097135142975135,0.0112449106338851,0.0078507250493891,0.0019776070532272,0.0256232698337609,0.0007590680174829,0.0091673606593929,0.0186642952514156,0.0078054210156872,0.0318710795853332,0.0015563837182851,0.001352988008829,0.0308679611563769,0.0344560111692804,0.0324057817683042,0.0135154078919115,0.0040742022197434,0.0100089039750843,0.0172011631837468,0.0317573669640438,0.0322760313114862,0.0224467747230208,0.0176920399553188,0.0079271963001891,0.004671581413171,0.0105233889493391,0.0326284099867093,0.0251630155026224,0.020959558704571,0.0429140921159808,0.0103905054969172,0.0047722324736467,0.0007198772990222,0.0174430764434459,3.619090075231768e-05,0.0172437477733059,0.0142248780129145,0.0128972656101223,0.0417541478245259,-0.0002282062151642,0.0018206024201389,0.0218862221894476,0.0151897735719566,0.0034771311351515,-0.0063503268227786,0.0099704578224575,0.0172533852880244,0.0308947548601452,0.0069833248203118,-8.477119747295397e-05,0.0207160061548616,0.0549153716979442,0.014958476660512,0.0031421639918008,0.0224953002894302,0.0126439790067827,-0.0133580017208813,0.0242298383357906,-0.0040134850518766,0.032333786850937,0.0150436174157868,-0.0011437477738909,0.0113997361117231,0.0212820897247482,0.0254469890629845,0.016718968851944,0.000718372194571,0.0095668760604707,-0.0081111377924649,0.018722420824521,-0.0014976354176937,-0.0019298038436839,0.0163117523095041,0.0005298164421615,0.0293238342201199,0.0286600741604611,0.0091989719072999,0.0178533416972589,0.031860379387166,0.0269097337356856,0.0141937509883832,0.009979420692856,0.0336320786115164,0.0316657667031648,0.0183177722563392,0.0182864721867249,0.023119959465607,0.0239338742966587,0.0106883307513503,0.0173710651420376,0.0138942149879993,0.0201949799293863,0.0111988699340654,0.0124890198619805,0.0042298519861198,0.0035992053777021,0.0138054090483923,-0.0034778471777596,-0.004554912096613,0.0228558949296689,-0.0133151156934637,0.0071261689203177,0.004219514510207,0.0156939247664051,0.020280740264006,0.0072841106825702,-0.0040961825593888,0.0079488550403415,0.0194156764998003,0.0099968885047809,0.0204996392014694
2199,0.0172476856818779,-0.0022278636260993,0.0103693357500275,0.0139684783009821,1.0,0.0216593116169265,0.0282789768819001,0.0338040148359429,0.0330897751258642,0.0329127617641131,0.0144175085458188,0.0385983860302254,0.0285854876826444,0.0452059129623065,0.0241491288948215,0.0365201272171036,0.019531108208083,0.0119433680284754,0.0259127971061828,0.0303427143822681,0.0046974985280799,0.0216834290188063,0.0105198462747704,0.0115012540242132,0.0359477998454739,0.020577842355035,0.0042697243663242,0.0414809104159338,0.0242245606287377,0.0358512113357369,0.0271384080929975,0.0135026233887058,0.0126109872815797,0.021381919142923,0.0248208950071915,0.0359428109353174,0.02406396062029,0.0206592628335874,0.0362472091145,0.0093784444027259,0.0086153138705935,0.0486712459684352,0.0185465299233603,0.0320751872355515,0.0067547548394861,0.0223370053447261,0.0158149602966399,0.0133292470417833,0.0082786793900303,0.0352950363123437,0.0050730214070082,0.0283092741315666,0.0152392890538446,0.0183422769589462,0.0316119273150165,0.0625508998769057,0.0351812683215584,0.007551903304792,0.0301424570416625,-0.0122544996550711,0.0201107143636882,0.0143624114944255,0.0058674447166408,0.0092582119847103,-0.0013617287936292,0.0197093760523498,0.0152792949352968,0.0012229661392603,0.0099615830978697,0.0252667072788739,0.0125364722265167,0.0049912916574774,0.0249324483307348,-0.0055961228358199,0.0042506167959581,0.017038433458509,-0.0046806266948217,0.0217803919845233,0.0325957655172619,0.0108748138358348,0.0135115277275339,0.0091663423070639,0.0109052524546921,-0.0006483870492749,0.0158018265756256,0.01328445989767,-0.003935717218641,0.0103175935884337,0.015531679871472,0.0021929117068301,-0.0059551352371013,0.0184080064693817,-0.0061239663480167,0.0210153927900943,0.0276478583518854,0.0310084028380577,0.0194980287505185,0.0331755461882277,0.0163582767379591,0.0019830192069592,0.0180611177290171,0.0339794463675472,0.0404631223692928,0.0103482743684831,0.0248927989726672,0.0350508263962307,0.0244919423871155,0.0401063018485144,0.0224006715309943,0.0348064046604682,0.0154185828966098,0.0255160904084948,0.0326998739304709,0.0240050648014224,0.0395877683430795,-0.0022377865600785,0.0327477167344461,0.0309450251762692,0.0287152329665465,0.048575501676412,0.0455562775618572,0.0083609977887583,0.0162847007846416,0.0247392104043566,0.0076874954005484,0.0259857732425442
2200,0.0411825207207789,0.0125097953969054,0.0351142419895779,0.0364626982662489,0.0216593116169265,0.9999999999999998,0.037862247588587,0.0450420183038224,0.031673563673621,0.0368669919602653,0.0741704027239766,0.0486562579654618,0.0671384876958474,0.0935140591311132,0.0414261844294747,0.0430149204020213,0.0469269778590899,0.0393938599662571,0.0068436113555007,0.0511979244335403,0.014001178268857,0.0578250147031774,0.0590985171799458,0.047764107416432,0.0685601522426821,0.0161655267132388,0.0114368918862853,0.0566606912925076,0.0428996473720754,0.0549631324157615,0.0484975540565205,0.0500830470227453,0.0103594323112215,0.0610824674126128,0.0994976345720682,0.030926847046534,0.0497227837361088,0.0384292274949341,0.0279482852152348,0.065452062507926,0.0312145269730837,0.0666644287776427,0.0857554660056246,0.0705894506440466,0.0601292754650518,0.0433213086208381,0.0217895395527571,0.014557117103147,0.0184594677436608,0.0267192157799662,0.0456822760384067,0.0626070037300182,0.0327098829930393,0.0360136534745734,0.0475359698878484,0.055970004280402,0.0756821088956105,0.0452482250636388,0.035742287840802,-0.0058831540597492,0.017266241737129,0.0260857591552201,0.0622240581412993,0.0066365077190176,0.0443180782948438,0.038766533317076,0.0401775392062498,0.026534306309558,0.0259440247267194,0.0632055923112107,0.0618112721575859,0.0039815720657006,0.0640278975245021,0.0075825045828005,0.0594482254888905,0.0903465217216267,0.0175094705261742,0.0862934185193278,0.0645058090931562,0.0244459142580109,0.0791147302059265,0.0508166958483381,0.0644647665034937,0.0088149760847226,0.0547213234918053,0.0309788247722913,0.0057369576139167,0.0378249482290797,0.0373770244140595,0.0552233857816641,0.0184125097405199,0.0920382000617789,0.0367780952798878,0.0592804930458984,0.0773306687971172,0.0638980621355753,0.0420719417869559,0.0779918268909822,0.0606288129574643,0.0214828569698139,0.0586108581859104,0.0421915370696113,0.0455193252360973,0.064287588157436,0.0333967981949925,0.0508068448200954,0.0558636138248071,0.0584864445418005,0.0728913257334906,0.045002566564315,0.0553683220899935,0.0611202931011952,0.043159552391943,0.0566442437867336,0.0755494412566141,0.0408960477508433,0.0475660266850915,0.0411881654830659,0.0761610283670299,0.0808101100426861,0.0600609982459558,0.0136070502743847,0.0372040603045343,0.0323264347196618,0.0361663160027393,0.0476466241000896
2201,0.0492351729911501,0.0215361653960337,0.0452805550766538,0.0212831921339772,0.0282789768819001,0.037862247588587,0.9999999999999998,0.0648611476560948,0.0289391725577613,0.0532647275471066,0.0753858605160921,0.0617548861958233,0.0779581645713763,0.0956228668634226,0.0460100618269895,0.0291152806437101,0.0874613004725242,0.0658635013132259,0.0245248140098715,0.0633423447271376,0.064660980569566,0.0641100461179503,0.0435809221358128,0.0496021284507569,0.0646576386776965,0.0613874941337501,0.001012617020777,0.0849565165243642,0.0214837588908208,0.0907556551880495,0.0462449408118531,0.0483465985225742,0.0371923065610032,0.0874722554356615,0.0870874101444907,0.0432402647500234,0.0506787188621457,0.0528124598885581,0.0313093711601332,0.035389294324585,0.0377628324151303,0.0697068962365766,0.0744344194277197,0.0701162209448488,0.0505584771802626,0.063482527530511,0.0472915104506813,0.0197774350992824,0.0358977998184801,0.0598804818406697,0.0499246906574687,0.0589045428311586,0.0562225319825745,0.0461081454540572,0.0613918350729099,0.0232307501551388,0.042981292807531,0.0487954650504053,0.0470496491901094,0.0108579261661757,0.0166002945381585,0.03537878507419,0.067265023175116,0.0171301951708765,0.0443677519083811,0.0412038435274226,0.0454577716745924,0.0198430420981265,0.0274844941294075,0.0567564671235478,0.0960223077109092,0.0042824698851388,0.0694039205685292,0.0190006634126318,0.0313688849662976,0.0555868241019001,0.012356617376414,0.0523455515699697,0.0461931350053568,0.0420436655484868,0.0280317094865131,0.0604471382009537,0.0453964144092152,0.0028165627031327,0.0253265735522021,0.0504051505572866,0.023825728324844,0.0183391044678209,0.0180669553736814,0.0530520114078333,0.0356478724356858,0.0337472637024825,0.0328682564914244,0.0436362414113657,0.0399931426010545,0.0676659986058968,0.078177298736216,0.0433908242626273,0.0652234951288203,0.025096373730932,0.0566227080121273,0.0806941756413399,0.0674606483765827,0.0807016734669763,0.0442307892272247,0.0503629156514335,0.0831783534562655,0.0633266984024676,0.0719978009271514,0.0395291442377502,0.0424138335938408,0.0660093528966261,0.0791892243323536,0.059947233098169,0.0579673689097222,0.042633164668021,0.0349395221337903,0.0691863756373455,0.0804003869999516,0.0905815872071612,0.0620794256318053,0.0161931451131968,0.0646376850589439,0.0576680731890906,0.0283241864812017,0.0733101030543558
2202,0.0313827776028561,0.0155046375214354,0.0422995900074506,0.0214639342309068,0.0338040148359429,0.0450420183038224,0.0648611476560948,0.9999999999999998,0.0120718937926459,0.0262484220822327,0.0348218506398362,0.0547298702467357,0.0442256415662791,0.0549971109933557,0.01654928524084,0.0165238458514263,0.0492212303104664,0.024457409189154,0.0221389981235725,0.0279032756077253,0.0270371730173083,0.0454452397774766,0.0289965688491242,0.0242386025211314,0.0396332343549505,0.0166837014664645,0.0208452597487806,0.0349272512184616,0.0188372306995053,0.0504898691311778,0.0456329635540049,0.0260814023875236,0.021176187929301,0.0221024762477961,0.0355236514120852,0.0164325013732976,0.0244448026019059,0.0311458353296872,0.0241580434192006,0.0175146242222209,0.0281380977530381,0.0476173807136282,0.0431992346432281,0.0437431723143678,0.0617912901181042,0.0302900739470415,0.0283675453200032,0.0112505326973049,0.0148337171651097,0.027172789117508,0.0314458198144915,0.0361426490824406,0.0126663789939568,0.0456496402009415,0.0304786223871692,0.0437939080560088,0.0333360666391579,0.0161574779512407,0.0139927532147356,0.0229660073124527,0.0309284743001233,0.0281816630227682,0.0360863906073617,0.0200506378538559,0.0333605050295154,0.0431818220866719,0.0414201014981097,0.0089197646936393,0.0128942944797542,0.0385021875454642,0.0418106690741288,-0.0013810166460135,0.0302387717679536,0.0182731280207968,0.0304632084630608,0.0373334036872509,0.0358523806587947,0.0424494347754435,0.0464114451378645,0.0173932327130892,0.0231919056195981,0.0447520098729749,0.0335972176359009,0.008823812175489,0.0394570544787138,0.0184127034959639,0.0247590560862279,0.0348978668051002,0.0139367003480437,0.0324015948724548,0.027505154130656,0.0313208152385281,0.0177022266358533,0.0373750939007429,0.0330085175760126,0.0476355985052318,0.0367982792939667,0.0326569715467729,0.0540283965058579,0.0138150426389599,0.0388948416320574,0.0397189016005573,0.0333600986327502,0.0579199480865363,0.0308058543599919,0.0355450168690095,0.0384259770542958,0.0360404839611676,0.0531063622023136,0.0312026971555912,0.0335080984484659,0.0396989522696729,0.0339501052648738,0.0127653703743147,0.0587834744763061,0.013839357000613,0.0432878082109792,0.0319941774877009,0.0364592650063709,0.0553528331360021,0.0392116372629735,0.0087704347723965,0.0236977686798341,0.0477452127350644,0.0356811772437708,0.0496171334873072
2205,0.0290955812711153,-0.0037296900316095,0.0076392275737133,0.0240850729122484,0.0330897751258642,0.031673563673621,0.0289391725577613,0.0120718937926459,0.9999999999999998,0.017284887576503,0.0265737730153821,0.0575077659666882,0.0360571074203287,0.0536770354647151,0.0331495997142012,0.0065575489139477,0.0288766690290134,0.0450107106660664,0.0099940933596835,0.0610893723130938,0.0100225531704575,0.0709208148501906,0.0091438960024794,0.0220364376615873,0.043332187226875,0.0119155974649659,0.0026640042289507,0.0544492868862656,0.0248255625878273,0.0057574537616419,0.0123050304614195,0.019430376687973,0.0090832182412377,0.0141866135975494,0.0684604037595416,0.0109986315734865,0.0361527281213409,0.0141074543164478,0.0566841818558723,0.0067451527534419,0.0231658082881935,0.0634823639824538,0.0362248956878416,0.0518557826483629,0.0303102106804587,0.0304873769734755,0.0085788932020898,-0.0014634392682252,0.0200257045635741,0.0122058098705007,0.0133770722644708,0.0487889661537619,0.0081828128598871,0.0185779393049394,0.0067401940291851,0.0364717541757656,0.0956241063732675,0.0044250086340844,0.0176680133689143,-0.0090248583952016,0.0101963903722838,0.016796493589745,0.0302698192575433,0.0024788231499978,0.0159080635661387,0.0410766344525649,0.0270733383319793,0.0051985991768212,0.0225301772438803,0.0299687668332297,0.0352132371484018,0.0137631066532317,0.0402929051069475,0.0111553855849341,0.0217595322330451,0.0586565722492034,0.0245458379343949,0.0325407870280962,0.0348962237122309,0.0643433699470075,0.02885604307886,0.0318581916884427,0.0433177184814547,-0.0008536124574276,0.0258058989879797,0.0152713292890093,-0.0053092457423117,0.0039492328189207,0.0121575567141772,0.0266301618487862,0.0197955536479216,0.0254772386539188,0.024994409057647,0.0481503730702712,0.0172575749805963,0.0536961472363484,0.0254279017116118,0.0535427368237197,0.033552048251304,0.0047399835184298,0.0352713029122024,0.0448692525618428,0.0383678266471451,0.0406487973037535,0.0187773065928094,0.0357077676669291,0.0447962401154982,0.0388024226161315,0.0242362027853438,0.0095372231524353,0.0199772712816891,0.0460011645129595,0.0126702457249297,0.0206286459932118,0.0412487667905158,0.0035905670778892,0.0425951391453489,0.0630429981335797,0.04539198202126,0.0372614521391328,0.0457078805929772,0.0049987139755143,-0.0012976473059851,0.0370195147673245,0.0096257560434487,0.0258821143992948
2207,0.0297598682110382,0.0540996835025016,0.0155508181454682,0.0267123223957594,0.0329127617641131,0.0368669919602653,0.0532647275471066,0.0262484220822327,0.017284887576503,1.0,0.0797312792672771,0.0371333903389357,0.0745162198458089,0.0969945472429247,0.0337693758527498,0.0264653178167568,0.0363798685298263,0.0337281753094497,0.0347937596395361,0.0333835486016875,0.044997481915485,0.0400996128043969,0.0399767442163553,0.0448477699129565,0.0536492585523661,0.0232765266513987,0.0487010686568352,0.0796822524743305,0.030296725518952,0.0677792830694507,0.0597003589648629,0.0472623650557005,0.0170104481606934,0.0290668451194332,0.0404650413893523,0.0445038528295484,0.0320251030077174,0.0320787357574951,0.0190326232757117,0.0348777175600751,0.039921420558704,0.0553865891298577,0.0354492912255044,0.0520960222151168,0.0294666682254972,0.0453760805527653,0.0358983101783108,0.0392422041320651,0.0283223779036107,0.0225419159746454,0.0303511664917772,0.0481697425345742,0.0234008909495825,0.0675231913973441,0.0225038762352308,0.0262617465272417,0.0399206474513767,0.0424345556970201,0.058153584618056,0.0236679791589823,0.0462932948350642,0.0327306891504138,0.0558979315316639,0.0324660150097596,0.0151367275399323,0.0326060925276764,0.0649569251029384,0.0345888686823425,0.0344204763790668,0.0676750463911204,0.0450631776460528,0.0074277633980361,0.0414066085534613,0.0395750943575768,0.0582846973721638,0.047921315942076,0.0272619941348002,0.0585501600755915,0.0532158747422812,0.0121956233582058,0.0251370862748101,0.0234062482636483,0.0407025744105701,0.0211698079346469,0.0362452306656209,0.0222403223491743,0.0302041689934214,0.0667522721300271,0.0246084853054572,0.0482005830010586,0.0543954880885433,0.0308628815912629,0.0282536608254707,0.0558446071204705,0.0456220916637911,0.0544740379372254,0.0471085613131309,0.0315843678694984,0.0577155748645386,0.0325082060036001,0.0572324170480749,0.0334741233745886,0.0374158503061512,0.0694357584958739,0.053944487403332,0.0366825366413315,0.060833998552958,0.0569113794759527,0.0483519860991373,0.0534634102821719,0.05003743873748,0.0410678928685979,0.0727578489319812,0.0183980785814331,0.0562577375559554,0.0554842498858814,0.0304667148454345,0.0206134841364512,0.0666911393477748,0.057275840940884,0.0613532493862324,0.0310398311955368,0.0536571885998173,0.0411652197116442,0.0303120071833286,0.0430980416739771
2237,0.0290254708743054,0.0202983146038013,0.0162907013576383,0.03730402737116,0.0144175085458188,0.0741704027239766,0.0753858605160921,0.0348218506398362,0.0265737730153821,0.0797312792672771,0.9999999999999998,0.0643214751482896,0.0828180676248458,0.0971073562558357,0.0544272866381566,0.0404520102832182,0.056308591146252,0.0540532596638018,0.0103291618657289,0.0747090113645288,0.0351008751332015,0.0383314035534635,0.0700971961546164,0.0683890601043964,0.0558613473105528,0.0392089663891124,0.0344093047098623,0.0716673996524849,0.0464263534295014,0.0837809677778242,0.0604103539870555,0.0589626224230497,0.0130027935100604,0.0416076630290007,0.0635310571399887,0.0297634807819362,0.0445428426534937,0.038273757184907,0.0380226388526676,0.0547077420497909,0.0577326488271308,0.0599691974520502,0.0932491835597461,0.0849710734845124,0.0464758023007275,0.0793985413901908,0.0331861258471579,0.0034589561536662,0.0325107419822843,0.0318949594102015,0.0709658586655269,0.0484507635879073,0.0350709290698514,0.0614695540551178,0.0794208753881723,0.0442328607241698,0.036983219307855,0.0391875452782945,0.0327616167965218,0.0287377320870363,0.0280162757918221,0.0359811308123455,0.0646147092625061,0.0412516768934235,0.0258778626317373,0.0691330984420906,0.0512349989166756,0.0270213395907853,0.0307104224350822,0.0658786101973848,0.0694894369722582,0.0055553393079229,0.0476253654889472,0.0344317778180611,0.0539925120856646,0.0782866364812402,0.0407324219603628,0.0843323061165328,0.0595087984633292,0.0369085055263053,0.0512070213657448,0.0292952680263601,0.0792552926016225,0.0381459948204103,0.0339376675195831,0.0214253605669014,0.0243179420890915,0.0501134164484635,0.0263744945549136,0.040390459078412,0.0361300553984478,0.0363856430558952,0.0400965547776156,0.0630265469681066,0.0393678026016411,0.0495073406057278,0.067680660113342,0.0595808478258393,0.0612607572283058,0.0247424022865421,0.0633227200172771,0.037760114778899,0.0471444973494679,0.0831016997466874,0.035258829935676,0.0554354384703611,0.0850506519052845,0.059420748477392,0.0658935080853987,0.0530630068813589,0.0398980702449954,0.0544568716636565,0.0536401945180327,0.0247801227594367,0.0634718741707009,0.0545032661249928,0.0384242932032902,0.039244993723389,0.0734134696880806,0.0759144396247402,0.0699498862261378,0.0218806627621137,0.0666627050024286,0.0313015486380901,0.042169332309147,0.0584312788294509
2238,0.0387243435253692,0.0124367884716837,0.0162009721770848,0.0256866521995833,0.0385983860302254,0.0486562579654618,0.0617548861958233,0.0547298702467357,0.0575077659666882,0.0371333903389357,0.0643214751482896,1.0,0.0596850092487632,0.0785008876891575,0.0363823417334382,0.0277503161706873,0.0594692603133053,0.033770734004632,0.0112315579084778,0.0672904625609321,0.0142647296601736,0.0402198668872365,0.0412879289660865,0.0395494858174676,0.0606679732428202,0.0261956502160844,0.0095237361509129,0.0599678518779959,0.0222653001217639,0.043822524985509,0.028473171390887,0.0369944576492951,0.0160234327838228,0.0336991439303229,0.0668539507143531,0.0324088301221024,0.0207105421722326,0.020837583558149,0.0653939752411551,0.0318227605529885,0.0212600046308298,0.0624644833685278,0.0618701464166466,0.0880095290203603,0.0442371018457467,0.0796836141853568,0.0187808888842448,0.0479280083395425,0.0424373009461504,0.0332874399747495,0.0468105843008734,0.0581598526890263,0.0135471560512548,0.0521278272561194,0.0528911137299662,0.0990646307585132,0.1153952998278591,0.0135637102038326,0.0349069542230452,0.0044014741289648,0.0411499611542123,0.0383464026785667,0.0413992609906959,0.0136221289518178,0.0391145884881212,0.0480751116727619,0.0543965874695934,0.0058266577832597,0.0442579926489579,0.0593148252709649,0.0512909585927156,0.0127272722935631,0.058064824441387,0.0241761292545704,0.0397464181937469,0.0786527580914253,0.0292271804051307,0.0407436865974895,0.0627681014954412,0.0316251671087193,0.0312850680588464,0.0449052915527367,0.0382441859043329,5.221475196051254e-05,0.0344275044789014,0.0486423812307131,0.0399469432360285,0.0301083521757991,0.0259666635498697,0.0613204158353929,0.0082076686994676,0.028880043874043,0.0239821165173839,0.018541303348032,0.0418015445358796,0.0532266738536003,0.0427080114826661,0.0431845820333051,0.0526237200142175,0.0149918142732989,0.0579986817206194,0.0389181149771615,0.0766614981512059,0.0562958835734419,0.0592074244072745,0.0592472553271075,0.056241963987661,0.063327521867298,0.0573193044264625,0.022660875329858,0.0479232829510314,0.0664102434243316,0.0497963674718316,0.026061969913684,0.0813747562754088,0.0255704828187584,0.0846753267371078,0.0589708957815917,0.0707774612619738,0.0687268485306105,0.0606342740345967,0.0090754771705278,0.0246203969562991,0.0664708951236124,0.0372959522683539,0.0557325862006979
2239,0.0254668034869819,0.0207311873984466,0.008435181208573,0.0149952990995715,0.0285854876826444,0.0671384876958474,0.0779581645713763,0.0442256415662791,0.0360571074203287,0.0745162198458089,0.0828180676248458,0.0596850092487632,1.0,0.1147860079370552,0.0204665453989167,0.0450504048468334,0.0466158914731528,0.0671948977971956,0.0104726384790978,0.0615897041002295,0.0643766024728084,0.0754133221949757,0.0548569100073817,0.0724300338967209,0.0751781534037358,0.0605842722788706,0.0030648699078863,0.0922234846032213,0.0227637576148233,0.0987602398926282,0.0550845983526012,0.0662657469371808,0.0083146261577838,0.0484667738419429,0.0553383196459889,0.0327447567132776,0.0292316273204609,0.0541696482446366,0.0516789862250037,0.0482626093423425,0.0390271171948023,0.0974229058227297,0.0894668837720704,0.0823264158521307,0.0546593040312765,0.1323859333094904,0.0376620090545828,0.0198031349831749,0.0294066689230346,0.0615713225531311,0.0627699821522301,0.0668640292344247,0.0457206457546492,0.0624721518120251,0.0564357918696964,0.0442367317454511,0.0378604546304961,0.0331415622005017,0.0614445484000985,0.0111305554185006,0.0251562843410658,0.0509330069501652,0.068318084956106,0.009539527011013,0.0252262892508167,0.0592076640992374,0.0649880169171261,0.0290066936616181,0.0335092787059437,0.0911935506599528,0.0998319127375372,0.0068541924364441,0.0432220110856632,0.0180218747343046,0.0675095232201962,0.0829208878438932,0.0195302867044543,0.0921695718536676,0.0878468069464298,0.039352537116195,0.0695632665248955,0.0423496400831603,0.0777790303658059,0.026106326245041,0.0572226923038827,0.0305260663688876,0.0197389429021949,0.0519179011120045,0.0436392325416511,0.0302804643338383,0.0308898572038363,0.054775371688568,0.0230676297839268,0.0546935792406938,0.0406000533037874,0.0622172634063295,0.0609753505532481,0.0711180600152947,0.0578556027616059,0.0136722184551511,0.061602544815578,0.0416420688884924,0.0512999040870681,0.0760272407813692,0.0411608605571705,0.06918555137955,0.0770060176296256,0.0722725469591716,0.057947588619665,0.0541759605147589,0.0327706680778052,0.063085360190148,0.0568307532977344,0.0292475231110292,0.082088902404996,0.0591377630818769,0.042011251598604,0.0608701626004887,0.0883017184808578,0.0719240890662575,0.0774970300235368,0.0309204110562005,0.0588380174131772,0.047081726568689,0.0517282169113477,0.0604989921738617
2240,0.0494956637011332,0.0406745430773479,0.0232021528497536,0.0185944443578431,0.0452059129623065,0.0935140591311132,0.0956228668634226,0.0549971109933557,0.0536770354647151,0.0969945472429247,0.0971073562558357,0.0785008876891575,0.1147860079370552,0.9999999999999998,0.0681364638723415,0.1353267677971911,0.1160872933636604,0.083297519021384,0.0280335994189841,0.0785978084666298,0.056506150978203,0.0930953946433366,0.0760697053248416,0.0831177523782465,0.1042077577256838,0.0647004608172303,0.0396655903749023,0.1406301075035979,0.0397218691200916,0.1296044870768655,0.0811033300678481,0.0675587517524181,0.0275850716626841,0.049227394942479,0.0767781634704412,0.0454142792538808,0.0615998659784508,0.0472076177787087,0.0533411907002629,0.0560367091659906,0.0616641107633356,0.1285905441499927,0.1044511000927246,0.112505955326495,0.0613828119333001,0.1039334284313079,0.0561988423795867,0.0496087085373203,0.0651916894355574,0.0835290862837107,0.0858527454788358,0.1097011149964368,0.0631132083150718,0.0639337235406378,0.0731464387657286,0.1094157925778903,0.0727468592532235,0.0428453422600135,0.0806415222362786,0.0170742761111534,0.031907261129217,0.0662899419179291,0.0789302874096188,0.0198433998346997,0.0472201699864341,0.0685512191503723,0.054228842755457,0.0278942797757515,0.0674816202752074,0.0809609449280528,0.093322497133022,0.0257515542952417,0.0635461384435843,0.037099245554148,0.0666713339706811,0.0946619530733279,0.0154067939547727,0.0945171824442313,0.0795599447468525,0.0510613802548102,0.0628352731762419,0.047284777243747,0.072643893522035,0.0263435389250323,0.0482121776999099,0.0609953541293316,0.017141055668683,0.0465530799701298,0.0585888201072097,0.0361311372452333,0.0405784920866283,0.0653586009723065,0.0612016104788615,0.0653049987016889,0.055567218718934,0.0917824710452088,0.0665113630493404,0.0637880608097732,0.0704613486462764,0.0179527550883222,0.0731530653188905,0.0634501848478567,0.0824601807603659,0.0941537344579923,0.0645498933414189,0.0889322609409629,0.0948991742042288,0.0886851199756674,0.0790777291997763,0.0487232646011278,0.0554046569961828,0.0933104226769038,0.0796102206649807,0.0456466715550694,0.100240156434789,0.0634880701219718,0.0794105278814763,0.0888978429220152,0.0989883046723675,0.1268571214552663,0.0975886422853923,0.0352255525503675,0.0768084147739741,0.0669688441521852,0.0620362722449408,0.0787801239958885
2241,0.027816919336554,0.0065511049045368,0.0140233250714329,0.0080428283891116,0.0241491288948215,0.0414261844294747,0.0460100618269895,0.01654928524084,0.0331495997142012,0.0337693758527498,0.0544272866381566,0.0363823417334382,0.0204665453989167,0.0681364638723415,1.0,0.0447709322660679,0.04437035895744,0.0370472984562604,0.0077233680982569,0.0486821793596984,0.0301606662300565,0.0486622951168839,0.0529384668488666,0.0535103162712183,0.0550940462035817,0.0366968222150085,0.0200215237829387,0.0645935988351593,0.0164632354286887,0.0653974362570907,0.0304094850946145,0.0250443405094909,0.0081710307903227,0.02931864121837,0.0413815002888268,0.0206962553729114,0.0281995544250753,0.0397462558435317,0.0471465613186737,0.0209283742457419,0.0093300804368155,0.0642372613548046,0.0628289818502413,0.0543967027512729,0.0577603999530869,0.0619795745111217,0.0272612370030412,0.0285002586270359,0.0307759112610125,0.047142387288481,0.0467213750856324,0.0601067759194857,0.025035075956299,0.0309328779509945,0.0335436170091787,0.046331072210449,0.0241079773102781,0.0105304883291385,0.0356515900553203,0.012740580519891,0.0236179319039378,0.0406767135256464,0.0336595239139628,0.0131424594844744,0.0210175792014125,0.0365626132241627,0.0320228521062467,0.0089153952201384,0.0386702828584262,0.0441428185709383,0.0546822530299271,0.027428743562251,0.0387077050342744,0.0267131129628451,0.0263686185464566,0.0493141158776857,0.0084968252321823,0.0373582173177907,0.0450184134203926,0.0316639385684339,0.0383294881909068,0.0302395061629297,0.0408641506232244,0.0032866956504629,0.0148459721032978,0.0209549628298653,0.0099356970931433,0.0195799064714498,0.0334959083210259,0.0166461366018465,0.010425975726628,0.0310349812477875,0.0156853511964847,0.0250563063844492,0.0230671853059995,0.0444869560491927,0.0431964156854839,0.0391026557551707,0.0409712655788734,0.0005138506729312,0.0379997088019698,0.0241121318462673,0.032954845481685,0.0487819709179851,0.0283067442936569,0.0534632926960512,0.0470314979638127,0.066084476149991,0.0560652916337251,0.0229861748090372,0.0194654432312965,0.0433985578998736,0.0388411266717712,0.0362927355690216,0.0594877187663122,0.0338962356254219,0.0446291178658395,0.0450025668155552,0.0597703625074159,0.0550984372405237,0.0342706795853545,0.0076875303669217,0.0495345414995517,0.0411521175979309,0.024441065292597,0.0378236609614054
2277,0.0035482377861584,-0.0002464253990896,-0.0029946706821717,-0.0097135142975135,0.0365201272171036,0.0430149204020213,0.0291152806437101,0.0165238458514263,0.0065575489139477,0.0264653178167568,0.0404520102832182,0.0277503161706873,0.0450504048468334,0.1353267677971911,0.0447709322660679,1.0,0.0599405490009497,0.066802563806111,0.012229540674675,0.0450399673503812,0.017856921754292,0.0067069375430909,0.0210037205744411,0.0445282330626631,0.0427382243790135,0.0227146507141948,0.0030264272276411,0.0274629332314884,0.0087803695329317,0.0350401299677901,0.0337218478760295,0.018964322720406,0.0136012903325503,0.0248983972131935,0.0120637276378884,0.0226674218500376,0.0221431147215025,0.0210586296878495,0.0259134848581074,0.0271539192103161,0.0105933873182167,0.0492946113280531,0.0686287798937521,0.0433888853883838,0.020280417921974,0.0326456453703058,0.0283691267661239,0.0288507958434097,0.0700639625168794,0.0677350906358176,0.0238295169276537,0.0441457741769074,0.0265841702713831,0.0186348102213335,0.0773457786170567,0.0375132755120197,0.013688434242918,0.0199195734219444,0.0292261536069761,-0.0091637089890054,0.0131758839031584,0.0231774522685524,0.0124920790279373,-0.0077026009323631,0.0318783338444777,0.0198623345073054,0.0118741804440618,-0.0014856255201924,0.0640844071068198,0.0325172939930543,0.0431405076542239,0.0294595836522178,0.0359372822671091,0.00471414353993,0.0113688507345796,0.0271681328646597,-0.0011495035567577,0.0367699236929081,0.0278599806696749,0.0287151118547704,0.0307607244069792,0.0388400239450789,0.0126161008283281,-0.006142698166616,0.0167196940171034,0.0513441593838814,0.0007673893311893,0.0192680813524554,0.0370449251569515,0.0040818210562477,0.0027992338177195,0.0141163671311874,0.013303072710396,-0.00217582609334,0.0057809593029021,0.0351899849426153,0.0328052299455459,0.0233218102531267,0.0378307298373147,-0.0071305673451493,0.0211094331944735,0.0325552413142216,0.0597665203161371,0.0265320893660547,0.009600031279184,0.0515490540899181,0.044980897695252,0.0347660532312999,0.0426084527431973,0.0468449328755253,0.0446122637835363,0.0820504622394676,0.0315944737286058,0.0329496998553842,0.0337967777451592,0.0164440623735986,0.0256994509224461,0.0352427105257393,0.0571726991259102,0.0783359498230842,0.0486056482311911,0.0092764273210461,0.0176582336410945,0.0380314688794786,0.0721318539605626,0.0540755583049799
2278,0.0295672481139596,0.0028495471114161,0.0211382065599363,0.0112449106338851,0.019531108208083,0.0469269778590899,0.0874613004725242,0.0492212303104664,0.0288766690290134,0.0363798685298263,0.056308591146252,0.0594692603133053,0.0466158914731528,0.1160872933636605,0.04437035895744,0.0599405490009497,1.0,0.0723298436070217,0.0194292939158763,0.0404517775883225,0.0512178563432556,0.0453968328284825,0.0269931178366573,0.0450614764309774,0.0648231341022207,0.0570424070863126,0.0275304211034308,0.0685560456675721,0.0373671640192325,0.0664722568521294,0.0464282622953478,0.0259152864898274,0.0223192404031784,0.0322463488119112,0.0508711718393296,0.0553860102493963,0.0379367379400987,0.0195523535839139,0.0360720760089988,0.0423272460223988,0.0388228274358823,0.0666604302120012,0.0668395003846407,0.082507169665508,0.0307512011175143,0.0548216884235623,0.0496639009996736,0.0556454190876934,0.0383777094937761,0.0736496676810687,0.0372380658936129,0.06862720183925,0.0880998405376643,0.0312650891811576,0.0400903133291729,0.0520240064318229,0.0518204485882023,0.0381672437003309,0.0589080002566263,0.0111760054151938,0.0129340940051466,0.0444816719726571,0.0466449570580091,0.0213825863897367,0.0398682137181374,0.0283362231291102,0.0235473647153469,0.0153624095347866,0.0245712704240914,0.0369670514634932,0.0465692602566413,0.0121033855827878,0.0564284306268751,0.0272778977531232,0.0283393953630238,0.0756967141266877,0.0153654949922476,0.0533170088706617,0.0465355444510059,0.0247183442770947,0.0272663748001769,0.0431710152180758,0.0679881276126243,0.0015010174339803,0.0453532840220866,0.0329859118525711,0.007712259320481,0.0163220167931987,0.0226544120142237,0.0433831219819785,0.0249644800384177,0.02196582434013,0.0239358411368347,0.0533077655998214,0.0563264971482871,0.0906094857338389,0.0522349214164286,0.042141739666182,0.0457690474158441,0.0228777820441497,0.0432013283774865,0.0480216129216588,0.0691052563350454,0.0606108705885312,0.0314564798431114,0.0639389532989611,0.0823314674438245,0.0615648597469624,0.0797904575300658,0.020283558954897,0.0462023830715563,0.0659996724180925,0.0648391792344048,0.0329693076542178,0.0471081777785476,0.0191940855563661,0.0439153189014606,0.0530100179423165,0.0808115547532072,0.0784673873305074,0.045857660652424,0.0020835353193983,0.0321309773759809,0.0575902625672919,0.0457963257538647,0.0777071508947308
2280,0.0279482764292426,-0.0040509305216255,-0.0009084812441596,0.0078507250493891,0.0119433680284754,0.0393938599662571,0.0658635013132259,0.024457409189154,0.0450107106660664,0.0337281753094497,0.0540532596638018,0.033770734004632,0.0671948977971956,0.083297519021384,0.0370472984562604,0.066802563806111,0.0723298436070217,0.9999999999999998,0.0158870942847772,0.0570270402297915,0.0227398100080234,0.0497562464313843,0.0302918324233231,0.0322414567015438,0.0848847671580235,0.0326427807724045,0.0068699580188604,0.0688567910585568,0.023212982830074,0.0627400397929096,0.0374362266083427,0.0319223719297394,0.0056976365242495,0.0260980695768824,0.043321278245829,0.0247423470494813,0.0344338325284498,0.0364385033651284,0.0231618778936858,0.0240132962858203,0.0240161199269494,0.092851701926413,0.0578693738937172,0.0713937180181781,0.0249035681303753,0.0642937740287685,0.0144175360262692,0.0179634661349857,0.060265205109594,0.0384635245942332,0.029099419030288,0.0540225002278333,0.0306783034799048,0.0319960006058526,0.0293271803348938,0.0419676625718817,0.0512199706550408,0.021285211892732,0.0317918380144633,-0.0038586892553893,0.0070496109600117,0.0372636145137828,0.0400590244004503,0.0021782571661607,0.056725351278229,0.021808585114425,0.0259227086778292,0.0243060410087455,0.0226557439831937,0.0456524038086327,0.056777204597874,0.010156694794425,0.049675103298727,0.0029058890850235,0.0109201765740708,0.0351261414504043,-0.000567080148051,0.0335746238607221,0.0271112970235007,0.0195194827204652,0.0212789615656314,0.031729109612618,0.03648961171157,0.0021392829531832,0.0382225966154907,0.0338530390848352,-0.0021212443079189,0.020416505257036,0.0394998058752,0.0415345447765017,0.0131926963065271,0.0678562770370312,0.0132316654965231,0.0353173753400137,0.0523558888005308,0.0498632867486393,0.0413299133665467,0.0282386450774041,0.0368509332220587,0.0032844291835409,0.0318232484430271,0.0435267243115656,0.0580712826008602,0.0441692257739346,0.0148714685100013,0.0426627388481522,0.0528396183108633,0.0400873831235514,0.0451269876922516,0.0146870856705718,0.0225682353724682,0.0720155047992699,0.0308391885989948,0.0337383257012453,0.054588991557638,0.0088191447901771,0.04839840227926,0.0490862520776217,0.0686465994150771,0.0377233552198908,0.0567767932925655,-0.0050417290236433,0.0168711283200749,0.0476355882504776,0.0254953888659869,0.0385602196522089
2448,0.0108657831649555,0.009438554014632,-0.0029599653896613,0.0019776070532272,0.0259127971061828,0.0068436113555007,0.0245248140098715,0.0221389981235725,0.0099940933596835,0.0347937596395361,0.0103291618657289,0.0112315579084778,0.0104726384790978,0.0280335994189841,0.0077233680982569,0.0122295406746749,0.0194292939158763,0.0158870942847772,1.0,0.011189084259672,0.0316763858715371,0.066660012965547,0.0068708221825886,0.0395930230749655,0.0497559576755881,0.0057607154770663,-0.0070493827550618,0.0466247180566204,0.0010861944977893,0.0391137254252901,0.0436864842708999,0.0082921872101038,0.0045227358380052,0.0326622563873387,0.031946268316386,0.0281200646179394,0.0176032043753331,0.0023213462751122,0.0198776807327295,0.0016099629446652,0.032074634099504,0.0074921378402314,0.0125510169962855,0.010113041330884,0.01261809777537,0.0182619442000624,0.0580289173523669,0.0158919153868017,0.0225036288516611,0.0216842572671259,-0.0024398077619022,0.0104072366277691,0.0056328534880436,0.0070116549224436,-0.0005445770238635,0.0008787975089679,-0.001941446559325,0.0005256517240888,0.0168799201266863,-0.0031543072951879,-0.003907687070969,0.0165053494273935,0.0198626473683481,0.0329362481176071,0.0027927441683105,0.0118069809085523,0.0120310232898698,-0.0001842537778093,0.0002109302963367,0.0135020889238934,0.009806245078496,0.0067612322008234,0.0138366347220448,0.0044078117200156,0.0370442505987627,0.0055569125530377,-0.0023998676414478,0.017931978649095,0.0285562920171806,0.001135108608368,-0.003480988356807,0.0053630556201333,-0.0070377095123315,0.0094177299556694,0.0063251265452836,0.0039814196163953,0.0137378859603357,0.0118129563919245,-0.0002328711876661,0.0422512003294145,0.131524941452042,-0.0011209719132884,0.0314724719270878,0.0238711961474148,0.0268985378100098,0.0143292332659267,0.0165148591173762,0.009488573016492,0.021794891318309,0.1385918647392726,0.0252955092290377,0.0295417269236203,0.0214066670075137,0.0226913072336613,0.0764636238103251,0.0123306733176426,0.012232714055902,0.0202678128258423,0.0083268990396259,-0.0007701292786458,0.0350265237823617,0.0315712555571639,0.0454293573144165,0.0448583473793808,0.0144853728775098,-0.0023023225425279,-0.0029450478341521,0.0432021662311416,0.0299076879523246,0.0430727682640068,0.11569395402403,0.1053602855217208,0.0035869484483299,0.0278674206509661,-0.0020002106145135,0.0152348235865339
2484,0.0229461045687807,0.0046623184692008,0.0199330220555149,0.0256232698337609,0.0303427143822681,0.0511979244335403,0.0633423447271376,0.0279032756077253,0.0610893723130938,0.0333835486016875,0.0747090113645289,0.0672904625609321,0.0615897041002295,0.0785978084666298,0.0486821793596984,0.0450399673503812,0.0404517775883225,0.0570270402297915,0.011189084259672,0.9999999999999998,0.0163968022101943,0.0651696839334031,0.0371517335714235,0.0458338480025851,0.0535757671751139,0.0215788538565755,0.018383695779491,0.0905611097452699,0.0465225828351087,0.0409958358477468,0.0756554753964482,0.0540298843521199,0.0136147444879866,0.0529058291873924,0.1005882885455268,0.0139433773512951,0.0309797207067204,0.0333101693284731,0.0207080536168151,0.0224366999839005,0.0275948496696223,0.0765493145897274,0.0585694065932566,0.0815549241629696,0.0683411342179424,0.0731070246076291,0.0167381370206891,0.0310140855506557,0.0501926703069423,0.0391340055859752,0.0491253139628344,0.061179433706313,0.0266210310476189,0.0359110756644888,0.0479711462677484,0.0300952891688939,0.030185211654108,0.0248089827510812,0.0485316094037283,0.0404458138989128,0.0142192259438612,0.0576621220113287,0.056902242476532,0.010377838522594,0.0309382231032021,0.0306647290588989,0.0251607528805968,0.0067480046986208,0.0384939236624492,0.050730043085177,0.0693555786126203,0.0194301307173687,0.0511068343442103,0.0156042118724371,0.0372022377705579,0.0841615820802239,0.0115484993990229,0.0574386235388576,0.063896807403029,0.0442844928800098,0.0258890681631498,0.0493202791050351,0.0555417734435225,0.0170253205454319,0.0324200665437759,0.0242619119518169,0.0427045678248515,0.0208000263342361,0.0497216571697102,0.0263329345296576,0.0148113304781218,0.0273656337097266,0.0211741402577513,0.0642103027106468,0.042528509435841,0.0554701948662076,0.0519752203127671,0.043749741944503,0.0605456353486161,0.0047678205469099,0.0380643610508437,0.0560989420327958,0.0541668360322631,0.0584173451759372,0.0207536068007377,0.0504411593069255,0.0548165213889493,0.0619191370905167,0.0564038461488814,0.0176255815482852,0.0200262519720085,0.0760857324750735,0.0388719440193164,0.044662075344564,0.0568936560893416,0.0262143419923623,0.0367161369559394,0.0792687531521446,0.058679135549788,0.0753469527837616,0.0547398458745615,0.018422565109137,0.0222247651354313,0.0263020141521295,0.0466958574673306,0.0496413316667944
2541,0.0088449790034363,0.0056005646840153,0.0121319963216876,0.0007590680174829,0.0046974985280799,0.014001178268857,0.064660980569566,0.0270371730173083,0.0100225531704575,0.044997481915485,0.0351008751332015,0.0142647296601736,0.0643766024728084,0.056506150978203,0.0301606662300565,0.017856921754292,0.0512178563432556,0.0227398100080234,0.0316763858715371,0.0163968022101943,0.9999999999999998,0.0179393352452091,0.0199426973125316,0.0428970974465157,0.0126883179114889,0.1268059965827032,0.0046828046450656,0.0251602150013249,0.0078874779485245,0.0830141893672808,0.0309727104956141,0.0254990798208024,0.0197393657307387,0.0040469411203104,0.0225155113060042,0.0230164700240773,0.0120259497618292,0.0108392422617156,0.0240866564300823,0.0040146830227913,0.0125658110467488,0.0209170506409067,0.0306584383547206,0.0300279467235114,0.0227350423919908,0.0453415620394658,0.0234075694235783,0.0134610253660094,0.0100746774491006,0.0298216545928135,0.0340332167039482,0.0341967140807045,0.0569681386584839,0.0165899548939267,0.041706787994384,0.0108805507103528,0.0038941816145227,0.0179541409613189,0.0468561362241632,0.0088166640603077,0.0038488314298092,0.0164687569342717,0.0176596302478463,0.012798937446818,0.0303912724816793,0.0171704585275679,0.0122255018935183,0.0211334697134967,0.0312390589135748,0.0194942011034065,0.0447296868258099,0.0392062388209704,0.0142324718609932,0.0091183032921891,0.0233293223518116,0.0275774556677132,0.0032494407441307,0.035490690829337,0.0300813747583524,0.0449831504422306,0.0073672019291753,0.0234699985689875,0.0459036209727296,0.0140911996071243,0.0105422926664353,0.0199187193022173,0.0163262052646967,0.0199968468501308,0.0167589630244519,0.0296627298320557,0.0241276904715617,0.0200756516452517,0.0135223330467644,0.0157436050995807,0.0238046430348119,0.0193161501206288,0.029509068042228,0.0140367953061319,0.0196829101210366,0.0157255266767688,0.0318812800349571,0.0454979467365601,0.0059229067874893,0.0446634330700117,0.013634258187642,0.0291692996922934,0.0455060998885254,0.0346196435414864,0.0594631244052184,0.0196276466857894,0.0080498629181281,0.0190418263841331,0.0677917037616812,0.0313881284692822,0.0280943103730378,0.0790639928670297,0.0277585880632644,0.0267614718435365,0.0379460248569317,0.0452352367746317,0.0263436956802699,0.0088927060820506,0.1007773751920259,0.0200505183862708,0.016815675647575,0.0372464285339025
2648,0.0178964386289419,0.0078500126577918,0.008870218746333,0.0091673606593929,0.0216834290188063,0.0578250147031774,0.0641100461179503,0.0454452397774766,0.0709208148501906,0.0400996128043969,0.0383314035534635,0.0402198668872365,0.0754133221949757,0.0930953946433366,0.0486622951168839,0.0067069375430909,0.0453968328284825,0.0497562464313843,0.066660012965547,0.0651696839334031,0.0179393352452091,0.9999999999999998,0.0381759926811093,0.0474969658902234,0.074551809993636,0.020048732844942,0.0109491755372682,0.1559206932519501,0.0085932535237565,0.046757601970219,0.043248179042552,0.0256221078982622,0.0024581683625858,0.0232713813185061,0.0587711961330348,0.0283654742403135,0.050672730181848,0.0191430013068738,0.0397959215620501,0.0163103297759766,0.0331438044510807,0.0759455588055404,0.0383075449550046,0.0892112787502226,0.0511794948782745,0.0464199425257126,0.0281159943450395,0.0078484453184657,0.1162212010069442,0.0325705807615639,0.032116893490455,0.076956153357481,0.0160453485210108,0.0319622349076702,0.0108252467871261,0.0423363857491424,0.0297338305730661,0.0277683514106379,0.0283343323541219,-0.0019870570467465,0.0089991396127475,0.0381594061823588,0.0372344726542035,-0.0043873116116952,0.0268722347560155,0.0323148886487252,0.033886704953983,0.0137796836022225,0.019697416562738,0.0478330918959013,0.0368676388007291,0.0097447071003306,0.0242626282306579,0.01718203316213,0.0154333565216269,0.0484797067462451,0.0040716492544829,0.0362452551258747,0.0489719091847808,0.0442567286316634,0.0154748872829918,0.0508873386917695,0.0280047488933871,0.0033108509165219,0.02682840070077,0.0502847300474795,0.0061571128160594,0.0089024552282896,0.036229908879492,0.0295129559358926,0.0528925787270258,0.0249511336286536,0.0254468908223077,0.0354417888575333,0.0488254076306434,0.0530930025738955,0.0586485020671699,0.0399763745087212,0.0506502831293362,0.0325505346522446,0.0517625910977634,0.0542900679701639,0.0411196065628578,0.0584551791739152,0.0391571891771339,0.0568577705022316,0.0696432368841663,0.068836298865691,0.0370031799233761,0.0093827165210628,0.0207135744832756,0.0681145372990791,0.0381814348256535,0.0371559068063932,0.0495231206027301,0.0053582157169091,0.0392730171953891,0.1326905654742398,0.070928125387961,0.0685481474286473,0.1259807197735047,0.0429614912736809,0.0291541736898605,0.037334020418214,0.0178950342876095,0.045390543301389
2678,0.0069680610540887,0.0368827248441096,-0.0013527257209095,0.0186642952514156,0.0105198462747704,0.0590985171799458,0.0435809221358128,0.0289965688491242,0.0091438960024794,0.0399767442163553,0.0700971961546164,0.0412879289660865,0.0548569100073817,0.0760697053248416,0.0529384668488666,0.0210037205744411,0.0269931178366573,0.0302918324233231,0.0068708221825886,0.0371517335714235,0.0199426973125316,0.0381759926811093,0.9999999999999998,0.0691376404292211,0.0479851158807583,0.0311847595527147,0.0299442968386008,0.043443680314531,0.0033714218806691,0.0417149219184553,0.0280743930104064,0.0401940822870213,0.0074896112545236,0.0195568570336664,0.0215710529206318,0.0115486190234854,0.0157835721171972,0.0132619286611434,0.0208383690300315,0.036578753706285,0.0211808456374712,0.0472031227314222,0.0564278854099795,0.0593169962206922,0.0674190158439189,0.0255155536986864,0.0164972424925921,0.0499043713593353,0.0234520140213771,0.0313787434139938,0.1771575836881351,0.0599374142000706,0.0176217874733613,0.0405103746208963,0.0255446562754744,0.0149597625916265,0.0192235404341259,0.0192191656070817,0.0112634360842463,0.0030137074252002,0.0267861421393177,0.03584735329997,0.0254071178309208,0.0121704390680359,0.0177666889961455,0.0633565199257113,0.0241972982011317,0.0119016111537937,0.0204194092015697,0.0453347878933508,0.0463555249923915,0.025185933102763,0.0238649389042231,0.0201762442614627,0.0433105104203067,0.0401479785380843,0.0108499507979014,0.0554386913147881,0.0395505903627251,0.0144081950715156,0.0672278924906616,0.0165197702574822,0.0492960277808403,0.0252519870387668,0.0187030935177552,0.0022469011591462,0.0099747386007471,0.0245309958245106,0.0159362919813768,0.013477487426012,0.0076562072293665,0.0346885719518975,0.016514701742141,0.0160691821774129,0.0207422285815507,0.0373486897620311,0.0280175352266679,0.035554452760333,0.0444156067978262,0.0014217419501312,0.0307711435727458,0.0342691367392278,0.0272370477442015,0.0553855847894094,0.025789002392954,0.0392987583664535,0.0329749262378082,0.0590171611606828,0.0622858180168713,0.0483257478481562,0.0298531330795057,0.0455641527226038,0.0580768971937178,0.0151817566449187,0.0492308279159416,0.0858418507168073,0.0270185405683843,0.0234854260286075,0.0447094356346176,0.0854271941369729,0.0437489040155965,0.0268357455416068,0.065053845990036,0.024312207255153,0.0209118502094994,0.0485428516828764
2738,0.0142268989380312,0.037914007122985,0.0029881215164243,0.0078054210156872,0.0115012540242132,0.047764107416432,0.0496021284507569,0.0242386025211314,0.0220364376615873,0.0448477699129565,0.0683890601043964,0.0395494858174676,0.0724300338967209,0.0831177523782465,0.0535103162712183,0.0445282330626631,0.0450614764309774,0.0322414567015438,0.0395930230749655,0.0458338480025851,0.0428970974465157,0.0474969658902234,0.0691376404292211,1.0,0.0633800507042806,0.0881179334994972,0.0146934888721436,0.0756445268314534,0.0200556986147822,0.0594238704176959,0.0396403608815099,0.0265702908074139,0.0051161629128339,0.0363781076163535,0.0320444242285563,0.0245478196433446,0.0291064458495612,0.0293024752504571,0.0178404371330521,0.0363375069188132,0.0193157890405981,0.048236499741908,0.0719294314822648,0.0541863556505187,0.0302152055069999,0.0736230481188326,0.0374284514842954,0.0130549545501989,0.0167491468038483,0.0176245652240671,0.0620105876735884,0.0594261898719586,0.0322590209983921,0.0220266683746671,0.0506828895163265,0.0570345780844614,0.0180484240115127,0.0316363741245168,0.0524848957405802,0.0201705413555099,0.0372482210950694,0.0519366075617667,0.0517953490484137,0.0158171406855649,0.0130790609768464,0.0412793451940759,0.0423850725072551,0.0265146730577985,0.0396529149469266,0.0579862077234075,0.0540775434074681,0.0360728770807869,0.0431258267085589,0.0255860440889289,0.0788501151683937,0.0681389464324795,0.0188473860416756,0.1149313235006636,0.0581200622753412,0.0186164852746447,0.0369860755364801,0.0252006566229468,0.0415756470404315,0.0152639552870372,0.0319171132431443,0.0171034894123462,0.0326392598679558,0.0744594168761631,0.0195377198456831,0.0156271949058365,0.0243162550531023,0.0269205951285766,0.0170718850653088,0.0389077374703894,0.0289406881884198,0.0448885672400323,0.0488703337807669,0.0357383394663862,0.0620455800661931,0.0168499219652507,0.050818147657642,0.0396380419570931,0.0398478174548664,0.070590854732007,0.0489577181285767,0.0582355464775214,0.0631730505798352,0.0501565877436217,0.0693658442631141,0.040821016132815,0.0222111868030871,0.0343875310896565,0.0529176953016946,0.0195977487625998,0.0609680779347421,0.1003940118505144,0.0348414562330085,0.0295303761338927,0.0563144423830632,0.0624717655466611,0.0754228886848664,0.0337296632583831,0.0840982317810436,0.0349852164433361,0.0352537037708132,0.0377480901314737
2757,0.0513699697821926,0.0149311482459846,0.012995360167517,0.0318710795853332,0.0359477998454739,0.0685601522426821,0.0646576386776965,0.0396332343549505,0.043332187226875,0.0536492585523661,0.0558613473105528,0.0606679732428203,0.0751781534037358,0.1042077577256838,0.0550940462035817,0.0427382243790135,0.0648231341022207,0.0848847671580235,0.0497559576755881,0.0535757671751139,0.0126883179114889,0.074551809993636,0.0479851158807583,0.0633800507042806,1.0,0.02895268609569,0.0146763618682285,0.1014495461599848,0.0402549171989423,0.0676409359634706,0.0823701068378336,0.0465022220746033,0.0176682776778801,0.0405626989175697,0.0615188422016715,0.0346470909777573,0.0540975178943615,0.0223770165910915,0.0362614424439369,0.0368411588989756,0.0465472163802353,0.0774592288347686,0.0722874119654251,0.0919174346830546,0.0332433238653982,0.0683603740382236,0.0655223018086361,0.0221044647195337,0.0305924097446763,0.0510016395080727,0.04405982986347,0.0758364193962887,0.0369970739726331,0.0402470802201982,0.0526230879480538,0.0369039220506656,0.0499160550347715,0.0468671688607598,0.0574363659750297,0.0034471716517982,0.0163780071883542,0.0373383414519674,0.0357599578701079,0.0223230860159001,0.0159862206354014,0.0448557668389764,0.0412117898314726,0.0178092335506922,0.0151205499330337,0.0580327060395829,0.0652313386737066,-0.000165418776639,0.0512220387763011,0.0245764678612356,0.0439347351396919,0.0718433279183109,0.0207221352925997,0.0749200598890382,0.0661206799151179,0.0263733591497561,0.0369253253656598,0.0285965507036786,0.0386785535291589,0.0040338788665676,0.0820191636283848,0.0163475393587195,0.0107978675255943,0.0317121255104963,0.0302618131760019,0.0374696312527078,0.0390098460820584,0.0468799317276477,0.0296057666739132,0.059778481271986,0.0849224743761855,0.0864986601955585,0.0580359285319036,0.0416681059362971,0.0599063588981843,0.0425544047826121,0.0620039223840272,0.0526800471135561,0.097713790292883,0.0568635177883042,0.042856060508677,0.0380896854569084,0.0689340012081392,0.0632799612898805,0.0582659614870631,0.0400837313177356,0.0702752016795589,0.0650156002311958,0.0598394767798647,0.0387428157588619,0.0675586560810042,0.0205490482888363,0.0403011014742319,0.052984208632649,0.087933850730341,0.0719888684902045,0.0860693661531935,0.0290576626101646,0.0170260262168375,0.0631101460411665,0.0265521351669071,0.0668140860406981
2778,0.0271228544700993,0.0027098976362723,0.0415169912418543,0.0015563837182851,0.020577842355035,0.0161655267132388,0.0613874941337501,0.0166837014664645,0.0119155974649659,0.0232765266513987,0.0392089663891124,0.0261956502160844,0.0605842722788706,0.0647004608172303,0.0366968222150085,0.0227146507141948,0.0570424070863126,0.0326427807724045,0.0057607154770663,0.0215788538565755,0.1268059965827032,0.020048732844942,0.0311847595527147,0.0881179334994972,0.02895268609569,1.0,0.0142272135936665,0.0306917436046318,0.0092349410041702,0.0681974661028218,0.0271647757251202,0.0397946727890524,0.0222646312726458,0.0059601063268739,0.0178880693515765,0.0130922705615419,0.0166794662037239,0.01322449153063,0.0162453006950459,0.0227939355945038,0.0176371813116424,0.0305831067154388,0.0353031960700681,0.0445948167090838,0.0315323493915182,0.0369415568522489,0.0051157185848866,0.016072168811686,0.0132243054822366,0.0397715790897643,0.0406772934317335,0.0328798346629439,0.052140784155192,0.0137228748372943,0.0370157685224996,0.0100819955417313,0.011243397560065,0.0303356875001234,0.0438684613110849,0.0144939673396758,0.0241256249457298,0.0280640841402878,0.0155284661720367,-0.0004033598223858,0.0202348158268077,0.0202331258158704,0.0129610939048183,0.0145753730861447,0.0372191962562568,0.033213054978299,0.042866664881953,0.0637313557269501,0.0131118196355222,0.0042427348793877,0.0242747207519573,0.0274593215717376,0.0095713445266722,0.045501583148086,0.0324440647076597,0.0495177803175207,0.013573871935386,0.029889761364319,0.0382298148501787,0.0085906765076951,0.0097111104667687,0.0224788338811554,0.0137407022542517,0.0250598351731476,0.0144879034914169,0.0049228278252428,0.0176417250654441,0.0193522326016808,0.0095516134327245,0.0177250650239762,0.014514632830962,0.0317566511768461,0.0288968658005787,0.0286217819933695,0.0258493642285348,-0.0006321981701895,0.0307467768021875,0.0806874820327516,0.0203876714588273,0.0677659603210921,0.019595996641586,0.0380452529411537,0.0368850739068588,0.0353836478533859,0.0882300489516559,0.0344747772282914,0.0137398547045381,0.0275532216399702,0.0752642387275416,0.04653920300412,0.0280131152634858,0.1144587443955821,0.0527114791414835,0.0342653446649937,0.043651839219419,0.0606640692220276,0.0528991231543476,0.0017542087819638,0.0953448966235943,0.0293196396418948,0.0251663185383992,0.0425638958783584
2842,0.0150339704529773,0.0281251309314924,0.0183540500618447,0.001352988008829,0.0042697243663242,0.0114368918862853,0.001012617020777,0.0208452597487806,0.0026640042289507,0.0487010686568352,0.0344093047098623,0.0095237361509129,0.0030648699078863,0.0396655903749023,0.0200215237829387,0.0030264272276411,0.0275304211034308,0.0068699580188604,-0.0070493827550618,0.018383695779491,0.0046828046450656,0.0109491755372682,0.0299442968386008,0.0146934888721436,0.0146763618682285,0.0142272135936665,1.0,0.0271349840702521,0.0148677610631309,0.0501768493507845,0.0145980157777748,0.0341905741094235,0.0066484066657677,0.009046215773598,0.030514261503363,0.0048386615913085,0.0239639238887299,0.0174083658746888,0.0130486737291252,0.0189642113137691,0.0195509712035803,0.0156007064608874,0.023108158068931,0.0210770023084184,0.027011564019187,0.0150152732764056,0.0072799709721775,0.0189082220404207,0.0025856297941175,0.0127519826136125,0.0349342130713753,0.0199863559063715,0.0235742716310214,0.0257421719306529,0.0058994931122214,0.0076570313868402,0.0056277843167997,0.0264832187216906,0.0118010668274457,0.0342743605427789,0.029670866640257,-8.523467264980908e-05,0.0105462926830308,0.0560752262511378,-0.001647602307608,0.0386061135124486,0.0076041508435087,0.0299037534638697,0.0077842361527429,0.0136260898371101,0.0166200601568203,-0.0090238673489287,0.0066588636448471,0.0383758786002468,0.0298813996686234,0.0226383834447183,0.0097918065062652,0.0216323109485033,0.020643180079079,0.0143269729372957,0.0114744229913136,0.0008245383367894,0.0501943081136221,0.0689171467401602,0.0114239158013639,0.0045804181685369,0.0057754619035166,0.006396984977918,0.0037939020246153,0.0045452224702653,0.0278944174599299,0.007581656995712,0.0069704199331218,0.0421217515504836,0.0221522844946515,0.0197334361821158,0.0232291865065358,0.00717407629877,0.0271120917587319,0.0348536502773518,0.0410033968884612,0.0030078151862361,0.0077115585646164,0.0341030283597805,0.0304303344749407,0.0227238072793152,0.0286362311737,0.0251651250462721,0.011296080552003,0.0192831215476852,0.0089124983969932,0.0115233135833596,0.0160678019356014,-0.0029895513009065,0.0218355319090406,0.0647114275892526,0.0204403405640068,-0.0042600734834531,0.00374960965385,0.0289372473698328,0.0174255121871287,0.0424162265162729,0.0237147147650269,0.0061368185293947,0.01283223346033,0.009949649448817
2859,0.0695260326743581,0.0361975233385148,0.0150185924174951,0.0308679611563769,0.0414809104159338,0.0566606912925076,0.0849565165243642,0.0349272512184616,0.0544492868862656,0.0796822524743305,0.0716673996524849,0.0599678518779959,0.0922234846032213,0.1406301075035979,0.0645935988351593,0.0274629332314884,0.0685560456675721,0.0688567910585568,0.0466247180566204,0.0905611097452699,0.0251602150013249,0.1559206932519501,0.043443680314531,0.0756445268314534,0.1014495461599848,0.0306917436046318,0.0271349840702521,1.0,0.0465434623702435,0.0885256703672812,0.0896930560075348,0.0410729481717862,0.0071388976446687,0.0668842700659049,0.0827156746261109,0.0580362367464894,0.0501390025337345,0.0566622661144283,0.062875618030889,0.0424561471633987,0.062724715055535,0.167094097615148,0.0777797923859024,0.0871330340215062,0.0417687637443695,0.1019019740254141,0.0528128954110723,0.0411905516526394,0.0536631953115593,0.042184125389859,0.0349156851398589,0.0995651112418613,0.0439053477101745,0.0424123199451797,0.0499291434430373,0.0542773680947783,0.0465628775189078,0.0285230278483099,0.1063850723834656,0.0090496056993701,0.0319927066472848,0.0684857987626232,0.0656027791503523,0.0215645957705565,0.0364734775569108,0.0772101725820656,0.053670109851872,0.0175483655617639,0.0473052728824007,0.0827104192091079,0.0764805353156632,0.0183856681993041,0.0674296336802304,0.0343517501408105,0.0558343853985438,0.0812710211152889,0.0186277094568233,0.0866095965162942,0.080628364685524,0.024809719729498,0.0328204588440499,0.0398327905011648,0.0646574883387028,0.0110872742918026,0.052328799041318,0.0454118352176936,0.0155460883219436,0.0498356265368904,0.0382253585335969,0.0347892617497029,0.0571665079956368,0.0454825115013596,0.0444712998174448,0.0459162216135001,0.0692548976145753,0.0761344878935221,0.0650272514974927,0.0497451192120108,0.0528437426979023,0.0462100941444973,0.0637653812592391,0.0494372977528387,0.0646447521362776,0.0673022876514003,0.0605144022315127,0.0735428339960873,0.0894554362837196,0.0688202147817171,0.0523115946102219,0.0354555454755858,0.0425262528212521,0.0924005382885886,0.0660651300554119,0.0611460704766032,0.0733936299779254,0.0220513316443261,0.0545218653322169,0.084665168886323,0.0916729341933985,0.0769871012603893,0.0970929218287558,0.0281551818472754,0.0408474374107039,0.0624561326850124,0.0450492708327377,0.073541895978197
2860,0.0599813779005634,0.0024332874705502,0.0444261258218642,0.0344560111692804,0.0242245606287377,0.0428996473720754,0.0214837588908208,0.0188372306995053,0.0248255625878273,0.030296725518952,0.0464263534295014,0.0222653001217639,0.0227637576148233,0.0397218691200916,0.0164632354286887,0.0087803695329317,0.0373671640192325,0.023212982830074,0.0010861944977893,0.0465225828351087,0.0078874779485245,0.0085932535237565,0.0033714218806691,0.0200556986147822,0.0402549171989423,0.0092349410041702,0.0148677610631309,0.0465434623702436,0.9999999999999998,0.0319899052600028,0.0421901132569556,0.0292978872453531,0.0040963364739064,0.0121707080087718,0.0626547347929045,0.0184847438730456,0.0199142027193643,0.010643555670753,0.0296913348683488,0.0134863920628367,0.0262072843186833,0.0503888403170435,0.0424130538457681,0.0433335275804934,0.0202529864955045,0.0375797572626577,0.0023565621859492,0.0045384123654154,0.0184051977803353,0.018643440357139,0.0062018510294152,0.0406618687385428,0.004453124510158,0.0049607238455727,0.0860089712279507,0.0140022125783388,0.0319727909059374,0.0119819449100387,0.027765744184459,-0.0017682523671961,0.004743007054269,0.021082258272031,0.0356942378203397,0.050990395310158,0.0185570877230092,0.0366153669110481,0.0165637567186794,0.0025626323166965,0.0096095801479073,0.011863424098772,0.040740993585741,0.0050742298560839,0.0383846180599827,0.0081709180459362,0.0188319990465236,0.0443806988603269,-0.0017426433648938,0.023081498637817,0.0327407547705005,0.023166537205427,0.0075495936305403,0.0279804013275145,0.036808040868217,-0.0022082656409049,0.0327146737621531,0.012440911228067,-0.0045360729450026,0.0198419767852024,0.0121223704617043,0.0131696528536928,0.0180542363742545,0.0653975222959775,0.0052992918453558,0.0521220568567511,0.0311467357821373,0.0515480486427605,0.0360955442469464,0.0227547349818977,0.0241005018381548,0.0018867494774002,0.0211983454323366,0.0241015101420123,0.0500975685843181,0.0320871703030283,0.011863181043688,0.0344314060350276,0.0337208120493958,0.0334444492772854,0.027896802653237,0.0110473262025717,0.0212558354115165,0.0305704120300431,0.0172943364290388,0.0161829833079032,0.0242995948562601,-0.0014573781645669,0.0333411171517251,0.0289998514930432,0.0324602488640005,0.0528797126098945,0.0208111058077053,-5.495692282479057e-05,0.0075103663401451,0.0378467357874275,0.0415464119688216,0.035622158802613
2976,0.0467879364219187,0.0118343901106773,0.0309360103140542,0.0324057817683042,0.0358512113357369,0.0549631324157615,0.0907556551880495,0.0504898691311778,0.0057574537616419,0.0677792830694508,0.0837809677778242,0.043822524985509,0.0987602398926282,0.1296044870768655,0.0653974362570907,0.0350401299677901,0.0664722568521294,0.0627400397929096,0.0391137254252901,0.0409958358477468,0.0830141893672808,0.046757601970219,0.0417149219184553,0.0594238704176959,0.0676409359634706,0.0681974661028218,0.0501768493507845,0.0885256703672812,0.0319899052600028,0.9999999999999998,0.0896675272389805,0.0591097426786003,0.0136640149242415,0.0455772421846735,0.0682782129367696,0.0546192948646666,0.0468671608765079,0.0472594896211077,0.0424000709093504,0.0484399472029234,0.0546559882653196,0.0804392344387566,0.0727499159995449,0.0618513402829167,0.0480506309868634,0.0910640010046197,0.0620317403576646,0.0213929493499129,0.0400740099780023,0.0758511389227635,0.0366330378057843,0.0731310544749899,0.060168643279314,0.069060371392901,0.0510677047975476,0.0535931668380804,0.0347077218312686,0.0442873076587043,0.0855784166152514,0.040948572493046,0.0385008728600003,0.0380252404186867,0.0584460782954173,0.0319188837303286,0.0343775958019787,0.0593719142953633,0.0592626983966466,0.0374962734710216,0.0507558678446592,0.0708094500476668,0.091378531623995,0.0156034586874526,0.073356487399728,0.0312000659668815,0.0631665824711328,0.0625962871156598,0.0140738621922011,0.0622242906802427,0.0583244058016563,0.0355824004254651,0.036257560557671,0.0400987422475108,0.064561573459611,0.0367171948460328,0.0404596954993007,0.0308184705899893,0.0297623522872746,0.0441862075274177,0.0194905262528984,0.0513357315530339,0.0447161436492133,0.0335654573340777,0.0431315331646647,0.0598247542434351,0.0519793841381556,0.0599401881372172,0.0664141376969397,0.0519260851245117,0.0715910156413118,0.0292823252947962,0.0706859943543603,0.0454177851985103,0.0683817657017985,0.08710865726321,0.0486642359145498,0.066981592288933,0.071221281628293,0.0614429761634957,0.0704812057462142,0.0392445225137795,0.0595346768868446,0.0684437793614008,0.0684827920541834,0.0408023832309279,0.0697734269775582,0.0646163050860024,0.060754567129859,0.0374511795185006,0.0762721621871427,0.0765618786237539,0.0628010193889835,0.0211843896401879,0.0706011299584885,0.0426844239725616,0.0515901682374563,0.0623434353505047
5404,0.0340594007518657,0.0198763326855702,0.0171683015044135,0.0135154078919115,0.0271384080929975,0.0484975540565205,0.0462449408118531,0.045632963554005,0.0123050304614195,0.0597003589648629,0.0604103539870555,0.028473171390887,0.0550845983526012,0.0811033300678481,0.0304094850946145,0.0337218478760295,0.0464282622953478,0.0374362266083427,0.0436864842708999,0.0756554753964482,0.0309727104956141,0.043248179042552,0.0280743930104064,0.0396403608815099,0.0823701068378336,0.0271647757251202,0.0145980157777748,0.0896930560075348,0.0421901132569556,0.0896675272389805,0.9999999999999998,0.052023475271313,0.0229005045142003,0.0469050573188232,0.035675318348049,0.0584167154320515,0.041262935670966,0.044444346937862,0.0308917664210875,0.0354385199273787,0.0585440147561279,0.0836646475822565,0.0645609138538873,0.0433468260953077,0.0392979751863904,0.0754523105566407,0.057028179745859,0.0349126044973016,0.0238369431117455,0.0565526747271072,0.0338093957063061,0.0592382073996082,0.038686498213784,0.0459392288707779,0.0362561683617229,0.0431579184188726,0.0498380855810395,0.0691295588469593,0.0537735550285123,0.0269483783138023,0.0260855133006081,0.0467404555071646,0.0442317622602802,0.0256569303521989,0.0126305915715121,0.0356315030590497,0.0466528917852678,0.0195551537121276,0.0243525321278887,0.077332684113387,0.0680617559450872,0.011031561927987,0.049104618029059,0.038198741639966,0.0491109405646903,0.0496666530072178,0.0123230363677429,0.0566957181848312,0.0419180211980528,0.0098345149959163,0.0315861197769145,0.0085950520022548,0.0255845138503494,0.0030563807075473,0.1210811862318877,0.0207856483520242,0.0371984666169442,0.0412617036913424,0.0356397775611046,0.0360828928757594,0.0292561287939164,0.0387206194851509,0.0215802312357034,0.0608404374625011,0.0715358662848326,0.0757599543843249,0.0406184076542293,0.0236799254171369,0.0424645779001098,0.0404232610715217,0.0259205378627168,0.0300214793196181,0.0547965181756713,0.0514789434927392,0.0384176737642371,0.0514683266155386,0.0550917818393733,0.041258967933568,0.0315028593161924,0.0342665275670198,0.0535767372675353,0.0500914045578856,0.0609197856232191,0.0329661896648132,0.06362158823519,0.0318200515434771,0.0539219923842858,0.0334593818425646,0.0613668000100897,0.065865266793204,0.0572096889518635,0.0316627352739825,0.0332300894858991,0.0468150645521835,0.0241958326650294,0.0429223173846888
5432,0.0278056244112492,0.0107074484786663,0.047728344470099,0.0040742022197434,0.0135026233887058,0.0500830470227453,0.0483465985225742,0.0260814023875236,0.019430376687973,0.0472623650557005,0.0589626224230497,0.0369944576492951,0.0662657469371808,0.0675587517524181,0.0250443405094909,0.018964322720406,0.0259152864898274,0.0319223719297394,0.0082921872101038,0.0540298843521199,0.0254990798208024,0.0256221078982622,0.0401940822870213,0.0265702908074139,0.0465022220746033,0.0397946727890524,0.0341905741094236,0.0410729481717862,0.0292978872453531,0.0591097426786003,0.052023475271313,1.0,0.0291784925244789,0.0469533304204314,0.0439479835371528,0.0305368938139472,0.0451578025468716,0.0269934770060163,0.0174311573553429,0.0283001736527984,0.050203463516144,0.0649682414355268,0.0593468705251127,0.0558802207875139,0.0205146232487132,0.0548199039836583,0.0555183725860181,0.0187537589542462,0.0270384138532481,0.0327019230322855,0.0400090573154493,0.0485908559628923,0.0382577721630575,0.0414113583270135,0.05484524128679,0.0224538662884407,0.0334095147463568,0.0277599772764607,0.0303840254999454,0.0098370719143525,0.0276757258650397,0.0408203103590732,0.0723474273744229,0.0342303946611451,0.0428303941042111,0.0638881420724305,0.0336655799866647,0.0307123181797863,0.02592333550463,0.0575080159310862,0.0554416180279179,0.0003677662150626,0.0415649802521865,0.0250313712175611,0.0526749645339336,0.072413112079043,0.027631964978112,0.0725228244960128,0.0573903690819105,0.0416732206428348,0.03000966273424,0.0435217600408457,0.0845231133489163,0.0400330433082711,0.0400244502437091,0.0253373683832711,0.0316230675417477,0.0211861789990618,0.0202222867676575,0.0304067989779509,0.0385515665143189,0.0525022643880704,0.0371202397898373,0.0641627541924294,0.0373438355278956,0.0514187269248951,0.0651624498607874,0.0225622796265082,0.0512445537147704,0.0168192381718915,0.050274388168716,0.0307993905813979,0.0544053823963277,0.055156119086687,0.0328414977745402,0.0248704113067339,0.0476673511549739,0.0436647258880657,0.0579257910294985,0.0439260264244614,0.0220913630701912,0.0636533674975257,0.0696563929104761,0.0343255948137409,0.0605153197794865,0.0541376897932367,0.0303519049757307,0.0352447058513897,0.0678641870488052,0.0658066002738457,0.0444554101759921,0.0295404322245764,0.0287697528361503,0.0347684557031612,0.0247099462487329,0.0579704442101837
5435,0.0303431317428354,0.0166470973702848,0.0532613056220003,0.0100089039750843,0.0126109872815797,0.0103594323112215,0.0371923065610032,0.021176187929301,0.0090832182412377,0.0170104481606934,0.0130027935100604,0.0160234327838228,0.0083146261577838,0.0275850716626841,0.0081710307903227,0.0136012903325503,0.0223192404031784,0.0056976365242495,0.0045227358380052,0.0136147444879866,0.0197393657307387,0.0024581683625858,0.0074896112545236,0.0051161629128339,0.0176682776778801,0.0222646312726458,0.0066484066657677,0.0071388976446687,0.0040963364739064,0.0136640149242415,0.0229005045142003,0.0291784925244789,0.9999999999999998,0.0167221653447508,0.0163564468177259,0.0612908467570124,0.0160223117537755,0.0120297461510166,0.0072593331244214,0.0185136355533168,0.0081726778193718,0.019388108747034,0.0358035241708516,0.016567456654177,0.026603217615095,0.0097750777192185,0.0181850270970311,0.0082099546214506,0.0209982572672874,0.0302081003231718,0.0257885730510454,0.0237731632005155,0.0347829942804395,0.0144062031678181,0.0138244397619648,0.0055995433969674,0.0219370926171417,0.0139292480736765,0.0432438430389071,-0.0014846370961014,0.0100934905155805,0.006871509208605,0.0360212316823054,0.0077388763975341,0.0020458774648716,0.0165658921963806,0.0236279946684406,0.0034033653961618,0.0092897868601754,0.0261260675996123,0.0394448889088223,-0.0035717752044442,0.0176447560874665,-0.000671989250313,0.0224472226203872,0.0403574507341764,0.0049823827679726,0.0407284636959115,0.0270508352379532,0.0336760677357934,0.0401476739065582,0.0300906658194819,0.0462452588244701,0.0039848939977692,0.0123825628638293,0.0125199573062296,0.0170826596624339,0.0247171779181142,0.0132531071758272,0.0112806218164713,0.0181722722638613,0.0018445322727513,0.0311455206466869,0.0404315433597554,0.0177244331369981,0.0470775316137266,0.0270282091708885,0.0092484228570328,0.0363004416345645,0.0171877814120866,0.0269107874078852,0.0371133126287592,0.0212185502003049,0.0419794618652829,0.0149466429652814,0.0136934134844065,0.0362304049882923,0.0212300522932117,0.0349623008157699,0.0054936488564674,0.0469875061010268,0.0192188794248629,0.0344742414084231,0.0109530333478379,0.0317788887893416,0.0212286241467747,0.0011011621385046,0.0188416763096915,0.0352437438708417,0.0539192961741227,0.0235452505707319,0.0056835362049541,-0.0040799017888233,0.0157198384594395,0.0077614359867902,0.0179714210213441
5436,0.0109198539572562,0.0037630364956447,0.0157092960382569,0.0172011631837468,0.021381919142923,0.0610824674126128,0.0874722554356615,0.0221024762477961,0.0141866135975494,0.0290668451194332,0.0416076630290007,0.0336991439303229,0.0484667738419429,0.049227394942479,0.02931864121837,0.0248983972131935,0.0322463488119112,0.0260980695768824,0.0326622563873387,0.0529058291873924,0.0040469411203104,0.0232713813185061,0.0195568570336664,0.0363781076163535,0.0405626989175697,0.0059601063268739,0.009046215773598,0.0668842700659049,0.0121707080087718,0.0455772421846735,0.0469050573188232,0.0469533304204314,0.0167221653447508,0.9999999999999998,0.1159127713251126,0.0393312772481359,0.0198845482554653,0.0272465775892002,0.0640217126664733,0.0490231087930092,0.0347811682089276,0.0743287769735303,0.0505447640952218,0.050884416279675,0.0571498165665013,0.0645343253939365,0.0256323001415974,0.0341377638437412,0.0173592601178274,0.0324895713089507,0.0206928065695147,0.052397464938117,0.0171883755253098,0.0462638931372462,0.0390327812279399,0.0375673289590233,0.0301241366570907,0.0533255856256627,0.0856406998170238,-0.0028757883530863,0.0074227317665849,0.0499199736807835,0.0337095021372614,0.0463761428565092,-0.006215320161328,0.0207850320977222,0.0209288611497889,0.0095816986408283,0.0114437792082115,0.0335595867081678,0.0504114119113245,0.0051278101021533,0.0375488924438242,0.0180154993057279,0.0317664049650018,0.0917419222333747,0.0022844699742005,0.0415298209239931,0.0510232329586135,0.009999678993569,0.0194903916790616,0.0250482136385342,0.0570752560106814,0.0080086364938256,0.0140542075259575,-0.0002440727831662,0.0126348164938156,0.0446357933794617,0.0064114090420003,0.0161415559440396,0.0127416521573894,0.0077332098747926,0.0146476313491578,0.0467525958342967,0.0370069924361891,0.033347736852827,0.0365911215982161,0.0326197324626691,0.0216588653554985,0.0113164312391538,0.0354013794090803,0.0182365049004021,0.0447179068596532,0.035363428273666,0.0133529564709038,0.0166188463473788,0.0225151601950082,0.0207460089889198,0.0456537274174519,0.0128770051525226,0.0277760714645827,0.0431052995573776,0.021621366528234,0.0469884739428899,0.0343483557105543,0.0161381150039856,0.0106579750157386,0.0530087439244705,0.045767830758243,0.0462734753265371,0.0651111674683363,0.0226697688632432,0.0244851485969216,0.0194827550522218,0.0179099964919458,0.0285898893670533
5437,0.0550226991464377,0.0017143389719185,0.0405887970503981,0.0317573669640438,0.0248208950071915,0.0994976345720681,0.0870874101444907,0.0355236514120852,0.0684604037595416,0.0404650413893523,0.0635310571399887,0.0668539507143531,0.0553383196459889,0.0767781634704412,0.0413815002888268,0.0120637276378884,0.0508711718393296,0.043321278245829,0.031946268316386,0.1005882885455268,0.0225155113060042,0.0587711961330348,0.0215710529206318,0.0320444242285563,0.0615188422016715,0.0178880693515765,0.030514261503363,0.0827156746261109,0.0626547347929045,0.0682782129367696,0.035675318348049,0.0439479835371528,0.0163564468177259,0.1159127713251126,1.0,0.0502013821112856,0.0675611293955237,0.0293179803212966,0.0467304328341711,0.029011969907763,0.0715856271236505,0.0744372982929609,0.0741556100486739,0.0924710856598991,0.0547834124692112,0.0559309378201791,0.0398019192268827,0.0245367994304358,0.0552176074621835,0.0272117002524423,0.0456824956503223,0.0686588850829929,0.0539638750809037,0.0405276308266775,0.0398930450213496,0.0370774550757004,0.076356662868678,0.0419294545448874,0.0216777822180632,0.010310132657145,0.0230859537603782,0.037021216012893,0.0717254999242735,0.0120023117063472,0.021366985639507,0.0248597545677332,0.0277276513659839,0.0164940113788043,0.0119698597621443,0.0559006824327916,0.0419176188448565,0.0030643707,0.051831139057235,0.0062554436281536,0.0322400284267505,0.0523710151453269,-0.0012021790205641,0.0398618412300116,0.0406478052764636,0.0167775514880434,0.0140108087309578,0.0550512700047929,0.0454284887270133,-0.0015455524156427,0.0352245163781958,0.0571847429105957,0.010937854743716,0.0290353705976413,0.027302962397416,0.058443222864028,0.0769038948290598,0.0327475860869874,0.0715370078058956,0.0661773627225729,0.0631019821122202,0.0892799370108367,0.0668221239006398,0.0310512253546401,0.0601818422185504,0.0330221144229632,0.0410344029860343,0.0565532397746589,0.079077824479241,0.0514056657248682,0.035353750843084,0.0231407390659146,0.0542971513005881,0.0585064094609196,0.0412697076214144,0.0280312115855426,0.0487860191215984,0.0559764275744479,0.0486855201371526,0.0434349164570309,0.0368024918077575,0.0048795395348458,0.0337639959899373,0.0853677547080171,0.0587869632814752,0.0665786890248997,0.0637109593844232,0.0136166521329906,0.0174260717386353,0.0468227808263227,0.0589378105759491,0.0391947195126859
5438,0.0272348806114737,0.0053907959348463,0.0126773497214627,0.0322760313114862,0.0359428109353174,0.030926847046534,0.0432402647500234,0.0164325013732976,0.0109986315734865,0.0445038528295484,0.0297634807819362,0.0324088301221024,0.0327447567132776,0.0454142792538808,0.0206962553729114,0.0226674218500376,0.0553860102493963,0.0247423470494813,0.0281200646179394,0.0139433773512951,0.0230164700240773,0.0283654742403135,0.0115486190234854,0.0245478196433446,0.0346470909777573,0.0130922705615419,0.0048386615913085,0.0580362367464894,0.0184847438730456,0.0546192948646666,0.0584167154320515,0.0305368938139472,0.0612908467570124,0.0393312772481359,0.0502013821112856,0.9999999999999998,0.0362074767649999,0.0177703815872664,0.0582962316697507,0.0259434097743208,0.0348774023250014,0.0383874596629907,0.0568684911762969,0.0390181871601573,0.0115043697763337,0.0371512499864633,0.0351496523050586,0.0183354685170215,0.02508427706491,0.0589693021896745,0.0210347863809617,0.0411643239781186,0.0459188172059867,0.0538214471613162,0.0174360922536293,0.0203584502196746,0.0435190990785904,0.0402260209297234,0.0322572166804612,0.0148761622890766,0.0511513003694094,0.0313213148788487,0.0588089936394563,0.0234622524389967,0.0219038621425293,0.0244715960511402,0.0704211156135039,0.0308269601574878,0.027264250689454,0.0555362890256597,0.036823579815536,0.0006003376270362,0.0332777639931942,0.0157940859099744,0.066861561698144,0.0521836667073373,0.0444488591625966,0.0650081071157403,0.0276889644203606,0.0182798084277554,0.031649376512696,0.0309493433216033,0.0143531916239548,0.0060101244729739,0.0546522231963855,0.0176338211493306,0.0083491370831943,0.0396022786857092,0.0410321676762821,0.0485055963025639,0.0399746865373225,0.0217491425580808,0.0240732025103884,0.0459709352892429,0.0585885182021726,0.035255535406543,0.0339388673944619,0.0294377303077866,0.0449192359880548,0.0246453376001761,0.0239804457278906,0.0269662036639947,0.0354911986339635,0.0351877465668015,0.0293919131788542,0.0180732390762147,0.0417386667968001,0.0311804004275065,0.0391519188982894,0.0185971257504433,0.0599837356173909,0.0452647315170135,0.0385553480220638,0.0323632363829925,0.0393984319835607,0.0045904245019499,0.0147328381986703,0.0131875239894587,0.0362644985269777,0.0538598847464052,0.046651415526369,0.0058677537078005,0.0330840944885784,0.0233458465971819,0.0110458375087818,0.0306662391901755
5439,0.0542241643483133,0.0198319507951011,0.0257854308005621,0.0224467747230208,0.02406396062029,0.0497227837361088,0.0506787188621457,0.0244448026019059,0.0361527281213409,0.0320251030077174,0.0445428426534937,0.0207105421722326,0.0292316273204609,0.0615998659784508,0.0281995544250753,0.0221431147215025,0.0379367379400987,0.0344338325284498,0.0176032043753331,0.0309797207067204,0.0120259497618292,0.050672730181848,0.0157835721171972,0.0291064458495612,0.0540975178943615,0.0166794662037239,0.0239639238887299,0.0501390025337345,0.0199142027193643,0.0468671608765079,0.041262935670966,0.0451578025468716,0.0160223117537755,0.0198845482554653,0.0675611293955237,0.0362074767649998,0.9999999999999998,0.0223574541660693,0.0481595478057253,0.0341986933135619,0.0634844047318692,0.0445326241516305,0.0523475005392992,0.0479906635172868,0.0368440662058087,0.043726070593057,0.1164796101205646,0.0081277674184103,0.0513165624017825,0.0202042039259704,0.0299727952517189,0.070334734413743,0.0291891752077004,0.0381822386100611,0.0193036193771359,0.0196782000531512,0.0242090576668995,0.0390122581528419,0.0296191481134811,0.0149316362971941,0.0202190944818438,0.0246549547025706,0.0525327292562681,0.0259624574224435,0.0156764999638044,0.0331953629275984,0.0367008351425466,0.020066535545053,0.0111450869955932,0.040827596505469,0.0522728911788749,-0.0009228302231794,0.0305154030981953,0.0161803147243112,0.0448993296805622,0.0228688703966477,0.0055849132845005,0.0533651709785835,0.0376774060031099,0.0180048401839242,0.013056167554839,0.0288136272964924,0.0699341600076719,0.0084359323665502,0.0750503782599702,0.0502136326420639,0.0067931228738506,0.0167294709879065,0.0266411162299859,0.0552877145535309,0.0822407220861671,0.0175864835797755,0.0712085852622747,0.0562341211894103,0.0360228874071147,0.0446636681637095,0.0441790330509561,0.0305532234522404,0.0445099588035436,0.0429207498918592,0.0273410290906212,0.0302861630597951,0.0400247589580187,0.0406713052400364,0.0386603340646393,0.0340760836750303,0.046241428636898,0.0273881214338608,0.0277143786221224,0.0824033696088501,0.0354922902549642,0.045453686217845,0.0315235549307405,0.0181398678697217,0.0403223774440428,0.0150067933104682,0.0125652087554985,0.0161520636070356,0.0426484899810812,0.0338880610342798,0.0417481049103169,0.0131892894535253,0.0233003550007704,0.0234931400194306,0.0264515514220396,0.0281672656552545
5440,0.0293571270329371,0.0241392207954292,0.0071678385070673,0.0176920399553188,0.0206592628335874,0.0384292274949341,0.0528124598885581,0.0311458353296872,0.0141074543164478,0.0320787357574951,0.038273757184907,0.020837583558149,0.0541696482446366,0.0472076177787087,0.0397462558435316,0.0210586296878495,0.0195523535839139,0.0364385033651284,0.0023213462751122,0.0333101693284731,0.0108392422617156,0.0191430013068738,0.0132619286611434,0.0293024752504571,0.0223770165910915,0.01322449153063,0.0174083658746888,0.0566622661144283,0.010643555670753,0.0472594896211077,0.044444346937862,0.0269934770060163,0.0120297461510166,0.0272465775892002,0.0293179803212966,0.0177703815872664,0.0223574541660693,1.0,0.0254557810035798,0.0425645258707937,0.0285859903114398,0.0589500562042549,0.0530656256839742,0.0477714852041268,0.0380386534542515,0.039756763295378,0.0247555721978149,0.0016463226043454,0.0202030470120209,0.0172921340194801,0.0280794839129161,0.0422751556468107,0.0142861341490298,0.0152009611124892,0.0316234159956479,0.0281101135476004,0.0213163192835387,0.0357038655532254,0.0291073235782641,0.0189331359055909,0.0420363539892029,0.0248252478726929,0.0399714227363013,-0.0004275462140204,0.0085834710069432,0.0386997176649347,0.035092229241121,0.0237251872066669,0.0429881331749934,0.0365889066429587,0.0435906369344714,0.0039079428225784,0.0239642156400938,0.0255314136677323,0.0331809770603195,0.0285051984852789,0.0038474225312738,0.022097698008763,0.0264321484157641,0.0052908934699577,0.0615917767224392,0.0140550442889701,0.0237276715597422,0.0072713221454519,0.0172776670766986,0.0087631070796235,0.0155197090390219,0.0258719694031032,0.0264525077824888,0.0202393039675478,0.0176882644019649,0.0168331178963285,0.008794062870361,0.0264972540749307,0.0159289447038154,0.0321028054263642,0.0184947580813025,0.0296602021185536,0.0592430233708264,0.0094884621942323,0.0136334717123802,0.0174403000969948,0.0123929899110199,0.0285982869645517,0.0170351185414499,0.0211698087654399,0.0417468684067316,0.0291600765887558,0.0231308765408933,0.0220035014661033,0.008758706003451,0.0415041598960267,0.0365001281147464,0.020749969090386,0.0402051102568349,0.0260420510180963,0.0171180618202915,0.0119817734529596,0.0315525700856597,0.035714676820403,0.0268747431711191,0.0035975547758964,0.0408375952149831,0.0266572717804711,0.0260083279371252,0.026365386548132
5441,0.0330083042819988,-0.0011924765039576,-0.0008458309296836,0.0079271963001891,0.0362472091145,0.0279482852152348,0.0313093711601332,0.0241580434192006,0.0566841818558723,0.0190326232757117,0.0380226388526676,0.0653939752411551,0.0516789862250037,0.0533411907002629,0.0471465613186737,0.0259134848581074,0.0360720760089989,0.0231618778936858,0.0198776807327294,0.0207080536168151,0.0240866564300823,0.0397959215620501,0.0208383690300315,0.0178404371330521,0.0362614424439369,0.0162453006950459,0.0130486737291252,0.062875618030889,0.0296913348683488,0.0424000709093504,0.0308917664210875,0.0174311573553429,0.0072593331244214,0.0640217126664733,0.0467304328341711,0.0582962316697507,0.0481595478057253,0.0254557810035798,1.0,0.0167396791293066,0.0675085216311027,0.0981294583982382,0.0407910432804046,0.0324746395280576,0.025102668912027,0.0616407386640006,0.0199414343269285,0.0269286953532655,0.0388976772142092,0.0242160186405334,0.0226758849060724,0.0334202414355003,0.0132220658745253,0.0346932282674044,0.0229187244627731,0.038437180681871,0.051730492510427,0.02024505205658,0.0436764643252371,-0.0003175757450529,0.0079988168926711,0.0272398810541108,0.0201275510517058,0.0080544625924368,0.0082352498915181,0.0370590122623378,0.0140330865816757,0.0022797854962981,0.0151097547388444,0.0390687113655257,0.0260350313228356,0.0111466207203752,0.0227082194763309,0.0002233443629834,0.0253470395044424,0.0390621224251028,-0.0012673497259987,0.0402860511492979,0.0166783460140234,0.0098080189114467,0.006334719851546,0.0199806603650287,0.034766614959521,-0.0014911286959599,0.0308908132635252,0.0241113900239311,-0.0022313282465495,0.0255777036263563,0.0163685982536724,0.0113388942038325,0.0165222898027085,0.0144893108982005,0.0069393538067102,0.0272552805646706,0.0283110872285201,0.0404279066651892,0.0274817821250844,0.0376272032213593,0.0189999600531654,0.0110592755820324,0.0211565280174513,0.0159877860513233,0.0355988381320909,0.02934131976805,0.0229577142681709,0.024733928487793,0.0247242189388565,0.0333081197668305,0.0262540707683942,0.0203922298095054,0.0438387741560005,0.051916314501848,0.0228547288426165,0.0323668811674108,0.0173420032891505,0.0171681355576969,0.0202023826426317,0.0271557185656528,0.0496215821490924,0.0415794524401478,0.0420857609012675,0.0175190282009137,0.0296135963777406,0.0369231136465078,0.0146156012576846,0.0224319844892853
5442,0.0074847494417718,0.0068529252347167,0.0066463425767283,0.004671581413171,0.0093784444027259,0.065452062507926,0.035389294324585,0.0175146242222209,0.0067451527534419,0.0348777175600751,0.0547077420497909,0.0318227605529885,0.0482626093423425,0.0560367091659906,0.0209283742457419,0.0271539192103161,0.0423272460223988,0.0240132962858203,0.0016099629446652,0.0224366999839005,0.0040146830227913,0.0163103297759766,0.036578753706285,0.0363375069188132,0.0368411588989756,0.0227939355945038,0.0189642113137691,0.0424561471633987,0.0134863920628367,0.0484399472029234,0.0354385199273787,0.0283001736527984,0.0185136355533168,0.0490231087930092,0.029011969907763,0.0259434097743208,0.0341986933135619,0.0425645258707937,0.0167396791293066,1.0,0.0444495887279179,0.037033023332393,0.0664967386598822,0.0500368949150557,0.0531136536389866,0.0422387278365813,0.0268070500592072,0.019990999512823,0.0195884098693606,0.0638385066299127,0.0524005783962343,0.04155153775841,0.0408030482158517,0.0274362653046593,0.0764281524278816,0.0449669140784426,0.0178044648442615,0.078921174354658,0.0246924660711526,0.0075151876110661,0.0093808254180771,0.0172063613937061,0.0451258406051655,0.0012458295487169,0.0100475188857303,0.0334320372540873,0.0173348155389501,0.0141090064733968,0.0450395535542777,0.039831918778103,0.0492349536384301,0.0050941532063853,0.0207404141370301,0.00865762625669,0.0348977988749484,0.0437519171063853,0.0008568049095481,0.0485933986369161,0.0374753998747647,0.0616547124047698,0.137111435958109,0.0260553877164798,0.0729358642898937,0.0139336328737883,0.0212528066195729,0.0247050557817057,0.0110221487729679,0.0069379684846525,0.0271753190543425,0.0231842061789434,0.0072351229733926,0.0230000146369514,0.0248125939495941,0.0161464839336585,0.0194117889247916,0.0467694777404883,0.0240658077760337,0.0289387970534849,0.0480304066225194,0.0003001950188436,0.0196345698179364,0.0231896076727769,0.042978540531582,0.0486536959774616,0.0060405284251865,0.034515860797184,0.0413035582192298,0.0468278769518588,0.0356366737341855,0.061412591757235,0.0104951415814217,0.0662059276584826,0.0397312415551634,0.0138236507557454,0.0442268519491786,0.0392726064718431,0.0255870667524067,0.0151356877726442,0.0885701929301367,0.0696591416415436,0.0284378751154861,0.0139870068465547,0.0224553566939895,0.0260778467670856,0.0597368275655171,0.0441015848389774
5444,0.0270830011150273,0.0138454277247027,0.0192908998006627,0.0105233889493391,0.0086153138705935,0.0312145269730837,0.0377628324151302,0.0281380977530381,0.0231658082881935,0.039921420558704,0.0577326488271308,0.0212600046308298,0.0390271171948023,0.0616641107633356,0.0093300804368155,0.0105933873182167,0.0388228274358823,0.0240161199269494,0.032074634099504,0.0275948496696222,0.0125658110467488,0.0331438044510807,0.0211808456374712,0.0193157890405981,0.0465472163802353,0.0176371813116424,0.0195509712035803,0.062724715055535,0.0262072843186833,0.0546559882653196,0.0585440147561279,0.050203463516144,0.0081726778193718,0.0347811682089276,0.0715856271236505,0.0348774023250014,0.0634844047318692,0.0285859903114398,0.0675085216311027,0.0444495887279179,1.0,0.0300366490422632,0.0466070735151293,0.0484342337294226,0.0304849580997633,0.0168408886863284,0.0744751033521679,0.0172030495747315,0.0330522095736244,0.0318132860104585,0.028041017842606,0.0678604052589232,0.0359186745198147,0.0635150797829323,0.034873373092392,0.0260875888747098,0.020745279849024,0.0260406743547302,0.0326088373938724,0.0022360359409069,0.0134615939522462,0.0234065446076331,0.0502770038345754,0.0327110830166829,0.0142833002876585,0.0485701815497516,0.0401334810743654,0.0422335706585848,0.0088078682935342,0.0498751724208895,0.0441146742235269,0.0012713417934865,0.033951893278272,0.0060429951346946,0.0327042319335447,0.0307153949403226,0.0073945309660525,0.0478604716579649,0.0348194195923903,0.008792641687009,0.0077004808304242,0.0319928463117213,0.0485378980998451,0.0424871286757364,0.0534952315549859,0.0224908688022077,0.0029965475868609,0.01767380267819,0.0109314520967103,0.0463253913013394,0.0700641978043214,0.0191725202447986,0.0542810212197671,0.0659051705634472,0.0604064141348759,0.0445229505884858,0.0302984548270007,0.0167213681708765,0.0584673110053421,0.0608066196431907,0.0330347730909827,0.0440954705015435,0.0439458249879278,0.0515804197833786,0.0483390250425887,0.0284018862277298,0.0387152818366819,0.0382542610331765,0.0376970463062271,0.0537114464349999,0.073953972130981,0.0814864264487667,0.0695935374467468,0.04330956741732,0.0241126384121786,0.030502714061521,0.0188724934877631,0.0264677913933602,0.0605144982608025,0.045215980151067,0.0583434535236074,0.0594867679369315,0.0382967180600615,0.0513867369589105,0.0249226957397546,0.0312841784418397
5446,0.0505244849085702,0.0137102087129041,0.0020593092156039,0.0326284099867093,0.0486712459684352,0.0666644287776427,0.0697068962365766,0.0476173807136282,0.0634823639824538,0.0553865891298577,0.0599691974520502,0.0624644833685278,0.0974229058227297,0.1285905441499927,0.0642372613548046,0.0492946113280531,0.0666604302120012,0.092851701926413,0.0074921378402314,0.0765493145897274,0.0209170506409067,0.0759455588055404,0.0472031227314222,0.048236499741908,0.0774592288347686,0.0305831067154388,0.0156007064608874,0.167094097615148,0.0503888403170435,0.0804392344387565,0.0836646475822565,0.0649682414355268,0.019388108747034,0.0743287769735303,0.0744372982929609,0.0383874596629907,0.0445326241516305,0.0589500562042549,0.0981294583982381,0.037033023332393,0.0300366490422632,1.0,0.0936762363805706,0.1004511867530941,0.0718282797700641,0.1070151121121395,0.0437533706453309,0.0518375547594639,0.0360574215604428,0.0497147645728268,0.0482814722670161,0.1031297392187653,0.0454097713017829,0.0561296312663615,0.0516520418911988,0.0965855909088371,0.0859096549888252,0.0310724226384617,0.10322363496405,0.0019520476378825,0.0379020161439925,0.0829515692190401,0.0504294419738906,0.0085171817956317,0.0360991118303861,0.0694948662802383,0.0392371829547012,0.0074190999013148,0.0411099852488769,0.0878887859914551,0.0753612338714207,0.0237316387883407,0.064182199516208,0.0199372273310955,0.0485279961514748,0.0896221765083149,0.0153349842134752,0.0822739660155619,0.0763368110144866,0.0511156447924259,0.0610414321267068,0.0432495603577842,0.0662656394210946,0.0135907996506443,0.0353795006530063,0.0276809455713645,0.0121694828885163,0.0421565401147172,0.035517200628804,0.0169426588430789,0.0197513642745114,0.0346286125992818,0.0305987829647961,0.0406919715309822,0.0524380499972126,0.0799795717872133,0.0763554541765474,0.0468384678182459,0.0550141054014802,0.0014581235304098,0.05500196155151,0.0353042283568593,0.0654880326904252,0.0675816843270155,0.0328897612544949,0.0701235633408783,0.0690719120858918,0.0692780939947352,0.065010779741195,0.0424886821647854,0.0432619216150288,0.0855367593413281,0.0402163513723612,0.040654600549485,0.1016750621488821,0.0215487588133703,0.082725478243455,0.0716552261085408,0.0942932253150186,0.0822233645654611,0.0726175012682978,0.0098916417400109,0.0390147231870556,0.0495705046260032,0.0409294547779228,0.0528279967605353
5474,0.0346757124330562,0.0099934892674526,0.0245996134340701,0.0251630155026224,0.0185465299233603,0.0857554660056246,0.0744344194277197,0.0431992346432281,0.0362248956878416,0.0354492912255044,0.093249183559746,0.0618701464166466,0.0894668837720704,0.1044511000927246,0.0628289818502413,0.0686287798937521,0.0668395003846407,0.0578693738937172,0.0125510169962855,0.0585694065932566,0.0306584383547206,0.0383075449550046,0.0564278854099795,0.0719294314822648,0.0722874119654251,0.0353031960700681,0.023108158068931,0.0777797923859024,0.0424130538457682,0.0727499159995449,0.0645609138538873,0.0593468705251127,0.0358035241708516,0.0505447640952218,0.0741556100486739,0.0568684911762969,0.0523475005392992,0.0530656256839742,0.0407910432804046,0.0664967386598822,0.0466070735151293,0.0936762363805706,0.9999999999999998,0.0643249954885783,0.0367959345678515,0.0876056511125432,0.0293912105320041,0.0429123285987362,0.0731062898580823,0.0587015041792219,0.0613376077391715,0.0885831318190183,0.0578356241017082,0.049257266715646,0.1209908476584929,0.0654665562559835,0.0629319187170234,0.0643647355927471,0.0539646354766577,0.0208415878687136,0.039648368813536,0.0394007899202444,0.0918459631190918,0.0302749120973347,0.0531120789913695,0.0870917615513177,0.0661447039523876,0.0291875998365145,0.0554512643478673,0.1069928101087341,0.1003787705026993,0.0104125914322807,0.0787834693845049,0.0469417027254564,0.0886616704376659,0.1033425180492438,0.0602692804455758,0.0918777260254593,0.0857415248603323,0.0635675158940622,0.0582646696425209,0.0572429351639458,0.098965793223496,0.0230710257511273,0.0482786091695363,0.0562210117625515,0.0199492464420146,0.0604995389913392,0.0514449849881365,0.0513291369108604,0.0366803452416129,0.0854459828807511,0.0432257951958467,0.0559608078037947,0.0529567223409061,0.0919985143920844,0.0759213425116985,0.0612991689406487,0.0641007004029181,0.004531224436776,0.0809113300701185,0.0685544452555962,0.0739899771054825,0.086151123475741,0.0524898948981412,0.0663279775101247,0.1140896392201368,0.075740799416774,0.072190505390906,0.0601535350926393,0.0409503636716765,0.0791704942895822,0.075662014676615,0.0282045591173071,0.097227118619147,0.0428250743468828,0.0696291212885006,0.0571179842465814,0.09269560317404,0.1192655106821936,0.059439814732638,0.0088735146590639,0.0391270609621998,0.0593423376008534,0.0680008121833671,0.0873938737699268
5475,0.0489733454625229,0.0089955432664451,0.0339767418761621,0.020959558704571,0.0320751872355515,0.0705894506440466,0.0701162209448488,0.0437431723143678,0.0518557826483629,0.0520960222151168,0.0849710734845124,0.0880095290203603,0.0823264158521307,0.112505955326495,0.0543967027512729,0.0433888853883838,0.082507169665508,0.0713937180181781,0.010113041330884,0.0815549241629696,0.0300279467235114,0.0892112787502226,0.0593169962206922,0.0541863556505187,0.0919174346830546,0.0445948167090838,0.0210770023084184,0.0871330340215062,0.0433335275804934,0.0618513402829167,0.0433468260953077,0.0558802207875139,0.016567456654177,0.050884416279675,0.0924710856598991,0.0390181871601573,0.0479906635172868,0.0477714852041268,0.0324746395280576,0.0500368949150557,0.0484342337294226,0.1004511867530941,0.0643249954885783,0.9999999999999998,0.0668521249622638,0.08405178831534,0.0256899664345884,0.0651049317438026,0.0767929082370144,0.0663668192883899,0.0779428424756219,0.1160285833570998,0.0590242141727467,0.0635973485454833,0.0822402362582678,0.0783044319369603,0.0873433297446345,0.0607209556650356,0.0691271998719099,0.0208533497618085,0.0348318202962466,0.0579515252206194,0.086987046862395,0.0233404554342492,0.0386244323325546,0.0733067247147769,0.0556988121480614,0.0225942785074246,0.0426527495433556,0.1007250070401079,0.0912407782863115,0.0225338287135491,0.0874737198133422,0.0332148622602161,0.0712669279690701,0.0975065723027923,0.0251035544000162,0.0712219308834769,0.0893496484651464,0.0307536115496488,0.0912879238509412,0.0560281105024476,0.0730580870562135,0.0181739001832197,0.0569568186926244,0.0513374394498906,0.0195297835333597,0.0554224550936575,0.0424738496737374,0.0578464129662527,0.0394805144091735,0.0494717943547475,0.0455356145049415,0.0630604563516745,0.0570161873093134,0.0978357875047268,0.0647683257284952,0.0532866140761174,0.0823059343851456,0.0136942389614406,0.0607348010581528,0.0594006021682325,0.0737680874753934,0.0717142194903274,0.0524309972960181,0.0634412386914043,0.0873103657823869,0.0768642875739888,0.080486881525776,0.0413257718417609,0.0476116994649445,0.0812405578633918,0.0535560551882185,0.0370687858345064,0.0911547896317032,0.0256465588976842,0.080695786166613,0.0672130243643772,0.0768169147986327,0.0939000635027348,0.0669017629033259,0.0189963730873329,0.0412732371450514,0.0587570721289794,0.0673507689530302,0.0670561499183987
5476,0.0153031644150805,-0.0009724165311133,0.0211235916457368,0.0429140921159808,0.0067547548394861,0.0601292754650518,0.0505584771802626,0.0617912901181042,0.0303102106804587,0.0294666682254972,0.0464758023007275,0.0442371018457467,0.0546593040312765,0.0613828119333001,0.0577603999530869,0.020280417921974,0.0307512011175143,0.0249035681303753,0.01261809777537,0.0683411342179424,0.0227350423919908,0.0511794948782745,0.0674190158439189,0.0302152055069999,0.0332433238653982,0.0315323493915182,0.027011564019187,0.0417687637443695,0.0202529864955045,0.0480506309868634,0.0392979751863904,0.0205146232487132,0.026603217615095,0.0571498165665013,0.0547834124692112,0.0115043697763337,0.0368440662058087,0.0380386534542515,0.025102668912027,0.0531136536389866,0.0304849580997633,0.0718282797700641,0.0367959345678515,0.0668521249622638,1.0,0.0247774259333625,0.0095005895323922,0.0148264356608955,0.0084910640944875,0.0234690939268842,0.0513550532806432,0.0706849319909699,0.0561921814353772,0.027807990599836,0.0372774424202353,0.0385007427676123,0.0302151285995519,0.0320952424049041,0.0203010826718593,0.011573611623702,0.0232802670609867,0.0153289351940431,0.0382807984885536,0.0187998460901727,0.0014702246647804,0.0299588752524672,0.0215469877507948,0.0077655085619267,0.019065890431068,0.0336662033118528,0.053842668623898,0.0185154079355497,0.0117040863110866,0.012276385456351,0.0437826189092142,0.0792856037554491,0.0135353349795862,0.0602870156317763,0.0494805701619691,0.0770827896124799,0.0597958677220475,0.0289258664356604,0.0577623514842467,0.0165707427669354,0.0177173520319828,0.0043315393426955,0.0100690392413127,0.0197838221166186,0.0116650707304619,0.0141636428591754,0.0361114393707198,0.0224215047942474,0.0183762008921799,0.0365854053641173,0.0275601890099882,0.0290062297809531,0.0474999623399489,0.0206598162643804,0.0488157799251603,0.0125141504789932,0.0392969141446617,0.0285355998009726,0.0635610251240228,0.0601610519408814,0.025415237384725,0.0316659652344768,0.0542508058433785,0.05266448744319,0.058739703979546,0.0165348989651273,0.0238602094739138,0.0545733923052371,0.0322229702372069,0.0170766118267997,0.0453200741058798,0.0387791417966927,0.0223205268838213,0.0326539523064602,0.0435962540646956,0.0588789811230595,0.0577335219961566,0.0222821439677536,0.040011229907225,0.0194060712432501,0.0276274888281975,0.0239657991796735
5477,0.0374736539456519,0.0111299369761444,0.0093053947534564,0.0103905054969172,0.0223370053447261,0.0433213086208381,0.063482527530511,0.0302900739470415,0.0304873769734755,0.0453760805527653,0.0793985413901908,0.0796836141853568,0.1323859333094904,0.1039334284313079,0.0619795745111217,0.0326456453703058,0.0548216884235623,0.0642937740287685,0.0182619442000624,0.0731070246076291,0.0453415620394658,0.0464199425257126,0.0255155536986864,0.0736230481188326,0.0683603740382236,0.0369415568522489,0.0150152732764056,0.1019019740254141,0.0375797572626577,0.0910640010046197,0.0754523105566407,0.0548199039836583,0.0097750777192185,0.0645343253939365,0.0559309378201791,0.0371512499864633,0.043726070593057,0.039756763295378,0.0616407386640006,0.0422387278365813,0.0168408886863284,0.1070151121121395,0.0876056511125432,0.08405178831534,0.0247774259333625,1.0,0.0207312728570493,0.0363658512708499,0.0411039024800276,0.0313836006707093,0.0433799100570212,0.0914125781434925,0.0327075179388962,0.0492255589420475,0.0688992560046857,0.094085361954545,0.0419657968746318,0.0285365062848819,0.1145694053363697,0.0281865728903787,0.0102576928917419,0.0711069080055527,0.041795366055796,0.0118040927505075,0.0208044498860829,0.0577390376064378,0.0391922788143356,0.0150332551071969,0.016120830053877,0.0729034447958807,0.0631868658440698,0.0121828451644695,0.042229010236055,0.0333486948657378,0.0572116775600035,0.103869435168819,0.013928844629185,0.0689887644993268,0.066648583501484,0.0286511899094901,0.0280251720532048,0.0359148754347552,0.0622417491859894,0.0109369059084331,0.0563943384682785,0.0222219083709298,0.0410743627284774,0.0612674506988767,0.0179216394646913,0.0195700730834872,0.0246482954892073,0.0426383349440124,0.0155020489761859,0.0433841524112911,0.0563098445545409,0.0560790251720126,0.0477065620568418,0.0546301569717741,0.0475596636469446,-0.0028368230934138,0.0415908781493243,0.054345708121151,0.0501334512671866,0.0595771131571594,0.0336678412907276,0.0696551911241094,0.0612929667985417,0.0500595328340748,0.0603134154178594,0.0220609652838251,0.0255148025921497,0.0631437565831948,0.0480248325473628,0.027303794790484,0.0755036305118437,0.0362425535085233,0.0501866092273387,0.0660342107635946,0.0553633635336707,0.0871152567752586,0.0642716596523,0.0106951426376988,0.0330667111368953,0.0625466829866698,0.0342759800488166,0.0590096495301318
5479,0.0543092621796532,0.0101668362440932,0.0062124366934682,0.0047722324736467,0.0158149602966399,0.0217895395527571,0.0472915104506813,0.0283675453200032,0.0085788932020898,0.0358983101783109,0.0331861258471579,0.0187808888842448,0.0376620090545828,0.0561988423795867,0.0272612370030412,0.0283691267661239,0.0496639009996736,0.0144175360262692,0.0580289173523669,0.0167381370206891,0.0234075694235783,0.0281159943450395,0.0164972424925921,0.0374284514842954,0.0655223018086361,0.0051157185848866,0.0072799709721775,0.0528128954110723,0.0023565621859492,0.0620317403576646,0.057028179745859,0.0555183725860181,0.0181850270970311,0.0256323001415974,0.0398019192268827,0.0351496523050586,0.1164796101205646,0.0247555721978149,0.0199414343269285,0.0268070500592072,0.0744751033521679,0.0437533706453309,0.0293912105320041,0.0256899664345884,0.0095005895323922,0.0207312728570493,0.9999999999999998,0.0047867451420187,0.0082680804754364,0.0390603005272118,0.0173020812189893,0.080523837419452,0.048736187713332,0.0427375297198757,0.0052958092393867,0.0203026995259723,0.0048008844911366,0.0280957600675364,0.0145990797011538,0.0163824397989472,0.0211280862644604,0.0261049593992748,0.03690780509132,0.0096508755714266,0.0096683089402752,0.0278030245491763,0.0339948830414238,0.0125725603792973,0.0160581115091981,0.0455947398308326,0.0413597737180591,0.0058541609569874,0.0269875641542628,0.0037479295868037,0.0506880161216131,0.0274967049102017,0.0182933915712364,0.0645264756949633,0.039889097952705,0.009837499077417,0.0103889323158505,0.014349375572283,0.0262129887679482,0.0141341866419587,0.0229409719359028,0.0089582893105473,0.0375544307468298,0.0346524951512053,0.0112029592518282,0.0194844292915427,0.1061710789953726,0.0132472474610225,0.0657956673579642,0.0489519262911277,0.0399849134750079,0.0323615538537006,0.0383116991477748,0.0284079265190806,0.0528057738934426,0.1601234492875685,0.0428960244834415,0.0256516229763941,0.0370983199339166,0.0448296802027339,0.0486636173708806,0.028088549863139,0.0354651500972919,0.0255779172072281,0.042119545196858,0.0426893281846749,0.0569630007874436,0.0571307466529755,0.0716099378973831,0.0217691542164819,0.0411018280416904,0.0157231056460336,0.0184910486488032,0.0318222028394902,0.0338654747247919,0.0401319724437312,0.0564496653613426,0.061545114547315,0.0163380588543679,0.0259903208712252,0.0168606618086397,0.023615482701391
5505,0.0217717508693155,0.0105154291685613,-0.0057245947861856,0.0007198772990222,0.0133292470417833,0.014557117103147,0.0197774350992824,0.0112505326973049,-0.0014634392682252,0.0392422041320651,0.0034589561536662,0.0479280083395425,0.0198031349831749,0.0496087085373203,0.0285002586270359,0.0288507958434097,0.0556454190876934,0.0179634661349857,0.0158919153868017,0.0310140855506557,0.0134610253660094,0.0078484453184657,0.0499043713593353,0.0130549545501989,0.0221044647195337,0.016072168811686,0.0189082220404207,0.0411905516526394,0.0045384123654154,0.0213929493499129,0.0349126044973016,0.0187537589542462,0.0082099546214506,0.0341377638437412,0.0245367994304358,0.0183354685170215,0.0081277674184103,0.0016463226043454,0.0269286953532655,0.019990999512823,0.0172030495747315,0.0518375547594639,0.0429123285987362,0.0651049317438026,0.0148264356608955,0.0363658512708499,0.0047867451420187,0.9999999999999998,0.0172680415249138,0.0253469691450012,0.047278902982163,0.029971537142909,0.0368692259505615,0.0309184870426791,0.0161359564971978,0.0250746469206842,0.0409281017788853,-0.0031145497421786,0.0012890505068841,-0.0036613571660358,-0.0069986777722493,0.0311729168952434,-0.0060920617564397,-0.0076988567944035,-0.0050818145167511,0.0009463296185455,-0.0063766124904845,-0.0014927510856465,0.0145657394557965,0.0093032133478453,0.0205242475967863,0.0141010424504503,-0.0030806046976496,-0.0077736126683546,-0.0050695273548955,0.00857578451376,-0.0049696857331262,0.0179824265689435,0.0047762542789863,-0.0039088410636182,0.0029603032440644,0.0129293183515795,-0.0011165278246122,-0.0029938321131682,0.0057598724006728,0.0137507540460748,0.0259270987398812,-0.001143779552855,0.0088234014334896,-0.0008933358035284,-0.0089928299371374,-0.0030722456270093,-0.0067391476108829,0.000256035669661,0.018146562203743,0.1173112363208701,0.0164201921167185,0.0032341311053097,0.0266392057690722,-0.0043442951123786,0.0151024217961762,0.0551820592796799,0.0545870740526545,0.0282084456914579,0.0120453465521095,0.030677653696205,0.0257312493402709,0.0335122261433149,0.0272089314833754,0.0001560803659835,0.0753318317826169,0.0360841885280286,0.0621428020639881,0.0246100003000879,0.0207948265366199,-0.00544221849199,0.0273194164288608,0.0304795582092853,0.0573786132990052,0.0396959837119535,0.0093575006121631,-0.0001167766205107,0.0033592609838329,0.137886993976016,0.0178822556271492,0.0336402971949713
5506,0.027786873092919,0.0051213921563389,0.0054861980000748,0.0174430764434459,0.0082786793900303,0.0184594677436608,0.0358977998184801,0.0148337171651097,0.0200257045635741,0.0283223779036107,0.0325107419822843,0.0424373009461504,0.0294066689230346,0.0651916894355574,0.0307759112610125,0.0700639625168794,0.0383777094937761,0.060265205109594,0.0225036288516611,0.0501926703069423,0.0100746774491007,0.1162212010069442,0.0234520140213771,0.0167491468038483,0.0305924097446763,0.0132243054822366,0.0025856297941175,0.0536631953115593,0.0184051977803353,0.0400740099780023,0.0238369431117455,0.0270384138532481,0.0209982572672874,0.0173592601178274,0.0552176074621835,0.02508427706491,0.0513165624017825,0.0202030470120209,0.0388976772142092,0.0195884098693606,0.0330522095736244,0.0360574215604428,0.0731062898580823,0.0767929082370144,0.0084910640944875,0.0411039024800276,0.0082680804754364,0.0172680415249138,1.0,0.0304046346229186,0.0356161188861096,0.0577810513724388,0.0214332803630903,0.0482023429396435,0.0650772620406659,0.031575096959362,0.0473519873692396,0.0222475450377663,0.0183906757905378,-0.0017305104870014,0.0163951374830609,0.0236977562303749,0.044291102785439,0.0068064141090098,0.1029755396984322,0.0276278130332423,0.0424616169166629,0.0202045616140955,0.0656201378032241,0.0547203593070629,0.0372372421083013,-0.0032878540681928,0.0487639931975599,0.0022468090239802,0.0215755829713415,0.0268544561569247,-0.004391609247675,0.0152261494163581,0.0345055903457461,0.0187153887934534,0.0144019307879801,0.1221157234248094,0.0180121595086239,-0.0048063303414328,0.0626340363245066,0.1925517201827926,-0.0032002710954298,0.0011193397763395,0.0528211492154881,0.0962450118195248,0.0377849299917466,0.044960966146955,0.1017735649096026,0.0397732769496531,0.0493455196126508,0.0542544162950846,0.0781773306688145,0.0276593927911376,0.0432960693734267,0.0128069406766673,0.0249705808186955,0.0542037349272362,0.0608599461193441,0.0370283563871452,0.0369013679946877,0.0309969918264073,0.0464456560860479,0.0480136523835208,0.0402774754864786,0.0442047272098497,0.0277745576804708,0.1262783770115601,0.0320825552868907,0.0470966171469472,0.0438002842978875,0.0021566384703205,0.0311682429810138,0.1125877517464155,0.0907309224326151,0.0814412395522623,0.0603731652539462,0.0115089748106354,0.0252114627915325,0.0582997099832881,0.065480165270343,0.0539577592798055
5507,0.0133351953763684,-0.0019327084745579,0.0264348294503336,3.619090075231768e-05,0.0352950363123437,0.0267192157799662,0.0598804818406697,0.027172789117508,0.0122058098705007,0.0225419159746454,0.0318949594102015,0.0332874399747495,0.0615713225531311,0.0835290862837107,0.047142387288481,0.0677350906358176,0.0736496676810687,0.0384635245942332,0.0216842572671259,0.0391340055859752,0.0298216545928135,0.0325705807615639,0.0313787434139938,0.0176245652240671,0.0510016395080727,0.0397715790897643,0.0127519826136125,0.042184125389859,0.018643440357139,0.0758511389227635,0.0565526747271072,0.0327019230322855,0.0302081003231718,0.0324895713089507,0.0272117002524423,0.0589693021896745,0.0202042039259704,0.0172921340194801,0.0242160186405334,0.0638385066299127,0.0318132860104585,0.0497147645728268,0.0587015041792219,0.0663668192883899,0.0234690939268842,0.0313836006707093,0.0390603005272118,0.0253469691450012,0.0304046346229186,0.9999999999999998,0.0699550784190496,0.0790330612570633,0.067992302310083,0.0580545302071276,0.0069257391406851,0.061804648571266,0.0261759823835108,0.0758895568427327,0.0274306048682839,0.0023228361621779,0.0121364895999122,0.0184164962042199,0.0319870265870508,-0.0019454247042761,0.0321747105886967,0.0314557573425678,0.0291227908740214,0.0104926818044735,0.0263499830927424,0.0570932484697794,0.0593351021216473,0.004822161234402,0.0324466858189774,0.0127885232009302,0.0121314224353551,0.0425526632412983,0.0523054920177423,0.0434494707326963,0.0440165772485704,0.0511551701563131,0.0745914055490662,0.0234092602262138,0.0339075540765598,0.0137674113450052,0.0708495796599527,0.0390473937957629,-0.0002670787134497,-0.0025952423593519,0.0345289196174936,0.0251641717076896,0.0207356090203353,0.0213320657552922,0.0222589290039677,0.0401082749426835,0.0196627757059873,0.0615633514648,0.0421158373173329,0.0271355866636037,0.048577513614971,0.0285515351061697,0.0427277997639428,0.0924024234481375,0.0823811713313984,0.0661045337242618,0.0206834311509031,0.0370104548663924,0.0518810808265436,0.0735399588171941,0.080438518883963,0.0119277829939021,0.0439653879604817,0.0608600575531312,0.0638378277829034,0.033217305021244,0.0677386974656655,0.0097046810030757,0.0263130342379811,0.0442622491835609,0.0743026511421968,0.0770609591704769,0.0304475104170467,0.0136938564811801,0.0410159957994479,0.0428692815631837,0.0245864363737842,0.047120916805234
5508,0.0091851270941474,0.0404378617893071,0.0196104968990801,0.0172437477733059,0.0050730214070082,0.0456822760384067,0.0499246906574687,0.0314458198144915,0.0133770722644708,0.0303511664917772,0.0709658586655269,0.0468105843008734,0.0627699821522301,0.0858527454788357,0.0467213750856324,0.0238295169276537,0.0372380658936129,0.029099419030288,-0.0024398077619022,0.0491253139628344,0.0340332167039482,0.032116893490455,0.1771575836881351,0.0620105876735884,0.04405982986347,0.0406772934317335,0.0349342130713753,0.0349156851398589,0.0062018510294152,0.0366330378057843,0.0338093957063061,0.0400090573154493,0.0257885730510454,0.0206928065695147,0.0456824956503223,0.0210347863809617,0.0299727952517189,0.0280794839129161,0.0226758849060724,0.0524005783962343,0.028041017842606,0.0482814722670161,0.0613376077391715,0.0779428424756219,0.0513550532806432,0.0433799100570212,0.0173020812189893,0.047278902982163,0.0356161188861096,0.0699550784190496,0.9999999999999998,0.0699658452116222,0.0228272948039304,0.0617541210618476,0.0236834258851402,0.0287486374457577,0.0202934206700602,0.0306152823092092,0.0216844765942795,-0.0011017027713167,0.0339283348340224,0.0272438152994981,0.0381277060807034,-0.002742290141209,0.021807953552702,0.0796597794951465,0.0303300055605385,0.0285189757184902,0.0242786434425911,0.0610929929020715,0.0647440331883726,0.0072932573715368,0.0185908177981797,0.0208215738902949,0.0405985906295932,0.0577488078171412,0.02569665606961,0.0659029682350021,0.0543230718096118,0.0390010163326256,0.097274324281896,0.0271237179586099,0.0806866417313778,0.0538458523186434,0.0303487240987468,0.0306835262994693,-0.0004793838089977,0.0074511554027157,0.0215164230432826,0.0291592792393162,0.0041327341085864,0.0332585847285395,0.0264109757709605,0.0224736495295261,0.0199136322842714,0.0391830069962799,0.0416900055223463,0.0532365947427799,0.0544180885564318,0.0020731126394205,0.0393470156333435,0.0591388849537914,0.0426762930359904,0.0751320251923045,0.0237145702635712,0.0406429247200674,0.0413815166966089,0.0489313158139038,0.0700028256143742,0.037582124607777,0.0282815376955565,0.0478786565492132,0.0551669797804004,0.0181002815182168,0.0551705881123847,0.0762685409860898,0.033330743122408,0.0382106553526973,0.0642650262260832,0.0793881234866117,0.0316293080840473,0.0298834997158351,0.0710982750567994,0.0374651166665645,0.0360803333710907,0.0354854021805244
5509,0.0351510724659324,0.0045339056926136,0.0269102750657665,0.0142248780129145,0.0283092741315666,0.0626070037300182,0.0589045428311586,0.0361426490824406,0.0487889661537619,0.0481697425345742,0.0484507635879073,0.0581598526890263,0.0668640292344247,0.1097011149964368,0.0601067759194857,0.0441457741769074,0.06862720183925,0.0540225002278333,0.0104072366277691,0.061179433706313,0.0341967140807045,0.076956153357481,0.0599374142000706,0.0594261898719586,0.0758364193962887,0.0328798346629439,0.0199863559063715,0.0995651112418613,0.0406618687385428,0.0731310544749899,0.0592382073996082,0.0485908559628923,0.0237731632005155,0.052397464938117,0.0686588850829929,0.0411643239781186,0.070334734413743,0.0422751556468107,0.0334202414355003,0.04155153775841,0.0678604052589232,0.1031297392187653,0.0885831318190183,0.1160285833570998,0.0706849319909699,0.0914125781434925,0.080523837419452,0.029971537142909,0.0577810513724389,0.0790330612570633,0.0699658452116222,0.9999999999999998,0.0463964898845126,0.0526641060906511,0.0492497273076195,0.1217542793608205,0.0578020003434984,0.0402243705218714,0.0757096760239421,0.0247523880375052,0.028777246383418,0.0427893076805047,0.0636429799583759,0.0063408436788861,0.0329597045962777,0.0681838998380071,0.0571337221726066,0.0203436461802332,0.0365502324878843,0.0829676418738379,0.0825528308855399,0.0133212388503797,0.076874248219942,0.0439146247525405,0.0830559786870805,0.1074943488881371,0.0243534451897387,0.1075546483458676,0.0933277194972823,0.0482470753608869,0.0668350761249825,0.0335011085672577,0.0858062099508508,0.0193537729044306,0.0323858908251058,0.0284085968240478,0.0234019463978587,0.0615632298389374,0.0269388066864299,0.0211946897570251,0.0383070746152177,0.0487493280706695,0.0364293931288573,0.0453964221565795,0.0439406693920209,0.0766769500861755,0.0762800368590578,0.0446033842259056,0.065281033013501,0.0275879237089428,0.0615480757729208,0.0455324074545769,0.052740070806863,0.0904377771831472,0.0364686226114752,0.0844188896902039,0.0702275423594051,0.0771093099709353,0.0743269940371458,0.0472947252145737,0.0375502428151617,0.0795449383317535,0.072373898385888,0.0334304915115218,0.1031830128373245,0.0529404988466366,0.0550206734140148,0.0551843377292838,0.0810523499251833,0.1037975400678054,0.0894588186585429,0.0274465972326438,0.0627289326766097,0.0442270969812082,0.0535408551070331,0.0757886246590658
5735,0.0198748923361657,0.0042823036280707,0.0203849714845711,0.0128972656101223,0.0152392890538446,0.0327098829930393,0.0562225319825745,0.0126663789939568,0.0081828128598871,0.0234008909495825,0.0350709290698514,0.0135471560512548,0.0457206457546492,0.0631132083150718,0.025035075956299,0.0265841702713831,0.0880998405376643,0.0306783034799048,0.0056328534880436,0.0266210310476189,0.0569681386584839,0.0160453485210108,0.0176217874733613,0.0322590209983921,0.0369970739726331,0.052140784155192,0.0235742716310214,0.0439053477101745,0.004453124510158,0.060168643279314,0.038686498213784,0.0382577721630575,0.0347829942804395,0.0171883755253098,0.0539638750809037,0.0459188172059867,0.0291891752077004,0.0142861341490298,0.0132220658745253,0.0408030482158517,0.0359186745198147,0.0454097713017829,0.0578356241017082,0.0590242141727467,0.0561921814353772,0.0327075179388962,0.048736187713332,0.0368692259505615,0.0214332803630903,0.067992302310083,0.0228272948039304,0.0463964898845126,1.0,0.0371073357539684,0.0031974874017318,0.0232947227261347,0.0141858409074787,0.0693132010307029,0.0165823251403777,0.016369299142031,0.0087072031315141,0.0132930188433501,0.0366232103333239,-0.0004781415526212,0.0097754417069473,0.0259713163441231,0.0217804466761869,0.0175771550344839,0.0161687326289653,0.0525277842152129,0.0377472793920715,0.0406398009249238,0.0154683565484161,0.0126791689493483,0.0181539447413399,0.0275115680419982,0.0070495178269192,0.0427143327959129,0.0209910791299365,0.0542128867990372,0.0413406187447283,0.0239620963408246,0.0401698508650123,0.0231639338200834,0.0299773315719179,0.0182128545259276,0.0115955927590068,0.0051455240933685,0.008307447871442,0.0272913656837942,0.0320770422650837,0.032670421359625,0.0250694585324126,0.0342090601929997,0.0291311929281186,0.065127684647497,0.0383303293248044,0.0178779569087043,0.0457279749042933,0.0155509800898673,0.0296327246817722,0.0529949347204669,0.0687567596063863,0.0629687417901454,0.0160005019748392,0.0278938956138543,0.048349625661773,0.024757061486837,0.0723026642035732,0.0300334702234649,0.0368648171655753,0.0507193670549079,0.0873474748828013,0.03491631640998,0.0522159013505316,0.0119933128314873,0.0166538600180878,0.0109338081322029,0.0451945120840676,0.0414067128703212,0.0498501133746101,0.005856544461594,0.0597260115921823,0.039093132783039,0.0319462448776627,0.0286042601239509
5743,0.0184612793966123,0.0052501852515816,0.0048207475964935,0.0417541478245259,0.0183422769589462,0.0360136534745734,0.0461081454540572,0.0456496402009415,0.0185779393049394,0.0675231913973441,0.0614695540551178,0.0521278272561194,0.0624721518120251,0.0639337235406378,0.0309328779509945,0.0186348102213335,0.0312650891811576,0.0319960006058526,0.0070116549224436,0.0359110756644888,0.0165899548939267,0.0319622349076702,0.0405103746208963,0.0220266683746671,0.0402470802201982,0.0137228748372943,0.0257421719306529,0.0424123199451797,0.0049607238455727,0.069060371392901,0.0459392288707779,0.0414113583270135,0.0144062031678181,0.0462638931372462,0.0405276308266774,0.0538214471613162,0.0381822386100611,0.0152009611124892,0.0346932282674044,0.0274362653046593,0.0635150797829323,0.0561296312663615,0.049257266715646,0.0635973485454833,0.027807990599836,0.0492255589420475,0.0427375297198757,0.0309184870426791,0.0482023429396435,0.0580545302071276,0.0617541210618476,0.0526641060906511,0.0371073357539684,0.9999999999999998,0.0118173377402861,0.0318626116733897,0.0393009839443635,0.0615102119629011,0.040139331597771,0.0036161684225188,0.0342592319428827,0.0290567830558591,0.0296008565558907,0.0107958835146814,0.0296850677781528,0.0378728908546678,0.0965080621417776,0.0262941416920192,0.048886691135817,0.0720726624390377,0.0434681075011526,-0.0025188440605842,0.0414567255740562,0.0133364187546541,0.02294685400096,0.0509562420424595,0.0308293584015483,0.0221604263629122,0.0530747779803043,0.0123656316011755,0.0420606080674254,0.0259535477726319,0.040007184378351,0.0012435751881048,0.0726518760085657,0.0402205410748509,0.0020525278732117,0.0052415841897666,0.0393075491342284,0.0738324045096193,0.0275690620323281,0.0054674176633802,0.0291444081764513,0.0417197200322258,0.0451178288200062,0.0557124737804928,0.0377840646167391,0.0435944254456646,0.0451311951226703,0.0264394763885416,0.0353357890652491,0.0249447464472571,0.0668068041716273,0.0433484048104585,0.0308888967159841,0.0242131766691685,0.0453307159025702,0.0380523112757899,0.0525671474724261,0.0287743640478075,0.0861629909734192,0.0620068110916796,0.0139600277660514,0.0254065494676985,0.0572334021714387,-0.0006811151832769,0.0249668453349669,0.0124919026689578,0.0487227572365536,0.0495513842760583,0.0411394025391492,-0.0021130315008695,0.0184163470035187,0.033943618066575,0.0434512474409074,0.0556199248017476
5875,0.0358457715797385,-0.002226719894099,0.0032775893151724,-0.0002282062151642,0.0316119273150165,0.0475359698878484,0.0613918350729099,0.0304786223871692,0.0067401940291851,0.0225038762352308,0.0794208753881723,0.0528911137299662,0.0564357918696964,0.0731464387657286,0.0335436170091787,0.0773457786170567,0.0400903133291729,0.0293271803348938,-0.0005445770238635,0.0479711462677484,0.041706787994384,0.0108252467871261,0.0255446562754744,0.0506828895163265,0.0526230879480538,0.0370157685224996,0.0058994931122214,0.0499291434430373,0.0860089712279507,0.0510677047975476,0.0362561683617229,0.05484524128679,0.0138244397619648,0.0390327812279399,0.0398930450213496,0.0174360922536293,0.0193036193771359,0.0316234159956479,0.0229187244627731,0.0764281524278816,0.034873373092392,0.0516520418911988,0.1209908476584929,0.0822402362582678,0.0372774424202353,0.0688992560046857,0.0052958092393867,0.0161359564971978,0.0650772620406659,0.0069257391406851,0.0236834258851402,0.0492497273076195,0.0031974874017318,0.0118173377402861,0.9999999999999998,0.0630280677062611,0.023520280592274,0.0194093325755448,0.0409392675685399,-0.0063712668028713,0.0108763439436622,0.0544869320208316,0.0369388437209748,0.0371806889085365,0.0472758854217635,0.0722999301196861,0.0128788596049865,0.0070110087152461,0.0329743540014456,0.0438880780616953,0.0602762653989274,0.0213863629343104,0.0741738741572251,0.0295072929365509,0.0346815015160571,0.0689681641668215,0.0068888799972756,0.0362149341952185,0.0498843652614451,0.0369132915643101,0.0403467614860813,0.0494291897930636,0.0762254144603108,0.0046508220377184,0.032593393263021,0.0352232071049856,-0.0015940497343412,0.0404522237015293,0.0114043302533931,0.0101671767980447,0.0053164332298507,0.0707442281936323,0.0154880729059898,0.0199411344873478,0.0261471666375915,0.0543021207419322,0.027589538645883,0.0259012077669073,0.0424687327800371,-0.0124296648564758,0.0238361417786722,0.0033614148749139,0.059659924577244,0.0421002649278474,0.0167368820647616,0.066172574791723,0.0604947771361154,0.0300143213565077,0.0423338385740623,0.0282215314323625,0.0174875116479097,0.0748270095781004,0.0281997892610375,0.0151218585671605,0.054055731104523,0.0237323734942258,0.0639830493438786,0.0495289692720372,0.0681065261531439,0.073176187426519,0.0320653468934249,0.0039659953067726,0.0136003321383874,0.0289012059976079,0.0751290644814665,0.0650899449660542
5908,0.0204663277811287,-0.0008667787123221,0.0203334493297899,0.0018206024201389,0.0625508998769057,0.0559700042804021,0.0232307501551388,0.0437939080560088,0.0364717541757656,0.0262617465272417,0.0442328607241698,0.0990646307585132,0.0442367317454511,0.1094157925778903,0.046331072210449,0.0375132755120197,0.0520240064318229,0.0419676625718817,0.0008787975089679,0.0300952891688939,0.0108805507103528,0.0423363857491424,0.0149597625916265,0.0570345780844614,0.0369039220506656,0.0100819955417313,0.0076570313868402,0.0542773680947783,0.0140022125783388,0.0535931668380804,0.0431579184188726,0.0224538662884407,0.0055995433969674,0.0375673289590233,0.0370774550757004,0.0203584502196746,0.0196782000531512,0.0281101135476004,0.038437180681871,0.0449669140784426,0.0260875888747098,0.0965855909088371,0.0654665562559835,0.0783044319369603,0.0385007427676123,0.094085361954545,0.0203026995259723,0.0250746469206842,0.031575096959362,0.061804648571266,0.0287486374457577,0.1217542793608205,0.0232947227261347,0.0318626116733897,0.0630280677062611,1.0,0.0772819387072723,0.0104957829743623,0.0245699678868626,-0.0033072629740299,0.0049976322801999,0.0717984034446258,0.0174942781692764,-0.0031550727863311,0.0193371554928381,0.0500476304153911,0.0212657644821388,0.0085111402162676,0.0144953469118204,0.0357814247429872,0.0274477445598539,0.0080774380314563,0.0428136421613566,0.0123875608313024,0.0352878939747095,0.0609151755193547,0.0174288854274051,0.0466355843317767,0.0707920918032515,0.0457232817619466,0.0427261706063258,0.0350681110172588,0.0450657263176395,-0.0031901403893868,0.0361923207796096,0.0202667565169817,0.0011916324060396,0.0262765434363014,0.0210180887486072,0.0217092865554756,-0.00021463576968,0.0417894695259611,0.0220898033224829,0.0114118202571079,0.0327254214581675,0.0783908991422032,0.0355525704747987,0.0245494156944881,0.032126049545993,0.0036779509313553,0.0586387797936383,0.0382277734841224,0.0687381988210387,0.045027984445969,0.0347359401296325,0.0935806946379424,0.0476467088617831,0.0749216378953691,0.0681251742615178,0.0196879715483882,0.0154914475331479,0.0678519248015644,0.0381191565149727,0.0328437822346829,0.0755184661278351,0.0154078020444946,0.0958398371925815,0.092610930883755,0.0663791270090912,0.0767317426355375,0.0516301589924026,0.0102989285545941,0.0238794819257286,0.0384992404544039,0.0314961571906515,0.0748313464289657
5940,0.0598748022601792,-0.0016679032463024,0.0109266463056925,0.0218862221894476,0.0351812683215584,0.0756821088956105,0.042981292807531,0.0333360666391579,0.0956241063732675,0.0399206474513767,0.0369832193078551,0.1153952998278591,0.0378604546304961,0.0727468592532235,0.0241079773102781,0.013688434242918,0.0518204485882023,0.0512199706550408,-0.001941446559325,0.030185211654108,0.0038941816145227,0.0297338305730661,0.0192235404341259,0.0180484240115127,0.0499160550347715,0.011243397560065,0.0056277843167997,0.0465628775189078,0.0319727909059374,0.0347077218312686,0.0498380855810395,0.0334095147463568,0.0219370926171417,0.0301241366570907,0.076356662868678,0.0435190990785904,0.0242090576668995,0.0213163192835387,0.051730492510427,0.0178044648442615,0.020745279849024,0.0859096549888252,0.0629319187170234,0.0873433297446345,0.0302151285995519,0.0419657968746318,0.0048008844911366,0.0409281017788853,0.0473519873692396,0.0261759823835108,0.0202934206700602,0.0578020003434984,0.0141858409074787,0.0393009839443635,0.023520280592274,0.0772819387072723,0.9999999999999998,0.0400198191112842,0.0191886563032811,-0.0058298088517888,0.0239061047118053,0.0156017487926294,0.0381897679227489,-0.0017121102105857,0.0633563844352769,0.0393045512522843,0.0763201388054933,0.0261871229468208,0.0329831244113468,0.0471722611483226,0.0377473826189646,-0.0007942490988799,0.0241030289305978,-0.000572564826465,0.0242599818538247,0.0398476535918278,-0.0023473493129684,0.0245630385367953,0.0455429442579795,0.0036769644858523,0.0573137908934879,0.0261796711848949,0.0226515383206484,-0.0043259239917785,0.0757144719697007,0.0600244028393181,-0.0051675175903166,-0.00319618121356,0.0407547657779943,0.0469682264872514,0.0023609588970118,0.0542953280974131,0.0238110942527692,0.0218838357706431,0.0346953845043302,0.0797992901242906,0.0298490287072214,0.0289137629601992,0.0471119176053217,-0.0075083551427842,0.0316574027496412,0.0258449263554948,0.0861117466192664,0.0297146487743459,0.0192841053200633,0.0280850355481052,0.0389138676724421,0.0544062614538556,0.0435860716010124,0.0257816805226233,0.0552625034040496,0.0458361333349055,0.005893050965565,0.0306853427936881,0.0515809063948008,-0.0068685332412966,0.08076935752455,0.0233913832887975,0.0666390810111439,0.033343382827845,0.0291473603096329,-0.0080160746422527,0.0025211412933478,0.0481113057982336,0.054262658496309,0.0407276585159688
6191,0.011711436577569,0.0016470656215428,0.0190078145411068,0.0151897735719566,0.007551903304792,0.0452482250636389,0.0487954650504053,0.0161574779512407,0.0044250086340844,0.0424345556970201,0.0391875452782944,0.0135637102038326,0.0331415622005017,0.0428453422600135,0.0105304883291385,0.0199195734219444,0.0381672437003309,0.021285211892732,0.0005256517240888,0.0248089827510812,0.0179541409613189,0.0277683514106379,0.0192191656070817,0.0316363741245168,0.0468671688607598,0.0303356875001234,0.0264832187216906,0.0285230278483099,0.0119819449100387,0.0442873076587043,0.0691295588469593,0.0277599772764607,0.0139292480736765,0.0533255856256627,0.0419294545448874,0.0402260209297234,0.0390122581528419,0.0357038655532254,0.02024505205658,0.078921174354658,0.0260406743547302,0.0310724226384617,0.0643647355927471,0.0607209556650356,0.0320952424049041,0.0285365062848819,0.0280957600675364,-0.0031145497421786,0.0222475450377663,0.0758895568427327,0.0306152823092092,0.0402243705218714,0.0693132010307029,0.0615102119629011,0.0194093325755448,0.0104957829743623,0.0400198191112842,1.0,0.0274220375251032,0.0237734652380042,0.0471106723509954,0.0159077730242823,0.0447729052837008,0.0230216943064379,0.028560703719771,0.0312663707122833,0.0744910518199709,0.0471828317187998,0.070734009275593,0.0532188878280544,0.046912816316472,-0.0068729105949699,0.0202217031908451,0.0197114052579975,0.0401377408687804,0.0265294943735865,0.0424196062394128,0.0325307821265042,0.0235264148530799,0.0133838697443591,0.0499446533128054,0.0141673607145997,0.0487720069763191,0.0111274447172326,0.0789768419929924,0.0315784618772695,0.0064973696777296,0.0154295588084084,0.0177980454564066,0.0677911317816745,0.0347890647866764,0.0193746565303739,0.0217147090737175,0.0452369811129899,0.0372659095324931,0.0500779002974312,0.0334616484590357,0.0316378646509942,0.0406697892000164,0.0137337482945544,0.0137794974848488,0.0302240297873406,0.0535158028475785,0.0520986012444018,0.016462609870434,0.0132832054567862,0.0345241338124703,0.0350422000372441,0.0543003515556347,0.0374119396177752,0.0422340630018073,0.0461224216324449,0.0314234059586988,0.018881138731045,0.0463201427569592,0.0168469473560619,0.0180087169836415,0.0028160986360847,0.0254327166433296,0.0446551586416127,0.0273890493945741,0.0043045610395584,0.0366227044458171,0.0072673505021254,0.0609112604724479,0.0357060037456948
6216,0.0092141038798737,0.0136834973106251,0.0008825806637711,0.0034771311351515,0.0301424570416625,0.035742287840802,0.0470496491901094,0.0139927532147356,0.0176680133689143,0.058153584618056,0.0327616167965218,0.0349069542230452,0.0614445484000985,0.0806415222362786,0.0356515900553203,0.0292261536069761,0.0589080002566263,0.0317918380144633,0.0168799201266863,0.0485316094037282,0.0468561362241632,0.0283343323541219,0.0112634360842463,0.0524848957405802,0.0574363659750297,0.0438684613110849,0.0118010668274457,0.1063850723834656,0.027765744184459,0.0855784166152514,0.0537735550285123,0.0303840254999454,0.0432438430389071,0.0856406998170238,0.0216777822180632,0.0322572166804612,0.0296191481134811,0.0291073235782641,0.0436764643252371,0.0246924660711526,0.0326088373938724,0.10322363496405,0.0539646354766576,0.0691271998719099,0.0203010826718593,0.1145694053363697,0.0145990797011538,0.0012890505068841,0.0183906757905378,0.0274306048682839,0.0216844765942795,0.0757096760239421,0.0165823251403777,0.040139331597771,0.0409392675685399,0.0245699678868626,0.0191886563032811,0.0274220375251032,1.0,0.005174063265985,0.0150039760955195,0.0624995335725673,0.0346631304030564,0.0568659380239018,0.0027761237059978,0.0535652888468175,0.0301087848013333,0.0324287788869237,0.0405933631017534,0.0596509227015017,0.0780473547089609,0.0246992176853806,0.1078353658299341,0.0513344993264556,0.0499927766585074,0.0895141108430049,-0.0017288768141563,0.0779135644380894,0.0623091756224196,0.0166719288567778,0.0170967292143615,0.0009521615139272,0.1112428017180838,0.0229116478075128,0.0207726344995192,0.0276451770759682,0.0057175247661591,0.0358310079543556,0.0068619566739878,0.0060683108995138,0.0284877361533672,0.0225224957957706,0.0030788339493123,0.0361785119805922,0.0325801535253645,0.0379819671059524,0.0293896342650574,0.0271063087194242,0.0553231477620827,0.0057173609865455,0.0369389488613539,0.015310323469202,0.0346666823323197,0.0401584892761369,0.0247692557122109,0.0371923935395341,0.0390015338668114,0.0199335053986923,0.0410092523395014,0.0550618289651643,0.0091496903700796,0.0384186089096789,0.0172009168409154,0.0339837450686238,0.0697523448806854,0.0623293967509116,0.0263441062442253,0.0240115228563072,0.0513647647125625,0.0430359338628554,0.0396301308860236,-0.0013028051122699,0.0229126437159413,0.02549657643976,0.013220290044706,0.0224204612349398
8955,0.0033432470705131,-0.0035197409774651,-0.0016742118089959,-0.0063503268227786,-0.0122544996550711,-0.0058831540597492,0.0108579261661757,0.0229660073124527,-0.0090248583952016,0.0236679791589823,0.0287377320870363,0.0044014741289648,0.0111305554185006,0.0170742761111534,0.012740580519891,-0.0091637089890054,0.0111760054151938,-0.0038586892553893,-0.0031543072951879,0.0404458138989128,0.0088166640603077,-0.0019870570467465,0.0030137074252002,0.0201705413555099,0.0034471716517982,0.0144939673396758,0.0342743605427789,0.0090496056993701,-0.0017682523671961,0.040948572493046,0.0269483783138023,0.0098370719143525,-0.0014846370961014,-0.0028757883530863,0.010310132657145,0.0148761622890766,0.0149316362971941,0.0189331359055909,-0.0003175757450529,0.0075151876110661,0.0022360359409069,0.0019520476378825,0.0208415878687136,0.0208533497618085,0.011573611623702,0.0281865728903787,0.0163824397989472,-0.0036613571660358,-0.0017305104870014,0.0023228361621779,-0.0011017027713167,0.0247523880375052,0.016369299142031,0.0036161684225188,-0.0063712668028713,-0.0033072629740299,-0.0058298088517888,0.0237734652380042,0.005174063265985,0.9999999999999998,0.040302976062113,0.0102998223166391,0.0373446780492889,0.0729090387262372,-0.002533582205867,0.0402671050021697,0.0525329927654025,0.0150714175286736,0.0067002244431253,0.0483533147284612,0.0326535802457836,-0.0097590447507908,0.0011498199204804,0.1398522390611815,0.06017446172695,0.0250086377700697,0.082251966474862,0.0739734794928772,0.0476102558268978,0.0109012331584351,0.0061063023824214,-0.0042278986573837,0.0040511057183953,0.0298142124027007,0.0091391579560289,-0.0150257092398199,0.3190102929072024,0.0419116754266171,0.0465489759129751,0.011027164129013,0.0236574784074176,-0.0091065895539947,0.0005151291896561,0.0245115585989234,0.0053358264551605,0.0032273514959751,0.0250111693332138,0.0045757605129921,0.02201895740134,0.0281687441568375,0.0511659424360412,0.0039565359979167,-0.0057186880083137,0.0276070577903649,0.0366545156637552,0.0233782526774433,0.0296163476175504,0.0163838972349623,0.0228404354715565,0.0074051406513296,0.0106494983502594,0.0024188470740042,0.0104925158280579,-0.0039862831944768,0.0253460928507589,0.0413384426554541,0.0047305737376197,-0.000162099945003,-0.0048073746405234,0.0246542869097957,0.027273496051007,0.0356279094056771,0.0254995027059145,0.0004581300572512,0.0087751203954471,0.018606624813528
8861,0.019490445443167,0.0081065067501083,0.0203081089420254,0.0099704578224575,0.0201107143636882,0.017266241737129,0.0166002945381585,0.0309284743001233,0.0101963903722838,0.0462932948350642,0.0280162757918221,0.0411499611542123,0.0251562843410658,0.031907261129217,0.0236179319039378,0.0131758839031584,0.0129340940051466,0.0070496109600117,-0.003907687070969,0.0142192259438612,0.0038488314298092,0.0089991396127475,0.0267861421393177,0.0372482210950694,0.0163780071883542,0.0241256249457298,0.029670866640257,0.0319927066472848,0.004743007054269,0.0385008728600003,0.0260855133006081,0.0276757258650397,0.0100934905155805,0.0074227317665849,0.0230859537603782,0.0511513003694094,0.0202190944818438,0.0420363539892029,0.0079988168926711,0.0093808254180771,0.0134615939522462,0.0379020161439926,0.039648368813536,0.0348318202962466,0.0232802670609867,0.0102576928917419,0.0211280862644604,-0.0069986777722493,0.0163951374830609,0.0121364895999122,0.0339283348340224,0.028777246383418,0.0087072031315141,0.0342592319428827,0.0108763439436622,0.0049976322801999,0.0239061047118053,0.0471106723509954,0.0150039760955195,0.040302976062113,0.9999999999999998,0.0391556890403102,0.0651822827960165,0.0342325950691969,0.0314404434510657,0.0545467783544257,0.10403547955617,0.0331761091163235,0.047068841335039,0.0713651082582382,0.0589660455673542,0.0103987973667799,0.023124932748093,0.0403715138976965,0.0615959525462502,0.0370999691199868,0.0585027761523599,0.0429047588660739,0.0497959179851643,0.012300117110406,0.0522114588205737,0.0281575652915418,0.0236652390451337,0.0298504261802676,0.0260366774130481,0.0113170165492806,0.0139141013020824,0.092454337463058,0.020536482302535,0.0607767304740078,0.0468519328691142,0.0177616263552526,0.0277047335671878,0.0283891680293786,0.0366905889248916,0.0243358024503828,0.038312312887074,0.0328280566005011,0.0257596849556711,0.0274938046811245,0.0726056834420731,0.0021813045305092,0.0252555102265689,0.0573472092822325,0.0524435950143254,0.0268546012947262,0.0554066626637919,0.0379664797527983,0.0433927086876233,0.0420461230411873,0.0184577968237111,0.0229771436161863,0.0034835784081079,0.0039311237890447,0.0511046013791154,0.0684030282797423,0.0326228691058442,-0.0064068700762131,0.0267295372853758,0.0458150606177159,0.0414204436529671,0.0262247071655296,0.0441006673134604,0.0036608533462969,0.0272702860908256,0.0320703835601372
8868,0.0171890377183001,0.0143990774720007,-0.0083274314585979,0.0172533852880244,0.0143624114944255,0.0260857591552201,0.03537878507419,0.0281816630227682,0.016796493589745,0.0327306891504138,0.0359811308123455,0.0383464026785667,0.0509330069501652,0.0662899419179291,0.0406767135256464,0.0231774522685524,0.0444816719726571,0.0372636145137827,0.0165053494273935,0.0576621220113287,0.0164687569342717,0.0381594061823588,0.03584735329997,0.0519366075617667,0.0373383414519674,0.0280640841402878,-8.523467264980908e-05,0.0684857987626232,0.021082258272031,0.0380252404186867,0.0467404555071646,0.0408203103590732,0.006871509208605,0.0499199736807835,0.037021216012893,0.0313213148788487,0.0246549547025706,0.0248252478726929,0.0272398810541108,0.0172063613937061,0.0234065446076331,0.0829515692190401,0.0394007899202444,0.0579515252206194,0.0153289351940431,0.0711069080055527,0.0261049593992748,0.0311729168952434,0.0236977562303749,0.0184164962042199,0.0272438152994981,0.0427893076805047,0.0132930188433501,0.0290567830558591,0.0544869320208316,0.0717984034446258,0.0156017487926294,0.0159077730242823,0.0624995335725673,0.0102998223166391,0.0391556890403102,0.9999999999999998,0.0729649736068655,0.0186250175658786,0.025562177328621,0.0409548276040844,0.0541419794759827,0.0160901407434911,0.0262762998660705,0.0682495506698856,0.0592276220773363,0.0794197423153169,0.081526400451136,0.0259641922377363,0.0327465290474328,0.0697143027921436,0.0110893821397778,0.0704706629111661,0.0635150690371522,0.0125515377080011,0.0297338730977917,0.0318807018070168,0.034929369286598,0.0075781086047291,0.037715281562077,0.0152145158363493,0.0060325501620858,0.0242156283317064,0.0234537456612071,0.0235615505936631,0.0375993257092067,0.026202124173759,0.0319189672498247,0.0377514294561807,0.0404468001230024,0.0416428912236741,0.0403444711414937,0.0351489638997068,0.0450268422653024,0.0273322609911326,0.0425397667573212,0.0228833003730805,0.0310989098660417,0.0387156550475457,0.0356238235409897,0.0472952412622408,0.0430324529809206,0.052758953610443,0.0391522259915238,0.0324424504293978,0.0154543090645902,0.0446423975098591,0.0296462174783012,0.0245280730397739,0.0396476583894169,0.0214972897680079,0.0290160059190905,0.047695823213637,0.0489646498600023,0.04130383969997,0.0675118733269804,0.0411252287671304,0.0372527761771544,0.0277769533952295,0.0198269156087901,0.0415978488344699
8904,0.0134926966653132,0.0101787661653985,0.039372354870827,0.0308947548601452,0.0058674447166408,0.0622240581412993,0.067265023175116,0.0360863906073617,0.0302698192575433,0.0558979315316639,0.0646147092625061,0.0413992609906959,0.068318084956106,0.0789302874096188,0.0336595239139628,0.0124920790279373,0.0466449570580091,0.0400590244004503,0.0198626473683481,0.0569022424765319,0.0176596302478463,0.0372344726542035,0.0254071178309208,0.0517953490484137,0.0357599578701079,0.0155284661720367,0.0105462926830308,0.0656027791503523,0.0356942378203397,0.0584460782954173,0.0442317622602802,0.0723474273744229,0.0360212316823054,0.0337095021372614,0.0717254999242735,0.0588089936394563,0.0525327292562681,0.0399714227363013,0.0201275510517058,0.0451258406051655,0.0502770038345754,0.0504294419738906,0.0918459631190918,0.086987046862395,0.0382807984885536,0.041795366055796,0.03690780509132,-0.0060920617564397,0.044291102785439,0.0319870265870508,0.0381277060807034,0.0636429799583759,0.0366232103333239,0.0296008565558907,0.0369388437209748,0.0174942781692764,0.0381897679227489,0.0447729052837008,0.0346631304030564,0.0373446780492889,0.0651822827960165,0.0729649736068655,1.0,0.0482660085947932,0.0590625330231289,0.0815569153925866,0.1147501319981037,0.0479496072911136,0.0415634038554305,0.1239333688056035,0.108336974344979,0.0052521062353363,0.0878334777951613,0.0604812549873895,0.1269151821753996,0.0840642448474547,0.075307385132364,0.0993409211545535,0.0957742826109367,0.0546051665871541,0.070629239566803,0.0469875280161604,0.0759446648549565,0.0406619343403744,0.0758273760543636,0.0202243882157848,0.0382156769290766,0.067534757020109,0.0745104651160159,0.0972868757732875,0.1291030358373942,0.0525684093829369,0.1494188829430584,0.1518669789935512,0.0763729145794434,0.0670634960858861,0.0859150350577607,0.0474358972575696,0.1101444635272697,0.0492407465156772,0.057534531751185,0.0461738814038123,0.0386574479616859,0.0698734637355946,0.0654629554388664,0.0434333878540542,0.0860878573762894,0.0577424413805934,0.0685947087543559,0.0372149947105116,0.0206010486113118,0.0772676188617416,0.0488029208110446,0.0080349253421515,0.0706220364100611,0.0511833475709471,0.0368831516440644,0.0202351113832452,0.0488135235686606,0.0720058013745397,0.0586301634384267,0.0317831422461855,0.0442172898541652,0.0197643191305166,0.0528972407747859,0.0547198445359168
8906,0.0091837454894207,-0.0022161520931863,0.0079300224216977,0.0069833248203118,0.0092582119847103,0.0066365077190176,0.0171301951708765,0.0200506378538559,0.0024788231499978,0.0324660150097596,0.0412516768934235,0.0136221289518178,0.009539527011013,0.0198433998346997,0.0131424594844744,-0.0077026009323631,0.0213825863897367,0.0021782571661607,0.0329362481176071,0.010377838522594,0.012798937446818,-0.0043873116116952,0.0121704390680359,0.0158171406855649,0.0223230860159001,-0.0004033598223858,0.0560752262511378,0.0215645957705565,0.050990395310158,0.0319188837303286,0.0256569303521989,0.0342303946611451,0.0077388763975341,0.0463761428565092,0.0120023117063472,0.0234622524389967,0.0259624574224435,-0.0004275462140204,0.0080544625924368,0.0012458295487169,0.0327110830166829,0.0085171817956317,0.0302749120973347,0.0233404554342491,0.0187998460901728,0.0118040927505075,0.0096508755714266,-0.0076988567944035,0.0068064141090098,-0.0019454247042761,-0.002742290141209,0.0063408436788861,-0.0004781415526212,0.0107958835146814,0.0371806889085365,-0.0031550727863311,-0.0017121102105857,0.0230216943064379,0.0568659380239018,0.0729090387262372,0.0342325950691969,0.0186250175658786,0.0482660085947932,1.0,0.0063562268918806,0.0400530781183708,0.048583086262923,0.0094362097724744,0.0033602868912464,0.0272157162230021,0.0252879432213209,-0.0061700670418001,0.0567968580176222,0.0995449304289158,0.0740263925134443,0.0357372371288009,0.054520436344661,0.0248318265047169,0.0475866144386876,0.0056572836020103,-0.0034380525448132,-0.0013423336479367,0.0368655528796183,0.0448061365215912,0.0176735851821038,-0.0138910939380851,0.0395710732833676,0.0509544101727116,0.0026553349480593,0.0301618624426217,0.0487377946616192,0.0309019214672985,0.0066764248357544,0.0606249525781902,0.0307303960212757,0.0072860639364015,0.0433376849933563,0.0090806412313874,0.0268096498108004,0.0450757825577085,0.0813555040878052,-0.0065591997487,0.0112318745467448,0.0311835302061714,0.0740167008430407,0.0198531701145383,0.0189921175250365,0.0067190331046126,0.0112469989951006,0.0352993717464546,0.0077760461330926,0.0159897753638615,0.0159221075985301,-0.0016864803900579,0.0178611912119654,0.0281891839680894,0.0110050362577486,-0.0037490416861776,0.0074205090942681,0.0160857392649949,0.0336109353514887,0.0573926114051807,0.0064741581248193,-0.001693906948237,0.0090264758974353,0.0160762601071994
8907,0.0120016528723129,-0.0057130475531384,0.0153332329243317,-8.477119747295397e-05,-0.0013617287936292,0.0443180782948438,0.0443677519083811,0.0333605050295154,0.0159080635661387,0.0151367275399323,0.0258778626317373,0.0391145884881212,0.0252262892508167,0.0472201699864341,0.0210175792014125,0.0318783338444777,0.0398682137181374,0.056725351278229,0.0027927441683105,0.0309382231032021,0.0303912724816793,0.0268722347560155,0.0177666889961455,0.0130790609768464,0.0159862206354014,0.0202348158268077,-0.001647602307608,0.0364734775569108,0.0185570877230092,0.0343775958019787,0.0126305915715121,0.0428303941042111,0.0020458774648716,-0.006215320161328,0.021366985639507,0.0219038621425293,0.0156764999638044,0.0085834710069432,0.0082352498915181,0.0100475188857303,0.0142833002876585,0.0360991118303861,0.0531120789913695,0.0386244323325546,0.0014702246647804,0.0208044498860829,0.0096683089402752,-0.0050818145167511,0.1029755396984322,0.0321747105886967,0.021807953552702,0.0329597045962777,0.0097754417069473,0.0296850677781528,0.0472758854217635,0.0193371554928381,0.0633563844352769,0.028560703719771,0.0027761237059978,-0.002533582205867,0.0314404434510657,0.025562177328621,0.0590625330231289,0.0063562268918806,0.9999999999999998,0.0242858753077107,0.0519276127326298,0.0296409459714313,0.0535467026076344,0.1166805818559023,0.0748277189389155,0.0240247465594048,0.1021930456131175,0.0041132492791815,0.0164530569994027,0.0377208082751042,0.0309249310404298,0.0265753611419394,0.0228214780777936,0.0282262669091809,0.0400183449955933,0.1474830846601086,0.0300269641763139,-0.0053165023430749,0.0924112931275261,0.1186424005820062,-0.012768979491819,-0.0003360308984756,0.052786250376968,0.0699807506376448,0.0166282517475788,0.1369994354480463,0.0416871766227855,0.0429061351063226,0.0384493718686351,0.0529055654836279,0.0466074488709102,0.041104335558832,0.0363210659222238,-0.0024349382443679,0.0259175898203619,0.0340880886804404,0.0412256787555862,0.0457134291209687,0.0347038308236129,0.0408901997598538,0.0394894605117078,0.0576379175687668,0.0420767649436195,0.0376936339743556,0.0107737790212377,0.0611914151301865,0.0298109159306858,0.0399494789488101,0.0273822003494249,0.0009890058569675,0.0586666454302403,0.0637025536091116,0.0666511707218936,0.0567128490670718,0.0253526870358049,-0.0045236239362866,0.0120901745744874,0.0081727082890276,0.0508970257430829,0.0409650559022347
8908,0.0408841620447502,0.0117211113446645,0.0064225924919236,0.0207160061548616,0.0197093760523498,0.0387665333170759,0.0412038435274226,0.0431818220866719,0.0410766344525649,0.0326060925276764,0.0691330984420906,0.0480751116727619,0.0592076640992374,0.0685512191503723,0.0365626132241627,0.0198623345073054,0.0283362231291102,0.021808585114425,0.0118069809085523,0.0306647290588989,0.0171704585275679,0.0323148886487252,0.0633565199257113,0.0412793451940759,0.0448557668389764,0.0202331258158704,0.0386061135124486,0.0772101725820656,0.0366153669110481,0.0593719142953633,0.0356315030590497,0.0638881420724305,0.0165658921963806,0.0207850320977222,0.0248597545677332,0.0244715960511402,0.0331953629275984,0.0386997176649347,0.0370590122623378,0.0334320372540873,0.0485701815497516,0.0694948662802383,0.0870917615513177,0.0733067247147769,0.0299588752524672,0.0577390376064378,0.0278030245491763,0.0009463296185455,0.0276278130332423,0.0314557573425678,0.0796597794951465,0.0681838998380071,0.0259713163441231,0.0378728908546678,0.0722999301196861,0.0500476304153912,0.0393045512522843,0.0312663707122833,0.0535652888468174,0.0402671050021697,0.0545467783544257,0.0409548276040844,0.0815569153925866,0.0400530781183708,0.0242858753077107,0.9999999999999998,0.0825403073291942,0.0499326334193769,0.0483445078535001,0.1009082523085495,0.0843632156189533,-0.0098770503981816,0.0763944624739177,0.0340376352193727,0.0941441611868048,0.0946619723278848,0.0565663505504884,0.0725876198797977,0.1059772143165534,0.0325155382036637,0.058559291534493,0.0148783139242774,0.1130623598428172,0.1025749033057769,0.0350599028766897,0.0256508039981925,0.0238388240224542,0.069240034760353,0.0022334578436222,0.0454460756847377,0.0438872598273699,0.0865037463156653,0.0334672645118966,0.0522898177683324,0.033755304649253,0.0429629719524125,0.0555960135643568,0.0543391868385222,0.0583442693032508,0.0244257826554726,0.0610975537390674,0.0142771223358595,0.0383510403641257,0.049244074043802,0.0563599150759031,0.063514651868416,0.062687616946717,0.0573710771496157,0.0428047772408258,0.0675392626384647,0.0245870978848266,0.0686040872592351,0.0358566213308932,0.0090037585893755,0.0791803802863389,0.0728000837841728,0.0645492723245351,0.0262454720255922,0.0515169627748369,0.0746068646819705,0.069019474382575,0.0445893411698938,0.044235027847358,0.0303317129905402,0.0534477505009918,0.0492520439352232
8909,0.0204850235988434,0.0244770879735421,0.0110066338184001,0.0549153716979442,0.0152792949352968,0.0401775392062498,0.0454577716745924,0.0414201014981097,0.0270733383319793,0.0649569251029384,0.0512349989166756,0.0543965874695934,0.0649880169171261,0.054228842755457,0.0320228521062467,0.0118741804440618,0.0235473647153469,0.0259227086778292,0.0120310232898698,0.0251607528805968,0.0122255018935183,0.033886704953983,0.0241972982011317,0.0423850725072551,0.0412117898314726,0.0129610939048183,0.0076041508435087,0.053670109851872,0.0165637567186794,0.0592626983966466,0.0466528917852679,0.0336655799866647,0.0236279946684406,0.0209288611497889,0.0277276513659839,0.0704211156135039,0.0367008351425466,0.035092229241121,0.0140330865816757,0.0173348155389501,0.0401334810743654,0.0392371829547012,0.0661447039523876,0.0556988121480614,0.0215469877507948,0.0391922788143356,0.0339948830414238,-0.0063766124904845,0.0424616169166629,0.0291227908740214,0.0303300055605385,0.0571337221726066,0.0217804466761869,0.0965080621417776,0.0128788596049865,0.0212657644821388,0.0763201388054933,0.0744910518199709,0.0301087848013333,0.0525329927654025,0.10403547955617,0.0541419794759827,0.1147501319981037,0.048583086262923,0.0519276127326298,0.0825403073291942,1.0,0.056873520614126,0.0708566576604024,0.1478468917355938,0.0720067275396001,0.0112163844349474,0.065828976874569,0.0344693671003693,0.0926379752127966,0.0652712519036789,0.0968058663288698,0.0746396798660825,0.0724896405177455,0.0249318831524354,0.0576843012845461,0.0232385529740124,0.0449423178934274,0.0363507884354093,0.0646089598384048,0.0449824745213742,0.0343846011510649,0.0649189403283652,0.0325121995665064,0.1602315759822851,0.0614539672163345,0.0252687711719302,0.0767430514155197,0.0771451373568235,0.0517633649576517,0.0443202687443095,0.0677742653237808,0.0573198217609139,0.0525914121966684,0.0477944117541196,0.0629271602241542,0.0231050996838165,0.0464243460271521,0.0515482839466063,0.0844386448860099,0.0339744026089393,0.0782419259416741,0.0546999366122269,0.051117280262389,0.0549844714534579,0.0565466113767716,0.0624895263596378,0.0203785585978986,0.0113549799763874,0.0851412572535282,0.0323410016233412,0.0266365134327096,-0.0006087472395943,0.0506742951276858,0.05111394213633,0.0443118701717144,0.0191242994232389,0.027746584152624,0.0280541697553698,0.0404547743173264,0.0603360354228969
8910,0.0096944139019599,0.0097838142922056,0.020119415785095,0.014958476660512,0.0012229661392603,0.026534306309558,0.0198430420981265,0.0089197646936393,0.0051985991768212,0.0345888686823425,0.0270213395907853,0.0058266577832597,0.0290066936616181,0.0278942797757515,0.0089153952201384,-0.0014856255201924,0.0153624095347866,0.0243060410087455,-0.0001842537778093,0.0067480046986208,0.0211334697134967,0.0137796836022225,0.0119016111537937,0.0265146730577985,0.0178092335506922,0.0145753730861447,0.0299037534638697,0.0175483655617639,0.0025626323166965,0.0374962734710216,0.0195551537121276,0.0307123181797863,0.0034033653961618,0.0095816986408283,0.0164940113788043,0.0308269601574878,0.020066535545053,0.0237251872066669,0.0022797854962981,0.0141090064733968,0.0422335706585848,0.0074190999013148,0.0291875998365145,0.0225942785074246,0.0077655085619267,0.0150332551071969,0.0125725603792973,-0.0014927510856465,0.0202045616140955,0.0104926818044735,0.0285189757184902,0.0203436461802332,0.0175771550344839,0.0262941416920192,0.0070110087152461,0.0085111402162676,0.0261871229468208,0.0471828317187998,0.0324287788869237,0.0150714175286736,0.0331761091163235,0.0160901407434911,0.0479496072911136,0.0094362097724744,0.0296409459714313,0.0499326334193769,0.056873520614126,1.0,0.017833877454737,0.0529498049422402,0.0509738574021667,-0.0018443974884113,0.0353654153733759,0.0276856456878125,0.0493349976250321,0.0419886973046352,0.0144816624958826,0.0409027026001065,0.0351823751053752,0.0083742769858206,0.0226741231372941,0.0079217067865068,0.0439573480613314,0.037988075695108,0.0576955665119213,0.0049388894491714,0.0164872602488744,0.0303463833196767,0.0097413784386626,0.0641512509447873,0.0287587178254575,0.0322904014534273,0.0124630859074779,0.0522460455618109,0.0366142228849189,0.0178952232582569,0.038523620000734,0.0285578275009189,0.0337654337304721,0.0239859412475123,0.025941755992114,0.0218131981381684,0.0183064925634117,0.04569337946518,0.019210532378519,0.0163243425673345,0.043913655985631,0.0291862743632519,0.0324904005710972,0.0297029917749889,0.0199597463763615,0.0170816082594943,0.0257574391511508,0.0090526407168934,0.0421685541588964,0.0267707214653398,0.0229788716762226,-0.0048346287077494,0.0155098600807493,0.0200634396688358,0.0214223984463518,0.0121341633168288,0.0431008768328641,-0.0001794366185609,0.0265018271713704,0.0246361040318583
8911,0.0086178017092231,0.0120092791116747,0.0080695396687883,0.0031421639918008,0.0099615830978697,0.0259440247267194,0.0274844941294075,0.0128942944797542,0.0225301772438803,0.0344204763790668,0.0307104224350822,0.0442579926489579,0.0335092787059437,0.0674816202752074,0.0386702828584262,0.0640844071068198,0.0245712704240914,0.0226557439831937,0.0002109302963367,0.0384939236624492,0.0312390589135748,0.019697416562738,0.0204194092015697,0.0396529149469266,0.0151205499330337,0.0372191962562568,0.0077842361527429,0.0473052728824007,0.0096095801479073,0.0507558678446592,0.0243525321278887,0.02592333550463,0.0092897868601754,0.0114437792082115,0.0119698597621443,0.027264250689454,0.0111450869955932,0.0429881331749934,0.0151097547388444,0.0450395535542777,0.0088078682935342,0.0411099852488769,0.0554512643478673,0.0426527495433555,0.019065890431068,0.016120830053877,0.0160581115091981,0.0145657394557965,0.0656201378032241,0.0263499830927424,0.0242786434425911,0.0365502324878843,0.0161687326289653,0.048886691135817,0.0329743540014456,0.0144953469118204,0.0329831244113468,0.070734009275593,0.0405933631017534,0.0067002244431253,0.047068841335039,0.0262762998660705,0.0415634038554305,0.0033602868912464,0.0535467026076343,0.0483445078535001,0.0708566576604024,0.017833877454737,1.0,0.0662829033661719,0.0965546388278818,0.0088790421648443,0.0366570953056294,0.0116061892678111,0.0427503001853234,0.0297127268821555,0.0310525084956437,0.0265657297228559,0.0249056062338464,0.0337263885694408,0.0556101665354031,0.0222100726423027,0.0345234057231577,0.0095034474235925,0.0252748667789879,0.2150342245601811,0.0004504911685911,0.0011651286889307,0.0190134748040343,0.0406591813332138,0.0212540381674796,0.0211788001923213,0.0505780623696043,0.0122653257776773,0.0184256694889806,0.0418217194723692,0.0352830053861645,0.0509717629153122,0.0415441138914669,-0.0020429582589163,0.0240265553729233,0.0251141319129422,0.0555065099549838,0.0447175294595751,0.0515315772820352,0.0468330930147401,0.0605862059695034,0.0462354142585202,0.0498694921155319,0.0348268974240665,0.0295347548413876,0.0627495650344575,0.0221941729979856,0.028885423656253,0.0427989538851777,0.0156072919302111,0.027767486298514,0.0127176886857479,0.0512128226090606,0.0554174919687314,0.0257646876323197,-0.0010168984391765,0.0222790481684101,0.0283005012378748,0.1274625063089579,0.040897525592901
8912,0.018268106808183,0.0002830741875216,0.0080137208054516,0.0224953002894302,0.0252667072788739,0.0632055923112107,0.0567564671235478,0.0385021875454642,0.0299687668332297,0.0676750463911204,0.0658786101973848,0.0593148252709649,0.0911935506599528,0.0809609449280529,0.0441428185709383,0.0325172939930543,0.0369670514634932,0.0456524038086327,0.0135020889238934,0.050730043085177,0.0194942011034065,0.0478330918959013,0.0453347878933508,0.0579862077234075,0.0580327060395829,0.033213054978299,0.0136260898371101,0.0827104192091079,0.011863424098772,0.0708094500476668,0.077332684113387,0.0575080159310862,0.0261260675996123,0.0335595867081678,0.0559006824327916,0.0555362890256597,0.040827596505469,0.0365889066429587,0.0390687113655257,0.039831918778103,0.0498751724208895,0.0878887859914551,0.106992810108734,0.100725007040108,0.0336662033118528,0.0729034447958807,0.0455947398308326,0.0093032133478453,0.0547203593070629,0.0570932484697794,0.0610929929020715,0.0829676418738379,0.0525277842152129,0.0720726624390377,0.0438880780616953,0.0357814247429872,0.0471722611483226,0.0532188878280544,0.0596509227015017,0.0483533147284612,0.0713651082582382,0.0682495506698856,0.1239333688056035,0.0272157162230021,0.1166805818559023,0.1009082523085495,0.1478468917355938,0.0529498049422402,0.0662829033661719,0.9999999999999998,0.1061033817427045,-0.011388790770178,0.1098783781989858,0.0482958185335538,0.0939600594557515,0.1035583889743046,0.0875365070404271,0.1227891930978577,0.1210225628847687,0.0439390663661512,0.0816690730329999,0.0650189316945722,0.0905698066088006,0.0509207820780807,0.1308548785249808,0.0753039013134657,0.0594030731730771,0.0755226488199275,0.0613371491068124,0.0952325939879216,0.0673600159017955,0.0965016931591005,0.1213097838890887,0.0982120489115786,0.0762735373604943,0.0845380597485009,0.0820072826502777,0.0708944445453745,0.0792505748046526,0.0371827919672658,0.0688858164892581,0.0569990295582199,0.0681639810351065,0.0799946349172831,0.0779336520393678,0.0887813677440383,0.0965476203384232,0.0487179009892435,0.0664815798518396,0.0485747877601966,0.0601211678712241,0.0924843033068284,0.0521982577213487,0.0408463274072849,0.089985116963353,0.0526113909569198,0.0582719358233934,0.0344605734533548,0.0899071463399879,0.0916844607949736,0.0752931405116709,0.0190211382409034,0.0536021027687254,0.0311147570603411,0.0946783898819572,0.0648457816697846
8913,0.0242213967859408,0.0151512546975525,0.022495184878556,0.0126439790067827,0.0125364722265167,0.0618112721575859,0.0960223077109092,0.0418106690741287,0.0352132371484018,0.0450631776460528,0.0694894369722582,0.0512909585927156,0.0998319127375372,0.093322497133022,0.0546822530299271,0.0431405076542239,0.0465692602566413,0.056777204597874,0.009806245078496,0.0693555786126203,0.0447296868258099,0.0368676388007291,0.0463555249923915,0.0540775434074681,0.0652313386737066,0.042866664881953,0.0166200601568203,0.0764805353156632,0.040740993585741,0.091378531623995,0.0680617559450872,0.0554416180279179,0.0394448889088223,0.0504114119113245,0.0419176188448565,0.036823579815536,0.0522728911788749,0.0435906369344714,0.0260350313228356,0.0492349536384301,0.0441146742235269,0.0753612338714207,0.1003787705026993,0.0912407782863115,0.053842668623898,0.0631868658440698,0.0413597737180591,0.0205242475967863,0.0372372421083013,0.0593351021216473,0.0647440331883726,0.0825528308855399,0.0377472793920715,0.0434681075011525,0.0602762653989274,0.0274477445598539,0.0377473826189646,0.046912816316472,0.0780473547089609,0.0326535802457836,0.0589660455673542,0.0592276220773363,0.108336974344979,0.0252879432213209,0.0748277189389155,0.0843632156189533,0.0720067275396001,0.0509738574021667,0.0965546388278818,0.1061033817427045,1.0,0.0021791651208971,0.1092841477834502,0.0406819161132556,0.0773420349311843,0.0917932185295263,0.0429802641851378,0.0994779242646559,0.1060589866555397,0.0640615424238132,0.0907389249265442,0.0908046317829421,0.0983687767018327,0.0332675715276877,0.0967036998977138,0.0536864261915894,0.0474844544637145,0.048130667002496,0.038461007875878,0.0414151872728226,0.0476675237894681,0.0645189525502514,0.0838129445275123,0.0819583932734139,0.0569750514749536,0.0733934864482763,0.0861546777965561,0.0666611177740485,0.0930351790006441,0.0310026059358701,0.0496799487306605,0.0668718627612585,0.064725625517032,0.0959445558119872,0.0455977571933704,0.0965446539121629,0.1081482372110203,0.0716016082222531,0.0743638884994475,0.0657350579662758,0.0572457351892316,0.0786069846881347,0.0599604606057199,0.0380402878761431,0.0844179444568229,0.04794069771446,0.0478196718607723,0.0597071521475092,0.0898367775792382,0.1069539458396044,0.06955739319156,0.012399250337225,0.0508753541947005,0.0490101527773201,0.0476040786344206,0.0759297748982282
8914,-0.0051825742732964,-0.0062511174561153,-0.0077219530003706,-0.0133580017208813,0.0049912916574774,0.0039815720657006,0.0042824698851388,-0.0013810166460135,0.0137631066532317,0.0074277633980361,0.0055553393079229,0.0127272722935631,0.0068541924364441,0.0257515542952417,0.027428743562251,0.0294595836522178,0.0121033855827878,0.010156694794425,0.0067612322008234,0.0194301307173687,0.0392062388209704,0.0097447071003306,0.025185933102763,0.0360728770807869,-0.000165418776639,0.0637313557269501,-0.0090238673489287,0.0183856681993041,0.0050742298560839,0.0156034586874526,0.011031561927987,0.0003677662150626,-0.0035717752044442,0.0051278101021533,0.0030643707,0.0006003376270362,-0.0009228302231794,0.0039079428225784,0.0111466207203752,0.0050941532063853,0.0012713417934865,0.0237316387883407,0.0104125914322807,0.0225338287135491,0.0185154079355497,0.0121828451644695,0.0058541609569874,0.0141010424504503,-0.0032878540681928,0.004822161234402,0.0072932573715368,0.0133212388503797,0.0406398009249238,-0.0025188440605842,0.0213863629343104,0.0080774380314563,-0.0007942490988799,-0.0068729105949699,0.0246992176853806,-0.0097590447507908,0.0103987973667799,0.0794197423153169,0.0052521062353363,-0.0061700670418001,0.0240247465594048,-0.0098770503981816,0.0112163844349474,-0.0018443974884113,0.0088790421648443,-0.011388790770178,0.0021791651208971,1.0,0.0081836145553759,0.0058707409662849,-0.0066033889831917,0.0189499549730391,-0.0098768353316189,0.0144159243259744,0.0147085235205076,0.001184627906129,0.0418459712984889,0.0422881530027369,0.0017969292619847,-0.005832858016807,0.0008036059497528,0.0245593563398367,-0.0044436399246828,-0.0083336914057647,0.0067267576266313,-0.0016585839046471,0.0002644602523978,-0.0013675164285658,0.0005014263964089,-0.0021293983524585,0.0048437276968167,0.0058859355878283,-0.0041133499475891,0.027558959725652,0.0027942846615678,-0.0059273373006928,0.0129218969849977,0.0159684096748956,0.0098074428747633,0.0235208886824784,0.0028074484487753,0.0109558995832363,0.0082643278054515,0.0348039776255523,0.0469769161247409,0.0042032802530913,-0.0023048758260803,0.0109377800742961,0.0118950743583963,0.0190505061326845,0.0207403789592633,0.0269336210128399,0.0016086104246479,0.0310181345711839,0.0314100517762516,0.0249176685716775,0.0070310147458188,0.0092323445717348,0.0143730470437314,0.016762763324693,-0.0023903520137764,0.0025330854637517
8916,0.017308770510095,0.009973291727847,0.0069867113237295,0.0242298383357906,0.0249324483307348,0.0640278975245021,0.0694039205685292,0.0302387717679536,0.0402929051069475,0.0414066085534613,0.0476253654889472,0.058064824441387,0.0432220110856632,0.0635461384435843,0.0387077050342744,0.0359372822671091,0.0564284306268751,0.049675103298727,0.0138366347220448,0.0511068343442104,0.0142324718609932,0.0242626282306579,0.0238649389042231,0.0431258267085589,0.0512220387763011,0.0131118196355222,0.0066588636448471,0.0674296336802304,0.0383846180599827,0.073356487399728,0.049104618029059,0.0415649802521865,0.0176447560874665,0.0375488924438242,0.051831139057235,0.0332777639931942,0.0305154030981953,0.0239642156400938,0.0227082194763309,0.0207404141370301,0.033951893278272,0.064182199516208,0.0787834693845049,0.0874737198133422,0.0117040863110866,0.042229010236055,0.0269875641542628,-0.0030806046976496,0.0487639931975599,0.0324466858189773,0.0185908177981797,0.076874248219942,0.0154683565484161,0.0414567255740562,0.0741738741572251,0.0428136421613566,0.0241030289305978,0.0202217031908451,0.1078353658299341,0.0011498199204804,0.023124932748093,0.081526400451136,0.0878334777951613,0.0567968580176222,0.1021930456131175,0.0763944624739178,0.065828976874569,0.0353654153733759,0.0366570953056294,0.1098783781989858,0.1092841477834502,0.0081836145553759,1.0,0.0219848822136189,0.0861951663582651,0.0863726228627158,0.0284026941815034,0.0724485432077882,0.0709649802866509,0.0320535612343953,0.0319673092589016,0.0382159096901029,0.0740087440976235,0.0057907475538934,0.0768320755247009,0.0571266119734441,-0.0034737704415625,0.0561492057909764,0.036346243563906,0.051405525692384,0.0550245817240316,0.0875615605518829,0.0709106269499644,0.1157031710534087,0.0597393170012565,0.0692035668969951,0.0922446777676068,0.040515803934241,0.0841456250115599,0.0082691744121625,0.0462415827595645,0.0214710701679988,0.0611940798541691,0.0515322208689275,0.0321316490918154,0.0526804429871128,0.0659419835918636,0.0513404030750717,0.0483246594813202,0.0466946259093372,0.0287576286240145,0.0578768269431101,0.0477909316384261,0.0188992844762243,0.0581143346069193,0.0266728597880808,0.0499760921155605,0.0281319303975629,0.0734728656603171,0.0648917657213747,0.0600175358253143,-0.004773983920285,0.0246939945389946,0.0330807707001613,0.0389071563637804,0.051036134745409
8956,0.0084354358580783,0.0066102831912925,-0.0048984056518985,-0.0040134850518766,-0.0055961228358199,0.0075825045828006,0.0190006634126318,0.0182731280207968,0.0111553855849341,0.0395750943575768,0.0344317778180611,0.0241761292545704,0.0180218747343046,0.037099245554148,0.0267131129628451,0.00471414353993,0.0272778977531232,0.0029058890850235,0.0044078117200156,0.0156042118724371,0.0091183032921891,0.01718203316213,0.0201762442614627,0.0255860440889289,0.0245764678612356,0.0042427348793877,0.0383758786002468,0.0343517501408105,0.0081709180459362,0.0312000659668815,0.038198741639966,0.0250313712175611,-0.000671989250313,0.0180154993057279,0.0062554436281536,0.0157940859099744,0.0161803147243112,0.0255314136677323,0.0002233443629834,0.00865762625669,0.0060429951346946,0.0199372273310955,0.0469417027254564,0.0332148622602161,0.012276385456351,0.0333486948657378,0.0037479295868037,-0.0077736126683546,0.0022468090239802,0.0127885232009302,0.0208215738902949,0.0439146247525405,0.0126791689493483,0.0133364187546541,0.0295072929365509,0.0123875608313024,-0.000572564826465,0.0197114052579975,0.0513344993264556,0.1398522390611815,0.0403715138976965,0.0259641922377363,0.0604812549873895,0.0995449304289158,0.0041132492791815,0.0340376352193727,0.0344693671003693,0.0276856456878125,0.0116061892678111,0.0482958185335538,0.0406819161132556,0.0058707409662849,0.0219848822136189,0.9999999999999998,0.0733398675546386,0.0696698836015671,0.08761389471289,0.0531802806569318,0.0587681674104548,0.0251804184987628,0.0203048996155234,0.0172552128247328,0.0401906638071193,0.0211604613870433,0.0203354489494289,-0.0057677849919151,0.0639074642599896,0.0337618286652237,0.049111353349938,0.0133741712015576,0.0201961685647327,0.013677283913452,0.0166848631445797,0.031664363468317,0.0263027844771359,0.0262146503334828,0.0319030839715732,0.00782354929508,0.0316985778631317,0.0180613679747029,0.0498265069289677,0.014869028244716,0.0164666852898644,0.0384695629110451,0.0417088049693127,0.0218562158265476,0.0511318524097546,0.0282294911518084,0.0341183103201127,0.0273009796813932,0.0042613840514806,0.0153527686135142,0.0149643803858211,0.0117566991684901,0.0516806387258472,0.0462604462318533,0.0195483504812575,0.0041885934022288,0.015388387801502,0.0516806552574612,0.0198157517813563,0.0377759502947597,0.0511226330083878,0.0128966866427064,0.0274020842711357,0.0331321362931809
8957,0.018371839850073,0.0045528985548161,0.0204166312511514,0.032333786850937,0.0042506167959581,0.0594482254888905,0.0313688849662976,0.0304632084630608,0.0217595322330451,0.0582846973721638,0.0539925120856646,0.0397464181937469,0.0675095232201962,0.0666713339706811,0.0263686185464566,0.0113688507345796,0.0283393953630238,0.0109201765740708,0.0370442505987627,0.0372022377705579,0.0233293223518116,0.0154333565216269,0.0433105104203067,0.0788501151683937,0.0439347351396919,0.0242747207519573,0.0298813996686234,0.0558343853985438,0.0188319990465236,0.0631665824711328,0.0491109405646903,0.0526749645339336,0.0224472226203872,0.0317664049650018,0.0322400284267505,0.0668615616981441,0.0448993296805622,0.0331809770603195,0.0253470395044424,0.0348977988749484,0.0327042319335447,0.0485279961514748,0.0886616704376659,0.0712669279690701,0.0437826189092142,0.0572116775600035,0.0506880161216131,-0.0050695273548955,0.0215755829713415,0.0121314224353551,0.0405985906295931,0.0830559786870805,0.0181539447413399,0.02294685400096,0.0346815015160571,0.0352878939747095,0.0242599818538247,0.0401377408687804,0.0499927766585074,0.06017446172695,0.0615959525462502,0.0327465290474328,0.1269151821753996,0.0740263925134443,0.0164530569994027,0.0941441611868048,0.0926379752127966,0.0493349976250321,0.0427503001853234,0.0939600594557515,0.0773420349311843,-0.0066033889831917,0.0861951663582651,0.0733398675546386,1.0,0.0996654561479241,0.0908481178423427,0.1562710903044243,0.104455276682695,0.0276509218724454,0.0628270051266571,0.0268203733605326,0.1158512398809091,0.0552555194636097,0.0647756347824245,0.0133194252466103,0.0525358570780736,0.2343256409804099,0.0355955521882622,0.0544131893662989,0.1080438497421925,0.0843228738351582,0.05842141272921,0.0858099242858639,0.0795721866805441,0.0452606159523842,0.0651562289533613,0.0543723443460437,0.0610177785749339,0.0512311216309525,0.0814473109777182,0.0150016170249325,0.0234719422605003,0.0759584133373085,0.0516561942009307,0.03950470117697,0.0845970248467189,0.051301444974856,0.0612571358811771,0.0371763237043097,0.0200059769452296,0.0394085829725306,0.0500244328223329,0.0159194980865043,0.1057937544433598,0.0757306998254765,0.0315395383926554,0.0094572712927428,0.0285562668873597,0.0693957571453382,0.0496588964222169,0.0197211386347735,0.0552377310293061,0.0014564576784142,0.0588053107096024,0.0550532236751066
8958,0.0375320141086268,-0.0026707142947031,0.0236612498843706,0.0150436174157868,0.017038433458509,0.0903465217216266,0.0555868241019001,0.0373334036872509,0.0586565722492034,0.047921315942076,0.0782866364812402,0.0786527580914253,0.0829208878438932,0.094661953073328,0.0493141158776857,0.0271681328646597,0.0756967141266877,0.0351261414504043,0.0055569125530377,0.0841615820802239,0.0275774556677132,0.0484797067462451,0.0401479785380843,0.0681389464324795,0.0718433279183109,0.0274593215717376,0.0226383834447183,0.0812710211152889,0.0443806988603269,0.0625962871156598,0.0496666530072177,0.072413112079043,0.0403574507341764,0.0917419222333747,0.0523710151453269,0.0521836667073373,0.0228688703966477,0.0285051984852789,0.0390621224251028,0.0437519171063853,0.0307153949403226,0.089622176508315,0.1033425180492438,0.0975065723027923,0.0792856037554491,0.103869435168819,0.0274967049102017,0.00857578451376,0.0268544561569247,0.0425526632412983,0.0577488078171412,0.1074943488881372,0.0275115680419982,0.0509562420424595,0.0689681641668215,0.0609151755193547,0.0398476535918278,0.0265294943735865,0.0895141108430049,0.0250086377700697,0.0370999691199868,0.0697143027921436,0.0840642448474547,0.0357372371288009,0.0377208082751042,0.0946619723278848,0.0652712519036789,0.0419886973046352,0.0297127268821555,0.1035583889743046,0.0917932185295263,0.0189499549730391,0.0863726228627157,0.0696698836015671,0.0996654561479241,1.0,0.0583861032712823,0.1475782265360825,0.1466272990213196,0.0623059689864904,0.0772521584413481,0.0841084856089661,0.1609215175574282,0.025562302533142,0.0466331475941619,0.0164661386248735,0.0189075638052651,0.1344455715833619,0.0832658074988561,0.0326568281236525,0.0254589991137283,0.0573664062878009,0.0419499080566325,0.0860885637426459,0.113442800411015,0.0754908070825926,0.08453617621223,0.0621221008563779,0.0810874568953947,0.0107554578751931,0.0955625056119953,0.046125949395262,0.0700265411255856,0.0911624225562974,0.0486652763025463,0.078597028600217,0.0947508845765368,0.086844430095279,0.0968920201750896,0.0371656072303497,0.0504967707538497,0.0833859471374279,0.0585540237334569,0.0535653118097091,0.1274120678670785,0.0576594654582316,0.0705727217297507,0.0620868616343013,0.0736565278505105,0.125041172285613,0.0893908528786613,0.0159662034729382,0.0406473414046653,0.0399119607716714,0.0660730794213978,0.0911158659690641
8959,-0.0007417624653885,0.0008924704075302,0.0291999814807685,-0.0011437477738909,-0.0046806266948217,0.0175094705261742,0.012356617376414,0.0358523806587947,0.0245458379343949,0.0272619941348002,0.0407324219603628,0.0292271804051307,0.0195302867044543,0.0154067939547727,0.0084968252321823,-0.0011495035567577,0.0153654949922476,-0.000567080148051,-0.0023998676414478,0.0115484993990229,0.0032494407441307,0.0040716492544829,0.0108499507979014,0.0188473860416756,0.0207221352925997,0.0095713445266722,0.0097918065062652,0.0186277094568233,-0.0017426433648938,0.0140738621922011,0.0123230363677429,0.027631964978112,0.0049823827679726,0.0022844699742005,-0.0012021790205641,0.0444488591625966,0.0055849132845005,0.0038474225312738,-0.0012673497259987,0.0008568049095481,0.0073945309660525,0.0153349842134752,0.0602692804455758,0.0251035544000162,0.0135353349795862,0.013928844629185,0.0182933915712364,-0.0049696857331262,-0.004391609247675,0.0523054920177423,0.0256966560696101,0.0243534451897387,0.0070495178269192,0.0308293584015483,0.0068888799972756,0.0174288854274051,-0.0023473493129684,0.0424196062394128,-0.0017288768141563,0.082251966474862,0.0585027761523599,0.0110893821397778,0.0753073851323639,0.054520436344661,0.0309249310404298,0.0565663505504884,0.0968058663288698,0.0144816624958826,0.0310525084956437,0.0875365070404271,0.0429802641851378,-0.0098768353316189,0.0284026941815034,0.0876138947128901,0.0908481178423427,0.0583861032712823,1.0,0.0979214385926523,0.0417074414511273,0.0711840344718978,0.0483998148066773,0.0078927690588687,0.070878315075043,0.0442496173248688,0.0531906865193067,-0.0071631556736029,0.0521367783515914,0.0666380132744926,0.0246872674222529,0.1006338578775674,0.0233096428030307,0.0141696661535402,0.0676536444970876,0.0410046803115155,0.0119264730771547,0.015607154838258,0.0413013305886124,0.0353581698348719,0.0240382512284841,0.0144560789931168,0.0557423278780718,0.0138368122665422,0.0160361343215131,0.0545735119642581,0.0392681293205178,0.0134340016180105,0.0438278453515097,0.0368455787920234,0.043661910278698,0.0282686638189379,0.0057402009823839,0.0168625720835577,0.0092808251488825,-0.0015355612917045,0.0610224968034064,0.0739883363466886,0.0165966564829016,-0.0006162526271028,0.0195523131841171,0.0574931879240309,0.0187895465575792,0.0183181796626902,0.0321226086650718,0.0005486994144786,0.0246809526409763,0.0238181703954633
8960,0.0256874553561009,0.0178966102601137,0.0210555136841387,0.0113997361117231,0.0217803919845233,0.0862934185193278,0.0523455515699697,0.0424494347754435,0.0325407870280962,0.0585501600755915,0.0843323061165328,0.0407436865974895,0.0921695718536676,0.0945171824442313,0.0373582173177907,0.0367699236929081,0.0533170088706617,0.0335746238607221,0.017931978649095,0.0574386235388576,0.035490690829337,0.0362452551258747,0.0554386913147881,0.1149313235006636,0.0749200598890382,0.045501583148086,0.0216323109485033,0.0866095965162942,0.023081498637817,0.0622242906802427,0.0566957181848312,0.0725228244960128,0.0407284636959115,0.0415298209239931,0.0398618412300116,0.0650081071157403,0.0533651709785835,0.022097698008763,0.0402860511492979,0.0485933986369161,0.0478604716579649,0.0822739660155618,0.0918777260254593,0.071221930883477,0.0602870156317763,0.0689887644993268,0.0645264756949633,0.0179824265689435,0.0152261494163581,0.0434494707326963,0.0659029682350021,0.1075546483458676,0.0427143327959129,0.0221604263629122,0.0362149341952185,0.0466355843317767,0.0245630385367953,0.0325307821265042,0.0779135644380894,0.0739734794928772,0.0429047588660739,0.0704706629111661,0.0993409211545535,0.0248318265047169,0.0265753611419394,0.0725876198797977,0.0746396798660825,0.0409027026001065,0.0265657297228559,0.1227891930978577,0.0994779242646559,0.0144159243259744,0.0724485432077882,0.0531802806569318,0.1562710903044243,0.1475782265360825,0.0979214385926523,1.0,0.1214882783079363,0.078514159332479,0.0801970059638202,0.0461226123034167,0.1452384462862936,0.0547474843143923,0.0648539358544113,0.003415855696566,0.0638026097414043,0.1735138158532042,0.0353114463674042,0.0260023808272377,0.0422973473099191,0.0730211568698133,0.0601078369062815,0.0857695949563275,0.0694873008408689,0.06036892989458,0.0730391212511595,0.0590876656299415,0.0843677546375419,0.0493044201849789,0.0804958418456744,0.0401710165607493,0.047702619702835,0.0998993292281276,0.0447940117204925,0.056469069796432,0.0843733188924969,0.0709457755294481,0.0829184427216472,0.0586516046836311,0.0597383268743379,0.0711370766732488,0.1000212335442721,0.0492972629604064,0.12110777923403,0.1138070467242408,0.0492465880915121,0.0367574590328717,0.0727047593904543,0.1077225337372967,0.0891165864139713,0.0298157757772131,0.0930772871594345,0.0326977026532745,0.0526966164955219,0.0530501394420471
8962,0.0252171527599,0.0128637361076693,0.0107337775303322,0.0212820897247482,0.0325957655172619,0.0645058090931562,0.0461931350053568,0.0464114451378645,0.0348962237122309,0.0532158747422812,0.0595087984633292,0.0627681014954412,0.0878468069464298,0.0795599447468525,0.0450184134203926,0.0278599806696749,0.0465355444510059,0.0271112970235007,0.0285562920171806,0.063896807403029,0.0300813747583524,0.0489719091847808,0.0395505903627251,0.0581200622753412,0.0661206799151179,0.0324440647076597,0.020643180079079,0.080628364685524,0.0327407547705005,0.0583244058016563,0.0419180211980528,0.0573903690819105,0.0270508352379532,0.0510232329586135,0.0406478052764636,0.0276889644203606,0.0376774060031099,0.0264321484157641,0.0166783460140234,0.0374753998747648,0.0348194195923903,0.0763368110144866,0.0857415248603323,0.0893496484651464,0.0494805701619691,0.066648583501484,0.039889097952705,0.0047762542789863,0.0345055903457461,0.0440165772485704,0.0543230718096118,0.0933277194972823,0.0209910791299365,0.0530747779803043,0.0498843652614451,0.0707920918032515,0.0455429442579795,0.0235264148530799,0.0623091756224196,0.0476102558268978,0.0497959179851643,0.0635150690371522,0.0957742826109367,0.0475866144386876,0.0228214780777936,0.1059772143165534,0.0724896405177455,0.0351823751053752,0.0249056062338464,0.1210225628847687,0.1060589866555397,0.0147085235205076,0.0709649802866509,0.0587681674104548,0.104455276682695,0.1466272990213197,0.0417074414511273,0.1214882783079363,1.0,0.043703380100785,0.0737679678180446,0.0609452956030759,0.0938699029573107,0.0330172182086468,0.0555124921317847,0.0201782277985567,0.0563858361432751,0.0928391747855885,0.0443705006894922,0.0353276748964026,0.0490581311270502,0.058953806330139,0.0516017229148971,0.069385937852932,0.0557640745467042,0.0686234647724351,0.0741233398718597,0.0493333451480654,0.0751478717848646,0.055898320452055,0.0933194269613569,0.0478629549744437,0.0544697634207801,0.0913265206815776,0.072606149903547,0.0668524773667006,0.0843240991586642,0.084263761732614,0.0792644044826186,0.0419277694406244,0.0350254337524884,0.0800014803765847,0.067578757161129,0.0513557064835347,0.1071137082610962,0.0652568836248344,0.066922850312992,0.0488766231966921,0.0982126232198289,0.1145566951946446,0.0935991788276036,0.0448258386528485,0.0345783544666685,0.0364351391190027,0.0624570957206843,0.0673445056301676
8963,0.013866301647987,-0.0063254787025915,0.0111153588498018,0.0254469890629845,0.0108748138358348,0.0244459142580109,0.0420436655484868,0.0173932327130892,0.0643433699470075,0.0121956233582058,0.0369085055263053,0.0316251671087193,0.039352537116195,0.0510613802548102,0.0316639385684339,0.0287151118547704,0.0247183442770947,0.0195194827204652,0.001135108608368,0.0442844928800098,0.0449831504422306,0.0442567286316634,0.0144081950715156,0.0186164852746447,0.0263733591497561,0.0495177803175207,0.0143269729372957,0.024809719729498,0.023166537205427,0.0355824004254651,0.0098345149959163,0.0416732206428348,0.0336760677357934,0.009999678993569,0.0167775514880434,0.0182798084277554,0.0180048401839242,0.0052908934699577,0.0098080189114467,0.0616547124047698,0.008792641687009,0.0511156447924259,0.0635675158940622,0.0307536115496488,0.0770827896124799,0.0286511899094901,0.009837499077417,-0.0039088410636182,0.0187153887934534,0.0511551701563131,0.0390010163326256,0.0482470753608869,0.0542128867990372,0.0123656316011755,0.0369132915643101,0.0457232817619466,0.0036769644858523,0.0133838697443591,0.0166719288567778,0.0109012331584351,0.012300117110406,0.0125515377080011,0.0546051665871541,0.0056572836020103,0.0282262669091809,0.0325155382036637,0.0249318831524354,0.0083742769858206,0.0337263885694408,0.0439390663661512,0.0640615424238132,0.001184627906129,0.0320535612343953,0.0251804184987628,0.0276509218724454,0.0623059689864904,0.0711840344718978,0.078514159332479,0.043703380100785,0.9999999999999998,0.0585704742602438,0.045469113314557,0.1020280045555389,0.025104302726867,0.0349303208347306,0.0210214627250226,0.0119703920243117,0.009122574216618,0.0074521402799715,0.0150820108000665,0.0213673703137229,0.0263689682632265,0.0258649304284937,0.0404550037980381,0.0072011176595398,0.0378729463065899,0.0656860866746655,0.0230228933135254,0.0354281585335397,-0.0010928854809356,0.0364673213670843,0.0433800379701682,0.047193861433024,0.0624374126750915,0.0171606956790291,0.0514282677794782,0.072863664074404,0.0365911493715868,0.0298555378051631,0.0119553303450587,-0.0016713083631268,0.0574797440598398,0.0336738920547744,0.0326207834165313,0.0513314251344891,0.0315191265302173,0.0396398583637618,0.0547126714124907,0.0619352484637496,0.0891747648074061,0.0446641862877154,-0.0005537134240728,0.0377286406054494,0.0377442171706165,0.0120371992003211,0.0310502458865333
8964,0.0154801386433423,-0.0017321436491889,-0.0032263395660497,0.016718968851944,0.0135115277275339,0.0791147302059265,0.0280317094865131,0.0231919056195981,0.02885604307886,0.0251370862748101,0.0512070213657448,0.0312850680588464,0.0695632665248955,0.0628352731762419,0.0383294881909068,0.0307607244069792,0.0272663748001769,0.0212789615656314,-0.003480988356807,0.0258890681631498,0.0073672019291753,0.0154748872829918,0.0672278924906616,0.03698607553648,0.0369253253656598,0.013573871935386,0.0114744229913136,0.0328204588440499,0.0075495936305403,0.036257560557671,0.0315861197769145,0.03000966273424,0.0401476739065582,0.0194903916790616,0.0140108087309578,0.031649376512696,0.013056167554839,0.0615917767224392,0.006334719851546,0.137111435958109,0.0077004808304242,0.0610414321267068,0.0582646696425209,0.0912879238509412,0.0597958677220475,0.0280251720532048,0.0103889323158505,0.0029603032440644,0.0144019307879801,0.0745914055490662,0.097274324281896,0.0668350761249825,0.0413406187447283,0.0420606080674254,0.0403467614860814,0.0427261706063258,0.0573137908934879,0.0499446533128054,0.0170967292143615,0.0061063023824214,0.0522114588205737,0.0297338730977917,0.070629239566803,-0.0034380525448132,0.0400183449955933,0.058559291534493,0.0576843012845461,0.0226741231372941,0.0556101665354031,0.0816690730329999,0.0907389249265442,0.0418459712984889,0.0319673092589016,0.0203048996155234,0.0628270051266571,0.0772521584413481,0.0483998148066773,0.0801970059638202,0.0737679678180446,0.0585704742602438,1.0,0.019579177982298,0.0565611021728963,0.0191115484316808,0.0277116020423293,0.0259582811481157,0.0063439757420434,0.0392158827885015,0.0307250692109147,0.0196172853137762,-0.0010683025202839,0.0203402757023215,0.0189427579157487,0.0132110648421766,0.0200164999490843,0.0385255625333021,0.0372639331714912,0.0349916007479701,0.0498041518767757,-0.0058692591326541,0.040786669002439,0.0235230418888046,0.0524512188358574,0.0433284263065116,0.0170062926312311,0.0348310395273092,0.0566604654606614,0.0445610777281118,0.0739793023025481,0.0335924759477936,0.0228331673628365,0.0440461480618057,0.0177573964357569,0.0125074220994756,0.0771445364784334,0.0409652749967008,0.0406947570149267,0.0079723563740687,0.0578767840984348,0.0814353470113924,0.0287692450155493,0.0101097409917484,0.0256624422135106,0.0218789180716598,0.0585552573466724,0.0338742743060641
9001,0.0238767432441774,-0.0076697535503531,0.0233238590489122,0.000718372194571,0.0091663423070639,0.0508166958483381,0.0604471382009537,0.0447520098729749,0.0318581916884427,0.0234062482636483,0.0292952680263601,0.0449052915527367,0.0423496400831603,0.047284777243747,0.0302395061629297,0.0388400239450789,0.0431710152180758,0.031729109612618,0.0053630556201333,0.0493202791050351,0.0234699985689875,0.0508873386917695,0.0165197702574822,0.0252006566229468,0.0285965507036786,0.029889761364319,0.0008245383367894,0.0398327905011648,0.0279804013275145,0.0400987422475108,0.0085950520022548,0.0435217600408457,0.0300906658194819,0.0250482136385342,0.0550512700047929,0.0309493433216033,0.0288136272964924,0.0140550442889701,0.0199806603650287,0.0260553877164798,0.0319928463117213,0.0432495603577842,0.0572429351639458,0.0560281105024476,0.0289258664356604,0.0359148754347552,0.014349375572283,0.0129293183515795,0.1221157234248094,0.0234092602262138,0.0271237179586099,0.0335011085672577,0.0239620963408246,0.0259535477726319,0.0494291897930636,0.0350681110172588,0.0261796711848949,0.0141673607145997,0.0009521615139272,-0.0042278986573837,0.0281575652915418,0.0318807018070168,0.0469875280161604,-0.0013423336479367,0.1474830846601086,0.0148783139242774,0.0232385529740124,0.0079217067865068,0.0222100726423027,0.0650189316945722,0.0908046317829421,0.0422881530027368,0.0382159096901029,0.0172552128247328,0.0268203733605326,0.0841084856089661,0.0078927690588687,0.0461226123034167,0.0609452956030759,0.045469113314557,0.019579177982298,1.0,0.0463891280723193,-0.0007358089101421,0.0408656212567717,0.0811117468986808,0.0003492199125836,0.0020668216668647,0.0564760784036804,0.0353838332311259,0.0227408701201607,0.0546754813289404,0.0643619481141513,0.0621302447032154,0.0448455660146159,0.09619833119502,0.0921131970519015,0.0440874636648285,0.0552311392646395,-0.0018926031252533,0.0477571181503914,0.0764038774320166,0.0725083489342299,0.0706409365548741,0.0192541168417424,0.064486700596151,0.0750379218671386,0.0874064311303859,0.0914728191590426,0.01807657281363,0.032379536280836,0.0895335506716314,0.0246305953196619,0.0797551502875544,0.0606754245822879,0.0177291682023252,0.1023153120966297,0.139376987219907,0.0927423039299156,0.0875777954831694,0.0705801098973037,-0.0006898558058873,0.034066461853628,0.0488229098644274,0.0382837688509841,0.0762339360151733
9002,0.010041800809115,-0.0040450353974443,0.0071770660189542,0.0095668760604707,0.0109052524546921,0.0644647665034937,0.0453964144092152,0.0335972176359009,0.0433177184814547,0.0407025744105701,0.0792552926016225,0.0382441859043329,0.0777790303658058,0.072643893522035,0.0408641506232244,0.0126161008283281,0.0679881276126243,0.03648961171157,-0.0070377095123315,0.0555417734435225,0.0459036209727297,0.0280047488933871,0.0492960277808403,0.0415756470404315,0.0386785535291589,0.0382298148501787,0.0501943081136221,0.0646574883387028,0.036808040868217,0.064561573459611,0.0255845138503494,0.0845231133489163,0.0462452588244701,0.0570752560106814,0.0454284887270133,0.0143531916239548,0.0699341600076719,0.0237276715597422,0.034766614959521,0.0729358642898937,0.0485378980998451,0.0662656394210946,0.098965793223496,0.0730580870562135,0.0577623514842467,0.0622417491859894,0.0262129887679482,-0.0011165278246122,0.0180121595086239,0.0339075540765598,0.0806866417313778,0.0858062099508508,0.0401698508650123,0.040007184378351,0.0762254144603108,0.0450657263176395,0.0226515383206484,0.0487720069763191,0.1112428017180838,0.0040511057183953,0.0236652390451337,0.034929369286598,0.0759446648549565,0.0368655528796183,0.0300269641763139,0.1130623598428172,0.0449423178934274,0.0439573480613314,0.0345234057231577,0.0905698066088007,0.0983687767018327,0.0017969292619847,0.0740087440976235,0.0401906638071193,0.1158512398809091,0.1609215175574282,0.070878315075043,0.1452384462862936,0.0938699029573107,0.1020280045555389,0.0565611021728963,0.0463891280723192,0.9999999999999998,0.0886820059726085,0.0468109205474976,0.0110678968210691,-0.0013641954839645,0.0925713136890339,0.0246440545337808,0.0450028946332405,0.0319289237834247,0.102174683868556,0.0598749662903432,0.0745043949033412,0.056572202085154,0.0477852111725305,0.0590488135167819,0.0517066821027244,0.074398350414441,0.0009912695270649,0.0586172288949735,0.0319792357048443,0.0446124266361014,0.0819359887854465,0.0296205817838362,0.0674617785838896,0.0687307331572413,0.0545303787903181,0.0628742615602166,0.071779134852864,0.0068181265041249,0.0756087821674723,0.0331036857817296,0.0301358136902561,0.0784812101702791,0.0833715548841018,0.0616572965062338,0.0426857171400564,0.065208593202988,0.0733350278583647,0.0536180150123097,0.0133702142970789,0.0649806536389997,0.0209360884809206,0.0663749555514749,0.0541003446338761
9004,0.0053613897368438,0.0029430629663792,0.0143307906506572,-0.0081111377924649,-0.0006483870492749,0.0088149760847226,0.0028165627031327,0.008823812175489,-0.0008536124574276,0.0211698079346469,0.0381459948204103,5.221475196051255e-05,0.026106326245041,0.0263435389250323,0.0032866956504629,-0.006142698166616,0.0015010174339803,0.0021392829531832,0.0094177299556694,0.0170253205454319,0.0140911996071243,0.0033108509165219,0.0252519870387668,0.0152639552870372,0.0040338788665676,0.0085906765076951,0.0689171467401602,0.0110872742918026,-0.0022082656409049,0.0367171948460328,0.0030563807075473,0.0400330433082711,0.0039848939977692,0.0080086364938256,-0.0015455524156427,0.0060101244729739,0.0084359323665502,0.0072713221454519,-0.0014911286959599,0.0139336328737883,0.0424871286757364,0.0135907996506443,0.0230710257511273,0.0181739001832197,0.0165707427669354,0.0109369059084331,0.0141341866419587,-0.0029938321131682,-0.0048063303414328,0.0137674113450052,0.0538458523186434,0.0193537729044306,0.0231639338200834,0.0012435751881048,0.0046508220377184,-0.0031901403893868,-0.0043259239917785,0.0111274447172326,0.0229116478075128,0.0298142124027007,0.0298504261802676,0.0075781086047291,0.0406619343403744,0.0448061365215911,-0.0053165023430749,0.1025749033057769,0.0363507884354093,0.037988075695108,0.0095034474235926,0.0509207820780807,0.0332675715276877,-0.005832858016807,0.0057907475538934,0.0211604613870433,0.0552555194636097,0.025562302533142,0.0442496173248688,0.0547474843143923,0.0330172182086469,0.025104302726867,0.0191115484316808,-0.0007358089101421,0.0886820059726085,1.0,0.0013098270702779,-0.011842210593619,0.0156774506564166,0.0349570222622611,-0.0023866040279499,-0.0018451830005174,0.0317942300779063,0.0106509331758432,0.0148733240331423,0.0264472602995813,0.0072021307704317,0.0083596837957166,0.0176466486370017,0.0018359290483239,0.0352942250413479,0.0693617175736055,0.0545418204110467,-0.0060995440182043,-0.0071467675129884,0.0527283033190595,0.0898729971720068,0.0156644459313173,0.0230786556882211,0.0171219533208763,0.0292059454855506,0.0408497436589044,0.0176402603808683,0.0277809776081907,0.0171533349760526,0.0025367934765087,0.0254557598350293,0.0920794178651513,0.0153112565660323,-0.0046609259788358,0.0177333021721157,0.0150917722139895,0.0457930514087529,0.0891834768286445,0.0306298181995808,0.0027716662101442,0.0149462388086448,0.0009074201058243
9155,0.0201269789622334,0.0013616460136823,0.0205271786910007,0.018722420824521,0.0158018265756256,0.0547213234918053,0.0253265735522021,0.0394570544787138,0.0258058989879797,0.0362452306656209,0.0339376675195831,0.0344275044789014,0.0572226923038827,0.0482121776999099,0.0148459721032978,0.0167196940171034,0.0453532840220866,0.0382225966154907,0.0063251265452836,0.0324200665437759,0.0105422926664353,0.02682840070077,0.0187030935177552,0.0319171132431443,0.0820191636283848,0.0097111104667687,0.0114239158013639,0.052328799041318,0.0327146737621531,0.0404596954993007,0.1210811862318877,0.0400244502437091,0.0123825628638293,0.0140542075259575,0.0352245163781958,0.0546522231963855,0.0750503782599703,0.0172776670766986,0.0308908132635252,0.0212528066195729,0.0534952315549859,0.0353795006530063,0.0482786091695363,0.0569568186926244,0.0177173520319828,0.0563943384682785,0.0229409719359028,0.0057598724006728,0.0626340363245066,0.0708495796599527,0.0303487240987468,0.0323858908251058,0.0299773315719179,0.0726518760085657,0.032593393263021,0.0361923207796096,0.0757144719697007,0.0789768419929924,0.0207726344995192,0.0091391579560289,0.0260366774130481,0.0377152815620769,0.0758273760543636,0.0176735851821038,0.0924112931275261,0.0350599028766897,0.0646089598384048,0.0576955665119213,0.0252748667789879,0.1308548785249808,0.0967036998977138,0.0008036059497528,0.0768320755247009,0.0203354489494289,0.0647756347824245,0.0466331475941619,0.0531906865193067,0.0648539358544113,0.0555124921317847,0.0349303208347306,0.0277116020423293,0.0408656212567717,0.0468109205474976,0.0013098270702779,0.9999999999999998,0.0353443663363853,0.0136773006285736,0.0133560044369225,0.1366815169720719,0.0977991274508371,0.0416488257756589,0.1538138584587948,0.0503137028746758,0.0772608940486386,0.0711793447118031,0.0835732129539516,0.0488749370600764,0.0327189174407465,0.0556784335275869,0.0248974447006738,0.0301404823625483,0.0390632629166283,0.0711284563101906,0.0448131727778861,0.0382046576065351,0.0432364442527836,0.0558316629226034,0.0425409060162949,0.0365732481756691,0.0298006008350896,0.0384394269298734,0.0817162485939045,0.0211376203540198,0.0145693499780945,0.0618536688473012,0.0031877817560071,0.0251110087104016,0.0108088758181267,0.0897646010705904,0.0499028397523617,0.0412867943517111,-0.0086594029818124,0.0189155647852384,0.0248142996723816,0.0607400810491587,0.0502638197452092
9330,0.0266888304792127,-0.0026224393702394,0.0098035624895221,-0.0014976354176937,0.01328445989767,0.0309788247722913,0.0504051505572866,0.0184127034959639,0.0152713292890093,0.0222403223491743,0.0214253605669014,0.0486423812307131,0.0305260663688876,0.0609953541293316,0.0209549628298653,0.0513441593838814,0.0329859118525711,0.0338530390848352,0.0039814196163953,0.0242619119518169,0.0199187193022173,0.0502847300474795,0.0022469011591462,0.0171034894123462,0.0163475393587195,0.0224788338811554,0.0045804181685369,0.0454118352176936,0.012440911228067,0.0308184705899893,0.0207856483520242,0.0253373683832711,0.0125199573062296,-0.0002440727831662,0.0571847429105957,0.0176338211493306,0.0502136326420639,0.0087631070796235,0.0241113900239311,0.0247050557817057,0.0224908688022077,0.0276809455713645,0.0562210117625515,0.0513374394498906,0.0043315393426955,0.0222219083709298,0.0089582893105473,0.0137507540460748,0.1925517201827927,0.0390473937957629,0.0306835262994693,0.0284085968240478,0.0182128545259276,0.0402205410748509,0.0352232071049856,0.0202667565169817,0.0600244028393181,0.0315784618772695,0.0276451770759682,-0.0150257092398199,0.0113170165492806,0.0152145158363493,0.0202243882157848,-0.0138910939380851,0.1186424005820062,0.0256508039981925,0.0449824745213742,0.0049388894491714,0.2150342245601811,0.0753039013134657,0.0536864261915894,0.0245593563398367,0.0571266119734441,-0.0057677849919151,0.0133194252466103,0.0164661386248735,-0.0071631556736029,0.003415855696566,0.0201782277985567,0.0210214627250226,0.0259582811481157,0.0811117468986808,0.0110678968210691,-0.011842210593619,0.0353443663363853,1.0,-0.0151463066074912,-0.0129782758567696,0.0463327260857036,0.0952065312722069,0.0035732484682572,0.018213769378,0.0942964055807926,0.0179494742228356,0.0253480876981377,0.0480923863774814,0.0326242201459673,0.0401661113752088,0.0357092961668749,-0.0032933408004659,0.0157908975376174,0.0629538688303506,0.0530549743497839,0.0186284518995747,0.0444254105837849,0.0407268002376331,0.0430844029009861,0.0476230566696675,0.0479616970065025,0.0430782716720902,0.0222936724074269,0.0863328371669687,0.0268360755312321,0.0832831297138296,0.0289481143451034,0.0071999717507327,0.0407536972192231,0.0717637183916917,0.0864640301197619,0.0570237628945609,0.0482651478300192,0.0027656859679685,0.0052423874772511,0.0502726087727523,0.0768408212714794,0.054809157382343
9337,0.0221642572548414,-0.0016554890991226,0.0087636291510759,-0.0019298038436839,-0.003935717218641,0.0057369576139167,0.023825728324844,0.0247590560862279,-0.0053092457423117,0.0302041689934214,0.0243179420890915,0.0399469432360285,0.0197389429021949,0.017141055668683,0.0099356970931433,0.0007673893311893,0.007712259320481,-0.0021212443079189,0.0137378859603357,0.0427045678248515,0.0163262052646967,0.0061571128160594,0.0099747386007471,0.0326392598679558,0.0107978675255943,0.0137407022542517,0.0057754619035166,0.0155460883219436,-0.0045360729450026,0.0297623522872746,0.0371984666169442,0.0316230675417477,0.0170826596624339,0.0126348164938156,0.010937854743716,0.0083491370831943,0.0067931228738506,0.0155197090390219,-0.0022313282465495,0.0110221487729679,0.0029965475868609,0.0121694828885163,0.0199492464420146,0.0195297835333597,0.0100690392413127,0.0410743627284774,0.0375544307468298,0.0259270987398812,-0.0032002710954298,-0.0002670787134497,-0.0004793838089977,0.0234019463978587,0.0115955927590068,0.0020525278732117,-0.0015940497343412,0.0011916324060396,-0.0051675175903166,0.0064973696777296,0.0057175247661591,0.3190102929072024,0.0139141013020824,0.0060325501620858,0.0382156769290766,0.0395710732833676,-0.012768979491819,0.0238388240224542,0.0343846011510649,0.0164872602488744,0.0004504911685911,0.0594030731730771,0.0474844544637145,-0.0044436399246828,-0.0034737704415625,0.0639074642599896,0.0525358570780736,0.0189075638052651,0.0521367783515914,0.0638026097414043,0.0563858361432751,0.0119703920243117,0.0063439757420434,0.0003492199125836,-0.0013641954839645,0.0156774506564166,0.0136773006285736,-0.0151463066074912,0.9999999999999998,0.0778066447996403,0.0305442825323064,-0.0047555953873146,0.00499930636423,-0.0093423333675246,-0.0025322618833333,0.0069683748521208,0.0095733919747182,0.0185843920788306,0.0327499359598937,0.0059946518558236,0.0282018467334195,0.013411626176285,0.0372029264013029,0.015170922491968,0.0113936923828119,0.0390764271455289,0.0289040620857166,0.0309888646343894,0.0200286239959518,0.0123030085904724,0.0270083100870993,0.0108654742825625,0.0191327862207484,0.0124396055141407,0.0495502782416214,0.0063343546959658,0.0321769440982308,0.046138270749447,0.0102807256342854,0.0140357332379649,0.0123754969132867,0.0499146082207743,0.0260479373272389,0.0429210534180711,0.0321354400933894,0.0200079747792655,0.0040859133161952,0.0228879003586452
9390,0.0097781939553728,0.0053567082799566,0.0135091107680167,0.0163117523095041,0.0103175935884337,0.0378249482290797,0.0183391044678209,0.0348978668051002,0.0039492328189207,0.0667522721300271,0.0501134164484635,0.0301083521757991,0.0519179011120045,0.0465530799701298,0.0195799064714498,0.0192680813524554,0.0163220167931987,0.020416505257036,0.0118129563919245,0.0208000263342361,0.0199968468501308,0.0089024552282896,0.0245309958245106,0.0744594168761631,0.0317121255104963,0.0250598351731476,0.006396984977918,0.0498356265368904,0.0198419767852024,0.0441862075274177,0.0412617036913424,0.0211861789990618,0.0247171779181142,0.0446357933794617,0.0290353705976413,0.0396022786857092,0.0167294709879065,0.0258719694031032,0.0255777036263563,0.0069379684846525,0.01767380267819,0.0421565401147172,0.0604995389913392,0.0554224550936575,0.0197838221166186,0.0612674506988767,0.0346524951512053,-0.001143779552855,0.0011193397763395,-0.0025952423593519,0.0074511554027157,0.0615632298389374,0.0051455240933685,0.0052415841897666,0.0404522237015293,0.0262765434363014,-0.00319618121356,0.0154295588084084,0.0358310079543556,0.0419116754266171,0.092454337463058,0.0242156283317064,0.0675347570201089,0.0509544101727116,-0.0003360308984756,0.069240034760353,0.0649189403283652,0.0303463833196767,0.0011651286889307,0.0755226488199275,0.048130667002496,-0.0083336914057647,0.0561492057909764,0.0337618286652237,0.23432564098041,0.1344455715833618,0.0666380132744926,0.1735138158532042,0.0928391747855885,0.009122574216618,0.0392158827885015,0.0020668216668647,0.0925713136890339,0.0349570222622611,0.0133560044369225,-0.0129782758567696,0.0778066447996403,1.0,0.0072590509241977,0.0190267781490817,0.0354760766592918,0.0601839137414641,0.0024333263481057,0.0956126830266104,0.113903780621764,0.0276777935262834,0.0519496487132159,0.0333976374265528,0.0437860082614886,0.0309101890971701,0.0678327754398596,0.0198775927669076,0.0189306417373695,0.0685889430986978,0.0535367921487507,0.0199150563791551,0.060040170632346,0.0464050214728051,0.0571089557362578,0.0319863277271148,0.0144870899053977,0.0175760822109856,0.0612732642370573,0.0214551358413684,0.0972585224016716,0.0915635433677956,0.0156995563804534,0.0093560372414099,0.0236529262323716,0.0729764729043521,0.0462793187202055,0.0206978056406124,0.078675688055883,0.0012515148589909,0.0370708151803529,0.0413983874081157
9401,0.0052266320361373,-0.0056983005944406,0.013563797799336,0.0005298164421615,0.015531679871472,0.0373770244140595,0.0180669553736814,0.0139367003480437,0.0121575567141772,0.0246084853054572,0.0263744945549136,0.0259666635498697,0.0436392325416511,0.0585888201072097,0.0334959083210259,0.0370449251569515,0.0226544120142237,0.0394998058752,-0.0002328711876661,0.0497216571697102,0.0167589630244519,0.036229908879492,0.0159362919813768,0.0195377198456831,0.0302618131760019,0.0144879034914169,0.0037939020246153,0.0382253585335969,0.0121223704617043,0.0194905262528984,0.0356397775611046,0.0202222867676575,0.0132531071758272,0.0064114090420003,0.027302962397416,0.0410321676762821,0.0266411162299859,0.0264525077824888,0.0163685982536724,0.0271753190543425,0.0109314520967103,0.035517200628804,0.0514449849881365,0.0424738496737374,0.0116650707304619,0.0179216394646913,0.0112029592518282,0.0088234014334896,0.0528211492154881,0.0345289196174936,0.0215164230432826,0.0269388066864299,0.008307447871442,0.0393075491342284,0.0114043302533931,0.0210180887486072,0.0407547657779943,0.0177980454564066,0.0068619566739878,0.0465489759129751,0.020536482302535,0.0234537456612071,0.0745104651160159,0.0026553349480593,0.052786250376968,0.0022334578436222,0.0325121995665064,0.0097413784386626,0.0190134748040343,0.0613371491068124,0.038461007875878,0.0067267576266313,0.036346243563906,0.049111353349938,0.0355955521882622,0.0832658074988561,0.0246872674222529,0.0353114463674042,0.0443705006894922,0.0074521402799715,0.0307250692109147,0.0564760784036804,0.0246440545337808,-0.0023866040279499,0.1366815169720719,0.0463327260857036,0.0305442825323064,0.0072590509241977,1.0,0.0267274088296234,0.004126661395204,0.0368275369983256,0.039269111996805,0.0174010422846345,0.0282588697698381,0.0603821023906403,0.0300294242799551,0.0205719463399714,0.0312674755403881,-0.0021900990481582,0.0391673816727192,0.0301493268653794,0.0262800745731513,0.0221419203102211,0.0176211088766116,0.0419219172349165,0.0380914734485871,0.0372827101744102,0.041017474203643,0.0190738817407212,0.0149394510551385,0.0324601537572885,0.0213565435728142,0.0430881702032394,0.0383074314807983,0.0265456529884303,0.0267446216898197,0.0482730626300488,0.0592260537118185,0.0643417699587599,0.0394274983313234,-0.0023585322999262,0.0216827759531625,0.0299489038943134,0.0483764309659505,0.0491120932015796
9427,0.0247219955205093,0.0159945910456634,0.0218309561773432,0.0293238342201199,0.0021929117068301,0.0552233857816641,0.0530520114078333,0.0324015948724548,0.0266301618487862,0.0482005830010586,0.040390459078412,0.0613204158353929,0.0302804643338383,0.0361311372452333,0.0166461366018464,0.0040818210562477,0.0433831219819785,0.0415345447765017,0.0422512003294145,0.0263329345296576,0.0296627298320557,0.0295129559358926,0.013477487426012,0.0156271949058365,0.0374696312527078,0.0049228278252428,0.0045452224702653,0.0347892617497029,0.0131696528536928,0.0513357315530339,0.0360828928757594,0.0304067989779509,0.0112806218164713,0.0161415559440396,0.058443222864028,0.0485055963025639,0.0552877145535309,0.0202393039675478,0.0113388942038325,0.0231842061789434,0.0463253913013394,0.0169426588430789,0.0513291369108604,0.0578464129662527,0.0141636428591754,0.0195700730834872,0.0194844292915427,-0.0008933358035284,0.0962450118195248,0.0251641717076896,0.0291592792393162,0.0211946897570251,0.0272913656837942,0.0738324045096193,0.0101671767980447,0.0217092865554756,0.0469682264872514,0.0677911317816745,0.0060683108995138,0.011027164129013,0.0607767304740078,0.0235615505936631,0.0972868757732875,0.0301618624426217,0.0699807506376448,0.0454460756847377,0.1602315759822851,0.0641512509447873,0.0406591813332138,0.0952325939879216,0.0414151872728226,-0.0016585839046471,0.051405525692384,0.0133741712015576,0.0544131893662989,0.0326568281236525,0.1006338578775674,0.0260023808272377,0.0353276748964026,0.0150820108000665,0.0196172853137762,0.0353838332311259,0.0450028946332405,-0.0018451830005174,0.0977991274508371,0.0952065312722069,-0.0047555953873146,0.0190267781490817,0.0267274088296234,1.0,0.0770646630785939,0.0359322356412254,0.1142015725367509,0.0815215571694633,0.0691771027335058,0.0317330730745697,0.0458023249209768,0.0426548999249883,0.0336468583995908,0.0484361486712284,0.0263533874017749,0.0526933919468915,0.0636651597447471,0.0516692554383609,0.0451171476426778,0.0047452916909331,0.0472047403676576,0.0517232718731296,0.0351626366947238,0.0581787177803497,0.0564038446018814,0.0791332945923715,0.0320015343143188,0.0344828252579634,0.0461395351724179,-9.561955078049354e-05,0.0172120068441007,0.0143412177457414,0.0475153205810119,0.0461287171551971,0.0367631182973066,0.0032072792284062,0.0154207292623452,0.013404797748211,0.0376747703289693,0.051855429280379
9428,0.0169993510495397,-0.0032757878303305,0.0224385163247093,0.0286600741604611,-0.0059551352371013,0.0184125097405199,0.0356478724356858,0.027505154130656,0.0197955536479216,0.0543954880885433,0.0361300553984478,0.0082076686994676,0.0308898572038363,0.0405784920866283,0.010425975726628,0.0027992338177195,0.0249644800384177,0.0131926963065271,0.131524941452042,0.0148113304781218,0.0241276904715617,0.0528925787270258,0.0076562072293665,0.0243162550531023,0.0390098460820584,0.0176417250654441,0.0278944174599299,0.0571665079956368,0.0180542363742545,0.0447161436492133,0.0292561287939164,0.0385515665143189,0.0181722722638613,0.0127416521573894,0.0769038948290598,0.0399746865373225,0.0822407220861671,0.0176882644019649,0.0165222898027085,0.0072351229733926,0.0700641978043214,0.0197513642745114,0.0366803452416129,0.0394805144091735,0.0361114393707198,0.0246482954892073,0.1061710789953726,-0.0089928299371374,0.0377849299917466,0.0207356090203353,0.0041327341085864,0.0383070746152177,0.0320770422650837,0.0275690620323281,0.0053164332298507,-0.00021463576968,0.0023609588970118,0.0347890647866764,0.0284877361533672,0.0236574784074176,0.0468519328691142,0.0375993257092067,0.1291030358373942,0.0487377946616192,0.0166282517475788,0.0438872598273699,0.0614539672163345,0.0287587178254575,0.0212540381674796,0.0673600159017955,0.0476675237894681,0.0002644602523978,0.0550245817240316,0.0201961685647327,0.1080438497421926,0.0254589991137283,0.0233096428030307,0.0422973473099191,0.0490581311270502,0.0213673703137229,-0.0010683025202839,0.0227408701201607,0.0319289237834247,0.0317942300779063,0.0416488257756589,0.0035732484682572,0.00499930636423,0.0354760766592918,0.004126661395204,0.0770646630785939,1.0,0.0153670790106869,0.1002063019994115,0.1250673432909897,0.0451358817785809,0.0231870322424515,0.0674502654845077,0.0330518726381546,0.0509210033156828,0.1786570305162438,0.0478995796265785,0.0343982447947296,0.0223047819593704,0.0507631248939538,0.0846647955197453,0.0070347636665265,0.0384584799034667,0.023904460381179,0.0416917729799437,0.0241710259380907,0.0313882891646034,0.0408529960997553,0.0301748590144945,0.0132046938249801,0.031108536926604,0.0225383447729694,0.0132306943002176,0.0148398274566534,0.0207600879264223,0.0318940053288455,0.0879348616619277,0.0713725451773188,0.0181098699167653,0.0098356917433897,0.008367342852875,0.0202367934241623
9446,0.0253075054738355,-0.0069789663619819,0.0025095765835224,0.0091989719072999,0.0184080064693817,0.0920382000617789,0.0337472637024825,0.0313208152385281,0.0254772386539188,0.0308628815912629,0.0363856430558952,0.028880043874043,0.054775371688568,0.0653586009723065,0.0310349812477875,0.0141163671311874,0.02196582434013,0.0678562770370312,-0.0011209719132884,0.0273656337097266,0.0200756516452517,0.0249511336286536,0.0346885719518975,0.0269205951285766,0.0468799317276477,0.0193522326016808,0.007581656995712,0.0454825115013596,0.0653975222959775,0.0335654573340777,0.0387206194851509,0.0525022643880704,0.0018445322727513,0.0077332098747926,0.0327475860869874,0.0217491425580808,0.0175864835797755,0.0168331178963285,0.0144893108982005,0.0230000146369514,0.0191725202447986,0.0346286125992818,0.085445982880751,0.0494717943547475,0.0224215047942474,0.0426383349440124,0.0132472474610225,-0.0030722456270093,0.044960966146955,0.0213320657552922,0.0332585847285395,0.0487493280706695,0.032670421359625,0.0054674176633802,0.0707442281936323,0.0417894695259611,0.0542953280974131,0.0193746565303739,0.0225224957957706,-0.0091065895539947,0.0177616263552526,0.026202124173759,0.0525684093829369,0.0309019214672985,0.1369994354480463,0.0865037463156653,0.0252687711719302,0.0322904014534273,0.0211788001923213,0.0965016931591005,0.0645189525502514,-0.0013675164285658,0.0875615605518829,0.013677283913452,0.0843228738351582,0.0573664062878009,0.0141696661535402,0.0730211568698133,0.058953806330139,0.0263689682632265,0.0203402757023215,0.0546754813289404,0.102174683868556,0.0106509331758432,0.1538138584587948,0.018213769378,-0.0093423333675246,0.0601839137414641,0.0368275369983256,0.0359322356412254,0.0153670790106869,1.0,0.0337599935018342,0.0704865781074316,0.1031743486217782,0.0634488352973117,0.0614452697050463,0.0356543799378976,0.0401493929620816,0.0067783513680651,0.036990245012646,0.0393744392577197,0.0401525440545631,0.0522279101979038,0.0208288477048724,0.0529248123510125,0.0504525042459533,0.0460271092616661,0.0490247684524563,0.0244472039174619,0.0204872072153984,0.0463686259732394,0.0269802964456156,0.0161766608112273,0.0684956287337761,0.0218889735314384,0.0728779673320972,0.0407882669507326,0.0652978372469171,0.0660669560303515,0.0360959336896564,-0.0094347242455048,0.0193440429601869,0.0084014041749591,0.0539151582221373,0.0444962014420784
9465,0.0060924622010501,0.0112367711991491,0.0215020001011672,0.0178533416972589,-0.0061239663480167,0.0367780952798878,0.0328682564914244,0.0177022266358533,0.024994409057647,0.0282536608254707,0.0400965547776156,0.0239821165173839,0.0230676297839268,0.0612016104788615,0.0156853511964847,0.013303072710396,0.0239358411368347,0.0132316654965231,0.0314724719270878,0.0211741402577513,0.0135223330467644,0.0254468908223077,0.016514701742141,0.0170718850653088,0.0296057666739132,0.0095516134327245,0.0069704199331218,0.0444712998174448,0.0052992918453558,0.0431315331646647,0.0215802312357034,0.0371202397898373,0.0311455206466869,0.0146476313491578,0.0715370078058956,0.0240732025103884,0.0712085852622747,0.008794062870361,0.0069393538067102,0.0248125939495941,0.0542810212197671,0.0305987829647961,0.0432257951958467,0.0455356145049415,0.0183762008921799,0.0155020489761859,0.0657956673579642,-0.0067391476108829,0.1017735649096026,0.0222589290039677,0.0264109757709605,0.0364293931288573,0.0250694585324126,0.0291444081764513,0.0154880729059898,0.0220898033224829,0.0238110942527692,0.0217147090737175,0.0030788339493123,0.0005151291896561,0.0277047335671878,0.0319189672498247,0.1494188829430584,0.0066764248357544,0.0416871766227855,0.0334672645118966,0.0767430514155197,0.0124630859074779,0.0505780623696043,0.1213097838890887,0.0838129445275123,0.0005014263964089,0.0709106269499644,0.0166848631445797,0.05842141272921,0.0419499080566325,0.0676536444970876,0.0601078369062815,0.0516017229148971,0.0258649304284937,0.0189427579157487,0.0643619481141513,0.0598749662903432,0.0148733240331423,0.0503137028746758,0.0942964055807926,-0.0025322618833333,0.0024333263481057,0.039269111996805,0.1142015725367509,0.1002063019994115,0.0337599935018342,1.0,0.1355735129656903,0.0915388015796387,0.0591839719737852,0.0668764467123438,0.02221131673185,0.0488697744477683,0.0671646158055062,0.030170682161908,0.0456810082325941,0.0363664930768445,0.0467541359650729,0.0493872042504764,0.0175874701308996,0.0523964727387295,0.0394458118798603,0.0526575447265232,0.0432620305778752,0.0741018638257071,0.0712081257016239,0.0209069903944672,0.0159596015662923,0.0514579223737081,0.0127817303597784,0.0288775818776931,0.0343992020794634,0.0404264559261461,0.0396193980689245,0.0474701001200458,0.0224323338181138,0.0216078381111016,0.0154454268623431,0.0455692700420164,0.0306991941176602
9553,0.03650158516106,0.0055104749453186,0.0303008931865761,0.031860379387166,0.0210153927900943,0.0592804930458984,0.0436362414113657,0.0373750939007429,0.0481503730702712,0.0558446071204705,0.0630265469681066,0.018541303348032,0.0546935792406938,0.0653049987016889,0.0250563063844492,-0.00217582609334,0.0533077655998214,0.0353173753400137,0.0238711961474148,0.0642103027106468,0.0157436050995807,0.0354417888575333,0.0160691821774129,0.0389077374703894,0.059778481271986,0.0177250650239762,0.0421217515504836,0.0459162216135001,0.0521220568567511,0.0598247542434351,0.0608404374625011,0.0641627541924294,0.0404315433597554,0.0467525958342967,0.0661773627225729,0.0459709352892429,0.0562341211894103,0.0264972540749307,0.0272552805646706,0.0161464839336585,0.0659051705634472,0.0406919715309822,0.0559608078037947,0.0630604563516745,0.0365854053641173,0.0433841524112911,0.0489519262911277,0.000256035669661,0.0397732769496531,0.0401082749426835,0.0224736495295261,0.0453964221565795,0.0342090601929997,0.0417197200322258,0.0199411344873478,0.0114118202571079,0.0218838357706431,0.0452369811129899,0.0361785119805922,0.0245115585989234,0.0283891680293786,0.0377514294561807,0.1518669789935512,0.0606249525781902,0.0429061351063226,0.0522898177683324,0.0771451373568235,0.0522460455618109,0.0122653257776773,0.0982120489115786,0.0819583932734139,-0.0021293983524585,0.1157031710534087,0.031664363468317,0.0858099242858639,0.0860885637426458,0.0410046803115155,0.0857695949563275,0.069385937852932,0.0404550037980381,0.0132110648421766,0.0621302447032154,0.0745043949033412,0.0264472602995814,0.0772608940486386,0.0179494742228356,0.0069683748521208,0.0956126830266105,0.0174010422846345,0.0815215571694633,0.1250673432909897,0.0704865781074316,0.1355735129656903,0.9999999999999998,0.1450637730763327,0.0741081209854768,0.0782422042173176,0.0474158578149135,0.086262753249214,0.0751322226373155,0.052490757572278,0.0733804537230327,0.0483479061935639,0.0694912779616968,0.036945535346985,0.0211531547414267,0.0775070911956444,0.0583642887520365,0.0508228540941958,0.0448387599531642,0.0643928204201966,0.0629787111779904,0.0605191927161347,0.017246907107218,0.0661849051405749,0.0233191863787274,0.0359014963865851,0.012855348116227,0.0423223608701794,0.0509075086114395,0.056081100108706,0.0237651640735036,0.0212723398555995,0.0070846099701369,0.0412885996801248,0.0448100875011952
9651,0.0304854491116746,0.0134010595664069,0.0214317527091489,0.0269097337356856,0.0276478583518854,0.0773306687971172,0.0399931426010545,0.0330085175760126,0.0172575749805963,0.0456220916637911,0.0393678026016411,0.0418015445358796,0.0406000533037874,0.055567218718934,0.0230671853059995,0.0057809593029021,0.0563264971482871,0.0523558888005308,0.0268985378100098,0.042528509435841,0.0238046430348119,0.0488254076306434,0.0207422285815507,0.0289406881884198,0.0849224743761855,0.014514632830962,0.0221522844946515,0.0692548976145753,0.0311467357821373,0.0519793841381556,0.0715358662848326,0.0373438355278956,0.0177244331369981,0.0370069924361891,0.0631019821122202,0.0585885182021726,0.0360228874071146,0.0159289447038154,0.0283110872285201,0.0194117889247916,0.0604064141348759,0.0524380499972126,0.0529567223409061,0.0570161873093134,0.0275601890099882,0.0563098445545409,0.0399849134750079,0.018146562203743,0.0493455196126508,0.0196627757059873,0.0199136322842714,0.0439406693920209,0.0291311929281186,0.0451178288200062,0.0261471666375915,0.0327254214581675,0.0346953845043302,0.0372659095324931,0.0325801535253645,0.0053358264551605,0.0366905889248916,0.0404468001230024,0.0763729145794434,0.0307303960212757,0.0384493718686351,0.033755304649253,0.0517633649576517,0.0366142228849189,0.0184256694889806,0.0762735373604944,0.0569750514749536,0.0048437276968167,0.0597393170012565,0.0263027844771359,0.0795721866805441,0.113442800411015,0.0119264730771547,0.0694873008408689,0.0557640745467042,0.0072011176595398,0.0200164999490843,0.0448455660146159,0.056572202085154,0.0072021307704317,0.0711793447118031,0.0253480876981377,0.0095733919747182,0.113903780621764,0.0282588697698381,0.0691771027335058,0.0451358817785809,0.1031743486217782,0.0915388015796387,0.1450637730763327,0.9999999999999998,0.0687906373692792,0.08137656625038,0.0488269410101497,0.0638534299177382,0.0636202126069025,0.0457503194058439,0.0608511768851558,0.0728030569098854,0.0675414560821195,0.0396828288997442,0.026463113318772,0.0529034569229604,0.0694536782083997,0.0458332884128179,0.0336415978164576,0.0938628842230094,0.0761154828858104,0.0567545511810504,0.0489380473176429,0.0850522516707898,0.0072103864325023,0.0577865636087361,0.0553635964563385,0.0495826562981212,0.0640468863138096,0.0622407806198362,0.0006315104396853,0.0219546312103675,0.0460066005087839,0.053942455713357,0.0629545250620769
11878,0.045998746329047,0.0199040792415277,0.0165230327945896,0.0141937509883833,0.0310084028380577,0.0638980621355753,0.0676659986058968,0.0476355985052318,0.0536961472363484,0.0544740379372254,0.0495073406057278,0.0532266738536003,0.0622172634063295,0.0917824710452088,0.0444869560491927,0.0351899849426153,0.0906094857338389,0.0498632867486393,0.0143292332659267,0.0554701948662076,0.0193161501206288,0.0530930025738955,0.0373486897620311,0.0448885672400323,0.0864986601955585,0.0317566511768461,0.0197334361821158,0.0761344878935221,0.0515480486427605,0.0599401881372172,0.0757599543843249,0.0514187269248951,0.0470775316137266,0.033347736852827,0.0892799370108367,0.035255535406543,0.0446636681637095,0.0321028054263642,0.0404279066651892,0.0467694777404883,0.0445229505884858,0.0799795717872133,0.0919985143920844,0.0978357875047268,0.0290062297809531,0.0560790251720126,0.0323615538537006,0.1173112363208701,0.0542544162950846,0.0615633514648,0.0391830069962799,0.0766769500861755,0.065127684647497,0.0557124737804928,0.0543021207419322,0.0783908991422032,0.0797992901242906,0.0500779002974312,0.0379819671059524,0.0032273514959751,0.0243358024503828,0.0416428912236741,0.0670634960858861,0.0072860639364015,0.0529055654836279,0.0429629719524125,0.0443202687443095,0.0178952232582569,0.0418217194723692,0.0845380597485009,0.0733934864482763,0.0058859355878283,0.0692035668969951,0.0262146503334828,0.0452606159523842,0.0754908070825926,0.015607154838258,0.06036892989458,0.0686234647724351,0.0378729463065899,0.038525562533302,0.09619833119502,0.0477852111725305,0.0083596837957166,0.0835732129539516,0.0480923863774814,0.0185843920788306,0.0276777935262834,0.0603821023906403,0.0317330730745697,0.0231870322424515,0.0634488352973117,0.0591839719737852,0.0741081209854768,0.0687906373692792,1.0,0.0927393546105765,0.0459569946995047,0.1012999326705178,0.0059245489997608,0.0807392773635187,0.1040201735368245,0.1201973865578247,0.0893548433476262,0.0484545799936892,0.0729770116894691,0.0867049626444886,0.1008313126950288,0.0951935505313584,0.0286060864239262,0.0785388110880904,0.0884765873549322,0.0780679069947382,0.0542739670078472,0.0936055562114215,0.0174243398905007,0.0771950818813152,0.0978196200329723,0.1337595754878671,0.1071255593389078,0.0914512237738587,0.0080401716366109,0.0389744659707652,0.0443365354648819,0.0565281105365039,0.0985108112996452
11882,0.0379561859197968,0.0147585691786072,0.0311779262125383,0.009979420692856,0.0194980287505185,0.0420719417869559,0.078177298736216,0.0367982792939667,0.0254279017116118,0.0471085613131309,0.067680660113342,0.0427080114826661,0.0609753505532481,0.0665113630493404,0.0431964156854839,0.0328052299455459,0.0522349214164286,0.0413299133665467,0.0165148591173762,0.0519752203127671,0.029509068042228,0.0586485020671699,0.0280175352266679,0.0488703337807669,0.0580359285319036,0.0288968658005787,0.0232291865065358,0.0650272514974927,0.0360955442469464,0.0664141376969397,0.0406184076542293,0.0651624498607874,0.0270282091708885,0.0365911215982161,0.0668221239006398,0.0339388673944619,0.0441790330509561,0.0184947580813025,0.0274817821250844,0.0240658077760337,0.0302984548270007,0.0763554541765474,0.0759213425116985,0.0647683257284952,0.0474999623399489,0.0477065620568418,0.0383116991477748,0.0164201921167185,0.0781773306688145,0.0421158373173329,0.0416900055223463,0.0762800368590578,0.0383303293248044,0.0377840646167391,0.027589538645883,0.0355525704747987,0.0298490287072214,0.0334616484590357,0.0293896342650574,0.0250111693332138,0.038312312887074,0.0403444711414937,0.0859150350577607,0.0433376849933563,0.0466074488709102,0.0555960135643568,0.0677742653237808,0.038523620000734,0.0352830053861645,0.0820072826502778,0.0861546777965561,-0.0041133499475891,0.0922446777676068,0.0319030839715732,0.0651562289533613,0.08453617621223,0.0413013305886124,0.0730391212511595,0.0741233398718597,0.0656860866746655,0.0372639331714912,0.0921131970519015,0.0590488135167819,0.0176466486370017,0.0488749370600764,0.0326242201459673,0.0327499359598937,0.0519496487132159,0.0300294242799551,0.0458023249209768,0.0674502654845077,0.0614452697050463,0.0668764467123438,0.0782422042173176,0.08137656625038,0.0927393546105765,0.9999999999999998,0.043697096105415,0.084303340171635,0.0530807155118754,0.0755312486289502,0.0794414139900361,0.0807598405510977,0.0861631023103002,0.0685197211124866,0.075848499576821,0.046536988622189,0.0859065344757884,0.0909100174076626,0.0488054152686364,0.0510632284096768,0.0903377083677637,0.0662249672195849,0.0293951507859435,0.0854153156233807,0.0224610247488214,0.048753214515066,0.1164647660502129,0.08719157139309,0.1036527345132808,0.1128056815700021,0.0292634703775415,0.0317737666065928,0.0636200300822072,0.0359717107281335,0.0754638169404783
11883,0.0187077893897336,0.0233226527309938,0.0013354464999373,0.0336320786115164,0.0331755461882277,0.0779918268909822,0.0433908242626273,0.0326569715467729,0.0535427368237197,0.0315843678694984,0.0595808478258393,0.0431845820333051,0.0711180600152947,0.0637880608097732,0.0391026557551707,0.0233218102531267,0.042141739666182,0.0282386450774041,0.009488573016492,0.043749741944503,0.0140367953061319,0.0399763745087212,0.035554452760333,0.0357383394663862,0.0416681059362971,0.0286217819933695,0.00717407629877,0.0497451192120108,0.0227547349818977,0.0519260851245117,0.0236799254171369,0.0225622796265082,0.0092484228570328,0.0326197324626691,0.0310512253546401,0.0294377303077866,0.0305532234522404,0.0296602021185536,0.0376272032213593,0.0289387970534849,0.0167213681708765,0.0468384678182459,0.0612991689406487,0.0532866140761174,0.0206598162643804,0.0546301569717741,0.0284079265190806,0.0032341311053097,0.0276593927911376,0.0271355866636037,0.0532365947427799,0.0446033842259056,0.0178779569087043,0.0435944254456646,0.0259012077669073,0.0245494156944881,0.0289137629601992,0.0316378646509942,0.0271063087194242,0.0045757605129921,0.0328280566005011,0.0351489638997068,0.0474358972575696,0.0090806412313874,0.041104335558832,0.0543391868385222,0.0573198217609139,0.0285578275009189,0.0509717629153122,0.0708944445453745,0.0666611177740485,0.027558959725652,0.040515803934241,0.00782354929508,0.0543723443460437,0.0621221008563779,0.0353581698348719,0.0590876656299415,0.0493333451480654,0.0230228933135254,0.0349916007479701,0.0440874636648285,0.0517066821027244,0.0018359290483239,0.0327189174407465,0.0401661113752088,0.0059946518558236,0.0333976374265528,0.0205719463399714,0.0426548999249883,0.0330518726381546,0.0356543799378976,0.02221131673185,0.0474158578149135,0.0488269410101497,0.0459569946995047,0.043697096105415,0.9999999999999998,0.0559253147566393,0.0119504201576329,0.0679793944676647,0.0203381062907992,0.0481593029868134,0.0414189792001379,0.040500312179716,0.0808029902482604,0.0733461568519731,0.0615237818833471,0.0779403055074376,0.039462496657935,0.0243193836797269,0.0583578723114254,0.0307307410705872,0.0304283240739741,0.0726189621543991,0.0326337270076483,0.0750568673555708,0.068365709486879,0.0501530350156183,0.0623545539124597,0.053657321065488,0.0052928843850663,0.0406194597342623,0.0271280364599934,0.0416599278715731,0.0523465866098287
11884,0.0239999929825666,0.0046950313658366,0.0406627008351185,0.0316657667031648,0.0163582767379591,0.0606288129574643,0.0652234951288203,0.0540283965058579,0.033552048251304,0.0577155748645386,0.0612607572283058,0.0526237200142175,0.0578556027616059,0.0704613486462764,0.0409712655788734,0.0378307298373147,0.0457690474158441,0.0368509332220587,0.021794891318309,0.0605456353486161,0.0196829101210366,0.0506502831293362,0.0444156067978262,0.0620455800661931,0.0599063588981843,0.0258493642285348,0.0271120917587319,0.0528437426979023,0.0241005018381548,0.0715910156413118,0.0424645779001098,0.0512445537147704,0.0363004416345645,0.0216588653554985,0.0601818422185504,0.0449192359880548,0.0445099588035436,0.0592430233708264,0.0189999600531654,0.0480304066225194,0.0584673110053421,0.0550141054014802,0.0641007004029181,0.0823059343851456,0.0488157799251603,0.0475596636469446,0.0528057738934426,0.0266392057690722,0.0432960693734267,0.048577513614971,0.0544180885564318,0.065281033013501,0.0457279749042933,0.0451311951226703,0.0424687327800371,0.032126049545993,0.0471119176053217,0.0406697892000164,0.0553231477620827,0.02201895740134,0.0257596849556711,0.0450268422653024,0.1101444635272697,0.0268096498108004,0.0363210659222238,0.0583442693032508,0.0525914121966684,0.0337654337304721,0.0415441138914669,0.0792505748046526,0.0930351790006441,0.0027942846615678,0.0841456250115599,0.0316985778631317,0.0610177785749339,0.0810874568953947,0.0240382512284841,0.0843677546375419,0.0751478717848646,0.0354281585335397,0.0498041518767757,0.0552311392646395,0.074398350414441,0.0352942250413479,0.0556784335275869,0.0357092961668749,0.0282018467334195,0.0437860082614886,0.0312674755403881,0.0336468583995908,0.0509210033156828,0.0401493929620816,0.0488697744477683,0.086262753249214,0.0638534299177382,0.1012999326705178,0.084303340171635,0.0559253147566393,1.0,0.0520045099431534,0.0812055801391598,0.0695638089994565,0.069994643785745,0.0771988882446122,0.0617636679799033,0.052801884123383,0.0835189342705737,0.0830436640397832,0.0840857236990694,0.0438627360476922,0.0703113846285517,0.0830610110252504,0.0536449655175159,0.0393645063192241,0.0871980904345941,0.0294051773107118,0.0371778696255151,0.0603779988417235,0.0805573128645226,0.1046529489011664,0.090932340308252,0.031867665946632,0.0322339067193318,0.0520055882925907,0.0494429441114161,0.0708500487602987
11889,0.0287832430767598,0.002089249235818,0.0170986463742136,0.0183177722563392,0.0019830192069592,0.0214828569698139,0.025096373730932,0.0138150426389599,0.0047399835184298,0.0325082060036001,0.0247424022865421,0.0149918142732989,0.0136722184551511,0.0179527550883222,0.0005138506729312,-0.0071305673451493,0.0228777820441497,0.0032844291835409,0.1385918647392726,0.0047678205469099,0.0157255266767688,0.0325505346522446,0.0014217419501312,0.0168499219652507,0.0425544047826121,-0.0006321981701895,0.0348536502773518,0.0462100941444973,0.0018867494774002,0.0292823252947962,0.0404232610715217,0.0168192381718915,0.0171877814120866,0.0113164312391538,0.0330221144229632,0.0246453376001761,0.0429207498918592,0.0094884621942323,0.0110592755820324,0.0003001950188436,0.0608066196431907,0.0014581235304098,0.004531224436776,0.0136942389614406,0.0125141504789932,-0.0028368230934138,0.1601234492875684,-0.0043442951123786,0.0128069406766673,0.0285515351061697,0.0020731126394205,0.0275879237089428,0.0155509800898673,0.0264394763885416,-0.0124296648564758,0.0036779509313553,-0.0075083551427842,0.0137337482945544,0.0057173609865455,0.0281687441568375,0.0274938046811245,0.0273322609911326,0.0492407465156772,0.0450757825577085,-0.0024349382443679,0.0244257826554726,0.0477944117541196,0.0239859412475123,-0.0020429582589163,0.0371827919672658,0.0310026059358701,-0.0059273373006928,0.0082691744121625,0.0180613679747029,0.0512311216309525,0.0107554578751931,0.0144560789931168,0.0493044201849789,0.055898320452055,-0.0010928854809356,-0.0058692591326541,-0.0018926031252533,0.0009912695270649,0.0693617175736055,0.0248974447006738,-0.0032933408004659,0.013411626176285,0.0309101890971701,-0.0021900990481582,0.0484361486712284,0.1786570305162438,0.0067783513680651,0.0671646158055062,0.0751322226373155,0.0636202126069025,0.0059245489997608,0.0530807155118754,0.0119504201576329,0.0520045099431534,1.0,0.0641678547760175,0.0192346600469544,0.0245032677192446,0.0624612767622008,0.1498987958494204,-0.0038146160769627,0.030965916033517,0.0292417979144151,0.0293594311053221,0.0289050819057232,0.0646029723210139,0.0310249087061278,0.0676176144792849,0.0174671922743811,0.0181108490703873,0.0191186548228124,0.0002918020430972,0.0168264815958971,0.0052693375135947,0.0256335900538014,0.0909570073202098,0.1737577871729317,-0.0031573065708212,0.0220968702865817,0.0084120702259811,0.0210239581574345
11930,0.021658395592883,0.0108931855393003,0.0224811213578152,0.0182864721867249,0.0180611177290171,0.0586108581859104,0.0566227080121273,0.0388948416320574,0.0352713029122024,0.0572324170480749,0.0633227200172771,0.0579986817206194,0.061602544815578,0.0731530653188905,0.0379997088019698,0.0211094331944735,0.0432013283774865,0.0318232484430271,0.0252955092290377,0.0380643610508437,0.0318812800349571,0.0517625910977634,0.0307711435727458,0.050818147657642,0.0620039223840272,0.0307467768021875,0.0410033968884612,0.0637653812592391,0.0211983454323366,0.0706859943543603,0.0259205378627168,0.050274388168716,0.0269107874078852,0.0354013794090803,0.0410344029860343,0.0239804457278906,0.0273410290906212,0.0136334717123802,0.0211565280174513,0.0196345698179364,0.0330347730909827,0.05500196155151,0.0809113300701185,0.0607348010581528,0.0392969141446617,0.0415908781493243,0.0428960244834415,0.0151024217961762,0.0249705808186955,0.0427277997639428,0.0393470156333435,0.0615480757729208,0.0296327246817722,0.0353357890652491,0.0238361417786722,0.0586387797936383,0.0316574027496412,0.0137794974848488,0.0369389488613539,0.0511659424360412,0.0726056834420731,0.0425397667573212,0.057534531751185,0.0813555040878052,0.0259175898203619,0.0610975537390674,0.0629271602241542,0.025941755992114,0.0240265553729233,0.0688858164892581,0.0496799487306605,0.0129218969849977,0.0462415827595645,0.0498265069289677,0.0814473109777182,0.0955625056119953,0.0557423278780718,0.0804958418456744,0.0933194269613569,0.0364673213670843,0.040786669002439,0.0477571181503914,0.0586172288949735,0.0545418204110467,0.0301404823625483,0.0157908975376174,0.0372029264013029,0.0678327754398596,0.0391673816727192,0.0263533874017749,0.0478995796265785,0.036990245012646,0.030170682161908,0.052490757572278,0.0457503194058439,0.0807392773635187,0.0755312486289502,0.0679793944676647,0.0812055801391598,0.0641678547760175,0.9999999999999998,0.0447180399137175,0.064618583377307,0.0985217530257345,0.1220025490111048,0.069807789442323,0.0843563025583359,0.0783767389514112,0.1011871421271294,0.0440027768407734,0.0314705422004936,0.073863273480268,0.0540842533150288,0.0400918318300797,0.0954385111297844,0.0645706276791305,0.065229421104723,0.0746952279975086,0.0725899117824555,0.1017305600816547,0.1020235191219457,0.0913218764063919,0.0524107363479427,0.0447032249647138,0.041086099243368,0.0480525977452641
11934,0.0346873886190487,-0.0044315710461664,0.047059411175989,0.023119959465607,0.0339794463675472,0.0421915370696113,0.0806941756413399,0.0397189016005573,0.0448692525618428,0.0334741233745886,0.037760114778899,0.0389181149771615,0.0416420688884924,0.0634501848478567,0.0241121318462673,0.0325552413142216,0.0480216129216588,0.0435267243115656,0.0295417269236203,0.0560989420327958,0.0454979467365601,0.0542900679701639,0.0342691367392278,0.0396380419570931,0.0526800471135561,0.0806874820327516,0.0030078151862361,0.0494372977528387,0.0241015101420123,0.0454177851985103,0.0300214793196181,0.0307993905813979,0.0371133126287592,0.0182365049004021,0.0565532397746589,0.0269662036639947,0.0302861630597951,0.0174403000969948,0.0159877860513233,0.0231896076727769,0.0440954705015435,0.0353042283568593,0.0685544452555962,0.0594006021682325,0.0285355998009726,0.054345708121151,0.0256516229763941,0.0551820592796799,0.0542037349272361,0.0924024234481375,0.0591388849537914,0.0455324074545769,0.0529949347204669,0.0249447464472571,0.0033614148749139,0.0382277734841224,0.0258449263554948,0.0302240297873406,0.015310323469202,0.0039565359979167,0.0021813045305092,0.0228833003730805,0.0461738814038123,-0.0065591997487,0.0340880886804404,0.0142771223358595,0.0231050996838165,0.0218131981381684,0.0251141319129422,0.0569990295582199,0.0668718627612585,0.0159684096748956,0.0214710701679988,0.014869028244716,0.0150016170249325,0.046125949395262,0.0138368122665422,0.0401710165607493,0.0478629549744437,0.0433800379701682,0.0235230418888046,0.0764038774320166,0.0319792357048443,-0.0060995440182043,0.0390632629166283,0.0629538688303506,0.015170922491968,0.0198775927669076,0.0301493268653794,0.0526933919468915,0.0343982447947296,0.0393744392577197,0.0456810082325941,0.0733804537230327,0.0608511768851558,0.1040201735368245,0.0794414139900361,0.0203381062907992,0.0695638089994565,0.0192346600469544,0.0447180399137175,1.0,0.1005896379672307,0.083569665431766,0.0348474340110594,0.0430821482307557,0.0713473092678376,0.1166461173708269,0.0841970745623541,0.0078571984793728,0.0763581920469111,0.0763751752265216,0.112430644314446,0.1013005534319537,0.0430513332580341,0.0280834085375314,0.0442238797578642,0.1308924950956365,0.1137872703981782,0.1285135718189278,0.0622090710773947,0.0147687065968411,0.0530346281421146,0.0937069530587829,0.0159374745823742,0.0971249132644711
11970,0.0389504991765644,0.0007885532623791,0.0065083335378619,0.0239338742966587,0.0404631223692928,0.0455193252360973,0.0674606483765827,0.0333600986327502,0.0383678266471451,0.0374158503061512,0.0471444973494679,0.0766614981512059,0.051299904087068,0.0824601807603659,0.032954845481685,0.0597665203161371,0.0691052563350454,0.0580712826008602,0.0214066670075137,0.0541668360322631,0.0059229067874893,0.0411196065628578,0.0272370477442015,0.0398478174548664,0.097713790292883,0.0203876714588273,0.0077115585646164,0.0646447521362776,0.0500975685843181,0.0683817657017985,0.0547965181756713,0.0544053823963277,0.0212185502003049,0.0447179068596532,0.079077824479241,0.0354911986339635,0.0400247589580187,0.0123929899110199,0.0355988381320909,0.042978540531582,0.0439458249879278,0.0654880326904252,0.0739899771054825,0.0737680874753934,0.0635610251240228,0.0501334512671866,0.0370983199339166,0.0545870740526545,0.0608599461193441,0.0823811713313984,0.0426762930359904,0.052740070806863,0.0687567596063863,0.0668068041716273,0.059659924577244,0.0687381988210387,0.0861117466192664,0.0535158028475785,0.0346666823323197,-0.0057186880083137,0.0252555102265689,0.0310989098660417,0.0386574479616859,0.0112318745467448,0.0412256787555861,0.0383510403641257,0.0464243460271521,0.0183064925634117,0.0555065099549838,0.0681639810351065,0.064725625517032,0.0098074428747633,0.0611940798541691,0.0164666852898644,0.0234719422605003,0.0700265411255856,0.0160361343215131,0.047702619702835,0.0544697634207801,0.047193861433024,0.0524512188358574,0.0725083489342299,0.0446124266361014,-0.0071467675129884,0.0711284563101906,0.0530549743497839,0.0113936923828119,0.0189306417373694,0.0262800745731513,0.0636651597447471,0.0223047819593704,0.0401525440545631,0.0363664930768445,0.0483479061935639,0.0728030569098854,0.1201973865578247,0.0807598405510977,0.0481593029868134,0.069994643785745,0.0245032677192446,0.064618583377307,0.1005896379672307,0.9999999999999998,0.0832871887004423,0.0442848987143611,0.0750077753640104,0.0730722149958006,0.1093643266019774,0.1033319078546005,0.0474344242907322,0.0982637165557653,0.1129765325953438,0.0586295254538448,0.0519927340320042,0.1016957081263105,0.0080427598029287,0.058661838005416,0.0876467256562023,0.1459521942625118,0.1036814799465581,0.0634485700216847,0.0102088290168708,0.0261387025655746,0.077396580724496,0.0613621725995687,0.0810715048619901
11973,0.0228188022317885,0.0264307166849871,0.0332010977798008,0.0106883307513503,0.0103482743684831,0.064287588157436,0.0807016734669763,0.0579199480865363,0.0406487973037535,0.0694357584958739,0.0831016997466874,0.0562958835734419,0.0760272407813692,0.0941537344579923,0.0487819709179852,0.0265320893660547,0.0606108705885312,0.0441692257739346,0.0226913072336613,0.0584173451759372,0.0446634330700117,0.0584551791739152,0.0553855847894094,0.070590854732007,0.0568635177883042,0.0677659603210921,0.0341030283597805,0.0673022876514003,0.0320871703030283,0.08710865726321,0.0514789434927392,0.055156119086687,0.0419794618652829,0.035363428273666,0.0514056657248682,0.0351877465668015,0.0406713052400364,0.0285982869645517,0.02934131976805,0.0486536959774616,0.0515804197833786,0.0675816843270155,0.086151123475741,0.0717142194903274,0.0601610519408814,0.0595771131571594,0.0448296802027339,0.0282084456914579,0.0370283563871452,0.0661045337242618,0.0751320251923045,0.0904377771831472,0.0629687417901454,0.0433484048104585,0.0421002649278474,0.045027984445969,0.0297146487743459,0.0520986012444018,0.0401584892761369,0.0276070577903649,0.0573472092822325,0.0387156550475457,0.0698734637355946,0.0311835302061714,0.0457134291209687,0.049244074043802,0.0515482839466063,0.04569337946518,0.0447175294595751,0.0799946349172831,0.0959445558119872,0.0235208886824784,0.0515322208689275,0.0384695629110451,0.0759584133373085,0.0911624225562974,0.0545735119642581,0.0998993292281276,0.0913265206815776,0.0624374126750915,0.0433284263065116,0.0706409365548741,0.0819359887854465,0.0527283033190595,0.0448131727778861,0.0186284518995747,0.0390764271455289,0.0685889430986978,0.0221419203102211,0.0516692554383609,0.0507631248939538,0.0522279101979038,0.0467541359650729,0.0694912779616968,0.0675414560821195,0.0893548433476262,0.0861631023103003,0.0414189792001379,0.0771988882446122,0.0624612767622008,0.0985217530257345,0.083569665431766,0.0832871887004423,1.0,0.0769164640662806,0.0715665676877977,0.1014668927080673,0.1062499013398858,0.1302334678457308,0.063598712912039,0.0703755524951813,0.1022366291725246,0.0920891884385363,0.06081081750494,0.1083788312076987,0.0971646082677974,0.0793103876307274,0.0561038473604268,0.1081081442973591,0.1428917407567774,0.0942308447520961,0.0493639989654854,0.0859294383142675,0.0465481468338008,0.046841155687848,0.0785724729381561
12286,0.0255124401064681,0.0257945863930058,0.0150166803556948,0.0173710651420376,0.0248927989726672,0.0333967981949925,0.0442307892272247,0.0308058543599919,0.0187773065928094,0.053944487403332,0.035258829935676,0.0592074244072745,0.0411608605571705,0.0645498933414189,0.0283067442936569,0.009600031279184,0.0314564798431114,0.0148714685100013,0.0764636238103251,0.0207536068007377,0.013634258187642,0.039157189177134,0.025789002392954,0.0489577181285767,0.042856060508677,0.019595996641586,0.0304303344749407,0.0605144022315127,0.011863181043688,0.0486642359145498,0.0384176737642371,0.0328414977745402,0.0149466429652814,0.0133529564709038,0.035353750843084,0.0293919131788542,0.0386603340646393,0.0170351185414499,0.0229577142681709,0.0060405284251865,0.0483390250425887,0.0328897612544949,0.0524898948981412,0.0524309972960181,0.025415237384725,0.0336678412907276,0.0486636173708806,0.0120453465521095,0.0369013679946877,0.0206834311509031,0.0237145702635712,0.0364686226114752,0.0160005019748392,0.0308888967159841,0.0167368820647616,0.0347359401296325,0.0192841053200633,0.016462609870434,0.0247692557122109,0.0366545156637552,0.0524435950143254,0.0356238235409898,0.0654629554388664,0.0740167008430407,0.0347038308236129,0.0563599150759031,0.0844386448860098,0.019210532378519,0.0515315772820352,0.0779336520393678,0.0455977571933704,0.0028074484487753,0.0321316490918154,0.0417088049693127,0.0516561942009307,0.0486652763025463,0.0392681293205178,0.0447940117204925,0.072606149903547,0.0171606956790291,0.0170062926312311,0.0192541168417424,0.0296205817838362,0.0898729971720068,0.0382046576065351,0.0444254105837849,0.0289040620857166,0.0535367921487507,0.0176211088766116,0.0451171476426778,0.0846647955197453,0.0208288477048724,0.0493872042504764,0.036945535346985,0.0396828288997442,0.0484545799936892,0.0685197211124866,0.040500312179716,0.0617636679799033,0.1498987958494204,0.1220025490111048,0.0348474340110594,0.0442848987143611,0.0769164640662806,0.9999999999999998,0.0461112915916897,0.0591582249055635,0.0674754064044547,0.0570721152589612,0.0460384044497687,0.0502677651370735,0.0483425660101356,0.0449835146024291,0.0331425668367551,0.059545208369967,0.0303385613959167,0.0520939827346613,0.0437662949154693,0.0543961319138769,0.0819148783902983,0.1311349227282507,0.1566938739855174,0.0324613300093852,0.0747726212027277,0.0405814394810776,0.0572967471253838
12562,0.024979410985373,-0.0038885754199287,0.0078238852084986,0.0138942149879993,0.0350508263962307,0.0508068448200954,0.0503629156514335,0.0355450168690095,0.0357077676669291,0.0366825366413315,0.0554354384703611,0.0592472553271075,0.06918555137955,0.0889322609409629,0.0534632926960512,0.0515490540899181,0.0639389532989611,0.0426627388481522,0.0123306733176426,0.0504411593069255,0.0291692996922934,0.0568577705022316,0.0392987583664535,0.0582355464775214,0.0380896854569084,0.0380452529411537,0.0227238072793153,0.0735428339960873,0.0344314060350276,0.066981592288933,0.0514683266155386,0.0248704113067339,0.0136934134844065,0.0166188463473788,0.0231407390659146,0.0180732390762147,0.0340760836750303,0.0211698087654399,0.024733928487793,0.034515860797184,0.0284018862277298,0.0701235633408783,0.0663279775101247,0.0634412386914043,0.0316659652344768,0.0696551911241094,0.028088549863139,0.030677653696205,0.0309969918264073,0.0370104548663924,0.0406429247200674,0.0844188896902039,0.0278938956138543,0.0242131766691685,0.066172574791723,0.0935806946379424,0.0280850355481052,0.0132832054567862,0.0371923935395341,0.0233782526774433,0.0268546012947262,0.0472952412622408,0.0434333878540542,0.0198531701145383,0.0408901997598538,0.063514651868416,0.0339744026089393,0.0163243425673345,0.0468330930147401,0.0887813677440383,0.0965446539121629,0.0109558995832363,0.0526804429871128,0.0218562158265476,0.03950470117697,0.078597028600217,0.0134340016180105,0.056469069796432,0.0668524773667006,0.0514282677794782,0.0348310395273092,0.064486700596151,0.0674617785838896,0.0156644459313173,0.0432364442527836,0.0407268002376331,0.0309888646343894,0.0199150563791551,0.0419219172349165,0.0047452916909331,0.0070347636665265,0.0529248123510125,0.0175874701308996,0.0211531547414267,0.026463113318772,0.0729770116894691,0.075848499576821,0.0808029902482604,0.052801884123383,-0.0038146160769627,0.069807789442323,0.0430821482307557,0.0750077753640104,0.0715665676877977,0.0461112915916897,1.0,0.0855141764504262,0.0725166635907418,0.063922597758592,0.0285075778206587,0.0167698903958949,0.0803493622860863,0.0383245186452381,0.0254259384756222,0.0897849218638829,0.038632513725307,0.1043784042557448,0.1280014278291513,0.0942969167973773,0.1282641353033168,0.0936329388916671,0.0158665272683621,0.0345626144082657,0.0616979476389531,0.0556948713361772,0.0821560730591831
12568,0.0409492486561115,0.015823620410809,0.0232719574053105,0.0201949799293863,0.0244919423871155,0.0558636138248071,0.0831783534562655,0.0384259770542958,0.0447962401154982,0.060833998552958,0.0850506519052845,0.056241963987661,0.0770060176296256,0.0948991742042288,0.0470314979638127,0.044980897695252,0.0823314674438246,0.0528396183108633,0.012232714055902,0.0548165213889493,0.0455060998885254,0.0696432368841663,0.0329749262378082,0.0631730505798352,0.0689340012081392,0.0368850739068588,0.0286362311737,0.0894554362837196,0.0337208120493959,0.071221281628293,0.0550917818393733,0.0476673511549739,0.0362304049882923,0.0225151601950082,0.0542971513005881,0.0417386667968001,0.046241428636898,0.0417468684067316,0.0247242189388565,0.0413035582192298,0.0387152818366819,0.0690719120858918,0.1140896392201368,0.0873103657823869,0.0542508058433785,0.0612929667985417,0.0354651500972919,0.0257312493402709,0.0464456560860479,0.0518810808265436,0.0413815166966089,0.0702275423594051,0.048349625661773,0.0453307159025703,0.0604947771361154,0.0476467088617831,0.0389138676724421,0.0345241338124703,0.0390015338668114,0.0296163476175504,0.0554066626637919,0.0430324529809206,0.0860878573762894,0.0189921175250365,0.0394894605117078,0.062687616946717,0.0782419259416741,0.043913655985631,0.0605862059695034,0.0965476203384232,0.1081482372110203,0.0082643278054515,0.0659419835918636,0.0511318524097546,0.0845970248467189,0.0947508845765368,0.0438278453515097,0.0843733188924969,0.0843240991586642,0.072863664074404,0.0566604654606614,0.0750379218671386,0.0687307331572413,0.0230786556882211,0.0558316629226034,0.0430844029009861,0.0200286239959518,0.060040170632346,0.0380914734485871,0.0472047403676576,0.0384584799034667,0.0504525042459533,0.0523964727387295,0.0775070911956444,0.0529034569229604,0.0867049626444886,0.046536988622189,0.0733461568519732,0.0835189342705737,0.030965916033517,0.0843563025583359,0.0713473092678376,0.0730722149958006,0.1014668927080673,0.0591582249055635,0.0855141764504262,1.0,0.0726376257711224,0.0865386766268949,0.0336368908941289,0.0348501317697369,0.0800511608909334,0.044491747435777,0.0431562057807795,0.1060633137645751,0.0458450215351576,0.0695388655838107,0.0641623612096031,0.0927067338904521,0.1144527757455978,0.0415246479243758,0.0262823445722029,0.0617428016322024,0.0516460456230757,0.0471780201021923,0.0795942751471797
12619,0.0340219614972338,0.0047116603863779,0.0208806379708718,0.0111988699340654,0.0401063018485144,0.0584864445418005,0.0633266984024676,0.0360404839611676,0.0388024226161315,0.0569113794759527,0.059420748477392,0.063327521867298,0.0722725469591716,0.0886851199756674,0.066084476149991,0.0347660532312999,0.0615648597469624,0.0400873831235514,0.0202678128258423,0.0619191370905167,0.0346196435414864,0.068836298865691,0.0590171611606828,0.0501565877436217,0.0632799612898805,0.0353836478533859,0.0251651250462721,0.0688202147817171,0.0334444492772854,0.0614429761634957,0.041258967933568,0.0436647258880657,0.0212300522932117,0.0207460089889198,0.0585064094609196,0.0311804004275065,0.0273881214338608,0.0291600765887558,0.0333081197668305,0.0468278769518588,0.0382542610331765,0.0692780939947352,0.0757407994167739,0.0768642875739888,0.05266448744319,0.0500595328340748,0.0255779172072281,0.0335122261433149,0.0480136523835208,0.0735399588171941,0.0489313158139038,0.0771093099709353,0.024757061486837,0.0380523112757899,0.0300143213565077,0.0749216378953691,0.0544062614538556,0.0350422000372441,0.0199335053986923,0.0163838972349623,0.0379664797527983,0.052758953610443,0.0577424413805934,0.0067190331046126,0.0576379175687668,0.0573710771496157,0.0546999366122269,0.0291862743632519,0.0462354142585202,0.0487179009892435,0.0716016082222531,0.0348039776255523,0.0513404030750717,0.0282294911518084,0.051301444974856,0.086844430095279,0.0368455787920234,0.0709457755294481,0.084263761732614,0.0365911493715868,0.0445610777281118,0.0874064311303859,0.0545303787903181,0.0171219533208763,0.0425409060162949,0.0476230566696675,0.0123030085904724,0.0464050214728051,0.0372827101744102,0.0517232718731296,0.023904460381179,0.0460271092616661,0.0394458118798603,0.0583642887520365,0.0694536782083997,0.1008313126950288,0.0859065344757884,0.0615237818833471,0.0830436640397832,0.0292417979144151,0.0783767389514112,0.1166461173708268,0.1093643266019774,0.1062499013398858,0.0674754064044547,0.0725166635907418,0.0726376257711224,1.0,0.1185503979406093,0.0329604441753762,0.0502602099397163,0.0682669274720478,0.0613006896852476,0.0585586842178816,0.1101477490599222,0.0486702113841379,0.0949036065809745,0.1175775177724482,0.1035485435906629,0.1174273610206604,0.0847372775053504,0.0279865644656283,0.063864621967375,0.0578228346993583,0.0479153317258619,0.0970548220189383
12637,0.0392080842017703,0.0013696910314895,0.0355048773909717,0.0124890198619805,0.0224006715309943,0.0728913257334907,0.0719978009271514,0.0531063622023136,0.0242362027853438,0.0483519860991373,0.0658935080853987,0.0573193044264625,0.057947588619665,0.0790777291997763,0.0560652916337251,0.0426084527431973,0.0797904575300658,0.0451269876922516,0.0083268990396259,0.0564038461488814,0.0594631244052184,0.0370031799233761,0.0622858180168713,0.0693658442631141,0.0582659614870631,0.0882300489516559,0.011296080552003,0.0523115946102219,0.027896802653237,0.0704812057462142,0.0315028593161924,0.0579257910294985,0.0349623008157699,0.0456537274174519,0.0412697076214144,0.0391519188982894,0.0277143786221224,0.0231308765408933,0.0262540707683942,0.0356366737341855,0.0376970463062271,0.065010779741195,0.072190505390906,0.080486881525776,0.058739703979546,0.0603134154178594,0.042119545196858,0.0272089314833754,0.0402774754864786,0.080438518883963,0.0700028256143742,0.0743269940371458,0.0723026642035732,0.0525671474724261,0.0423338385740623,0.0681251742615178,0.0435860716010124,0.0543003515556347,0.0410092523395014,0.0228404354715565,0.0433927086876233,0.0391522259915238,0.0685947087543559,0.0112469989951006,0.0420767649436195,0.0428047772408258,0.051117280262389,0.0324904005710972,0.0498694921155319,0.0664815798518396,0.0743638884994475,0.0469769161247409,0.0483246594813202,0.0341183103201127,0.0612571358811771,0.0968920201750896,0.043661910278698,0.0829184427216472,0.0792644044826186,0.0298555378051631,0.0739793023025481,0.0914728191590426,0.0628742615602166,0.0292059454855506,0.0365732481756691,0.0479616970065025,0.0270083100870993,0.0571089557362578,0.041017474203643,0.0351626366947238,0.0416917729799437,0.0490247684524563,0.0526575447265232,0.0508228540941958,0.0458332884128179,0.0951935505313584,0.0909100174076626,0.0779403055074376,0.0840857236990694,0.0293594311053221,0.1011871421271293,0.0841970745623541,0.1033319078546005,0.1302334678457308,0.0570721152589612,0.063922597758592,0.0865386766268949,0.1185503979406093,1.0,0.0518851224590987,0.0556135686649882,0.074298114371494,0.0682185645532913,0.0610614516011749,0.0994607608090717,0.0739343859558888,0.0871313934980188,0.0932854467108095,0.1034994420950641,0.1150148295507172,0.0836542383700303,0.0373218458688168,0.0819818238310533,0.0514629298599267,0.0526413848530824,0.0866007378640244
11886,0.0326303246282144,0.0421157849844927,0.006168272260534,0.0042298519861198,0.0348064046604682,0.045002566564315,0.0395291442377502,0.0312026971555912,0.0095372231524353,0.0534634102821719,0.0530630068813589,0.022660875329858,0.0541759605147589,0.0487232646011278,0.0229861748090372,0.0468449328755253,0.020283558954897,0.0146870856705718,-0.0007701292786458,0.0176255815482852,0.0196276466857894,0.0093827165210628,0.0483257478481562,0.040821016132815,0.0400837313177356,0.0344747772282914,0.0192831215476852,0.0354555454755858,0.0110473262025717,0.0392445225137795,0.0342665275670198,0.0439260264244614,0.0054936488564674,0.0128770051525226,0.0280312115855426,0.0185971257504433,0.0824033696088501,0.0220035014661033,0.0203922298095054,0.061412591757235,0.0537114464349999,0.0424886821647854,0.0601535350926393,0.0413257718417609,0.0165348989651273,0.0220609652838251,0.0426893281846749,0.0001560803659835,0.0442047272098497,0.0119277829939021,0.037582124607777,0.0472947252145737,0.0300334702234649,0.0287743640478075,0.0282215314323625,0.0196879715483882,0.0257816805226233,0.0374119396177752,0.0550618289651643,0.0074051406513296,0.0420461230411873,0.0324424504293978,0.0372149947105116,0.0352993717464546,0.0376936339743556,0.0675392626384647,0.0549844714534579,0.0297029917749889,0.0348268974240665,0.0485747877601966,0.0657350579662758,0.0042032802530913,0.0466946259093372,0.0273009796813932,0.0371763237043097,0.0371656072303497,0.0282686638189379,0.0586516046836311,0.0419277694406244,0.0119553303450587,0.0335924759477936,0.01807657281363,0.071779134852864,0.0408497436589044,0.0298006008350896,0.0430782716720902,0.0108654742825625,0.0319863277271148,0.0190738817407212,0.0581787177803497,0.0241710259380907,0.0244472039174619,0.0432620305778752,0.0448387599531642,0.0336415978164576,0.0286060864239262,0.0488054152686364,0.039462496657935,0.0438627360476922,0.0289050819057232,0.0440027768407734,0.0078571984793728,0.0474344242907322,0.063598712912039,0.0460384044497687,0.0285075778206587,0.0336368908941289,0.0329604441753762,0.0518851224590987,1.0,0.0602379056105119,0.0717565000292012,0.05745271429481,0.0329536276597809,0.0531877089837976,0.0575092107866125,0.0254831348468074,0.0218967683486436,0.0762396817684206,0.0572776902071337,0.0409798695109794,0.0318113492183679,0.079968119265346,0.0229956236036394,0.0187937944785227,0.04090454068625
11887,0.0536799924636448,0.0052379130071589,0.0101458809231661,0.0035992053777021,0.0154185828966098,0.0553683220899935,0.0424138335938408,0.0335080984484659,0.0199772712816891,0.05003743873748,0.0398980702449954,0.0479232829510314,0.0327706680778052,0.0554046569961828,0.0194654432312966,0.0446122637835363,0.0462023830715563,0.0225682353724682,0.0350265237823617,0.0200262519720085,0.0080498629181281,0.0207135744832756,0.0298531330795057,0.0222111868030871,0.0702752016795589,0.0137398547045381,0.0089124983969932,0.0425262528212521,0.0212558354115165,0.0595346768868446,0.0535767372675353,0.0220913630701912,0.0469875061010268,0.0277760714645827,0.0487860191215984,0.0599837356173909,0.0354922902549642,0.008758706003451,0.0438387741560005,0.0104951415814217,0.073953972130981,0.0432619216150289,0.0409503636716765,0.0476116994649445,0.0238602094739138,0.0255148025921497,0.0569630007874436,0.0753318317826169,0.0277745576804708,0.0439653879604817,0.0282815376955565,0.0375502428151617,0.0368648171655753,0.0861629909734192,0.0174875116479097,0.0154914475331479,0.0552625034040496,0.0422340630018073,0.0091496903700796,0.0106494983502594,0.0184577968237111,0.0154543090645902,0.0206010486113118,0.0077760461330926,0.0107737790212377,0.0245870978848266,0.0565466113767716,0.0199597463763616,0.0295347548413876,0.0601211678712241,0.0572457351892316,-0.0023048758260803,0.0287576286240145,0.0042613840514806,0.0200059769452296,0.0504967707538497,0.0057402009823839,0.0597383268743379,0.0350254337524884,-0.0016713083631268,0.0228331673628365,0.032379536280836,0.0068181265041249,0.0176402603808683,0.0384394269298734,0.0222936724074269,0.0191327862207484,0.0144870899053977,0.0149394510551385,0.0564038446018814,0.0313882891646034,0.0204872072153984,0.0741018638257071,0.0643928204201966,0.0938628842230094,0.0785388110880904,0.0510632284096768,0.0243193836797269,0.0703113846285517,0.0646029723210139,0.0314705422004936,0.0763581920469111,0.0982637165557653,0.0703755524951813,0.0502677651370735,0.0167698903958949,0.0348501317697369,0.0502602099397163,0.0556135686649882,0.0602379056105119,0.9999999999999998,0.0978876718805782,0.0852316888289425,0.0512199546965623,0.0697802082603921,0.0065746145125942,0.0354938430047877,0.0456320050411362,0.0697243311699782,0.0692952367313441,0.0739695953359412,0.025920882230625,0.0170251646562134,0.0769318089176625,0.030840493519689,0.0622342445715818
11888,0.02219013934354,0.0089441317791718,0.0215789817873046,0.0138054090483923,0.0255160904084948,0.0611202931011952,0.0660093528966261,0.0396989522696729,0.0460011645129595,0.0410678928685979,0.0544568716636565,0.0664102434243316,0.063085360190148,0.0933104226769038,0.0433985578998736,0.0820504622394676,0.0659996724180925,0.0720155047992699,0.0315712555571639,0.0760857324750735,0.0190418263841331,0.0681145372990791,0.0455641527226038,0.0343875310896565,0.0650156002311958,0.0275532216399702,0.0115233135833596,0.0924005382885886,0.0305704120300431,0.0684437793614008,0.0500914045578856,0.0636533674975257,0.0192188794248629,0.0431052995573776,0.0559764275744479,0.0452647315170135,0.045453686217845,0.0415041598960267,0.051916314501848,0.0662059276584826,0.0814864264487667,0.0855367593413281,0.0791704942895822,0.0812405578633918,0.0545733923052371,0.0631437565831948,0.0571307466529755,0.0360841885280286,0.1262783770115601,0.0608600575531312,0.0478786565492132,0.0795449383317535,0.0507193670549079,0.0620068110916796,0.0748270095781004,0.0678519248015644,0.0458361333349055,0.0461224216324449,0.0384186089096789,0.0024188470740042,0.0229771436161863,0.0446423975098591,0.0772676188617416,0.0159897753638615,0.0611914151301865,0.0686040872592351,0.0624895263596378,0.0170816082594943,0.0627495650344575,0.0924843033068285,0.0786069846881347,0.0109377800742961,0.0578768269431101,0.0153527686135142,0.0394085829725306,0.0833859471374279,0.0168625720835577,0.0711370766732488,0.0800014803765847,0.0574797440598398,0.0440461480618058,0.0895335506716314,0.0756087821674723,0.0277809776081907,0.0817162485939045,0.0863328371669687,0.0124396055141407,0.0175760822109856,0.0324601537572885,0.0791332945923715,0.0408529960997553,0.0463686259732394,0.0712081257016239,0.0629787111779904,0.0761154828858104,0.0884765873549322,0.0903377083677637,0.0583578723114254,0.0830610110252504,0.0310249087061278,0.073863273480268,0.0763751752265216,0.1129765325953438,0.1022366291725246,0.0483425660101356,0.0803493622860863,0.0800511608909334,0.0682669274720477,0.074298114371494,0.0717565000292012,0.0978876718805782,1.0,0.0618651243472369,0.0786591312627443,0.0983692373275964,0.0269479929042807,0.072934598397307,0.0928810535434234,0.1474396246886952,0.1357134184301422,0.0815729066519284,0.0431407534853461,0.0415301284446554,0.0631538775443323,0.0548538477825157,0.1002531926034006
11929,0.0371126777067469,0.0355777422017123,0.0490972148738129,-0.0034778471777596,0.0326998739304709,0.043159552391943,0.0791892243323536,0.0339501052648738,0.0126702457249297,0.0727578489319812,0.0536401945180327,0.0497963674718316,0.0568307532977344,0.0796102206649807,0.0388411266717712,0.0315944737286058,0.0648391792344048,0.0308391885989948,0.0454293573144165,0.0388719440193164,0.0677917037616812,0.0381814348256535,0.0580768971937178,0.0529176953016946,0.0598394767798647,0.0752642387275416,0.0160678019356014,0.0660651300554119,0.0172943364290388,0.0684827920541834,0.0609197856232191,0.0696563929104761,0.0344742414084231,0.021621366528234,0.0486855201371526,0.0385553480220637,0.0315235549307405,0.0365001281147464,0.0228547288426165,0.0397312415551634,0.0695935374467468,0.0402163513723612,0.075662014676615,0.0535560551882185,0.0322229702372069,0.0480248325473628,0.0716099378973831,0.0621428020639881,0.0320825552868907,0.0638378277829034,0.0551669797804004,0.072373898385888,0.0873474748828013,0.0139600277660514,0.0281997892610375,0.0381191565149727,0.005893050965565,0.0314234059586988,0.0172009168409154,0.0104925158280579,0.0034835784081079,0.0296462174783012,0.0488029208110446,0.0159221075985301,0.0298109159306858,0.0358566213308932,0.0203785585978986,0.0257574391511508,0.0221941729979856,0.0521982577213487,0.0599604606057199,0.0118950743583963,0.0477909316384261,0.0149643803858211,0.0500244328223329,0.0585540237334569,0.0092808251488825,0.1000212335442721,0.067578757161129,0.0336738920547744,0.0177573964357569,0.0246305953196619,0.0331036857817296,0.0171533349760526,0.0211376203540198,0.0268360755312321,0.0495502782416214,0.0612732642370573,0.0213565435728142,0.0320015343143188,0.0301748590144945,0.0269802964456156,0.0209069903944672,0.0605191927161347,0.0567545511810504,0.0780679069947382,0.0662249672195849,0.0307307410705872,0.0536449655175159,0.0676176144792849,0.0540842533150288,0.112430644314446,0.0586295254538448,0.0920891884385363,0.0449835146024291,0.0383245186452381,0.044491747435777,0.0613006896852476,0.0682185645532913,0.05745271429481,0.0852316888289425,0.0618651243472369,1.0,0.0731357401736078,0.0861080342640754,0.0703817648164024,0.0395291644675383,0.0694030693536493,0.1050713221767271,0.0987194959181396,0.095180879548414,0.0412871297904752,0.0819614151695257,0.0610583455880282,0.026097193755874,0.0676091225331716
11933,0.0093778426803208,-0.0012992606082969,0.0306347709188093,-0.004554912096613,0.0240050648014224,0.0566442437867336,0.059947233098169,0.0127653703743147,0.0206286459932118,0.0183980785814331,0.0247801227594367,0.026061969913684,0.0292475231110292,0.0456466715550694,0.0362927355690216,0.0329496998553842,0.0329693076542178,0.0337383257012453,0.0448583473793808,0.044662075344564,0.0313881284692822,0.0371559068063932,0.0151817566449187,0.0195977487625998,0.0387428157588619,0.04653920300412,-0.0029895513009065,0.0611460704766032,0.0161829833079032,0.0408023832309279,0.0329661896648132,0.0343255948137409,0.0109530333478379,0.0469884739428899,0.0434349164570309,0.0323632363829925,0.0181398678697217,0.020749969090386,0.0323668811674108,0.0138236507557454,0.04330956741732,0.040654600549485,0.0282045591173071,0.0370687858345064,0.0170766118267997,0.027303794790484,0.0217691542164819,0.0246100003000879,0.0470966171469472,0.033217305021244,0.0181002815182168,0.0334304915115218,0.03491631640998,0.0254065494676985,0.0151218585671605,0.0328437822346829,0.0306853427936881,0.018881138731045,0.0339837450686237,-0.0039862831944768,0.0039311237890447,0.0245280730397739,0.0080349253421515,-0.0016864803900579,0.0399494789488101,0.0090037585893755,0.0113549799763874,0.0090526407168934,0.028885423656253,0.0408463274072849,0.0380402878761431,0.0190505061326845,0.0188992844762243,0.0117566991684901,0.0159194980865043,0.0535653118097091,-0.0015355612917045,0.0492972629604064,0.0513557064835347,0.0326207834165313,0.0125074220994756,0.0797551502875544,0.0301358136902561,0.0025367934765087,0.0145693499780945,0.0832831297138296,0.0063343546959658,0.0214551358413684,0.0430881702032394,0.0344828252579634,0.0132046938249801,0.0161766608112273,0.0159596015662923,0.017246907107218,0.0489380473176429,0.0542739670078472,0.0293951507859435,0.0304283240739741,0.0393645063192241,0.0174671922743811,0.0400918318300797,0.1013005534319537,0.0519927340320042,0.06081081750494,0.0331425668367551,0.0254259384756222,0.0431562057807795,0.0585586842178816,0.0610614516011749,0.0329536276597809,0.0512199546965623,0.0786591312627443,0.0731357401736078,0.9999999999999998,0.0033848985943137,0.0379967028759612,0.0353216077043636,0.0696193861523809,0.1033508302475756,0.0614880230213909,0.044231912464202,0.0254530663559948,0.0713786615657554,0.0694106184483536,0.0125720636227899,0.0454834833717722
11935,0.0268721299050335,0.014583598494716,0.0117132288823819,0.0228558949296689,0.0395877683430795,0.0755494412566141,0.0579673689097222,0.0587834744763061,0.0412487667905158,0.0562577375559554,0.0634718741707009,0.0813747562754088,0.082088902404996,0.100240156434789,0.0594877187663122,0.0337967777451592,0.0471081777785476,0.054588991557638,0.0144853728775098,0.0568936560893416,0.0280943103730378,0.0495231206027301,0.0492308279159416,0.0609680779347421,0.0675586560810042,0.0280131152634858,0.0218355319090406,0.0733936299779254,0.0242995948562601,0.0697734269775582,0.06362158823519,0.0605153197794865,0.0317788887893416,0.0343483557105543,0.0368024918077575,0.0393984319835607,0.0403223774440428,0.0402051102568349,0.0173420032891505,0.0442268519491786,0.0241126384121786,0.1016750621488821,0.097227118619147,0.0911547896317032,0.0453200741058798,0.0755036305118437,0.0411018280416904,0.0207948265366199,0.0438002842978875,0.0677386974656655,0.0551705881123847,0.1031830128373245,0.0522159013505316,0.0572334021714387,0.054055731104523,0.0755184661278351,0.0515809063948008,0.0463201427569592,0.0697523448806854,0.0253460928507589,0.0511046013791154,0.0396476583894169,0.0706220364100611,0.0178611912119654,0.0273822003494249,0.0791803802863389,0.0851412572535282,0.0421685541588964,0.0427989538851777,0.089985116963353,0.084417944456823,0.0207403789592633,0.0581143346069193,0.0516806387258472,0.1057937544433598,0.1274120678670785,0.0610224968034064,0.12110777923403,0.1071137082610962,0.0513314251344891,0.0771445364784334,0.0606754245822879,0.0784812101702791,0.0254557598350293,0.0618536688473012,0.0289481143451034,0.0321769440982308,0.0972585224016716,0.0383074314807983,0.0461395351724179,0.031108536926604,0.0684956287337761,0.0514579223737081,0.0661849051405749,0.0850522516707897,0.0936055562114215,0.0854153156233807,0.0726189621543991,0.0871980904345941,0.0181108490703873,0.0954385111297844,0.0430513332580341,0.1016957081263105,0.1083788312076987,0.059545208369967,0.0897849218638829,0.1060633137645751,0.1101477490599222,0.0994607608090717,0.0531877089837976,0.0697802082603921,0.0983692373275965,0.0861080342640754,0.0033848985943137,1.0,0.0541876773591125,0.0975478613051457,0.0751533840101266,0.108462286921883,0.1280632362375837,0.0920075957829524,0.0288642975019805,0.0624542180802929,0.0529301173537023,0.0706193610206263,0.0910501508838128
11936,0.0036237747462329,0.0428207755720996,0.0099015411770577,-0.0133151156934637,-0.0022377865600785,0.0408960477508433,0.042633164668021,0.013839357000613,0.0035905670778892,0.0554842498858814,0.0545032661249928,0.0255704828187584,0.0591377630818769,0.0634880701219718,0.0338962356254219,0.0164440623735986,0.0191940855563661,0.0088191447901771,-0.0023023225425279,0.0262143419923623,0.0790639928670297,0.0053582157169091,0.0858418507168073,0.1003940118505144,0.0205490482888363,0.1144587443955821,0.0647114275892526,0.0220513316443261,-0.0014573781645669,0.0646163050860024,0.0318200515434771,0.0541376897932367,0.0212286241467747,0.0161381150039856,0.0048795395348458,0.0045904245019499,0.0150067933104682,0.0260420510180963,0.0171681355576969,0.0392726064718431,0.030502714061521,0.0215487588133703,0.0428250743468828,0.0256465588976842,0.0387791417966927,0.0362425535085233,0.0157231056460336,-0.00544221849199,0.0021566384703205,0.0097046810030757,0.0762685409860898,0.0529404988466366,0.0119933128314873,-0.0006811151832769,0.0237323734942258,0.0154078020444946,-0.0068685332412966,0.0168469473560619,0.0623293967509116,0.0413384426554541,0.0684030282797423,0.0214972897680079,0.0511833475709471,0.0281891839680894,0.0009890058569675,0.0728000837841728,0.0323410016233412,0.0267707214653398,0.0156072919302111,0.0526113909569198,0.04794069771446,0.0269336210128399,0.0266728597880808,0.0462604462318533,0.0757306998254765,0.0576594654582316,0.0739883363466886,0.1138070467242408,0.0652568836248344,0.0315191265302173,0.0409652749967008,0.0177291682023252,0.0833715548841018,0.0920794178651513,0.0031877817560071,0.0071999717507327,0.046138270749447,0.0915635433677956,0.0265456529884303,-9.561955078049351e-05,0.0225383447729694,0.0218889735314384,0.0127817303597784,0.0233191863787274,0.0072103864325023,0.0174243398905007,0.0224610247488214,0.0326337270076484,0.0294051773107118,0.0191186548228124,0.0645706276791305,0.0280834085375314,0.0080427598029287,0.0971646082677974,0.0303385613959167,0.038632513725307,0.0458450215351576,0.0486702113841379,0.0739343859558888,0.0575092107866125,0.0065746145125942,0.0269479929042807,0.0703817648164024,0.0379967028759612,0.0541876773591125,0.9999999999999998,0.0454114664567133,0.0001378388998653,0.0380727690302569,0.0580675486079403,0.0555957321004577,0.0381042752171335,0.1338542671899744,0.003235566291099,0.0163432476110533,0.0216457108692844
11971,0.0337471401661877,-0.0100991104897648,0.0070854523659752,0.0071261689203177,0.0327477167344461,0.0475660266850915,0.0349395221337903,0.0432878082109792,0.0425951391453489,0.0304667148454345,0.0384242932032902,0.0846753267371078,0.042011251598604,0.0794105278814763,0.0446291178658395,0.0256994509224461,0.0439153189014606,0.04839840227926,-0.0029450478341521,0.0367161369559394,0.0277585880632644,0.0392730171953891,0.0270185405683843,0.0348414562330085,0.0403011014742319,0.0527114791414835,0.0204403405640068,0.0545218653322169,0.0333411171517251,0.060754567129859,0.0539219923842858,0.0303519049757307,0.0011011621385046,0.0106579750157386,0.0337639959899373,0.0147328381986703,0.0125652087554985,0.0171180618202915,0.0202023826426317,0.0255870667524067,0.0188724934877631,0.082725478243455,0.0696291212885006,0.080695786166613,0.0223205268838213,0.0501866092273387,0.0184910486488032,0.0273194164288608,0.0311682429810138,0.0263130342379811,0.033330743122408,0.0550206734140148,0.0166538600180878,0.0249668453349669,0.0639830493438785,0.0958398371925815,0.08076935752455,0.0180087169836415,0.0263441062442253,0.0047305737376197,0.0326228691058442,0.0290160059190905,0.0368831516440644,0.0110050362577486,0.0586666454302403,0.0645492723245351,0.0266365134327096,0.0229788716762226,0.027767486298514,0.0582719358233934,0.0478196718607723,0.0016086104246479,0.0499760921155605,0.0195483504812575,0.0315395383926554,0.0705727217297507,0.0165966564829016,0.0492465880915121,0.066922850312992,0.0396398583637618,0.0406947570149267,0.1023153120966297,0.0616572965062338,0.0153112565660323,0.0251110087104016,0.0407536972192231,0.0102807256342854,0.0156995563804534,0.0267446216898197,0.0172120068441007,0.0132306943002176,0.0728779673320972,0.0288775818776931,0.0359014963865851,0.0577865636087361,0.0771950818813152,0.048753214515066,0.0750568673555708,0.037177869625515,0.0002918020430972,0.065229421104723,0.0442238797578642,0.058661838005416,0.0793103876307274,0.0520939827346613,0.1043784042557448,0.0695388655838106,0.0949036065809745,0.0871313934980188,0.0254831348468074,0.0354938430047877,0.072934598397307,0.0395291644675383,0.0353216077043636,0.0975478613051457,0.0454114664567133,0.9999999999999998,0.0909386315267048,0.0663212820761604,0.0653445664416202,0.0536382873287395,0.0017781868355905,0.0362034829118353,0.0444891629865577,0.0483213538986101,0.0657864759340489
12246,0.039960855402217,-0.0069302331894855,0.0069723359486048,0.004219514510207,0.0309450251762692,0.0411881654830659,0.0691863756373455,0.0319941774877009,0.0630429981335797,0.0206134841364512,0.039244993723389,0.0589708957815917,0.0608701626004887,0.0888978429220151,0.0450025668155552,0.0352427105257393,0.0530100179423165,0.0490862520776217,0.0432021662311416,0.0792687531521446,0.0267614718435365,0.1326905654742398,0.0234854260286075,0.0295303761338927,0.052984208632649,0.0342653446649937,-0.0042600734834531,0.084665168886323,0.0289998514930432,0.0374511795185006,0.0334593818425646,0.0352447058513897,0.0188416763096915,0.0530087439244704,0.0853677547080171,0.0131875239894587,0.0161520636070356,0.0119817734529596,0.0271557185656528,0.0151356877726442,0.0264677913933602,0.0716552261085408,0.0571179842465814,0.0672130243643772,0.0326539523064602,0.0660342107635946,0.0318222028394902,0.0304795582092853,0.1125877517464155,0.0442622491835609,0.0382106553526973,0.0551843377292838,0.0109338081322029,0.0124919026689578,0.0495289692720372,0.092610930883755,0.0233913832887975,0.0028160986360847,0.0240115228563072,-0.000162099945003,-0.0064068700762131,0.047695823213637,0.0202351113832452,-0.0037490416861776,0.0637025536091116,0.0262454720255922,-0.0006087472395943,-0.0048346287077494,0.0127176886857479,0.0344605734533548,0.0597071521475092,0.0310181345711839,0.0281319303975629,0.0041885934022288,0.0094572712927428,0.0620868616343013,-0.0006162526271028,0.0367574590328717,0.0488766231966921,0.0547126714124907,0.0079723563740687,0.139376987219907,0.0426857171400564,-0.0046609259788358,0.0108088758181267,0.0717637183916917,0.0140357332379649,0.0093560372414099,0.0482730626300489,0.0143412177457414,0.0148398274566534,0.0407882669507326,0.0343992020794634,0.012855348116227,0.0553635964563385,0.0978196200329723,0.1164647660502129,0.068365709486879,0.0603779988417235,0.0168264815958971,0.0746952279975086,0.1308924950956365,0.0876467256562023,0.0561038473604268,0.0437662949154693,0.1280014278291513,0.0641623612096031,0.1175775177724482,0.0932854467108095,0.0218967683486436,0.0456320050411362,0.0928810535434234,0.0694030693536493,0.0696193861523809,0.0751533840101266,0.0001378388998653,0.0909386315267048,1.0,0.1327296334021827,0.1282931662570583,0.1401104736122946,0.0458083400642378,0.0271896287422162,0.128936662133234,0.0152868876517086,0.0900448718485419
12267,0.0278471434763452,0.0152342142651333,0.0144210321773527,0.0156939247664051,0.0287152329665465,0.0761610283670299,0.0804003869999516,0.0364592650063709,0.04539198202126,0.0666911393477748,0.0734134696880806,0.0707774612619738,0.0883017184808578,0.0989883046723675,0.0597703625074159,0.0571726991259102,0.0808115547532072,0.0686465994150771,0.0299076879523246,0.058679135549788,0.0379460248569317,0.070928125387961,0.0447094356346176,0.0563144423830632,0.087933850730341,0.043651839219419,0.00374960965385,0.0916729341933985,0.0324602488640005,0.0762721621871427,0.0613668000100897,0.0678641870488052,0.0352437438708417,0.045767830758243,0.0587869632814752,0.0362644985269777,0.0426484899810812,0.0315525700856597,0.0496215821490924,0.0885701929301367,0.0605144982608025,0.0942932253150186,0.09269560317404,0.0768169147986327,0.0435962540646956,0.0553633635336707,0.0338654747247919,0.0573786132990052,0.0907309224326151,0.0743026511421968,0.0642650262260832,0.0810523499251833,0.0451945120840676,0.0487227572365536,0.0681065261531439,0.0663791270090912,0.0666390810111439,0.0254327166433296,0.0513647647125625,-0.0048073746405234,0.0267295372853758,0.0489646498600023,0.0488135235686606,0.0074205090942681,0.0666511707218936,0.0515169627748369,0.0506742951276858,0.0155098600807493,0.0512128226090606,0.0899071463399879,0.0898367775792382,0.0314100517762516,0.0734728656603171,0.015388387801502,0.0285562668873597,0.0736565278505105,0.0195523131841171,0.0727047593904543,0.0982126232198289,0.0619352484637496,0.0578767840984348,0.0927423039299156,0.065208593202988,0.0177333021721157,0.0897646010705904,0.0864640301197619,0.0123754969132867,0.0236529262323716,0.0592260537118185,0.0475153205810119,0.0207600879264223,0.0652978372469171,0.0404264559261461,0.0423223608701794,0.0495826562981212,0.1337595754878671,0.08719157139309,0.0501530350156183,0.0805573128645226,0.0052693375135947,0.0725899117824555,0.1137872703981782,0.1459521942625118,0.1081081442973591,0.0543961319138769,0.0942969167973773,0.0927067338904521,0.1035485435906629,0.1034994420950641,0.0762396817684206,0.0697243311699782,0.1474396246886952,0.1050713221767271,0.1033508302475756,0.108462286921883,0.0380727690302569,0.0663212820761604,0.1327296334021827,0.9999999999999998,0.1347703012419063,0.0969692285446352,0.0366110462643078,0.0734853055151791,0.0922019787974336,0.0485239995491595,0.0895713398937207
12284,0.0479854578924405,0.0294878962914021,0.053748359536636,0.020280740264006,0.048575501676412,0.0808101100426861,0.0905815872071612,0.0553528331360021,0.0372614521391328,0.057275840940884,0.0759144396247402,0.0687268485306105,0.0719240890662575,0.1268571214552663,0.0550984372405237,0.0783359498230842,0.0784673873305074,0.0377233552198908,0.0430727682640068,0.0753469527837616,0.0452352367746317,0.0685481474286473,0.0854271941369729,0.0624717655466611,0.0719888684902045,0.0606640692220276,0.0289372473698328,0.0769871012603893,0.0528797126098945,0.0765618786237539,0.065865266793204,0.0658066002738457,0.0539192961741227,0.0462734753265371,0.0665786890248997,0.0538598847464052,0.0338880610342798,0.035714676820403,0.0415794524401478,0.0696591416415436,0.045215980151067,0.0822233645654611,0.1192655106821936,0.0939000635027348,0.0588789811230595,0.0871152567752586,0.0401319724437312,0.0396959837119535,0.0814412395522623,0.0770609591704768,0.0793881234866117,0.1037975400678054,0.0414067128703212,0.0495513842760583,0.073176187426519,0.0767317426355375,0.033343382827845,0.0446551586416127,0.0430359338628554,0.0246542869097957,0.0458150606177159,0.04130383969997,0.0720058013745397,0.0160857392649949,0.0567128490670718,0.0746068646819705,0.05111394213633,0.0200634396688358,0.0554174919687314,0.0916844607949736,0.1069539458396044,0.0249176685716775,0.0648917657213747,0.0516806552574612,0.0693957571453382,0.125041172285613,0.0574931879240309,0.1077225337372967,0.1145566951946446,0.0891747648074061,0.0814353470113924,0.0875777954831694,0.0733350278583647,0.0150917722139895,0.0499028397523617,0.057023762894561,0.0499146082207743,0.0729764729043521,0.0643417699587599,0.0461287171551971,0.0318940053288455,0.0660669560303515,0.0396193980689245,0.0509075086114395,0.0640468863138096,0.1071255593389078,0.1036527345132808,0.0623545539124597,0.1046529489011664,0.0256335900538014,0.1017305600816547,0.1285135718189278,0.1036814799465581,0.1428917407567774,0.0819148783902983,0.1282641353033168,0.1144527757455978,0.1174273610206604,0.1150148295507172,0.0572776902071337,0.0692952367313441,0.1357134184301422,0.0987194959181396,0.0614880230213909,0.1280632362375837,0.0580675486079403,0.0653445664416202,0.1282931662570583,0.1347703012419063,1.0,0.1436386279939146,0.0572695127489639,0.0972922823549895,0.0763272550055452,0.0586854127123087,0.1176249787921682
12290,0.0309452749145223,0.0281512358744459,0.017096841230845,0.0072841106825702,0.0455562775618572,0.0600609982459558,0.0620794256318053,0.0392116372629735,0.0457078805929772,0.0613532493862324,0.0699498862261378,0.0606342740345967,0.0774970300235368,0.0975886422853923,0.0342706795853545,0.0486056482311911,0.045857660652424,0.0567767932925655,0.11569395402403,0.0547398458745615,0.0263436956802699,0.1259807197735047,0.0437489040155965,0.0754228886848664,0.0860693661531935,0.0528991231543476,0.0174255121871287,0.0970929218287558,0.0208111058077053,0.0628010193889835,0.0572096889518635,0.0444554101759921,0.0235452505707319,0.0651111674683363,0.0637109593844232,0.046651415526369,0.0417481049103169,0.0268747431711191,0.0420857609012675,0.0284378751154861,0.0583434535236074,0.0726175012682978,0.059439814732638,0.0669017629033259,0.0577335219961566,0.0642716596523,0.0564496653613426,0.0093575006121631,0.0603731652539463,0.0304475104170466,0.0316293080840473,0.0894588186585429,0.0498501133746101,0.0411394025391492,0.0320653468934249,0.0516301589924026,0.0291473603096329,0.0273890493945741,0.0396301308860236,0.027273496051007,0.0414204436529671,0.0675118733269804,0.0586301634384267,0.0336109353514887,0.0253526870358049,0.069019474382575,0.0443118701717144,0.0214223984463518,0.0257646876323197,0.0752931405116709,0.06955739319156,0.0070310147458188,0.0600175358253143,0.0198157517813563,0.0496588964222169,0.0893908528786613,0.0187895465575792,0.0891165864139713,0.0935991788276036,0.0446641862877154,0.0287692450155493,0.0705801098973037,0.0536180150123097,0.0457930514087529,0.0412867943517111,0.0482651478300192,0.0260479373272389,0.0462793187202055,0.0394274983313234,0.0367631182973066,0.0879348616619277,0.0360959336896564,0.0474701001200458,0.056081100108706,0.0622407806198362,0.0914512237738587,0.1128056815700021,0.053657321065488,0.090932340308252,0.0909570073202098,0.1020235191219457,0.0622090710773947,0.0634485700216847,0.0942308447520961,0.1311349227282507,0.0936329388916671,0.0415246479243758,0.0847372775053505,0.0836542383700303,0.0409798695109794,0.0739695953359412,0.0815729066519284,0.095180879548414,0.044231912464202,0.0920075957829524,0.0555957321004577,0.0536382873287395,0.1401104736122946,0.0969692285446352,0.1436386279939146,0.9999999999999998,0.111442203376933,0.0882665238784085,0.084746687873361,0.0350622949900339,0.0627206253326602
12316,0.0069924863547177,0.0140588543300111,0.0180134502128746,-0.0040961825593888,0.0083609977887583,0.0136070502743847,0.0161931451131968,0.0087704347723965,0.0049987139755143,0.0310398311955368,0.0218806627621137,0.0090754771705278,0.0309204110562005,0.0352255525503675,0.0076875303669217,0.0092764273210461,0.0020835353193983,-0.0050417290236433,0.1053602855217208,0.018422565109137,0.0088927060820506,0.0429614912736809,0.0268357455416068,0.0337296632583831,0.0290576626101646,0.0017542087819638,0.0424162265162729,0.0281551818472754,-5.495692282479057e-05,0.0211843896401879,0.0316627352739825,0.0295404322245764,0.0056835362049541,0.0226697688632432,0.0136166521329906,0.0058677537078005,0.0131892894535253,0.0035975547758964,0.0175190282009137,0.0139870068465547,0.0594867679369315,0.0098916417400109,0.0088735146590639,0.0189963730873329,0.0222821439677536,0.0106951426376988,0.061545114547315,-0.0001167766205107,0.0115089748106354,0.0136938564811801,0.0298834997158351,0.0274465972326438,0.005856544461594,-0.0021130315008695,0.0039659953067726,0.0102989285545941,-0.0080160746422527,0.0043045610395584,-0.0013028051122699,0.0356279094056771,0.0262247071655296,0.0411252287671304,0.0317831422461855,0.0573926114051807,-0.0045236239362866,0.0445893411698938,0.0191242994232389,0.0121341633168288,-0.0010168984391765,0.0190211382409034,0.012399250337225,0.0092323445717348,-0.004773983920285,0.0377759502947597,0.0197211386347735,0.0159662034729382,0.0183181796626902,0.0298157757772131,0.0448258386528485,-0.0005537134240728,0.0101097409917484,-0.0006898558058873,0.0133702142970789,0.0891834768286446,-0.0086594029818124,0.0027656859679685,0.0429210534180711,0.0206978056406124,-0.0023585322999262,0.0032072792284062,0.0713725451773188,-0.0094347242455048,0.0224323338181137,0.0237651640735036,0.0006315104396853,0.0080401716366109,0.0292634703775415,0.0052928843850663,0.031867665946632,0.1737577871729317,0.0913218764063919,0.0147687065968411,0.0102088290168708,0.0493639989654854,0.1566938739855174,0.0158665272683621,0.0262823445722029,0.0279865644656283,0.0373218458688168,0.0318113492183679,0.025920882230625,0.0431407534853461,0.0412871297904752,0.0254530663559948,0.0288642975019805,0.0381042752171335,0.0017781868355905,0.0458083400642378,0.0366110462643078,0.0572695127489639,0.111442203376933,1.0,0.0171228646828024,0.0231616338368977,0.0001858372280665,0.0204616520805022
12346,0.0105195345804924,0.1080812521594407,0.0080016244086653,0.0079488550403415,0.0162847007846416,0.0372040603045343,0.0646376850589439,0.0236977686798341,-0.0012976473059851,0.0536571885998173,0.0666627050024286,0.0246203969562991,0.0588380174131772,0.0768084147739741,0.0495345414995517,0.0176582336410945,0.0321309773759809,0.0168711283200749,0.0035869484483299,0.0222247651354313,0.1007773751920259,0.0291541736898605,0.065053845990036,0.0840982317810436,0.0170260262168375,0.0953448966235943,0.0237147147650269,0.0408474374107039,0.0075103663401451,0.0706011299584885,0.0332300894858991,0.0287697528361503,-0.0040799017888233,0.0244851485969216,0.0174260717386353,0.0330840944885784,0.0233003550007704,0.0408375952149831,0.0296135963777406,0.0224553566939895,0.0382967180600615,0.0390147231870556,0.0391270609621998,0.0412732371450514,0.040011229907225,0.0330667111368953,0.0163380588543679,0.0033592609838329,0.0252114627915325,0.0410159957994479,0.0710982750567994,0.0627289326766097,0.0597260115921823,0.0184163470035187,0.0136003321383874,0.0238794819257286,0.0025211412933478,0.0366227044458171,0.0229126437159413,0.0254995027059145,0.0441006673134604,0.0372527761771544,0.0442172898541652,0.0064741581248193,0.0120901745744874,0.0442350278473579,0.027746584152624,0.0431008768328641,0.0222790481684101,0.0536021027687254,0.0508753541947005,0.0143730470437314,0.0246939945389946,0.0511226330083878,0.0552377310293061,0.0406473414046653,0.0321226086650718,0.0930772871594345,0.0345783544666685,0.0377286406054494,0.0256624422135106,0.034066461853628,0.0649806536389997,0.0306298181995808,0.0189155647852384,0.0052423874772511,0.0321354400933894,0.078675688055883,0.0216827759531625,0.0154207292623452,0.0181098699167653,0.0193440429601869,0.0216078381111016,0.0212723398555995,0.0219546312103675,0.0389744659707652,0.0317737666065928,0.0406194597342623,0.0322339067193318,-0.0031573065708212,0.0524107363479427,0.0530346281421146,0.0261387025655746,0.0859294383142675,0.0324613300093852,0.0345626144082657,0.0617428016322024,0.063864621967375,0.0819818238310533,0.079968119265346,0.0170251646562134,0.0415301284446554,0.0819614151695257,0.0713786615657554,0.0624542180802929,0.1338542671899744,0.0362034829118353,0.0271896287422162,0.0734853055151791,0.0972922823549895,0.0882665238784085,0.0171228646828024,1.0,0.0267958690801657,0.0184571788297407,0.0405116921462214
12372,0.0494831007905155,0.0060097433011693,0.0086501645245693,0.0194156764998003,0.0247392104043566,0.0323264347196618,0.0576680731890906,0.0477452127350644,0.0370195147673245,0.0411652197116442,0.0313015486380901,0.0664708951236124,0.047081726568689,0.0669688441521852,0.0411521175979309,0.0380314688794786,0.0575902625672919,0.0476355882504776,0.0278674206509661,0.0263020141521295,0.0200505183862708,0.037334020418214,0.024312207255153,0.0349852164433361,0.0631101460411665,0.0293196396418948,0.0061368185293947,0.0624561326850124,0.0378467357874275,0.0426844239725616,0.0468150645521835,0.0347684557031612,0.0157198384594395,0.0194827550522218,0.0468227808263227,0.0233458465971819,0.0234931400194306,0.0266572717804711,0.0369231136465078,0.0260778467670856,0.0513867369589105,0.0495705046260032,0.0593423376008534,0.0587570721289794,0.0194060712432501,0.0625466829866698,0.0259903208712252,0.137886993976016,0.0582997099832881,0.0428692815631837,0.0374651166665645,0.0442270969812082,0.039093132783039,0.033943618066575,0.0289012059976079,0.0384992404544039,0.0481113057982336,0.0072673505021254,0.02549657643976,0.0004581300572512,0.0036608533462969,0.0277769533952295,0.0197643191305166,-0.001693906948237,0.0081727082890276,0.0303317129905402,0.0280541697553698,-0.0001794366185609,0.0283005012378748,0.0311147570603411,0.0490101527773201,0.016762763324693,0.0330807707001613,0.0128966866427064,0.0014564576784142,0.0399119607716714,0.0005486994144786,0.0326977026532745,0.0364351391190027,0.0377442171706165,0.0218789180716598,0.0488229098644274,0.0209360884809206,0.0027716662101442,0.0248142996723816,0.0502726087727523,0.0200079747792655,0.0012515148589909,0.0299489038943134,0.013404797748211,0.0098356917433897,0.0084014041749591,0.0154454268623431,0.0070846099701369,0.0460066005087839,0.0443365354648819,0.0636200300822072,0.0271280364599934,0.0520055882925907,0.0220968702865817,0.0447032249647138,0.0937069530587829,0.077396580724496,0.0465481468338008,0.0747726212027277,0.0616979476389531,0.0516460456230757,0.0578228346993583,0.0514629298599267,0.0229956236036394,0.0769318089176625,0.0631538775443323,0.0610583455880282,0.0694106184483536,0.0529301173537023,0.003235566291099,0.0444891629865577,0.128936662133234,0.0922019787974336,0.0763272550055452,0.084746687873361,0.0231616338368977,0.0267958690801657,1.0,0.0491251316883409,0.0823369187719553
9000,0.0163399004340126,-0.0014346462476367,0.0064556331440099,0.0099968885047809,0.0076874954005484,0.0361663160027393,0.0283241864812017,0.0356811772437708,0.0096257560434487,0.0303120071833286,0.042169332309147,0.0372959522683539,0.0517282169113477,0.0620362722449408,0.024441065292597,0.0721318539605626,0.0457963257538647,0.0254953888659869,-0.0020002106145135,0.0466958574673306,0.016815675647575,0.0178950342876095,0.0209118502094994,0.0352537037708132,0.0265521351669072,0.0251663185383992,0.01283223346033,0.0450492708327377,0.0415464119688216,0.0515901682374563,0.0241958326650294,0.0247099462487329,0.0077614359867902,0.0179099964919458,0.0589378105759491,0.0110458375087818,0.0264515514220396,0.0260083279371252,0.0146156012576846,0.0597368275655171,0.0249226957397546,0.0409294547779228,0.0680008121833671,0.0673507689530302,0.0276274888281975,0.0342759800488166,0.0168606618086397,0.0178822556271492,0.065480165270343,0.0245864363737842,0.0360803333710907,0.0535408551070331,0.0319462448776627,0.0434512474409074,0.0751290644814665,0.0314961571906515,0.054262658496309,0.0609112604724479,0.013220290044706,0.0087751203954471,0.0272702860908256,0.0198269156087901,0.0528972407747859,0.0090264758974353,0.0508970257430829,0.0534477505009918,0.0404547743173264,0.0265018271713704,0.1274625063089579,0.0946783898819572,0.0476040786344206,-0.0023903520137764,0.0389071563637804,0.0274020842711357,0.0588053107096024,0.0660730794213978,0.0246809526409763,0.0526966164955219,0.0624570957206843,0.0120371992003211,0.0585552573466724,0.0382837688509841,0.0663749555514749,0.0149462388086448,0.0607400810491587,0.0768408212714794,0.0040859133161952,0.0370708151803529,0.0483764309659505,0.0376747703289693,0.008367342852875,0.0539151582221373,0.0455692700420164,0.0412885996801248,0.0539424557133571,0.0565281105365039,0.0359717107281335,0.0416599278715731,0.0494429441114161,0.0084120702259811,0.041086099243368,0.0159374745823742,0.0613621725995687,0.046841155687848,0.0405814394810776,0.0556948713361772,0.0471780201021923,0.0479153317258619,0.0526413848530824,0.0187937944785227,0.030840493519689,0.0548538477825157,0.026097193755874,0.0125720636227899,0.0706193610206263,0.0163432476110533,0.0483213538986101,0.0152868876517086,0.0485239995491595,0.0586854127123087,0.0350622949900339,0.0001858372280665,0.0184571788297407,0.0491251316883409,1.0,0.0605533192093712
11931,0.039473024754201,0.0078588169600613,0.0425136547272561,0.0204996392014694,0.0259857732425442,0.0476466241000896,0.0733101030543558,0.0496171334873072,0.0258821143992948,0.0430980416739771,0.0584312788294509,0.0557325862006979,0.0604989921738617,0.0787801239958885,0.0378236609614054,0.0540755583049799,0.0777071508947308,0.0385602196522089,0.0152348235865339,0.0496413316667944,0.0372464285339025,0.045390543301389,0.0485428516828764,0.0377480901314737,0.0668140860406981,0.0425638958783583,0.009949649448817,0.073541895978197,0.035622158802613,0.0623434353505047,0.0429223173846888,0.0579704442101837,0.0179714210213441,0.0285898893670533,0.0391947195126859,0.0306662391901755,0.0281672656552545,0.026365386548132,0.0224319844892853,0.0441015848389774,0.0312841784418397,0.0528279967605353,0.0873938737699268,0.0670561499183987,0.0239657991796735,0.0590096495301318,0.023615482701391,0.0336402971949713,0.0539577592798055,0.047120916805234,0.0354854021805244,0.0757886246590658,0.0286042601239509,0.0556199248017476,0.0650899449660542,0.0748313464289657,0.0407276585159688,0.0357060037456948,0.0224204612349398,0.018606624813528,0.0320703835601372,0.0415978488344699,0.0547198445359168,0.0160762601071994,0.0409650559022347,0.0492520439352232,0.0603360354228969,0.0246361040318583,0.040897525592901,0.0648457816697846,0.0759297748982282,0.0025330854637517,0.051036134745409,0.0331321362931809,0.0550532236751066,0.0911158659690641,0.0238181703954633,0.0530501394420471,0.0673445056301676,0.0310502458865333,0.0338742743060641,0.0762339360151733,0.0541003446338761,0.0009074201058243,0.0502638197452092,0.054809157382343,0.0228879003586452,0.0413983874081157,0.0491120932015796,0.051855429280379,0.0202367934241623,0.0444962014420784,0.0306991941176602,0.0448100875011952,0.0629545250620769,0.0985108112996452,0.0754638169404783,0.0523465866098288,0.0708500487602987,0.0210239581574345,0.0480525977452641,0.0971249132644711,0.0810715048619901,0.0785724729381561,0.0572967471253838,0.0821560730591831,0.0795942751471797,0.0970548220189383,0.0866007378640244,0.04090454068625,0.0622342445715818,0.1002531926034006,0.0676091225331716,0.0454834833717722,0.0910501508838128,0.0216457108692844,0.0657864759340489,0.0900448718485419,0.0895713398937207,0.1176249787921682,0.0627206253326602,0.0204616520805022,0.0405116921462214,0.0823369187719553,0.0605533192093712,1.0
