unit_id,2158,2162,2196,2197,2199,2200,2201,2202,2205,2207,2237,2238,2239,2240,2241,2277,2278,2280,2448,2484,2541,2648,2678,2738,2757,2778,2842,2859,2860,2976,5404,5432,5435,5436,5437,5438,5439,5440,5441,5442,5444,5446,5474,5475,5476,5477,5479,5505,5506,5507,5508,5509,5735,5743,5875,5908,5940,6191,6216,8861,8868,8904,8906,8907,8908,8909,8910,8911,8912,8913,8914,8916,8955,8956,8957,8958,8959,8960,8962,8963,8964,9000,9001,9002,9004,9155,9330,9337,9390,9401,9427,9428,9446,9465,9553,9651,11878,11882,11883,11884,11886,11887,11888,11889,11929,11930,11931,11933,11934,11935,11936,11970,11971,11973,12246,12267,12284,12286,12290,12316,12346,12372,12562,12568,12619,12637
2158,1.55984292017115,0.018458821702377354,0.03294819543872249,0.04218687183911735,0.03199340503884498,0.050567861720199524,0.05554353649916021,0.06073259055674705,0.04648636631376856,0.029643884091999168,0.02595588256210958,0.04438662501191668,0.021256545637482943,0.03867427389638339,0.02607440741027359,0.00488725342126689,0.03581154538661106,0.031144177635093372,0.02072466601493737,0.025119942868355304,0.01591856033640396,0.02383335658480909,0.008179502282179833,0.014700731683035234,0.05472186859719063,0.039307013649607314,0.020667891494651144,0.06151798249205887,0.10678656859170844,0.04090680755912351,0.04560145562660219,0.03191723726781383,0.034032934582797776,0.018060723645979188,0.06401457463883736,0.05100081580488257,0.07529313297504887,0.05413262673927833,0.047090644598920206,0.011782058215516908,0.037120362234995576,0.048300454709120165,0.029204156845516197,0.04284548807571218,0.01929387112817154,0.043668719920263055,0.060096063920328485,0.03707192548596396,0.04126224759517136,0.018254527738161313,0.01068677879095534,0.03446042092423641,0.031161657440746077,0.02489748895815667,0.04939073580215215,0.027487301163474195,0.08654601193003358,0.0163469924567347,0.014589156369745785,0.02430820531494291,0.022385502480993063,0.014234488136939111,0.016148553106693754,0.019729923455369686,0.04188221845316161,0.019944195978759637,0.0126722606152719,0.011746730788104086,0.013385700456165179,0.01823573370767038,-0.008423708338189376,0.023638430685509696,0.004925585894262716,0.011980602091901606,0.018645353463765373,0.03094060335885093,-0.0011527273922321826,0.020460048045715034,0.018104900832641404,0.01899760430272942,0.017266505105069947,0.021181540420702086,0.027859114181736384,0.009325721555404213,0.006319565170925401,0.031246503638237104,0.0402846151954116,0.03238984282240838,0.013549321379219171,0.007753581587174895,0.039206457912576424,0.024971084903280486,0.035940690996446104,0.009312471963287248,0.04157176260165758,0.035045044398413994,0.04947094293103497,0.03598410695383168,0.018915593249175158,0.025262143420521178,0.039444604141370826,0.05649880051105712,0.01972872060999836,0.03419383348318898,0.04019927893855001,0.01837800097130494,0.03619435095080863,0.010467407607806633,0.03907723544407175,0.020388570690409436,0.0036049402039159666,0.03967286987606226,0.033731273462310196,0.016453741524538882,0.04265572282068744,0.024015575244874847,0.03440408288562079,0.026062502957961677,0.02428092141953949,0.008234013809330008,0.010522755089244685,0.06147788531938673,0.019400992108576695,0.03397835816922047,0.026781561693095767,0.03210619790543594
2162,0.018458821702377354,1.0591334781262172,0.010187784360461378,0.005861493868254431,-0.003405282550349727,0.012657466472169136,0.020019874596942485,0.024724468227081426,-0.004910279538584713,0.04440519096808688,0.014957238571944058,0.011746574102849834,0.014258615066891604,0.026188620013080446,0.0050600508911439,-0.0002796871582068326,0.002843956264654333,-0.0037197311114647072,0.014834294162901504,0.004205779786338823,0.00830565168254862,0.008614376859003858,0.035675728002734476,0.032282213594801844,0.01310628872341045,0.003236103900008612,0.031860453136330236,0.026391763309790123,0.0035696737690889355,0.008525944334265352,0.02192869945500826,0.01012776342741993,0.015385528919272069,0.0051285153822006055,0.0016434957525068442,0.008318393378036994,0.022691481531776303,0.036677836590901146,-0.0014018326365257646,0.008889038890730823,0.015637117867062098,0.010800113155838073,0.006935397296508232,0.0064849649567253085,-0.0010102419005158846,0.010687399394231169,0.009270280363970968,0.014754133359566522,0.006266660252526912,-0.0021800802707768524,0.03876901332825211,0.003662599191500954,0.005532585523676585,0.005834495321555277,-0.0025281804417721923,-0.0009592577730328529,-0.001986592250239321,0.001894407954844294,0.017852913511477348,0.00833105102988065,0.01545200592499563,0.008848571210456133,-0.0032110587671077707,-0.007739040026408258,0.00989414528386817,0.01963698136974617,0.01053842365395592,0.01348877070281916,0.00017091600947426422,0.009399561013334645,-0.008372407551047999,0.011223436632900027,-0.004273021159042469,0.007736171649157435,0.003807508297285545,-0.0018142170885136841,0.0011428533340650069,0.011746034175608716,0.00761030632632417,-0.0071411228880887455,-0.0015920196216477156,-0.0015324555157169896,-0.007374091769479236,-0.0030954805760403255,0.002858540087214259,0.0017418949887731568,-0.003261745317180637,-0.001993503022893806,0.006116342647291176,-0.0069656348636346005,0.02090172549722237,-0.003965114645554895,-0.008167010296211941,0.014153002639347248,0.005171430119140974,0.012694279888281413,0.017639294037549227,0.011529416646624716,0.01943168023882237,0.004072231833531574,0.04195135783405175,0.0045427619307070585,0.0065525749519053135,0.002045187991006156,0.031754791954695154,0.007616611497848256,0.005937894468034042,-0.0011949985537763766,-0.004113815940905327,0.009117679142380146,0.03510155168462643,0.0006618301346789607,-0.008317902027364547,0.015704195045501294,-0.006095723965047802,0.010825982375703404,0.017421239340093663,0.02171338869617476,0.01820133314373453,0.01364158424503889,0.08908779693993901,0.006152517407318995,-0.0024886692806632225,0.010819251675448376,0.0030562258410980264,0.0009242102551281197
2196,0.03294819543872249,0.010187784360461378,0.957641395904171,0.05363219165134025,0.015070983501403408,0.03378360450832522,0.040024952436622026,0.06413980092968113,0.00956332758720084,0.012137196075586505,0.011414511534094122,0.014550240061933761,0.005516627901414864,0.014205100883213221,0.010299530779659649,-0.003231932160174815,0.020060479835032948,-0.0007932294426886689,-0.0044235828107442145,0.017097942361059746,0.01710804067025093,0.009255799701462238,-0.0012441871193420715,0.0024192902861058145,0.010846782996064485,0.04714347055019935,0.019770398121116972,0.010412257257945399,0.06197259157995901,0.02119273574726548,0.018010677811537996,0.04292695003183603,0.04680710995787236,0.020358044703044344,0.03700020886774415,0.018601207646030588,0.028054201691237166,0.010356065384518573,-0.0009454879662229404,0.008197617358581329,0.020717098250860114,0.001542523929811073,0.016233366153317073,0.023290996775354105,0.02086733147505904,0.00849650355543597,0.005386356871929303,-0.007637611448829793,0.0063833065756762515,0.028353635638024195,0.017877684573749022,0.02067098431297303,0.025043031229622984,0.005094119976765695,0.0035385319458686336,0.021397560143184554,0.01237516151335225,0.020788392103916926,0.0010949455069682187,0.01984548139208952,-0.008497425624188612,0.03254584195868771,0.01092569856264969,0.019750545470289083,0.0051552053148980525,0.008396448044798267,0.02060672266909778,0.008618472536226178,0.0046008999598923465,0.013270113785302691,-0.009834356849616194,0.007476291794176731,-0.001932683983036052,-0.005451134362154471,0.01623540314906254,0.015283598213170836,0.035555382778132215,0.013140516275282368,0.006038286473276041,0.011932259906737505,-0.002819685636133663,0.0065570425227752,0.0213232620767958,0.005222504291355504,0.01323551950643264,0.024969688313748458,0.011594569290615957,0.010034614019446431,0.014667182023498225,0.015766045095978686,0.027127380865878594,0.02582618326252559,0.0027925345754823945,0.025752062450421782,0.027039780788696583,0.019304240923303104,0.013923710347496928,0.023159885663456614,0.0010579984007922805,0.033536391080202725,0.00584239296464415,0.00836715019538834,0.015032487939825355,0.01591588601134412,0.04166907426902129,0.014946894900000474,0.030544277010572725,0.02679241446561869,0.04153935386521753,0.006963416033913832,0.0077179274465891375,0.005194113242874018,0.005549123204581935,0.018757946478995265,0.005831521169924999,0.009744727737554575,0.030194412095277394,0.012019850952602412,0.01051108914324524,0.016620262911009123,0.006271510034031116,0.008420684666358175,0.004761296617991869,0.015130399253921019,0.012878976046303527,0.022780449849826256
2197,0.04218687183911735,0.005861493868254431,0.05363219165134025,1.05777498499372,0.02133707804546432,0.036869451848139424,0.01977201989226763,0.03420550205988668,0.031688577247113506,0.021911492656905635,0.02747061996329264,0.02424553538448643,0.010306936448335285,0.011964496714431425,0.006208267640276138,-0.01101754263198343,0.0112156482008266,0.0072042341286906115,0.0031061521262041028,0.023099386317359603,0.001124977633402505,0.010053542680335228,0.018041919456371767,0.006641730524636719,0.02795790317914247,0.001857409009629679,0.001531696222078535,0.02249151936075178,0.05051512195814193,0.023331379225303445,0.014901400026318188,0.0038511588643628586,0.009244463924786317,0.023427845228378034,0.030425496474688382,0.04977233190038259,0.02566685528454712,0.026864556411313197,0.00931294947913899,0.006055695546822475,0.01187756056180615,0.02568629396509141,0.01745171764484014,0.015100233728971733,0.04455477668742618,0.009970967692401394,0.004348604693236602,0.0010094073879094558,0.02133008078673811,4.079686809129471e-05,0.016521501903140837,0.01148383018468332,0.01665212343141942,0.046371334125759625,-0.0002589352902762273,0.002013555034597103,0.026051335087521905,0.017459636774616358,0.0045337164826705295,0.010240058668645682,0.01850315626422225,0.026840095982610574,0.01011188758346627,-0.00011475955885459352,0.017475790157701253,0.04402812644413013,0.01610186270620837,0.0035270009711065357,0.013573616291400763,0.007839060869177558,-0.017879505155139433,0.027249538464571177,-0.007704451299472894,-0.004694063710194883,0.027022825326293937,0.010212578332715544,-0.0014636870651161663,0.007477158313243271,0.01258260560236779,0.02870984251573594,0.015356607955964052,0.01067159160072909,0.0006902365317815863,0.007316395984052596,-0.007873137036176767,0.023935419951853002,-0.0018615383672908967,-0.00232233591411852,0.018612972162477516,0.0006472351279176346,0.038295791789444054,0.03466878261055716,0.010758025982171853,0.022472317647913527,0.02988091345060524,0.02547414583638144,0.012570645748063592,0.007790937276268346,0.028003184202343056,0.027447658559767094,0.004210634951120479,0.003119533283665796,0.010107514787436976,0.01791995585053691,-0.0031021491922519117,0.01277786016606069,0.0154789970227734,-0.004186705438384006,0.021448429961236592,0.014280359312513301,-0.010907821658925912,0.02007473443804049,0.005865541178196563,0.006346553186287233,0.0037090375260400337,0.01114551448902038,0.011974030447286415,0.014613249034207293,0.00470655965405547,-0.003972057078537213,0.006547774693882226,0.019864185151187336,0.008886525125721113,0.013799269334826418,0.007259504238595992,0.008421662357062988
2199,0.03199340503884498,-0.003405282550349727,0.015070983501403408,0.02133707804546432,2.2058623300591433,0.03162678766275433,0.03793765841660359,0.07779424673141931,0.06286966511500118,0.03898676480537788,0.015331883590528316,0.05261214088824362,0.028373481450444427,0.04200481052366808,0.026918797442126326,0.05981817977115702,0.028131171097202267,0.01582695697712372,0.05877458482600952,0.039501435381620806,0.010053618548810381,0.034339607510988475,0.014684971001486608,0.01413261959191146,0.04553786786749756,0.03546363600000282,0.006980251802302437,0.043646727249845266,0.05128671363067224,0.03727471227549251,0.04320906225594743,0.018431452595334106,0.016820420667072084,0.04205462543339187,0.034340228424266254,0.08004099057971387,0.039735472180223844,0.04530114084538846,0.06149428603010822,0.01755591522191979,0.014042204426192974,0.055331259728796205,0.0185750808684488,0.03337054436384856,0.010127365621259442,0.030954096822639277,0.020810810781752474,0.026990204407119488,0.014619180764239058,0.05745576625146891,0.0070190302468134975,0.033003462153090364,0.02841379482433434,0.029416823126883086,0.05179732203138678,0.09990207447739277,0.060473238847993965,0.012535246570102526,0.05675504791988738,0.0298268505290883,0.02224290040557577,0.007361068739534422,0.019359300725905512,-0.002662096097239869,0.024010224548076112,0.017690175752219706,0.0019010596314637353,0.016147215816037022,0.022016332630874217,0.011224013216875096,0.00964760476935484,0.04049171002338183,-0.021470085658567725,-0.00945163897918393,0.005130015683773835,0.016703417604508622,-0.008649968665870821,0.02063003787957168,0.027829798066894444,0.017717759166417255,0.017921849304801528,0.011850639119058794,0.01271853397784615,0.012043572596672549,-0.0009088514806573657,0.029172852492779996,0.023845275670481458,-0.006839562368486554,0.017001454698129304,0.02739981526112625,0.004135652117485023,-0.010402685439569273,0.031087987634476955,-0.01113150022524672,0.02846249676138177,0.03779586437768804,0.03965814162348647,0.021982022050037773,0.03989002837972276,0.020476013243711736,0.05003502735208573,0.019298342535823885,0.02697750579435235,0.0028014556842770122,0.04212023837557923,0.01822490951876101,0.028335103257425047,0.03186308668524593,0.045521576409366875,0.03571860427878311,-0.0026473069603936247,0.04901045692741081,0.0389247253018058,0.008873368755717927,0.039280964145561426,0.02944919681009882,0.04141583346021666,0.03024033684243343,0.0425077206234055,0.011708111268347858,0.019371421424426088,0.036550777323009126,0.03237343451728627,0.024167317658924662,0.037543774828769014,0.02181338492767848
2200,0.050567861720199524,0.012657466472169136,0.03378360450832522,0.036869451848139424,0.03162678766275433,0.966590365828199,0.03362368041037878,0.06861657998989462,0.03983605193738698,0.028908303467739663,0.05221171535891411,0.04390232935030134,0.044113407413997496,0.057519184908308034,0.030567586388199383,0.0466393043876492,0.04474201521130024,0.03455661324930869,0.010275255807306953,0.044120744478405804,0.019835920766979785,0.06061989017229295,0.054610017150638374,0.03885180218462706,0.05749157149427935,0.018441885165879374,0.012376883247805073,0.03946547214495165,0.06012217918211116,0.03782805138981028,0.05111429051642241,0.045254751157713186,0.009146517114127393,0.0795271991186708,0.09112352828721004,0.045589842494137583,0.05434989802554256,0.055781219112483627,0.03138682499157313,0.08110507536969162,0.03367851812134886,0.05016771087384627,0.05685411306672798,0.04861451104195975,0.05967671351822897,0.039739901338977646,0.018980208395839172,0.019512277377918594,0.021578098720964032,0.0287922579239921,0.04183985604724682,0.048315415158150465,0.04037156201174448,0.038233295450203694,0.05155974021873432,0.05917364386428982,0.08611464019849122,0.04971758642415419,0.04454923194925288,0.01695156292509348,0.026742349537243058,0.05167520730004627,0.009186163658189797,0.057351668540255425,0.031261681989245116,0.03079244653535832,0.02730367301974634,0.027838040754685562,0.036457246410357434,0.036633004351835106,0.005094401451121823,0.06883391330195883,-0.006823079686003169,0.008477437494751779,0.04749388140432866,0.05862989855285308,0.021419807897025734,0.05410582664986106,0.03645689907845682,0.02636484826237209,0.06946527267601023,0.036905679478800205,0.04667447432986056,0.047127462212342604,0.008179217455631459,0.06687445051919667,0.03680911811100954,0.006599607349420408,0.041258937217751146,0.04364816167263068,0.06894105301303519,0.021291137095255066,0.10289303982482687,0.04425294382567044,0.05314706899227303,0.06997881456922585,0.05409693729804974,0.031397966270643896,0.06207652337172182,0.05023645034906254,0.04282370990848615,0.045874246317950305,0.04277648738812178,0.020090044655608163,0.03680049861119522,0.03914991889556316,0.034391674301754466,0.04977058834183947,0.03741608736656919,0.04512287322206491,0.03202572783167321,0.03649700303136278,0.03742600190690539,0.03649049520377698,0.03460953596928796,0.051704213810097856,0.04560861016422409,0.026856521024267197,0.03709745889853185,0.012613184570906667,0.02929571315608985,0.03161554124585307,0.031063098153613806,0.03648936260458233,0.03624203440264123,0.04698615460870106
2201,0.05554353649916021,0.020019874596942485,0.040024952436622026,0.01977201989226763,0.03793765841660359,0.03362368041037878,0.8158968451946259,0.0907804330167599,0.03343966095637439,0.038372580571466475,0.048755500275915256,0.05119370714139194,0.047060555790040336,0.05403734096992801,0.031191440112726385,0.029003493839576292,0.07661349619567108,0.05308158052923172,0.03383057838228961,0.050151162953831784,0.0841640182328528,0.06174785540341104,0.03699887677624494,0.03706860230756518,0.049813681828046706,0.06434158502603095,0.001006803919076196,0.0543661434311756,0.02766225986043518,0.05738687645381523,0.04477990058018885,0.04013615433906072,0.03016958269227471,0.1046323154016571,0.07327731411183758,0.05856217331248039,0.05089385197368563,0.07043023534379639,0.032304495280693776,0.04028960358585322,0.03743321883208606,0.048195031045398934,0.04533882687695071,0.04436505423016541,0.04610088976361751,0.053502715269801084,0.0378470910155966,0.024355606530196316,0.03855300445129706,0.059283481336623166,0.042010149433134795,0.041764566845445605,0.06375340110678614,0.04497266271743561,0.06117801366640789,0.022564857922629397,0.04493240204526407,0.04925885886270446,0.053877899827107174,0.014973527300287835,0.03332233234468771,0.05132271088826098,0.021784785169282606,0.05275078861725364,0.03052737769040012,0.03200850580751318,0.0187593586130266,0.027094769483386218,0.030077387313464567,0.05228455193324877,0.005034186470506795,0.0685509723323887,0.011569471008834275,0.019517180358315622,0.023024714051853214,0.03314179015640923,0.013887963064398342,0.030153833956372667,0.023985828968136995,0.04165968295996508,0.022612905763091554,0.026554784045554974,0.05100880536756423,0.030490853946891557,0.0024010789270485374,0.028436521328376728,0.05502521986915061,0.025181351631320806,0.01837867571642745,0.0193839642758001,0.06084895620335539,0.03787179395141384,0.0346619380831992,0.03633506957345244,0.035942745116196856,0.033250389928967984,0.05263224344670184,0.05360261999517216,0.03173018386149564,0.04965241118003622,0.03455897187515817,0.03228579638762506,0.0424445137225155,0.02156235709588684,0.06203535272360026,0.03474880052767422,0.048616244787382364,0.04839299822477468,0.06574634415536293,0.03180866728162468,0.030673380126893794,0.04969449651377565,0.025257474135391547,0.04208540982271722,0.053412179993885485,0.05014731378979124,0.04696966493994462,0.032678792900573884,0.03522862577116889,0.0137907652269805,0.04676230659868744,0.051817284396726414,0.02828979524248778,0.0499164814991531,0.03605293200559667,0.04263926224502099
2202,0.06073259055674705,0.024724468227081426,0.06413980092968113,0.03420550205988668,0.07779424673141931,0.06861657998989462,0.0907804330167599,2.400932709939749,0.023928943775560572,0.032438208805217035,0.03863295570403965,0.077829105624842,0.04579751940703096,0.05331439117491084,0.019245722456768647,0.028236628423542028,0.07396294292266947,0.033812855496725004,0.05238826684786984,0.037897837463388775,0.060369533924204674,0.07508558273564438,0.04222902971272483,0.031073190141167557,0.05237941999568127,0.02999691739064249,0.03555325377576599,0.03834145635839171,0.041607039097103594,0.054766565034808035,0.07580012792318054,0.03714267178462868,0.02946702827898428,0.04535329146041951,0.05127481876728028,0.038177271430954306,0.04211129496371231,0.07125167750404653,0.04275852741072881,0.03420536923222103,0.04784755090933836,0.056476059662115316,0.04513826825857797,0.04747939305585719,0.09665291419642348,0.04379195303002563,0.03894425892392666,0.023767003753150204,0.02732830892285132,0.04614822467164612,0.04539145798620055,0.04395937814567682,0.024638700817304404,0.07638017928393352,0.05210176762584575,0.07297186380017842,0.059781510596220146,0.027980200644984583,0.027487156229249413,0.047856307810721053,0.04553354479264248,0.0472319748732127,0.0437412843387331,0.0680403465206994,0.05488138990990101,0.05003118442669354,0.014465568189782816,0.02180558107617029,0.03500116713101299,0.039053569631543085,-0.0027848785565949092,0.0512349279190428,0.04197826492633959,0.03219834688621631,0.03835687112980002,0.03818335234583274,0.06912407297507776,0.041947592252159736,0.04134040754535592,0.029564331464876914,0.03209338983810509,0.05738479981333335,0.06478199526592629,0.038710048522720156,0.012903740912825243,0.07599710670649823,0.034480757425266066,0.04488893513066436,0.05999393365034655,0.025650152918766735,0.06375144504615486,0.05012665363927999,0.0551848291014397,0.03356986483203829,0.05281029179430672,0.047077088804799036,0.0635602183057743,0.043281792253499624,0.040965943680079296,0.07055547520811228,0.04679591081417138,0.04375484255340517,0.04378924924344802,0.02036150418561377,0.04562329622973894,0.040946195619797135,0.05644449835619984,0.017677431964309966,0.05551355204574775,0.05533367363186292,0.017080569426636695,0.042155813760131264,0.05367980383609477,0.051814289978317316,0.04237044647818958,0.03900944862034654,0.04923679297061949,0.03904333818115389,0.03817115979472287,0.012812994732216927,0.02940965663487959,0.07359383048393157,0.03425074570479195,0.03955769089625006,0.035197897697772165,0.053952226338463735
2205,0.04648636631376856,-0.004910279538584713,0.00956332758720084,0.031688577247113506,0.06286966511500118,0.03983605193738698,0.03343966095637439,0.023928943775560572,1.6365009369900037,0.017635523588074638,0.024340385024537153,0.06751686255975901,0.030826685540094167,0.042959699482068535,0.03182741746679586,0.009251483480178386,0.035824236908683256,0.051375422184758254,0.019524845435567376,0.06850038901438557,0.018475791245374844,0.0967408743457706,0.010994206875253203,0.023323181384290292,0.047280266486040945,0.01768757014961246,0.0037512420368329465,0.04934742871142596,0.04527067691738857,0.005155963705188351,0.016874934370530288,0.022845020715041978,0.010435095821816365,0.024033374467620862,0.08158195819001715,0.02109638283148004,0.0514187212882584,0.026644765229123655,0.08283063675395927,0.010875603934333233,0.03252224910898785,0.06216130331574967,0.031249575286631335,0.046468666672755,0.03914215931628972,0.036390010125443545,0.009723465619413597,-0.002552373269678359,0.030459214832354056,0.017114157152058437,0.01594191242959741,0.04899156461738714,0.013141231906683296,0.025663092491596807,0.009512565451088788,0.05017259033380872,0.14157548360785005,0.0063264416950025255,0.0286538174882926,0.01302552633946114,0.022405343543891502,0.03270925268095196,0.004464543060211463,0.026786708572793826,0.04310097812105033,0.026998495969129354,0.0069604379752705985,0.031455951252148444,0.022492313542838534,0.027154868569962468,0.022913527753215084,0.05636359665934211,-0.01361907202164836,0.01622831388660336,0.02261961564062982,0.049529196646888964,0.0390712511500122,0.02654796970769656,0.02566233851904766,0.09029416645104668,0.032967352300892684,0.012780877777688136,0.03807422141750915,0.04120539792491437,-0.0010305955403159862,0.04103548067722554,0.023610447267119163,-0.007947054325108867,0.005605176984769893,0.018473297968612298,0.0432579153661665,0.029784507115125522,0.03706014673682804,0.039132059404621305,0.05616995371455502,0.02032036395129278,0.05915139817665598,0.024692006568359876,0.05545181388936567,0.036173940131825094,0.011808802195334773,0.02153677370480661,0.04189145214228499,0.005767699093948056,0.014057196208935939,0.030655696448208907,0.024308481752514644,0.023584388076660964,0.05177483896356872,0.03205629721921874,0.0036586225923201385,0.04002814693458136,0.0436087360758436,0.030021834239999427,0.06892822331461002,0.04009675102490646,0.02736388862477435,0.019647853758787668,0.036734962297539205,0.0060291480287792,-0.0013295580459082362,0.04710971015784141,0.02840678877556247,0.03807287844794928,0.03128621942792747,0.020328041091005774
2207,0.029643884091999168,0.04440519096808688,0.012137196075586505,0.021911492656905635,0.03898676480537788,0.028908303467739663,0.038372580571466475,0.032438208805217035,0.017635523588074638,0.636102847408912,0.04553113700284748,0.027180403501842247,0.03971845114928601,0.048397794742190636,0.0202139732422721,0.023278366057856773,0.02813821339968821,0.024001474396607023,0.04237903878729384,0.023338095631324565,0.051715226299634084,0.034102169701826106,0.029967160151281178,0.029593258894801633,0.036495437115967734,0.021541506262375137,0.0427547339588255,0.045023523040924364,0.034444439519617086,0.03784268164184943,0.05104366884349058,0.034644263016617,0.0121836661103037,0.030700075995455607,0.03006354561515479,0.05321970891020134,0.028397249222249673,0.037773395873564826,0.017339369816363824,0.03506026472340412,0.03494174914648735,0.03381249220039337,0.019065582239073526,0.029105369879573264,0.02372424493380953,0.03376716783402818,0.02536701513321601,0.042670567297082365,0.02685753517324308,0.01970540123270707,0.02255071278800109,0.030156404480577822,0.023429951730019858,0.058152708976285696,0.01980104590391315,0.022523662830778557,0.036848836630090406,0.037824272829008396,0.05879992901675016,0.03686994245782788,0.0272203477432255,0.037658418029933034,0.036455746730474324,0.015890573428754322,0.021330280674427927,0.040385806445947824,0.028873014723383113,0.029961298548598633,0.03166644853417799,0.021665519503388166,0.007709728504436193,0.03611148255378192,0.02226762193225152,0.03589354164523269,0.03777424149212782,0.02522777097959539,0.0270546934116611,0.0297808362285434,0.02439857955351076,0.010670024931068637,0.017904729651727486,0.025092623304565083,0.01744003121620932,0.02413881562724972,0.015934923133305613,0.035933286543455005,0.021437492761722396,0.028186800816456085,0.05906744508948841,0.02331248419647848,0.048814586241638994,0.05102595991938911,0.02798960648037186,0.027578465569461474,0.04061544259516238,0.033491334020854045,0.03741252314763249,0.02852011297983758,0.020393554163808638,0.03879496319528528,0.04127110548082757,0.0336314110948031,0.023316563920094707,0.024661773630204477,0.050326770290504544,0.03101253822057218,0.025236037245111913,0.013113900964647353,0.024081563205576244,0.02725776170490427,0.035247622375586325,0.024336574341491102,0.019446642337828623,0.03197262153932859,0.014051321465808436,0.03672854423116042,0.02622376552463401,0.035191228732314755,0.030741964993794915,0.023341166199679634,0.03427552278540805,0.03265996302205106,0.01819383879298926,0.032234879582994154,0.028608751061114917,0.025284292790597507
2237,0.02595588256210958,0.014957238571944058,0.011414511534094122,0.02747061996329264,0.015331883590528316,0.05221171535891411,0.048755500275915256,0.03863295570403965,0.024340385024537153,0.04553113700284748,0.5126632508143114,0.04226683383932551,0.03962953768234565,0.04349935401722053,0.029248106833406107,0.031942427097080735,0.03909871450165295,0.03453181354220539,0.011294506249555468,0.04688763512886269,0.036216008755705444,0.029265030265542724,0.047172754684794815,0.0405126824650966,0.034114473676124885,0.03257584651320368,0.02711902291960945,0.03635397828562844,0.047384950023598923,0.04199356351381875,0.04636910829869219,0.038801194123324244,0.008360867145849243,0.03945184346310001,0.04237392714288555,0.03195295498103436,0.03545815147222216,0.0404596672833192,0.03109777637581571,0.049370593578587724,0.045364127484357364,0.03286648214818329,0.04502357519009501,0.04261790406226832,0.03359237309853013,0.053043552708346084,0.021052532270335492,0.0033765447101595978,0.027676791688750445,0.025030465886813864,0.04733547857874728,0.02723066732224935,0.03152380960597012,0.04752580440641349,0.06273615431915766,0.03405750772992097,0.03064667349291142,0.03135822066105017,0.029738431703116203,0.02003167177471457,0.026863695211933512,0.03907960387603099,0.0415844579128601,0.02438868602053045,0.040600955933351425,0.02859713043846397,0.020249535897753638,0.023998382416865124,0.02767372679258621,0.029992903545829473,0.005176593193411773,0.03728776933457849,0.024272671387808094,0.02803536564041567,0.031414283916199416,0.03699901841572872,0.03628922175709684,0.038508375835316216,0.0244938437510324,0.028989472632048395,0.03274422909556015,0.03133866703182605,0.019595906125197855,0.042196339323166424,0.02577712183372041,0.030205114546791905,0.018540159937262282,0.020373147931187982,0.0398096691746346,0.022430566441559857,0.036722186714214934,0.030426314972080957,0.029623938565996155,0.03513620510472345,0.041151520650745003,0.0259448313495323,0.030524562723748882,0.03678480092504843,0.034536620141821746,0.03696724645569697,0.03677339477986141,0.024074336833505034,0.02775666237742527,0.016850996616276318,0.033309029377891715,0.03080400678592979,0.030715772201733778,0.01585679119424667,0.024387157991525375,0.027608427660584158,0.031083868286522928,0.027528798706037777,0.022017971755362027,0.03435242448123849,0.024016098380431946,0.03629641669356394,0.031203290402605822,0.0206494115534284,0.031465416959757804,0.014771210818174646,0.038228876050261415,0.022294795822679788,0.024683394990655364,0.0404584983550244,0.026815773446399006,0.030933676978809936
2238,0.04438662501191668,0.011746574102849834,0.014550240061933761,0.02424553538448643,0.05261214088824362,0.04390232935030134,0.05119370714139194,0.077829105624842,0.06751686255975901,0.027180403501842247,0.04226683383932551,0.842277606031302,0.036607554019283665,0.045073032495556234,0.025060126487674257,0.02808712405068257,0.05292878048572098,0.027653463427176624,0.015741775012046613,0.05413154050074053,0.018865039595330167,0.03935921410802735,0.03561436648961209,0.03003009735003705,0.04748957568195845,0.027896584411646098,0.009620929439818867,0.038990636254882825,0.029128353780224433,0.02815440074030295,0.028013330140457402,0.031204447592694244,0.013206318076793858,0.04095664555932498,0.057154607145994345,0.04459664578302997,0.021132027302231612,0.02823449976087304,0.06855456093879919,0.03681026489421582,0.021412430519665345,0.04388030838033197,0.038290198460802685,0.05657990485970545,0.040983777953028044,0.06823396958066993,0.015271280796370856,0.05996921494770042,0.0463071605329428,0.03348411378993179,0.040021457989119415,0.04189792256841675,0.015608137842912087,0.05165954429830748,0.053552218772715245,0.09776828443831749,0.12256833370976669,0.013912122324887751,0.04061404310935891,0.03771271114146357,0.036696707923093444,0.0320939284880579,0.017601349140166797,0.047250923226168765,0.03618945746930333,0.03891696052546566,0.005596792985080694,0.04433017288422512,0.031937286147324946,0.028376058270799934,0.015201285522316008,0.05827103507298097,0.004765130200586788,0.025231616770027863,0.02964170368456442,0.04764617680813621,0.03337612200277387,0.023846963191142705,0.03311511656448443,0.031838911882621404,0.025642117946030857,0.035526876751006346,0.03850143605577681,0.026098975308924688,4.522621380673167e-05,0.03927494389862938,0.05395251542285864,0.042896949015762915,0.030657241702087484,0.028306343974231096,0.07146055253515532,0.008859558511605768,0.030138534159782966,0.0269368518375187,0.015517228907278387,0.03531128645703184,0.04206498270661484,0.029752585265823146,0.03208583967959599,0.04070313132784163,0.02012936537497259,0.03706470406543069,0.04338715359655922,0.013087281814774221,0.03963517957102835,0.03616407028700644,0.037552320301890214,0.02137620601801048,0.03221745394704433,0.045369248519240034,0.01869231080670177,0.057377957724016146,0.06219276098575637,0.029828791608697457,0.04625593333055771,0.044853311884998345,0.036208786134488545,0.04444546831076614,0.03496038401218011,0.007853018600506816,0.01809735817263621,0.060684913242669725,0.033814048844150145,0.03429289299214344,0.03663162940751162,0.034490648630680666
2239,0.021256545637482943,0.014258615066891604,0.005516627901414864,0.010306936448335285,0.028373481450444427,0.044113407413997496,0.047060555790040336,0.04579751940703096,0.030826685540094167,0.03971845114928601,0.03962953768234565,0.036607554019283665,0.4466379677175032,0.04799338199759493,0.010265671088780277,0.03320383348676784,0.0302122825249639,0.04006780225160357,0.010688579810368538,0.03607905741467017,0.06199724923023747,0.05374079105472131,0.03445749151289277,0.04004836396713924,0.04285294257697332,0.0469820473014739,0.002254612507345997,0.04366500859848595,0.02168610379954428,0.046204174895262524,0.039464742791129166,0.04070231620570622,0.004990213305147481,0.04289432279966718,0.03445088057059494,0.03281185635864164,0.021719652889229224,0.05344892207578282,0.039451433940130405,0.040652951567203624,0.02862327195133667,0.049836529342736906,0.04031985638509167,0.03854090574485632,0.03687564394727667,0.08255124877818915,0.022300417572767104,0.018043597117051512,0.023366648280081007,0.04510109513913171,0.0390796838234677,0.03507615075403965,0.03835884362697429,0.04508349795732292,0.04161017790367341,0.0317916153437591,0.029283715513575434,0.02475358203982387,0.052059239314797855,0.01678862050601182,0.03549375813769389,0.03856702756357435,0.008975899987769995,0.022190909203261222,0.03245561854517944,0.033857176350306516,0.020289350876991047,0.024441225879059822,0.0357560117932,0.0402189599705456,0.005961443967930908,0.03158601068792322,0.008774929719280695,0.013696464300822627,0.03666235826122668,0.03657869752869231,0.01624081297268296,0.03928353134273179,0.03374919884322081,0.028850166075218574,0.04151900612967186,0.0358817015593241,0.026441088153175425,0.038651891603211676,0.016466184055736438,0.04753664306523144,0.024655732345202318,0.015435366125479109,0.038495805356827006,0.0346413593460715,0.025696501614247722,0.02428054081321526,0.041625532536892995,0.01886741898692422,0.0333319287718221,0.024974569291897175,0.035805726016474505,0.03093284431513527,0.03847820305870403,0.03258681316488351,0.03504372097051607,0.018456504929804454,0.030012686134555495,0.008691294026310524,0.03293948251309154,0.027971002233237577,0.029684238512204968,0.017468783904561826,0.025102785216370573,0.033327790771121045,0.03148032089162212,0.02795983019030108,0.022469777331975423,0.02933448321556744,0.03476837376285316,0.040749180891014286,0.02759383724804175,0.022500178101940764,0.032538180465069816,0.01948330407478134,0.03149403847803452,0.03130053648387947,0.028753753034869614,0.034191527483691524,0.030442989342946737,0.025391362799906815
2240,0.03867427389638339,0.026188620013080446,0.014205100883213221,0.011964496714431425,0.04200481052366808,0.057519184908308034,0.05403734096992801,0.05331439117491084,0.042959699482068535,0.048397794742190636,0.04349935401722053,0.045073032495556234,0.04799338199759493,0.3914075212620219,0.031993308750253184,0.09337056831430322,0.07043215762444022,0.0464973341854502,0.026784251851693794,0.04310168673427108,0.05094210157416692,0.062104195881214734,0.04473019740995127,0.04302259929296774,0.05560653196689748,0.04696952627836258,0.02731558798792053,0.06233143065098956,0.03542452369970388,0.0567617641191887,0.05439444376930633,0.03884618794400256,0.015498414191224968,0.04078489246807644,0.04474544618381485,0.04260084600063527,0.04284660526586321,0.04360454759314428,0.038119594966238055,0.04418660869135091,0.042337191140246797,0.06157898257899357,0.04406628594794356,0.049305456493083426,0.038766720127704386,0.06066997603121932,0.03115111855107882,0.04231397829593066,0.04849305995772781,0.05727737416776759,0.050036853081514635,0.0538725074708431,0.04956900170017556,0.04319146176538167,0.050486457704631366,0.07361161336966086,0.052673401699594655,0.029957492423230113,0.06396021906021115,0.01993401625450942,0.04324511651753695,0.04171199218375644,0.01747849401555801,0.038885352074093764,0.03517741400286831,0.026447495473699376,0.01826509102418409,0.04607657303361226,0.02971647411561482,0.03519529089007952,0.020966956008900875,0.043472612117188565,0.01260102504302592,0.026394311944184127,0.033894658672778924,0.039090976424633085,0.011993562008628387,0.03771121126709556,0.02861335112257727,0.035043291761300464,0.03510809406123856,0.04028357250550094,0.027636797207668637,0.033794350604916666,0.015554572702612101,0.03749330587061556,0.046119074540939234,0.01254779382091762,0.03231331142857862,0.04353808645356866,0.028703170206513137,0.02985899070329124,0.046495827444943114,0.04686073926388403,0.037256949145276066,0.03199829420950261,0.049446788399931225,0.03158625681634505,0.032308072181980806,0.03715216984319614,0.02950371725604936,0.029211052307512895,0.04155690544989307,0.010683494326310751,0.04319554431969484,0.031094148447160054,0.03618521826144175,0.025522279417026637,0.035806285288228434,0.03809785960852683,0.03163757206452197,0.04207256817454827,0.03976014829447218,0.034008190667726756,0.047534387578272136,0.04276321789177201,0.04556059055906083,0.03303191883903731,0.03835696571896455,0.020778391651570218,0.038487162120720106,0.04167820129349825,0.03459993074172841,0.03944509768790741,0.03497046906246414,0.03243706836624266
2241,0.02607440741027359,0.0050600508911439,0.010299530779659649,0.006208267640276138,0.026918797442126326,0.030567586388199383,0.031191440112726385,0.019245722456768647,0.03182741746679586,0.0202139732422721,0.029248106833406107,0.025060126487674257,0.010265671088780277,0.031993308750253184,0.563287307888867,0.037057219540185815,0.03229458060716861,0.024808638543448294,0.008852333970952635,0.03202611367682049,0.03261913664034804,0.038943567496555136,0.03734314061527428,0.03322697251006003,0.035267999613003156,0.03195859392552448,0.016540329529618248,0.03434540704156646,0.01761326753313792,0.03435951062610115,0.024466695645783094,0.01727534740303768,0.005507321032365178,0.029139809346940583,0.028931287091082704,0.023289918653312904,0.02353039929229496,0.04404192802299009,0.04041903992940006,0.019797207743069523,0.007684672357271853,0.0369029335975643,0.031798296265412744,0.028598446840677555,0.04376156760529381,0.04340278123315669,0.018127680315661594,0.029162525952020436,0.02746304408326741,0.03877995850508823,0.032666440639404146,0.0354103305753206,0.023587897263401804,0.02506909356411179,0.027774228474223773,0.037392893809172156,0.020940560019483672,0.008832847905971665,0.033921928068801566,0.017700989603910717,0.031833595199008614,0.021339076318416906,0.013887209051169058,0.020763070637673204,0.022507971412686397,0.018735471361823762,0.0070032186864078605,0.03167542256624142,0.019437131363058257,0.024739732955182354,0.026790958437766233,0.031766867678265684,0.011279846531537935,0.02279922934694509,0.016081623760959573,0.024429957343953437,0.007934928090112607,0.01788118344713729,0.01942293407142192,0.026069198448021615,0.025691364181768265,0.019039380620225668,0.02120271414958593,0.022805409139494286,0.00232805833367038,0.01385019939737884,0.01900733026925905,0.008725263490450271,0.016303995970569203,0.02986047721049939,0.01586397762329348,0.009203358258192768,0.026485801525010493,0.014407576415660874,0.017148585938760702,0.015935040491814857,0.028751561318959295,0.024609365998426423,0.023759007739204006,0.025915703990665322,0.016697731082774846,0.012311632076072497,0.023186689242156208,0.00036683397050364517,0.0252820532602638,0.019376565762528778,0.020841477219277718,0.024343355847569713,0.016323466231839053,0.02712292704123635,0.020263426759531075,0.020170860204798254,0.026806407465349836,0.021137602130211208,0.028867180296352574,0.03097581779045955,0.023739095790430095,0.017377151802618528,0.01615913408132414,0.005439905528088481,0.029775950529454417,0.030724070429718683,0.024952955833831895,0.023451456114283706,0.0312608333239838,0.027588741603342706
2277,0.00488725342126689,-0.0002796871582068326,-0.003231932160174815,-0.01101754263198343,0.05981817977115702,0.0466393043876492,0.029003493839576292,0.028236628423542028,0.009251483480178386,0.023278366057856773,0.031942427097080735,0.02808712405068257,0.03320383348676784,0.09337056831430322,0.037057219540185815,1.2162515857855936,0.06410680755271965,0.06573342248706686,0.020597187805036176,0.04353905741333355,0.028378200574292845,0.0078870416472687,0.021771203602044247,0.04062893545957537,0.040201231775011684,0.02906778876654166,0.0036738717593385348,0.02145718935267927,0.013803342494973938,0.027051956579046545,0.03986799038235906,0.019222118659519217,0.013470706818773047,0.03636310710008741,0.012393380210582878,0.03748219805138398,0.027150165900586377,0.03428837738449248,0.03264438708761973,0.03774398022178001,0.012820989545313662,0.04161213972419334,0.05103837449039257,0.03351931172731267,0.02257804353643146,0.0335923939515628,0.02771975389280491,0.04337913240099161,0.0918711547949129,0.08187592354909046,0.024482071672367958,0.038215752185464996,0.03680528211643432,0.022191670955596186,0.0941055973045408,0.044488569227584505,0.01747141255251869,0.024551554886354816,0.04086203714405058,0.014510492975404661,0.026653377772785636,0.011637216059800752,-0.01195975962838272,0.04627551174349582,0.0179670238856209,0.010208336690894944,-0.0017147987800620345,0.07713370030481824,0.02103939437166352,0.028680094999551042,0.04228201423297166,0.043338006340226984,-0.011921529828176776,0.005912146616920476,0.010188395868701345,0.019776889031341685,-0.0015774055194076114,0.025861253423049672,0.017662500556215214,0.03473921360343425,0.03029684680093632,0.08256700024095023,0.04001685740439582,0.01034587602275406,-0.006393523575079201,0.022920412947792134,0.06843401190647051,0.0009902450770318495,0.02357591975116296,0.04852666366253469,0.005716093485301163,0.0036309103146761495,0.01770236555082629,0.017955412065288747,-0.0021881755995983906,0.005868204037130596,0.03341908466467251,0.027462655349803373,0.020822411691254032,0.03516212214854306,0.05000346560560984,0.041462197848210695,0.06441562158341678,-0.007480031551510838,0.03021888078778887,0.01581684421995254,0.04378372172456552,0.03247573081267751,0.03238503876248261,0.02264285906602499,0.014444990594298384,0.053753882556168926,0.022682498116051632,0.016893302326183343,0.03321873644211658,0.043538384838214615,0.04959441048434469,0.008659803713418643,0.033676646204379046,0.009645660823937021,0.015597373516132024,0.04172308285470126,0.03535360642010195,0.03295762041810434,0.02416591351316748,0.030809191151277192
2278,0.03581154538661106,0.002843956264654333,0.020060479835032948,0.0112156482008266,0.028131171097202267,0.04474201521130024,0.07661349619567108,0.07396294292266947,0.035824236908683256,0.02813821339968821,0.03909871450165295,0.05292878048572098,0.0302122825249639,0.07043215762444022,0.03229458060716861,0.06410680755271965,0.9404667544439177,0.06258505735969175,0.02877496574747959,0.03438575627094684,0.071574722042684,0.04694349724063415,0.024603634802536595,0.036154754135504244,0.05361828566650676,0.06418947008104671,0.02938776956061246,0.04710116902872495,0.051656100980636555,0.04512668293152576,0.04826756869916466,0.023098296139611417,0.019437915827601068,0.04141237667643058,0.04595576562617633,0.08053469529642761,0.040902869473293114,0.0279947041712652,0.03995892991549507,0.05173628032038137,0.041317484264146394,0.0494821689416021,0.043710297799617166,0.05604905595850269,0.03010450589957318,0.04960530421644545,0.04267212257547688,0.07357198876971273,0.04425104642129311,0.07828405281510964,0.0336418644673736,0.05224077130724638,0.10725614352969587,0.03274045541323435,0.042892198238284135,0.05425343758790599,0.0581614770417719,0.04136659554934535,0.07242402310268752,0.012525597014218664,0.04498085193698428,0.03821018024543223,0.029194786440399623,0.05089116672043223,0.022539684425155904,0.017801379784965213,0.015592766209621411,0.026006351086013815,0.02103263392775713,0.027224172484787538,0.01527551800742584,0.059838635822302984,0.012785193888982542,0.03008245702089422,0.022332628460300215,0.04845462382172086,0.01854127546830193,0.032974835128788293,0.025942760797767157,0.02629594977899692,0.023615018297969855,0.04609672396559396,0.039112517152757334,0.049026988081415805,0.0013738105451191974,0.05467173626953452,0.038660677580367675,0.008751219422115266,0.017561597038315644,0.02609543378974678,0.05342274228729134,0.028474682129410508,0.02422232797484792,0.028408749640871724,0.04714205213054615,0.050278006755084925,0.0756674588470552,0.038452129848856396,0.03308576992170149,0.03740780677375684,0.01903889141809017,0.037759170838983946,0.04556296353629386,0.021103441078069697,0.054533675876693034,0.028464291613732488,0.055326431942864525,0.028574412596855506,0.04200686385906872,0.0277531502714826,0.01482639575645647,0.0546541271888677,0.03408341431818693,0.033935452081382225,0.043937138747874444,0.054114929193228516,0.0436838417644557,0.02495200997247604,0.027939202489622495,0.0019050751900431795,0.024956757793062168,0.05555745761964897,0.038560136166322576,0.05304611706257071,0.037630564619814066,0.050733579206983674
2280,0.031144177635093372,-0.0037197311114647072,-0.0007932294426886689,0.0072042341286906115,0.01582695697712372,0.03455661324930869,0.05308158052923172,0.033812855496725004,0.051375422184758254,0.024001474396607023,0.03453181354220539,0.027653463427176624,0.04006780225160357,0.0464973341854502,0.024808638543448294,0.06573342248706686,0.06258505735969175,0.7960911743660966,0.021647709480133944,0.044599653259378945,0.029237133110156275,0.04733770261596625,0.025402791743901604,0.023800404133795583,0.06459848635950026,0.03379580345512563,0.0067471060322864375,0.04352536150847026,0.029523790501902278,0.039187490961759726,0.035807561151171785,0.026177535957260002,0.0045653566235499465,0.03083668421949524,0.03600635899343243,0.03310042066287357,0.034157716947512136,0.048000642637313976,0.023606204251568456,0.027004531597859625,0.023515771586972795,0.06341327233716301,0.034818418001340674,0.044621718607261995,0.02243058896100364,0.05352470847836962,0.011397356749016955,0.021851582719086653,0.06393237140167178,0.03761501753337899,0.024187274859034102,0.03783534074287448,0.03436276287770345,0.030826940297211957,0.028868142766665432,0.040266875181738576,0.052891181068949814,0.021224948290201287,0.03596115927168461,0.006281122353505037,0.03466899344500009,0.030191482424684665,0.00273630119177255,0.06661967421418503,0.01596037307892857,0.018030236165236264,0.022698007538081353,0.02206174287474929,0.02389748412098168,0.030537890639029883,0.01179372944106445,0.04846544132424183,-0.004061347976686076,0.0029484320412670267,0.007917509664750754,0.02068703860837066,-0.0006295745672958282,0.019104588702035623,0.01390565235402143,0.0191050188249341,0.016955905876903543,0.02361080242044519,0.026447892477804574,0.024209234406365833,0.00180143675863172,0.04239200859734508,0.036504660235119106,-0.0022145593294705915,0.02021069615595792,0.041861652464870135,0.047057029762720415,0.013844574273574746,0.06884431498250584,0.014448661597895792,0.02873532450871858,0.04299723468097333,0.03831122741702048,0.02799198071008509,0.020397752651198336,0.027710766815986408,0.01268360788168064,0.01696935579925298,0.04574102306401482,0.0027874619066177164,0.023863815766092356,0.01929112118297125,0.025259273589376907,0.0269029987471186,0.035030729540163716,0.029589030402790144,0.006267643926445722,0.04225547420358437,0.03455952452702747,0.022752681347047117,0.03743202949804124,0.04229337480645673,0.019321979930743114,0.010853228606852327,0.03182604335421475,-0.004241314088523887,0.01205641079606935,0.04227995520087403,0.023671809099415155,0.03132254888525585,0.022543701621717333,0.026399188214882373
2448,0.02072466601493737,0.014834294162901504,-0.0044235828107442145,0.0031061521262041028,0.05877458482600952,0.010275255807306953,0.03383057838228961,0.05238826684786984,0.019524845435567376,0.04237903878729384,0.011294506249555468,0.015741775012046613,0.010688579810368538,0.026784251851693794,0.008852333970952635,0.020597187805036176,0.02877496574747959,0.021647709480133944,2.3322341305994345,0.01497786333417079,0.0697089027230318,0.10854995040966565,0.00986209723234818,0.050025680811862795,0.0648100473343352,0.010208377507790002,-0.011850023525551982,0.05044481049486719,0.0023645768424001056,0.04181542542647395,0.07152114180439019,0.011638777845043743,0.006202772587837786,0.06605567595021608,0.045446741322127754,0.06438928489948058,0.02988820768596486,0.005233968668273175,0.034675503215425105,0.003098884703820074,0.05375548307218255,0.008757914960572688,0.012925395402186044,0.010818641866007258,0.0194526000516624,0.026021784219426688,0.0785167353479911,0.033088240350591526,0.040861226643790466,0.036296220977049765,-0.0034710662175802573,0.012475646700280445,0.010799157120178522,0.011562717840344535,-0.000917513615230897,0.0014432003746477045,-0.0034314213488672238,0.0008971631453313159,0.032680831859363386,-0.005959317843180694,0.02628364822496859,0.025622757751047835,0.07081635061695282,0.005613854247789015,0.014789690238127404,0.014322811366614173,-0.00029450629312033816,0.00035156458662239043,0.012097459148464723,0.009027602762111932,0.013437834191663028,0.023106200501494804,-0.005682495033112115,0.007654904773351136,0.04597105002524904,0.005601522829528233,-0.004560313404170794,0.017464631162884492,0.02506960872572407,0.0019016091197827903,-0.00474764028540739,-0.0031705127417641253,0.007651562945922104,-0.00799185911245449,0.013573807687044066,0.012007088037198278,0.007348408122904018,0.02454828775691659,0.020015347638374693,-0.0004224174333652338,0.08193298478800279,0.2362429332060918,-0.001946603297051883,0.05882319774987704,0.03324348419108036,0.037810143880829435,0.01884398655723797,0.01914470493231345,0.011731243215329,0.028051715762302167,-0.0011383491363367783,0.04507850033457579,0.0343223003246267,0.20132209706506632,0.06016974988467964,0.02624587494815804,0.01708139973524633,0.0612244797417148,0.040694315255402985,0.013438785138436124,-0.002800584477228596,0.026660929330570186,-0.0035994301949812874,0.02000677014249918,0.056388909180750985,0.031538484623786306,0.037761459075351285,0.09551347373716072,0.11100105908182695,0.15170592492266263,0.0043873644538175985,0.04233547410383561,0.011710466006624825,0.012411518434495636,0.01950873343161979,0.008337621880367055
2484,0.025119942868355304,0.004205779786338823,0.017097942361059746,0.023099386317359603,0.039501435381620806,0.044120744478405804,0.050151162953831784,0.037897837463388775,0.06850038901438557,0.023338095631324565,0.04688763512886269,0.05413154050074053,0.03607905741467017,0.04310168673427108,0.03202611367682049,0.04353905741333355,0.03438575627094684,0.044599653259378945,0.01497786333417079,0.7683135487383977,0.020710708322464532,0.060910620381777233,0.03060714542691929,0.03323868528585259,0.040054269915707374,0.021947842875562784,0.017737161397458536,0.05623739361075911,0.05812899626171652,0.025155343667133193,0.0710903873610795,0.043526674803368894,0.010717100523538362,0.06141163436157896,0.08213215250190384,0.018325188093060527,0.03019039615561606,0.04310733777405948,0.020733829113998906,0.024787440874896385,0.026544360279398674,0.05135934116174543,0.03461935054533725,0.0500753879981328,0.06047127481180908,0.05979052147372672,0.012998943528480087,0.03706291561242888,0.05230971058971404,0.03759709885820381,0.04011398444182432,0.042093618776157436,0.029293377553434818,0.0339899855708989,0.04638915609994264,0.028367398451672306,0.030621467950941235,0.024303311947586337,0.053930020012716164,0.012446174886846916,0.052702924658859035,0.04213095394502065,0.012807061594729507,0.035695093078860846,0.022046645626085656,0.017192241757277786,0.006190656786841753,0.036824894581845465,0.02608804915255174,0.03664664908938606,0.02216472369776762,0.04898467318426875,0.0418207499189602,0.015553988309158545,0.026498167852662163,0.04869334518462326,0.012595520785521161,0.032108380544563456,0.03219645625406082,0.042581277089829686,0.020266316799593558,0.042483012227757695,0.04038746107665712,0.0362009024655092,0.014084256587418409,0.03532364818606654,0.025701798329514573,0.0437984561371993,0.020227937086589817,0.05176721993942937,0.029309078005805768,0.015269610315338382,0.027275417413750603,0.022714685767183385,0.05132397014620844,0.03431175968568468,0.04186901050100317,0.034582255522857715,0.031045724778484482,0.04472709948570684,0.014953349207230262,0.014792966390710467,0.0474756513589294,0.003975179836251469,0.029550242312458893,0.022668320544618883,0.03194571569432113,0.03498677451550193,0.04435429794203353,0.030295445764487616,0.018302256815333873,0.03872067070360727,0.025756186205639204,0.029562588299954753,0.059384536266733214,0.03551606657744912,0.03791358463808291,0.014879437742217966,0.030144161042487662,0.015225055217780952,0.01560267024535329,0.02293400137180423,0.02749511990269932,0.03192248835910438,0.034208202748432184,0.03241535546142135
2541,0.01591856033640396,0.00830565168254862,0.01710804067025093,0.001124977633402505,0.010053618548810381,0.019835920766979785,0.0841640182328528,0.060369533924204674,0.018475791245374844,0.051715226299634084,0.036216008755705444,0.018865039595330167,0.06199724923023747,0.05094210157416692,0.03261913664034804,0.028378200574292845,0.071574722042684,0.029237133110156275,0.0697089027230318,0.020710708322464532,2.0765055541499264,0.027564559510345435,0.02701002236252191,0.051142591094838125,0.015594870606545113,0.21203158648727027,0.007427704821506119,0.02568591845279404,0.016201844765773035,0.08374138578357633,0.04784615378919308,0.03377094891576058,0.025544552883480127,0.007722738306598429,0.030223510195573594,0.04972977342831672,0.019266729570235376,0.023060599207392365,0.03964733995134068,0.007291573781876895,0.01987156439247725,0.02307150301745967,0.02979170950120013,0.030310777328264208,0.03307196600869196,0.0609630957560011,0.029885089519609307,0.02644575958768527,0.017261179518761022,0.0471008852900247,0.045686802550152415,0.038680536640801164,0.10305614898583215,0.02581458062988113,0.06630410589708942,0.01686045026051851,0.006494493487083089,0.028914683138287284,0.08559919178039462,0.005538423189117353,0.024745840993178485,0.02149566175275451,0.025966523504162266,0.05764469409480191,0.02029469762958612,0.013733235807298896,0.03187347825650023,0.049129752504179405,0.01648083143643212,0.038854921015901045,0.07352568565653685,0.02242636419372788,0.014987176879172793,0.014942087178093987,0.02731783070810902,0.026230539200100555,0.005826349023706405,0.032615657153762724,0.02491861480447242,0.07110729827411243,0.009481090336082002,0.025150612862189343,0.03159594816224725,0.0491862714589004,0.019163900205283017,0.018883566411100932,0.034689433164409644,0.02752751615705034,0.03197028681985595,0.028684923321185832,0.054276435226722125,0.040892808341564814,0.03289522413112428,0.023847885533149784,0.020687928983516412,0.03157343302587805,0.02396905325430853,0.03227823454129778,0.01637538716545928,0.02390421611410673,0.027375405106499263,0.009775554060779483,0.019533209577341372,0.021554570937316928,0.0847224755888987,0.03121288079641776,0.039404982352141904,0.04042292448545888,0.059138477429962255,0.02459400078077603,0.09074897531312415,0.006960518681686814,0.03201247480656842,0.03715780437093022,0.0329593501574509,0.03775763150692899,0.037419960552233164,0.01607021742887489,0.023849190053825863,0.012082032994554862,0.11631134964154419,0.02874178491293004,0.02613929460660667,0.04356645106189467,0.03144309274683872,0.05618069358977607
2648,0.02383335658480909,0.008614376859003858,0.009255799701462238,0.010053542680335228,0.034339607510988475,0.06061989017229295,0.06174785540341104,0.07508558273564438,0.0967408743457706,0.034102169701826106,0.029265030265542724,0.03935921410802735,0.05374079105472131,0.062104195881214734,0.038943567496555136,0.0078870416472687,0.04694349724063415,0.04733770261596625,0.10854995040966565,0.060910620381777233,0.027564559510345435,1.1369891609443448,0.03825982670259797,0.04190176351249988,0.06780278450637443,0.024806147048453745,0.012851139210965517,0.11778666415170382,0.013061574961981959,0.03490210779326216,0.04943644794237878,0.025109913977131096,0.002353901850508835,0.03286080580628614,0.058376658479599663,0.04535022283784638,0.06007233790795621,0.03013653433273198,0.048471640292215665,0.021920192765183373,0.03878425960516487,0.061985403962454555,0.02754490815921222,0.06663506347406989,0.05508988344942097,0.04618348983990608,0.026562154715412078,0.011409671835576559,0.14734530137822818,0.038065755216261474,0.03190310186580498,0.06441145040164284,0.021478435720360657,0.03680176278561564,0.012734535201977534,0.04854490821381204,0.03669370454619984,0.033091428652444785,0.03830255880125077,0.009582301904681172,0.04242820121079803,0.033537140823271444,-0.006586428586000463,0.037716019625870276,0.0282627859733798,0.028167424247210644,0.015378341930150679,0.02292279219867793,0.02992359330192772,0.023697749842828193,0.013522727787297859,0.02828967734551537,-0.0024994099182513024,0.020834515186141392,0.013372607194182491,0.03412122549487645,0.005402189924381423,0.024647589656422105,0.030018215130905457,0.05176726632619293,0.01473651596593584,0.01980516199581456,0.050692029852194884,0.022204461951149928,0.0033318632853776976,0.035559475728399646,0.06480127166595151,0.0076819327106128765,0.010531892655866211,0.04588654996752781,0.0399599120039285,0.06633420661394589,0.030252766438552785,0.03320814300313943,0.03446196814731575,0.04792008989604839,0.04875051509624016,0.04747039191078848,0.034509496971674,0.04551753012138015,0.009683503902521094,0.018613136448378798,0.05170308214233572,0.03301443905999568,0.03530904301539568,0.03749952143228795,0.035533950779554645,0.03540803186926831,0.05221681043148312,0.03207970923839927,0.004550873822192241,0.0357575100894238,0.03351411527556692,0.03598591513710181,0.1209261715568413,0.052223809946040124,0.041959837081953444,0.034151781397438984,0.08439420621491325,0.04319137606962814,0.02489839789548165,0.0396008496601704,0.03770242641071619,0.04933704447602167,0.04626278675733894,0.025869619014569963
2678,0.008179502282179833,0.035675728002734476,-0.0012441871193420715,0.018041919456371767,0.014684971001486608,0.054610017150638374,0.03699887677624494,0.04222902971272483,0.010994206875253203,0.029967160151281178,0.047172754684794815,0.03561436648961209,0.03445749151289277,0.04473019740995127,0.03734314061527428,0.021771203602044247,0.024603634802536595,0.025402791743901604,0.00986209723234818,0.03060714542691929,0.02701002236252191,0.03825982670259797,0.8833829141448462,0.05376223595418966,0.0384673457601143,0.03401035147927393,0.03097923323169075,0.028927793574408247,0.004516971587657546,0.027446514245799115,0.028286951315453,0.03472072793284912,0.006321677508679312,0.0243417301025449,0.018886104218978274,0.01627480398080416,0.016493083752623133,0.01840290148346076,0.02237222665056314,0.04333181362843257,0.021847048744232912,0.033958939528694616,0.03576408511696485,0.03905337188206188,0.063966796600916,0.022376052956617036,0.013737811345526301,0.06394762818249472,0.026207609729872926,0.03232517102376598,0.15511559482407788,0.04421952420380779,0.020792168595255383,0.0411144114054988,0.026487543986657276,0.015119970415347432,0.02091078843722653,0.020188138935381506,0.013420912300413469,0.025140584164119798,0.03513228874008699,0.02017123848753964,0.016104753706343265,0.021979859077782594,0.0488427328262348,0.01772886796454504,0.011707720867667136,0.020945838740983543,0.02499845754877509,0.026263924785681226,0.03080703462051119,0.024527134502838263,0.003341370059620851,0.021564803659373872,0.0330784641121606,0.02490718550708016,0.012688888854414482,0.03323017275648991,0.02136914451340221,0.01485531407613697,0.056430403647627934,0.020400210979359526,0.014505419118170248,0.034452189881484345,0.022399557578499273,0.02185095113446799,0.002552276426387838,0.010969611481241343,0.02558044761499796,0.01779105809190783,0.016084852562448078,0.008463554852550214,0.037072986155168054,0.018996646186420173,0.013772556175083089,0.017944175062268135,0.030228293352589402,0.019989050023953223,0.02705363072071815,0.03518266604195326,0.043962143092702216,0.02364562310782435,0.03048570596533778,0.001271050803691519,0.04734056570355531,0.019649417905975176,0.03349652358185719,0.012752410479341655,0.02905289767839728,0.028109679563696074,0.06426433354807454,0.02087731705130112,0.020323182318080963,0.030054024514135153,0.01886579177674835,0.029016537913270878,0.046092530171762444,0.01982589174296809,0.0258328344266939,0.023780867502769996,0.04897111345761308,0.02273110081196688,0.022969663832957253,0.02059085354234506,0.03496140916718243,0.038382785879075565
2738,0.014700731683035234,0.032282213594801844,0.0024192902861058145,0.006641730524636719,0.01413261959191146,0.03885180218462706,0.03706860230756518,0.031073190141167557,0.023323181384290292,0.029593258894801633,0.0405126824650966,0.03003009735003705,0.04004836396713924,0.04302259929296774,0.03322697251006003,0.04062893545957537,0.036154754135504244,0.023800404133795583,0.050025680811862795,0.03323868528585259,0.051142591094838125,0.04190176351249988,0.05376223595418966,0.684504870812059,0.044725173019052204,0.08459540967156634,0.013381205712408277,0.044338396725348395,0.023652977913130816,0.03441679856560789,0.0351582411944926,0.020203973305449825,0.003801291721137338,0.03985715164380711,0.024696606618352043,0.030451760780379367,0.02677315281075233,0.03579296662306028,0.01686027876809978,0.03789194197294223,0.01753782410034439,0.030547308362565903,0.04013042375354346,0.03140386512685365,0.02523547710019647,0.056833715887210784,0.027436065019584496,0.014725667497993781,0.01647607387766598,0.015982233429659824,0.047794215279529144,0.03859292740789628,0.03350539836963849,0.01967842813249696,0.046261186605541384,0.05074324621155571,0.017281844447540367,0.02925244911149587,0.05505024450146559,0.030774039434572995,0.044806054184082664,0.036197760346522286,0.018424240429885958,0.014243238348559704,0.028012715765665774,0.02733636932133224,0.022959723454468617,0.0358049833048935,0.028146221780330147,0.026970490848920944,0.038840642638419846,0.03901554636917986,0.019685879249495806,0.024072550095193046,0.05301126162446777,0.03721089879221364,0.019402635473739334,0.06064176192033712,0.02764228945815399,0.016895993100378058,0.027328493150405146,0.03027336689192878,0.01947833851581183,0.025577476665368984,0.011918586199481605,0.03282420972155668,0.0171018163309133,0.03159685074697306,0.0683480873323095,0.01920004078747698,0.016417346022138055,0.023661899052205396,0.025326173518657638,0.01728627634277816,0.029354218911430873,0.022038940356553065,0.03198068597410318,0.030691725638989684,0.023937550233642548,0.04326311333003636,0.03268871562243817,0.015486254229640499,0.020252923746672428,0.01326031373254589,0.03797036156914707,0.028565291313601724,0.022928899349133114,0.014490728433801826,0.029580959511994378,0.030643264732205105,0.06615954641650575,0.026886419319283626,0.0230695912146375,0.03371848902863585,0.0208813872037402,0.032172141329195054,0.029670984744470497,0.03313089204683585,0.03920322709604137,0.026311148590905508,0.05572725355287764,0.028793497271173522,0.029962478755431548,0.03472451110019476,0.026154858247449068,0.037627621876365244
2757,0.05472186859719063,0.01310628872341045,0.010846782996064485,0.02795790317914247,0.04553786786749756,0.05749157149427935,0.049813681828046706,0.05237941999568127,0.047280266486040945,0.036495437115967734,0.034114473676124885,0.04748957568195845,0.04285294257697332,0.05560653196689748,0.035267999613003156,0.040201231775011684,0.05361828566650676,0.06459848635950026,0.0648100473343352,0.040054269915707374,0.015594870606545113,0.06780278450637443,0.0384673457601143,0.044725173019052204,0.7274821659963039,0.02865459404673157,0.013778807553385976,0.06130211903355997,0.0489429196665394,0.040387042141659696,0.07531510311738132,0.03645332002724762,0.01353330765690841,0.04581586640086564,0.04887827483269736,0.04430871613012901,0.05129919884525115,0.028178539234975892,0.03532866605930255,0.03960480902456509,0.04356922901666779,0.050570032898449274,0.04157695682595969,0.05491790477087376,0.028622878843756937,0.05440259204168766,0.049514456219298474,0.025704107714431528,0.031023988670012003,0.04767888587836343,0.03500863745442319,0.05077273521022744,0.0396144731842938,0.0370679761825682,0.04951703532585067,0.033848189386142785,0.04927356277515385,0.04467526666614226,0.062106173417258576,0.013949637789245472,0.03320787214081882,0.025763854563749588,0.026806415925981732,0.017947372806972166,0.03138077065918883,0.027401370402568632,0.01589822027074647,0.01407533849643611,0.029039633073791805,0.03353907581323226,-0.00018361718872629882,0.047772726084640775,0.003468351274099825,0.0238375339995306,0.030450661040356236,0.04044679292083618,0.021992115484155923,0.04075251568120279,0.03241963749093607,0.024675978633451712,0.02812708131333218,0.023505978131257977,0.02278644678511822,0.024530805483095375,0.003247157943325318,0.08695787429912484,0.01685127673036777,0.010776169052277679,0.030009239581790168,0.030658162608983526,0.04058114030133712,0.03913362221142424,0.04546684261477497,0.0309043198154031,0.04649458045955388,0.06666953089346632,0.0635307988076459,0.037574727825825355,0.028772128865822588,0.043062847938708515,0.03309063432687203,0.05051258854083152,0.03947546114523194,0.034524176639145795,0.0442643919782862,0.035930386984931714,0.04183879430743213,0.029532357506108813,0.040529301861365434,0.03500551209115822,0.013960447074421371,0.06796842280937923,0.02750954585177416,0.02800117733390559,0.03862422018440637,0.05178919681714708,0.035248158439353,0.02989834249343282,0.04612009204797347,0.023367453270094266,0.011630997900082969,0.053546605162883766,0.020203186567063568,0.039062558249469075,0.034018369709796895,0.03258358878730447
2778,0.039307013649607314,0.003236103900008612,0.04714347055019935,0.001857409009629679,0.03546363600000282,0.018441885165879374,0.06434158502603095,0.02999691739064249,0.01768757014961246,0.021541506262375137,0.03257584651320368,0.027896584411646098,0.0469820473014739,0.04696952627836258,0.03195859392552448,0.02906778876654166,0.06418947008104671,0.03379580345512563,0.010208377507790002,0.021947842875562784,0.21203158648727027,0.024806147048453745,0.03401035147927393,0.08459540967156634,0.02865459404673157,1.3464444656458818,0.01817172357825804,0.025230739938785992,0.015275242315346067,0.0553966783827093,0.03379104453780799,0.042439608383529184,0.023201084889139592,0.009158537215426017,0.019335447720368132,0.02277825280996166,0.02151782832714688,0.022655743640784296,0.021532426097268114,0.03333626994861023,0.022459412269751844,0.027163436625435633,0.02762403362705392,0.03624795374237694,0.03693586284815179,0.03999570933244212,0.0052593559086627495,0.025426118250854064,0.018244831877803715,0.050582214986502484,0.04397111596507811,0.029947833691850508,0.07595338126613538,0.01719462249501008,0.04738578979147851,0.012580342537705855,0.01509921347091414,0.0393400876269654,0.06453320973974229,0.027955257236941315,0.033956267503871644,0.015220378336615902,-0.0006589617455040466,0.030905614604230473,0.019257120527548986,0.011723991943737336,0.01770133445931513,0.04713475985979691,0.02261050041090421,0.029984550522370656,0.09624202083117844,0.01663677631687379,0.01983948946877391,0.005598488635446406,0.022888956943555847,0.021031512201482687,0.013819378087584735,0.03367176346579014,0.021641589233943315,0.0630308483550314,0.014066535046537328,0.030309698339764348,0.03240174885266257,0.03298578518214788,0.009407862761380241,0.014007012622219428,0.03152370422440391,0.018655993296807793,0.032261970998891075,0.01996823913746389,0.0072534149148965115,0.024076863362849987,0.025534181920179786,0.013564464778297985,0.018755486779146558,0.015502218755095373,0.031731651890277726,0.025452631767336406,0.02688734710455917,0.025279165746094623,0.038718762271117306,0.013435774661217167,0.022759623244089294,-0.000697774495350254,0.07574229078364579,0.02423959577804119,0.036260646922480586,0.048262401100964934,0.08445243543453551,0.01974694374539808,0.10578878723708227,0.019293099593440288,0.048950232066694715,0.0453980514909669,0.03398219470201734,0.03497588223395089,0.04040970409036307,0.018598814784011538,0.038563201461326704,0.001919177016720998,0.08861029428875539,0.033843434693398435,0.027453391986501,0.028435502023635057,0.025878133160179714,0.06712488677274289
2842,0.020667891494651144,0.031860453136330236,0.019770398121116972,0.001531696222078535,0.006980251802302437,0.012376883247805073,0.001006803919076196,0.03555325377576599,0.0037512420368329465,0.0427547339588255,0.02711902291960945,0.009620929439818867,0.002254612507345997,0.02731558798792053,0.016540329529618248,0.0036738717593385348,0.02938776956061246,0.0067471060322864375,-0.011850023525551982,0.017737161397458536,0.007427704821506119,0.012851139210965517,0.03097923323169075,0.013381205712408277,0.013778807553385976,0.01817172357825804,1.2116134754952692,0.021160494929451,0.023328530383703555,0.0386639926081214,0.01722571058899724,0.03458921036351611,0.0065720095657463016,0.01318641908315666,0.03128826283783415,0.007985801500878412,0.02932662236319828,0.028290796151757294,0.0164066308927848,0.02630996667712383,0.023617034739157307,0.013144231651471341,0.01715245243114792,0.016251587087558056,0.030014386785700096,0.015421239237064384,0.007099755412929224,0.02837553740662124,0.00338392836673487,0.015384753603754126,0.035822362887833505,0.017268603949180755,0.03257584291204252,0.03059712032556278,0.007164136895643858,0.00906346406439571,0.007169387055119302,0.032579174293715214,0.016467965902274992,0.03261391816022767,-9.783025706281592e-05,0.009805833890607626,0.08690133044455291,-0.0023871425001784226,0.03485557683795339,0.006524878096662283,0.034450843205815325,0.009351432337984562,0.008799549169867577,0.011028038237984669,-0.012926831967619356,0.008014827091529902,0.04450413859660657,0.048036467505150955,0.026727634306017017,0.016448031671238473,0.013411155474684196,0.01518553496667819,0.01306225977657029,0.0172995277971058,0.011279817299504299,0.014660608676296549,0.0008479000899230877,0.041083452081136,0.07159434520669382,0.015630736569349487,0.006093354137374476,0.007438476514280677,0.0078122447674164,0.004960302480745131,0.006352882808659534,0.03611303421286954,0.009489489072414595,0.0093901535109404,0.042279977748842616,0.022443684332075508,0.018704604201726854,0.019409027662250753,0.006393005826122259,0.02515149020628936,0.0205440072956865,0.008267379252901448,0.009029379114487729,0.0364920239011752,0.015338894380870499,0.030664327145980587,0.008040624489037449,-0.0029409241121216394,0.0029863794450975547,0.014601251484778623,0.05673609831478701,0.006922522333510187,0.018006342392464514,0.021672369014526165,-0.004007755643797382,0.0028499682013729587,0.018285177192338572,0.027397596404790888,0.012050303486193598,0.04402036178674086,0.020907035506533677,0.006719653971468818,0.015554800926469879,0.020941796084149828,0.017458915238276296,0.008152346894621323
2859,0.06151798249205887,0.026391763309790123,0.010412257257945399,0.02249151936075178,0.043646727249845266,0.03946547214495165,0.0543661434311756,0.03834145635839171,0.04934742871142596,0.045023523040924364,0.03635397828562844,0.038990636254882825,0.04366500859848595,0.06233143065098956,0.03434540704156646,0.02145718935267927,0.04710116902872495,0.04352536150847026,0.05044481049486719,0.05623739361075911,0.02568591845279404,0.11778666415170382,0.028927793574408247,0.044338396725348395,0.06130211903355997,0.025230739938785992,0.021160494929451,0.5019129554011451,0.047003765445484354,0.04390406075373657,0.06811994593003867,0.026743748962442304,0.00454196644412571,0.0627503393696158,0.05458817299157498,0.06164880473889832,0.03949225754850857,0.059267042860384755,0.05088238480106181,0.03791038959646993,0.04876720717849749,0.09061168443137807,0.03715864158248712,0.043241617268565145,0.029871946331833696,0.06735979961842872,0.033150178651849486,0.039785348412683746,0.04520260895671995,0.03275623950869464,0.023043900336611186,0.05536852461201437,0.039048733728072035,0.03244587959489296,0.039024329382810724,0.041350877105271994,0.03817829674379786,0.022583803541871825,0.09555018632684843,0.022633717177549695,0.05059290046645309,0.03925898848105903,0.021509428334434012,0.03401224367806352,0.04486657003808784,0.02964055413134365,0.013011967827568171,0.03657664276270351,0.03437807478007075,0.032662449137330865,0.01695161088310323,0.05223685136726137,0.007562978242118208,0.027675390340267975,0.03214352337207842,0.03800461994169155,0.01642082547620364,0.03913139677101042,0.03283686764157152,0.019281189456752362,0.020765768764268625,0.03312605135082424,0.026363721550332033,0.03406147430905954,0.007413245454245812,0.04608264236740037,0.038882349491733074,0.012886962325498921,0.039171715269331615,0.032166645471537456,0.03129630512362314,0.047634378465794845,0.036639985324464615,0.03855899695942124,0.029663789232074026,0.04516045184492767,0.04644718452176016,0.034970136833486515,0.02853131183440099,0.03155196567876601,0.02431219378034661,0.025389705775947933,0.04660013386812103,0.03114000588333733,0.040592148357771814,0.030692390765675905,0.038251544737036264,0.03871493333398891,0.03159226179814112,0.03158761447928617,0.012443583376641514,0.037349744433766374,0.030912934793279393,0.02752804835858072,0.05126501377661225,0.044846364591323795,0.03131064971607701,0.03506684073990367,0.04321476529401887,0.01880667718686139,0.02317776327217126,0.044016030408512964,0.032400810709043874,0.042105318838399755,0.03073026765647431,0.024298808866238534
2860,0.10678656859170844,0.0035696737690889355,0.06197259157995901,0.05051512195814193,0.05128671363067224,0.06012217918211116,0.02766225986043518,0.041607039097103594,0.04527067691738857,0.034444439519617086,0.047384950023598923,0.029128353780224433,0.02168610379954428,0.03542452369970388,0.01761326753313792,0.013803342494973938,0.051656100980636555,0.029523790501902278,0.0023645768424001056,0.05812899626171652,0.016201844765773035,0.013061574961981959,0.004516971587657546,0.023652977913130816,0.0489429196665394,0.015275242315346067,0.023328530383703555,0.047003765445484354,2.0319804270109256,0.031922285513236094,0.0644720859202591,0.03838382674266826,0.005243894501475054,0.022974892479683255,0.08319748464712022,0.03950794237958512,0.03156056371869096,0.022400185377129733,0.04834599150720903,0.02423031196558795,0.040997442496186046,0.05497978220370421,0.040769759590423706,0.043270179163343914,0.029143823583329273,0.04998247036645843,0.002976256501913331,0.008820131667598522,0.031194140143625843,0.029128398243544726,0.008235733922474085,0.04549761790691662,0.007968928490888972,0.007635863070306135,0.13526039247572547,0.02146387691911076,0.05274761682813852,0.019088611406121257,0.050177118787045165,0.0067515615121131545,0.03133659027753732,0.042979418755992614,0.10233436111324558,0.03481877493691183,0.042811189450312225,0.01840594986352546,0.0038232981242503953,0.014950105559549877,0.009921491009561769,0.035008620741564286,0.009413415967109196,0.059831373399540824,-0.002973397687967542,0.013245284726779265,0.021813920219470918,0.04175806552103206,-0.003090933091796683,0.02098306351410108,0.026829224226246663,0.03622585496252577,0.009611086769904487,0.06146968467413015,0.03726194156933984,0.03901511321139613,-0.002970848193841954,0.057967524838258934,0.0214329126848554,-0.0075658027628735,0.031380738571272604,0.02052519605319882,0.023837886024892528,0.030269379618998903,0.10600288977717054,0.009245050755970942,0.06775285278863294,0.040866353083102505,0.063275523894164,0.03905719816794286,0.026259630054334664,0.028953728298707064,0.015242026504885164,0.025534319439743956,0.031021265626235046,0.0025582420463356953,0.021380566259403707,0.02053020472737812,0.03728034722403697,0.02061646051589994,0.03098958839638304,0.021042776904918112,-0.001654735014319041,0.058239356218952106,0.038036034864690454,0.026407213252780063,0.03533113836047882,0.03195093072121394,0.04327217803389864,0.013831988167743874,0.01863739898350399,-7.386210799404921e-05,0.008574590443757224,0.05366730286043071,0.03052219976724097,0.03193550616827738,0.030048301300852436,0.026072760391212264
2976,0.04090680755912351,0.008525944334265352,0.02119273574726548,0.023331379225303445,0.03727471227549251,0.03782805138981028,0.05738687645381523,0.054766565034808035,0.005155963705188351,0.03784268164184943,0.04199356351381875,0.02815440074030295,0.046204174895262524,0.0567617641191887,0.03435951062610115,0.027051956579046545,0.04512668293152576,0.039187490961759726,0.04181542542647395,0.025155343667133193,0.08374138578357633,0.03490210779326216,0.027446514245799115,0.03441679856560789,0.040387042141659696,0.0553966783827093,0.0386639926081214,0.04390406075373657,0.031922285513236094,0.4900524075141257,0.06729111539970085,0.038030544128545,0.008590098711069144,0.04225199219057049,0.044524592082399374,0.05732955449329392,0.03647640062473065,0.048844470608213966,0.03390461636210972,0.04273939688516538,0.041988851901652004,0.04310206562845326,0.03434255530209585,0.030330199536308753,0.03395611960748998,0.0594801393980999,0.038473962899314394,0.020417533689523048,0.03335468439287075,0.0581988168201659,0.023889959558562966,0.04018506397199779,0.05287700078300966,0.05220396543911691,0.03943980262719877,0.04034432246266517,0.028119649734770023,0.03464876831747522,0.07594901615063435,0.02691426580610265,0.027756716002579788,0.03456044325816821,0.03145881082439916,0.03167675389921423,0.034090742407450435,0.03234017139323416,0.02747270839940874,0.03877819651194305,0.029081688073955538,0.03856106882394317,0.01421541335404765,0.056152846861764444,0.033814971138550615,0.024837475952454006,0.0359323963138189,0.0289238640746786,0.012259023702096996,0.027779623148878184,0.023470981684982243,0.02732462856941098,0.02266778093544468,0.03748486142106362,0.026224293396255906,0.03360669299695448,0.024258287728540773,0.03520677755872529,0.026073635464388217,0.024378318219730688,0.034318354417397445,0.016206335709959215,0.04563254285576418,0.03681715636067151,0.026718402164852592,0.03695284338024694,0.03818989525811882,0.03349237746990403,0.03613292545843653,0.03529145244595307,0.029428214035484297,0.042237522476539134,0.026590474507312542,0.03512186853435261,0.03410779988704778,0.019498197201909612,0.041577489427976996,0.03361910832046443,0.03204143414686528,0.02552716317211154,0.028678670097307568,0.02967259819611414,0.0360296316540167,0.03903927386586343,0.034037333005162186,0.03520578043233446,0.02240726551226223,0.0368688193073749,0.030767609421952793,0.027864731511039853,0.027619660884025253,0.013982239914628632,0.039584523311889316,0.029724343380181584,0.02915936374198559,0.03312432731105618,0.027110006623092563,0.03234948803051163
5404,0.04560145562660219,0.02192869945500826,0.018010677811537996,0.014901400026318188,0.04320906225594743,0.05111429051642241,0.04477990058018885,0.07580012792318054,0.016874934370530288,0.05104366884349058,0.04636910829869219,0.028013330140457402,0.039464742791129166,0.05439444376930633,0.024466695645783094,0.03986799038235906,0.04826756869916466,0.035807561151171785,0.07152114180439019,0.0710903873610795,0.04784615378919308,0.04943644794237878,0.028286951315453,0.0351582411944926,0.07531510311738132,0.03379104453780799,0.01722571058899724,0.06811994593003867,0.0644720859202591,0.06729111539970085,1.1492183193267929,0.05125695912455019,0.02204676554348339,0.06658843766857302,0.0356258854734967,0.09389654640985624,0.04917942659645896,0.07034332867782112,0.03782814113470843,0.04788288511637285,0.06887454719919299,0.06865183465274727,0.04667128793901198,0.03255093459982649,0.04252743018549115,0.0754705995727149,0.054165464567889274,0.05102639341337271,0.0303825765134696,0.0664485037474056,0.033764466770608306,0.049847656208553866,0.05206381905897274,0.053178770409428255,0.04287955850767044,0.0497523389225024,0.061833688919051145,0.08282325869773963,0.07308136681638942,0.02792488255351548,0.05224792656418991,0.04005328839446116,0.03872391952535762,0.017822510035575983,0.03133066093592292,0.03898696877926675,0.021940908645625833,0.02849216697382751,0.04863752660599734,0.043983323628013715,0.015390602835632098,0.05756196293914265,0.03407869038148858,0.04656729489572564,0.042781603533165034,0.03514411722659678,0.016437672646435857,0.038761150832915765,0.025832218836171546,0.011565168855062154,0.03024034283231405,0.026922137898338167,0.008607986154023327,0.020394302093360024,0.003092274969417165,0.16134679392977597,0.026929859600532777,0.046659656071807505,0.0490757436980024,0.04538122939850948,0.049117501904795795,0.036887800899665285,0.047199806387691286,0.028313207113650967,0.05947574335191547,0.07058602001725268,0.06993663533227537,0.03305307695294186,0.020551269853242342,0.03836601836558984,0.035554710072054435,0.04840206392546615,0.03822635949066096,0.04121926569230841,0.05663894777026426,0.018878906452037617,0.03378192433553849,0.031583901995777715,0.029029874022864752,0.041433348667415174,0.027170559850875797,0.047906494273451214,0.04626180035278615,0.03186121172499394,0.030656408877053423,0.04542622586060279,0.04053382931547851,0.033686510421428326,0.03853019809191315,0.03200289233663224,0.028531544691249973,0.049923896927576816,0.034311731199445895,0.03923775114575297,0.027877623384488227,0.022142368139967502
5432,0.03191723726781383,0.01012776342741993,0.04292695003183603,0.0038511588643628586,0.018431452595334106,0.045254751157713186,0.04013615433906072,0.03714267178462868,0.022845020715041978,0.034644263016617,0.038801194123324244,0.031204447592694244,0.04070231620570622,0.03884618794400256,0.01727534740303768,0.019222118659519217,0.023098296139611417,0.026177535957260002,0.011638777845043743,0.043526674803368894,0.03377094891576058,0.025109913977131096,0.03472072793284912,0.020203973305449825,0.03645332002724762,0.042439608383529184,0.03458921036351611,0.026743748962442304,0.03838382674266826,0.038030544128545,0.05125695912455019,0.8447037336133236,0.024083168311564172,0.05714740225406077,0.03762596958578611,0.04208121591480392,0.04614313261047192,0.03662824853536835,0.01829992957571465,0.03278270396647091,0.050636172628426075,0.04570484178849699,0.036781452548132365,0.03597619339580775,0.019033271756401557,0.04701045600568334,0.0452085550556878,0.023499135792591563,0.029546509880041344,0.03294247952748184,0.03425561291427532,0.03505486680904777,0.0441415129646325,0.04109840837395536,0.05561069060804642,0.022191930387313725,0.03553733937577798,0.028514027984124404,0.035402518688533544,0.025400480082885937,0.03912040650526248,0.05616657791632905,0.044293240731826625,0.05181412677937919,0.04816223242497749,0.024120035304167276,0.029543157534376432,0.026002983066094578,0.031008996946853728,0.030716499954485114,0.00043988726657679165,0.04177262561087041,0.010665151874896405,0.026161794598318376,0.03933996738639558,0.043929462937852534,0.031599870557998455,0.04250813474375718,0.030321514708369142,0.04201525785970083,0.02463215925902796,0.02357174365843317,0.03736891066481092,0.05776411199549916,0.03472483561378334,0.045725660247944805,0.02814381426380213,0.03400724323927802,0.021603459728303586,0.022076106147435284,0.035485960220816806,0.041673394051464044,0.05486898060561959,0.041753672620102794,0.053775132005927366,0.03159109740234976,0.040694647078427244,0.04546082797932676,0.016787740438308916,0.039693424688143714,0.03907508215582375,0.017110435704708812,0.04164588076488326,0.014703684027930975,0.05552246359607923,0.031392836352351614,0.03911639187010465,0.028194606574969548,0.025533251486305617,0.033787946465248804,0.03963221674518408,0.04077878022360644,0.022325103959278364,0.029266938884059686,0.027685233688285186,0.04306899781668692,0.034720148218572056,0.02468873582679808,0.025668897378949635,0.02559815018601614,0.02117779995547125,0.031787706119616704,0.014214660352971835,0.029106450389975155,0.025294090107528016,0.03490575236066527
5435,0.034032934582797776,0.015385528919272069,0.04680710995787236,0.009244463924786317,0.016820420667072084,0.009146517114127393,0.03016958269227471,0.02946702827898428,0.010435095821816365,0.0121836661103037,0.008360867145849243,0.013206318076793858,0.004990213305147481,0.015498414191224968,0.005507321032365178,0.013470706818773047,0.019437915827601068,0.0045653566235499465,0.006202772587837786,0.010717100523538362,0.025544552883480127,0.002353901850508835,0.006321677508679312,0.003801291721137338,0.01353330765690841,0.023201084889139592,0.0065720095657463016,0.00454196644412571,0.005243894501475054,0.008590098711069144,0.02204676554348339,0.024083168311564172,0.8064865452705429,0.01988698566604934,0.01368308639641263,0.08252877499655308,0.01599726756671682,0.015949979987060936,0.007446741486678392,0.02095529302604694,0.008054487776402263,0.013327322338413,0.021682192027562008,0.010422197412592668,0.024117396656759462,0.008190732992513076,0.014469189619943654,0.01005195820630596,0.02242097970790449,0.02973396075757421,0.021574815585595878,0.01675818960819238,0.039213974297011706,0.013970161244420291,0.013696614541657827,0.0054075795926821065,0.022800279299122917,0.013980203544534876,0.049233361320825404,0.009051710187597683,0.006434659133315559,0.027324975844967892,0.009784751871845925,0.0024183663305748816,0.012202464074953755,0.01654112557897561,0.003198889563345287,0.009105093265750928,0.013765111589105433,0.021353689572292636,-0.004174457412872677,0.01732711311977055,-0.0015727795810386422,-0.0006862645617569047,0.016380936005228993,0.023922621167431598,0.005567458378490084,0.023326077996450444,0.013964934735857441,0.033175516921665114,0.032199424789894376,0.0072344970699557,0.02524539334082097,0.030881343523272764,0.003377417284369971,0.013822656239483332,0.013588472958608586,0.017950199384963093,0.024627249508391867,0.014136968009189675,0.01286368078515795,0.019194306872894952,0.0018835687284159731,0.03423149449412536,0.033110456101518096,0.014650906667167654,0.03640625499917112,0.018424833208407078,0.0067239318512798945,0.02747445717204102,0.0047751303829282705,0.03556045480273792,0.012286412311241756,0.014682027023278036,0.02685028016448065,0.01641937129552992,0.011848979141371957,0.008790806758872798,0.0300635370945808,0.017337302561420218,0.015185071785177391,0.015540122097719716,0.0007914166136585594,0.021765408543948032,0.014461728308955223,0.02185508540077907,0.027797304640035103,0.010979079102670925,0.01328410393713783,0.004812344665940943,-0.0029345450162755245,0.014043269268222023,0.007647361106031411,0.021616619153735448,0.012016714509264262,0.020585972653828107
5436,0.018060723645979188,0.0051285153822006055,0.020358044703044344,0.023427845228378034,0.04205462543339187,0.0795271991186708,0.1046323154016571,0.04535329146041951,0.024033374467620862,0.030700075995455607,0.03945184346310001,0.04095664555932498,0.04289432279966718,0.04078489246807644,0.029139809346940583,0.03636310710008741,0.04141237667643058,0.03083668421949524,0.06605567595021608,0.06141163436157896,0.007722738306598429,0.03286080580628614,0.0243417301025449,0.03985715164380711,0.04581586640086564,0.009158537215426017,0.01318641908315666,0.0627503393696158,0.022974892479683255,0.04225199219057049,0.06658843766857302,0.05714740225406077,0.01988698566604934,1.7537018834190927,0.1429900156301503,0.07809570474735979,0.029276265767685047,0.05327150411787561,0.0968447673668689,0.08182428092100527,0.05054719190756789,0.07534314811681139,0.045137022243017744,0.047202779228278854,0.07639948323494035,0.07973934156274082,0.030074412792924853,0.06163456118279882,0.02733265786539445,0.04715770387236697,0.025528100395175855,0.054466532143205675,0.02857511908204719,0.06615663097761645,0.05702621035447935,0.053498295392325576,0.04616948480052225,0.07892248951998104,0.1437787599546148,0.009815950261227354,0.0689329844411937,0.03770794695088668,0.08646609641946991,-0.010833911782185872,0.022576817762156403,0.021605439854436866,0.013280440997152653,0.01653969283952974,0.026073637002711487,0.040243001965891666,0.00883745410442012,0.054373464266554414,-0.004492455622888746,0.027130317188865417,0.03418404795529176,0.08019221219763023,0.0037643037942850775,0.03507382044809164,0.03884235250996255,0.014526523927142869,0.023050885492321194,0.024617337903339673,0.03098891879406106,0.05620256819342715,0.010009349437132458,0.02313484792979408,-0.00039063079816035003,0.019577717076210165,0.0655812373241055,0.010084894783210573,0.02714294279295454,0.01984578420782033,0.011644861596321441,0.023739796243271903,0.05645857256971759,0.04510817530778753,0.03802839618657041,0.03678250787205259,0.03497158696740095,0.024173093636422296,0.01650511399082884,0.030998098471136645,0.04063563136242467,0.014254599084987751,0.024832278093280414,0.03185148051815051,0.02779651260869154,0.05561154810262553,0.021783681795996702,0.027633003621358898,0.017022648379411604,0.04829470395607116,0.011295563754809827,0.02703731980403548,0.059996718042400365,0.04185141260765303,0.03517790009031409,0.014463686764390967,0.05417061321004266,0.028305087827268507,0.02597007071363169,0.02566550628690058,0.013686111352688058,0.019809291589347158,0.017316039277506814,0.039639388742161795
5437,0.06401457463883736,0.0016434957525068442,0.03700020886774415,0.030425496474688382,0.034340228424266254,0.09112352828721004,0.07327731411183758,0.05127481876728028,0.08158195819001715,0.03006354561515479,0.04237392714288555,0.057154607145994345,0.03445088057059494,0.04474544618381485,0.028931287091082704,0.012393380210582878,0.04595576562617633,0.03600635899343243,0.045446741322127754,0.08213215250190384,0.030223510195573594,0.058376658479599663,0.018886104218978274,0.024696606618352043,0.04887827483269736,0.019335447720368132,0.03128826283783415,0.05458817299157498,0.08319748464712022,0.044524592082399374,0.0356258854734967,0.03762596958578611,0.01368308639641263,0.1429900156301503,0.8677469185292975,0.07011701647701067,0.06997058562462154,0.04032140951055938,0.04972414587138857,0.03406255517160542,0.07318083473008678,0.05307573703255659,0.04658213595447829,0.06034028894201439,0.05151614028277493,0.04861302293596324,0.032849763445486097,0.031162034735118513,0.06115710165250916,0.02778324727534011,0.03964309730407658,0.05020359898069004,0.06310663158424022,0.04076627941210179,0.04099782877123711,0.037141394006572785,0.08232012374787108,0.043651885878605065,0.02560047544111566,0.021475093311917937,0.035960197592709416,0.056438152518510594,0.0157410893826823,0.02619893902608517,0.01899448488958497,0.020134889764868682,0.016081069721031287,0.012169302534276626,0.03055067265381393,0.02353839078962259,0.0037149690062023154,0.05279578862353584,0.01132947497311906,0.006626517337892907,0.024404476323224414,0.032201344620584375,-0.00139343595265282,0.023680944873506644,0.02176673597884359,0.01714442331069517,0.011655983036767325,0.05698469663849247,0.047908840864989005,0.031466992618573955,-0.0013587816196781956,0.04078720840889348,0.06437925643398108,0.011921857236059508,0.03000836800891624,0.030209693078764283,0.06912964851715683,0.08425768278277175,0.034687458641939554,0.08155658130764462,0.05621500793858946,0.054104467283450454,0.07161667849804289,0.04725029735891244,0.023417058707366135,0.047247699388863244,0.02527342985780503,0.03829819183488975,0.03711933425476422,0.029259644958324522,0.03933253105309004,0.02597025503143303,0.0268055087378969,0.036160238883803764,0.04751883909358392,0.02082658305968865,0.003620527239882217,0.06007467222166578,0.025171303678007604,0.027646421246051926,0.06796612275369233,0.037813726181554215,0.03560341760878432,0.02693740322989484,0.03728559432927705,0.011959317975089853,0.013001352748033757,0.04338856874063701,0.013405254941309543,0.03360389385763437,0.03435074042421202,0.025205815634273508
5438,0.05100081580488257,0.008318393378036994,0.018601207646030588,0.04977233190038259,0.08004099057971387,0.045589842494137583,0.05856217331248039,0.038177271430954306,0.02109638283148004,0.05321970891020134,0.03195295498103436,0.04459664578302997,0.03281185635864164,0.04260084600063527,0.023289918653312904,0.03748219805138398,0.08053469529642761,0.03310042066287357,0.06438928489948058,0.018325188093060527,0.04972977342831672,0.04535022283784638,0.01627480398080416,0.030451760780379367,0.04430871613012901,0.02277825280996166,0.007985801500878412,0.06164880473889832,0.03950794237958512,0.05732955449329392,0.09389654640985624,0.04208121591480392,0.08252877499655308,0.07809570474735979,0.07011701647701067,2.248135214860943,0.06035754164710679,0.03933807319442083,0.09984416395993666,0.04902772418977215,0.05738922108099777,0.04405644792151322,0.057499195265410794,0.04098106030630608,0.017412925532892295,0.05197429789245825,0.04669430761680145,0.037481294374726144,0.04471832968029182,0.09690986500992735,0.029381268160851154,0.048447767213855256,0.08643253254026552,0.08714047151481517,0.028842141456435964,0.0328252219318532,0.075518550477734,0.0674070851836526,0.06131613160365661,0.07658762305300323,0.04896954282766824,0.07448307993090598,0.04952839572139605,0.04322906254545454,0.030095922034944465,0.0823102169788268,0.04837645277136441,0.044615407729105376,0.048853445389581,0.03328287584675829,0.0011714510124725098,0.05456037415093634,0.02631183353731126,0.026930002518574497,0.08146391306434747,0.051645475512406426,0.08292646639362024,0.06216184077218655,0.023865887851374844,0.03006634352326659,0.04238044723866497,0.017190066880052757,0.04335252864526623,0.016002583650875445,0.00850479923369566,0.10185947897839584,0.031954122019286324,0.014647652599148768,0.0658794331024906,0.07307615309973295,0.0923499604319088,0.07049542236107222,0.0370808776129177,0.04417502310046023,0.06285514525443132,0.08085694201586395,0.04552000367966104,0.038627472306395044,0.03573325659614516,0.05676259265457662,0.026988752854943995,0.07579334453240191,0.04831362488912731,0.03514905229963823,0.050136196270926164,0.024428681125563706,0.033757609582036316,0.04336695405569828,0.036470592342963876,0.03588677319022151,0.005482271020749151,0.04339823209401491,0.01767880732708752,0.03046029203585926,0.01689960576060576,0.03754609708852734,0.04635926511035752,0.03604647163341604,0.04394469203612164,0.008295119009614446,0.039730403035704916,0.034821094909564705,0.016851886300196742,0.041578211718464174,0.02946653154288405,0.038489040957868106
5439,0.07529313297504887,0.022691481531776303,0.028054201691237166,0.02566685528454712,0.039735472180223844,0.05434989802554256,0.05089385197368563,0.04211129496371231,0.0514187212882584,0.028397249222249673,0.03545815147222216,0.021132027302231612,0.021719652889229224,0.04284660526586321,0.02353039929229496,0.027150165900586377,0.040902869473293114,0.034157716947512136,0.02988820768596486,0.03019039615561606,0.019266729570235376,0.06007233790795621,0.016493083752623133,0.02677315281075233,0.05129919884525115,0.02151782832714688,0.02932662236319828,0.03949225754850857,0.03156056371869096,0.03647640062473065,0.04917942659645896,0.04614313261047192,0.01599726756671682,0.029276265767685047,0.06997058562462154,0.06035754164710679,1.2360730443384609,0.03669860306782048,0.061161123758652215,0.047922012164652875,0.07745761214758327,0.03789738526445249,0.03924613237576451,0.03737521600248276,0.041351123897110764,0.04535931693301889,0.11473704709346544,0.012319829279233425,0.0678347758145054,0.024620371224394904,0.031043489403855873,0.061380932878603786,0.040739830946198326,0.045839173181716965,0.023677069209522977,0.023526600702734202,0.031150318234565513,0.04847417378650145,0.04174757688864152,0.022447835314880676,0.028582560174972797,0.04933495054143651,0.040638831179092824,0.022941144454619686,0.030271478479917034,0.031808093999280806,0.023349983150715656,0.013523391354486113,0.026630726161919104,0.03503339401665756,-0.0013352458316266721,0.037098228108961885,0.01958296563569339,0.020456895020871335,0.04056387744442431,0.016782368601919055,0.0077260911784856985,0.03783773269342101,0.0240803464470385,0.021958825097636584,0.01296363948957622,0.030523963031024892,0.02992759258903741,0.05781517433315759,0.008851656296506945,0.10371876959562579,0.06747034831162113,0.008837038828451467,0.020635867917240494,0.035181510933839616,0.07805205772688761,0.10754088803583355,0.02223298263699864,0.09689159989318631,0.057012260491990964,0.03686329676649882,0.042760248045414895,0.03728430093451679,0.027500219841469522,0.041705939491211666,0.08867328819208706,0.033253888847159074,0.035974075142448436,0.045389667675025655,0.030395745182112365,0.020652302612385792,0.02299146847483688,0.018024031904435668,0.030372330470717405,0.027234064165964147,0.013289431625816557,0.036290332717868225,0.01118013648118419,0.026106074387751192,0.015348013781318986,0.032741429369723136,0.021628614367742344,0.03515696370938818,0.029160114108142697,0.013825568480355472,0.020748041580723086,0.025982726153831955,0.023559879035550672,0.03415618288932944,0.019192008571190793,0.02020226375422333
5440,0.05413262673927833,0.036677836590901146,0.010356065384518573,0.026864556411313197,0.04530114084538846,0.055781219112483627,0.07043023534379639,0.07125167750404653,0.026644765229123655,0.037773395873564826,0.0404596672833192,0.02823449976087304,0.05344892207578282,0.04360454759314428,0.04404192802299009,0.03428837738449248,0.0279947041712652,0.048000642637313976,0.005233968668273175,0.04310733777405948,0.023060599207392365,0.03013653433273198,0.01840290148346076,0.03579296662306028,0.028178539234975892,0.022655743640784296,0.028290796151757294,0.059267042860384755,0.022400185377129733,0.048844470608213966,0.07034332867782112,0.03662824853536835,0.015949979987060936,0.05327150411787561,0.04032140951055938,0.03933807319442083,0.03669860306782048,2.1797677982193306,0.04293016230844379,0.07920568987939455,0.04631624508175751,0.0666190187176248,0.052832024378966135,0.049405892462115006,0.056692805241612784,0.054767147641305546,0.032382455521162395,0.0033138390533805798,0.0354645750845692,0.027982369999864597,0.038620283233219845,0.04899275890797775,0.02647860929493672,0.024234244465093736,0.05150875198523479,0.04462923664047683,0.03642334839185052,0.05891252173506017,0.054480869730387564,0.06197561639613391,0.03821849309678288,0.0498491075822563,-0.0008887129830896432,0.016680611467695724,0.04686483114034153,0.040388312264119125,0.036661216284856156,0.06926818170244237,0.03169287773607502,0.038795553782027266,0.0075088023138810975,0.03868836026664597,0.03297438160837909,0.042865773246969295,0.0398081342491717,0.027778939383610972,0.007067996522435009,0.020806416222606584,0.022433510970863848,0.008569034560633277,0.08121140252025366,0.039855223662058785,0.01938604049774998,0.026048975499366255,0.01013182983785969,0.03170827531473396,0.015636245412415675,0.02681043844954263,0.04237923068916648,0.0463886751165959,0.03794323369830267,0.030715314985470008,0.028259620897229405,0.015890090993118722,0.0356740376864244,0.02164640127022656,0.04081425396870173,0.020727241225471333,0.035451636197545947,0.07371586716965325,0.031442906712858334,0.01089761381897317,0.043620958460241215,0.013325041853334435,0.04673637722720586,0.01367549744815338,0.028578485661308745,0.027379047210091306,0.023225809649706664,0.03606040762178499,0.030625045302640264,0.01492180531105231,0.020226234394608536,0.02437679073435031,0.015119182750949159,0.0321670892894472,0.030269953214803302,0.020571879256902133,0.024927563082031364,0.005007858646316983,0.048290063915555355,0.03915095833593325,0.019436737240266292,0.04094916386930882,0.027135004182256856,0.022390821615303164
5441,0.047090644598920206,-0.0014018326365257646,-0.0009454879662229404,0.00931294947913899,0.06149428603010822,0.03138682499157313,0.032304495280693776,0.04275852741072881,0.08283063675395927,0.017339369816363824,0.03109777637581571,0.06855456093879919,0.039451433940130405,0.038119594966238055,0.04041903992940006,0.03264438708761973,0.03995892991549507,0.023606204251568456,0.034675503215425105,0.020733829113998906,0.03964733995134068,0.048471640292215665,0.02237222665056314,0.01686027876809978,0.03532866605930255,0.021532426097268114,0.0164066308927848,0.05088238480106181,0.04834599150720903,0.03390461636210972,0.03782814113470843,0.01829992957571465,0.007446741486678392,0.0968447673668689,0.04972414587138857,0.09984416395993666,0.061161123758652215,0.04293016230844379,1.3047940760718122,0.024100251897675843,0.08462614748760401,0.08579841829309041,0.03142061257064104,0.02598485011699072,0.028946001631359616,0.06569658713146366,0.02018176166758614,0.04193702858684085,0.05282839620532355,0.030318276975214494,0.024129951500239173,0.029965541909874334,0.018960318829798165,0.04279263427736921,0.0288820863199144,0.04721437616114558,0.06838803675071424,0.02584503616894713,0.06324920985467387,0.009124045478019763,0.032445244010225346,0.01942068704445296,0.012953314212932523,0.012382024986811067,0.034721539404425475,0.012495793058503863,0.0027255683629910836,0.018836859077293492,0.026182264260250124,0.017927210464376744,0.016570345570313224,0.028363907437473784,-0.00042792465073714076,0.0002901193312421215,0.023527499162285494,0.029451898793809272,-0.0018013113702068666,0.029347480294647378,0.010951752883129847,0.012289947951763401,0.006462306670964775,0.01732827677897259,0.02132222916785982,0.02953002433043047,-0.0016075167296924146,0.04386142458627747,0.033286066746911744,-0.0029822886562902075,0.03241537144157221,0.0222086663593448,0.016446570190061644,0.022197591729792705,0.01881981584473884,0.009701116515668413,0.028390165588243584,0.02976604404553296,0.03976637488121186,0.02382887894492908,0.03479605340170054,0.018291205316108367,0.022545583478937557,0.04220031942608598,0.04221563273280317,0.012016148929981657,0.022641364745159705,0.01641900899606935,0.018812158849139775,0.03304209699773306,0.016472939697194575,0.012034124781035153,0.015620342784452533,0.0331624775428053,0.018468384591963958,0.019350047067954547,0.02651150508235229,0.039139340522491864,0.027265261218646447,0.021449803840339884,0.030202059360331733,0.01886776812226039,0.027092847028646217,0.041955691782725145,0.017569742695944194,0.018763315800774952,0.023980444121893783,0.019662578200333587
5442,0.011782058215516908,0.008889038890730823,0.008197617358581329,0.006055695546822475,0.01755591522191979,0.08110507536969162,0.04028960358585322,0.03420536923222103,0.010875603934333233,0.03506026472340412,0.049370593578587724,0.03681026489421582,0.040652951567203624,0.04418660869135091,0.019797207743069523,0.03774398022178001,0.05173628032038137,0.027004531597859625,0.003098884703820074,0.024787440874896385,0.007291573781876895,0.021920192765183373,0.04333181362843257,0.03789194197294223,0.03960480902456509,0.03333626994861023,0.02630996667712383,0.03791038959646993,0.02423031196558795,0.04273939688516538,0.04788288511637285,0.03278270396647091,0.02095529302604694,0.08182428092100527,0.03406255517160542,0.04902772418977215,0.047922012164652875,0.07920568987939455,0.024100251897675843,1.5885720947051711,0.061481746594410795,0.03572740927672402,0.0565174627806924,0.04417725274946021,0.06757831173500471,0.049672758736403325,0.029935339124283714,0.03435178647648182,0.029354549345535698,0.08818951810533313,0.06152629482944907,0.04110854736533907,0.06456117182543614,0.037340641850528225,0.10627324845310653,0.060946432822444996,0.025971373870811446,0.11116914408888713,0.03945522935661979,0.011806881822541982,0.022613477576050988,0.04804314556536415,0.0022107286293053686,0.016668871621405273,0.03456212610539081,0.017031869496217076,0.018611955366182955,0.06195518060632687,0.02945383295099956,0.037407666912301366,0.008355892045693841,0.028584649864557467,0.011173578453224404,0.012408891356418823,0.035742015335621956,0.036398796704202624,0.0013437136780520352,0.03905942729750544,0.027152474111791752,0.08524472260920575,0.1543356680714451,0.07814718192336133,0.03067981847725721,0.06835574283617833,0.016574377010745565,0.03329677397829021,0.037632108035632446,0.01625492457181654,0.009701843191170068,0.040683482212129536,0.03710473605262495,0.010725412829662016,0.032963113601539376,0.03827430690557709,0.01855785212969199,0.0225197004342659,0.05076095039606167,0.023024575862752403,0.029528473773444787,0.051019755930744176,0.07491808454833182,0.011147516268082924,0.05940168985436228,0.0003598939785062795,0.04343013117467978,0.016813433497764735,0.04080915613573365,0.015571196242280453,0.026363839463500113,0.03386364870268062,0.03942662740595635,0.04417690489560212,0.02580948245537487,0.03540386653407666,0.016304508871860347,0.07708377297022657,0.05040127143979018,0.006227332966157409,0.02251806106325904,0.016621406945819338,0.022668142110560265,0.032696161880132704,0.027053501668189334,0.03458652669869615,0.03720009504433066,0.02944919642724126
5444,0.037120362234995576,0.015637117867062098,0.020717098250860114,0.01187756056180615,0.014042204426192974,0.03367851812134886,0.03743321883208606,0.04784755090933836,0.03252224910898785,0.03494174914648735,0.045364127484357364,0.021412430519665345,0.02862327195133667,0.042337191140246797,0.007684672357271853,0.012820989545313662,0.041317484264146394,0.023515771586972795,0.05375548307218255,0.026544360279398674,0.01987156439247725,0.03878425960516487,0.021847048744232912,0.01753782410034439,0.04356922901666779,0.022459412269751844,0.023617034739157307,0.04876720717849749,0.040997442496186046,0.041988851901652004,0.06887454719919299,0.050636172628426075,0.008054487776402263,0.05054719190756789,0.07318083473008678,0.05738922108099777,0.07745761214758327,0.04631624508175751,0.08462614748760401,0.061481746594410795,1.2043423819242116,0.025231051886065323,0.03449099043295692,0.03723336665467332,0.033772116862806956,0.01724423674776922,0.07241320870130644,0.025739006535486466,0.043126901097216556,0.03826610868078336,0.028667510188003918,0.05845652553522404,0.04948466312369122,0.07526709480017162,0.04222173456351647,0.030786524848685683,0.02634855590763385,0.031938496641922935,0.04536771875662973,0.014752382681247534,0.02678472182368141,0.04660655886823794,0.050540932625512514,0.020632291148208786,0.043719869348919506,0.0343337663457378,0.048509286910690196,0.010549354399966824,0.03211193839696529,0.029183789610902015,0.0018157441872147838,0.04074280921214544,0.0028946946330568883,0.007541503090076066,0.029164630316260817,0.02224936205964851,0.0100973391556812,0.033496319539543774,0.021966263072191,0.010585030682723292,0.007547132789347615,0.028388189946125863,0.032800438191775624,0.03960831428201804,0.044004972318660435,0.07297472372764731,0.029829808166160755,0.0038477902432224793,0.02151906762609744,0.014249277453461792,0.06455468002900287,0.0904348400119832,0.023924939049728304,0.07290456053652965,0.06595394134882644,0.06101710870276398,0.0420748602878942,0.02523964233223476,0.01485606721745069,0.05407627327075319,0.05705157092698326,0.06839476137673926,0.06365883954199233,0.06347365102391217,0.06623681438313972,0.02463076315882055,0.025205753946110774,0.042477073813823464,0.04364964926528545,0.01607548100068654,0.026663054889192524,0.039330798508956044,0.01657523132814707,0.032680692482881246,0.024825315951949995,0.045857072915988166,0.02848569653648389,0.04339069057752157,0.04022513430364593,0.06155096817524894,0.03366115753797895,0.05609802957616376,0.01938311091010162,0.028227565859263868,0.026460065702568415,0.027124087153884098
5446,0.048300454709120165,0.010800113155838073,0.001542523929811073,0.02568629396509141,0.055331259728796205,0.05016771087384627,0.048195031045398934,0.056476059662115316,0.06216130331574967,0.03381249220039337,0.03286648214818329,0.04388030838033197,0.049836529342736906,0.06157898257899357,0.0369029335975643,0.04161213972419334,0.0494821689416021,0.06341327233716301,0.008757914960572688,0.05135934116174543,0.02307150301745967,0.061985403962454555,0.033958939528694616,0.030547308362565903,0.050570032898449274,0.027163436625435633,0.013144231651471341,0.09061168443137807,0.05497978220370421,0.04310206562845326,0.06865183465274727,0.04570484178849699,0.013327322338413,0.07534314811681139,0.05307573703255659,0.04405644792151322,0.03789738526445249,0.0666190187176248,0.08579841829309041,0.03572740927672402,0.025231051886065323,0.585892290363973,0.048352303865008155,0.053860310469982506,0.055501159111731216,0.07642896684521298,0.029672360695668958,0.05409595014071048,0.032815296235840154,0.04170854737804856,0.03442790637253999,0.06196327674963305,0.0436348550458416,0.04639320768047727,0.04361777584616399,0.07950107024865462,0.07610503702828922,0.02658099693498936,0.10016700349788477,0.028970894322065767,0.06620767657247008,0.0326058644668732,0.00917863610661392,0.03637050358953162,0.04363105947778893,0.023412421948923977,0.005943636152758448,0.03434284725122225,0.03946839665899462,0.03477286836622217,0.023640353951523384,0.05371993470111615,0.0017625777956378826,0.017354189534769568,0.030184138637448232,0.04528046236181036,0.014605403237537756,0.04016210399270898,0.03358942526692726,0.04292007736084228,0.041727538667257626,0.032517155886130904,0.030927325823175734,0.03771617945561095,0.009818005864512194,0.03366223855973006,0.025607020925168738,0.010899240637847807,0.03580076569162881,0.03229145559995805,0.0164673649000507,0.017781591387359914,0.030139818559981765,0.028664524812055208,0.028402979743317115,0.03694443328166177,0.05271712604573535,0.04436461193360875,0.02902475972005739,0.03548964012170705,0.03147805770644424,0.027906222088042037,0.046607965329123514,0.001061624283776679,0.02669728503415799,0.02860346359045747,0.029687456272536016,0.027810855604309924,0.02437515622010437,0.04727892531121528,0.013137949558959179,0.04088000993599785,0.050676137669014784,0.0298654660446724,0.046876897309280144,0.04983807863703768,0.03612967413933978,0.020591752184633376,0.034920509997205765,0.007138661687625741,0.023918278887746596,0.03774451183273814,0.033379066044793904,0.03512581336468463,0.03342265443030596,0.0326262447523801
5474,0.029204156845516197,0.006935397296508232,0.016233366153317073,0.01745171764484014,0.0185750808684488,0.05685411306672798,0.04533882687695071,0.04513826825857797,0.031249575286631335,0.019065582239073526,0.04502357519009501,0.038290198460802685,0.04031985638509167,0.04406628594794356,0.031798296265412744,0.05103837449039257,0.043710297799617166,0.034818418001340674,0.012925395402186044,0.03461935054533725,0.02979170950120013,0.02754490815921222,0.03576408511696485,0.04013042375354346,0.04157695682595969,0.02762403362705392,0.01715245243114792,0.03715864158248712,0.040769759590423706,0.03434255530209585,0.04667128793901198,0.036781452548132365,0.021682192027562008,0.045137022243017744,0.04658213595447829,0.057499195265410794,0.03924613237576451,0.052832024378966135,0.03142061257064104,0.0565174627806924,0.03449099043295692,0.048352303865008155,0.45473427834207364,0.030385297989514268,0.025048191819329563,0.05512072926050213,0.017560141559250543,0.039452295980189726,0.05861467491039341,0.043386924105092525,0.038532474278233225,0.04688905088277314,0.048960923875631716,0.03586761306780368,0.09001160299006568,0.047473372519726054,0.0491147971395788,0.04850808102903691,0.04613438507348943,0.02669899224021784,0.027705030014964646,0.052316849610970315,0.028743197621044284,0.04714287387371072,0.04817148836972669,0.03477070968505487,0.020600100299212006,0.0408103561760463,0.04232924942304357,0.04080415069860852,0.009138081519728515,0.05809328519083847,0.016579011824619374,0.03599717083414207,0.04858389088069654,0.04599857315444015,0.050570375676197675,0.03951247336649388,0.03323760462591416,0.04702316400394815,0.03508918629560104,0.047594925162345286,0.03606222525915891,0.0496242967585481,0.014683011388485616,0.040468396794610464,0.045819120310515146,0.015740574061936727,0.045263629508493206,0.041206136164195876,0.043951779144091964,0.02909222226438832,0.06551898282383681,0.035674142251184926,0.03441193563722807,0.03286953255743112,0.053422403180130834,0.038862475048155716,0.033464974212794665,0.036430092173108816,0.039261399465686256,0.023271423945313553,0.038004993537040566,0.0029064446342597855,0.04424989939773036,0.03706975725624591,0.0432672994843302,0.016997847250887706,0.04169905951258614,0.03983001957346087,0.02300241371653314,0.040690394123079926,0.03757725830343445,0.03354062762417235,0.03291954434472096,0.04316282779256454,0.046169335882224924,0.02895197799887695,0.025181794689303587,0.005641752733852752,0.021132388073522544,0.039807515933971395,0.027814862274136445,0.051114141696480715,0.03219176935434615,0.03191771201648686
5475,0.04284548807571218,0.0064849649567253085,0.023290996775354105,0.015100233728971733,0.03337054436384856,0.04861451104195975,0.04436505423016541,0.04747939305585719,0.046468666672755,0.029105369879573264,0.04261790406226832,0.05657990485970545,0.03854090574485632,0.049305456493083426,0.028598446840677555,0.03351931172731267,0.05604905595850269,0.044621718607261995,0.010818641866007258,0.0500753879981328,0.030310777328264208,0.06663506347406989,0.03905337188206188,0.03140386512685365,0.05491790477087376,0.03624795374237694,0.016251587087558056,0.043241617268565145,0.043270179163343914,0.030330199536308753,0.03255093459982649,0.03597619339580775,0.010422197412592668,0.047202779228278854,0.06034028894201439,0.04098106030630608,0.03737521600248276,0.049405892462115006,0.02598485011699072,0.04417725274946021,0.03723336665467332,0.053860310469982506,0.030385297989514268,0.49069290424551665,0.04727350476802709,0.054935848089617795,0.01594410398779765,0.06217705260284535,0.06395857427479054,0.050954985077362326,0.050863043746547064,0.0637986433329837,0.05190514803063433,0.048105775368953226,0.06355597247725236,0.05898518890575397,0.07081041965906482,0.04753688779453461,0.061388991124773404,0.024365299720839204,0.04232964334002962,0.051470944882162764,0.02301905859597017,0.03561319227539298,0.04211946524043096,0.030415184389588564,0.016565153768995526,0.032608589011855565,0.04139513681653082,0.03852809131218837,0.02054268615992842,0.06700303457723122,0.017231762786875347,0.02645867114770101,0.04056677321760187,0.04508429191565309,0.02188071116295095,0.03181733233514996,0.03597968900099198,0.02363190729664748,0.05710937158545427,0.04896831377589052,0.03666592505533797,0.03805428744130537,0.01201496230349379,0.0495944428460502,0.043461862741243966,0.016007280075808494,0.043073395877714644,0.03533999766891052,0.05145350618297295,0.03252762296445986,0.039405714060425166,0.03903802092140749,0.04028174525968716,0.03676178963295311,0.05901554115367196,0.03443937728418819,0.030218999100868643,0.04859087136670623,0.028018935854668765,0.028106380472726525,0.04051130617029112,0.009124528350412562,0.0325363633408183,0.028905072125671942,0.03448605023465189,0.023206466081414415,0.03753250309678684,0.03879079139471704,0.014309696720867564,0.04214184737512862,0.045238799864199555,0.029002908881352176,0.04024022710000219,0.03715640241576506,0.03775988681185128,0.030041159965655467,0.029442374729069756,0.012546283877568603,0.023156127153591968,0.04094365572485964,0.02763616999201826,0.040633732372995786,0.03393638760094258,0.03696603011753506
5476,0.01929387112817154,-0.0010102419005158846,0.02086733147505904,0.04455477668742618,0.010127365621259442,0.05967671351822897,0.04610088976361751,0.09665291419642348,0.03914215931628972,0.02372424493380953,0.03359237309853013,0.040983777953028044,0.03687564394727667,0.038766720127704386,0.04376156760529381,0.02257804353643146,0.03010450589957318,0.02243058896100364,0.0194526000516624,0.06047127481180908,0.03307196600869196,0.05508988344942097,0.063966796600916,0.02523547710019647,0.028622878843756937,0.03693586284815179,0.030014386785700096,0.029871946331833696,0.029143823583329273,0.03395611960748998,0.04252743018549115,0.019033271756401557,0.024117396656759462,0.07639948323494035,0.05151614028277493,0.017412925532892295,0.041351123897110764,0.056692805241612784,0.028946001631359616,0.06757831173500471,0.033772116862806956,0.055501159111731216,0.025048191819329563,0.04727350476802709,1.0190497624647323,0.023337690128457336,0.00849728027943689,0.020405432664265567,0.010191370381562703,0.025967180986523657,0.04829499183999281,0.056010068710989624,0.0712113008830471,0.030312421018186073,0.04151556322489207,0.041794443468908024,0.03530081060335019,0.036209757346875135,0.02598086090268837,0.023468014730158984,0.01613557825359013,0.03264234487572053,0.026719315821941036,0.001953553486337867,0.024806034555244327,0.016956018909265652,0.008204643285037649,0.021005589524063565,0.019938797601419957,0.032764828368363565,0.02432474715060766,0.012919544438406969,0.013782106189024044,0.014092852156093228,0.035915090794192306,0.052829744241060475,0.017001530989149666,0.038812052793198416,0.028713891790731152,0.08535970004184254,0.05390859720419137,0.028947216544768714,0.027279465300485726,0.04335837226329156,0.015787343445303737,0.022232019428319327,0.005284564497482579,0.011893261136871192,0.022157785714108518,0.013987016090160755,0.018155420616898253,0.04287529598467957,0.025737069930808824,0.02270309821002824,0.03367843079288692,0.0256078709050639,0.025214638080894518,0.03639809816647072,0.016884228168061313,0.04153140056486871,0.016155671578433204,0.020298235955324,0.039217247290053,0.012016187682620057,0.02821102112619488,0.02695179528628076,0.017761905904451727,0.015406186921399605,0.025983430818063473,0.027792816838842112,0.031181164320446566,0.05232735054756511,0.01803256337739943,0.0350626317651424,0.028173159020635705,0.030389165838639265,0.03412069675875148,0.020985318109321895,0.03661475507156989,0.021207730817272435,0.032349837343905646,0.019487534570256027,0.01987887208468519,0.03638479303605125,0.03350824437837841,0.038877852949621476
5477,0.043668719920263055,0.010687399394231169,0.00849650355543597,0.009970967692401394,0.030954096822639277,0.039739901338977646,0.053502715269801084,0.04379195303002563,0.036390010125443545,0.03376716783402818,0.053043552708346084,0.06823396958066993,0.08255124877818915,0.06066997603121932,0.04340278123315669,0.0335923939515628,0.04960530421644545,0.05352470847836962,0.026021784219426688,0.05979052147372672,0.0609630957560011,0.04618348983990608,0.022376052956617036,0.056833715887210784,0.05440259204168766,0.03999570933244212,0.015421239237064384,0.06735979961842872,0.04998247036645843,0.0594801393980999,0.0754705995727149,0.04701045600568334,0.008190732992513076,0.07973934156274082,0.04861302293596324,0.05197429789245825,0.04535931693301889,0.054767147641305546,0.06569658713146366,0.049672758736403325,0.01724423674776922,0.07642896684521298,0.05512072926050213,0.054935848089617795,0.023337690128457336,0.8705785710059468,0.017138059512109175,0.046260369683795856,0.04559947191183914,0.03209501192509248,0.03770629409497833,0.06695014301703885,0.038311301506793086,0.049596149785633536,0.07092276339302074,0.09440125954585153,0.04531708806948758,0.029757198792771597,0.13552183932597123,0.009557501546618703,0.06918160454297625,0.03294084872107172,0.0155063628854194,0.025550778026191805,0.0441883383729438,0.02850651546312039,0.014680779600420009,0.01641615604944928,0.03990792646739131,0.03553975464171567,0.014793470319198417,0.04308507737831993,0.031023818591650786,0.035384536593535625,0.04337766851108183,0.06397027694849691,0.016171131453206207,0.04105135395369308,0.03574823285583153,0.029325431472633372,0.023352933161096136,0.03319415134504376,0.031306183890484486,0.04318333551025361,0.00963092159979464,0.06540664847530453,0.025058471827365328,0.044842523637664444,0.06342380014523338,0.01986194270135386,0.023186227111139573,0.027049267821425485,0.04523773721340107,0.017702100127647575,0.036913173507627434,0.04835951080521798,0.04505761521642193,0.033788571997245935,0.04126610666479014,0.037399122261855655,0.019922978766055994,0.02006238440664856,0.04194042839442323,-0.0025176993872235813,0.038862021317382686,0.026365355516728806,0.04042285417245715,0.022767888609143964,0.04573840660849757,0.042797271232278354,0.026935138526704615,0.03814799759699536,0.03747547704473681,0.03209333393612853,0.05265929912154043,0.0356696100903549,0.04666143776393215,0.025694664306610455,0.03767505423838575,0.009408710329146877,0.024710839044335436,0.05805369280541705,0.04041650795778022,0.03799536746024414,0.029439260405850383,0.036896972451059655
5479,0.060096063920328485,0.009270280363970968,0.005386356871929303,0.004348604693236602,0.020810810781752474,0.018980208395839172,0.0378470910155966,0.03894425892392666,0.009723465619413597,0.02536701513321601,0.021052532270335492,0.015271280796370856,0.022300417572767104,0.03115111855107882,0.018127680315661594,0.02771975389280491,0.04267212257547688,0.011397356749016955,0.0785167353479911,0.012998943528480087,0.029885089519609307,0.026562154715412078,0.013737811345526301,0.027436065019584496,0.049514456219298474,0.0052593559086627495,0.007099755412929224,0.033150178651849486,0.002976256501913331,0.038473962899314394,0.054165464567889274,0.0452085550556878,0.014469189619943654,0.030074412792924853,0.032849763445486097,0.04669430761680145,0.11473704709346544,0.032382455521162395,0.02018176166758614,0.029935339124283714,0.07241320870130644,0.029672360695668958,0.017560141559250543,0.01594410398779765,0.00849728027943689,0.017138059512109175,0.7849886634581423,0.005782070091734099,0.008709819554409963,0.03793132893526525,0.014280757865148841,0.05600124996015054,0.054207400101862646,0.040887864487627865,0.005176439654514,0.019343596396638373,0.004922837321816408,0.027820167226284952,0.01639811069982347,0.018693152624076264,0.024117348786778844,0.027621838120426564,0.012038482678794465,0.011275248382593089,0.020204954617228245,0.023479285415698985,0.011658630206615839,0.015527668382991936,0.023700284609113546,0.022089885812626907,0.00675015437138717,0.026146127123153885,0.01712218811754805,0.003776189665518584,0.036493416429529385,0.016080473023786103,0.020167276375035945,0.03645984093801867,0.020316344842405312,0.00956123864150472,0.008220377684265404,0.015505080014197108,0.011877265813829491,0.017269455423018817,0.011818759615056532,0.025265384325070115,0.009592372156233687,0.0389321242683221,0.03406313904856232,0.01178974605542522,0.02192063009725106,0.11063755233721631,0.013346088230427749,0.0713445315151466,0.039550115774542385,0.032607795379180037,0.024690211973283298,0.02576622748001951,0.02037643905592808,0.03943045176052148,0.03660806611086597,0.04253151967521887,0.036032969369739085,0.13494421253006578,0.055025060593767085,0.02582143012970373,0.015361317745991988,0.017237290811949225,0.020500211094536536,0.02212264693670982,0.011096000385713255,0.02680563450102366,0.01311138477825251,0.02293130265786663,0.024097058310154414,0.02071861730547963,0.020411837710639757,0.03526628976387452,0.03142124935948814,0.051412036498135076,0.011593769254113217,0.022906825888514223,0.015476128363299582,0.020876106989196175,0.014283445630874362,0.024467420657201915
5505,0.03707192548596396,0.014754133359566522,-0.007637611448829793,0.0010094073879094558,0.026990204407119488,0.019512277377918594,0.024355606530196316,0.023767003753150204,-0.002552373269678359,0.042670567297082365,0.0033765447101595978,0.05996921494770042,0.018043597117051512,0.04231397829593066,0.029162525952020436,0.04337913240099161,0.07357198876971273,0.021851582719086653,0.033088240350591526,0.03706291561242888,0.02644575958768527,0.011409671835576559,0.06394762818249472,0.014725667497993781,0.025704107714431528,0.025426118250854064,0.02837553740662124,0.039785348412683746,0.008820131667598522,0.020417533689523048,0.05102639341337271,0.023499135792591563,0.01005195820630596,0.06163456118279882,0.031162034735118513,0.037481294374726144,0.012319829279233425,0.0033138390533805798,0.04193702858684085,0.03435178647648182,0.025739006535486466,0.05409595014071048,0.039452295980189726,0.06217705260284535,0.020405432664265567,0.046260369683795856,0.005782070091734099,1.8587573923271146,0.027991566830107825,0.03787635482048041,0.060048195666737206,0.03207465076260325,0.06310310155368859,0.04551797247074127,0.024270191261268604,0.03676189778298977,0.06457962104031999,-0.004745630100884965,0.002228014076143881,-0.009528357666979728,0.0443163155248578,-0.007015818034291735,-0.0147778392910374,-0.009119563880531301,0.001058249156718179,-0.006777055016775128,-0.002130055184293014,0.021673246840720646,0.0074413453764080074,0.016867946853437548,0.025019574986683484,-0.004592607343876433,-0.005888469662577753,-0.012052161306733419,-0.005616378420053652,0.007717412047432122,-0.008430660631857606,0.015635248266816185,0.0037433329938569553,-0.005845977336377294,0.003604431013255721,0.025304709453573396,0.01646792059774576,-0.001131908480254762,-0.003852194280384809,0.009761276609910097,0.022657245572478737,0.04135999725120261,-0.0017301037455804136,0.014288524863766064,-0.0015465349751000075,-0.014420236087285866,-0.004762817483775065,-0.011244703933509072,0.0003183157357006008,0.022771901687001158,0.1377256167699452,0.016993284134880313,0.0035696532971665365,0.03060915041339207,0.00020596119526368088,0.08655182521814377,0.03502085604194785,-0.005633759560223519,0.07347806761042329,0.013989091316114161,0.03367217201921677,0.02998601360185358,0.06786112425809973,0.017223083784763032,-0.005909949450465978,0.06069338049150229,0.029808361304575023,0.022203523796872217,0.03551584227241363,0.05401735450526582,0.03106832445813959,0.013432422520676147,0.008014964510875643,-0.00015010901926309386,0.003668154370001113,0.187006300743378,0.026009667926806618,0.023307100392694974,0.02879723222990595,0.02432179729188213
5506,0.04126224759517136,0.006266660252526912,0.0063833065756762515,0.02133008078673811,0.014619180764239058,0.021578098720964032,0.03855300445129706,0.02732830892285132,0.030459214832354056,0.02685753517324308,0.027676791688750445,0.0463071605329428,0.023366648280081007,0.04849305995772781,0.02746304408326741,0.0918711547949129,0.04425104642129311,0.06393237140167178,0.040861226643790466,0.05230971058971404,0.017261179518761022,0.14734530137822818,0.026207609729872926,0.01647607387766598,0.031023988670012003,0.018244831877803715,0.00338392836673487,0.04520260895671995,0.031194140143625843,0.03335468439287075,0.0303825765134696,0.029546509880041344,0.02242097970790449,0.02733265786539445,0.06115710165250916,0.04471832968029182,0.0678347758145054,0.0354645750845692,0.05282839620532355,0.029354549345535698,0.043126901097216556,0.032815296235840154,0.05861467491039341,0.06395857427479054,0.010191370381562703,0.04559947191183914,0.008709819554409963,0.027991566830107825,1.413661857163561,0.03962263416931388,0.03944941607946986,0.05392619464306206,0.03199165784342883,0.06188626015610611,0.08536290240490656,0.04037097194746974,0.06515886582903474,0.029562565685405755,0.027720885583762567,0.019466081215804443,0.029380206745336188,0.04448278077339459,0.011393692179744806,0.16115758578407718,0.02694346349550847,0.03935581671735765,0.025142838565122266,0.08515104729492638,0.03817058689296234,0.02668909840836899,-0.005087479318608774,0.06339923540900125,-0.0024271465335470917,0.003037872995993397,0.020845525414274074,0.02107538933389854,-0.006497073621420198,0.011545373551547543,0.02358424078348825,0.02441009022197573,0.015292646580703718,0.08080723356119959,0.13564260997249428,0.015924615797466537,-0.005393314823588969,0.0925690001301095,0.2766874215923737,-0.004452201015286309,0.0014765670423306902,0.07459687215197965,0.14530636943193628,0.05283917494660572,0.06078620847832494,0.1480946804861634,0.04312314481529644,0.05400252674182223,0.05554840910086005,0.07055720006509268,0.02662394904459667,0.04338502874643929,0.05087064677964247,0.027829555513057283,0.1068809294211504,0.014483909480671233,0.03308241927180775,0.020171257316081714,0.047100620607336025,0.05004471774671382,0.058131800634088,0.031636902601245576,0.00204242706217109,0.05901256483682508,0.02965790161280474,0.025417837467230555,0.1144105342029564,0.07449034824338004,0.05558748869147468,0.03588714644933385,0.04509694276349729,0.012901759442227927,0.024008405550797165,0.06895420339695887,0.022918892700101095,0.036688832451631556,0.03598103322253227,0.03139842294900613
5507,0.018254527738161313,-0.0021800802707768524,0.028353635638024195,4.079686809129471e-05,0.05745576625146891,0.0287922579239921,0.059283481336623166,0.04614822467164612,0.017114157152058437,0.01970540123270707,0.025030465886813864,0.03348411378993179,0.04510109513913171,0.05727737416776759,0.03877995850508823,0.08187592354909046,0.07828405281510964,0.03761501753337899,0.036296220977049765,0.03759709885820381,0.0471008852900247,0.038065755216261474,0.03232517102376598,0.015982233429659824,0.04767888587836343,0.050582214986502484,0.015384753603754126,0.03275623950869464,0.029128398243544726,0.0581988168201659,0.0664485037474056,0.03294247952748184,0.02973396075757421,0.04715770387236697,0.02778324727534011,0.09690986500992735,0.024620371224394904,0.027982369999864597,0.030318276975214494,0.08818951810533313,0.03826610868078336,0.04170854737804856,0.043386924105092525,0.050954985077362326,0.025967180986523657,0.03209501192509248,0.03793132893526525,0.03787635482048041,0.03962263416931388,1.2013279226387066,0.07142845400855231,0.0679956539345517,0.09355475467930605,0.06871004312350541,0.008374599475886455,0.07284565782513334,0.03320445149670281,0.09296084460064606,0.03811560450755612,0.013283562757547055,0.021048087636499128,0.02961469893572756,-0.003002054386208344,0.04641831173645653,0.028279066904927982,0.024883038345081612,0.01203675424564532,0.031520363143889,0.03671323606580773,0.03920361399341152,0.00687843862918436,0.03888777699269296,0.0030032975058865955,0.015939763201848825,0.010804882499055729,0.030785343707076612,0.0713344643425697,0.030371092051953125,0.027733630326970213,0.06150608446406555,0.07301443667984614,0.027970103483643184,0.023970122648075097,0.027634884747690797,0.014241392615893871,0.09652736847115956,0.05172399743354494,-0.0003425194882769628,-0.0031559286092478207,0.04495249253531837,0.03502249461876367,0.02673081603004739,0.02658644989528552,0.029858415128784028,0.04008769168766898,0.019836689482397935,0.058105440784206513,0.035039988571689586,0.024078368830682133,0.04487295982668239,0.012653663744920697,0.040609537566204224,0.047485564436522625,0.029766507599203417,0.060682634413620505,0.0318179995030711,0.037917916912240335,0.03253800642197653,0.09135365755090759,0.04510367042794809,0.008472439737933303,0.07363747789865603,0.023081128865788777,0.04183053558422271,0.04146353840449633,0.0562350394129887,0.048486976649989855,0.01854287459484582,0.0209658733813468,0.014151291862042517,0.03600613866364304,0.0467410616257423,0.025226472210254758,0.03777946644297184,0.05080310827245143,0.057805301974312204
5508,0.01068677879095534,0.03876901332825211,0.017877684573749022,0.016521501903140837,0.0070190302468134975,0.04183985604724682,0.042010149433134795,0.04539145798620055,0.01594191242959741,0.02255071278800109,0.04733547857874728,0.040021457989119415,0.0390796838234677,0.050036853081514635,0.032666440639404146,0.024482071672367958,0.0336418644673736,0.024187274859034102,-0.0034710662175802573,0.04011398444182432,0.045686802550152415,0.03190310186580498,0.15511559482407788,0.047794215279529144,0.03500863745442319,0.04397111596507811,0.035822362887833505,0.023043900336611186,0.008235733922474085,0.023889959558562966,0.033764466770608306,0.03425561291427532,0.021574815585595878,0.025528100395175855,0.03964309730407658,0.029381268160851154,0.031043489403855873,0.038620283233219845,0.024129951500239173,0.06152629482944907,0.028667510188003918,0.03442790637253999,0.038532474278233225,0.050863043746547064,0.04829499183999281,0.03770629409497833,0.014280757865148841,0.060048195666737206,0.03944941607946986,0.07142845400855231,0.8678455355923242,0.05116215942853878,0.02669629518383075,0.06212129234602441,0.024340689236818046,0.028799849959398275,0.02187958145988909,0.031874746804967054,0.025609836315021974,0.03156272274336784,0.026464518322137847,0.0300029914898955,-0.0035967310379416088,0.02674114730268967,0.06086876083189153,0.022025883518982818,0.0278065587463213,0.02468457871248279,0.033390255732039194,0.03635838560380144,0.008842195442623694,0.018937894795197134,-0.001210694723987831,0.02205796560229023,0.030733336496995958,0.0355100034322576,0.029786478073228335,0.03915356613208729,0.029091439057873886,0.03985610940122477,0.08092982510172542,0.03488666544054204,0.02360598993458688,0.05589246528109386,0.04734159194789355,0.03514342278030601,0.03454583779883623,-0.0005225403163743573,0.007701286880350909,0.023808459367805516,0.03449305439019315,0.004528176194157157,0.03523072913665003,0.03011184494490086,0.019091546129855624,0.017075179753945395,0.03143277605348604,0.029480911029817022,0.04015027706915582,0.04272510596897741,0.033886625217540864,0.022202945050341576,0.03175130887373363,0.0018370109724557407,0.044571368136854174,0.02490373979037914,0.024270062890870185,0.01506962019410534,0.04969425007937905,0.03122288923038153,0.056593049120781704,0.032422616718634396,0.02484972245687708,0.04040896300151989,0.030423403656018463,0.041339746982987466,0.04245576417694883,0.018070083790030653,0.018511486449667484,0.0262477574684796,0.05304846051576327,0.03471921420828147,0.02354547640638266,0.025612008678110525,0.02873056903686071,0.04275723476694522
5509,0.03446042092423641,0.003662599191500954,0.02067098431297303,0.01148383018468332,0.033003462153090364,0.048315415158150465,0.041764566845445605,0.04395937814567682,0.04899156461738714,0.030156404480577822,0.02723066732224935,0.04189792256841675,0.03507615075403965,0.0538725074708431,0.0354103305753206,0.038215752185464996,0.05224077130724638,0.03783534074287448,0.012475646700280445,0.042093618776157436,0.038680536640801164,0.06441145040164284,0.04421952420380779,0.03859292740789628,0.05077273521022744,0.029947833691850508,0.017268603949180755,0.05536852461201437,0.04549761790691662,0.04018506397199779,0.049847656208553866,0.03505486680904777,0.01675818960819238,0.054466532143205675,0.05020359898069004,0.048447767213855256,0.061380932878603786,0.04899275890797775,0.029965541909874334,0.04110854736533907,0.05845652553522404,0.06196327674963305,0.04688905088277314,0.0637986433329837,0.056010068710989624,0.06695014301703885,0.05600124996015054,0.03207465076260325,0.05392619464306206,0.0679956539345517,0.05116215942853878,0.6161452855820082,0.04571955783449961,0.04463850100450856,0.04264936065835087,0.102772646892934,0.05251059849088784,0.03528727156413111,0.0753406902255874,0.022557008235203593,0.03502286534653424,0.04219827870854427,0.007007481421990388,0.0340540509534308,0.04389929503320383,0.034960184418353725,0.016713309816101234,0.0313120710902099,0.03820827567335328,0.03906224143443665,0.01360828931173956,0.06598336120842722,0.022919633080783736,0.039199580991353275,0.05297732210188283,0.05569467485018262,0.023786103252571224,0.05384134263848713,0.04211258365698303,0.04154419214988486,0.04685275945325752,0.04362089478685391,0.02456702253308608,0.0500830412809732,0.014337604321799842,0.03159947122054611,0.026950113066819378,0.021493580603752577,0.05361439688439962,0.025116546301507066,0.021125270581443523,0.03536593857380237,0.04351177990912069,0.03499654757945015,0.032494471015426546,0.031746936085298154,0.05182868078370177,0.04545065954677767,0.028344345815431982,0.04318642274608508,0.035931888707901066,0.02483937494207963,0.04444803586696998,0.020598149945325852,0.04926960394430067,0.03282370493353437,0.04367627019504877,0.023452010883587684,0.03223843648602653,0.04920327691532887,0.03309985051094084,0.03376155415465146,0.0345639044273865,0.0409848016504356,0.03702196759195024,0.043931808711705295,0.04677227936191263,0.023414485327028185,0.04411589647266573,0.020312791213577423,0.03943682715414937,0.034534373343500895,0.041208092643240324,0.0366239392181336,0.03814911768281783,0.038252599839404856
5735,0.031161657440746077,0.005532585523676585,0.025043031229622984,0.01665212343141942,0.02841379482433434,0.04037156201174448,0.06375340110678614,0.024638700817304404,0.013141231906683296,0.023429951730019858,0.03152380960597012,0.015608137842912087,0.03835884362697429,0.04956900170017556,0.023587897263401804,0.03680528211643432,0.10725614352969587,0.03436276287770345,0.010799157120178522,0.029293377553434818,0.10305614898583215,0.021478435720360657,0.020792168595255383,0.03350539836963849,0.0396144731842938,0.07595338126613538,0.03257584291204252,0.039048733728072035,0.007968928490888972,0.05287700078300966,0.05206381905897274,0.0441415129646325,0.039213974297011706,0.02857511908204719,0.06310663158424022,0.08643253254026552,0.040739830946198326,0.02647860929493672,0.018960318829798165,0.06456117182543614,0.04948466312369122,0.0436348550458416,0.048960923875631716,0.05190514803063433,0.0712113008830471,0.038311301506793086,0.054207400101862646,0.06310310155368859,0.03199165784342883,0.09355475467930605,0.02669629518383075,0.04571955783449961,1.5759798578735142,0.050302367466658164,0.004428445491192326,0.03144739090514748,0.0206107099366496,0.09724752241426239,0.026391094368738627,0.010915526935175245,0.017400983747306132,0.03883599239369282,-0.0008450942800767732,0.016153090545904667,0.02674258822326136,0.021314823697081185,0.023094896462778073,0.022152941284908655,0.038687577789463856,0.02856568293171256,0.06639635782180077,0.021233984383314693,0.02424121635582873,0.018100759745612646,0.018519270586832177,0.022796971159541424,0.011011743112077,0.03419747888351478,0.015148504668803766,0.074657875283208,0.046349117136037774,0.04162582456959935,0.028102950744474938,0.03749781477733852,0.027444607998695712,0.04677897545330617,0.02763265363647933,0.01703270053833234,0.007166769072957507,0.012387479765061788,0.043504506998241085,0.0473624634807412,0.046636582398429424,0.03851695861619228,0.039161809904127,0.03366101324978119,0.07040519893529695,0.03652629417801466,0.01816980552535051,0.048381123439045354,0.036492752482597854,0.03900082232014227,0.0453260231852011,0.018569522257227092,0.09510015522152301,0.02527426137860876,0.02636367827973777,0.03917414369094368,0.06000970410921435,0.039821935852843465,0.011992533254226388,0.07039322933042112,0.0167319119455079,0.04563853971968858,0.01173137388865246,0.03917715922974441,0.029840493075134214,0.016429813341037023,0.03931622997995432,0.006931964124748067,0.06005253561409746,0.048819956383961784,0.02177638645331613,0.04032593693119798,0.01958892226822487,0.05951171349745423
5743,0.02489748895815667,0.005834495321555277,0.005094119976765695,0.046371334125759625,0.029416823126883086,0.038233295450203694,0.04497266271743561,0.07638017928393352,0.025663092491596807,0.058152708976285696,0.04752580440641349,0.05165954429830748,0.04508349795732292,0.04319146176538167,0.02506909356411179,0.022191670955596186,0.03274045541323435,0.030826940297211957,0.011562717840344535,0.0339899855708989,0.02581458062988113,0.03680176278561564,0.0411144114054988,0.01967842813249696,0.0370679761825682,0.01719462249501008,0.03059712032556278,0.03244587959489296,0.007635863070306135,0.05220396543911691,0.053178770409428255,0.04109840837395536,0.013970161244420291,0.06615663097761645,0.04076627941210179,0.08714047151481517,0.045839173181716965,0.024234244465093736,0.04279263427736921,0.037340641850528225,0.07526709480017162,0.04639320768047727,0.03586761306780368,0.048105775368953226,0.030312421018186073,0.049596149785633536,0.040887864487627865,0.04551797247074127,0.06188626015610611,0.06871004312350541,0.06212129234602441,0.04463850100450856,0.050302367466658164,1.166021721084688,0.014077972039700345,0.036998697322104535,0.049115580227665004,0.07423142578636216,0.05494903863753057,0.036942105198417535,0.032717167762705814,0.02699978236900578,0.016412882251053973,0.042192501174440934,0.0335440827169528,0.08123749943178947,0.029716963046744364,0.05761347214858373,0.04565948545051598,0.028294868326894894,-0.0035397448247202127,0.04895085764722512,0.004606286652411162,0.016376580628592177,0.02013511014141084,0.03631927634288297,0.04142276966419642,0.015260774110355532,0.03294588472130805,0.01464763080749189,0.04056187568231799,0.04869936197205436,0.02618194066630453,0.032123415632889,0.001267344702836232,0.09751749939035263,0.05248926270274605,0.0025933289552581484,0.006279634252117924,0.05041610476359866,0.1012357685520233,0.03501385643294402,0.00671324074749034,0.03851591883538219,0.041080998055317806,0.044843045157420686,0.0518047429186848,0.03097060763995827,0.03811020984545827,0.04107227917065191,0.030073559121674552,0.07840801062108399,0.04766407588750634,0.02715650051499044,0.013073598471738165,0.025923860114497946,0.04409442369438701,0.02451854910092879,0.02429652743541846,0.037544570553083974,-0.000585828262961977,0.05883207609777846,0.02157606890401644,0.027024510354533265,0.011528797435595334,0.03632930467910836,0.030716308499248526,0.027282201190592437,0.02790883356123257,-0.0021512893254805265,0.0159275623441309,0.03646137426476527,0.016259470696362875,0.03252085218920119,0.025898253488407783,0.037216930755730133
5875,0.04939073580215215,-0.0025281804417721923,0.0035385319458686336,-0.0002589352902762273,0.05179732203138678,0.05155974021873432,0.06117801366640789,0.05210176762584575,0.009512565451088788,0.01980104590391315,0.06273615431915766,0.053552218772715245,0.04161017790367341,0.050486457704631366,0.027774228474223773,0.0941055973045408,0.042892198238284135,0.028868142766665432,-0.000917513615230897,0.04638915609994264,0.06630410589708942,0.012734535201977534,0.026487543986657276,0.046261186605541384,0.04951703532585067,0.04738578979147851,0.007164136895643858,0.039024329382810724,0.13526039247572547,0.03943980262719877,0.04287955850767044,0.05561069060804642,0.013696614541657827,0.05702621035447935,0.04099782877123711,0.028842141456435964,0.023677069209522977,0.05150875198523479,0.0288820863199144,0.10627324845310653,0.04222173456351647,0.04361777584616399,0.09001160299006568,0.06355597247725236,0.04151556322489207,0.07092276339302074,0.005176439654514,0.024270191261268604,0.08536290240490656,0.008374599475886455,0.024340689236818046,0.04264936065835087,0.004428445491192326,0.014077972039700345,1.2171224137576746,0.07477438768907271,0.0300311638588561,0.023931228310012653,0.05725901075852313,0.011982315787835995,0.06268077170243132,0.03442334676389475,0.05775078687126422,0.06865160696499252,0.06542431004553878,0.011076031198967938,0.008095426648191222,0.039703017193232465,0.028406702293116752,0.04008640325163745,0.030705870668206518,0.08948084599223635,-0.008291668164380032,0.037019213031374905,0.031091563262866134,0.0502229559749323,0.009456644793573698,0.025480031597959082,0.03163670527310201,0.044673261861589805,0.03975254824916629,0.08602859160292686,0.0509450981111081,0.06253128211724995,0.004842462173869208,0.044697075626850255,0.04696402059060732,-0.0020577102578168364,0.04951399789212931,0.014944346117500564,0.014242989601712068,0.006898459670720746,0.08874722723024556,0.020912031103400425,0.020061494036472737,0.02655127304127153,0.051587880003234804,0.02310464494303767,0.023133652481449773,0.0394870855877358,0.030135158595720857,0.0162585381848634,0.05876570889187624,-0.013043501214640481,0.02698165176758424,0.017866300952629928,0.052720678098493,0.014909671065421643,0.0033450378803959262,0.03622873196214458,0.02085473822606819,0.05367721652350026,0.05649205761233671,0.026815342725306817,0.0467012512593254,0.051883321059485454,0.04634435235612292,0.015103074908062418,0.022224574648446366,0.004125331533170189,0.012017362136288134,0.0317179183466343,0.045399019784527914,0.044340545373557014,0.02087044813929556,0.030621580508160558
5908,0.027487301163474195,-0.0009592577730328529,0.021397560143184554,0.002013555034597103,0.09990207447739277,0.05917364386428982,0.022564857922629397,0.07297186380017842,0.05017259033380872,0.022523662830778557,0.03405750772992097,0.09776828443831749,0.0317916153437591,0.07361161336966086,0.037392893809172156,0.044488569227584505,0.05425343758790599,0.040266875181738576,0.0014432003746477045,0.028367398451672306,0.01686045026051851,0.04854490821381204,0.015119970415347432,0.05074324621155571,0.033848189386142785,0.012580342537705855,0.00906346406439571,0.041350877105271994,0.02146387691911076,0.04034432246266517,0.0497523389225024,0.022191930387313725,0.0054075795926821065,0.053498295392325576,0.037141394006572785,0.0328252219318532,0.023526600702734202,0.04462923664047683,0.04721437616114558,0.060946432822444996,0.030786524848685683,0.07950107024865462,0.047473372519726054,0.05898518890575397,0.041794443468908024,0.09440125954585153,0.019343596396638373,0.03676189778298977,0.04037097194746974,0.07284565782513334,0.028799849959398275,0.102772646892934,0.03144739090514748,0.036998697322104535,0.07477438768907271,1.1563877564441196,0.09618166387278405,0.012614029512715168,0.03349600195350389,0.005366692829976048,0.08050843402065379,0.015890970997774503,-0.004776771517431935,0.027370847051145685,0.04414376854591202,0.017826758190778395,0.009579251876073341,0.017012198508915714,0.022574414688422056,0.017792707126853588,0.011304275436799733,0.05034378981051479,-0.004195362213572297,0.015148450997850957,0.030835785721870703,0.043237812789939566,0.02332075918442906,0.03198263906096106,0.04376189862108507,0.0539370136965505,0.041033151628147885,0.03515418335863538,0.035230263881057905,0.036035331878093796,-0.0032376576400815565,0.04837829715396946,0.026339361064490238,0.001499371573490316,0.03135006466954727,0.026846332570414716,0.029643600049793606,-0.0002714678968110317,0.051099335289091975,0.029072025662815516,0.011190588998390935,0.032391463815659646,0.07259072735568547,0.02902087342483087,0.02137223612925319,0.029115732179240298,0.02049172362793708,0.014038803372468345,0.05194124732261715,0.0037620564452082745,0.03555089712024893,0.04284185057951823,0.059079288311460004,0.03156462736507549,0.03708024021397645,0.049334321614074556,0.013197414914548258,0.06028233239020336,0.08248085207933258,0.027955395637598586,0.08511695691837108,0.049289587900922645,0.04736818156855952,0.030553044343127833,0.03488073196852788,0.010441991088004123,0.02056691469345468,0.04118371170017941,0.06258054189764573,0.03404087143353348,0.050780283578836106,0.04803216824299108
5940,0.08654601193003358,-0.001986592250239321,0.01237516151335225,0.026051335087521905,0.060473238847993965,0.08611464019849122,0.04493240204526407,0.059781510596220146,0.14157548360785005,0.036848836630090406,0.03064667349291142,0.12256833370976669,0.029283715513575434,0.052673401699594655,0.020940560019483672,0.01747141255251869,0.0581614770417719,0.052891181068949814,-0.0034314213488672238,0.030621467950941235,0.006494493487083089,0.03669370454619984,0.02091078843722653,0.017281844447540367,0.04927356277515385,0.01509921347091414,0.007169387055119302,0.03817829674379786,0.05274761682813852,0.028119649734770023,0.061833688919051145,0.03553733937577798,0.022800279299122917,0.04616948480052225,0.08232012374787108,0.075518550477734,0.031150318234565513,0.03642334839185052,0.06838803675071424,0.025971373870811446,0.02634855590763385,0.07610503702828922,0.0491147971395788,0.07081041965906482,0.03530081060335019,0.04531708806948758,0.004922837321816408,0.06457962104031999,0.06515886582903474,0.03320445149670281,0.02187958145988909,0.05251059849088784,0.0206107099366496,0.049115580227665004,0.0300311638588561,0.09618166387278405,1.3394455696140282,0.051763652694599024,0.028154235634027396,0.0276288017746777,0.01882828075917899,0.03733466158588262,-0.0027897648359438473,0.09651544698946038,0.03731122611347735,0.06885592517472595,0.03172067550453688,0.04166145310869865,0.032029957042445364,0.026334980601078868,-0.0011962904048871713,0.030503252188595495,-0.007959134456385866,-0.0007535600807603393,0.02281552903962335,0.030440498678749952,-0.0033803493401682754,0.018129664044290224,0.030300047302447498,0.00466820297676497,0.05923942469895949,0.06518254368394212,0.028306000079608328,0.01949353693320199,-0.004725097829720728,0.10892406379100339,0.08395752481983614,-0.00699777096280316,-0.0041040476362622594,0.056024880461409125,0.0690240357195046,0.003213775955060284,0.07145319403517059,0.03372667991571419,0.023095760239297786,0.03695964779040086,0.07952896359143029,0.02622288493797705,0.027090948636182617,0.04595279856872822,0.028880155809740217,0.05389884244337087,0.03776321570072781,-0.008265611248438888,0.005915047984171407,0.024892549056224657,0.034606042024409145,0.03173871025188606,0.02698047719339642,0.03626567476404762,-0.006331738608229032,0.08127651812082973,0.0748108333401632,0.019854754867017238,0.02313771870222775,0.053255374444743694,0.0221529773114043,0.01825516321225032,0.02119298592895403,-0.008747094489685105,0.0023369650889713345,0.0553899866577374,0.020213374641820797,0.02992147179526479,0.039686932779695996,0.03307372310745726
6191,0.0163469924567347,0.001894407954844294,0.020788392103916926,0.017459636774616358,0.012535246570102526,0.04971758642415419,0.04925885886270446,0.027980200644984583,0.0063264416950025255,0.037824272829008396,0.03135822066105017,0.013912122324887751,0.02475358203982387,0.029957492423230113,0.008832847905971665,0.024551554886354816,0.04136659554934535,0.021224948290201287,0.0008971631453313159,0.024303311947586337,0.028914683138287284,0.033091428652444785,0.020188138935381506,0.02925244911149587,0.04467526666614226,0.0393400876269654,0.032579174293715214,0.022583803541871825,0.019088611406121257,0.03464876831747522,0.08282325869773963,0.028514027984124404,0.013980203544534876,0.07892248951998104,0.043651885878605065,0.0674070851836526,0.04847417378650145,0.05891252173506017,0.02584503616894713,0.11116914408888713,0.031938496641922935,0.02658099693498936,0.04850808102903691,0.04753688779453461,0.036209757346875135,0.029757198792771597,0.027820167226284952,-0.004745630100884965,0.029562565685405755,0.09296084460064606,0.031874746804967054,0.03528727156413111,0.09724752241426239,0.07423142578636216,0.023931228310012653,0.012614029512715168,0.051763652694599024,1.2490347367106787,0.03885291617182159,0.05257717636418977,0.01853836777801765,0.04226736746462429,0.03622412340179465,0.04201458404451181,0.028661497319886754,0.06489795266275133,0.05519037757018967,0.08627711591470964,0.03489475711105898,0.031605479857607074,-0.009996438682567116,0.02471251683538233,0.03134214668560649,0.025051603483549914,0.03645169434029445,0.019570535337520425,0.05898956833036623,0.02318605677977346,0.015114809476101542,0.016408418359503997,0.04985002994279971,0.07065656935519868,0.014792037218572354,0.040531091032920824,0.011736864448202338,0.10971586337442192,0.04265279292675765,0.008496499982448304,0.01913194967789539,0.02362650986667752,0.09620414725737479,0.04572930996228811,0.02462169349147536,0.02970113018150472,0.04610278416388283,0.03833474402831725,0.04819446119349211,0.02838718455241202,0.0286253946997479,0.03830697236179733,0.04046907310021809,0.03977740710931897,0.03669423348469424,0.014599701483215028,0.030457626340449052,0.01046290286375421,0.02929735797804037,0.01885867611585177,0.030468524243149185,0.0314486064289933,0.014997018088577587,0.048776368200777936,0.016107396908136833,0.033615897814739115,0.0026899067022637534,0.019626909467890686,0.028649615897899453,0.015049069059285271,0.019230678293450026,0.0045358184092673315,0.03278160208633231,0.008079508572236408,0.00923190785137228,0.025634571884971563,0.02468395460634936,0.03978897237623971
6216,0.014589156369745785,0.017852913511477348,0.0010949455069682187,0.0045337164826705295,0.05675504791988738,0.04454923194925288,0.053877899827107174,0.027487156229249413,0.0286538174882926,0.05879992901675016,0.029738431703116203,0.04061404310935891,0.052059239314797855,0.06396021906021115,0.033921928068801566,0.04086203714405058,0.07242402310268752,0.03596115927168461,0.032680831859363386,0.053930020012716164,0.08559919178039462,0.03830255880125077,0.013420912300413469,0.05505024450146559,0.062106173417258576,0.06453320973974229,0.016467965902274992,0.09555018632684843,0.050177118787045165,0.07594901615063435,0.07308136681638942,0.035402518688533544,0.049233361320825404,0.1437787599546148,0.02560047544111566,0.06131613160365661,0.04174757688864152,0.054480869730387564,0.06324920985467387,0.03945522935661979,0.04536771875662973,0.10016700349788477,0.04613438507348943,0.061388991124773404,0.02598086090268837,0.13552183932597123,0.01639811069982347,0.002228014076143881,0.027720885583762567,0.03811560450755612,0.025609836315021974,0.0753406902255874,0.026391094368738627,0.05494903863753057,0.05725901075852313,0.03349600195350389,0.028154235634027396,0.03885291617182159,1.6072124350306976,0.0189947553188318,0.08262058542108369,0.037119924804203557,0.10149910034523407,0.004632541969242884,0.055699877086043,0.029755654062223483,0.04302881069302058,0.056165775677397396,0.04436708899756317,0.05964560585503674,0.040750898926498524,0.14948920979068903,0.0077377976399425445,0.07400765721367715,0.05150168489809153,0.07490565716472482,-0.0027272315912272942,0.0629933706010031,0.045409666814173216,0.02318570208426519,0.01935703509653382,0.01739583690538839,0.001127714193067035,0.10486703020015826,0.02741336521131233,0.03273487029312153,0.042357006674257625,0.008481251106207044,0.050398096161287355,0.010332956843950098,0.009768730231086103,0.042477526162350836,0.03246757157260664,0.004776993061519582,0.04182477591325475,0.038017482304896696,0.04146463579178087,0.028282549386949737,0.027820445726427834,0.0591101652013677,0.06756364159215905,0.00977528409552975,0.03467182784565726,0.006894454182983768,0.01891227516920714,0.03181652396300098,0.02086801488118614,0.038503804131852226,0.017507849345815278,0.053720458646486516,0.06293989351156862,0.03584173955916208,0.026728552521416375,0.029393100651301046,0.026017073455539268,0.04496492292279637,0.03132043478874653,0.02568462853337178,0.0315640362703972,-0.001557240271720929,0.023265069160415115,0.032154376482488894,0.029321898291129033,0.032849922452711636,0.015927823567229955,0.03408719904859857
8861,0.02430820531494291,0.00833105102988065,0.01984548139208952,0.010240058668645682,0.0298268505290883,0.01695156292509348,0.014973527300287835,0.047856307810721053,0.01302552633946114,0.03686994245782788,0.02003167177471457,0.03771271114146357,0.01678862050601182,0.01993401625450942,0.017700989603910717,0.014510492975404661,0.012525597014218664,0.006281122353505037,-0.005959317843180694,0.012446174886846916,0.005538423189117353,0.009582301904681172,0.025140584164119798,0.030774039434572995,0.013949637789245472,0.027955257236941315,0.03261391816022767,0.022633717177549695,0.0067515615121131545,0.02691426580610265,0.02792488255351548,0.025400480082885937,0.009051710187597683,0.009815950261227354,0.021475093311917937,0.07658762305300323,0.022447835314880676,0.06197561639613391,0.009124045478019763,0.011806881822541982,0.014752382681247534,0.028970894322065767,0.02669899224021784,0.024365299720839204,0.023468014730158984,0.009557501546618703,0.018693152624076264,-0.009528357666979728,0.019466081215804443,0.013283562757547055,0.03156272274336784,0.022557008235203593,0.010915526935175245,0.036942105198417535,0.011982315787835995,0.005366692829976048,0.0276288017746777,0.05257717636418977,0.0189947553188318,0.9971979938006474,0.04077185007797458,0.05498230327841021,0.048128670447372186,0.04132599006010286,0.044678022973824526,0.0809863456776726,0.034674344025768196,0.051298455720149364,0.041810345272004425,0.035495747488805234,0.01351422568120295,0.025251266456447524,0.047476293472179784,0.04584546871835582,0.04998278034626347,0.024454045766082247,0.0726923150743881,0.02732381242449979,0.028585389159295767,0.013474036062962177,0.04656350762377438,0.028264941706686014,0.02626863940147961,0.01757243730781354,0.028132648452657016,0.032319055714220314,0.0136581504513546,0.016257774078038068,0.10243218865132533,0.024358848553872655,0.07706579852805163,0.05502788818567563,0.020168336460283782,0.033859175449190614,0.025851731928436168,0.03372399100750019,0.020926670159126443,0.029041349908214283,0.026539512012065267,0.021679531559470815,0.04063894540565706,0.015533055988324392,0.016333723402846112,0.02611518911524237,0.003016975810131316,0.049259825731802404,0.02351228326493533,0.003508352141913987,0.001964802002090469,0.03100237471284427,0.05440796282692176,0.02056776027614933,0.026071629797686378,0.03306240029266531,-0.005468128497018335,0.018431218475409513,0.026263879216715493,0.04283579617712629,0.02598578431789747,0.02469112487315943,0.03527186008432074,0.003636592264625823,0.01667672316146077,0.03675942498114662,0.023896106526256674,0.028410591912887504
8868,0.022385502480993063,0.01545200592499563,-0.008497425624188612,0.01850315626422225,0.02224290040557577,0.026742349537243058,0.03332233234468771,0.04553354479264248,0.022405343543891502,0.0272203477432255,0.026863695211933512,0.036696707923093444,0.03549375813769389,0.04324511651753695,0.031833595199008614,0.026653377772785636,0.04498085193698428,0.03466899344500009,0.02628364822496859,0.052702924658859035,0.024745840993178485,0.04242820121079803,0.03513228874008699,0.044806054184082664,0.03320787214081882,0.033956267503871644,-9.783025706281592e-05,0.05059290046645309,0.03133659027753732,0.027756716002579788,0.05224792656418991,0.03912040650526248,0.006434659133315559,0.0689329844411937,0.035960197592709416,0.04896954282766824,0.028582560174972797,0.03821849309678288,0.032445244010225346,0.022613477576050988,0.02678472182368141,0.06620767657247008,0.027705030014964646,0.04232964334002962,0.01613557825359013,0.06918160454297625,0.024117348786778844,0.0443163155248578,0.029380206745336188,0.021048087636499128,0.026464518322137847,0.03502286534653424,0.017400983747306132,0.032717167762705814,0.06268077170243132,0.08050843402065379,0.01882828075917899,0.01853836777801765,0.08262058542108369,0.04077185007797458,1.0873007795526302,0.0642675796195702,0.027342919521960805,0.035084605609317955,0.035027899545847674,0.04400972055860793,0.017560092434019438,0.029903301853505544,0.04175243159660462,0.037229119996697334,0.10777565648165316,0.09295764350599538,0.012669327814227358,0.030787920005590805,0.027747103901301466,0.04798253762857201,0.014388102603406025,0.046862811295914866,0.03807249095698634,0.014357193240081357,0.027689524355585932,0.021458418435538914,0.031056642574180397,0.02708295214100305,0.007457702590581176,0.04888488600929899,0.019173536724801158,0.00736022374549246,0.02801489864291841,0.029048724178785623,0.03119696669916527,0.04611259277323713,0.031067621128945642,0.040733842763123265,0.03589670045078867,0.038819738239056316,0.03739206792864175,0.0319335063349911,0.029671837297097246,0.039569903331528676,0.03274268378132494,0.013580344636844469,0.03313758235357714,0.027109283719477295,0.026810176915993793,0.03013710347729623,0.03184532424636233,0.022857779595602812,0.021523123792264103,0.025115200548453443,0.017854800352137132,0.0264460108818641,0.024214070916196925,0.023307347673892902,0.04250669072431371,0.035255705621990596,0.0247243672091816,0.030383588879716462,0.04422678741514669,0.0404317656134395,0.031111861493963115,0.0288125065197106,0.030668575722867464,0.029811715765287454,0.03467425505601801,0.026767273207411745
8904,0.014234488136939111,0.008848571210456133,0.03254584195868771,0.026840095982610574,0.007361068739534422,0.05167520730004627,0.05132271088826098,0.0472319748732127,0.03270925268095196,0.037658418029933034,0.03907960387603099,0.0320939284880579,0.03856702756357435,0.04171199218375644,0.021339076318416906,0.011637216059800752,0.03821018024543223,0.030191482424684665,0.025622757751047835,0.04213095394502065,0.02149566175275451,0.033537140823271444,0.02017123848753964,0.036197760346522286,0.025763854563749588,0.015220378336615902,0.009805833890607626,0.03925898848105903,0.042979418755992614,0.03456044325816821,0.04005328839446116,0.05616657791632905,0.027324975844967892,0.03770794695088668,0.056438152518510594,0.07448307993090598,0.04933495054143651,0.0498491075822563,0.01942068704445296,0.04804314556536415,0.04660655886823794,0.0326058644668732,0.052316849610970315,0.051470944882162764,0.03264234487572053,0.03294084872107172,0.027621838120426564,-0.007015818034291735,0.04448278077339459,0.02961469893572756,0.0300029914898955,0.04219827870854427,0.03883599239369282,0.02699978236900578,0.03442334676389475,0.015890970997774503,0.03733466158588262,0.04226736746462429,0.037119924804203557,0.05498230327841021,0.0642675796195702,0.7135186507780847,0.05740072717275049,0.06566873334643959,0.05650639490394541,0.0755606160400993,0.04239160154777357,0.03831720809704295,0.06141833612632334,0.0551649198673052,0.005773690776171031,0.08112874021375371,0.03721177408367803,0.05809705831217773,0.08711516812835234,0.04687059377482471,0.07915193927595578,0.053515055397153,0.04650624128328682,0.050598094537872104,0.053281489554497276,0.046377078365513726,0.037079771013149854,0.047701314124711125,0.032416049345454556,0.07961796912755534,0.020646540924305547,0.0377710838231912,0.06329194908397927,0.07475839024082598,0.10434954824666018,0.12826369750907682,0.05049218343048729,0.15446847249824616,0.11698018373538122,0.05937937383338477,0.048781215155789516,0.05508832494586104,0.032438954318920146,0.07841226256394622,0.030426107885412102,0.014664874145782077,0.04646208059823135,0.03956352028576805,0.03575230278680206,0.03301891535768379,0.033934970251466814,0.006065690837125825,0.035181215534663544,0.036239914069819634,0.03443719659584003,0.02663029649226992,0.02493365914459896,0.03407582117384128,0.014608659297485277,0.02847178733621463,0.0349164483838394,0.045229518420532654,0.031113878740706258,0.02531273233984056,0.02991488166689925,0.01660757046256928,0.022815378788857667,0.048312619224262,0.030742127773157265,0.037989721037092486
8906,0.016148553106693754,-0.0032110587671077707,0.01092569856264969,0.01011188758346627,0.019359300725905512,0.009186163658189797,0.021784785169282606,0.0437412843387331,0.004464543060211463,0.036455746730474324,0.0415844579128601,0.017601349140166797,0.008975899987769995,0.01747849401555801,0.013887209051169058,-0.01195975962838272,0.029194786440399623,0.00273630119177255,0.07081635061695282,0.012807061594729507,0.025966523504162266,-0.006586428586000463,0.016104753706343265,0.018424240429885958,0.026806415925981732,-0.0006589617455040466,0.08690133044455291,0.021509428334434012,0.10233436111324558,0.03145881082439916,0.03872391952535762,0.044293240731826625,0.009784751871845925,0.08646609641946991,0.0157410893826823,0.04952839572139605,0.040638831179092824,-0.0008887129830896432,0.012953314212932523,0.0022107286293053686,0.050540932625512514,0.00917863610661392,0.028743197621044284,0.02301905859597017,0.026719315821941036,0.0155063628854194,0.012038482678794465,-0.0147778392910374,0.011393692179744806,-0.003002054386208344,-0.0035967310379416088,0.007007481421990388,-0.0008450942800767732,0.016412882251053973,0.05775078687126422,-0.004776771517431935,-0.0027897648359438473,0.03622412340179465,0.10149910034523407,0.048128670447372186,0.027342919521960805,0.05740072717275049,1.9821964179376714,0.011779222920093556,0.04625337043928127,0.0533209741281305,0.01390474521402415,0.005163328861198763,0.022480203504685554,0.021462014090219753,-0.01130526065748628,0.0874398981507615,0.12108872515138668,0.15937609246427875,0.08469103998822011,0.03321091123216397,0.0955111322332911,0.022296009486458174,0.038513928464653395,0.00873733636140004,-0.00432289827207608,0.013190439681121612,-0.001765572684420204,0.038594418677794166,0.059536078664404225,0.03093003445285904,-0.023636275047174814,0.06518781111266805,0.07959276384137014,0.004440508000991398,0.05392189544372771,0.0807056339194871,0.049471545509256636,0.011504003609215078,0.07783430213095408,0.0398231018545252,0.00883344442843526,0.04631554540769021,0.010350156638670891,0.031811425697549287,0.048102327832882395,0.009226107709232396,0.01602559511349542,0.060364867646048516,0.019441485148544838,0.07782010976969106,0.01661721813440967,-0.002122024527851676,-0.008329827212287293,0.015276646219904055,0.03161202273595994,0.012896318325033844,0.012399956178510977,0.025347201402421103,-0.004511237683781238,0.00721404676727917,0.01300092572985966,0.08523672548771298,0.029729275605279697,0.07618489263080302,0.007300441913673559,-0.0023723812016642576,0.01738219108517388,0.017764899373434555,0.005962333173934187,0.010382042993014087
8907,0.019729923455369686,-0.007739040026408258,0.019750545470289083,-0.00011475955885459352,-0.002662096097239869,0.057351668540255425,0.05275078861725364,0.0680403465206994,0.026786708572793826,0.015890573428754322,0.02438868602053045,0.047250923226168765,0.022190909203261222,0.038885352074093764,0.020763070637673204,0.04627551174349582,0.05089116672043223,0.06661967421418503,0.005613854247789015,0.035695093078860846,0.05764469409480191,0.037716019625870276,0.021979859077782594,0.014243238348559704,0.017947372806972166,0.030905614604230473,-0.0023871425001784226,0.03401224367806352,0.03481877493691183,0.03167675389921423,0.017822510035575983,0.05181412677937919,0.0024183663305748816,-0.010833911782185872,0.02619893902608517,0.04322906254545454,0.022941144454619686,0.016680611467695724,0.012382024986811067,0.016668871621405273,0.020632291148208786,0.03637050358953162,0.04714287387371072,0.03561319227539298,0.001953553486337867,0.025550778026191805,0.011275248382593089,-0.009119563880531301,0.16115758578407718,0.04641831173645653,0.02674114730268967,0.0340540509534308,0.016153090545904667,0.042192501174440934,0.06865160696499252,0.027370847051145685,0.09651544698946038,0.04201458404451181,0.004632541969242884,0.04132599006010286,0.035084605609317955,0.06566873334643959,0.011779222920093556,1.7325581184523273,0.02621994706177801,0.05328216886415919,0.04083457789497332,0.07692309041113657,0.09010515106450578,0.059373142615719125,0.04115476010131025,0.14708799790999277,-0.003933941498214276,0.006156864844025246,0.017598191730757076,0.03277263571288017,0.050649361252140486,0.02230838919798183,0.017268210850049308,0.04075633382734172,0.04704269482646357,0.06953508857494033,0.1813584934192597,0.029389063052437006,-0.006604490210124388,0.15119984857977328,0.18873527350496383,-0.01966596765839829,-0.0004907288405899806,0.08252864625762726,0.11696506163885403,0.025742761476068177,0.20504979222413663,0.06715495927733835,0.0515002790656321,0.046582923321626404,0.059966544859932865,0.04656793374514601,0.043801461318595795,0.04029221474762912,0.048021717587746544,0.011950836861834081,0.057336722360042204,-0.0030485933009596856,0.034031004284230344,0.023177685920281577,0.03958743934017858,0.046994906029042556,0.040472343232257076,0.021895582712173893,0.0010369055706543715,0.04425393337425596,0.06180028685931224,0.03473914293240732,0.07166429691009459,0.0605792087281611,0.042853399560799754,0.03736328166624185,0.02096516508138058,-0.005613967961174889,0.012745855240349711,0.010701175458400129,0.033470673443692533,0.034533542075600956,0.047817658250253574,0.036312744253369535
8908,0.04188221845316161,0.00989414528386817,0.0051552053148980525,0.017475790157701253,0.024010224548076112,0.031261681989245116,0.03052737769040012,0.05488138990990101,0.04310097812105033,0.021330280674427927,0.040600955933351425,0.03618945746930333,0.03245561854517944,0.03517741400286831,0.022507971412686397,0.0179670238856209,0.022539684425155904,0.01596037307892857,0.014789690238127404,0.022046645626085656,0.02029469762958612,0.0282627859733798,0.0488427328262348,0.028012715765665774,0.03138077065918883,0.019257120527548986,0.03485557683795339,0.04486657003808784,0.042811189450312225,0.034090742407450435,0.03133066093592292,0.04816223242497749,0.012202464074953755,0.022576817762156403,0.01899448488958497,0.030095922034944465,0.030271478479917034,0.04686483114034153,0.034721539404425475,0.03456212610539081,0.043719869348919506,0.04363105947778893,0.04817148836972669,0.04211946524043096,0.024806034555244327,0.0441883383729438,0.020204954617228245,0.001058249156718179,0.02694346349550847,0.028279066904927982,0.06086876083189153,0.04389929503320383,0.02674258822326136,0.0335440827169528,0.06542431004553878,0.04414376854591202,0.03731122611347735,0.028661497319886754,0.055699877086043,0.044678022973824526,0.035027899545847674,0.05650639490394541,0.04625337043928127,0.02621994706177801,0.6727725872436175,0.05277641142734535,0.04286577892260845,0.04327742105631858,0.04855880104597978,0.04171294888564202,-0.010543353480122966,0.06851852595852578,0.038961309211114604,0.03174857280229577,0.06274874884229897,0.05125027111282985,0.057731604964871716,0.03797010793976582,0.049969650434323255,0.029256532469585338,0.04289622947493433,0.045502082871151414,0.011400913286765567,0.06895767311736836,0.07940441402224635,0.0357459838839325,0.02542754135045264,0.022878850298188886,0.06301005873587341,0.002175964998752194,0.04733301649924841,0.04233867331554248,0.08067996667763894,0.03359588312232049,0.03911087682277349,0.025484126940410638,0.030345354785152576,0.034615094894799456,0.036083141411630874,0.040332115063715424,0.05361869417759551,0.016995258020485526,0.04005738499166052,0.019056812725319186,0.025506980400611685,0.034047836515090316,0.029659126410998993,0.006600149093145197,0.010562983882592834,0.0394544492058274,0.04756225763285212,0.02565378498374858,0.042372181469721326,0.023319514935983377,0.018398847855875203,0.029178052602047092,0.035129570653840245,0.037811870700949386,0.035566094365500234,0.0344829751838161,0.029059822191415324,0.02474871547182014,0.032397341827098684,0.03416110604535946,0.02965946165286681,0.02301967607906093
8909,0.019944195978759637,0.01963698136974617,0.008396448044798267,0.04402812644413013,0.017690175752219706,0.03079244653535832,0.03200850580751318,0.05003118442669354,0.026998495969129354,0.040385806445947824,0.02859713043846397,0.03891696052546566,0.033857176350306516,0.026447495473699376,0.018735471361823762,0.010208336690894944,0.017801379784965213,0.018030236165236264,0.014322811366614173,0.017192241757277786,0.013733235807298896,0.028167424247210644,0.01772886796454504,0.02733636932133224,0.027401370402568632,0.011723991943737336,0.006524878096662283,0.02964055413134365,0.01840594986352546,0.03234017139323416,0.03898696877926675,0.024120035304167276,0.01654112557897561,0.021605439854436866,0.020134889764868682,0.0823102169788268,0.031808093999280806,0.040388312264119125,0.012495793058503863,0.017031869496217076,0.0343337663457378,0.023412421948923977,0.03477070968505487,0.030415184389588564,0.016956018909265652,0.02850651546312039,0.023479285415698985,-0.006777055016775128,0.03935581671735765,0.024883038345081612,0.022025883518982818,0.034960184418353725,0.021314823697081185,0.08123749943178947,0.011076031198967938,0.017826758190778395,0.06885592517472595,0.06489795266275133,0.029755654062223483,0.0809863456776726,0.04400972055860793,0.0755606160400993,0.0533209741281305,0.05328216886415919,0.05277641142734535,0.6076860443837185,0.04640255021460755,0.06028376659517316,0.06761747621986963,0.03383734894439934,0.011379151276487682,0.05611367660598564,0.04830818996559454,0.030556501174803706,0.05868217771864965,0.03358520847301925,0.09389936043871837,0.03710688780936858,0.03248442961213082,0.021320258948135017,0.040159327375512976,0.0327323447047368,0.01692390170054723,0.026051066505239587,0.026743783731418218,0.06260583084995348,0.04237914761871931,0.03136309024257599,0.056147382781983855,0.030104123393943298,0.15860664813948572,0.056344845393329256,0.022398575759634613,0.07321674146970074,0.054839624006631636,0.03714118158834541,0.029751288295175697,0.04010441452263396,0.036174415634904804,0.0345519937759187,0.04148637231053901,0.03714775429062367,0.034677303897968685,0.03543923888985829,0.013777443347694294,0.033328005170297804,0.0345315724080165,0.007910824764526021,0.016246479636236794,0.0403203179691744,0.020081194185273595,0.02951383078655571,0.016617754477175634,0.023199853190925504,-0.00040558205630284957,0.027277166592222537,0.022873831486603744,0.05383994117610516,0.021701517143884498,0.014056095413874611,0.017323740141835322,0.021754977233066405,0.016469968665431774,0.040522402206546425,0.026875872417196873,0.026126437397452823
8910,0.0126722606152719,0.01053842365395592,0.02060672266909778,0.01610186270620837,0.0019010596314637353,0.02730367301974634,0.0187593586130266,0.014465568189782816,0.0069604379752705985,0.028873014723383113,0.020249535897753638,0.005596792985080694,0.020289350876991047,0.01826509102418409,0.0070032186864078605,-0.0017147987800620345,0.015592766209621411,0.022698007538081353,-0.00029450629312033816,0.006190656786841753,0.03187347825650023,0.015378341930150679,0.011707720867667136,0.022959723454468617,0.01589822027074647,0.01770133445931513,0.034450843205815325,0.013011967827568171,0.0038232981242503953,0.02747270839940874,0.021940908645625833,0.029543157534376432,0.003198889563345287,0.013280440997152653,0.016081069721031287,0.04837645277136441,0.023349983150715656,0.036661216284856156,0.0027255683629910836,0.018611955366182955,0.048509286910690196,0.005943636152758448,0.020600100299212006,0.016565153768995526,0.008204643285037649,0.014680779600420009,0.011658630206615839,-0.002130055184293014,0.025142838565122266,0.01203675424564532,0.0278065587463213,0.016713309816101234,0.023094896462778073,0.029716963046744364,0.008095426648191222,0.009579251876073341,0.03172067550453688,0.05519037757018967,0.04302881069302058,0.034674344025768196,0.017560092434019438,0.04239160154777357,0.01390474521402415,0.04083457789497332,0.04286577892260845,0.04640255021460755,1.0954289390609067,0.02037126360938817,0.03251349055114311,0.03216053236034934,-0.002512256512420932,0.04047462712904003,0.018607807195679896,0.03295167119617908,0.04195896369167272,0.02900754538089823,0.01885957291524727,0.027301671774611628,0.021167858688893048,0.00961473209001625,0.021193943301111823,0.028789599568327613,0.007745735262293156,0.0342100727276429,0.03752397041520498,0.07506145003754883,0.006247275428708238,0.020190906769283073,0.03523850765165357,0.012110233650432832,0.08525716475462239,0.03540187467669765,0.03842927573623949,0.01596428216990296,0.0498645392210732,0.035272440533359754,0.016128463129507116,0.03060602480511077,0.024197713617033392,0.029784004333914097,0.03008971500669995,0.01760489632860696,0.012726803034858016,0.023879020290777007,0.023380313352415298,0.018446884571126223,0.018930587289584983,0.00846765489229201,0.020593171759621873,0.02681174457915859,0.022317658030021007,0.01562562528817284,0.01924758002555088,0.0276106593376327,-0.004324713360540476,0.011209129668788394,0.012054727687212127,0.016445807251830345,0.014086094019636989,0.011974061139603975,0.03613022900947836,-0.000186820600027438,0.010625004369992119,0.030535688706697654,0.01925337554422434,0.022295642594573867
8911,0.011746730788104086,0.01348877070281916,0.008618472536226178,0.0035270009711065357,0.016147215816037022,0.027838040754685562,0.027094769483386218,0.02180558107617029,0.031455951252148444,0.029961298548598633,0.023998382416865124,0.04433017288422512,0.024441225879059822,0.04607657303361226,0.03167542256624142,0.07713370030481824,0.026006351086013815,0.02206174287474929,0.00035156458662239043,0.036824894581845465,0.049129752504179405,0.02292279219867793,0.020945838740983543,0.0358049833048935,0.01407533849643611,0.04713475985979691,0.009351432337984562,0.03657664276270351,0.014950105559549877,0.03877819651194305,0.02849216697382751,0.026002983066094578,0.009105093265750928,0.01653969283952974,0.012169302534276626,0.044615407729105376,0.013523391354486113,0.06926818170244237,0.018836859077293492,0.06195518060632687,0.010549354399966824,0.03434284725122225,0.0408103561760463,0.032608589011855565,0.021005589524063565,0.01641615604944928,0.015527668382991936,0.021673246840720646,0.08515104729492638,0.031520363143889,0.02468457871248279,0.0313120710902099,0.022152941284908655,0.05761347214858373,0.039703017193232465,0.017012198508915714,0.04166145310869865,0.08627711591470964,0.056165775677397396,0.051298455720149364,0.029903301853505544,0.03831720809704295,0.005163328861198763,0.07692309041113657,0.04327742105631858,0.06028376659517316,0.02037126360938817,1.1911327654865256,0.04244130566396295,0.0635238561723577,0.012611407464011947,0.04374718599075819,0.008626178240594739,0.01440457396695761,0.03791375427770868,0.021404696342047617,0.042169466037908644,0.01849042814140925,0.01562560606384098,0.040378267970089185,0.054203014894343454,0.14438771428673988,0.02264549642907336,0.028017161057034706,0.009788826865863085,0.03428872714348838,0.2836331029366937,0.0005752830686967658,0.0014108227207014793,0.02464799408899123,0.05634720351741727,0.027282626499199065,0.02628319086554878,0.06755756302815584,0.012206901889866143,0.018509596286008453,0.03930481260691019,0.029230307711945118,0.0450367249818435,0.03821274484944769,0.036789225657071566,0.02716438045318167,0.04875164399578666,-0.0021208366170604245,0.021007510657269406,0.01781571072553605,0.0327700475556835,0.028174394256073845,0.02472350553974829,0.02837641307255619,0.013567632691565697,0.04940423330749398,0.024253363789319075,0.028176645018913867,0.011862886408022568,0.038594969911037946,0.03472057122289863,0.04600205274920627,0.01766588310105252,-0.0010463987129856354,0.0194746303058657,0.030725276108939426,0.031785879974120634,0.043930875849672125,0.031804674493284876,0.03568517690781986
8912,0.013385700456165179,0.00017091600947426422,0.0046008999598923465,0.013573616291400763,0.022016332630874217,0.036457246410357434,0.030077387313464567,0.03500116713101299,0.022492313542838534,0.03166644853417799,0.02767372679258621,0.031937286147324946,0.0357560117932,0.02971647411561482,0.019437131363058257,0.02103939437166352,0.02103263392775713,0.02389748412098168,0.012097459148464723,0.02608804915255174,0.01648083143643212,0.02992359330192772,0.02499845754877509,0.028146221780330147,0.029039633073791805,0.02261050041090421,0.008799549169867577,0.03437807478007075,0.009921491009561769,0.029081688073955538,0.04863752660599734,0.031008996946853728,0.013765111589105433,0.026073637002711487,0.03055067265381393,0.048853445389581,0.026630726161919104,0.03169287773607502,0.026182264260250124,0.02945383295099956,0.03211193839696529,0.03946839665899462,0.04232924942304357,0.04139513681653082,0.019938797601419957,0.03990792646739131,0.023700284609113546,0.0074413453764080074,0.03817058689296234,0.03671323606580773,0.033390255732039194,0.03820827567335328,0.038687577789463856,0.04565948545051598,0.028406702293116752,0.022574414688422056,0.032029957042445364,0.03489475711105898,0.04436708899756317,0.041810345272004425,0.04175243159660462,0.06141833612632334,0.022480203504685554,0.09010515106450578,0.04855880104597978,0.06761747621986963,0.03251349055114311,0.04244130566396295,0.34420268517972863,0.037524937491145285,-0.008695650878328885,0.07049062412910923,0.03346434811685164,0.032221617795184856,0.044794835565370866,0.040103186975809904,0.0639024732167499,0.04594226517297388,0.040816253702513704,0.02827845725124146,0.042791145803765085,0.05765350201868487,0.03563680309495237,0.03951126881224248,0.028194966144866034,0.095428796877304,0.05339417086038481,0.040778501790616456,0.04915897332571525,0.042743562450819034,0.07094575136005646,0.04648083740532394,0.06437818230672965,0.08710330979044421,0.05254340085115648,0.04118836942212488,0.04270936976075418,0.036521388387995686,0.03367257994813785,0.03918575298542902,0.02758314694794097,0.02972493295678167,0.03862545571790206,0.020749935823558576,0.026559425352482874,0.027457974198562704,0.02793114953201423,0.02141686511374144,0.030163822825133618,0.03207170661614608,0.02458574365899983,0.03261386212654801,0.027360365956022224,0.027095637962340678,0.017279521966792624,0.036422793250624766,0.03087896755070207,0.037398643113057066,0.027751912931087544,0.010521633243321477,0.025187290895690283,0.0181591335479222,0.032391441144145515,0.03763264296981535,0.01801489817685558,0.025572976617593203
8913,0.01823573370767038,0.009399561013334645,0.013270113785302691,0.007839060869177558,0.011224013216875096,0.036633004351835106,0.05228455193324877,0.039053569631543085,0.027154868569962468,0.021665519503388166,0.029992903545829473,0.028376058270799934,0.0402189599705456,0.03519529089007952,0.024739732955182354,0.028680094999551042,0.027224172484787538,0.030537890639029883,0.009027602762111932,0.03664664908938606,0.038854921015901045,0.023697749842828193,0.026263924785681226,0.026970490848920944,0.03353907581323226,0.029984550522370656,0.011028038237984669,0.032662449137330865,0.035008620741564286,0.03856106882394317,0.043983323628013715,0.030716499954485114,0.021353689572292636,0.040243001965891666,0.02353839078962259,0.03328287584675829,0.03503339401665756,0.038795553782027266,0.017927210464376744,0.037407666912301366,0.029183789610902015,0.03477286836622217,0.04080415069860852,0.03852809131218837,0.032764828368363565,0.03553975464171567,0.022089885812626907,0.016867946853437548,0.02668909840836899,0.03920361399341152,0.03635838560380144,0.03906224143443665,0.02856568293171256,0.028294868326894894,0.04008640325163745,0.017792707126853588,0.026334980601078868,0.031605479857607074,0.05964560585503674,0.035495747488805234,0.037229119996697334,0.0551649198673052,0.021462014090219753,0.059373142615719125,0.04171294888564202,0.03383734894439934,0.03216053236034934,0.0635238561723577,0.037524937491145285,0.3633852113510586,0.0017095866473045564,0.07203652965350292,0.023220064471082914,0.027887893304508856,0.037885825601256924,0.03652419868844825,0.03223844101364328,0.03824330972507052,0.03675282830911251,0.042362226352448,0.04885020788588046,0.029784855007444905,0.0511379609389137,0.04409316808390175,0.01892666559882591,0.07246179997808166,0.03911266088104813,0.033492711037450794,0.03219022173271485,0.027538754041403345,0.03170128784188902,0.03379643195090617,0.0442249736339354,0.06183386947203003,0.045052961155216516,0.031612725095739466,0.038098239090875806,0.03942304971179765,0.03253218831833591,0.04726606747972452,0.03835362777775464,0.029081252697670312,0.033732087787253874,0.01777663104265123,0.03134758760617167,0.020346809485253466,0.03360436474508577,0.02049383237247458,0.03636125278718548,0.030914530514748947,0.023018891877458366,0.03181998991149762,0.023069891141105255,0.033391455827385286,0.030761823644032914,0.037394669415441846,0.0370118117799447,0.02248282067344564,0.026342519313067542,0.007047232230705384,0.0245631225034283,0.029389436685615656,0.03619204864543409,0.0433130821028652,0.0272046108398711,0.029391282604689577
8914,-0.008423708338189376,-0.008372407551047999,-0.009834356849616194,-0.017879505155139433,0.00964760476935484,0.005094401451121823,0.005034186470506795,-0.0027848785565949092,0.022913527753215084,0.007709728504436193,0.005176593193411773,0.015201285522316008,0.005961443967930908,0.020966956008900875,0.026790958437766233,0.04228201423297166,0.01527551800742584,0.01179372944106445,0.013437834191663028,0.02216472369776762,0.07352568565653685,0.013522727787297859,0.03080703462051119,0.038840642638419846,-0.00018361718872629882,0.09624202083117844,-0.012926831967619356,0.01695161088310323,0.009413415967109196,0.01421541335404765,0.015390602835632098,0.00043988726657679165,-0.004174457412872677,0.00883745410442012,0.0037149690062023154,0.0011714510124725098,-0.0013352458316266721,0.0075088023138810975,0.016570345570313224,0.008355892045693841,0.0018157441872147838,0.023640353951523384,0.009138081519728515,0.02054268615992842,0.02432474715060766,0.014793470319198417,0.00675015437138717,0.025019574986683484,-0.005087479318608774,0.00687843862918436,0.008842195442623694,0.01360828931173956,0.06639635782180077,-0.0035397448247202127,0.030705870668206518,0.011304275436799733,-0.0011962904048871713,-0.009996438682567116,0.040750898926498524,0.01351422568120295,0.10777565648165316,0.005773690776171031,-0.01130526065748628,0.04115476010131025,-0.010543353480122966,0.011379151276487682,-0.002512256512420932,0.012611407464011947,-0.008695650878328885,0.0017095866473045564,1.6936930567702873,0.011645938917488935,-0.014982133209575402,0.008688422986030191,-0.0069833172314291495,0.016278411037909075,-0.01599397797893514,0.011964787209404372,0.011003886467442114,0.0016912081916981216,0.048636259698793836,-0.003228842918223566,0.051414764589728615,0.001738916560222167,-0.007164207297848177,0.0012999986459475354,0.03862812049106081,-0.006766614560137608,-0.012032981020965042,0.010398318970106086,-0.0027408700902200236,0.0004048017649822051,-0.002023701977628183,0.0007986495439502056,-0.0025270890605652075,0.005802172786102253,0.0065962425777961456,-0.004063504484163689,0.02903602992021687,0.003064831827637612,0.0052945795208551565,-0.0025278496230131866,0.010133162341614608,-0.007337441124497769,0.013425796334386344,0.011425499174252413,0.0024202885676486573,0.022157442570815256,0.018745231670745866,0.016397524893778014,0.027919557870555833,0.010409102802079805,0.00167541948346413,0.017672682422691516,0.03450127349643179,0.028226557444970733,0.01861592701058348,0.0029884970697227984,0.0057486484056277504,0.011328408180816051,0.014981617492501972,0.02170123989866018,0.008866795845391873,0.0071456363068933635,0.02854843796354737,0.04008433473516423
8916,0.023638430685509696,0.011223436632900027,0.007476291794176731,0.027249538464571177,0.04049171002338183,0.06883391330195883,0.0685509723323887,0.0512349279190428,0.05636359665934211,0.03611148255378192,0.03728776933457849,0.05827103507298097,0.03158601068792322,0.043472612117188565,0.031766867678265684,0.043338006340226984,0.059838635822302984,0.04846544132424183,0.023106200501494804,0.04898467318426875,0.02242636419372788,0.02828967734551537,0.024527134502838263,0.03901554636917986,0.047772726084640775,0.01663677631687379,0.008014827091529902,0.05223685136726137,0.059831373399540824,0.056152846861764444,0.05756196293914265,0.04177262561087041,0.01732711311977055,0.054373464266554414,0.05279578862353584,0.05456037415093634,0.037098228108961885,0.03868836026664597,0.028363907437473784,0.028584649864557467,0.04074280921214544,0.05371993470111615,0.05809328519083847,0.06700303457723122,0.012919544438406969,0.04308507737831993,0.026146127123153885,-0.004592607343876433,0.06339923540900125,0.03888777699269296,0.018937894795197134,0.06598336120842722,0.021233984383314693,0.04895085764722512,0.08948084599223635,0.05034378981051479,0.030503252188595495,0.02471251683538233,0.14948920979068903,0.025251266456447524,0.09295764350599538,0.08112874021375371,0.0874398981507615,0.14708799790999277,0.06851852595852578,0.05611367660598564,0.04047462712904003,0.04374718599075819,0.07049062412910923,0.07203652965350292,0.011645938917488935,1.1957048104609271,0.0014831695743247949,0.02733800478776631,0.07659006484400448,0.06234111572963231,0.03864495917736755,0.050522726212078324,0.04460830717940752,0.03844908747059295,0.031218155037156112,0.04415797817917081,0.03903983479371491,0.06017629311854381,0.005976074540016644,0.1044328082041876,0.07549526250940573,-0.004444555450701194,0.06811991062073595,0.0472075566281203,0.07137653226724336,0.07076742183338111,0.1088734866801108,0.09489755326412902,0.11537282595713338,0.060126486329941206,0.06516347371834656,0.07656689523893491,0.0358668726346006,0.07754649579226437,0.04942021871396625,0.02650033765986185,0.045052112668353204,0.008600857937456857,0.04532241310079509,0.034353914794698306,0.04097224082580424,0.018469413761177795,0.021177635639835643,0.03860464079266097,0.023231540463302683,0.05457095500258619,0.04373504833115167,0.0325328597492138,0.026291394328397884,0.05547673270787671,0.04073441547615112,0.028738804235163368,0.04123068344141927,-0.004921896427820968,0.021626978073424518,0.0359839793093421,0.03582306317696569,0.04790601150627826,0.03538403684196574,0.03464604091053825
8955,0.004925585894262716,-0.004273021159042469,-0.001932683983036052,-0.007704451299472894,-0.021470085658567725,-0.006823079686003169,0.011569471008834275,0.04197826492633959,-0.01361907202164836,0.02226762193225152,0.024272671387808094,0.004765130200586788,0.008774929719280695,0.01260102504302592,0.011279846531537935,-0.011921529828176776,0.012785193888982542,-0.004061347976686076,-0.005682495033112115,0.0418207499189602,0.014987176879172793,-0.0024994099182513024,0.003341370059620851,0.019685879249495806,0.003468351274099825,0.01983948946877391,0.04450413859660657,0.007562978242118208,-0.002973397687967542,0.033814971138550615,0.03407869038148858,0.010665151874896405,-0.0015727795810386422,-0.004492455622888746,0.01132947497311906,0.02631183353731126,0.01958296563569339,0.03297438160837909,-0.00042792465073714076,0.011173578453224404,0.0028946946330568883,0.0017625777956378826,0.016579011824619374,0.017231762786875347,0.013782106189024044,0.031023818591650786,0.01712218811754805,-0.005888469662577753,-0.0024271465335470917,0.0030032975058865955,-0.001210694723987831,0.022919633080783736,0.02424121635582873,0.004606286652411162,-0.008291668164380032,-0.004195362213572297,-0.007959134456385866,0.03134214668560649,0.0077377976399425445,0.047476293472179784,0.012669327814227358,0.03721177408367803,0.12108872515138668,-0.003933941498214276,0.038961309211114604,0.04830818996559454,0.018607807195679896,0.008626178240594739,0.03346434811685164,0.023220064471082914,-0.014982133209575402,0.0014831695743247949,1.391547329423183,0.18760702594058867,0.057681791713106306,0.019472669899470496,0.12073039120295304,0.055650640860456034,0.03228562322389823,0.014106600932256755,0.00643304308488131,0.010744093442193849,-0.004659350063165462,0.003553472646254344,0.0331926340185279,0.013401011424489245,-0.021421664590465135,0.4403205068745628,0.054853264221729106,0.0652227526762217,0.016517582372636484,0.032823287684764224,-0.01221522311725386,0.0007436984094130754,0.02636733268456995,0.005793543485818922,0.003278377938843137,0.022396013377990992,0.004369878266560696,0.0218909390105848,0.008454892250855823,0.010586794672562084,0.0020312148509689563,0.03160706069832282,0.010734557930410896,0.04100733293116491,0.01611448923846013,-0.004202550105626073,0.004209939988120215,0.018163697919410506,0.03884181726176297,-0.0055015561732824165,0.00446599401417353,0.01880184675471921,-0.00016343081823585667,-0.003915875427916542,0.016695573648151052,0.0353671583418525,0.020212507205777445,0.039625874600452374,0.0240920194926438,0.0005376001217374743,0.01714993000400016,0.023211142041618223,0.012181543563584963,0.01766551057524077
8956,0.011980602091901606,0.007736171649157435,-0.005451134362154471,-0.004694063710194883,-0.00945163897918393,0.008477437494751779,0.019517180358315622,0.03219834688621631,0.01622831388660336,0.03589354164523269,0.02803536564041567,0.025231616770027863,0.013696464300822627,0.026394311944184127,0.02279922934694509,0.005912146616920476,0.03008245702089422,0.0029484320412670267,0.007654904773351136,0.015553988309158545,0.014942087178093987,0.020834515186141392,0.021564803659373872,0.024072550095193046,0.0238375339995306,0.005598488635446406,0.048036467505150955,0.027675390340267975,0.013245284726779265,0.024837475952454006,0.04656729489572564,0.026161794598318376,-0.0006862645617569047,0.027130317188865417,0.006626517337892907,0.026930002518574497,0.020456895020871335,0.042865773246969295,0.0002901193312421215,0.012408891356418823,0.007541503090076066,0.017354189534769568,0.03599717083414207,0.02645867114770101,0.014092852156093228,0.035384536593535625,0.003776189665518584,-0.012052161306733419,0.003037872995993397,0.015939763201848825,0.02205796560229023,0.039199580991353275,0.018100759745612646,0.016376580628592177,0.037019213031374905,0.015148450997850957,-0.0007535600807603393,0.025051603483549914,0.07400765721367715,0.04584546871835582,0.030787920005590805,0.05809705831217773,0.15937609246427875,0.006156864844025246,0.03174857280229577,0.030556501174803706,0.03295167119617908,0.01440457396695761,0.032221617795184856,0.027887893304508856,0.008688422986030191,0.02733800478776631,0.18760702594058867,1.293187111656847,0.06777169410385521,0.05229524996891859,0.12397239669895255,0.03856793979475808,0.038417800767781576,0.03141169620466269,0.020621520910863594,0.032343125307691636,0.018331701842501012,0.03398492156394529,0.022710421878353832,0.028745300396944236,-0.007927002402388144,0.08503495669064502,0.042596616987384574,0.06633650519247627,0.019312176129816176,0.027012470548517194,0.01768590126037848,0.023221220071601892,0.03283580941955042,0.02753125406828964,0.025670747373712277,0.027539184866907512,0.007202637680456064,0.03038009382400859,0.03004932286356708,0.004083830501111994,0.012428417920502359,0.019536598831683807,0.014758593225812616,0.03849662718301839,0.02766177701844495,0.011948457679592359,0.015251939111000099,0.035702844161251066,0.04190221102801789,0.015271335773161903,0.017790826723443204,0.025256858369232395,0.004070998895808774,0.012083582581749496,0.03373794331071325,0.038795568558126936,0.01415701272568429,0.04050285269832281,0.046562511920990264,0.014589164213321137,0.015456350832052688,0.038631202751384604,0.020233445783208084,0.025438472043833333
8957,0.018645353463765373,0.003807508297285545,0.01623540314906254,0.027022825326293937,0.005130015683773835,0.04749388140432866,0.023024714051853214,0.03835687112980002,0.02261961564062982,0.03777424149212782,0.031414283916199416,0.02964170368456442,0.03666235826122668,0.033894658672778924,0.016081623760959573,0.010188395868701345,0.022332628460300215,0.007917509664750754,0.04597105002524904,0.026498167852662163,0.02731783070810902,0.013372607194182491,0.0330784641121606,0.05301126162446777,0.030450661040356236,0.022888956943555847,0.026727634306017017,0.03214352337207842,0.021813920219470918,0.0359323963138189,0.042781603533165034,0.03933996738639558,0.016380936005228993,0.03418404795529176,0.024404476323224414,0.08146391306434747,0.04056387744442431,0.0398081342491717,0.023527499162285494,0.035742015335621956,0.029164630316260817,0.030184138637448232,0.04858389088069654,0.04056677321760187,0.035915090794192306,0.04337766851108183,0.036493416429529385,-0.005616378420053652,0.020845525414274074,0.010804882499055729,0.030733336496995958,0.05297732210188283,0.018519270586832177,0.02013511014141084,0.031091563262866134,0.030835785721870703,0.02281552903962335,0.03645169434029445,0.05150168489809153,0.04998278034626347,0.027747103901301466,0.08711516812835234,0.08469103998822011,0.017598191730757076,0.06274874884229897,0.05868217771864965,0.04195896369167272,0.03791375427770868,0.044794835565370866,0.037885825601256924,-0.0069833172314291495,0.07659006484400448,0.057681791713106306,0.06777169410385521,0.6603209457721155,0.053457503127528054,0.09185753732588214,0.0809843891552455,0.0487941310833215,0.02464818317600552,0.04559456295363034,0.049597728591158366,0.020360767139507133,0.07000170720843941,0.04237625644362437,0.06542920106100976,0.013080738537503373,0.04995150570010146,0.2112592890755602,0.034356844813291494,0.05614555389124452,0.10326240194932487,0.0779147329263046,0.058100690434500314,0.06358597515466172,0.059515818911206865,0.0316709985627016,0.04019029630952103,0.03576948250140461,0.04178809545000645,0.029239487232395875,0.013700097225969307,0.022796428722617418,0.0395985273526238,0.035254556044279975,0.04496616424237891,0.032844317697664174,0.011561193449788227,0.010995814471831225,0.052225405958590924,0.049016911699290115,0.015554882036930699,0.02051106442332684,0.035635660627090546,0.006568186573631467,0.01602325990786922,0.03237206205318941,0.03433393916599586,0.025351577348065278,0.015109463827618134,0.03595057754554983,0.0011773266840867486,0.019963083821655795,0.0456718544396872,0.026275031833661738,0.0326367607020894
8958,0.03094060335885093,-0.0018142170885136841,0.015283598213170836,0.010212578332715544,0.016703417604508622,0.05862989855285308,0.03314179015640923,0.03818335234583274,0.049529196646888964,0.02522777097959539,0.03699901841572872,0.04764617680813621,0.03657869752869231,0.039090976424633085,0.024429957343953437,0.019776889031341685,0.04845462382172086,0.02068703860837066,0.005601522829528233,0.04869334518462326,0.026230539200100555,0.03412122549487645,0.02490718550708016,0.03721089879221364,0.04044679292083618,0.021031512201482687,0.016448031671238473,0.03800461994169155,0.04175806552103206,0.0289238640746786,0.03514411722659678,0.043929462937852534,0.023922621167431598,0.08019221219763023,0.032201344620584375,0.051645475512406426,0.016782368601919055,0.027778939383610972,0.029451898793809272,0.036398796704202624,0.02224936205964851,0.04528046236181036,0.04599857315444015,0.04508429191565309,0.052829744241060475,0.06397027694849691,0.016080473023786103,0.007717412047432122,0.02107538933389854,0.030785343707076612,0.0355100034322576,0.05569467485018262,0.022796971159541424,0.03631927634288297,0.0502229559749323,0.043237812789939566,0.030440498678749952,0.019570535337520425,0.07490565716472482,0.024454045766082247,0.04798253762857201,0.04687059377482471,0.03321091123216397,0.03277263571288017,0.05125027111282985,0.03358520847301925,0.02900754538089823,0.021404696342047617,0.040103186975809904,0.03652419868844825,0.016278411037909075,0.06234111572963231,0.019472669899470496,0.05229524996891859,0.053457503127528054,0.43568534197647546,0.04795316674743915,0.062123210716086126,0.055636650615246204,0.0451142653888436,0.04553929042818114,0.0452666884849564,0.051865440280579544,0.07898252303571318,0.015924134244859167,0.03826164230438899,0.013135526506987596,0.0146028382367374,0.09845809753754173,0.06528195842946187,0.027371218180386615,0.019764800550459358,0.043056702767260424,0.033888253687808075,0.051817710135435076,0.06892186128071823,0.04290859584555887,0.042356181905203245,0.03319629920896605,0.045108543367362926,0.023743978033218698,0.02808900975994735,0.03918120610403633,0.0067527863933129215,0.0335195947075623,0.04285540048495401,0.0441550554691318,0.03159845672446606,0.027462722290701774,0.05109063454967779,0.030314717438210993,0.03769548252167915,0.037280237505994726,0.034740312862392424,0.03502581735122337,0.0335714133405351,0.04738047605862897,0.026274191342455754,0.03706892063466712,0.009936367931225007,0.021488748531045546,0.026206626535053644,0.03226219520380035,0.041551410118466185,0.03612971704137525,0.041932167176134884
8959,-0.0011527273922321826,0.0011428533340650069,0.035555382778132215,-0.0014636870651161663,-0.008649968665870821,0.021419807897025734,0.013887963064398342,0.06912407297507776,0.0390712511500122,0.0270546934116611,0.03628922175709684,0.03337612200277387,0.01624081297268296,0.011993562008628387,0.007934928090112607,-0.0015774055194076114,0.01854127546830193,-0.0006295745672958282,-0.004560313404170794,0.012595520785521161,0.005826349023706405,0.005402189924381423,0.012688888854414482,0.019402635473739334,0.021992115484155923,0.013819378087584735,0.013411155474684196,0.01642082547620364,-0.003090933091796683,0.012259023702096996,0.016437672646435857,0.031599870557998455,0.005567458378490084,0.0037643037942850775,-0.00139343595265282,0.08292646639362024,0.0077260911784856985,0.007067996522435009,-0.0018013113702068666,0.0013437136780520352,0.0100973391556812,0.014605403237537756,0.050570375676197675,0.02188071116295095,0.017001530989149666,0.016171131453206207,0.020167276375035945,-0.008430660631857606,-0.006497073621420198,0.0713344643425697,0.029786478073228335,0.023786103252571224,0.011011743112077,0.04142276966419642,0.009456644793573698,0.02332075918442906,-0.0033803493401682754,0.05898956833036623,-0.0027272315912272942,0.0726923150743881,0.014388102603406025,0.07915193927595578,0.0955111322332911,0.050649361252140486,0.057731604964871716,0.09389936043871837,0.01885957291524727,0.042169466037908644,0.0639024732167499,0.03223844101364328,-0.01599397797893514,0.03864495917736755,0.12073039120295304,0.12397239669895255,0.09185753732588214,0.04795316674743915,1.5482555800346882,0.07770415533300754,0.02983283621304279,0.09716317249624143,0.05378413510549641,0.03187505534986209,0.009174924592633544,0.0655790499521252,0.05196371969169701,0.0822695885874655,-0.010771965651236603,0.07590681057973432,0.09199449318505327,0.03648668022369194,0.1590007235040105,0.03411313093153382,0.02004830197372366,0.103025380159165,0.046526570083511035,0.013659252809259295,0.01672279345506562,0.03900974406055748,0.03561788816988831,0.02520825859743402,0.03404492505338018,0.006019144564477413,0.014936319888782797,0.017109584921965428,0.010015288349063931,0.04712354821800534,0.021758536350493202,-0.0017075925177871343,0.015529918197719596,0.04612703698956291,0.07332988895528603,0.016272758125801437,0.016527123072510832,0.03920438296533142,-0.0006553634352981046,0.016799307524681457,0.041067439522776486,0.03996549808795529,0.014688180864545455,0.021490334311999242,0.03201287197599555,0.000679168296467254,0.010395084780386725,0.03623159613987405,0.02889633917997995,0.035620243420096113
8960,0.020460048045715034,0.011746034175608716,0.013140516275282368,0.007477158313243271,0.02063003787957168,0.05410582664986106,0.030153833956372667,0.041947592252159736,0.02654796970769656,0.0297808362285434,0.038508375835316216,0.023846963191142705,0.03928353134273179,0.03771121126709556,0.01788118344713729,0.025861253423049672,0.032974835128788293,0.019104588702035623,0.017464631162884492,0.032108380544563456,0.032615657153762724,0.024647589656422105,0.03323017275648991,0.06064176192033712,0.04075251568120279,0.03367176346579014,0.01518553496667819,0.03913139677101042,0.02098306351410108,0.027779623148878184,0.038761150832915765,0.04250813474375718,0.023326077996450444,0.03507382044809164,0.023680944873506644,0.06216184077218655,0.03783773269342101,0.020806416222606584,0.029347480294647378,0.03905942729750544,0.033496319539543774,0.04016210399270898,0.03951247336649388,0.03181733233514996,0.038812052793198416,0.04105135395369308,0.03645984093801867,0.015635248266816185,0.011545373551547543,0.030371092051953125,0.03915356613208729,0.05384134263848713,0.03419747888351478,0.015260774110355532,0.025480031597959082,0.03198263906096106,0.018129664044290224,0.02318605677977346,0.0629933706010031,0.02732381242449979,0.046862811295914866,0.053515055397153,0.022296009486458174,0.02230838919798183,0.03797010793976582,0.03710688780936858,0.027301671774611628,0.01849042814140925,0.04594226517297388,0.03824330972507052,0.011964787209404372,0.050522726212078324,0.055650640860456034,0.03856793979475808,0.0809843891552455,0.062123210716086126,0.07770415533300754,0.40671506895408743,0.04453886824344087,0.054927632152571806,0.04567646114806373,0.03488153312500402,0.02747962549783749,0.06887429000290698,0.03295176523123458,0.05141192582259846,0.00263277588066535,0.047610067823008057,0.12277152657027404,0.026748574387232115,0.021056777003869896,0.0317265536586045,0.05295299041089555,0.04691459082366938,0.049879807798200615,0.040789103311874415,0.033152964540400086,0.03535805783346317,0.030506966557904972,0.04534613444889114,0.0362035205560962,0.032105876819870066,0.032295321034846836,0.029908774729872946,0.05532136381034662,0.03487788438008372,0.024838857425463608,0.028097242479964764,0.02310839307784419,0.04692037021805309,0.05781103218810284,0.024810043099214987,0.025134867948410727,0.03678231819789797,0.020035155157923167,0.032016944379963365,0.03943770195313609,0.023366237219469895,0.03570541288716937,0.017927955928091596,0.04754242745586369,0.020743591579255684,0.022395309977637053,0.03574919639714393,0.02851725955955406,0.03467121746556015
8962,0.018104900832641404,0.00761030632632417,0.006038286473276041,0.01258260560236779,0.027829798066894444,0.03645689907845682,0.023985828968136995,0.04134040754535592,0.02566233851904766,0.02439857955351076,0.0244938437510324,0.03311511656448443,0.03374919884322081,0.02861335112257727,0.01942293407142192,0.017662500556215214,0.025942760797767157,0.01390565235402143,0.02506960872572407,0.03219645625406082,0.02491861480447242,0.030018215130905457,0.02136914451340221,0.02764228945815399,0.03241963749093607,0.021641589233943315,0.01306225977657029,0.03283686764157152,0.026829224226246663,0.023470981684982243,0.025832218836171546,0.030321514708369142,0.013964934735857441,0.03884235250996255,0.02176673597884359,0.023865887851374844,0.0240803464470385,0.022433510970863848,0.010951752883129847,0.027152474111791752,0.021966263072191,0.03358942526692726,0.03323760462591416,0.03597968900099198,0.028713891790731152,0.03574823285583153,0.020316344842405312,0.0037433329938569553,0.02358424078348825,0.027733630326970213,0.029091439057873886,0.04211258365698303,0.015148504668803766,0.03294588472130805,0.03163670527310201,0.04376189862108507,0.030300047302447498,0.015114809476101542,0.045409666814173216,0.028585389159295767,0.03807249095698634,0.04650624128328682,0.038513928464653395,0.017268210850049308,0.049969650434323255,0.03248442961213082,0.021167858688893048,0.01562560606384098,0.040816253702513704,0.03675282830911251,0.011003886467442114,0.04460830717940752,0.03228562322389823,0.038417800767781576,0.0487941310833215,0.055636650615246204,0.02983283621304279,0.04453886824344087,0.3304603329013008,0.027559571217202785,0.03787186128715148,0.0372656890176373,0.03273042441475623,0.04012512937969487,0.01791304979575485,0.03966731413521763,0.014018835251977392,0.03792668792889818,0.05921195535833542,0.03029660742145336,0.02578744855971909,0.03316922340617353,0.03853613622322985,0.03630409142302374,0.0363728566724298,0.029505824245547624,0.03397004087567076,0.03234464421121471,0.02295922870528892,0.036407847415897025,0.023328520733526262,0.016967956367666362,0.032738302069717694,0.030565116898252698,0.03369189265939,0.03644712586210762,0.028422468267429758,0.02638421251207813,0.024818239328594036,0.03740666417731648,0.02988012680615517,0.0255361437227469,0.03078856352523649,0.030310142180060482,0.024013914392536414,0.038985121073494645,0.03780420010119849,0.034139469353985145,0.03380353288101443,0.02429559962127168,0.015920492332854395,0.02083539226560483,0.02389893159203252,0.032205303596654876,0.030530690556673033,0.029875191120931344
8963,0.01899760430272942,-0.0071411228880887455,0.011932259906737505,0.02870984251573594,0.017717759166417255,0.02636484826237209,0.04165968295996508,0.029564331464876914,0.09029416645104668,0.010670024931068637,0.028989472632048395,0.031838911882621404,0.028850166075218574,0.035043291761300464,0.026069198448021615,0.03473921360343425,0.02629594977899692,0.0191050188249341,0.0019016091197827903,0.042581277089829686,0.07110729827411243,0.05176726632619293,0.01485531407613697,0.016895993100378058,0.024675978633451712,0.0630308483550314,0.0172995277971058,0.019281189456752362,0.03622585496252577,0.02732462856941098,0.011565168855062154,0.04201525785970083,0.033175516921665114,0.014526523927142869,0.01714442331069517,0.03006634352326659,0.021958825097636584,0.008569034560633277,0.012289947951763401,0.08524472260920575,0.010585030682723292,0.04292007736084228,0.04702316400394815,0.02363190729664748,0.08535970004184254,0.029325431472633372,0.00956123864150472,-0.005845977336377294,0.02441009022197573,0.06150608446406555,0.03985610940122477,0.04154419214988486,0.074657875283208,0.01464763080749189,0.044673261861589805,0.0539370136965505,0.00466820297676497,0.016408418359503997,0.02318570208426519,0.013474036062962177,0.014357193240081357,0.050598094537872104,0.00873733636140004,0.04075633382734172,0.029256532469585338,0.021320258948135017,0.00961473209001625,0.040378267970089185,0.02827845725124146,0.042362226352448,0.0016912081916981216,0.03844908747059295,0.014106600932256755,0.03141169620466269,0.02464818317600552,0.0451142653888436,0.09716317249624143,0.054927632152571806,0.027559571217202785,1.20335986294093,0.057380676470379845,0.013705374604998025,0.04659786588569151,0.08322380399902239,0.02599054039651554,0.04763023655462132,0.027869548712949825,0.01536460358535934,0.011102828453158384,0.009709990039809437,0.021008287875367685,0.027568521367602922,0.0328917930103495,0.03472488189517652,0.040468423635874176,0.0072709515700702405,0.03577590370263901,0.054696417336338156,0.02044629975327266,0.03275404859140779,0.012693608987504584,-0.0015450434447487958,0.044886014634610914,-0.0011403549480959118,0.032036614567983665,0.02717898164925805,0.025007067003861985,0.03198069577134188,0.04292393033189483,0.034207815471186724,0.027540281357907606,0.04222050571477006,0.034800475989061816,0.03954340404292155,0.05129650517076108,0.04691454982933681,0.05615644960060435,0.01539771727617159,0.030781343565296687,-0.0005726936186265756,0.03314831234197604,0.041187910888386234,0.03508334304110421,0.05310370064856715,0.025299382935777888,0.021473136404525767
8964,0.017266505105069947,-0.0015920196216477156,-0.002819685636133663,0.015356607955964052,0.017921849304801528,0.06946527267601023,0.022612905763091554,0.03209338983810509,0.032967352300892684,0.017904729651727486,0.03274422909556015,0.025642117946030857,0.04151900612967186,0.03510809406123856,0.025691364181768265,0.03029684680093632,0.023615018297969855,0.016955905876903543,-0.00474764028540739,0.020266316799593558,0.009481090336082002,0.01473651596593584,0.056430403647627934,0.027328493150405146,0.02812708131333218,0.014066535046537328,0.011279817299504299,0.020765768764268625,0.009611086769904487,0.02266778093544468,0.03024034283231405,0.02463215925902796,0.032199424789894376,0.023050885492321194,0.011655983036767325,0.04238044723866497,0.01296363948957622,0.08121140252025366,0.006462306670964775,0.1543356680714451,0.007547132789347615,0.041727538667257626,0.03508918629560104,0.05710937158545427,0.05390859720419137,0.023352933161096136,0.008220377684265404,0.003604431013255721,0.015292646580703718,0.07301443667984614,0.08092982510172542,0.04685275945325752,0.046349117136037774,0.04056187568231799,0.03975254824916629,0.041033151628147885,0.05923942469895949,0.04985002994279971,0.01935703509653382,0.04656350762377438,0.027689524355585932,0.053281489554497276,-0.00432289827207608,0.04704269482646357,0.04289622947493433,0.040159327375512976,0.021193943301111823,0.054203014894343454,0.042791145803765085,0.04885020788588046,0.048636259698793836,0.031218155037156112,0.00643304308488131,0.020621520910863594,0.04559456295363034,0.04553929042818114,0.05378413510549641,0.04567646114806373,0.03787186128715148,0.057380676470379845,0.7975874737345396,0.05427786522299303,0.016335611549573945,0.03756102497547795,0.01610847483162624,0.030763319700132234,0.028017819788188753,0.006629272956690647,0.038857031705490395,0.03259282720385432,0.022246501455129086,-0.0011221426031067668,0.020655829861114552,0.02070446787755743,0.010759033678186642,0.016453977010787053,0.02962797100435699,0.025261875200608616,0.02529938909179234,0.03748636761360267,0.0290373481469502,0.017184688757667495,0.02800241945963772,-0.004985860013458387,0.0137538407893336,0.024747934392307054,0.02221053989257589,0.00998280825006257,0.018949355211838888,0.04185415653305846,0.029140800328080835,0.03820189476301448,0.02908592977085566,0.022340529960217452,0.0060852435228007,0.035691554402651496,0.04175053284476869,0.012422886018869475,0.016141653202952112,0.008512727314836658,0.01835606769752317,0.019437328992400197,0.019344473363425867,0.0336190408984999,0.025083085847164538,0.04331838099414329
9000,0.021181540420702086,-0.0015324555157169896,0.0065570425227752,0.01067159160072909,0.011850639119058794,0.036905679478800205,0.026554784045554974,0.05738479981333335,0.012780877777688136,0.025092623304565083,0.03133866703182605,0.035526876751006346,0.0358817015593241,0.04028357250550094,0.019039380620225668,0.08256700024095023,0.04609672396559396,0.02361080242044519,-0.0031705127417641253,0.042483012227757695,0.025150612862189343,0.01980516199581456,0.020400210979359526,0.03027336689192878,0.023505978131257977,0.030309698339764348,0.014660608676296549,0.03312605135082424,0.06146968467413015,0.03748486142106362,0.026922137898338167,0.02357174365843317,0.0072344970699557,0.024617337903339673,0.05698469663849247,0.017190066880052757,0.030523963031024892,0.039855223662058785,0.01732827677897259,0.07814718192336133,0.028388189946125863,0.032517155886130904,0.047594925162345286,0.04896831377589052,0.028947216544768714,0.03319415134504376,0.015505080014197108,0.025304709453573396,0.08080723356119959,0.027970103483643184,0.03488666544054204,0.04362089478685391,0.04162582456959935,0.04869936197205436,0.08602859160292686,0.03515418335863538,0.06518254368394212,0.07065656935519868,0.01739583690538839,0.028264941706686014,0.021458418435538914,0.046377078365513726,0.013190439681121612,0.06953508857494033,0.045502082871151414,0.0327323447047368,0.028789599568327613,0.14438771428673988,0.05765350201868487,0.029784855007444905,-0.003228842918223566,0.04415797817917081,0.010744093442193849,0.032343125307691636,0.049597728591158366,0.0452666884849564,0.03187505534986209,0.03488153312500402,0.0372656890176373,0.013705374604998025,0.05427786522299303,1.077296884487729,0.03712223949747231,0.05122740469891273,0.014640941461451602,0.07836560158693831,0.09638932594294984,0.004962174994191883,0.04268922806209606,0.059640534709857085,0.049653740126083326,0.01021456560948972,0.06363195054384249,0.05788572480032931,0.03907906247518592,0.05153378006774602,0.050523791130733915,0.028341088410874574,0.03500606357420215,0.04325045431592841,0.018880259085275373,0.02697586438052024,0.04052968786500577,0.008304973014061605,0.02349184095128497,0.02897304680530202,0.046142976839568924,0.011661919316042973,0.014921036737328572,0.044528261917852974,0.013511466872179143,0.05194079430803358,0.04013859118329704,0.028068984245662443,0.01356091120342932,0.03477732710760859,0.03496695172947854,0.03445234919101525,0.02286327427731611,0.00018186115765439376,0.015343538448839058,0.05072160769441373,0.035948785229174045,0.032532948995795244,0.031345724876146744,0.035823484846905514
9001,0.027859114181736384,-0.007374091769479236,0.0213232620767958,0.0006902365317815863,0.01271853397784615,0.04667447432986056,0.05100880536756423,0.06478199526592629,0.03807422141750915,0.01744003121620932,0.019595906125197855,0.03850143605577681,0.026441088153175425,0.027636797207668637,0.02120271414958593,0.04001685740439582,0.039112517152757334,0.026447892477804574,0.007651562945922104,0.04038746107665712,0.03159594816224725,0.050692029852194884,0.014505419118170248,0.01947833851581183,0.02278644678511822,0.03240174885266257,0.0008479000899230877,0.026363721550332033,0.03726194156933984,0.026224293396255906,0.008607986154023327,0.03736891066481092,0.02524539334082097,0.03098891879406106,0.047908840864989005,0.04335252864526623,0.02992759258903741,0.01938604049774998,0.02132222916785982,0.03067981847725721,0.032800438191775624,0.030927325823175734,0.03606222525915891,0.03666592505533797,0.027279465300485726,0.031306183890484486,0.011877265813829491,0.01646792059774576,0.13564260997249428,0.023970122648075097,0.02360598993458688,0.02456702253308608,0.028102950744474938,0.02618194066630453,0.0509450981111081,0.035230263881057905,0.028306000079608328,0.014792037218572354,0.001127714193067035,0.02626863940147961,0.031056642574180397,0.037079771013149854,-0.001765572684420204,0.1813584934192597,0.011400913286765567,0.01692390170054723,0.007745735262293156,0.02264549642907336,0.03563680309495237,0.0511379609389137,0.051414764589728615,0.03903983479371491,-0.004659350063165462,0.018331701842501012,0.020360767139507133,0.051865440280579544,0.009174924592633544,0.02747962549783749,0.03273042441475623,0.04659786588569151,0.016335611549573945,0.03712223949747231,0.8727775406548466,0.03222540613441285,-0.0006487632021382689,0.04745612676715147,0.09158087301134385,0.00038173853763945006,0.0021422652848959497,0.06266951236155036,0.04197496203134004,0.024987539550596828,0.05808193093566182,0.07358895972584069,0.052929906344178386,0.03856247277973555,0.0773896849969581,0.06532228491923035,0.033344480628100776,0.043486497620855956,0.01634532838841872,0.025492284355789537,0.05954373167738845,-0.0016818178901189787,0.01995640135719905,0.030312478512325332,0.052287764849022034,0.06658958050940698,0.06438415092488707,0.03443569582276611,0.013192787874199233,0.05524334329947169,0.07649758827394786,0.03810128497475163,0.11128713192670972,0.0598275984090539,0.04696839272999513,0.014712926802159543,0.04142518879152958,-0.0006076445892580091,0.025490086834840164,0.0453729505763691,0.03746478551987425,0.04657454257626035,0.05146728812177101,0.05602948985147094
9002,0.009325721555404213,-0.0030954805760403255,0.005222504291355504,0.007316395984052596,0.012043572596672549,0.047127462212342604,0.030490853946891557,0.038710048522720156,0.04120539792491437,0.02413881562724972,0.042196339323166424,0.026098975308924688,0.038651891603211676,0.033794350604916666,0.022805409139494286,0.01034587602275406,0.049026988081415805,0.024209234406365833,-0.00799185911245449,0.0362009024655092,0.0491862714589004,0.022204461951149928,0.034452189881484345,0.025577476665368984,0.024530805483095375,0.03298578518214788,0.041083452081136,0.03406147430905954,0.03901511321139613,0.03360669299695448,0.020394302093360024,0.05776411199549916,0.030881343523272764,0.05620256819342715,0.031466992618573955,0.016002583650875445,0.05781517433315759,0.026048975499366255,0.02953002433043047,0.06835574283617833,0.03960831428201804,0.03771617945561095,0.0496242967585481,0.03805428744130537,0.04335837226329156,0.04318333551025361,0.017269455423018817,-0.001131908480254762,0.015924615797466537,0.027634884747690797,0.05589246528109386,0.0500830412809732,0.03749781477733852,0.032123415632889,0.06253128211724995,0.036035331878093796,0.01949353693320199,0.040531091032920824,0.10486703020015826,0.01757243730781354,0.02708295214100305,0.047701314124711125,0.038594418677794166,0.029389063052437006,0.06895767311736836,0.026051066505239587,0.0342100727276429,0.028017161057034706,0.03951126881224248,0.04409316808390175,0.001738916560222167,0.06017629311854381,0.003553472646254344,0.03398492156394529,0.07000170720843941,0.07898252303571318,0.0655790499521252,0.06887429000290698,0.04012512937969487,0.08322380399902239,0.03756102497547795,0.05122740469891273,0.03222540613441285,0.5529181136508862,0.06223508718352873,0.04326731978119202,0.009946373282117567,-0.0011869221690780673,0.07637044114389682,0.02176619782419149,0.04249173940127706,0.02792410901266974,0.08639137009859894,0.05448881868937356,0.05051944620859956,0.038719262538144554,0.03059762222126196,0.03332953964392735,0.031126776075056834,0.046624304219589414,0.05166000011281897,0.004272497450321153,0.04002221419002041,0.0007011158713895755,0.021348250975882613,0.029613330088061045,0.029534552414052805,0.02002668613162493,0.02144915963334106,0.03545196876437196,0.04937927943830283,0.02705368397762605,0.03669190126965062,0.035175193976422305,0.027127832015722653,0.03348167280892935,0.03130414013609482,0.018015556565291933,0.025047911834727203,0.009373640804302336,0.038699645642636074,0.015486295254881526,0.03119532454345178,0.033954505090440956,0.025556715574424276,0.03065322192550048
9004,0.006319565170925401,0.002858540087214259,0.01323551950643264,-0.007873137036176767,-0.0009088514806573657,0.008179217455631459,0.0024010789270485374,0.012903740912825243,-0.0010305955403159862,0.015934923133305613,0.02577712183372041,4.522621380673167e-05,0.016466184055736438,0.015554572702612101,0.00232805833367038,-0.006393523575079201,0.0013738105451191974,0.00180143675863172,0.013573807687044066,0.014084256587418409,0.019163900205283017,0.0033318632853776976,0.022399557578499273,0.011918586199481605,0.003247157943325318,0.009407862761380241,0.07159434520669382,0.007413245454245812,-0.002970848193841954,0.024258287728540773,0.003092274969417165,0.03472483561378334,0.003377417284369971,0.010009349437132458,-0.0013587816196781956,0.00850479923369566,0.008851656296506945,0.01013182983785969,-0.0016075167296924146,0.016574377010745565,0.044004972318660435,0.009818005864512194,0.014683011388485616,0.01201496230349379,0.015787343445303737,0.00963092159979464,0.011818759615056532,-0.003852194280384809,-0.005393314823588969,0.014241392615893871,0.04734159194789355,0.014337604321799842,0.027444607998695712,0.001267344702836232,0.004842462173869208,-0.0032376576400815565,-0.004725097829720728,0.011736864448202338,0.02741336521131233,0.028132648452657016,0.007457702590581176,0.032416049345454556,0.059536078664404225,-0.006604490210124388,0.07940441402224635,0.026743783731418218,0.03752397041520498,0.009788826865863085,0.028194966144866034,0.01892666559882591,-0.007164207297848177,0.005976074540016644,0.0331926340185279,0.022710421878353832,0.04237625644362437,0.015924134244859167,0.05196371969169701,0.03295176523123458,0.01791304979575485,0.02599054039651554,0.01610847483162624,0.014640941461451602,-0.0006487632021382689,0.06223508718352873,0.8907150088860355,0.0015366174112633997,-0.013507389038848317,0.01731251062569168,0.0366034718094442,-0.002675406367991734,-0.00221127360294331,0.035292492704816124,0.011430196465367581,0.017179444892338427,0.022761262914077793,0.0062563922866836616,0.006793960156542108,0.012642103872713827,0.0014027566625196982,0.02807318478713479,0.037315090152376766,0.014030098658356619,0.018664457434031827,0.0622668445820093,0.014040206453458097,0.03497281330169274,0.0006287496207108118,0.0021396870474992865,-0.005192524418870149,0.014594852427511101,0.06921948892323286,-0.005500715666573737,0.011564731342436081,0.028730592030915166,-0.003759617717072721,0.011556621987365625,0.008176539435902672,0.06937808383299433,0.027151845511667137,0.07935847526123777,0.023152948632362648,0.002602147399399857,0.009193602781312482,0.01447091232994518,0.010184947864049039,0.018072302137204767
9155,0.031246503638237104,0.0017418949887731568,0.024969688313748458,0.023935419951853002,0.029172852492779996,0.06687445051919667,0.028436521328376728,0.07599710670649823,0.04103548067722554,0.035933286543455005,0.030205114546791905,0.03927494389862938,0.04753664306523144,0.03749330587061556,0.01385019939737884,0.022920412947792134,0.05467173626953452,0.04239200859734508,0.012007088037198278,0.03532364818606654,0.018883566411100932,0.035559475728399646,0.02185095113446799,0.03282420972155668,0.08695787429912484,0.014007012622219428,0.015630736569349487,0.04608264236740037,0.057967524838258934,0.03520677755872529,0.16134679392977597,0.045725660247944805,0.013822656239483332,0.02313484792979408,0.04078720840889348,0.10185947897839584,0.10371876959562579,0.03170827531473396,0.04386142458627747,0.03329677397829021,0.07297472372764731,0.03366223855973006,0.040468396794610464,0.0495944428460502,0.022232019428319327,0.06540664847530453,0.025265384325070115,0.009761276609910097,0.0925690001301095,0.09652736847115956,0.03514342278030601,0.03159947122054611,0.04677897545330617,0.09751749939035263,0.044697075626850255,0.04837829715396946,0.10892406379100339,0.10971586337442192,0.03273487029312153,0.032319055714220314,0.04888488600929899,0.07961796912755534,0.03093003445285904,0.15119984857977328,0.0357459838839325,0.06260583084995348,0.07506145003754883,0.03428872714348838,0.095428796877304,0.07246179997808166,0.0012999986459475354,0.1044328082041876,0.013401011424489245,0.028745300396944236,0.06542920106100976,0.03826164230438899,0.0822695885874655,0.05141192582259846,0.03966731413521763,0.04763023655462132,0.030763319700132234,0.07836560158693831,0.04745612676715147,0.04326731978119202,0.0015366174112633997,1.5451292204821827,0.05309722766682105,0.01989289640249253,0.0184194823558606,0.20180512674027934,0.15436578097376374,0.06089053645149196,0.21740749879261048,0.07654210212693018,0.08757666699286494,0.08143853872707184,0.08945677996364372,0.04611650057308362,0.032925955756580846,0.05832947394972843,0.035853635386275465,0.040266664456308235,0.07230848859181385,0.029437763597111987,0.022787361193319453,0.02545447572375984,0.045870961686291845,0.01618521001201837,0.04379885044721204,0.046708091862970334,0.0031562211217537306,0.07210509330832002,0.02498054393843995,0.032160255406439686,0.011483255466628223,0.07704765341681151,0.035609639076997296,0.038843862228813766,0.03224214687766218,-0.01014868759954951,0.018831903491859103,0.030683578394959183,0.033422096273897535,0.04610828675490244,0.033329227995953496,0.029807033729121815
9330,0.0402846151954116,-0.003261745317180637,0.011594569290615957,-0.0018615383672908967,0.023845275670481458,0.03680911811100954,0.05502521986915061,0.034480757425266066,0.023610447267119163,0.021437492761722396,0.018540159937262282,0.05395251542285864,0.024655732345202318,0.046119074540939234,0.01900733026925905,0.06843401190647051,0.038660677580367675,0.036504660235119106,0.007348408122904018,0.025701798329514573,0.034689433164409644,0.06480127166595151,0.002552276426387838,0.0171018163309133,0.01685127673036777,0.03152370422440391,0.006093354137374476,0.038882349491733074,0.0214329126848554,0.026073635464388217,0.026929859600532777,0.02814381426380213,0.013588472958608586,-0.00039063079816035003,0.06437925643398108,0.031954122019286324,0.06747034831162113,0.015636245412415675,0.033286066746911744,0.037632108035632446,0.029829808166160755,0.025607020925168738,0.045819120310515146,0.043461862741243966,0.005284564497482579,0.025058471827365328,0.009592372156233687,0.022657245572478737,0.2766874215923737,0.05172399743354494,0.03454583779883623,0.026950113066819378,0.02763265363647933,0.05248926270274605,0.04696402059060732,0.026339361064490238,0.08395752481983614,0.04265279292675765,0.042357006674257625,0.0136581504513546,0.019173536724801158,0.020646540924305547,-0.023636275047174814,0.18873527350496383,0.02542754135045264,0.04237914761871931,0.006247275428708238,0.2836331029366937,0.05339417086038481,0.03911266088104813,0.03862812049106081,0.07549526250940573,-0.021421664590465135,-0.007927002402388144,0.013080738537503373,0.013135526506987596,-0.010771965651236603,0.00263277588066535,0.014018835251977392,0.027869548712949825,0.028017819788188753,0.09638932594294984,0.09158087301134385,0.009946373282117567,-0.013507389038848317,0.05309722766682105,1.4606241826540751,-0.021418606524247062,-0.017402222127864377,0.06651155460831391,0.14610653366178913,0.005079220832253453,0.025030281087603926,0.13947490800521198,0.019781865993344833,0.028197332688754122,0.05005060491481254,0.029929338146129626,0.039299415671690166,0.03637216749069896,0.05039103615947979,0.022705820851363818,0.07427518067171303,-0.0037859384746727533,0.02812831965729264,0.012966047674391953,0.0486320214469089,0.08995432331256903,0.06862833471616592,0.021253662542005374,0.006931009179531679,0.052292030910292955,0.03941772787922307,0.01299802599759161,0.0741269742311823,0.07215669383124577,0.03956261816334939,0.04391616256439542,0.03664656467401381,0.003151458845027282,0.005074472050529867,0.0604396926191684,0.030609120160565443,0.03459436323648041,0.03627627008618524,0.038004638656362624
9337,0.03238984282240838,-0.001993503022893806,0.010034614019446431,-0.00232233591411852,-0.006839562368486554,0.006599607349420408,0.025181351631320806,0.04488893513066436,-0.007947054325108867,0.028186800816456085,0.020373147931187982,0.042896949015762915,0.015435366125479109,0.01254779382091762,0.008725263490450271,0.0009902450770318495,0.008751219422115266,-0.0022145593294705915,0.02454828775691659,0.0437984561371993,0.02752751615705034,0.0076819327106128765,0.010969611481241343,0.03159685074697306,0.010776169052277679,0.018655993296807793,0.007438476514280677,0.012886962325498921,-0.0075658027628735,0.024378318219730688,0.046659656071807505,0.03400724323927802,0.017950199384963093,0.019577717076210165,0.011921857236059508,0.014647652599148768,0.008837038828451467,0.02681043844954263,-0.0029822886562902075,0.01625492457181654,0.0038477902432224793,0.010899240637847807,0.015740574061936727,0.016007280075808494,0.011893261136871192,0.044842523637664444,0.0389321242683221,0.04135999725120261,-0.004452201015286309,-0.0003425194882769628,-0.0005225403163743573,0.021493580603752577,0.01703270053833234,0.0025933289552581484,-0.0020577102578168364,0.001499371573490316,-0.00699777096280316,0.008496499982448304,0.008481251106207044,0.016257774078038068,0.00736022374549246,0.0377710838231912,0.06518781111266805,-0.01966596765839829,0.022878850298188886,0.03136309024257599,0.020190906769283073,0.0005752830686967658,0.040778501790616456,0.033492711037450794,-0.006766614560137608,-0.004444555450701194,0.4403205068745628,0.08503495669064502,0.04995150570010146,0.0146028382367374,0.07590681057973432,0.047610067823008057,0.03792668792889818,0.01536460358535934,0.006629272956690647,0.004962174994191883,0.00038173853763945006,-0.0011869221690780673,0.01731251062569168,0.01989289640249253,-0.021418606524247062,1.369085120352244,0.10100674517077576,0.042450729267390845,-0.0070656768964864865,0.0068800186053437455,-0.012429888580645764,-0.003626231656107487,0.007435206083090624,0.010310379487571584,0.018725237912417973,0.02908796981950662,0.005678534293904075,0.027810668086604498,0.01230522864638564,0.018865998372913927,0.01036144422389844,0.014926717002326784,0.050282500050167336,0.029574940766600468,0.0196617030399795,0.006623893845075142,0.016011757621468233,0.0228720072054251,0.04300044764077353,0.010872261061145454,0.009627074296427689,0.026397419042392,0.014036293059459436,0.009998843701102995,0.03352762580785945,0.0276629057483198,0.01914780291109632,0.04735056091486624,0.03011563196334125,0.02328841532263392,0.02254873603524521,0.015569775766191651,0.009073245641772953,0.02071979525549232
9390,0.013549321379219171,0.006116342647291176,0.014667182023498225,0.018612972162477516,0.017001454698129304,0.041258937217751146,0.01837867571642745,0.05999393365034655,0.005605176984769893,0.05906744508948841,0.0398096691746346,0.030657241702087484,0.038495805356827006,0.03231331142857862,0.016303995970569203,0.02357591975116296,0.017561597038315644,0.02021069615595792,0.020015347638374693,0.020227937086589817,0.03197028681985595,0.010531892655866211,0.02558044761499796,0.0683480873323095,0.030009239581790168,0.032261970998891075,0.0078122447674164,0.039171715269331615,0.031380738571272604,0.034318354417397445,0.0490757436980024,0.021603459728303586,0.024627249508391867,0.0655812373241055,0.03000836800891624,0.0658794331024906,0.020635867917240494,0.04237923068916648,0.03241537144157221,0.009701843191170068,0.02151906762609744,0.03580076569162881,0.045263629508493206,0.043073395877714644,0.022157785714108518,0.06342380014523338,0.03406313904856232,-0.0017301037455804136,0.0014765670423306902,-0.0031559286092478207,0.007701286880350909,0.05361439688439962,0.007166769072957507,0.006279634252117924,0.04951399789212931,0.03135006466954727,-0.0041040476362622594,0.01913194967789539,0.050398096161287355,0.10243218865132533,0.02801489864291841,0.06329194908397927,0.07959276384137014,-0.0004907288405899806,0.06301005873587341,0.056147382781983855,0.03523850765165357,0.0014108227207014793,0.04915897332571525,0.03219022173271485,-0.012032981020965042,0.06811991062073595,0.054853264221729106,0.042596616987384574,0.2112592890755602,0.09845809753754173,0.09199449318505327,0.12277152657027404,0.05921195535833542,0.011102828453158384,0.038857031705490395,0.04268922806209606,0.0021422652848959497,0.07637044114389682,0.0366034718094442,0.0184194823558606,-0.017402222127864377,0.10100674517077576,1.2309401204590735,0.009566174717381679,0.02680509615104484,0.046293357938288746,0.07592687752426526,0.0033040797708165787,0.09673424563816374,0.11631887326838095,0.026443180441342796,0.04375108314472024,0.02999792884471551,0.04094232174226591,0.03434856678565422,0.013545217009080391,0.01388158315279886,0.03262028562906838,0.05895830925335478,0.051131626244969065,0.03372110837870493,0.021273820591261847,0.01989271428647283,0.06555267049369652,0.08091657513193289,0.01712868241022892,0.013939948633273315,0.043934325920482756,0.00887181550519248,0.018120711629702038,0.046479477968694,0.048584137721612936,0.03225787879038581,0.021651216283427917,0.06991196632655645,0.0013812619709573707,0.013740461393410983,0.04425643229407075,0.032450362885849016,0.04154277521124609
9401,0.007753581587174895,-0.0069656348636346005,0.015766045095978686,0.0006472351279176346,0.02739981526112625,0.04364816167263068,0.0193839642758001,0.025650152918766735,0.018473297968612298,0.02331248419647848,0.022430566441559857,0.028306343974231096,0.0346413593460715,0.04353808645356866,0.02986047721049939,0.04852666366253469,0.02609543378974678,0.041861652464870135,-0.0004224174333652338,0.05176721993942937,0.028684923321185832,0.04588654996752781,0.01779105809190783,0.01920004078747698,0.030658162608983526,0.01996823913746389,0.004960302480745131,0.032166645471537456,0.02052519605319882,0.016206335709959215,0.04538122939850948,0.022076106147435284,0.014136968009189675,0.010084894783210573,0.030209693078764283,0.07307615309973295,0.035181510933839616,0.0463886751165959,0.0222086663593448,0.040683482212129536,0.014249277453461792,0.03229145559995805,0.041206136164195876,0.03533999766891052,0.013987016090160755,0.01986194270135386,0.01178974605542522,0.014288524863766064,0.07459687215197965,0.04495249253531837,0.023808459367805516,0.025116546301507066,0.012387479765061788,0.05041610476359866,0.014944346117500564,0.026846332570414716,0.056024880461409125,0.02362650986667752,0.010332956843950098,0.024358848553872655,0.029048724178785623,0.07475839024082598,0.004440508000991398,0.08252864625762726,0.002175964998752194,0.030104123393943298,0.012110233650432832,0.02464799408899123,0.042743562450819034,0.027538754041403345,0.010398318970106086,0.0472075566281203,0.0652227526762217,0.06633650519247627,0.034356844813291494,0.06528195842946187,0.03648668022369194,0.026748574387232115,0.03029660742145336,0.009709990039809437,0.03259282720385432,0.059640534709857085,0.06266951236155036,0.02176619782419149,-0.002675406367991734,0.20180512674027934,0.06651155460831391,0.042450729267390845,0.009566174717381679,1.4108472758876607,0.040311644024177216,0.0057650552387841425,0.04974040608654715,0.057085102386318455,0.018847838195099054,0.030895012411691663,0.061760669049896036,0.027075391098728103,0.019782102433570325,0.03130051400447731,0.021928294845461934,0.014954124437606634,0.027446630441656423,-0.0024744084634459817,0.02200019387586518,0.03160793308501069,0.04282805972549747,0.04573975287518243,0.032302000146534886,0.027641861930963085,0.02511480746206287,0.025456972428702606,0.025423292268038154,0.01518401690253821,0.04900573999036452,0.04857633068944261,0.043872553727770665,0.01711973062908182,0.029421825078344857,-0.002641322072775162,0.02062753763708509,0.03538689971755185,0.030965810425224397,0.03005964127770738,0.027911526762602668,0.03194344405572058
9427,0.039206457912576424,0.02090172549722237,0.027127380865878594,0.038295791789444054,0.004135652117485023,0.06894105301303519,0.06084895620335539,0.06375144504615486,0.0432579153661665,0.048814586241638994,0.036722186714214934,0.07146055253515532,0.025696501614247722,0.028703170206513137,0.01586397762329348,0.005716093485301163,0.05342274228729134,0.047057029762720415,0.08193298478800279,0.029309078005805768,0.054276435226722125,0.0399599120039285,0.016084852562448078,0.016417346022138055,0.04058114030133712,0.0072534149148965115,0.006352882808659534,0.03129630512362314,0.023837886024892528,0.04563254285576418,0.049117501904795795,0.035485960220816806,0.01286368078515795,0.02714294279295454,0.06912964851715683,0.0923499604319088,0.07805205772688761,0.03794323369830267,0.016446570190061644,0.03710473605262495,0.06455468002900287,0.0164673649000507,0.043951779144091964,0.05145350618297295,0.018155420616898253,0.023186227111139573,0.02192063009725106,-0.0015465349751000075,0.14530636943193628,0.03502249461876367,0.03449305439019315,0.021125270581443523,0.043504506998241085,0.1012357685520233,0.014242989601712068,0.029643600049793606,0.0690240357195046,0.09620414725737479,0.009768730231086103,0.07706579852805163,0.03119696669916527,0.10434954824666018,0.05392189544372771,0.11696506163885403,0.04733301649924841,0.15860664813948572,0.08525716475462239,0.05634720351741727,0.07094575136005646,0.03170128784188902,-0.0027408700902200236,0.07137653226724336,0.016517582372636484,0.019312176129816176,0.05614555389124452,0.027371218180386615,0.1590007235040105,0.021056777003869896,0.02578744855971909,0.021008287875367685,0.022246501455129086,0.049653740126083326,0.04197496203134004,0.04249173940127706,-0.00221127360294331,0.15436578097376374,0.14610653366178913,-0.0070656768964864865,0.02680509615104484,0.040311644024177216,1.612379630670503,0.11509423517969085,0.05188174092909143,0.17747510321651816,0.09439574070743095,0.08085178353040137,0.03469840750302642,0.04414778363535664,0.043848994642052073,0.03600781931208784,0.07150288603994726,0.06035714759726896,0.07153051616151614,0.058502023656638986,0.03524195501942329,0.022735350455393665,0.04834235892451969,0.03913201877071236,0.060353380357548794,0.03559189605704252,-9.671120371857509e-05,0.06592887143679882,0.017491235646575738,0.0378788903524086,0.01556401991461343,0.04166191452257158,0.033625204743012366,0.04685964316898903,0.029327590145501264,0.0038398119296562494,0.01568306953034757,0.016932282216254563,0.0037471223817399342,0.03982312014987226,0.041395750164715917,0.029274393632129025
9428,0.024971084903280486,-0.003965114645554895,0.02582618326252559,0.03466878261055716,-0.010402685439569273,0.021291137095255066,0.03787179395141384,0.05012665363927999,0.029784507115125522,0.05102595991938911,0.030426314972080957,0.008859558511605768,0.02428054081321526,0.02985899070329124,0.009203358258192768,0.0036309103146761495,0.028474682129410508,0.013844574273574746,0.2362429332060918,0.015269610315338382,0.040892808341564814,0.06633420661394589,0.008463554852550214,0.023661899052205396,0.03913362221142424,0.024076863362849987,0.03611303421286954,0.047634378465794845,0.030269379618998903,0.03681715636067151,0.036887800899665285,0.041673394051464044,0.019194306872894952,0.01984578420782033,0.08425768278277175,0.07049542236107222,0.10754088803583355,0.030715314985470008,0.022197591729792705,0.010725412829662016,0.0904348400119832,0.017781591387359914,0.02909222226438832,0.03252762296445986,0.04287529598467957,0.027049267821425485,0.11063755233721631,-0.014420236087285866,0.05283917494660572,0.02673081603004739,0.004528176194157157,0.03536593857380237,0.0473624634807412,0.03501385643294402,0.006898459670720746,-0.0002714678968110317,0.003213775955060284,0.04572930996228811,0.042477526162350836,0.05502788818567563,0.04611259277323713,0.12826369750907682,0.0807056339194871,0.025742761476068177,0.04233867331554248,0.056344845393329256,0.03540187467669765,0.027282626499199065,0.04648083740532394,0.03379643195090617,0.0004048017649822051,0.07076742183338111,0.032823287684764224,0.027012470548517194,0.10326240194932487,0.019764800550459358,0.03411313093153382,0.0317265536586045,0.03316922340617353,0.027568521367602922,-0.0011221426031067668,0.01021456560948972,0.024987539550596828,0.02792410901266974,0.035292492704816124,0.06089053645149196,0.005079220832253453,0.0068800186053437455,0.046293357938288746,0.0057650552387841425,0.11509423517969085,1.3833410718925994,0.02055192990676097,0.1442418795405865,0.13413893093513846,0.04886300265804977,0.02348408055736288,0.0602193453242304,0.031471523554354654,0.05047545430814309,0.02751601227828214,0.031111333699196404,0.034204796300500814,0.19987219458907377,0.030779773902028656,0.038276118720931895,0.017474561531801356,0.013879976530682651,0.036493264186918964,0.02222739052231964,0.0211146113559918,0.021394531212522258,0.012453820444767325,0.03447024558769268,0.014917484100146726,0.016860316876576895,0.021534441221199515,0.08145001900112915,0.0649764688029325,0.07914716263252262,0.0170597424541123,0.011507768750485953,0.0051453563757325425,0.03005195774250422,0.017720651979617554,0.03215050679581159
9446,0.035940690996446104,-0.008167010296211941,0.0027925345754823945,0.010758025982171853,0.031087987634476955,0.10289303982482687,0.0346619380831992,0.0551848291014397,0.03706014673682804,0.02798960648037186,0.029623938565996155,0.030138534159782966,0.041625532536892995,0.046495827444943114,0.026485801525010493,0.01770236555082629,0.02422232797484792,0.06884431498250584,-0.001946603297051883,0.027275417413750603,0.03289522413112428,0.030252766438552785,0.037072986155168054,0.025326173518657638,0.04546684261477497,0.025534181920179786,0.009489489072414595,0.036639985324464615,0.10600288977717054,0.026718402164852592,0.047199806387691286,0.05486898060561959,0.0018835687284159731,0.011644861596321441,0.034687458641939554,0.0370808776129177,0.02223298263699864,0.028259620897229405,0.01881981584473884,0.032963113601539376,0.023924939049728304,0.030139818559981765,0.06551898282383681,0.039405714060425166,0.025737069930808824,0.04523773721340107,0.013346088230427749,-0.004762817483775065,0.06078620847832494,0.02658644989528552,0.03523072913665003,0.04351177990912069,0.046636582398429424,0.00671324074749034,0.08874722723024556,0.051099335289091975,0.07145319403517059,0.02462169349147536,0.03246757157260664,0.020168336460283782,0.031067621128945642,0.05049218343048729,0.049471545509256636,0.20504979222413663,0.08067996667763894,0.022398575759634613,0.03842927573623949,0.02628319086554878,0.06437818230672965,0.0442249736339354,-0.002023701977628183,0.1088734866801108,-0.01221522311725386,0.01768590126037848,0.0779147329263046,0.043056702767260424,0.02004830197372366,0.05295299041089555,0.03853613622322985,0.0328917930103495,0.020655829861114552,0.06363195054384249,0.05808193093566182,0.08639137009859894,0.011430196465367581,0.21740749879261048,0.025030281087603926,-0.012429888580645764,0.07592687752426526,0.04974040608654715,0.05188174092909143,0.02055192990676097,1.292984445005764,0.04698191407585008,0.07308855202753575,0.10798463629174669,0.06212752664096063,0.05303625323194067,0.03282211779043454,0.03847638680977294,0.02690615375104232,0.019632054845159248,0.037533523569329534,0.00733142441838206,0.026607183648896787,0.028576919622379265,0.03714664033824805,0.01643922311495132,0.04038525455038922,0.04731553603501545,0.019825241411605344,0.03723487278081969,0.06632056696840077,0.03428709509731035,0.03964003229012789,0.05127047670639157,0.043126166631713196,0.019372496229886446,0.02578607938732428,-0.01011498846462643,0.017617180421257008,0.009503205256060607,0.03742461053262023,0.0381149537400407,0.03298727691809097,0.036549801647394534
9465,0.009312471963287248,0.014153002639347248,0.025752062450421782,0.022472317647913527,-0.01113150022524672,0.04425294382567044,0.03633506957345244,0.03356986483203829,0.039132059404621305,0.027578465569461474,0.03513620510472345,0.0269368518375187,0.01886741898692422,0.04686073926388403,0.014407576415660874,0.017955412065288747,0.028408749640871724,0.014448661597895792,0.05882319774987704,0.022714685767183385,0.023847885533149784,0.03320814300313943,0.018996646186420173,0.01728627634277816,0.0309043198154031,0.013564464778297985,0.0093901535109404,0.03855899695942124,0.009245050755970942,0.03695284338024694,0.028313207113650967,0.041753672620102794,0.03423149449412536,0.023739796243271903,0.08155658130764462,0.04417502310046023,0.09689159989318631,0.015890090993118722,0.009701116515668413,0.03827430690557709,0.07290456053652965,0.028664524812055208,0.035674142251184926,0.03903802092140749,0.02270309821002824,0.017702100127647575,0.0713445315151466,-0.011244703933509072,0.1480946804861634,0.029858415128784028,0.03011184494490086,0.03499654757945015,0.03851695861619228,0.03851591883538219,0.020912031103400425,0.029072025662815516,0.03372667991571419,0.02970113018150472,0.004776993061519582,0.033859175449190614,0.040733842763123265,0.15446847249824616,0.011504003609215078,0.06715495927733835,0.03359588312232049,0.07321674146970074,0.01596428216990296,0.06755756302815584,0.08710330979044421,0.06183386947203003,0.0007986495439502056,0.09489755326412902,0.0007436984094130754,0.023221220071601892,0.058100690434500314,0.033888253687808075,0.103025380159165,0.04691459082366938,0.03630409142302374,0.03472488189517652,0.02070446787755743,0.05788572480032931,0.07358895972584069,0.05448881868937356,0.017179444892338427,0.07654210212693018,0.13947490800521198,-0.003626231656107487,0.0033040797708165787,0.057085102386318455,0.17747510321651816,0.1442418795405865,0.04698191407585008,1.49783303078829,0.15130484390369398,0.1031170566727856,0.06237342177827005,0.062128750938437505,0.022007112750203915,0.050406980746250545,0.05124651965517222,0.07642706499703016,0.06203827542921841,0.07818795794171256,0.022191096472260752,0.025086980181874004,0.02758408801615126,0.017456191877417492,0.05042886284676456,0.038258523659306896,0.012459992805012069,0.03629721313390311,0.02828445759787449,0.03303567085378371,0.035981740499180424,0.03416404456388237,0.027835529289948167,0.049439017809567866,0.036499106633614734,0.025884852306765675,0.02118046659296621,0.018804127977891168,0.013385555131549853,0.04260394083527621,0.03042767138669512,0.04225373753210967
9553,0.04157176260165758,0.005171430119140974,0.027039780788696583,0.02988091345060524,0.02846249676138177,0.05314706899227303,0.035942745116196856,0.05281029179430672,0.05616995371455502,0.04061544259516238,0.041151520650745003,0.015517228907278387,0.0333319287718221,0.037256949145276066,0.017148585938760702,-0.0021881755995983906,0.04714205213054615,0.02873532450871858,0.03324348419108036,0.05132397014620844,0.020687928983516412,0.03446196814731575,0.013772556175083089,0.029354218911430873,0.04649458045955388,0.018755486779146558,0.042279977748842616,0.029663789232074026,0.06775285278863294,0.03818989525811882,0.05947574335191547,0.053775132005927366,0.033110456101518096,0.05645857256971759,0.05621500793858946,0.06285514525443132,0.057012260491990964,0.0356740376864244,0.028390165588243584,0.01855785212969199,0.06595394134882644,0.028402979743317115,0.03441193563722807,0.04028174525968716,0.03367843079288692,0.036913173507627434,0.039550115774542385,0.0003183157357006008,0.04312314481529644,0.04008769168766898,0.019091546129855624,0.032494471015426546,0.039161809904127,0.041080998055317806,0.020061494036472737,0.011190588998390935,0.023095760239297786,0.04610278416388283,0.04182477591325475,0.025851731928436168,0.03589670045078867,0.11698018373538122,0.07783430213095408,0.0515002790656321,0.03911087682277349,0.054839624006631636,0.0498645392210732,0.012206901889866143,0.05254340085115648,0.045052961155216516,-0.0025270890605652075,0.11537282595713338,0.02636733268456995,0.03283580941955042,0.06358597515466172,0.051817710135435076,0.046526570083511035,0.049879807798200615,0.0363728566724298,0.040468423635874176,0.010759033678186642,0.03907906247518592,0.052929906344178386,0.05051944620859956,0.022761262914077793,0.08757666699286494,0.019781865993344833,0.007435206083090624,0.09673424563816374,0.018847838195099054,0.09439574070743095,0.13413893093513846,0.07308855202753575,0.15130484390369398,0.8315580284808964,0.12175837229665946,0.05819368274985194,0.054159555065478454,0.035004747872349334,0.06629614024021242,0.03957543054113896,0.04948460143058145,0.04088260015622456,0.06516886410049119,0.047862452308693335,0.03252075925640394,0.030000053246755573,0.014055725433014409,0.06035850380794324,0.03666481425178686,0.016937765357845528,0.03595539864448406,0.026200776355259917,0.03658541385610072,0.010019180911785623,0.026649439222276382,0.02664943664881455,0.027556999909200783,0.03212870270442847,0.020432740898133742,0.015536530689248257,0.00642663755535555,0.011995621096821842,0.04695736710350928,0.033545138876665714,0.03038632328138282
9651,0.035045044398413994,0.012694279888281413,0.019304240923303104,0.02547414583638144,0.03779586437768804,0.06997881456922585,0.033250389928967984,0.047077088804799036,0.02032036395129278,0.033491334020854045,0.0259448313495323,0.03531128645703184,0.024974569291897175,0.03199829420950261,0.015935040491814857,0.005868204037130596,0.050278006755084925,0.04299723468097333,0.037810143880829435,0.03431175968568468,0.03157343302587805,0.04792008989604839,0.017944175062268135,0.022038940356553065,0.06666953089346632,0.015502218755095373,0.022443684332075508,0.04516045184492767,0.040866353083102505,0.03349237746990403,0.07058602001725268,0.03159109740234976,0.014650906667167654,0.04510817530778753,0.054104467283450454,0.08085694201586395,0.03686329676649882,0.02164640127022656,0.02976604404553296,0.0225197004342659,0.06101710870276398,0.03694443328166177,0.03286953255743112,0.03676178963295311,0.0256078709050639,0.04835951080521798,0.032607795379180037,0.022771901687001158,0.05400252674182223,0.019836689482397935,0.017075179753945395,0.031746936085298154,0.03366101324978119,0.044843045157420686,0.02655127304127153,0.032391463815659646,0.03695964779040086,0.03833474402831725,0.038017482304896696,0.03372399100750019,0.038819738239056316,0.05937937383338477,0.0398231018545252,0.046582923321626404,0.025484126940410638,0.03714118158834541,0.035272440533359754,0.018509596286008453,0.04118836942212488,0.031612725095739466,0.005802172786102253,0.060126486329941206,0.005793543485818922,0.02753125406828964,0.059515818911206865,0.06892186128071823,0.013659252809259295,0.040789103311874415,0.029505824245547624,0.0072709515700702405,0.016453977010787053,0.05153378006774602,0.03856247277973555,0.038719262538144554,0.0062563922866836616,0.08143853872707184,0.028197332688754122,0.010310379487571584,0.11631887326838095,0.030895012411691663,0.08085178353040137,0.04886300265804977,0.10798463629174669,0.1031170566727856,0.12175837229665946,0.8472023818719466,0.054523870447169255,0.056856572463020325,0.03638397648623385,0.04953320885008802,0.029970636959617377,0.07280711588032214,0.049872949250179495,0.05570014608449981,0.045305384192018364,0.028610093011854364,0.042542253298282436,0.040256496970450834,0.050521281563239345,0.04755800821862059,0.005286260528443154,0.05464914305029401,0.042567268444056255,0.03589181299349637,0.043553190508173384,0.031513401443746085,0.03384164878862004,0.029875824453273022,0.03599142153444379,0.0005480417555966594,0.016184982504966607,0.04212455334925246,0.015147321140152695,0.032351442863106795,0.04029256831439115,0.027659697428814932
11878,0.04947094293103497,0.017639294037549227,0.013923710347496928,0.012570645748063592,0.03965814162348647,0.05409693729804974,0.05263224344670184,0.0635602183057743,0.05915139817665598,0.03741252314763249,0.030524562723748882,0.04206498270661484,0.035805726016474505,0.049446788399931225,0.028751561318959295,0.03341908466467251,0.0756674588470552,0.03831122741702048,0.01884398655723797,0.04186901050100317,0.02396905325430853,0.04875051509624016,0.030228293352589402,0.03198068597410318,0.0635307988076459,0.031731651890277726,0.018704604201726854,0.04644718452176016,0.063275523894164,0.03613292545843653,0.06993663533227537,0.040694647078427244,0.03640625499917112,0.03802839618657041,0.07161667849804289,0.04552000367966104,0.042760248045414895,0.04081425396870173,0.03976637488121186,0.05076095039606167,0.0420748602878942,0.05271712604573535,0.053422403180130834,0.05901554115367196,0.025214638080894518,0.04505761521642193,0.024690211973283298,0.1377256167699452,0.05554840910086005,0.058105440784206513,0.03143277605348604,0.05182868078370177,0.07040519893529695,0.0518047429186848,0.051587880003234804,0.07259072735568547,0.07952896359143029,0.04819446119349211,0.04146463579178087,0.020926670159126443,0.03739206792864175,0.048781215155789516,0.00883344442843526,0.059966544859932865,0.030345354785152576,0.029751288295175697,0.016128463129507116,0.03930481260691019,0.04270936976075418,0.038098239090875806,0.0065962425777961456,0.06516347371834656,0.003278377938843137,0.025670747373712277,0.0316709985627016,0.04290859584555887,0.01672279345506562,0.033152964540400086,0.03397004087567076,0.03577590370263901,0.02962797100435699,0.050523791130733915,0.0773896849969581,0.03059762222126196,0.006793960156542108,0.08945677996364372,0.05005060491481254,0.018725237912417973,0.026443180441342796,0.061760669049896036,0.03469840750302642,0.02348408055736288,0.06212752664096063,0.06237342177827005,0.05819368274985194,0.054523870447169255,0.7415279402843673,0.06061994802353435,0.032038519722124834,0.07351764133851595,0.023842290795617962,0.056994694608897466,0.054236366019147025,0.004852736270637459,0.05830312534911436,0.04723676779232428,0.06227985728414112,0.04176871229284983,0.08079660757486988,0.04896769325516911,0.01195133808607292,0.08441097986491508,0.05319964339196006,0.04442354893134169,0.07199325802058479,0.07953541470288683,0.052956194823486166,0.034128899431954345,0.049474756611136435,0.006527826607178735,0.026880443937165658,0.0379793121180844,0.039079693408882676,0.04960480360724001,0.05472620050778795,0.05374574761847464
11882,0.03598410695383168,0.011529416646624716,0.023159885663456614,0.007790937276268346,0.021982022050037773,0.031397966270643896,0.05360261999517216,0.043281792253499624,0.024692006568359876,0.02852011297983758,0.03678480092504843,0.029752585265823146,0.03093284431513527,0.03158625681634505,0.024609365998426423,0.027462655349803373,0.038452129848856396,0.02799198071008509,0.01914470493231345,0.034582255522857715,0.03227823454129778,0.04747039191078848,0.019989050023953223,0.030691725638989684,0.037574727825825355,0.025452631767336406,0.019409027662250753,0.034970136833486515,0.03905719816794286,0.03529145244595307,0.03305307695294186,0.04546082797932676,0.018424833208407078,0.03678250787205259,0.04725029735891244,0.038627472306395044,0.03728430093451679,0.020727241225471333,0.02382887894492908,0.023024575862752403,0.02523964233223476,0.04436461193360875,0.038862475048155716,0.03443937728418819,0.03639809816647072,0.033788571997245935,0.02576622748001951,0.016993284134880313,0.07055720006509268,0.035039988571689586,0.029480911029817022,0.04545065954677767,0.03652629417801466,0.03097060763995827,0.02310464494303767,0.02902087342483087,0.02622288493797705,0.02838718455241202,0.028282549386949737,0.029041349908214283,0.0319335063349911,0.05508832494586104,0.04631554540769021,0.04656793374514601,0.034615094894799456,0.04010441452263396,0.03060602480511077,0.029230307711945118,0.036521388387995686,0.03942304971179765,-0.004063504484163689,0.07656689523893491,0.022396013377990992,0.027539184866907512,0.04019029630952103,0.042356181905203245,0.03900974406055748,0.03535805783346317,0.03234464421121471,0.054696417336338156,0.025261875200608616,0.028341088410874574,0.06532228491923035,0.03332953964392735,0.012642103872713827,0.04611650057308362,0.029929338146129626,0.02908796981950662,0.04375108314472024,0.027075391098728103,0.04414778363535664,0.0602193453242304,0.05303625323194067,0.062128750938437505,0.054159555065478454,0.056856572463020325,0.06061994802353435,0.5762029285380388,0.026853281776798958,0.05393257565575961,0.03585762470121509,0.032664976354921445,0.04881522103946,0.03832587978655141,0.04359784495354638,0.03895345197863849,0.04205585354856039,0.019941562463937447,0.05439343537604542,0.03938834548634642,0.013580436688304763,0.04999462790483951,0.029617358052990768,0.037760736049117595,0.0755586840827862,0.045701888205159184,0.045167744427892,0.04254289184546022,0.05379588910104687,0.020943684608622948,0.019317411696208472,0.04804002026145567,0.03580437005873918,0.02346940215785993,0.041100778364740014,0.04524517733308652
11883,0.018915593249175158,0.01943168023882237,0.0010579984007922805,0.028003184202343056,0.03989002837972276,0.06207652337172182,0.03173018386149564,0.040965943680079296,0.05545181388936567,0.020393554163808638,0.034536620141821746,0.03208583967959599,0.03847820305870403,0.032308072181980806,0.023759007739204006,0.020822411691254032,0.03308576992170149,0.020397752651198336,0.011731243215329,0.031045724778484482,0.01637538716545928,0.034509496971674,0.02705363072071815,0.023937550233642548,0.028772128865822588,0.02688734710455917,0.006393005826122259,0.02853131183440099,0.026259630054334664,0.029428214035484297,0.020551269853242342,0.016787740438308916,0.0067239318512798945,0.03497158696740095,0.023417058707366135,0.03573325659614516,0.027500219841469522,0.035451636197545947,0.03479605340170054,0.029528473773444787,0.01485606721745069,0.02902475972005739,0.033464974212794665,0.030218999100868643,0.016884228168061313,0.04126610666479014,0.02037643905592808,0.0035696532971665365,0.02662394904459667,0.024078368830682133,0.04015027706915582,0.028344345815431982,0.01816980552535051,0.03811020984545827,0.023133652481449773,0.02137223612925319,0.027090948636182617,0.0286253946997479,0.027820445726427834,0.026539512012065267,0.029671837297097246,0.032438954318920146,0.010350156638670891,0.043801461318595795,0.036083141411630874,0.036174415634904804,0.024197713617033392,0.0450367249818435,0.03367257994813785,0.03253218831833591,0.02903602992021687,0.0358668726346006,0.004369878266560696,0.007202637680456064,0.03576948250140461,0.03319629920896605,0.03561788816988831,0.030506966557904972,0.02295922870528892,0.02044629975327266,0.02529938909179234,0.03500606357420215,0.033344480628100776,0.031126776075056834,0.0014027566625196982,0.032925955756580846,0.039299415671690166,0.005678534293904075,0.02999792884471551,0.019782102433570325,0.043848994642052073,0.031471523554354654,0.03282211779043454,0.022007112750203915,0.035004747872349334,0.03638397648623385,0.032038519722124834,0.026853281776798958,0.6554115992052614,0.038157872036139434,0.030921987059015322,0.016591894383221593,0.03363217631132102,0.009202543313934103,0.021576730387594945,0.03739089911696419,0.03111325026639139,0.02201561667240242,0.014851809390478553,0.03571505780104842,0.021043606680582545,0.03179636042305208,0.04862983824581849,0.01935921958473157,0.04730395830527898,0.02803665447074385,0.02897911691791394,0.02681878648745715,0.02729081042660342,0.004040071019686366,0.026338055481298042,0.021847261307483608,0.04068045548066791,0.039450312129825825,0.031393244441735364,0.041370616095629274
11884,0.025262143420521178,0.004072231833531574,0.033536391080202725,0.027447658559767094,0.020476013243711736,0.05023645034906254,0.04965241118003622,0.07055547520811228,0.036173940131825094,0.03879496319528528,0.03696724645569697,0.04070313132784163,0.03258681316488351,0.03715216984319614,0.025915703990665322,0.03516212214854306,0.03740780677375684,0.027710766815986408,0.028051715762302167,0.04472709948570684,0.02390421611410673,0.04551753012138015,0.03518266604195326,0.04326311333003636,0.043062847938708515,0.025279165746094623,0.02515149020628936,0.03155196567876601,0.028953728298707064,0.042237522476539134,0.03836601836558984,0.039693424688143714,0.02747445717204102,0.024173093636422296,0.047247699388863244,0.05676259265457662,0.041705939491211666,0.07371586716965325,0.018291205316108367,0.051019755930744176,0.05407627327075319,0.03548964012170705,0.036430092173108816,0.04859087136670623,0.04153140056486871,0.037399122261855655,0.03943045176052148,0.03060915041339207,0.04338502874643929,0.04487295982668239,0.04272510596897741,0.04318642274608508,0.048381123439045354,0.04107227917065191,0.0394870855877358,0.029115732179240298,0.04595279856872822,0.03830697236179733,0.0591101652013677,0.021679531559470815,0.039569903331528676,0.07841226256394622,0.031811425697549287,0.04029221474762912,0.040332115063715424,0.0345519937759187,0.029784004333914097,0.03821274484944769,0.03918575298542902,0.04726606747972452,0.003064831827637612,0.07754649579226437,0.0218909390105848,0.03038009382400859,0.04178809545000645,0.045108543367362926,0.02520825859743402,0.04534613444889114,0.036407847415897025,0.03275404859140779,0.03748636761360267,0.04325045431592841,0.043486497620855956,0.046624304219589414,0.02807318478713479,0.05832947394972843,0.03637216749069896,0.027810668086604498,0.04094232174226591,0.03130051400447731,0.03600781931208784,0.05047545430814309,0.03847638680977294,0.050406980746250545,0.06629614024021242,0.04953320885008802,0.07351764133851595,0.05393257565575961,0.038157872036139434,0.710292611775812,0.035779983953599374,0.04993794280578658,0.04983268891474516,0.04168955802245259,0.039210570310123885,0.04649819315205538,0.04383880984781356,0.0296496259047672,0.05288272126638738,0.04464469711987712,0.019739624608589898,0.04810869909221692,0.025076012514215058,0.03756307071428137,0.04349100663306146,0.04688085547630677,0.050632576543470656,0.04257703541107443,0.04814679718895574,0.025322608177145232,0.021758256760048243,0.04360037688246811,0.027673837141791578,0.04676485712962964,0.04411245900508908,0.046463694393074254
11886,0.039444604141370826,0.04195135783405175,0.00584239296464415,0.004210634951120479,0.05003502735208573,0.04282370990848615,0.03455897187515817,0.04679591081417138,0.011808802195334773,0.04127110548082757,0.03677339477986141,0.02012936537497259,0.03504372097051607,0.02950371725604936,0.016697731082774846,0.05000346560560984,0.01903889141809017,0.01268360788168064,-0.0011383491363367783,0.014953349207230262,0.027375405106499263,0.009683503902521094,0.043962143092702216,0.03268871562243817,0.03309063432687203,0.038718762271117306,0.0205440072956865,0.02431219378034661,0.015242026504885164,0.026590474507312542,0.035554710072054435,0.03907508215582375,0.0047751303829282705,0.01650511399082884,0.02527342985780503,0.026988752854943995,0.08867328819208706,0.031442906712858334,0.022545583478937557,0.07491808454833182,0.05705157092698326,0.03147805770644424,0.039261399465686256,0.028018935854668765,0.016155671578433204,0.019922978766055994,0.03660806611086597,0.00020596119526368088,0.05087064677964247,0.012653663744920697,0.033886625217540864,0.035931888707901066,0.036492752482597854,0.030073559121674552,0.030135158595720857,0.02049172362793708,0.028880155809740217,0.04046907310021809,0.06756364159215905,0.04063894540565706,0.03274268378132494,0.030426107885412102,0.048102327832882395,0.048021717587746544,0.05361869417759551,0.04148637231053901,0.03008971500669995,0.036789225657071566,0.02758314694794097,0.03835362777775464,0.0052945795208551565,0.04942021871396625,0.008454892250855823,0.03004932286356708,0.029239487232395875,0.023743978033218698,0.03404492505338018,0.0362035205560962,0.023328520733526262,0.012693608987504584,0.0290373481469502,0.018880259085275373,0.01634532838841872,0.05166000011281897,0.037315090152376766,0.035853635386275465,0.05039103615947979,0.01230522864638564,0.03434856678565422,0.021928294845461934,0.07150288603994726,0.02751601227828214,0.02690615375104232,0.05124651965517222,0.03957543054113896,0.029970636959617377,0.023842290795617962,0.03585762470121509,0.030921987059015322,0.035779983953599374,0.9368100665636958,0.04913398472841613,0.049440799161313644,0.026611393249197462,0.04822717973612614,0.028935927897855464,0.02906680170805561,0.028505244144605524,0.006859702654882527,0.03127384765293951,0.044336317686278076,0.037442045381045626,0.019739400373144922,0.035539023797056646,0.018113730201411223,0.050954055705992395,0.03182520278033004,0.03644766651164913,0.024918777410578238,0.02903002394947192,0.061991930431119065,0.022140761156181053,0.017158819487448598,0.02163005582002363,0.020107355036452706,0.03292618725053238
11887,0.05649880051105712,0.0045427619307070585,0.00836715019538834,0.003119533283665796,0.019298342535823885,0.045874246317950305,0.03228579638762506,0.04375484255340517,0.02153677370480661,0.0336314110948031,0.024074336833505034,0.03706470406543069,0.018456504929804454,0.029211052307512895,0.012311632076072497,0.041462197848210695,0.037759170838983946,0.01696935579925298,0.04507850033457579,0.014792966390710467,0.009775554060779483,0.018613136448378798,0.02364562310782435,0.015486254229640499,0.05051258854083152,0.013435774661217167,0.008267379252901448,0.025389705775947933,0.025534319439743956,0.03512186853435261,0.04840206392546615,0.017110435704708812,0.03556045480273792,0.030998098471136645,0.03829819183488975,0.07579334453240191,0.033253888847159074,0.01089761381897317,0.04220031942608598,0.011147516268082924,0.06839476137673926,0.027906222088042037,0.023271423945313553,0.028106380472726525,0.020298235955324,0.02006238440664856,0.04253151967521887,0.08655182521814377,0.027829555513057283,0.040609537566204224,0.022202945050341576,0.02483937494207963,0.03900082232014227,0.07840801062108399,0.0162585381848634,0.014038803372468345,0.05389884244337087,0.03977740710931897,0.00977528409552975,0.015533055988324392,0.013580344636844469,0.014664874145782077,0.009226107709232396,0.011950836861834081,0.016995258020485526,0.03714775429062367,0.01760489632860696,0.02716438045318167,0.02972493295678167,0.029081252697670312,-0.0025278496230131866,0.02650033765986185,0.010586794672562084,0.004083830501111994,0.013700097225969307,0.02808900975994735,0.006019144564477413,0.032105876819870066,0.016967956367666362,-0.0015450434447487958,0.017184688757667495,0.02697586438052024,0.025492284355789537,0.004272497450321153,0.014030098658356619,0.040266664456308235,0.022705820851363818,0.018865998372913927,0.013545217009080391,0.014954124437606634,0.06035714759726896,0.031111333699196404,0.019632054845159248,0.07642706499703016,0.04948460143058145,0.07280711588032214,0.056994694608897466,0.032664976354921445,0.016591894383221593,0.04993794280578658,0.04913398472841613,0.7101869651154523,0.05872361843646751,0.05178529832013835,0.06229353580593288,0.01801864500268797,0.03850487552942113,0.038576364690836376,0.058043524809033784,0.0357242292520138,0.004413194626624829,0.06753356739903972,0.02393837696216377,0.03424045751458226,0.032866843491246266,0.04057351315214861,0.03352352204412022,0.034649710957758574,0.03916246109237712,0.020595657346155982,0.011491326735412465,0.0644931922363388,0.00878856330025744,0.01951222486402862,0.026696035004620096,0.030728399172885824
11888,0.01972872060999836,0.0065525749519053135,0.015032487939825355,0.010107514787436976,0.02697750579435235,0.04277648738812178,0.0424445137225155,0.04378924924344802,0.04189145214228499,0.023316563920094707,0.02775666237742527,0.04338715359655922,0.030012686134555495,0.04155690544989307,0.023186689242156208,0.06441562158341678,0.04556296353629386,0.04574102306401482,0.0343223003246267,0.0474756513589294,0.019533209577341372,0.05170308214233572,0.03048570596533778,0.020252923746672428,0.03947546114523194,0.022759623244089294,0.009029379114487729,0.04660013386812103,0.031021265626235046,0.03410779988704778,0.03822635949066096,0.04164588076488326,0.012286412311241756,0.04063563136242467,0.03711933425476422,0.04831362488912731,0.035974075142448436,0.043620958460241215,0.04221563273280317,0.05940168985436228,0.06365883954199233,0.046607965329123514,0.038004993537040566,0.04051130617029112,0.039217247290053,0.04194042839442323,0.036032969369739085,0.03502085604194785,0.1068809294211504,0.047485564436522625,0.03175130887373363,0.04444803586696998,0.0453260231852011,0.04766407588750634,0.05876570889187624,0.05194124732261715,0.03776321570072781,0.03669423348469424,0.03467182784565726,0.016333723402846112,0.03313758235357714,0.04646208059823135,0.01602559511349542,0.057336722360042204,0.04005738499166052,0.034677303897968685,0.012726803034858016,0.04875164399578666,0.03862545571790206,0.033732087787253874,0.010133162341614608,0.045052112668353204,0.0020312148509689563,0.012428417920502359,0.022796428722617418,0.03918120610403633,0.014936319888782797,0.032295321034846836,0.032738302069717694,0.044886014634610914,0.02800241945963772,0.04052968786500577,0.05954373167738845,0.04002221419002041,0.018664457434031827,0.07230848859181385,0.07427518067171303,0.01036144422389844,0.01388158315279886,0.027446630441656423,0.07153051616151614,0.034204796300500814,0.037533523569329534,0.06203827542921841,0.04088260015622456,0.049872949250179495,0.054236366019147025,0.04881522103946,0.03363217631132102,0.04983268891474516,0.049440799161313644,0.05872361843646751,0.5067536905362691,0.021007608069664726,0.03819441743131213,0.03572387541932018,0.052395818012194825,0.050043003333132316,0.04904135626451834,0.04254044438467347,0.015279928521431818,0.06558837311380436,0.04155156494762354,0.04201809660869471,0.0565103099714037,0.07247439273677796,0.05546016520444128,0.028148279155903882,0.03648167607307378,0.02895514316846561,0.023678502800781782,0.044721881028193404,0.03556986417413809,0.037860131124208926,0.030629854455981143,0.03467760338079299
11889,0.03419383348318898,0.002045187991006156,0.01591588601134412,0.01791995585053691,0.0028014556842770122,0.020090044655608163,0.02156235709588684,0.02036150418561377,0.005767699093948056,0.024661773630204477,0.016850996616276318,0.013087281814774221,0.008691294026310524,0.010683494326310751,0.00036683397050364517,-0.007480031551510838,0.021103441078069697,0.0027874619066177164,0.20132209706506632,0.003975179836251469,0.021554570937316928,0.03301443905999568,0.001271050803691519,0.01326031373254589,0.034524176639145795,-0.000697774495350254,0.0364920239011752,0.03114000588333733,0.0025582420463356953,0.019498197201909612,0.04121926569230841,0.014703684027930975,0.014682027023278036,0.014254599084987751,0.029259644958324522,0.03514905229963823,0.045389667675025655,0.013325041853334435,0.012016148929981657,0.0003598939785062795,0.06347365102391217,0.001061624283776679,0.0029064446342597855,0.009124528350412562,0.012016187682620057,-0.0025176993872235813,0.13494421253006578,-0.005633759560223519,0.014483909480671233,0.029766507599203417,0.0018370109724557407,0.020598149945325852,0.018569522257227092,0.02715650051499044,-0.013043501214640481,0.0037620564452082745,-0.008265611248438888,0.014599701483215028,0.006894454182983768,0.02611518911524237,0.027109283719477295,0.03956352028576805,0.060364867646048516,-0.0030485933009596856,0.019056812725319186,0.03543923888985829,0.023879020290777007,-0.0021208366170604245,0.020749935823558576,0.01777663104265123,-0.007337441124497769,0.008600857937456857,0.03160706069832282,0.019536598831683807,0.0395985273526238,0.0067527863933129215,0.017109584921965428,0.029908774729872946,0.030565116898252698,-0.0011403549480959118,-0.004985860013458387,0.008304973014061605,-0.0016818178901189787,0.0007011158713895755,0.0622668445820093,0.029437763597111987,-0.0037859384746727533,0.014926717002326784,0.03262028562906838,-0.0024744084634459817,0.058502023656638986,0.19987219458907377,0.00733142441838206,0.07818795794171256,0.06516886410049119,0.05570014608449981,0.004852736270637459,0.03832587978655141,0.009202543313934103,0.04168955802245259,0.026611393249197462,0.05178529832013835,0.021007608069664726,0.9047639086082905,0.05578057913592777,0.04146834563643865,0.014681893542227278,0.014848633748222045,0.01650303959308975,0.010465276406611788,0.014485096891431048,0.019007797479719993,0.00022213208422222996,0.03430124508201736,0.013679273894591447,0.003460951866725824,0.013997064939370127,0.11662441239003779,0.054354334393682674,0.15583013310047814,-0.00240534231452138,0.020908360592802377,-0.0022564191731068973,0.019568952773603612,0.017531045697073103,0.018309989416019346
11929,0.04019927893855001,0.031754791954695154,0.04166907426902129,-0.0031021491922519117,0.04212023837557923,0.03680049861119522,0.06203535272360026,0.04562329622973894,0.014057196208935939,0.050326770290504544,0.033309029377891715,0.03963517957102835,0.03293948251309154,0.04319554431969484,0.0252820532602638,0.03021888078778887,0.054533675876693034,0.023863815766092356,0.06016974988467964,0.029550242312458893,0.0847224755888987,0.03530904301539568,0.04734056570355531,0.03797036156914707,0.0442643919782862,0.07574229078364579,0.015338894380870499,0.040592148357771814,0.021380566259403707,0.041577489427976996,0.05663894777026426,0.05552246359607923,0.02685028016448065,0.024832278093280414,0.03933253105309004,0.050136196270926164,0.030395745182112365,0.04673637722720586,0.022641364745159705,0.04343013117467978,0.06623681438313972,0.02669728503415799,0.04424989939773036,0.0325363633408183,0.02821102112619488,0.038862021317382686,0.055025060593767085,0.07347806761042329,0.03308241927180775,0.060682634413620505,0.044571368136854174,0.04926960394430067,0.09510015522152301,0.013073598471738165,0.02698165176758424,0.03555089712024893,0.005915047984171407,0.030457626340449052,0.01891227516920714,0.003016975810131316,0.026810176915993793,0.03575230278680206,0.019441485148544838,0.034031004284230344,0.025506980400611685,0.013777443347694294,0.023380313352415298,0.021007510657269406,0.026559425352482874,0.03134758760617167,0.013425796334386344,0.04532241310079509,0.010734557930410896,0.014758593225812616,0.035254556044279975,0.0335195947075623,0.010015288349063931,0.05532136381034662,0.03369189265939,0.032036614567983665,0.0137538407893336,0.02349184095128497,0.01995640135719905,0.021348250975882613,0.014040206453458097,0.022787361193319453,0.02812831965729264,0.050282500050167336,0.05895830925335478,0.02200019387586518,0.03524195501942329,0.030779773902028656,0.026607183648896787,0.022191096472260752,0.047862452308693335,0.045305384192018364,0.05830312534911436,0.04359784495354638,0.021576730387594945,0.039210570310123885,0.04822717973612614,0.06229353580593288,0.03819441743131213,0.05578057913592777,0.7521614653054982,0.03186822930275925,0.04304877449477405,0.05668667205342577,0.08795327837927674,0.04536735636023564,0.04861968387013931,0.04146790318749553,0.02743648704912239,0.04611004847248206,0.0514441876829869,0.06292332238153248,0.049149417823038624,0.03191042692490238,0.0518603733274879,0.033760569411764675,0.05693213786197295,0.05267713587418642,0.020669670870004715,0.025636044834426316,0.033508656612843246,0.03879099682230723
11930,0.01837800097130494,0.007616611497848256,0.014946894900000474,0.01277786016606069,0.01822490951876101,0.03914991889556316,0.03474880052767422,0.040946195619797135,0.030655696448208907,0.03101253822057218,0.03080400678592979,0.03616407028700644,0.027971002233237577,0.031094148447160054,0.019376565762528778,0.01581684421995254,0.028464291613732488,0.01929112118297125,0.02624587494815804,0.022668320544618883,0.03121288079641776,0.03749952143228795,0.019649417905975176,0.028565291313601724,0.035930386984931714,0.02423959577804119,0.030664327145980587,0.030692390765675905,0.02053020472737812,0.03361910832046443,0.018878906452037617,0.031392836352351614,0.01641937129552992,0.03185148051815051,0.02597025503143303,0.024428681125563706,0.020652302612385792,0.01367549744815338,0.01641900899606935,0.016813433497764735,0.02463076315882055,0.02860346359045747,0.03706975725624591,0.028905072125671942,0.02695179528628076,0.026365355516728806,0.02582143012970373,0.013989091316114161,0.020171257316081714,0.0318179995030711,0.02490373979037914,0.03282370493353437,0.02527426137860876,0.025923860114497946,0.017866300952629928,0.04284185057951823,0.024892549056224657,0.01046290286375421,0.03181652396300098,0.049259825731802404,0.03013710347729623,0.03301891535768379,0.07782010976969106,0.023177685920281577,0.034047836515090316,0.033328005170297804,0.018446884571126223,0.01781571072553605,0.027457974198562704,0.020346809485253466,0.011425499174252413,0.034353914794698306,0.04100733293116491,0.03849662718301839,0.04496616424237891,0.04285540048495401,0.04712354821800534,0.03487788438008372,0.03644712586210762,0.02717898164925805,0.024747934392307054,0.02897304680530202,0.030312478512325332,0.029613330088061045,0.03497281330169274,0.02545447572375984,0.012966047674391953,0.029574940766600468,0.051131626244969065,0.03160793308501069,0.022735350455393665,0.038276118720931895,0.028576919622379265,0.025086980181874004,0.03252075925640394,0.028610093011854364,0.04723676779232428,0.03895345197863849,0.03739089911696419,0.04649819315205538,0.028935927897855464,0.01801864500268797,0.03572387541932018,0.04146834563643865,0.03186822930275925,0.46159714118052964,0.02396891521229022,0.02434351099683055,0.02740476656151387,0.039391223359585455,0.034943226359496246,0.03580380185516856,0.035467486216730015,0.038645157279295954,0.04337370375782924,0.03405490962606553,0.03967737203467529,0.06779913454503943,0.043547400951377005,0.05849865919815106,0.02851965847759995,0.030212870650305316,0.02949420900036233,0.03807720922216175,0.03356254313459218,0.04507437447889093
11931,0.03619435095080863,0.005937894468034042,0.030544277010572725,0.0154789970227734,0.028335103257425047,0.034391674301754466,0.048616244787382364,0.05644449835619984,0.024308481752514644,0.025236037245111913,0.030715772201733778,0.037552320301890214,0.029684238512204968,0.03618521826144175,0.020841477219277718,0.04378372172456552,0.055326431942864525,0.025259273589376907,0.01708139973524633,0.03194571569432113,0.039404982352141904,0.035533950779554645,0.03349652358185719,0.022928899349133114,0.04183879430743213,0.036260646922480586,0.008040624489037449,0.038251544737036264,0.03728034722403697,0.03204143414686528,0.03378192433553849,0.03911639187010465,0.011848979141371957,0.02779651260869154,0.0268055087378969,0.033757609582036316,0.02299146847483688,0.028578485661308745,0.018812158849139775,0.04080915613573365,0.025205753946110774,0.029687456272536016,0.0432672994843302,0.03448605023465189,0.017761905904451727,0.04042285417245715,0.015361317745991988,0.03367217201921677,0.047100620607336025,0.037917916912240335,0.024270062890870185,0.04367627019504877,0.02636367827973777,0.04409442369438701,0.052720678098493,0.059079288311460004,0.034606042024409145,0.02929735797804037,0.02086801488118614,0.02351228326493533,0.03184532424636233,0.033934970251466814,0.01661721813440967,0.03958743934017858,0.029659126410998993,0.0345315724080165,0.018930587289584983,0.0327700475556835,0.02793114953201423,0.03360436474508577,0.0024202885676486573,0.04097224082580424,0.01611448923846013,0.02766177701844495,0.032844317697664174,0.0441550554691318,0.021758536350493202,0.024838857425463608,0.028422468267429758,0.025007067003861985,0.02221053989257589,0.046142976839568924,0.052287764849022034,0.029534552414052805,0.0006287496207108118,0.045870961686291845,0.0486320214469089,0.0196617030399795,0.03372110837870493,0.04282805972549747,0.04834235892451969,0.017474561531801356,0.03714664033824805,0.02758408801615126,0.030000053246755573,0.042542253298282436,0.06227985728414112,0.04205585354856039,0.03111325026639139,0.04383880984781356,0.02906680170805561,0.03850487552942113,0.052395818012194825,0.014681893542227278,0.04304877449477405,0.02396891521229022,0.5390138272673941,0.029843477745761352,0.06431946000891155,0.040609241788578915,0.012658091900670673,0.04854095814991888,0.0386537741587011,0.03330441183833004,0.056501637424980565,0.04540889484678393,0.049574622994466355,0.0344075389549492,0.028929486031104408,0.01416381284131544,0.02382170492444422,0.06013345331137993,0.037509470891875195,0.03882377884745309,0.044911047740674365,0.041686397809585565
11933,0.010467407607806633,-0.0011949985537763766,0.02679241446561869,-0.004186705438384006,0.03186308668524593,0.04977058834183947,0.04839299822477468,0.017677431964309966,0.023584388076660964,0.013113900964647353,0.01585679119424667,0.02137620601801048,0.017468783904561826,0.025522279417026637,0.024343355847569713,0.03247573081267751,0.028574412596855506,0.0269029987471186,0.0612244797417148,0.03498677451550193,0.04042292448545888,0.03540803186926831,0.012752410479341655,0.014490728433801826,0.029532357506108813,0.048262401100964934,-0.0029409241121216394,0.03871493333398891,0.02061646051589994,0.02552716317211154,0.031583901995777715,0.028194606574969548,0.008790806758872798,0.05561154810262553,0.036160238883803764,0.04336695405569828,0.018024031904435668,0.027379047210091306,0.03304209699773306,0.015571196242280453,0.042477073813823464,0.027810855604309924,0.016997847250887706,0.023206466081414415,0.015406186921399605,0.022767888609143964,0.017237290811949225,0.02998601360185358,0.05004471774671382,0.03253800642197653,0.01506962019410534,0.023452010883587684,0.03917414369094368,0.02451854910092879,0.014909671065421643,0.03156462736507549,0.03173871025188606,0.01885867611585177,0.038503804131852226,0.003508352141913987,0.022857779595602812,0.006065690837125825,-0.002122024527851676,0.046994906029042556,0.006600149093145197,0.007910824764526021,0.00846765489229201,0.028174394256073845,0.02141686511374144,0.02049383237247458,0.022157442570815256,0.018469413761177795,-0.004202550105626073,0.011948457679592359,0.011561193449788227,0.03159845672446606,-0.0017075925177871343,0.028097242479964764,0.02638421251207813,0.03198069577134188,0.00998280825006257,0.011661919316042973,0.06658958050940698,0.02002668613162493,0.0021396870474992865,0.01618521001201837,0.08995432331256903,0.006623893845075142,0.021273820591261847,0.04573975287518243,0.03913201877071236,0.013879976530682651,0.01643922311495132,0.017456191877417492,0.014055725433014409,0.040256496970450834,0.04176871229284983,0.019941562463937447,0.02201561667240242,0.0296496259047672,0.028505244144605524,0.038576364690836376,0.050043003333132316,0.014848633748222045,0.05668667205342577,0.02434351099683055,0.029843477745761352,0.7987144113917837,0.08166187942905759,0.0018377468234656276,0.027048183948344788,0.037894708670264295,0.02526338567899392,0.03137675273805016,0.053177515942231975,0.06377957755465642,0.03154613800693477,0.024227332041470383,0.024834868392552115,0.021447436981525347,0.05109244244587911,0.06170825356728588,0.01413103800908631,0.02562447845741464,0.03298550872066234,0.03577961869337598
11934,0.03907723544407175,-0.004113815940905327,0.04153935386521753,0.021448429961236592,0.045521576409366875,0.03741608736656919,0.06574634415536293,0.05551355204574775,0.05177483896356872,0.024081563205576244,0.024387157991525375,0.03221745394704433,0.025102785216370573,0.035806285288228434,0.016323466231839053,0.03238503876248261,0.04200686385906872,0.035030729540163716,0.040694315255402985,0.04435429794203353,0.059138477429962255,0.05221681043148312,0.02905289767839728,0.029580959511994378,0.040529301861365434,0.08445243543453551,0.0029863794450975547,0.03159226179814112,0.03098958839638304,0.028678670097307568,0.029029874022864752,0.025533251486305617,0.0300635370945808,0.021783681795996702,0.04751883909358392,0.036470592342963876,0.030372330470717405,0.023225809649706664,0.016472939697194575,0.026363839463500113,0.04364964926528545,0.02437515622010437,0.04169905951258614,0.03753250309678684,0.025983430818063473,0.04573840660849757,0.020500211094536536,0.06786112425809973,0.058131800634088,0.09135365755090759,0.04969425007937905,0.03223843648602653,0.06000970410921435,0.02429652743541846,0.0033450378803959262,0.03708024021397645,0.02698047719339642,0.030468524243149185,0.017507849345815278,0.001964802002090469,0.021523123792264103,0.035181215534663544,-0.008329827212287293,0.040472343232257076,0.010562983882592834,0.016246479636236794,0.020593171759621873,0.02472350553974829,0.030163822825133618,0.03636125278718548,0.018745231670745866,0.021177635639835643,0.004209939988120215,0.015251939111000099,0.010995814471831225,0.027462722290701774,0.015529918197719596,0.02310839307784419,0.024818239328594036,0.04292393033189483,0.018949355211838888,0.014921036737328572,0.06438415092488707,0.02144915963334106,-0.005192524418870149,0.04379885044721204,0.06862833471616592,0.016011757621468233,0.01989271428647283,0.032302000146534886,0.060353380357548794,0.036493264186918964,0.04038525455038922,0.05042886284676456,0.06035850380794324,0.050521281563239345,0.08079660757486988,0.05439343537604542,0.014851809390478553,0.05288272126638738,0.006859702654882527,0.058043524809033784,0.04904135626451834,0.01650303959308975,0.08795327837927674,0.02740476656151387,0.06431946000891155,0.08166187942905759,0.8136236896764534,0.023590799319210543,0.020177067579413607,0.07399548048774501,0.03192448957273816,0.04352029687150913,0.10090870562068863,0.07087243923652714,0.06654580693936377,0.025710249271195293,0.03525298482886985,0.012560119911634044,0.03831455841741665,0.08408241762128188,0.024166316314431814,0.04275682132951499,0.0663159807053653,0.049794527749407395
11935,0.020388570690409436,0.009117679142380146,0.006963416033913832,0.014280359312513301,0.03571860427878311,0.04512287322206491,0.03180866728162468,0.05533367363186292,0.03205629721921874,0.02725776170490427,0.027608427660584158,0.045369248519240034,0.033327790771121045,0.03809785960852683,0.02712292704123635,0.02264285906602499,0.0277531502714826,0.029589030402790144,0.013438785138436124,0.030295445764487616,0.02459400078077603,0.03207970923839927,0.028109679563696074,0.030643264732205105,0.03500551209115822,0.01974694374539808,0.014601251484778623,0.03158761447928617,0.021042776904918112,0.02967259819611414,0.041433348667415174,0.033787946465248804,0.017337302561420218,0.027633003621358898,0.02082658305968865,0.03588677319022151,0.027234064165964147,0.03606040762178499,0.012034124781035153,0.03386364870268062,0.01607548100068654,0.04727892531121528,0.03983001957346087,0.03879079139471704,0.027792816838842112,0.042797271232278354,0.02212264693670982,0.017223083784763032,0.031636902601245576,0.04510367042794809,0.03122288923038153,0.04920327691532887,0.039821935852843465,0.037544570553083974,0.03622873196214458,0.049334321614074556,0.03626567476404762,0.0314486064289933,0.053720458646486516,0.03100237471284427,0.025115200548453443,0.036239914069819634,0.015276646219904055,0.021895582712173893,0.0394544492058274,0.0403203179691744,0.02681174457915859,0.02837641307255619,0.03207170661614608,0.030914530514748947,0.016397524893778014,0.03860464079266097,0.018163697919410506,0.035702844161251066,0.052225405958590924,0.05109063454967779,0.04612703698956291,0.04692037021805309,0.03740666417731648,0.034207815471186724,0.04185415653305846,0.044528261917852974,0.03443569582276611,0.03545196876437196,0.014594852427511101,0.046708091862970334,0.021253662542005374,0.0228720072054251,0.06555267049369652,0.027641861930963085,0.03559189605704252,0.02222739052231964,0.04731553603501545,0.038258523659306896,0.03666481425178686,0.04755800821862059,0.04896769325516911,0.03938834548634642,0.03571505780104842,0.04464469711987712,0.03127384765293951,0.0357242292520138,0.04254044438467347,0.010465276406611788,0.04536735636023564,0.039391223359585455,0.040609241788578915,0.0018377468234656276,0.023590799319210543,0.36905280954722475,0.02622051590478051,0.050383349906389395,0.04742609197425723,0.038011946928941553,0.03902068555140307,0.04549827417903232,0.044661020185568716,0.02958794261289306,0.0351154570609917,0.016532737890037057,0.030387749474320526,0.03198664541173851,0.03391946389132454,0.042808052343084865,0.042175088321886205,0.03961583900686577
11936,0.0036049402039159666,0.03510155168462643,0.0077179274465891375,-0.010907821658925912,-0.0026473069603936247,0.03202572783167321,0.030673380126893794,0.017080569426636695,0.0036586225923201385,0.035247622375586325,0.031083868286522928,0.01869231080670177,0.03148032089162212,0.03163757206452197,0.020263426759531075,0.014444990594298384,0.01482639575645647,0.006267643926445722,-0.002800584477228596,0.018302256815333873,0.09074897531312415,0.004550873822192241,0.06426433354807454,0.06615954641650575,0.013960447074421371,0.10578878723708227,0.05673609831478701,0.012443583376641514,-0.001654735014319041,0.0360296316540167,0.027170559850875797,0.03963221674518408,0.015185071785177391,0.017022648379411604,0.003620527239882217,0.005482271020749151,0.013289431625816557,0.030625045302640264,0.015620342784452533,0.03942662740595635,0.026663054889192524,0.013137949558959179,0.02300241371653314,0.014309696720867564,0.031181164320446566,0.026935138526704615,0.011096000385713255,-0.005909949450465978,0.00204242706217109,0.008472439737933303,0.056593049120781704,0.03309985051094084,0.011992533254226388,-0.000585828262961977,0.02085473822606819,0.013197414914548258,-0.006331738608229032,0.014997018088577587,0.06293989351156862,0.05440796282692176,0.017854800352137132,0.03443719659584003,0.03161202273595994,0.0010369055706543715,0.04756225763285212,0.020081194185273595,0.022317658030021007,0.013567632691565697,0.02458574365899983,0.023018891877458366,0.027919557870555833,0.023231540463302683,0.03884181726176297,0.04190221102801789,0.049016911699290115,0.030314717438210993,0.07332988895528603,0.05781103218810284,0.02988012680615517,0.027540281357907606,0.029140800328080835,0.013511466872179143,0.013192787874199233,0.04937927943830283,0.06921948892323286,0.0031562211217537306,0.006931009179531679,0.04300044764077353,0.08091657513193289,0.02511480746206287,-9.671120371857509e-05,0.0211146113559918,0.019825241411605344,0.012459992805012069,0.016937765357845528,0.005286260528443154,0.01195133808607292,0.013580436688304763,0.021043606680582545,0.019739624608589898,0.044336317686278076,0.004413194626624829,0.015279928521431818,0.014485096891431048,0.04861968387013931,0.034943226359496246,0.012658091900670673,0.027048183948344788,0.020177067579413607,0.02622051590478051,0.6344433891340064,0.005224463433538643,0.028947915350573825,0.044682342733059405,9.38361828573008e-05,0.020940295726876935,0.026551547572934153,0.019765832558546807,0.027820714332194796,0.028616049207363367,0.08539278206147322,0.002563706600667697,0.01913598043406335,0.024260773237498347,0.024434068495474928,0.03861141625264068
11970,0.03967286987606226,0.0006618301346789607,0.005194113242874018,0.02007473443804049,0.04901045692741081,0.03649700303136278,0.04969449651377565,0.042155813760131264,0.04002814693458136,0.024336574341491102,0.027528798706037777,0.057377957724016146,0.02795983019030108,0.04207256817454827,0.020170860204798254,0.053753882556168926,0.0546541271888677,0.04225547420358437,0.026660929330570186,0.03872067070360727,0.006960518681686814,0.0357575100894238,0.02087731705130112,0.026886419319283626,0.06796842280937923,0.019293099593440288,0.006922522333510187,0.037349744433766374,0.058239356218952106,0.03903927386586343,0.047906494273451214,0.04077878022360644,0.015540122097719716,0.04829470395607116,0.06007467222166578,0.04339823209401491,0.036290332717868225,0.01492180531105231,0.0331624775428053,0.04417690489560212,0.039330798508956044,0.04088000993599785,0.040690394123079926,0.04214184737512862,0.05232735054756511,0.03814799759699536,0.02680563450102366,0.06069338049150229,0.05901256483682508,0.07363747789865603,0.032422616718634396,0.03376155415465146,0.07039322933042112,0.05883207609777846,0.05367721652350026,0.06028233239020336,0.08127651812082973,0.048776368200777936,0.03584173955916208,0.02056776027614933,0.0264460108818641,0.02663029649226992,0.012896318325033844,0.04425393337425596,0.02565378498374858,0.02951383078655571,0.01562562528817284,0.04940423330749398,0.03261386212654801,0.03181998991149762,0.010409102802079805,0.05457095500258619,-0.0055015561732824165,0.015271335773161903,0.015554882036930699,0.03769548252167915,0.016272758125801437,0.024810043099214987,0.0255361437227469,0.04222050571477006,0.03820189476301448,0.05194079430803358,0.05524334329947169,0.02705368397762605,-0.005500715666573737,0.07210509330832002,0.052292030910292955,0.010872261061145454,0.01712868241022892,0.025456972428702606,0.06592887143679882,0.021394531212522258,0.03723487278081969,0.03629721313390311,0.03595539864448406,0.05464914305029401,0.08441097986491508,0.04999462790483951,0.03179636042305208,0.04810869909221692,0.037442045381045626,0.06753356739903972,0.06558837311380436,0.019007797479719993,0.04146790318749553,0.03580380185516856,0.04854095814991888,0.037894708670264295,0.07399548048774501,0.050383349906389395,0.005224463433538643,0.6650898405842655,0.03828698360947407,0.03921477731433739,0.06109110063868507,0.08219070276174655,0.04854016559005352,0.029540612995291052,0.03250815940649558,0.007849746239892475,0.017073269190447733,0.06278899223647197,0.03804063470280929,0.039592091847325886,0.056214966533957716,0.055251926846685846
11971,0.033731273462310196,-0.008317902027364547,0.005549123204581935,0.005865541178196563,0.0389247253018058,0.03742600190690539,0.025257474135391547,0.05367980383609477,0.0436087360758436,0.019446642337828623,0.022017971755362027,0.06219276098575637,0.022469777331975423,0.03976014829447218,0.026806407465349836,0.022682498116051632,0.03408341431818693,0.03455952452702747,-0.0035994301949812874,0.025756186205639204,0.03201247480656842,0.03351411527556692,0.020323182318080963,0.0230695912146375,0.02750954585177416,0.048950232066694715,0.018006342392464514,0.030912934793279393,0.038036034864690454,0.034037333005162186,0.04626180035278615,0.022325103959278364,0.0007914166136585594,0.011295563754809827,0.025171303678007604,0.01767880732708752,0.01118013648118419,0.020226234394608536,0.018468384591963958,0.02580948245537487,0.01657523132814707,0.050676137669014784,0.03757725830343445,0.045238799864199555,0.01803256337739943,0.03747547704473681,0.01311138477825251,0.029808361304575023,0.02965790161280474,0.023081128865788777,0.02484972245687708,0.0345639044273865,0.0167319119455079,0.02157606890401644,0.05649205761233671,0.08248085207933258,0.0748108333401632,0.016107396908136833,0.026728552521416375,0.026071629797686378,0.024214070916196925,0.02493365914459896,0.012399956178510977,0.06180028685931224,0.042372181469721326,0.016617754477175634,0.01924758002555088,0.024253363789319075,0.027360365956022224,0.023069891141105255,0.00167541948346413,0.04373504833115167,0.00446599401417353,0.017790826723443204,0.02051106442332684,0.037280237505994726,0.016527123072510832,0.025134867948410727,0.03078856352523649,0.034800475989061816,0.02908592977085566,0.04013859118329704,0.07649758827394786,0.03669190126965062,0.011564731342436081,0.02498054393843995,0.03941772787922307,0.009627074296427689,0.013939948633273315,0.025423292268038154,0.017491235646575738,0.012453820444767325,0.06632056696840077,0.02828445759787449,0.026200776355259917,0.042567268444056255,0.05319964339196006,0.029617358052990768,0.04862983824581849,0.025076012514215058,0.019739400373144922,0.02393837696216377,0.04155156494762354,0.00022213208422222996,0.02743648704912239,0.035467486216730015,0.0386537741587011,0.02526338567899392,0.03192448957273816,0.04742609197425723,0.028947915350573825,0.03828698360947407,0.6404874999507909,0.03664517456013176,0.06220221357823802,0.03665052081767439,0.030020969883638872,0.03410095811586723,0.026968737533749662,0.0013417519968042628,0.023205887707820925,0.035418579989016236,0.05194781612875635,0.03697421395564652,0.047871183278529746,0.04571964105588153
11973,0.016453741524538882,0.015704195045501294,0.018757946478995265,0.006346553186287233,0.008873368755717927,0.03649049520377698,0.04208540982271722,0.051814289978317316,0.030021834239999427,0.03197262153932859,0.03435242448123849,0.029828791608697457,0.02933448321556744,0.034008190667726756,0.021137602130211208,0.016893302326183343,0.033935452081382225,0.022752681347047117,0.02000677014249918,0.029562588299954753,0.03715780437093022,0.03598591513710181,0.030054024514135153,0.03371848902863585,0.02800117733390559,0.0453980514909669,0.021672369014526165,0.02752804835858072,0.026407213252780063,0.03520578043233446,0.03186121172499394,0.029266938884059686,0.021765408543948032,0.02703731980403548,0.027646421246051926,0.03046029203585926,0.026106074387751192,0.02437679073435031,0.019350047067954547,0.03540386653407666,0.032680692482881246,0.0298654660446724,0.03354062762417235,0.029002908881352176,0.0350626317651424,0.03209333393612853,0.02293130265786663,0.022203523796872217,0.025417837467230555,0.04183053558422271,0.04040896300151989,0.0409848016504356,0.04563853971968858,0.027024510354533265,0.026815342725306817,0.027955395637598586,0.019854754867017238,0.033615897814739115,0.029393100651301046,0.03306240029266531,0.023307347673892902,0.03407582117384128,0.025347201402421103,0.03473914293240732,0.023319514935983377,0.023199853190925504,0.0276106593376327,0.028176645018913867,0.027095637962340678,0.033391455827385286,0.017672682422691516,0.0325328597492138,0.01880184675471921,0.025256858369232395,0.035635660627090546,0.034740312862392424,0.03920438296533142,0.03678231819789797,0.030310142180060482,0.03954340404292155,0.022340529960217452,0.028068984245662443,0.03810128497475163,0.035175193976422305,0.028730592030915166,0.032160255406439686,0.01299802599759161,0.026397419042392,0.043934325920482756,0.01518401690253821,0.0378788903524086,0.03447024558769268,0.03428709509731035,0.03303567085378371,0.03658541385610072,0.03589181299349637,0.04442354893134169,0.037760736049117595,0.01935921958473157,0.03756307071428137,0.035539023797056646,0.03424045751458226,0.04201809660869471,0.03430124508201736,0.04611004847248206,0.038645157279295954,0.03330441183833004,0.03137675273805016,0.04352029687150913,0.038011946928941553,0.044682342733059405,0.03921477731433739,0.03664517456013176,0.3333210846128384,0.027683827468187736,0.043098456220399706,0.04735855350642415,0.03632238810908147,0.03417864669061433,0.026870840937734917,0.039734327781453326,0.02673347222608695,0.025694661146858026,0.0389199051602309,0.038663044109136485,0.04929771859397026
12246,0.04265572282068744,-0.006095723965047802,0.005831521169924999,0.0037090375260400337,0.039280964145561426,0.03460953596928796,0.053412179993885485,0.04237044647818958,0.06892822331461002,0.014051321465808436,0.024016098380431946,0.04625593333055771,0.03476837376285316,0.047534387578272136,0.028867180296352574,0.03321873644211658,0.043937138747874444,0.03743202949804124,0.056388909180750985,0.059384536266733214,0.0329593501574509,0.1209261715568413,0.01886579177674835,0.0208813872037402,0.03862422018440637,0.03398219470201734,-0.004007755643797382,0.05126501377661225,0.03533113836047882,0.02240726551226223,0.030656408877053423,0.027685233688285186,0.014461728308955223,0.059996718042400365,0.06796612275369233,0.01689960576060576,0.015348013781318986,0.015119182750949159,0.02651150508235229,0.016304508871860347,0.024825315951949995,0.046876897309280144,0.03291954434472096,0.04024022710000219,0.028173159020635705,0.05265929912154043,0.024097058310154414,0.03551584227241363,0.1144105342029564,0.04146353840449633,0.030423403656018463,0.03702196759195024,0.01173137388865246,0.011528797435595334,0.0467012512593254,0.08511695691837108,0.02313771870222775,0.0026899067022637534,0.026017073455539268,-0.005468128497018335,0.04250669072431371,0.014608659297485277,-0.004511237683781238,0.07166429691009459,0.018398847855875203,-0.00040558205630284957,-0.004324713360540476,0.011862886408022568,0.017279521966792624,0.030761823644032914,0.03450127349643179,0.026291394328397884,-0.00016343081823585667,0.004070998895808774,0.006568186573631467,0.03502581735122337,-0.0006553634352981046,0.020035155157923167,0.024013914392536414,0.05129650517076108,0.0060852435228007,0.01356091120342932,0.11128713192670972,0.027127832015722653,-0.003759617717072721,0.011483255466628223,0.0741269742311823,0.014036293059459436,0.00887181550519248,0.04900573999036452,0.01556401991461343,0.014917484100146726,0.03964003229012789,0.035981740499180424,0.010019180911785623,0.043553190508173384,0.07199325802058479,0.0755586840827862,0.04730395830527898,0.04349100663306146,0.018113730201411223,0.032866843491246266,0.0565103099714037,0.013679273894591447,0.0514441876829869,0.04337370375782924,0.056501637424980565,0.053177515942231975,0.10090870562068863,0.03902068555140307,9.38361828573008e-05,0.06109110063868507,0.06220221357823802,0.027683827468187736,0.7304730419008509,0.07833248417227327,0.06294562193736472,0.030596064609646374,0.07523208232969783,0.03691358128190182,0.018612207171722336,0.10962260061575822,0.06803278083599035,0.0364332952763648,0.0633377308442722,0.05227437092706592
12267,0.024015575244874847,0.010825982375703404,0.009744727737554575,0.01114551448902038,0.02944919681009882,0.051704213810097856,0.05014731378979124,0.03900944862034654,0.04009675102490646,0.03672854423116042,0.03629641669356394,0.044853311884998345,0.040749180891014286,0.04276321789177201,0.03097581779045955,0.043538384838214615,0.054114929193228516,0.04229337480645673,0.031538484623786306,0.03551606657744912,0.03775763150692899,0.052223809946040124,0.029016537913270878,0.032172141329195054,0.05178919681714708,0.03497588223395089,0.0028499682013729587,0.044846364591323795,0.03195093072121394,0.0368688193073749,0.04542622586060279,0.04306899781668692,0.02185508540077907,0.04185141260765303,0.037813726181554215,0.03754609708852734,0.032741429369723136,0.0321670892894472,0.039139340522491864,0.07708377297022657,0.045857072915988166,0.04983807863703768,0.04316282779256454,0.03715640241576506,0.030389165838639265,0.0356696100903549,0.02071861730547963,0.05401735450526582,0.07449034824338004,0.0562350394129887,0.041339746982987466,0.043931808711705295,0.03917715922974441,0.03632930467910836,0.051883321059485454,0.049289587900922645,0.053255374444743694,0.019626909467890686,0.04496492292279637,0.018431218475409513,0.035255705621990596,0.02847178733621463,0.00721404676727917,0.0605792087281611,0.029178052602047092,0.027277166592222537,0.011209129668788394,0.038594969911037946,0.036422793250624766,0.037394669415441846,0.028226557444970733,0.05547673270787671,-0.003915875427916542,0.012083582581749496,0.01602325990786922,0.0335714133405351,0.016799307524681457,0.032016944379963365,0.038985121073494645,0.04691454982933681,0.035691554402651496,0.03477732710760859,0.0598275984090539,0.03348167280892935,0.011556621987365625,0.07704765341681151,0.07215669383124577,0.009998843701102995,0.018120711629702038,0.04857633068944261,0.04166191452257158,0.016860316876576895,0.05127047670639157,0.03416404456388237,0.026649439222276382,0.031513401443746085,0.07953541470288683,0.045701888205159184,0.02803665447074385,0.04688085547630677,0.050954055705992395,0.04057351315214861,0.07247439273677796,0.003460951866725824,0.06292332238153248,0.03405490962606553,0.04540889484678393,0.06377957755465642,0.07087243923652714,0.04549827417903232,0.020940295726876935,0.08219070276174655,0.03665052081767439,0.043098456220399706,0.07833248417227327,0.47680831076846975,0.05342272247168004,0.030722999724944234,0.042066485897393695,0.023835462259523047,0.04064104967008187,0.0633335353063857,0.040492138505547504,0.04253037465279148,0.045066312047453594,0.0468578912622588
12284,0.03440408288562079,0.017421239340093663,0.030194412095277394,0.011974030447286415,0.04141583346021666,0.04560861016422409,0.04696966493994462,0.04923679297061949,0.02736388862477435,0.02622376552463401,0.031203290402605822,0.036208786134488545,0.02759383724804175,0.04556059055906083,0.023739095790430095,0.04959441048434469,0.0436838417644557,0.019321979930743114,0.037761459075351285,0.03791358463808291,0.037419960552233164,0.041959837081953444,0.046092530171762444,0.029670984744470497,0.035248158439353,0.04040970409036307,0.018285177192338572,0.03131064971607701,0.04327217803389864,0.030767609421952793,0.04053382931547851,0.034720148218572056,0.027797304640035103,0.03517790009031409,0.03560341760878432,0.04635926511035752,0.021628614367742344,0.030269953214803302,0.027265261218646447,0.05040127143979018,0.02848569653648389,0.03612967413933978,0.046169335882224924,0.03775988681185128,0.03412069675875148,0.04666143776393215,0.020411837710639757,0.03106832445813959,0.05558748869147468,0.048486976649989855,0.04245576417694883,0.04677227936191263,0.029840493075134214,0.030716308499248526,0.04634435235612292,0.04736818156855952,0.0221529773114043,0.028649615897899453,0.03132043478874653,0.026263879216715493,0.0247243672091816,0.0349164483838394,0.01300092572985966,0.042853399560799754,0.035129570653840245,0.022873831486603744,0.012054727687212127,0.03472057122289863,0.03087896755070207,0.0370118117799447,0.01861592701058348,0.04073441547615112,0.016695573648151052,0.03373794331071325,0.03237206205318941,0.04738047605862897,0.041067439522776486,0.03943770195313609,0.03780420010119849,0.05615644960060435,0.04175053284476869,0.03496695172947854,0.04696839272999513,0.03130414013609482,0.008176539435902672,0.035609639076997296,0.03956261816334939,0.03352762580785945,0.046479477968694,0.043872553727770665,0.033625204743012366,0.021534441221199515,0.043126166631713196,0.027835529289948167,0.02664943664881455,0.03384164878862004,0.052956194823486166,0.045167744427892,0.02897911691791394,0.050632576543470656,0.03182520278033004,0.03352352204412022,0.05546016520444128,0.013997064939370127,0.049149417823038624,0.03967737203467529,0.049574622994466355,0.03154613800693477,0.06654580693936377,0.044661020185568716,0.026551547572934153,0.04854016559005352,0.030020969883638872,0.04735855350642415,0.06294562193736472,0.05342272247168004,0.3295488631763112,0.038463286528518305,0.051803790959831474,0.030997232975138313,0.04473328628676862,0.04358741705919769,0.04578955881332513,0.043651810176614576,0.04248790586333549,0.04328989896776788
12286,0.026062502957961677,0.02171338869617476,0.012019850952602412,0.014613249034207293,0.03024033684243343,0.026856521024267197,0.032678792900573884,0.03904333818115389,0.019647853758787668,0.035191228732314755,0.0206494115534284,0.04444546831076614,0.022500178101940764,0.03303191883903731,0.017377151802618528,0.008659803713418643,0.02495200997247604,0.010853228606852327,0.09551347373716072,0.014879437742217966,0.01607021742887489,0.034151781397438984,0.01982589174296809,0.03313089204683585,0.02989834249343282,0.018598814784011538,0.027397596404790888,0.03506684073990367,0.013831988167743874,0.027864731511039853,0.033686510421428326,0.02468873582679808,0.010979079102670925,0.014463686764390967,0.02693740322989484,0.03604647163341604,0.03515696370938818,0.020571879256902133,0.021449803840339884,0.006227332966157409,0.04339069057752157,0.020591752184633376,0.02895197799887695,0.030041159965655467,0.020985318109321895,0.025694664306610455,0.03526628976387452,0.013432422520676147,0.03588714644933385,0.01854287459484582,0.018070083790030653,0.023414485327028185,0.016429813341037023,0.027282201190592437,0.015103074908062418,0.030553044343127833,0.01825516321225032,0.015049069059285271,0.02568462853337178,0.04283579617712629,0.030383588879716462,0.045229518420532654,0.08523672548771298,0.03736328166624185,0.037811870700949386,0.05383994117610516,0.016445807251830345,0.04600205274920627,0.037398643113057066,0.02248282067344564,0.0029884970697227984,0.028738804235163368,0.0353671583418525,0.038795568558126936,0.03433393916599586,0.026274191342455754,0.03996549808795529,0.023366237219469895,0.034139469353985145,0.01539771727617159,0.012422886018869475,0.03445234919101525,0.014712926802159543,0.018015556565291933,0.06937808383299433,0.038843862228813766,0.04391616256439542,0.0276629057483198,0.048584137721612936,0.01711973062908182,0.04685964316898903,0.08145001900112915,0.019372496229886446,0.049439017809567866,0.027556999909200783,0.029875824453273022,0.034128899431954345,0.04254289184546022,0.02681878648745715,0.04257703541107443,0.03644766651164913,0.034649710957758574,0.028148279155903882,0.11662441239003779,0.03191042692490238,0.06779913454503943,0.0344075389549492,0.024227332041470383,0.025710249271195293,0.02958794261289306,0.019765832558546807,0.029540612995291052,0.03410095811586723,0.03632238810908147,0.030596064609646374,0.030722999724944234,0.038463286528518305,0.6690327549963723,0.0673864286488956,0.12084125825318788,0.021265838146309692,0.06083981390014089,0.02345483002442478,0.03214806544781333,0.034786065926742965,0.030606980203983118
12290,0.02428092141953949,0.01820133314373453,0.01051108914324524,0.00470655965405547,0.0425077206234055,0.03709745889853185,0.03522862577116889,0.03817115979472287,0.036734962297539205,0.030741964993794915,0.031465416959757804,0.03496038401218011,0.032538180465069816,0.03835696571896455,0.01615913408132414,0.033676646204379046,0.027939202489622495,0.03182604335421475,0.11100105908182695,0.030144161042487662,0.023849190053825863,0.08439420621491325,0.0258328344266939,0.03920322709604137,0.04612009204797347,0.038563201461326704,0.012050303486193598,0.04321476529401887,0.01863739898350399,0.027619660884025253,0.03853019809191315,0.025668897378949635,0.01328410393713783,0.05417061321004266,0.03728559432927705,0.04394469203612164,0.029160114108142697,0.024927563082031364,0.030202059360331733,0.02251806106325904,0.04022513430364593,0.034920509997205765,0.025181794689303587,0.029442374729069756,0.03661475507156989,0.03767505423838575,0.03142124935948814,0.008014964510875643,0.04509694276349729,0.0209658733813468,0.018511486449667484,0.04411589647266573,0.03931622997995432,0.02790883356123257,0.022224574648446366,0.03488073196852788,0.02119298592895403,0.019230678293450026,0.0315640362703972,0.02598578431789747,0.04422678741514669,0.031113878740706258,0.029729275605279697,0.02096516508138058,0.035566094365500234,0.021701517143884498,0.014086094019636989,0.01766588310105252,0.027751912931087544,0.026342519313067542,0.0057486484056277504,0.04123068344141927,0.020212507205777445,0.01415701272568429,0.025351577348065278,0.03706892063466712,0.014688180864545455,0.03570541288716937,0.03380353288101443,0.030781343565296687,0.016141653202952112,0.02286327427731611,0.04142518879152958,0.025047911834727203,0.027151845511667137,0.03224214687766218,0.03664656467401381,0.01914780291109632,0.03225787879038581,0.029421825078344857,0.029327590145501264,0.0649764688029325,0.02578607938732428,0.036499106633614734,0.03212870270442847,0.03599142153444379,0.049474756611136435,0.05379588910104687,0.02729081042660342,0.04814679718895574,0.024918777410578238,0.03916246109237712,0.03648167607307378,0.054354334393682674,0.0518603733274879,0.043547400951377005,0.028929486031104408,0.024834868392552115,0.03525298482886985,0.0351154570609917,0.027820714332194796,0.03250815940649558,0.026968737533749662,0.03417864669061433,0.07523208232969783,0.042066485897393695,0.051803790959831474,0.0673864286488956,0.3946942234031815,0.0660115006429982,0.044413900221348994,0.05296325891675462,0.0365814025533221,0.017332146980313573,0.03355374564578886,0.03445808657659627
12316,0.008234013809330008,0.01364158424503889,0.016620262911009123,-0.003972057078537213,0.011708111268347858,0.012613184570906667,0.0137907652269805,0.012812994732216927,0.0060291480287792,0.023341166199679634,0.014771210818174646,0.007853018600506816,0.01948330407478134,0.020778391651570218,0.005439905528088481,0.009645660823937021,0.0019050751900431795,-0.004241314088523887,0.15170592492266263,0.015225055217780952,0.012082032994554862,0.04319137606962814,0.023780867502769996,0.026311148590905508,0.023367453270094266,0.001919177016720998,0.04402036178674086,0.01880667718686139,-7.386210799404921e-05,0.013982239914628632,0.03200289233663224,0.02559815018601614,0.004812344665940943,0.028305087827268507,0.011959317975089853,0.008295119009614446,0.013825568480355472,0.005007858646316983,0.01886776812226039,0.016621406945819338,0.06155096817524894,0.007138661687625741,0.005641752733852752,0.012546283877568603,0.021207730817272435,0.009408710329146877,0.051412036498135076,-0.00015010901926309386,0.012901759442227927,0.014151291862042517,0.0262477574684796,0.020312791213577423,0.006931964124748067,-0.0021512893254805265,0.004125331533170189,0.010441991088004123,-0.008747094489685105,0.0045358184092673315,-0.001557240271720929,0.02469112487315943,0.0404317656134395,0.02531273233984056,0.07618489263080302,-0.005613967961174889,0.0344829751838161,0.014056095413874611,0.011974061139603975,-0.0010463987129856354,0.010521633243321477,0.007047232230705384,0.011328408180816051,-0.004921896427820968,0.039625874600452374,0.04050285269832281,0.015109463827618134,0.009936367931225007,0.021490334311999242,0.017927955928091596,0.02429559962127168,-0.0005726936186265756,0.008512727314836658,0.00018186115765439376,-0.0006076445892580091,0.009373640804302336,0.07935847526123777,-0.01014868759954951,0.003151458845027282,0.04735056091486624,0.021651216283427917,-0.002641322072775162,0.0038398119296562494,0.07914716263252262,-0.01011498846462643,0.025884852306765675,0.020432740898133742,0.0005480417555966594,0.006527826607178735,0.020943684608622948,0.004040071019686366,0.025322608177145232,0.02903002394947192,0.020595657346155982,0.02895514316846561,0.15583013310047814,0.033760569411764675,0.05849865919815106,0.01416381284131544,0.021447436981525347,0.012560119911634044,0.016532737890037057,0.028616049207363367,0.007849746239892475,0.0013417519968042628,0.026870840937734917,0.03691358128190182,0.023835462259523047,0.030997232975138313,0.12084125825318788,0.0660115006429982,0.8889535341073603,0.01293029576452452,0.021723525253140228,0.009302993667759355,0.01646340471580263,0.016631263176504218,0.023071480736205106
12346,0.010522755089244685,0.08908779693993901,0.006271510034031116,0.006547774693882226,0.019371421424426088,0.02929571315608985,0.04676230659868744,0.02940965663487959,-0.0013295580459082362,0.03427552278540805,0.038228876050261415,0.01809735817263621,0.03149403847803452,0.038487162120720106,0.029775950529454417,0.015597373516132024,0.024956757793062168,0.01205641079606935,0.0043873644538175985,0.01560267024535329,0.11631134964154419,0.02489839789548165,0.04897111345761308,0.05572725355287764,0.011630997900082969,0.08861029428875539,0.020907035506533677,0.02317776327217126,0.008574590443757224,0.039584523311889316,0.028531544691249973,0.02117779995547125,-0.0029345450162755245,0.02597007071363169,0.013001352748033757,0.039730403035704916,0.020748041580723086,0.048290063915555355,0.027092847028646217,0.022668142110560265,0.03366115753797895,0.023918278887746596,0.021132388073522544,0.023156127153591968,0.032349837343905646,0.024710839044335436,0.011593769254113217,0.003668154370001113,0.024008405550797165,0.03600613866364304,0.05304846051576327,0.03943682715414937,0.06005253561409746,0.0159275623441309,0.012017362136288134,0.02056691469345468,0.0023369650889713345,0.03278160208633231,0.023265069160415115,0.03527186008432074,0.031111861493963115,0.02991488166689925,0.007300441913673559,0.012745855240349711,0.029059822191415324,0.017323740141835322,0.03613022900947836,0.0194746303058657,0.025187290895690283,0.0245631225034283,0.014981617492501972,0.021626978073424518,0.0240920194926438,0.046562511920990264,0.03595057754554983,0.021488748531045546,0.03201287197599555,0.04754242745586369,0.015920492332854395,0.03314831234197604,0.01835606769752317,0.015343538448839058,0.025490086834840164,0.038699645642636074,0.023152948632362648,0.018831903491859103,0.005074472050529867,0.03011563196334125,0.06991196632655645,0.02062753763708509,0.01568306953034757,0.0170597424541123,0.017617180421257008,0.02118046659296621,0.015536530689248257,0.016184982504966607,0.026880443937165658,0.019317411696208472,0.026338055481298042,0.021758256760048243,0.061991930431119065,0.011491326735412465,0.023678502800781782,-0.00240534231452138,0.05693213786197295,0.02851965847759995,0.02382170492444422,0.05109244244587911,0.03831455841741665,0.030387749474320526,0.08539278206147322,0.017073269190447733,0.023205887707820925,0.039734327781453326,0.018612207171722336,0.04064104967008187,0.04473328628676862,0.021265838146309692,0.044413900221348994,0.01293029576452452,0.6414827877189478,0.021349216055180257,0.017214737417959314,0.03285449947539031,0.03223954961128191,0.043050966200289
12372,0.06147788531938673,0.006152517407318995,0.008420684666358175,0.019864185151187336,0.036550777323009126,0.03161554124585307,0.051817284396726414,0.07359383048393157,0.04710971015784141,0.03265996302205106,0.022294795822679788,0.060684913242669725,0.03130053648387947,0.04167820129349825,0.030724070429718683,0.04172308285470126,0.05555745761964897,0.04227995520087403,0.04233547410383561,0.02293400137180423,0.02874178491293004,0.0396008496601704,0.02273110081196688,0.028793497271173522,0.053546605162883766,0.033843434693398435,0.006719653971468818,0.044016030408512964,0.05366730286043071,0.029724343380181584,0.049923896927576816,0.031787706119616704,0.014043269268222023,0.02566550628690058,0.04338856874063701,0.034821094909564705,0.025982726153831955,0.03915095833593325,0.041955691782725145,0.032696161880132704,0.05609802957616376,0.03774451183273814,0.039807515933971395,0.04094365572485964,0.019487534570256027,0.05805369280541705,0.022906825888514223,0.187006300743378,0.06895420339695887,0.0467410616257423,0.03471921420828147,0.034534373343500895,0.048819956383961784,0.03646137426476527,0.0317179183466343,0.04118371170017941,0.0553899866577374,0.008079508572236408,0.032154376482488894,0.003636592264625823,0.0288125065197106,0.01660757046256928,-0.0023723812016642576,0.010701175458400129,0.02474871547182014,0.021754977233066405,-0.000186820600027438,0.030725276108939426,0.0181591335479222,0.029389436685615656,0.02170123989866018,0.0359839793093421,0.0005376001217374743,0.014589164213321137,0.0011773266840867486,0.026206626535053644,0.000679168296467254,0.020743591579255684,0.02083539226560483,0.041187910888386234,0.019437328992400197,0.05072160769441373,0.0453729505763691,0.015486295254881526,0.002602147399399857,0.030683578394959183,0.0604396926191684,0.02328841532263392,0.0013812619709573707,0.03538689971755185,0.016932282216254563,0.011507768750485953,0.009503205256060607,0.018804127977891168,0.00642663755535555,0.04212455334925246,0.0379793121180844,0.04804002026145567,0.021847261307483608,0.04360037688246811,0.022140761156181053,0.0644931922363388,0.044721881028193404,0.020908360592802377,0.05267713587418642,0.030212870650305316,0.06013345331137993,0.06170825356728588,0.08408241762128188,0.03198664541173851,0.002563706600667697,0.06278899223647197,0.035418579989016236,0.02673347222608695,0.10962260061575822,0.0633335353063857,0.04358741705919769,0.06083981390014089,0.05296325891675462,0.021723525253140228,0.021349216055180257,0.9895623477899202,0.03816749094676014,0.03413301683780307,0.03625409564129055,0.03356517469875722
12562,0.019400992108576695,-0.0024886692806632225,0.004761296617991869,0.008886525125721113,0.03237343451728627,0.031063098153613806,0.02828979524248778,0.03425074570479195,0.02840678877556247,0.01819383879298926,0.024683394990655364,0.033814048844150145,0.028753753034869614,0.03459993074172841,0.024952955833831895,0.03535360642010195,0.038560136166322576,0.023671809099415155,0.011710466006624825,0.02749511990269932,0.02613929460660667,0.03770242641071619,0.022969663832957253,0.029962478755431548,0.020203186567063568,0.027453391986501,0.015554800926469879,0.032400810709043874,0.03052219976724097,0.02915936374198559,0.034311731199445895,0.014214660352971835,0.007647361106031411,0.013686111352688058,0.013405254941309543,0.016851886300196742,0.023559879035550672,0.019436737240266292,0.017569742695944194,0.027053501668189334,0.01938311091010162,0.033379066044793904,0.027814862274136445,0.02763616999201826,0.01987887208468519,0.04041650795778022,0.015476128363299582,0.026009667926806618,0.022918892700101095,0.025226472210254758,0.02354547640638266,0.041208092643240324,0.02177638645331613,0.016259470696362875,0.045399019784527914,0.06258054189764573,0.020213374641820797,0.00923190785137228,0.029321898291129033,0.01667672316146077,0.030668575722867464,0.022815378788857667,0.01738219108517388,0.033470673443692533,0.032397341827098684,0.016469968665431774,0.010625004369992119,0.031785879974120634,0.032391441144145515,0.03619204864543409,0.008866795845391873,0.03582306317696569,0.01714993000400016,0.015456350832052688,0.019963083821655795,0.03226219520380035,0.010395084780386725,0.022395309977637053,0.02389893159203252,0.03508334304110421,0.019344473363425867,0.035948785229174045,0.03746478551987425,0.03119532454345178,0.009193602781312482,0.033422096273897535,0.030609120160565443,0.02254873603524521,0.013740461393410983,0.030965810425224397,0.0037471223817399342,0.0051453563757325425,0.03742461053262023,0.013385555131549853,0.011995621096821842,0.015147321140152695,0.039079693408882676,0.03580437005873918,0.04068045548066791,0.027673837141791578,0.017158819487448598,0.00878856330025744,0.03556986417413809,-0.0022564191731068973,0.020669670870004715,0.02949420900036233,0.037509470891875195,0.01413103800908631,0.024166316314431814,0.03391946389132454,0.01913598043406335,0.03804063470280929,0.05194781612875635,0.025694661146858026,0.06803278083599035,0.040492138505547504,0.04578955881332513,0.02345483002442478,0.0365814025533221,0.009302993667759355,0.017214737417959314,0.03816749094676014,0.3867253355545684,0.03533096091483035,0.028423348714286402,0.026063248910446934
12568,0.03397835816922047,0.010819251675448376,0.015130399253921019,0.013799269334826418,0.024167317658924662,0.03648936260458233,0.0499164814991531,0.03955769089625006,0.03807287844794928,0.032234879582994154,0.0404584983550244,0.03429289299214344,0.034191527483691524,0.03944509768790741,0.023451456114283706,0.03295762041810434,0.05304611706257071,0.03132254888525585,0.012411518434495636,0.03192248835910438,0.04356645106189467,0.04933704447602167,0.02059085354234506,0.03472451110019476,0.039062558249469075,0.028435502023635057,0.020941796084149828,0.042105318838399755,0.03193550616827738,0.03312432731105618,0.03923775114575297,0.029106450389975155,0.021616619153735448,0.019809291589347158,0.03360389385763437,0.041578211718464174,0.03415618288932944,0.04094916386930882,0.018763315800774952,0.03458652669869615,0.028227565859263868,0.03512581336468463,0.051114141696480715,0.040633732372995786,0.03638479303605125,0.03799536746024414,0.020876106989196175,0.023307100392694974,0.036688832451631556,0.03777946644297184,0.025612008678110525,0.0366239392181336,0.04032593693119798,0.03252085218920119,0.044340545373557014,0.03404087143353348,0.02992147179526479,0.025634571884971563,0.032849922452711636,0.03675942498114662,0.029811715765287454,0.048312619224262,0.017764899373434555,0.034533542075600956,0.03416110604535946,0.040522402206546425,0.030535688706697654,0.043930875849672125,0.03763264296981535,0.0433130821028652,0.0071456363068933635,0.04790601150627826,0.023211142041618223,0.038631202751384604,0.0456718544396872,0.041551410118466185,0.03623159613987405,0.03574919639714393,0.032205303596654876,0.05310370064856715,0.0336190408984999,0.032532948995795244,0.04657454257626035,0.033954505090440956,0.01447091232994518,0.04610828675490244,0.03459436323648041,0.015569775766191651,0.04425643229407075,0.03005964127770738,0.03982312014987226,0.03005195774250422,0.0381149537400407,0.04260394083527621,0.04695736710350928,0.032351442863106795,0.04960480360724001,0.02346940215785993,0.039450312129825825,0.04676485712962964,0.02163005582002363,0.01951222486402862,0.037860131124208926,0.019568952773603612,0.025636044834426316,0.03807720922216175,0.03882377884745309,0.02562447845741464,0.04275682132951499,0.042808052343084865,0.024260773237498347,0.039592091847325886,0.03697421395564652,0.0389199051602309,0.0364332952763648,0.04253037465279148,0.043651810176614576,0.03214806544781333,0.017332146980313573,0.01646340471580263,0.03285449947539031,0.03413301683780307,0.03533096091483035,0.4413997049701496,0.030416817778518193,0.03769633185178867
12619,0.026781561693095767,0.0030562258410980264,0.012878976046303527,0.007259504238595992,0.037543774828769014,0.03624203440264123,0.03605293200559667,0.035197897697772165,0.03128621942792747,0.028608751061114917,0.026815773446399006,0.03663162940751162,0.030442989342946737,0.03497046906246414,0.0312608333239838,0.02416591351316748,0.037630564619814066,0.022543701621717333,0.01950873343161979,0.034208202748432184,0.03144309274683872,0.04626278675733894,0.03496140916718243,0.026154858247449068,0.034018369709796895,0.025878133160179714,0.017458915238276296,0.03073026765647431,0.030048301300852436,0.027110006623092563,0.027877623384488227,0.025294090107528016,0.012016714509264262,0.017316039277506814,0.03435074042421202,0.02946653154288405,0.019192008571190793,0.027135004182256856,0.023980444121893783,0.03720009504433066,0.026460065702568415,0.03342265443030596,0.03219176935434615,0.03393638760094258,0.03350824437837841,0.029439260405850383,0.014283445630874362,0.02879723222990595,0.03598103322253227,0.05080310827245143,0.02873056903686071,0.03814911768281783,0.01958892226822487,0.025898253488407783,0.02087044813929556,0.050780283578836106,0.039686932779695996,0.02468395460634936,0.015927823567229955,0.023896106526256674,0.03467425505601801,0.030742127773157265,0.005962333173934187,0.047817658250253574,0.02965946165286681,0.026875872417196873,0.01925337554422434,0.031804674493284876,0.01801489817685558,0.0272046108398711,0.02854843796354737,0.03538403684196574,0.012181543563584963,0.020233445783208084,0.026275031833661738,0.03612971704137525,0.02889633917997995,0.02851725955955406,0.030530690556673033,0.025299382935777888,0.025083085847164538,0.031345724876146744,0.05146728812177101,0.025556715574424276,0.010184947864049039,0.033329227995953496,0.03627627008618524,0.009073245641772953,0.032450362885849016,0.027911526762602668,0.041395750164715917,0.017720651979617554,0.03298727691809097,0.03042767138669512,0.033545138876665714,0.04029256831439115,0.05472620050778795,0.041100778364740014,0.031393244441735364,0.04411245900508908,0.020107355036452706,0.026696035004620096,0.030629854455981143,0.017531045697073103,0.033508656612843246,0.03356254313459218,0.044911047740674365,0.03298550872066234,0.0663159807053653,0.042175088321886205,0.024434068495474928,0.056214966533957716,0.047871183278529746,0.038663044109136485,0.0633377308442722,0.045066312047453594,0.04248790586333549,0.034786065926742965,0.03355374564578886,0.016631263176504218,0.03223954961128191,0.03625409564129055,0.028423348714286402,0.030416817778518193,0.3972576165579194,0.048990509440590836
12637,0.03210619790543594,0.0009242102551281197,0.022780449849826256,0.008421662357062988,0.02181338492767848,0.04698615460870106,0.04263926224502099,0.053952226338463735,0.020328041091005774,0.025284292790597507,0.030933676978809936,0.034490648630680666,0.025391362799906815,0.03243706836624266,0.027588741603342706,0.030809191151277192,0.050733579206983674,0.026399188214882373,0.008337621880367055,0.03241535546142135,0.05618069358977607,0.025869619014569963,0.038382785879075565,0.037627621876365244,0.03258358878730447,0.06712488677274289,0.008152346894621323,0.024298808866238534,0.026072760391212264,0.03234948803051163,0.022142368139967502,0.03490575236066527,0.020585972653828107,0.039639388742161795,0.025205815634273508,0.038489040957868106,0.02020226375422333,0.022390821615303164,0.019662578200333587,0.02944919642724126,0.027124087153884098,0.0326262447523801,0.03191771201648686,0.03696603011753506,0.038877852949621476,0.036896972451059655,0.024467420657201915,0.02432179729188213,0.03139842294900613,0.057805301974312204,0.04275723476694522,0.038252599839404856,0.05951171349745423,0.037216930755730133,0.030621580508160558,0.04803216824299108,0.03307372310745726,0.03978897237623971,0.03408719904859857,0.028410591912887504,0.026767273207411745,0.037989721037092486,0.010382042993014087,0.036312744253369535,0.02301967607906093,0.026126437397452823,0.022295642594573867,0.03568517690781986,0.025572976617593203,0.029391282604689577,0.04008433473516423,0.03464604091053825,0.01766551057524077,0.025438472043833333,0.0326367607020894,0.041932167176134884,0.035620243420096113,0.03467121746556015,0.029875191120931344,0.021473136404525767,0.04331838099414329,0.035823484846905514,0.05602948985147094,0.03065322192550048,0.018072302137204767,0.029807033729121815,0.038004638656362624,0.02071979525549232,0.04154277521124609,0.03194344405572058,0.029274393632129025,0.03215050679581159,0.036549801647394534,0.04225373753210967,0.03038632328138282,0.027659697428814932,0.05374574761847464,0.04524517733308652,0.041370616095629274,0.046463694393074254,0.03292618725053238,0.030728399172885824,0.03467760338079299,0.018309989416019346,0.03879099682230723,0.04507437447889093,0.041686397809585565,0.03577961869337598,0.049794527749407395,0.03961583900686577,0.03861141625264068,0.055251926846685846,0.04571964105588153,0.04929771859397026,0.05227437092706592,0.0468578912622588,0.04328989896776788,0.030606980203983118,0.03445808657659627,0.023071480736205106,0.043050966200289,0.03356517469875722,0.026063248910446934,0.03769633185178867,0.048990509440590836,0.42987842234431184
