unit_id,2158,2162,2196,2197,2199,2200,2201,2202,2205,2207,2237,2238,2239,2240,2241,2277,2278,2280,2448,2484,2541,2648,2678,2738,2757,2778,2842,2859,2860,2976,5404,5432,5435,5436,5437,5438,5439,5440,5441,5442,5444,5446,5474,5475,5476,5477,5479,5505,5506,5507,5508,5509,5735,5743,5875,5908,5940,6191,6216,8955,8861,8868,8904,8906,8907,8908,8909,8910,8911,8912,8913,8914,8916,8956,8957,8958,8959,8960,8962,8963,8964,9001,9002,9004,9155,9330,9337,9390,9401,9427,9428,9446,9465,9553,9651,11878,11882,11883,11884,11889,11930,11934,11970,11973,12286,12562,12568,12619,12637,11886,11887,11888,11929,11933,11935,11936,11971,12246,12267,12284,12290,12316,12346,12372,9000,11931
2158,1.55984292017115,0.0184588217023773,0.0329481954387224,0.0421868718391173,0.0319934050388449,0.0505678617201995,0.0555435364991602,0.060732590556747,0.0464863663137685,0.0296438840919991,0.0259558825621095,0.0443866250119166,0.0212565456374829,0.0386742738963833,0.0260744074102735,0.0048872534212668,0.035811545386611,0.0311441776350933,0.0207246660149373,0.0251199428683553,0.0159185603364039,0.023833356584809,0.0081795022821798,0.0147007316830352,0.0547218685971906,0.0393070136496073,0.0206678914946511,0.0615179824920588,0.1067865685917084,0.0409068075591235,0.0456014556266021,0.0319172372678138,0.0340329345827977,0.0180607236459791,0.0640145746388373,0.0510008158048825,0.0752931329750488,0.0541326267392783,0.0470906445989202,0.0117820582155169,0.0371203622349955,0.0483004547091201,0.0292041568455161,0.0428454880757121,0.0192938711281715,0.043668719920263,0.0600960639203284,0.0370719254859639,0.0412622475951713,0.0182545277381613,0.0106867787909553,0.0344604209242364,0.031161657440746,0.0248974889581566,0.0493907358021521,0.0274873011634741,0.0865460119300335,0.0163469924567347,0.0145891563697457,0.0049255858942627,0.0243082053149429,0.022385502480993,0.0142344881369391,0.0161485531066937,0.0197299234553696,0.0418822184531616,0.0199441959787596,0.0126722606152719,0.011746730788104,0.0133857004561651,0.0182357337076703,-0.0084237083381893,0.0236384306855096,0.0119806020919016,0.0186453534637653,0.0309406033588509,-0.0011527273922321,0.020460048045715,0.0181049008326414,0.0189976043027294,0.0172665051050699,0.0278591141817363,0.0093257215554042,0.0063195651709254,0.0312465036382371,0.0402846151954116,0.0323898428224083,0.0135493213792191,0.0077535815871748,0.0392064579125764,0.0249710849032804,0.0359406909964461,0.0093124719632872,0.0415717626016575,0.0350450443984139,0.0494709429310349,0.0359841069538316,0.0189155932491751,0.0252621434205211,0.0341938334831889,0.0183780009713049,0.0390772354440717,0.0396728698760622,0.0164537415245388,0.0260625029579616,0.0194009921085766,0.0339783581692204,0.0267815616930957,0.0321061979054359,0.0394446041413708,0.0564988005110571,0.0197287206099983,0.04019927893855,0.0104674076078066,0.0203885706904094,0.0036049402039159,0.0337312734623101,0.0426557228206874,0.0240155752448748,0.0344040828856207,0.0242809214195394,0.00823401380933,0.0105227550892446,0.0614778853193867,0.021181540420702,0.0361943509508086
2162,0.0184588217023773,1.0591334781262172,0.0101877843604613,0.0058614938682544,-0.0034052825503497,0.0126574664721691,0.0200198745969424,0.0247244682270814,-0.0049102795385847,0.0444051909680868,0.014957238571944,0.0117465741028498,0.0142586150668916,0.0261886200130804,0.0050600508911439,-0.0002796871582068,0.0028439562646543,-0.0037197311114647,0.0148342941629015,0.0042057797863388,0.0083056516825486,0.0086143768590038,0.0356757280027344,0.0322822135948018,0.0131062887234104,0.0032361039000086,0.0318604531363302,0.0263917633097901,0.0035696737690889,0.0085259443342653,0.0219286994550082,0.0101277634274199,0.015385528919272,0.0051285153822006,0.0016434957525068,0.0083183933780369,0.0226914815317763,0.0366778365909011,-0.0014018326365257,0.0088890388907308,0.015637117867062,0.010800113155838,0.0069353972965082,0.0064849649567253,-0.0010102419005158,0.0106873993942311,0.0092702803639709,0.0147541333595665,0.0062666602525269,-0.0021800802707768,0.0387690133282521,0.0036625991915009,0.0055325855236765,0.0058344953215552,-0.0025281804417721,-0.0009592577730328,-0.0019865922502393,0.0018944079548442,0.0178529135114773,-0.0042730211590424,0.0083310510298806,0.0154520059249956,0.0088485712104561,-0.0032110587671077,-0.0077390400264082,0.0098941452838681,0.0196369813697461,0.0105384236539559,0.0134887707028191,0.0001709160094742,0.0093995610133346,-0.0083724075510479,0.0112234366329,0.0077361716491574,0.0038075082972855,-0.0018142170885136,0.001142853334065,0.0117460341756087,0.0076103063263241,-0.0071411228880887,-0.0015920196216477,-0.0073740917694792,-0.0030954805760403,0.0028585400872142,0.0017418949887731,-0.0032617453171806,-0.0019935030228938,0.0061163426472911,-0.0069656348636346,0.0209017254972223,-0.0039651146455548,-0.0081670102962119,0.0141530026393472,0.0051714301191409,0.0126942798882814,0.0176392940375492,0.0115294166466247,0.0194316802388223,0.0040722318335315,0.0020451879910061,0.0076166114978482,-0.0041138159409053,0.0006618301346789,0.0157041950455012,0.0217133886961747,-0.0024886692806632,0.0108192516754483,0.003056225841098,0.0009242102551281,0.0419513578340517,0.004542761930707,0.0065525749519053,0.0317547919546951,-0.0011949985537763,0.0091176791423801,0.0351015516846264,-0.0083179020273645,-0.0060957239650478,0.0108259823757034,0.0174212393400936,0.0182013331437345,0.0136415842450388,0.089087796939939,0.0061525174073189,-0.0015324555157169,0.005937894468034
2196,0.0329481954387224,0.0101877843604613,0.957641395904171,0.0536321916513402,0.0150709835014034,0.0337836045083252,0.040024952436622,0.0641398009296811,0.0095633275872008,0.0121371960755865,0.0114145115340941,0.0145502400619337,0.0055166279014148,0.0142051008832132,0.0102995307796596,-0.0032319321601748,0.0200604798350329,-0.0007932294426886,-0.0044235828107442,0.0170979423610597,0.0171080406702509,0.0092557997014622,-0.001244187119342,0.0024192902861058,0.0108467829960644,0.0471434705501993,0.0197703981211169,0.0104122572579453,0.061972591579959,0.0211927357472654,0.0180106778115379,0.042926950031836,0.0468071099578723,0.0203580447030443,0.0370002088677441,0.0186012076460305,0.0280542016912371,0.0103560653845185,-0.0009454879662229,0.0081976173585813,0.0207170982508601,0.001542523929811,0.016233366153317,0.0232909967753541,0.020867331475059,0.0084965035554359,0.0053863568719293,-0.0076376114488297,0.0063833065756762,0.0283536356380241,0.017877684573749,0.020670984312973,0.0250430312296229,0.0050941199767656,0.0035385319458686,0.0213975601431845,0.0123751615133522,0.0207883921039169,0.0010949455069682,-0.001932683983036,0.0198454813920895,-0.0084974256241886,0.0325458419586877,0.0109256985626496,0.019750545470289,0.005155205314898,0.0083964480447982,0.0206067226690977,0.0086184725362261,0.0046008999598923,0.0132701137853026,-0.0098343568496161,0.0074762917941767,-0.0054511343621544,0.0162354031490625,0.0152835982131708,0.0355553827781322,0.0131405162752823,0.006038286473276,0.0119322599067375,-0.0028196856361336,0.0213232620767958,0.0052225042913555,0.0132355195064326,0.0249696883137484,0.0115945692906159,0.0100346140194464,0.0146671820234982,0.0157660450959786,0.0271273808658785,0.0258261832625255,0.0027925345754823,0.0257520624504217,0.0270397807886965,0.0193042409233031,0.0139237103474969,0.0231598856634566,0.0010579984007922,0.0335363910802027,0.0159158860113441,0.0149468949000004,0.0415393538652175,0.005194113242874,0.0187579464789952,0.0120198509526024,0.0047612966179918,0.015130399253921,0.0128789760463035,0.0227804498498262,0.0058423929646441,0.0083671501953883,0.0150324879398253,0.0416690742690212,0.0267924144656186,0.0069634160339138,0.0077179274465891,0.0055491232045819,0.0058315211699249,0.0097447277375545,0.0301944120952773,0.0105110891432452,0.0166202629110091,0.0062715100340311,0.0084206846663581,0.0065570425227752,0.0305442770105727
2197,0.0421868718391173,0.0058614938682544,0.0536321916513402,1.05777498499372,0.0213370780454643,0.0368694518481394,0.0197720198922676,0.0342055020598866,0.0316885772471135,0.0219114926569056,0.0274706199632926,0.0242455353844864,0.0103069364483352,0.0119644967144314,0.0062082676402761,-0.0110175426319834,0.0112156482008266,0.0072042341286906,0.0031061521262041,0.0230993863173596,0.0011249776334025,0.0100535426803352,0.0180419194563717,0.0066417305246367,0.0279579031791424,0.0018574090096296,0.0015316962220785,0.0224915193607517,0.0505151219581419,0.0233313792253034,0.0149014000263181,0.0038511588643628,0.0092444639247863,0.023427845228378,0.0304254964746883,0.0497723319003825,0.0256668552845471,0.0268645564113131,0.0093129494791389,0.0060556955468224,0.0118775605618061,0.0256862939650914,0.0174517176448401,0.0151002337289717,0.0445547766874261,0.0099709676924013,0.0043486046932366,0.0010094073879094,0.0213300807867381,4.079686809129471e-05,0.0165215019031408,0.0114838301846833,0.0166521234314194,0.0463713341257596,-0.0002589352902762,0.0020135550345971,0.0260513350875219,0.0174596367746163,0.0045337164826705,-0.0077044512994728,0.0102400586686456,0.0185031562642222,0.0268400959826105,0.0101118875834662,-0.0001147595588545,0.0174757901577012,0.0440281264441301,0.0161018627062083,0.0035270009711065,0.0135736162914007,0.0078390608691775,-0.0178795051551394,0.0272495384645711,-0.0046940637101948,0.0270228253262939,0.0102125783327155,-0.0014636870651161,0.0074771583132432,0.0125826056023677,0.0287098425157359,0.015356607955964,0.0006902365317815,0.0073163959840525,-0.0078731370361767,0.023935419951853,-0.0018615383672908,-0.0023223359141185,0.0186129721624775,0.0006472351279176,0.038295791789444,0.0346687826105571,0.0107580259821718,0.0224723176479135,0.0298809134506052,0.0254741458363814,0.0125706457480635,0.0077909372762683,0.028003184202343,0.027447658559767,0.0179199558505369,0.0127778601660606,0.0214484299612365,0.0200747344380404,0.0063465531862872,0.0146132490342072,0.0088865251257211,0.0137992693348264,0.0072595042385959,0.0084216623570629,0.0042106349511204,0.0031195332836657,0.0101075147874369,-0.0031021491922519,-0.004186705438384,0.0142803593125133,-0.0109078216589259,0.0058655411781965,0.00370903752604,0.0111455144890203,0.0119740304472864,0.0047065596540554,-0.0039720570785372,0.0065477746938822,0.0198641851511873,0.010671591600729,0.0154789970227734
2199,0.0319934050388449,-0.0034052825503497,0.0150709835014034,0.0213370780454643,2.205862330059144,0.0316267876627543,0.0379376584166035,0.0777942467314193,0.0628696651150011,0.0389867648053778,0.0153318835905283,0.0526121408882436,0.0283734814504444,0.042004810523668,0.0269187974421263,0.059818179771157,0.0281311710972022,0.0158269569771237,0.0587745848260095,0.0395014353816208,0.0100536185488103,0.0343396075109884,0.0146849710014866,0.0141326195919114,0.0455378678674975,0.0354636360000028,0.0069802518023024,0.0436467272498452,0.0512867136306722,0.0372747122754925,0.0432090622559474,0.0184314525953341,0.016820420667072,0.0420546254333918,0.0343402284242662,0.0800409905797138,0.0397354721802238,0.0453011408453884,0.0614942860301082,0.0175559152219197,0.0140422044261929,0.0553312597287962,0.0185750808684488,0.0333705443638485,0.0101273656212594,0.0309540968226392,0.0208108107817524,0.0269902044071194,0.014619180764239,0.0574557662514689,0.0070190302468134,0.0330034621530903,0.0284137948243343,0.029416823126883,0.0517973220313867,0.0999020744773927,0.0604732388479939,0.0125352465701025,0.0567550479198873,-0.0214700856585677,0.0298268505290883,0.0222429004055757,0.0073610687395344,0.0193593007259055,-0.0026620960972398,0.0240102245480761,0.0176901757522197,0.0019010596314637,0.016147215816037,0.0220163326308742,0.011224013216875,0.0096476047693548,0.0404917100233818,-0.0094516389791839,0.0051300156837738,0.0167034176045086,-0.0086499686658708,0.0206300378795716,0.0278297980668944,0.0177177591664172,0.0179218493048015,0.0127185339778461,0.0120435725966725,-0.0009088514806573,0.0291728524927799,0.0238452756704814,-0.0068395623684865,0.0170014546981293,0.0273998152611262,0.004135652117485,-0.0104026854395692,0.0310879876344769,-0.0111315002252467,0.0284624967613817,0.037795864377688,0.0396581416234864,0.0219820220500377,0.0398900283797227,0.0204760132437117,0.002801455684277,0.018224909518761,0.0455215764093668,0.0490104569274108,0.0088733687557179,0.0302403368424334,0.0323734345172862,0.0241673176589246,0.037543774828769,0.0218133849276784,0.0500350273520857,0.0192983425358238,0.0269775057943523,0.0421202383755792,0.0318630866852459,0.0357186042787831,-0.0026473069603936,0.0389247253018058,0.0392809641455614,0.0294491968100988,0.0414158334602166,0.0425077206234055,0.0117081112683478,0.019371421424426,0.0365507773230091,0.0118506391190587,0.028335103257425
2200,0.0505678617201995,0.0126574664721691,0.0337836045083252,0.0368694518481394,0.0316267876627543,0.966590365828199,0.0336236804103787,0.0686165799898946,0.0398360519373869,0.0289083034677396,0.0522117153589141,0.0439023293503013,0.0441134074139974,0.057519184908308,0.0305675863881993,0.0466393043876492,0.0447420152113002,0.0345566132493086,0.0102752558073069,0.0441207444784058,0.0198359207669797,0.0606198901722929,0.0546100171506383,0.038851802184627,0.0574915714942793,0.0184418851658793,0.012376883247805,0.0394654721449516,0.0601221791821111,0.0378280513898102,0.0511142905164224,0.0452547511577131,0.0091465171141273,0.0795271991186708,0.09112352828721,0.0455898424941375,0.0543498980255425,0.0557812191124836,0.0313868249915731,0.0811050753696916,0.0336785181213488,0.0501677108738462,0.0568541130667279,0.0486145110419597,0.0596767135182289,0.0397399013389776,0.0189802083958391,0.0195122773779185,0.021578098720964,0.0287922579239921,0.0418398560472468,0.0483154151581504,0.0403715620117444,0.0382332954502036,0.0515597402187343,0.0591736438642898,0.0861146401984912,0.0497175864241541,0.0445492319492528,-0.0068230796860031,0.0169515629250934,0.026742349537243,0.0516752073000462,0.0091861636581897,0.0573516685402554,0.0312616819892451,0.0307924465353583,0.0273036730197463,0.0278380407546855,0.0364572464103574,0.0366330043518351,0.0050944014511218,0.0688339133019588,0.0084774374947517,0.0474938814043286,0.058629898552853,0.0214198078970257,0.054105826649861,0.0364568990784568,0.026364848262372,0.0694652726760102,0.0466744743298605,0.0471274622123426,0.0081792174556314,0.0668744505191966,0.0368091181110095,0.0065996073494204,0.0412589372177511,0.0436481616726306,0.0689410530130351,0.021291137095255,0.1028930398248268,0.0442529438256704,0.053147068992273,0.0699788145692258,0.0540969372980497,0.0313979662706438,0.0620765233717218,0.0502364503490625,0.0200900446556081,0.0391499188955631,0.0374160873665691,0.0364970030313627,0.0364904952037769,0.0268565210242671,0.0310630981536138,0.0364893626045823,0.0362420344026412,0.046986154608701,0.0428237099084861,0.0458742463179503,0.0427764873881217,0.0368004986111952,0.0497705883418394,0.0451228732220649,0.0320257278316732,0.0374260019069053,0.0346095359692879,0.0517042138100978,0.045608610164224,0.0370974588985318,0.0126131845709066,0.0292957131560898,0.031615541245853,0.0369056794788002,0.0343916743017544
2201,0.0555435364991602,0.0200198745969424,0.040024952436622,0.0197720198922676,0.0379376584166035,0.0336236804103787,0.8158968451946259,0.0907804330167599,0.0334396609563743,0.0383725805714664,0.0487555002759152,0.0511937071413919,0.0470605557900403,0.054037340969928,0.0311914401127263,0.0290034938395762,0.076613496195671,0.0530815805292317,0.0338305783822896,0.0501511629538317,0.0841640182328528,0.061747855403411,0.0369988767762449,0.0370686023075651,0.0498136818280467,0.0643415850260309,0.0010068039190761,0.0543661434311756,0.0276622598604351,0.0573868764538152,0.0447799005801888,0.0401361543390607,0.0301695826922747,0.1046323154016571,0.0732773141118375,0.0585621733124803,0.0508938519736856,0.0704302353437963,0.0323044952806937,0.0402896035858532,0.037433218832086,0.0481950310453989,0.0453388268769507,0.0443650542301654,0.0461008897636175,0.053502715269801,0.0378470910155966,0.0243556065301963,0.038553004451297,0.0592834813366231,0.0420101494331347,0.0417645668454456,0.0637534011067861,0.0449726627174356,0.0611780136664078,0.0225648579226293,0.044932402045264,0.0492588588627044,0.0538778998271071,0.0115694710088342,0.0149735273002878,0.0333223323446877,0.0513227108882609,0.0217847851692826,0.0527507886172536,0.0305273776904001,0.0320085058075131,0.0187593586130266,0.0270947694833862,0.0300773873134645,0.0522845519332487,0.0050341864705067,0.0685509723323887,0.0195171803583156,0.0230247140518532,0.0331417901564092,0.0138879630643983,0.0301538339563726,0.0239858289681369,0.041659682959965,0.0226129057630915,0.0510088053675642,0.0304908539468915,0.0024010789270485,0.0284365213283767,0.0550252198691506,0.0251813516313208,0.0183786757164274,0.0193839642758001,0.0608489562033553,0.0378717939514138,0.0346619380831992,0.0363350695734524,0.0359427451161968,0.0332503899289679,0.0526322434467018,0.0536026199951721,0.0317301838614956,0.0496524111800362,0.0215623570958868,0.0347488005276742,0.0657463441553629,0.0496944965137756,0.0420854098227172,0.0326787929005738,0.0282897952424877,0.0499164814991531,0.0360529320055966,0.0426392622450209,0.0345589718751581,0.032285796387625,0.0424445137225155,0.0620353527236002,0.0483929982247746,0.0318086672816246,0.0306733801268937,0.0252574741353915,0.0534121799938854,0.0501473137897912,0.0469696649399446,0.0352286257711688,0.0137907652269805,0.0467623065986874,0.0518172843967264,0.0265547840455549,0.0486162447873823
2202,0.060732590556747,0.0247244682270814,0.0641398009296811,0.0342055020598866,0.0777942467314193,0.0686165799898946,0.0907804330167599,2.400932709939749,0.0239289437755605,0.032438208805217,0.0386329557040396,0.077829105624842,0.0457975194070309,0.0533143911749108,0.0192457224567686,0.028236628423542,0.0739629429226694,0.033812855496725,0.0523882668478698,0.0378978374633887,0.0603695339242046,0.0750855827356443,0.0422290297127248,0.0310731901411675,0.0523794199956812,0.0299969173906424,0.0355532537757659,0.0383414563583917,0.0416070390971035,0.054766565034808,0.0758001279231805,0.0371426717846286,0.0294670282789842,0.0453532914604195,0.0512748187672802,0.0381772714309543,0.0421112949637123,0.0712516775040465,0.0427585274107288,0.034205369232221,0.0478475509093383,0.0564760596621153,0.0451382682585779,0.0474793930558571,0.0966529141964234,0.0437919530300256,0.0389442589239266,0.0237670037531502,0.0273283089228513,0.0461482246716461,0.0453914579862005,0.0439593781456768,0.0246387008173044,0.0763801792839335,0.0521017676258457,0.0729718638001784,0.0597815105962201,0.0279802006449845,0.0274871562292494,0.0419782649263395,0.047856307810721,0.0455335447926424,0.0472319748732127,0.0437412843387331,0.0680403465206994,0.054881389909901,0.0500311844266935,0.0144655681897828,0.0218055810761702,0.0350011671310129,0.039053569631543,-0.0027848785565949,0.0512349279190428,0.0321983468862163,0.0383568711298,0.0381833523458327,0.0691240729750777,0.0419475922521597,0.0413404075453559,0.0295643314648769,0.032093389838105,0.0647819952659262,0.0387100485227201,0.0129037409128252,0.0759971067064982,0.034480757425266,0.0448889351306643,0.0599939336503465,0.0256501529187667,0.0637514450461548,0.0501266536392799,0.0551848291014397,0.0335698648320382,0.0528102917943067,0.047077088804799,0.0635602183057743,0.0432817922534996,0.0409659436800792,0.0705554752081122,0.0203615041856137,0.0409461956197971,0.0555135520457477,0.0421558137601312,0.0518142899783173,0.0390433381811538,0.0342507457047919,0.03955769089625,0.0351978976977721,0.0539522263384637,0.0467959108141713,0.0437548425534051,0.043789249243448,0.0456232962297389,0.0176774319643099,0.0553336736318629,0.0170805694266366,0.0536798038360947,0.0423704464781895,0.0390094486203465,0.0492367929706194,0.0381711597947228,0.0128129947322169,0.0294096566348795,0.0735938304839315,0.0573847998133333,0.0564444983561998
2205,0.0464863663137685,-0.0049102795385847,0.0095633275872008,0.0316885772471135,0.0628696651150011,0.0398360519373869,0.0334396609563743,0.0239289437755605,1.6365009369900037,0.0176355235880746,0.0243403850245371,0.067516862559759,0.0308266855400941,0.0429596994820685,0.0318274174667958,0.0092514834801783,0.0358242369086832,0.0513754221847582,0.0195248454355673,0.0685003890143855,0.0184757912453748,0.0967408743457706,0.0109942068752532,0.0233231813842902,0.0472802664860409,0.0176875701496124,0.0037512420368329,0.0493474287114259,0.0452706769173885,0.0051559637051883,0.0168749343705302,0.0228450207150419,0.0104350958218163,0.0240333744676208,0.0815819581900171,0.02109638283148,0.0514187212882584,0.0266447652291236,0.0828306367539592,0.0108756039343332,0.0325222491089878,0.0621613033157496,0.0312495752866313,0.046468666672755,0.0391421593162897,0.0363900101254435,0.0097234656194135,-0.0025523732696783,0.030459214832354,0.0171141571520584,0.0159419124295974,0.0489915646173871,0.0131412319066832,0.0256630924915968,0.0095125654510887,0.0501725903338087,0.14157548360785,0.0063264416950025,0.0286538174882926,-0.0136190720216483,0.0130255263394611,0.0224053435438915,0.0327092526809519,0.0044645430602114,0.0267867085727938,0.0431009781210503,0.0269984959691293,0.0069604379752705,0.0314559512521484,0.0224923135428385,0.0271548685699624,0.022913527753215,0.0563635966593421,0.0162283138866033,0.0226196156406298,0.0495291966468889,0.0390712511500122,0.0265479697076965,0.0256623385190476,0.0902941664510466,0.0329673523008926,0.0380742214175091,0.0412053979249143,-0.0010305955403159,0.0410354806772255,0.0236104472671191,-0.0079470543251088,0.0056051769847698,0.0184732979686122,0.0432579153661665,0.0297845071151255,0.037060146736828,0.0391320594046213,0.056169953714555,0.0203203639512927,0.0591513981766559,0.0246920065683598,0.0554518138893656,0.036173940131825,0.005767699093948,0.0306556964482089,0.0517748389635687,0.0400281469345813,0.0300218342399994,0.0196478537587876,0.0284067887755624,0.0380728784479492,0.0312862194279274,0.0203280410910057,0.0118088021953347,0.0215367737048066,0.0418914521422849,0.0140571962089359,0.0235843880766609,0.0320562972192187,0.0036586225923201,0.0436087360758436,0.06892822331461,0.0400967510249064,0.0273638886247743,0.0367349622975392,0.0060291480287792,-0.0013295580459082,0.0471097101578414,0.0127808777776881,0.0243084817525146
2207,0.0296438840919991,0.0444051909680868,0.0121371960755865,0.0219114926569056,0.0389867648053778,0.0289083034677396,0.0383725805714664,0.032438208805217,0.0176355235880746,0.636102847408912,0.0455311370028474,0.0271804035018422,0.039718451149286,0.0483977947421906,0.0202139732422721,0.0232783660578567,0.0281382133996882,0.024001474396607,0.0423790387872938,0.0233380956313245,0.051715226299634,0.0341021697018261,0.0299671601512811,0.0295932588948016,0.0364954371159677,0.0215415062623751,0.0427547339588255,0.0450235230409243,0.034444439519617,0.0378426816418494,0.0510436688434905,0.034644263016617,0.0121836661103037,0.0307000759954556,0.0300635456151547,0.0532197089102013,0.0283972492222496,0.0377733958735648,0.0173393698163638,0.0350602647234041,0.0349417491464873,0.0338124922003933,0.0190655822390735,0.0291053698795732,0.0237242449338095,0.0337671678340281,0.025367015133216,0.0426705672970823,0.026857535173243,0.019705401232707,0.022550712788001,0.0301564044805778,0.0234299517300198,0.0581527089762856,0.0198010459039131,0.0225236628307785,0.0368488366300904,0.0378242728290083,0.0587999290167501,0.0222676219322515,0.0368699424578278,0.0272203477432255,0.037658418029933,0.0364557467304743,0.0158905734287543,0.0213302806744279,0.0403858064459478,0.0288730147233831,0.0299612985485986,0.0316664485341779,0.0216655195033881,0.0077097285044361,0.0361114825537819,0.0358935416452326,0.0377742414921278,0.0252277709795953,0.0270546934116611,0.0297808362285434,0.0243985795535107,0.0106700249310686,0.0179047296517274,0.0174400312162093,0.0241388156272497,0.0159349231333056,0.035933286543455,0.0214374927617223,0.028186800816456,0.0590674450894884,0.0233124841964784,0.0488145862416389,0.0510259599193891,0.0279896064803718,0.0275784655694614,0.0406154425951623,0.033491334020854,0.0374125231476324,0.0285201129798375,0.0203935541638086,0.0387949631952852,0.0246617736302044,0.0310125382205721,0.0240815632055762,0.0243365743414911,0.0319726215393285,0.0351912287323147,0.0181938387929892,0.0322348795829941,0.0286087510611149,0.0252842927905975,0.0412711054808275,0.0336314110948031,0.0233165639200947,0.0503267702905045,0.0131139009646473,0.0272577617049042,0.0352476223755863,0.0194466423378286,0.0140513214658084,0.0367285442311604,0.026223765524634,0.0307419649937949,0.0233411661996796,0.034275522785408,0.032659963022051,0.025092623304565,0.0252360372451119
2237,0.0259558825621095,0.014957238571944,0.0114145115340941,0.0274706199632926,0.0153318835905283,0.0522117153589141,0.0487555002759152,0.0386329557040396,0.0243403850245371,0.0455311370028474,0.5126632508143114,0.0422668338393255,0.0396295376823456,0.0434993540172205,0.0292481068334061,0.0319424270970807,0.0390987145016529,0.0345318135422053,0.0112945062495554,0.0468876351288626,0.0362160087557054,0.0292650302655427,0.0471727546847948,0.0405126824650966,0.0341144736761248,0.0325758465132036,0.0271190229196094,0.0363539782856284,0.0473849500235989,0.0419935635138187,0.0463691082986921,0.0388011941233242,0.0083608671458492,0.0394518434631,0.0423739271428855,0.0319529549810343,0.0354581514722221,0.0404596672833192,0.0310977763758157,0.0493705935785877,0.0453641274843573,0.0328664821481832,0.045023575190095,0.0426179040622683,0.0335923730985301,0.053043552708346,0.0210525322703354,0.0033765447101595,0.0276767916887504,0.0250304658868138,0.0473354785787472,0.0272306673222493,0.0315238096059701,0.0475258044064134,0.0627361543191576,0.0340575077299209,0.0306466734929114,0.0313582206610501,0.0297384317031162,0.024272671387808,0.0200316717747145,0.0268636952119335,0.0390796038760309,0.0415844579128601,0.0243886860205304,0.0406009559333514,0.0285971304384639,0.0202495358977536,0.0239983824168651,0.0276737267925862,0.0299929035458294,0.0051765931934117,0.0372877693345784,0.0280353656404156,0.0314142839161994,0.0369990184157287,0.0362892217570968,0.0385083758353162,0.0244938437510324,0.0289894726320483,0.0327442290955601,0.0195959061251978,0.0421963393231664,0.0257771218337204,0.0302051145467919,0.0185401599372622,0.0203731479311879,0.0398096691746346,0.0224305664415598,0.0367221867142149,0.0304263149720809,0.0296239385659961,0.0351362051047234,0.041151520650745,0.0259448313495323,0.0305245627237488,0.0367848009250484,0.0345366201418217,0.0369672464556969,0.0168509966162763,0.0308040067859297,0.0243871579915253,0.0275287987060377,0.0343524244812384,0.0206494115534284,0.0246833949906553,0.0404584983550244,0.026815773446399,0.0309336769788099,0.0367733947798614,0.024074336833505,0.0277566623774252,0.0333090293778917,0.0158567911942466,0.0276084276605841,0.0310838682865229,0.022017971755362,0.0240160983804319,0.0362964166935639,0.0312032904026058,0.0314654169597578,0.0147712108181746,0.0382288760502614,0.0222947958226797,0.031338667031826,0.0307157722017337
2238,0.0443866250119166,0.0117465741028498,0.0145502400619337,0.0242455353844864,0.0526121408882436,0.0439023293503013,0.0511937071413919,0.077829105624842,0.067516862559759,0.0271804035018422,0.0422668338393255,0.842277606031302,0.0366075540192836,0.0450730324955562,0.0250601264876742,0.0280871240506825,0.0529287804857209,0.0276534634271766,0.0157417750120466,0.0541315405007405,0.0188650395953301,0.0393592141080273,0.035614366489612,0.030030097350037,0.0474895756819584,0.027896584411646,0.0096209294398188,0.0389906362548828,0.0291283537802244,0.0281544007403029,0.0280133301404574,0.0312044475926942,0.0132063180767938,0.0409566455593249,0.0571546071459943,0.0445966457830299,0.0211320273022316,0.028234499760873,0.0685545609387991,0.0368102648942158,0.0214124305196653,0.0438803083803319,0.0382901984608026,0.0565799048597054,0.040983777953028,0.0682339695806699,0.0152712807963708,0.0599692149477004,0.0463071605329428,0.0334841137899317,0.0400214579891194,0.0418979225684167,0.015608137842912,0.0516595442983074,0.0535522187727152,0.0977682844383174,0.1225683337097666,0.0139121223248877,0.0406140431093589,0.0047651302005867,0.0377127111414635,0.0366967079230934,0.0320939284880579,0.0176013491401667,0.0472509232261687,0.0361894574693033,0.0389169605254656,0.0055967929850806,0.0443301728842251,0.0319372861473249,0.0283760582707999,0.015201285522316,0.0582710350729809,0.0252316167700278,0.0296417036845644,0.0476461768081362,0.0333761220027738,0.0238469631911427,0.0331151165644844,0.0318389118826214,0.0256421179460308,0.0385014360557768,0.0260989753089246,4.522621380673167e-05,0.0392749438986293,0.0539525154228586,0.0428969490157629,0.0306572417020874,0.028306343974231,0.0714605525351553,0.0088595585116057,0.0301385341597829,0.0269368518375187,0.0155172289072783,0.0353112864570318,0.0420649827066148,0.0297525852658231,0.0320858396795959,0.0407031313278416,0.0130872818147742,0.0361640702870064,0.0322174539470443,0.0573779577240161,0.0298287916086974,0.0444454683107661,0.0338140488441501,0.0342928929921434,0.0366316294075116,0.0344906486306806,0.0201293653749725,0.0370647040654306,0.0433871535965592,0.0396351795710283,0.0213762060180104,0.04536924851924,0.0186923108067017,0.0621927609857563,0.0462559333305577,0.0448533118849983,0.0362087861344885,0.0349603840121801,0.0078530186005068,0.0180973581726362,0.0606849132426697,0.0355268767510063,0.0375523203018902
2239,0.0212565456374829,0.0142586150668916,0.0055166279014148,0.0103069364483352,0.0283734814504444,0.0441134074139974,0.0470605557900403,0.0457975194070309,0.0308266855400941,0.039718451149286,0.0396295376823456,0.0366075540192836,0.4466379677175032,0.0479933819975949,0.0102656710887802,0.0332038334867678,0.0302122825249639,0.0400678022516035,0.0106885798103685,0.0360790574146701,0.0619972492302374,0.0537407910547213,0.0344574915128927,0.0400483639671392,0.0428529425769733,0.0469820473014739,0.0022546125073459,0.0436650085984859,0.0216861037995442,0.0462041748952625,0.0394647427911291,0.0407023162057062,0.0049902133051474,0.0428943227996671,0.0344508805705949,0.0328118563586416,0.0217196528892292,0.0534489220757828,0.0394514339401304,0.0406529515672036,0.0286232719513366,0.0498365293427369,0.0403198563850916,0.0385409057448563,0.0368756439472766,0.0825512487781891,0.0223004175727671,0.0180435971170515,0.023366648280081,0.0451010951391317,0.0390796838234677,0.0350761507540396,0.0383588436269742,0.0450834979573229,0.0416101779036734,0.0317916153437591,0.0292837155135754,0.0247535820398238,0.0520592393147978,0.0087749297192806,0.0167886205060118,0.0354937581376938,0.0385670275635743,0.0089758999877699,0.0221909092032612,0.0324556185451794,0.0338571763503065,0.020289350876991,0.0244412258790598,0.0357560117932,0.0402189599705456,0.0059614439679309,0.0315860106879232,0.0136964643008226,0.0366623582612266,0.0365786975286923,0.0162408129726829,0.0392835313427317,0.0337491988432208,0.0288501660752185,0.0415190061296718,0.0264410881531754,0.0386518916032116,0.0164661840557364,0.0475366430652314,0.0246557323452023,0.0154353661254791,0.038495805356827,0.0346413593460715,0.0256965016142477,0.0242805408132152,0.0416255325368929,0.0188674189869242,0.0333319287718221,0.0249745692918971,0.0358057260164745,0.0309328443151352,0.038478203058704,0.0325868131648835,0.0086912940263105,0.0279710022332375,0.0251027852163705,0.027959830190301,0.0293344832155674,0.0225001781019407,0.0287537530348696,0.0341915274836915,0.0304429893429467,0.0253913627999068,0.035043720970516,0.0184565049298044,0.0300126861345554,0.0329394825130915,0.0174687839045618,0.033327790771121,0.0314803208916221,0.0224697773319754,0.0347683737628531,0.0407491808910142,0.0275938372480417,0.0325381804650698,0.0194833040747813,0.0314940384780345,0.0313005364838794,0.0358817015593241,0.0296842385122049
2240,0.0386742738963833,0.0261886200130804,0.0142051008832132,0.0119644967144314,0.042004810523668,0.057519184908308,0.054037340969928,0.0533143911749108,0.0429596994820685,0.0483977947421906,0.0434993540172205,0.0450730324955562,0.0479933819975949,0.3914075212620219,0.0319933087502531,0.0933705683143032,0.0704321576244402,0.0464973341854502,0.0267842518516937,0.043101686734271,0.0509421015741669,0.0621041958812147,0.0447301974099512,0.0430225992929677,0.0556065319668974,0.0469695262783625,0.0273155879879205,0.0623314306509895,0.0354245236997038,0.0567617641191887,0.0543944437693063,0.0388461879440025,0.0154984141912249,0.0407848924680764,0.0447454461838148,0.0426008460006352,0.0428466052658632,0.0436045475931442,0.038119594966238,0.0441866086913509,0.0423371911402467,0.0615789825789935,0.0440662859479435,0.0493054564930834,0.0387667201277043,0.0606699760312193,0.0311511185510788,0.0423139782959306,0.0484930599577278,0.0572773741677675,0.0500368530815146,0.0538725074708431,0.0495690017001755,0.0431914617653816,0.0504864577046313,0.0736116133696608,0.0526734016995946,0.0299574924232301,0.0639602190602111,0.0126010250430259,0.0199340162545094,0.0432451165175369,0.0417119921837564,0.017478494015558,0.0388853520740937,0.0351774140028683,0.0264474954736993,0.018265091024184,0.0460765730336122,0.0297164741156148,0.0351952908900795,0.0209669560089008,0.0434726121171885,0.0263943119441841,0.0338946586727789,0.039090976424633,0.0119935620086283,0.0377112112670955,0.0286133511225772,0.0350432917613004,0.0351080940612385,0.0276367972076686,0.0337943506049166,0.0155545727026121,0.0374933058706155,0.0461190745409392,0.0125477938209176,0.0323133114285786,0.0435380864535686,0.0287031702065131,0.0298589907032912,0.0464958274449431,0.046860739263884,0.037256949145276,0.0319982942095026,0.0494467883999312,0.031586256816345,0.0323080721819808,0.0371521698431961,0.0106834943263107,0.03109414844716,0.0358062852882284,0.0420725681745482,0.0340081906677267,0.0330319188390373,0.0345999307417284,0.0394450976879074,0.0349704690624641,0.0324370683662426,0.0295037172560493,0.0292110523075128,0.041556905449893,0.0431955443196948,0.0255222794170266,0.0380978596085268,0.0316375720645219,0.0397601482944721,0.0475343875782721,0.042763217891772,0.0455605905590608,0.0383569657189645,0.0207783916515702,0.0384871621207201,0.0416782012934982,0.0402835725055009,0.0361852182614417
2241,0.0260744074102735,0.0050600508911439,0.0102995307796596,0.0062082676402761,0.0269187974421263,0.0305675863881993,0.0311914401127263,0.0192457224567686,0.0318274174667958,0.0202139732422721,0.0292481068334061,0.0250601264876742,0.0102656710887802,0.0319933087502531,0.563287307888867,0.0370572195401858,0.0322945806071686,0.0248086385434482,0.0088523339709526,0.0320261136768204,0.032619136640348,0.0389435674965551,0.0373431406152742,0.03322697251006,0.0352679996130031,0.0319585939255244,0.0165403295296182,0.0343454070415664,0.0176132675331379,0.0343595106261011,0.024466695645783,0.0172753474030376,0.0055073210323651,0.0291398093469405,0.0289312870910827,0.0232899186533129,0.0235303992922949,0.04404192802299,0.0404190399294,0.0197972077430695,0.0076846723572718,0.0369029335975643,0.0317982962654127,0.0285984468406775,0.0437615676052938,0.0434027812331566,0.0181276803156615,0.0291625259520204,0.0274630440832674,0.0387799585050882,0.0326664406394041,0.0354103305753206,0.0235878972634018,0.0250690935641117,0.0277742284742237,0.0373928938091721,0.0209405600194836,0.0088328479059716,0.0339219280688015,0.0112798465315379,0.0177009896039107,0.0318335951990086,0.0213390763184169,0.013887209051169,0.0207630706376732,0.0225079714126863,0.0187354713618237,0.0070032186864078,0.0316754225662414,0.0194371313630582,0.0247397329551823,0.0267909584377662,0.0317668676782656,0.022799229346945,0.0160816237609595,0.0244299573439534,0.0079349280901126,0.0178811834471372,0.0194229340714219,0.0260691984480216,0.0256913641817682,0.0212027141495859,0.0228054091394942,0.0023280583336703,0.0138501993973788,0.019007330269259,0.0087252634904502,0.0163039959705692,0.0298604772104993,0.0158639776232934,0.0092033582581927,0.0264858015250104,0.0144075764156608,0.0171485859387607,0.0159350404918148,0.0287515613189592,0.0246093659984264,0.023759007739204,0.0259157039906653,0.0003668339705036,0.0193765657625287,0.016323466231839,0.0201708602047982,0.0211376021302112,0.0173771518026185,0.0249529558338318,0.0234514561142837,0.0312608333239838,0.0275887416033427,0.0166977310827748,0.0123116320760724,0.0231866892421562,0.0252820532602638,0.0243433558475697,0.0271229270412363,0.020263426759531,0.0268064074653498,0.0288671802963525,0.0309758177904595,0.02373909579043,0.0161591340813241,0.0054399055280884,0.0297759505294544,0.0307240704297186,0.0190393806202256,0.0208414772192777
2277,0.0048872534212668,-0.0002796871582068,-0.0032319321601748,-0.0110175426319834,0.059818179771157,0.0466393043876492,0.0290034938395762,0.028236628423542,0.0092514834801783,0.0232783660578567,0.0319424270970807,0.0280871240506825,0.0332038334867678,0.0933705683143032,0.0370572195401858,1.2162515857855936,0.0641068075527196,0.0657334224870668,0.0205971878050361,0.0435390574133335,0.0283782005742928,0.0078870416472687,0.0217712036020442,0.0406289354595753,0.0402012317750116,0.0290677887665416,0.0036738717593385,0.0214571893526792,0.0138033424949739,0.0270519565790465,0.039867990382359,0.0192221186595192,0.013470706818773,0.0363631071000874,0.0123933802105828,0.0374821980513839,0.0271501659005863,0.0342883773844924,0.0326443870876197,0.03774398022178,0.0128209895453136,0.0416121397241933,0.0510383744903925,0.0335193117273126,0.0225780435364314,0.0335923939515628,0.0277197538928049,0.0433791324009916,0.0918711547949129,0.0818759235490904,0.0244820716723679,0.0382157521854649,0.0368052821164343,0.0221916709555961,0.0941055973045408,0.0444885692275845,0.0174714125525186,0.0245515548863548,0.0408620371440505,-0.0119215298281767,0.0145104929754046,0.0266533777727856,0.0116372160598007,-0.0119597596283827,0.0462755117434958,0.0179670238856209,0.0102083366908949,-0.001714798780062,0.0771337003048182,0.0210393943716635,0.028680094999551,0.0422820142329716,0.0433380063402269,0.0059121466169204,0.0101883958687013,0.0197768890313416,-0.0015774055194076,0.0258612534230496,0.0176625005562152,0.0347392136034342,0.0302968468009363,0.0400168574043958,0.010345876022754,-0.0063935235750792,0.0229204129477921,0.0684340119064705,0.0009902450770318,0.0235759197511629,0.0485266636625346,0.0057160934853011,0.0036309103146761,0.0177023655508262,0.0179554120652887,-0.0021881755995983,0.0058682040371305,0.0334190846646725,0.0274626553498033,0.020822411691254,0.035162122148543,-0.0074800315515108,0.0158168442199525,0.0323850387624826,0.0537538825561689,0.0168933023261833,0.0086598037134186,0.0353536064201019,0.0329576204181043,0.0241659135131674,0.0308091911512771,0.0500034656056098,0.0414621978482106,0.0644156215834167,0.0302188807877888,0.0324757308126775,0.0226428590660249,0.0144449905942983,0.0226824981160516,0.0332187364421165,0.0435383848382146,0.0495944104843446,0.033676646204379,0.009645660823937,0.015597373516132,0.0417230828547012,0.0825670002409502,0.0437837217245655
2278,0.035811545386611,0.0028439562646543,0.0200604798350329,0.0112156482008266,0.0281311710972022,0.0447420152113002,0.076613496195671,0.0739629429226694,0.0358242369086832,0.0281382133996882,0.0390987145016529,0.0529287804857209,0.0302122825249639,0.0704321576244402,0.0322945806071686,0.0641068075527196,0.9404667544439176,0.0625850573596917,0.0287749657474795,0.0343857562709468,0.071574722042684,0.0469434972406341,0.0246036348025365,0.0361547541355042,0.0536182856665067,0.0641894700810467,0.0293877695606124,0.0471011690287249,0.0516561009806365,0.0451266829315257,0.0482675686991646,0.0230982961396114,0.019437915827601,0.0414123766764305,0.0459557656261763,0.0805346952964276,0.0409028694732931,0.0279947041712652,0.039958929915495,0.0517362803203813,0.0413174842641463,0.0494821689416021,0.0437102977996171,0.0560490559585026,0.0301045058995731,0.0496053042164454,0.0426721225754768,0.0735719887697127,0.0442510464212931,0.0782840528151096,0.0336418644673736,0.0522407713072463,0.1072561435296958,0.0327404554132343,0.0428921982382841,0.0542534375879059,0.0581614770417719,0.0413665955493453,0.0724240231026875,0.0127851938889825,0.0125255970142186,0.0449808519369842,0.0382101802454322,0.0291947864403996,0.0508911667204322,0.0225396844251559,0.0178013797849652,0.0155927662096214,0.0260063510860138,0.0210326339277571,0.0272241724847875,0.0152755180074258,0.0598386358223029,0.0300824570208942,0.0223326284603002,0.0484546238217208,0.0185412754683019,0.0329748351287882,0.0259427607977671,0.0262959497789969,0.0236150182979698,0.0391125171527573,0.0490269880814158,0.0013738105451191,0.0546717362695345,0.0386606775803676,0.0087512194221152,0.0175615970383156,0.0260954337897467,0.0534227422872913,0.0284746821294105,0.0242223279748479,0.0284087496408717,0.0471420521305461,0.0502780067550849,0.0756674588470552,0.0384521298488563,0.0330857699217014,0.0374078067737568,0.0211034410780696,0.0284642916137324,0.0420068638590687,0.0546541271888677,0.0339354520813822,0.024952009972476,0.0385601361663225,0.0530461170625707,0.037630564619814,0.0507335792069836,0.0190388914180901,0.0377591708389839,0.0455629635362938,0.054533675876693,0.0285744125968555,0.0277531502714826,0.0148263957564564,0.0340834143181869,0.0439371387478744,0.0541149291932285,0.0436838417644557,0.0279392024896224,0.0019050751900431,0.0249567577930621,0.0555574576196489,0.0460967239655939,0.0553264319428645
2280,0.0311441776350933,-0.0037197311114647,-0.0007932294426886,0.0072042341286906,0.0158269569771237,0.0345566132493086,0.0530815805292317,0.033812855496725,0.0513754221847582,0.024001474396607,0.0345318135422053,0.0276534634271766,0.0400678022516035,0.0464973341854502,0.0248086385434482,0.0657334224870668,0.0625850573596917,0.7960911743660966,0.0216477094801339,0.0445996532593789,0.0292371331101562,0.0473377026159662,0.0254027917439016,0.0238004041337955,0.0645984863595002,0.0337958034551256,0.0067471060322864,0.0435253615084702,0.0295237905019022,0.0391874909617597,0.0358075611511717,0.02617753595726,0.0045653566235499,0.0308366842194952,0.0360063589934324,0.0331004206628735,0.0341577169475121,0.0480006426373139,0.0236062042515684,0.0270045315978596,0.0235157715869727,0.063413272337163,0.0348184180013406,0.0446217186072619,0.0224305889610036,0.0535247084783696,0.0113973567490169,0.0218515827190866,0.0639323714016717,0.0376150175333789,0.0241872748590341,0.0378353407428744,0.0343627628777034,0.0308269402972119,0.0288681427666654,0.0402668751817385,0.0528911810689498,0.0212249482902012,0.0359611592716846,-0.004061347976686,0.006281122353505,0.034668993445,0.0301914824246846,0.0027363011917725,0.066619674214185,0.0159603730789285,0.0180302361652362,0.0226980075380813,0.0220617428747492,0.0238974841209816,0.0305378906390298,0.0117937294410644,0.0484654413242418,0.002948432041267,0.0079175096647507,0.0206870386083706,-0.0006295745672958,0.0191045887020356,0.0139056523540214,0.0191050188249341,0.0169559058769035,0.0264478924778045,0.0242092344063658,0.0018014367586317,0.042392008597345,0.0365046602351191,-0.0022145593294705,0.0202106961559579,0.0418616524648701,0.0470570297627204,0.0138445742735747,0.0688443149825058,0.0144486615978957,0.0287353245087185,0.0429972346809733,0.0383112274170204,0.027991980710085,0.0203977526511983,0.0277107668159864,0.0027874619066177,0.0192911211829712,0.0350307295401637,0.0422554742035843,0.0227526813470471,0.0108532286068523,0.0236718090994151,0.0313225488852558,0.0225437016217173,0.0263991882148823,0.0126836078816806,0.0169693557992529,0.0457410230640148,0.0238638157660923,0.0269029987471186,0.0295890304027901,0.0062676439264457,0.0345595245270274,0.0374320294980412,0.0422933748064567,0.0193219799307431,0.0318260433542147,-0.0042413140885238,0.0120564107960693,0.042279955200874,0.0236108024204451,0.0252592735893769
2448,0.0207246660149373,0.0148342941629015,-0.0044235828107442,0.0031061521262041,0.0587745848260095,0.0102752558073069,0.0338305783822896,0.0523882668478698,0.0195248454355673,0.0423790387872938,0.0112945062495554,0.0157417750120466,0.0106885798103685,0.0267842518516937,0.0088523339709526,0.0205971878050361,0.0287749657474795,0.0216477094801339,2.3322341305994345,0.0149778633341707,0.0697089027230318,0.1085499504096656,0.0098620972323481,0.0500256808118627,0.0648100473343352,0.01020837750779,-0.0118500235255519,0.0504448104948671,0.0023645768424001,0.0418154254264739,0.0715211418043901,0.0116387778450437,0.0062027725878377,0.066055675950216,0.0454467413221277,0.0643892848994805,0.0298882076859648,0.0052339686682731,0.0346755032154251,0.00309888470382,0.0537554830721825,0.0087579149605726,0.012925395402186,0.0108186418660072,0.0194526000516624,0.0260217842194266,0.0785167353479911,0.0330882403505915,0.0408612266437904,0.0362962209770497,-0.0034710662175802,0.0124756467002804,0.0107991571201785,0.0115627178403445,-0.0009175136152308,0.0014432003746477,-0.0034314213488672,0.0008971631453313,0.0326808318593633,-0.0056824950331121,-0.0059593178431806,0.0262836482249685,0.0256227577510478,0.0708163506169528,0.005613854247789,0.0147896902381274,0.0143228113666141,-0.0002945062931203,0.0003515645866223,0.0120974591484647,0.0090276027621119,0.013437834191663,0.0231062005014948,0.0076549047733511,0.045971050025249,0.0056015228295282,-0.0045603134041707,0.0174646311628844,0.025069608725724,0.0019016091197827,-0.0047476402854073,0.0076515629459221,-0.0079918591124544,0.013573807687044,0.0120070880371982,0.007348408122904,0.0245482877569165,0.0200153476383746,-0.0004224174333652,0.0819329847880027,0.2362429332060918,-0.0019466032970518,0.058823197749877,0.0332434841910803,0.0378101438808294,0.0188439865572379,0.0191447049323134,0.011731243215329,0.0280517157623021,0.2013220970650663,0.026245874948158,0.0406943152554029,0.0266609293305701,0.0200067701424991,0.0955134737371607,0.0117104660066248,0.0124115184344956,0.0195087334316197,0.008337621880367,-0.0011383491363367,0.0450785003345757,0.0343223003246267,0.0601697498846796,0.0612244797417148,0.0134387851384361,-0.0028005844772285,-0.0035994301949812,0.0563889091807509,0.0315384846237863,0.0377614590753512,0.1110010590818269,0.1517059249226626,0.0043873644538175,0.0423354741038356,-0.0031705127417641,0.0170813997352463
2484,0.0251199428683553,0.0042057797863388,0.0170979423610597,0.0230993863173596,0.0395014353816208,0.0441207444784058,0.0501511629538317,0.0378978374633887,0.0685003890143855,0.0233380956313245,0.0468876351288626,0.0541315405007405,0.0360790574146701,0.043101686734271,0.0320261136768204,0.0435390574133335,0.0343857562709468,0.0445996532593789,0.0149778633341707,0.7683135487383977,0.0207107083224645,0.0609106203817772,0.0306071454269192,0.0332386852858525,0.0400542699157073,0.0219478428755627,0.0177371613974585,0.0562373936107591,0.0581289962617165,0.0251553436671331,0.0710903873610795,0.0435266748033688,0.0107171005235383,0.0614116343615789,0.0821321525019038,0.0183251880930605,0.030190396155616,0.0431073377740594,0.0207338291139989,0.0247874408748963,0.0265443602793986,0.0513593411617454,0.0346193505453372,0.0500753879981328,0.060471274811809,0.0597905214737267,0.01299894352848,0.0370629156124288,0.052309710589714,0.0375970988582038,0.0401139844418243,0.0420936187761574,0.0292933775534348,0.0339899855708989,0.0463891560999426,0.0283673984516723,0.0306214679509412,0.0243033119475863,0.0539300200127161,0.0418207499189602,0.0124461748868469,0.052702924658859,0.0421309539450206,0.0128070615947295,0.0356950930788608,0.0220466456260856,0.0171922417572777,0.0061906567868417,0.0368248945818454,0.0260880491525517,0.036646649089386,0.0221647236977676,0.0489846731842687,0.0155539883091585,0.0264981678526621,0.0486933451846232,0.0125955207855211,0.0321083805445634,0.0321964562540608,0.0425812770898296,0.0202663167995935,0.0403874610766571,0.0362009024655092,0.0140842565874184,0.0353236481860665,0.0257017983295145,0.0437984561371993,0.0202279370865898,0.0517672199394293,0.0293090780058057,0.0152696103153383,0.0272754174137506,0.0227146857671833,0.0513239701462084,0.0343117596856846,0.0418690105010031,0.0345822555228577,0.0310457247784844,0.0447270994857068,0.0039751798362514,0.0226683205446188,0.0443542979420335,0.0387206707036072,0.0295625882999547,0.0148794377422179,0.0274951199026993,0.0319224883591043,0.0342082027484321,0.0324153554614213,0.0149533492072302,0.0147929663907104,0.0474756513589294,0.0295502423124588,0.0349867745155019,0.0302954457644876,0.0183022568153338,0.0257561862056392,0.0593845362667332,0.0355160665774491,0.0379135846380829,0.0301441610424876,0.0152250552177809,0.0156026702453532,0.0229340013718042,0.0424830122277576,0.0319457156943211
2541,0.0159185603364039,0.0083056516825486,0.0171080406702509,0.0011249776334025,0.0100536185488103,0.0198359207669797,0.0841640182328528,0.0603695339242046,0.0184757912453748,0.051715226299634,0.0362160087557054,0.0188650395953301,0.0619972492302374,0.0509421015741669,0.032619136640348,0.0283782005742928,0.071574722042684,0.0292371331101562,0.0697089027230318,0.0207107083224645,2.0765055541499264,0.0275645595103454,0.0270100223625219,0.0511425910948381,0.0155948706065451,0.2120315864872702,0.0074277048215061,0.025685918452794,0.016201844765773,0.0837413857835763,0.047846153789193,0.0337709489157605,0.0255445528834801,0.0077227383065984,0.0302235101955735,0.0497297734283167,0.0192667295702353,0.0230605992073923,0.0396473399513406,0.0072915737818768,0.0198715643924772,0.0230715030174596,0.0297917095012001,0.0303107773282642,0.0330719660086919,0.0609630957560011,0.0298850895196093,0.0264457595876852,0.017261179518761,0.0471008852900247,0.0456868025501524,0.0386805366408011,0.1030561489858321,0.0258145806298811,0.0663041058970894,0.0168604502605185,0.006494493487083,0.0289146831382872,0.0855991917803946,0.0149871768791727,0.0055384231891173,0.0247458409931784,0.0214956617527545,0.0259665235041622,0.0576446940948019,0.0202946976295861,0.0137332358072988,0.0318734782565002,0.0491297525041794,0.0164808314364321,0.038854921015901,0.0735256856565368,0.0224263641937278,0.0149420871780939,0.027317830708109,0.0262305392001005,0.0058263490237064,0.0326156571537627,0.0249186148044724,0.0711072982741124,0.009481090336082,0.0315959481622472,0.0491862714589004,0.019163900205283,0.0188835664111009,0.0346894331644096,0.0275275161570503,0.0319702868198559,0.0286849233211858,0.0542764352267221,0.0408928083415648,0.0328952241311242,0.0238478855331497,0.0206879289835164,0.031573433025878,0.0239690532543085,0.0322782345412977,0.0163753871654592,0.0239042161141067,0.0215545709373169,0.0312128807964177,0.0591384774299622,0.0069605186816868,0.0371578043709302,0.0160702174288748,0.0261392946066066,0.0435664510618946,0.0314430927468387,0.056180693589776,0.0273754051064992,0.0097755540607794,0.0195332095773413,0.0847224755888987,0.0404229244854588,0.024594000780776,0.0907489753131241,0.0320124748065684,0.0329593501574509,0.0377576315069289,0.0374199605522331,0.0238491900538258,0.0120820329945548,0.1163113496415441,0.02874178491293,0.0251506128621893,0.0394049823521419
2648,0.023833356584809,0.0086143768590038,0.0092557997014622,0.0100535426803352,0.0343396075109884,0.0606198901722929,0.061747855403411,0.0750855827356443,0.0967408743457706,0.0341021697018261,0.0292650302655427,0.0393592141080273,0.0537407910547213,0.0621041958812147,0.0389435674965551,0.0078870416472687,0.0469434972406341,0.0473377026159662,0.1085499504096656,0.0609106203817772,0.0275645595103454,1.1369891609443448,0.0382598267025979,0.0419017635124998,0.0678027845063744,0.0248061470484537,0.0128511392109655,0.1177866641517038,0.0130615749619819,0.0349021077932621,0.0494364479423787,0.025109913977131,0.0023539018505088,0.0328608058062861,0.0583766584795996,0.0453502228378463,0.0600723379079562,0.0301365343327319,0.0484716402922156,0.0219201927651833,0.0387842596051648,0.0619854039624545,0.0275449081592122,0.0666350634740698,0.0550898834494209,0.046183489839906,0.026562154715412,0.0114096718355765,0.1473453013782281,0.0380657552162614,0.0319031018658049,0.0644114504016428,0.0214784357203606,0.0368017627856156,0.0127345352019775,0.048544908213812,0.0366937045461998,0.0330914286524447,0.0383025588012507,-0.0024994099182513,0.0095823019046811,0.042428201210798,0.0335371408232714,-0.0065864285860004,0.0377160196258702,0.0282627859733798,0.0281674242472106,0.0153783419301506,0.0229227921986779,0.0299235933019277,0.0236977498428281,0.0135227277872978,0.0282896773455153,0.0208345151861413,0.0133726071941824,0.0341212254948764,0.0054021899243814,0.0246475896564221,0.0300182151309054,0.0517672663261929,0.0147365159659358,0.0506920298521948,0.0222044619511499,0.0033318632853776,0.0355594757283996,0.0648012716659515,0.0076819327106128,0.0105318926558662,0.0458865499675278,0.0399599120039285,0.0663342066139458,0.0302527664385527,0.0332081430031394,0.0344619681473157,0.0479200898960483,0.0487505150962401,0.0474703919107884,0.034509496971674,0.0455175301213801,0.0330144390599956,0.0374995214322879,0.0522168104314831,0.0357575100894238,0.0359859151371018,0.0341517813974389,0.0377024264107161,0.0493370444760216,0.0462627867573389,0.0258696190145699,0.009683503902521,0.0186131364483787,0.0517030821423357,0.0353090430153956,0.0354080318692683,0.0320797092383992,0.0045508738221922,0.0335141152755669,0.1209261715568413,0.0522238099460401,0.0419598370819534,0.0843942062149132,0.0431913760696281,0.0248983978954816,0.0396008496601704,0.0198051619958145,0.0355339507795546
2678,0.0081795022821798,0.0356757280027344,-0.001244187119342,0.0180419194563717,0.0146849710014866,0.0546100171506383,0.0369988767762449,0.0422290297127248,0.0109942068752532,0.0299671601512811,0.0471727546847948,0.035614366489612,0.0344574915128927,0.0447301974099512,0.0373431406152742,0.0217712036020442,0.0246036348025365,0.0254027917439016,0.0098620972323481,0.0306071454269192,0.0270100223625219,0.0382598267025979,0.8833829141448462,0.0537622359541896,0.0384673457601143,0.0340103514792739,0.0309792332316907,0.0289277935744082,0.0045169715876575,0.0274465142457991,0.028286951315453,0.0347207279328491,0.0063216775086793,0.0243417301025449,0.0188861042189782,0.0162748039808041,0.0164930837526231,0.0184029014834607,0.0223722266505631,0.0433318136284325,0.0218470487442329,0.0339589395286946,0.0357640851169648,0.0390533718820618,0.063966796600916,0.022376052956617,0.0137378113455263,0.0639476281824947,0.0262076097298729,0.0323251710237659,0.1551155948240778,0.0442195242038077,0.0207921685952553,0.0411144114054988,0.0264875439866572,0.0151199704153474,0.0209107884372265,0.0201881389353815,0.0134209123004134,0.0033413700596208,0.0251405841641197,0.0351322887400869,0.0201712384875396,0.0161047537063432,0.0219798590777825,0.0488427328262348,0.017728867964545,0.0117077208676671,0.0209458387409835,0.024998457548775,0.0262639247856812,0.0308070346205111,0.0245271345028382,0.0215648036593738,0.0330784641121606,0.0249071855070801,0.0126888888544144,0.0332301727564899,0.0213691445134022,0.0148553140761369,0.0564304036476279,0.0145054191181702,0.0344521898814843,0.0223995575784992,0.0218509511344679,0.0025522764263878,0.0109696114812413,0.0255804476149979,0.0177910580919078,0.016084852562448,0.0084635548525502,0.037072986155168,0.0189966461864201,0.013772556175083,0.0179441750622681,0.0302282933525894,0.0199890500239532,0.0270536307207181,0.0351826660419532,0.0012710508036915,0.0196494179059751,0.0290528976783972,0.0208773170513011,0.0300540245141351,0.019825891742968,0.0229696638329572,0.020590853542345,0.0349614091671824,0.0383827858790755,0.0439621430927022,0.0236456231078243,0.0304857059653377,0.0473405657035553,0.0127524104793416,0.028109679563696,0.0642643335480745,0.0203231823180809,0.0188657917767483,0.0290165379132708,0.0460925301717624,0.0258328344266939,0.0237808675027699,0.048971113457613,0.0227311008119668,0.0204002109793595,0.0334965235818571
2738,0.0147007316830352,0.0322822135948018,0.0024192902861058,0.0066417305246367,0.0141326195919114,0.038851802184627,0.0370686023075651,0.0310731901411675,0.0233231813842902,0.0295932588948016,0.0405126824650966,0.030030097350037,0.0400483639671392,0.0430225992929677,0.03322697251006,0.0406289354595753,0.0361547541355042,0.0238004041337955,0.0500256808118627,0.0332386852858525,0.0511425910948381,0.0419017635124998,0.0537622359541896,0.684504870812059,0.0447251730190522,0.0845954096715663,0.0133812057124082,0.0443383967253483,0.0236529779131308,0.0344167985656078,0.0351582411944926,0.0202039733054498,0.0038012917211373,0.0398571516438071,0.024696606618352,0.0304517607803793,0.0267731528107523,0.0357929666230602,0.0168602787680997,0.0378919419729422,0.0175378241003443,0.0305473083625659,0.0401304237535434,0.0314038651268536,0.0252354771001964,0.0568337158872107,0.0274360650195844,0.0147256674979937,0.0164760738776659,0.0159822334296598,0.0477942152795291,0.0385929274078962,0.0335053983696384,0.0196784281324969,0.0462611866055413,0.0507432462115557,0.0172818444475403,0.0292524491114958,0.0550502445014655,0.0196858792494958,0.0307740394345729,0.0448060541840826,0.0361977603465222,0.0184242404298859,0.0142432383485597,0.0280127157656657,0.0273363693213322,0.0229597234544686,0.0358049833048935,0.0281462217803301,0.0269704908489209,0.0388406426384198,0.0390155463691798,0.024072550095193,0.0530112616244677,0.0372108987922136,0.0194026354737393,0.0606417619203371,0.0276422894581539,0.016895993100378,0.0273284931504051,0.0194783385158118,0.0255774766653689,0.0119185861994816,0.0328242097215566,0.0171018163309133,0.031596850746973,0.0683480873323095,0.0192000407874769,0.016417346022138,0.0236618990522053,0.0253261735186576,0.0172862763427781,0.0293542189114308,0.022038940356553,0.0319806859741031,0.0306917256389896,0.0239375502336425,0.0432631133300363,0.0132603137325458,0.0285652913136017,0.0295809595119943,0.0268864193192836,0.0337184890286358,0.0331308920468358,0.0299624787554315,0.0347245111001947,0.026154858247449,0.0376276218763652,0.0326887156224381,0.0154862542296404,0.0202529237466724,0.037970361569147,0.0144907284338018,0.0306432647322051,0.0661595464165057,0.0230695912146375,0.0208813872037402,0.032172141329195,0.0296709847444704,0.0392032270960413,0.0263111485909055,0.0557272535528776,0.0287934972711735,0.0302733668919287,0.0229288993491331
2757,0.0547218685971906,0.0131062887234104,0.0108467829960644,0.0279579031791424,0.0455378678674975,0.0574915714942793,0.0498136818280467,0.0523794199956812,0.0472802664860409,0.0364954371159677,0.0341144736761248,0.0474895756819584,0.0428529425769733,0.0556065319668974,0.0352679996130031,0.0402012317750116,0.0536182856665067,0.0645984863595002,0.0648100473343352,0.0400542699157073,0.0155948706065451,0.0678027845063744,0.0384673457601143,0.0447251730190522,0.7274821659963039,0.0286545940467315,0.0137788075533859,0.0613021190335599,0.0489429196665394,0.0403870421416596,0.0753151031173813,0.0364533200272476,0.0135333076569084,0.0458158664008656,0.0488782748326973,0.044308716130129,0.0512991988452511,0.0281785392349758,0.0353286660593025,0.039604809024565,0.0435692290166677,0.0505700328984492,0.0415769568259596,0.0549179047708737,0.0286228788437569,0.0544025920416876,0.0495144562192984,0.0257041077144315,0.031023988670012,0.0476788858783634,0.0350086374544231,0.0507727352102274,0.0396144731842938,0.0370679761825682,0.0495170353258506,0.0338481893861427,0.0492735627751538,0.0446752666661422,0.0621061734172585,0.0034683512740998,0.0139496377892454,0.0332078721408188,0.0257638545637495,0.0268064159259817,0.0179473728069721,0.0313807706591888,0.0274013704025686,0.0158982202707464,0.0140753384964361,0.0290396330737918,0.0335390758132322,-0.0001836171887262,0.0477727260846407,0.0238375339995306,0.0304506610403562,0.0404467929208361,0.0219921154841559,0.0407525156812027,0.032419637490936,0.0246759786334517,0.0281270813133321,0.0227864467851182,0.0245308054830953,0.0032471579433253,0.0869578742991248,0.0168512767303677,0.0107761690522776,0.0300092395817901,0.0306581626089835,0.0405811403013371,0.0391336222114242,0.0454668426147749,0.0309043198154031,0.0464945804595538,0.0666695308934663,0.0635307988076459,0.0375747278258253,0.0287721288658225,0.0430628479387085,0.0345241766391457,0.0359303869849317,0.0405293018613654,0.0679684228093792,0.0280011773339055,0.0298983424934328,0.0202031865670635,0.039062558249469,0.0340183697097968,0.0325835887873044,0.033090634326872,0.0505125885408315,0.0394754611452319,0.0442643919782862,0.0295323575061088,0.0350055120911582,0.0139604470744213,0.0275095458517741,0.0386242201844063,0.051789196817147,0.035248158439353,0.0461200920479734,0.0233674532700942,0.0116309979000829,0.0535466051628837,0.0235059781312579,0.0418387943074321
2778,0.0393070136496073,0.0032361039000086,0.0471434705501993,0.0018574090096296,0.0354636360000028,0.0184418851658793,0.0643415850260309,0.0299969173906424,0.0176875701496124,0.0215415062623751,0.0325758465132036,0.027896584411646,0.0469820473014739,0.0469695262783625,0.0319585939255244,0.0290677887665416,0.0641894700810467,0.0337958034551256,0.01020837750779,0.0219478428755627,0.2120315864872702,0.0248061470484537,0.0340103514792739,0.0845954096715663,0.0286545940467315,1.3464444656458818,0.018171723578258,0.0252307399387859,0.015275242315346,0.0553966783827093,0.0337910445378079,0.0424396083835291,0.0232010848891395,0.009158537215426,0.0193354477203681,0.0227782528099616,0.0215178283271468,0.0226557436407842,0.0215324260972681,0.0333362699486102,0.0224594122697518,0.0271634366254356,0.0276240336270539,0.0362479537423769,0.0369358628481517,0.0399957093324421,0.0052593559086627,0.025426118250854,0.0182448318778037,0.0505822149865024,0.0439711159650781,0.0299478336918505,0.0759533812661353,0.01719462249501,0.0473857897914785,0.0125803425377058,0.0150992134709141,0.0393400876269654,0.0645332097397422,0.0198394894687739,0.0279552572369413,0.0339562675038716,0.0152203783366159,-0.000658961745504,0.0309056146042304,0.0192571205275489,0.0117239919437373,0.0177013344593151,0.0471347598597969,0.0226105004109042,0.0299845505223706,0.0962420208311784,0.0166367763168737,0.0055984886354464,0.0228889569435558,0.0210315122014826,0.0138193780875847,0.0336717634657901,0.0216415892339433,0.0630308483550314,0.0140665350465373,0.0324017488526625,0.0329857851821478,0.0094078627613802,0.0140070126222194,0.0315237042244039,0.0186559932968077,0.032261970998891,0.0199682391374638,0.0072534149148965,0.0240768633628499,0.0255341819201797,0.0135644647782979,0.0187554867791465,0.0155022187550953,0.0317316518902777,0.0254526317673364,0.0268873471045591,0.0252791657460946,-0.0006977744953502,0.0242395957780411,0.0844524354345355,0.0192930995934402,0.0453980514909669,0.0185988147840115,0.027453391986501,0.028435502023635,0.0258781331601797,0.0671248867727428,0.0387187622711173,0.0134357746612171,0.0227596232440892,0.0757422907836457,0.0482624011009649,0.019746943745398,0.1057887872370822,0.0489502320666947,0.0339821947020173,0.0349758822339508,0.040409704090363,0.0385632014613267,0.0019191770167209,0.0886102942887553,0.0338434346933984,0.0303096983397643,0.0362606469224805
2842,0.0206678914946511,0.0318604531363302,0.0197703981211169,0.0015316962220785,0.0069802518023024,0.012376883247805,0.0010068039190761,0.0355532537757659,0.0037512420368329,0.0427547339588255,0.0271190229196094,0.0096209294398188,0.0022546125073459,0.0273155879879205,0.0165403295296182,0.0036738717593385,0.0293877695606124,0.0067471060322864,-0.0118500235255519,0.0177371613974585,0.0074277048215061,0.0128511392109655,0.0309792332316907,0.0133812057124082,0.0137788075533859,0.018171723578258,1.2116134754952692,0.021160494929451,0.0233285303837035,0.0386639926081214,0.0172257105889972,0.0345892103635161,0.0065720095657463,0.0131864190831566,0.0312882628378341,0.0079858015008784,0.0293266223631982,0.0282907961517572,0.0164066308927848,0.0263099666771238,0.0236170347391573,0.0131442316514713,0.0171524524311479,0.016251587087558,0.0300143867857,0.0154212392370643,0.0070997554129292,0.0283755374066212,0.0033839283667348,0.0153847536037541,0.0358223628878335,0.0172686039491807,0.0325758429120425,0.0305971203255627,0.0071641368956438,0.0090634640643957,0.0071693870551193,0.0325791742937152,0.0164679659022749,0.0445041385966065,0.0326139181602276,-9.783025706281592e-05,0.0098058338906076,0.0869013304445529,-0.0023871425001784,0.0348555768379533,0.0065248780966622,0.0344508432058153,0.0093514323379845,0.0087995491698675,0.0110280382379846,-0.0129268319676193,0.0080148270915299,0.0480364675051509,0.026727634306017,0.0164480316712384,0.0134111554746841,0.0151855349666781,0.0130622597765702,0.0172995277971058,0.0112798172995042,0.000847900089923,0.041083452081136,0.0715943452066938,0.0156307365693494,0.0060933541373744,0.0074384765142806,0.0078122447674164,0.0049603024807451,0.0063528828086595,0.0361130342128695,0.0094894890724145,0.0093901535109404,0.0422799777488426,0.0224436843320755,0.0187046042017268,0.0194090276622507,0.0063930058261222,0.0251514902062893,0.0364920239011752,0.0306643271459805,0.0029863794450975,0.0069225223335101,0.0216723690145261,0.0273975964047908,0.0155548009264698,0.0209417960841498,0.0174589152382762,0.0081523468946213,0.0205440072956865,0.0082673792529014,0.0090293791144877,0.0153388943808704,-0.0029409241121216,0.0146012514847786,0.056736098314787,0.0180063423924645,-0.0040077556437973,0.0028499682013729,0.0182851771923385,0.0120503034861935,0.0440203617867408,0.0209070355065336,0.0067196539714688,0.0146606086762965,0.0080406244890374
2859,0.0615179824920588,0.0263917633097901,0.0104122572579453,0.0224915193607517,0.0436467272498452,0.0394654721449516,0.0543661434311756,0.0383414563583917,0.0493474287114259,0.0450235230409243,0.0363539782856284,0.0389906362548828,0.0436650085984859,0.0623314306509895,0.0343454070415664,0.0214571893526792,0.0471011690287249,0.0435253615084702,0.0504448104948671,0.0562373936107591,0.025685918452794,0.1177866641517038,0.0289277935744082,0.0443383967253483,0.0613021190335599,0.0252307399387859,0.021160494929451,0.5019129554011451,0.0470037654454843,0.0439040607537365,0.0681199459300386,0.0267437489624423,0.0045419664441257,0.0627503393696158,0.0545881729915749,0.0616488047388983,0.0394922575485085,0.0592670428603847,0.0508823848010618,0.0379103895964699,0.0487672071784974,0.090611684431378,0.0371586415824871,0.0432416172685651,0.0298719463318336,0.0673597996184287,0.0331501786518494,0.0397853484126837,0.0452026089567199,0.0327562395086946,0.0230439003366111,0.0553685246120143,0.039048733728072,0.0324458795948929,0.0390243293828107,0.0413508771052719,0.0381782967437978,0.0225838035418718,0.0955501863268484,0.0075629782421182,0.0226337171775496,0.050592900466453,0.039258988481059,0.021509428334434,0.0340122436780635,0.0448665700380878,0.0296405541313436,0.0130119678275681,0.0365766427627035,0.0343780747800707,0.0326624491373308,0.0169516108831032,0.0522368513672613,0.0276753903402679,0.0321435233720784,0.0380046199416915,0.0164208254762036,0.0391313967710104,0.0328368676415715,0.0192811894567523,0.0207657687642686,0.026363721550332,0.0340614743090595,0.0074132454542458,0.0460826423674003,0.038882349491733,0.0128869623254989,0.0391717152693316,0.0321666454715374,0.0312963051236231,0.0476343784657948,0.0366399853244646,0.0385589969594212,0.029663789232074,0.0451604518449276,0.0464471845217601,0.0349701368334865,0.0285313118344009,0.031551965678766,0.0311400058833373,0.0306923907656759,0.0315922617981411,0.0373497444337663,0.0275280483585807,0.0350668407399036,0.0324008107090438,0.0421053188383997,0.0307302676564743,0.0242988088662385,0.0243121937803466,0.0253897057759479,0.046600133868121,0.0405921483577718,0.0387149333339889,0.0315876144792861,0.0124435833766415,0.0309129347932793,0.0512650137766122,0.0448463645913237,0.031310649716077,0.0432147652940188,0.0188066771868613,0.0231777632721712,0.0440160304085129,0.0331260513508242,0.0382515447370362
2860,0.1067865685917084,0.0035696737690889,0.061972591579959,0.0505151219581419,0.0512867136306722,0.0601221791821111,0.0276622598604351,0.0416070390971035,0.0452706769173885,0.034444439519617,0.0473849500235989,0.0291283537802244,0.0216861037995442,0.0354245236997038,0.0176132675331379,0.0138033424949739,0.0516561009806365,0.0295237905019022,0.0023645768424001,0.0581289962617165,0.016201844765773,0.0130615749619819,0.0045169715876575,0.0236529779131308,0.0489429196665394,0.015275242315346,0.0233285303837035,0.0470037654454843,2.0319804270109256,0.031922285513236,0.0644720859202591,0.0383838267426682,0.005243894501475,0.0229748924796832,0.0831974846471202,0.0395079423795851,0.0315605637186909,0.0224001853771297,0.048345991507209,0.0242303119655879,0.040997442496186,0.0549797822037042,0.0407697595904237,0.0432701791633439,0.0291438235833292,0.0499824703664584,0.0029762565019133,0.0088201316675985,0.0311941401436258,0.0291283982435447,0.008235733922474,0.0454976179069166,0.0079689284908889,0.0076358630703061,0.1352603924757254,0.0214638769191107,0.0527476168281385,0.0190886114061212,0.0501771187870451,-0.0029733976879675,0.0067515615121131,0.0313365902775373,0.0429794187559926,0.1023343611132455,0.0348187749369118,0.0428111894503122,0.0184059498635254,0.0038232981242503,0.0149501055595498,0.0099214910095617,0.0350086207415642,0.0094134159671091,0.0598313733995408,0.0132452847267792,0.0218139202194709,0.041758065521032,-0.0030909330917966,0.020983063514101,0.0268292242262466,0.0362258549625257,0.0096110867699044,0.0372619415693398,0.0390151132113961,-0.0029708481938419,0.0579675248382589,0.0214329126848554,-0.0075658027628735,0.0313807385712726,0.0205251960531988,0.0238378860248925,0.0302693796189989,0.1060028897771705,0.0092450507559709,0.0677528527886329,0.0408663530831025,0.063275523894164,0.0390571981679428,0.0262596300543346,0.028953728298707,0.0025582420463356,0.0205302047273781,0.030989588396383,0.0582393562189521,0.02640721325278,0.0138319881677438,0.0305221997672409,0.0319355061682773,0.0300483013008524,0.0260727603912122,0.0152420265048851,0.0255343194397439,0.031021265626235,0.0213805662594037,0.0206164605158999,0.0210427769049181,-0.001654735014319,0.0380360348646904,0.0353311383604788,0.0319509307212139,0.0432721780338986,0.0186373989835039,-7.386210799404921e-05,0.0085745904437572,0.0536673028604307,0.0614696846741301,0.0372803472240369
2976,0.0409068075591235,0.0085259443342653,0.0211927357472654,0.0233313792253034,0.0372747122754925,0.0378280513898102,0.0573868764538152,0.054766565034808,0.0051559637051883,0.0378426816418494,0.0419935635138187,0.0281544007403029,0.0462041748952625,0.0567617641191887,0.0343595106261011,0.0270519565790465,0.0451266829315257,0.0391874909617597,0.0418154254264739,0.0251553436671331,0.0837413857835763,0.0349021077932621,0.0274465142457991,0.0344167985656078,0.0403870421416596,0.0553966783827093,0.0386639926081214,0.0439040607537365,0.031922285513236,0.4900524075141257,0.0672911153997008,0.038030544128545,0.0085900987110691,0.0422519921905704,0.0445245920823993,0.0573295544932939,0.0364764006247306,0.0488444706082139,0.0339046163621097,0.0427393968851653,0.041988851901652,0.0431020656284532,0.0343425553020958,0.0303301995363087,0.0339561196074899,0.0594801393980999,0.0384739628993143,0.020417533689523,0.0333546843928707,0.0581988168201659,0.0238899595585629,0.0401850639719977,0.0528770007830096,0.0522039654391169,0.0394398026271987,0.0403443224626651,0.02811964973477,0.0346487683174752,0.0759490161506343,0.0338149711385506,0.0269142658061026,0.0277567160025797,0.0345604432581682,0.0314588108243991,0.0316767538992142,0.0340907424074504,0.0323401713932341,0.0274727083994087,0.038778196511943,0.0290816880739555,0.0385610688239431,0.0142154133540476,0.0561528468617644,0.024837475952454,0.0359323963138189,0.0289238640746786,0.0122590237020969,0.0277796231488781,0.0234709816849822,0.0273246285694109,0.0226677809354446,0.0262242933962559,0.0336066929969544,0.0242582877285407,0.0352067775587252,0.0260736354643882,0.0243783182197306,0.0343183544173974,0.0162063357099592,0.0456325428557641,0.0368171563606715,0.0267184021648525,0.0369528433802469,0.0381898952581188,0.033492377469904,0.0361329254584365,0.035291452445953,0.0294282140354842,0.0422375224765391,0.0194981972019096,0.0336191083204644,0.0286786700973075,0.0390392738658634,0.0352057804323344,0.0278647315110398,0.0291593637419855,0.0331243273110561,0.0271100066230925,0.0323494880305116,0.0265904745073125,0.0351218685343526,0.0341077998870477,0.0415774894279769,0.0255271631721115,0.0296725981961141,0.0360296316540167,0.0340373330051621,0.0224072655122622,0.0368688193073749,0.0307676094219527,0.0276196608840252,0.0139822399146286,0.0395845233118893,0.0297243433801815,0.0374848614210636,0.0320414341468652
5404,0.0456014556266021,0.0219286994550082,0.0180106778115379,0.0149014000263181,0.0432090622559474,0.0511142905164224,0.0447799005801888,0.0758001279231805,0.0168749343705302,0.0510436688434905,0.0463691082986921,0.0280133301404574,0.0394647427911291,0.0543944437693063,0.024466695645783,0.039867990382359,0.0482675686991646,0.0358075611511717,0.0715211418043901,0.0710903873610795,0.047846153789193,0.0494364479423787,0.028286951315453,0.0351582411944926,0.0753151031173813,0.0337910445378079,0.0172257105889972,0.0681199459300386,0.0644720859202591,0.0672911153997008,1.1492183193267929,0.0512569591245501,0.0220467655434833,0.066588437668573,0.0356258854734967,0.0938965464098562,0.0491794265964589,0.0703433286778211,0.0378281411347084,0.0478828851163728,0.0688745471991929,0.0686518346527472,0.0466712879390119,0.0325509345998264,0.0425274301854911,0.0754705995727149,0.0541654645678892,0.0510263934133727,0.0303825765134696,0.0664485037474056,0.0337644667706083,0.0498476562085538,0.0520638190589727,0.0531787704094282,0.0428795585076704,0.0497523389225024,0.0618336889190511,0.0828232586977396,0.0730813668163894,0.0340786903814885,0.0279248825535154,0.0522479265641899,0.0400532883944611,0.0387239195253576,0.0178225100355759,0.0313306609359229,0.0389869687792667,0.0219409086456258,0.0284921669738275,0.0486375266059973,0.0439833236280137,0.015390602835632,0.0575619629391426,0.0465672948957256,0.042781603533165,0.0351441172265967,0.0164376726464358,0.0387611508329157,0.0258322188361715,0.0115651688550621,0.030240342832314,0.0086079861540233,0.02039430209336,0.0030922749694171,0.1613467939297759,0.0269298596005327,0.0466596560718075,0.0490757436980024,0.0453812293985094,0.0491175019047957,0.0368878008996652,0.0471998063876912,0.0283132071136509,0.0594757433519154,0.0705860200172526,0.0699366353322753,0.0330530769529418,0.0205512698532423,0.0383660183655898,0.0412192656923084,0.0188789064520376,0.0290298740228647,0.0479064942734512,0.0318612117249939,0.0336865104214283,0.0343117311994458,0.0392377511457529,0.0278776233844882,0.0221423681399675,0.0355547100720544,0.0484020639254661,0.0382263594906609,0.0566389477702642,0.0315839019957777,0.0414333486674151,0.0271705598508757,0.0462618003527861,0.0306564088770534,0.0454262258606027,0.0405338293154785,0.0385301980919131,0.0320028923366322,0.0285315446912499,0.0499238969275768,0.0269221378983381,0.0337819243355384
5432,0.0319172372678138,0.0101277634274199,0.042926950031836,0.0038511588643628,0.0184314525953341,0.0452547511577131,0.0401361543390607,0.0371426717846286,0.0228450207150419,0.034644263016617,0.0388011941233242,0.0312044475926942,0.0407023162057062,0.0388461879440025,0.0172753474030376,0.0192221186595192,0.0230982961396114,0.02617753595726,0.0116387778450437,0.0435266748033688,0.0337709489157605,0.025109913977131,0.0347207279328491,0.0202039733054498,0.0364533200272476,0.0424396083835291,0.0345892103635161,0.0267437489624423,0.0383838267426682,0.038030544128545,0.0512569591245501,0.8447037336133236,0.0240831683115641,0.0571474022540607,0.0376259695857861,0.0420812159148039,0.0461431326104719,0.0366282485353683,0.0182999295757146,0.0327827039664709,0.050636172628426,0.0457048417884969,0.0367814525481323,0.0359761933958077,0.0190332717564015,0.0470104560056833,0.0452085550556878,0.0234991357925915,0.0295465098800413,0.0329424795274818,0.0342556129142753,0.0350548668090477,0.0441415129646325,0.0410984083739553,0.0556106906080464,0.0221919303873137,0.0355373393757779,0.0285140279841244,0.0354025186885335,0.0106651518748964,0.0254004800828859,0.0391204065052624,0.056166577916329,0.0442932407318266,0.0518141267793791,0.0481622324249774,0.0241200353041672,0.0295431575343764,0.0260029830660945,0.0310089969468537,0.0307164999544851,0.0004398872665767,0.0417726256108704,0.0261617945983183,0.0393399673863955,0.0439294629378525,0.0315998705579984,0.0425081347437571,0.0303215147083691,0.0420152578597008,0.0246321592590279,0.0373689106648109,0.0577641119954991,0.0347248356137833,0.0457256602479448,0.0281438142638021,0.034007243239278,0.0216034597283035,0.0220761061474352,0.0354859602208168,0.041673394051464,0.0548689806056195,0.0417536726201027,0.0537751320059273,0.0315910974023497,0.0406946470784272,0.0454608279793267,0.0167877404383089,0.0396934246881437,0.0147036840279309,0.0313928363523516,0.0255332514863056,0.0407787802236064,0.0292669388840596,0.024688735826798,0.0142146603529718,0.0291064503899751,0.025294090107528,0.0349057523606652,0.0390750821558237,0.0171104357047088,0.0416458807648832,0.0555224635960792,0.0281946065749695,0.0337879464652488,0.039632216745184,0.0223251039592783,0.0276852336882851,0.0430689978166869,0.034720148218572,0.0256688973789496,0.0255981501860161,0.0211777999554712,0.0317877061196167,0.0235717436584331,0.0391163918701046
5435,0.0340329345827977,0.015385528919272,0.0468071099578723,0.0092444639247863,0.016820420667072,0.0091465171141273,0.0301695826922747,0.0294670282789842,0.0104350958218163,0.0121836661103037,0.0083608671458492,0.0132063180767938,0.0049902133051474,0.0154984141912249,0.0055073210323651,0.013470706818773,0.019437915827601,0.0045653566235499,0.0062027725878377,0.0107171005235383,0.0255445528834801,0.0023539018505088,0.0063216775086793,0.0038012917211373,0.0135333076569084,0.0232010848891395,0.0065720095657463,0.0045419664441257,0.005243894501475,0.0085900987110691,0.0220467655434833,0.0240831683115641,0.8064865452705429,0.0198869856660493,0.0136830863964126,0.082528774996553,0.0159972675667168,0.0159499799870609,0.0074467414866783,0.0209552930260469,0.0080544877764022,0.013327322338413,0.021682192027562,0.0104221974125926,0.0241173966567594,0.008190732992513,0.0144691896199436,0.0100519582063059,0.0224209797079044,0.0297339607575742,0.0215748155855958,0.0167581896081923,0.0392139742970117,0.0139701612444202,0.0136966145416578,0.0054075795926821,0.0228002792991229,0.0139802035445348,0.0492333613208254,-0.0015727795810386,0.0090517101875976,0.0064346591333155,0.0273249758449678,0.0097847518718459,0.0024183663305748,0.0122024640749537,0.0165411255789756,0.0031988895633452,0.0091050932657509,0.0137651115891054,0.0213536895722926,-0.0041744574128726,0.0173271131197705,-0.0006862645617569,0.0163809360052289,0.0239226211674315,0.00556745837849,0.0233260779964504,0.0139649347358574,0.0331755169216651,0.0321994247898943,0.0252453933408209,0.0308813435232727,0.0033774172843699,0.0138226562394833,0.0135884729586085,0.017950199384963,0.0246272495083918,0.0141369680091896,0.0128636807851579,0.0191943068728949,0.0018835687284159,0.0342314944941253,0.033110456101518,0.0146509066671676,0.0364062549991711,0.018424833208407,0.0067239318512798,0.027474457172041,0.014682027023278,0.0164193712955299,0.0300635370945808,0.0155401220977197,0.021765408543948,0.0109790791026709,0.0076473611060314,0.0216166191537354,0.0120167145092642,0.0205859726538281,0.0047751303829282,0.0355604548027379,0.0122864123112417,0.0268502801644806,0.0087908067588727,0.0173373025614202,0.0151850717851773,0.0007914166136585,0.0144617283089552,0.021855085400779,0.0277973046400351,0.0132841039371378,0.0048123446659409,-0.0029345450162755,0.014043269268222,0.0072344970699557,0.0118489791413719
5436,0.0180607236459791,0.0051285153822006,0.0203580447030443,0.023427845228378,0.0420546254333918,0.0795271991186708,0.1046323154016571,0.0453532914604195,0.0240333744676208,0.0307000759954556,0.0394518434631,0.0409566455593249,0.0428943227996671,0.0407848924680764,0.0291398093469405,0.0363631071000874,0.0414123766764305,0.0308366842194952,0.066055675950216,0.0614116343615789,0.0077227383065984,0.0328608058062861,0.0243417301025449,0.0398571516438071,0.0458158664008656,0.009158537215426,0.0131864190831566,0.0627503393696158,0.0229748924796832,0.0422519921905704,0.066588437668573,0.0571474022540607,0.0198869856660493,1.7537018834190927,0.1429900156301503,0.0780957047473597,0.029276265767685,0.0532715041178756,0.0968447673668689,0.0818242809210052,0.0505471919075678,0.0753431481168113,0.0451370222430177,0.0472027792282788,0.0763994832349403,0.0797393415627408,0.0300744127929248,0.0616345611827988,0.0273326578653944,0.0471577038723669,0.0255281003951758,0.0544665321432056,0.0285751190820471,0.0661566309776164,0.0570262103544793,0.0534982953923255,0.0461694848005222,0.078922489519981,0.1437787599546148,-0.0044924556228887,0.0098159502612273,0.0689329844411937,0.0377079469508866,0.0864660964194699,-0.0108339117821858,0.0225768177621564,0.0216054398544368,0.0132804409971526,0.0165396928395297,0.0260736370027114,0.0402430019658916,0.0088374541044201,0.0543734642665544,0.0271303171888654,0.0341840479552917,0.0801922121976302,0.003764303794285,0.0350738204480916,0.0388423525099625,0.0145265239271428,0.0230508854923211,0.030988918794061,0.0562025681934271,0.0100093494371324,0.023134847929794,-0.0003906307981603,0.0195777170762101,0.0655812373241055,0.0100848947832105,0.0271429427929545,0.0198457842078203,0.0116448615963214,0.0237397962432719,0.0564585725697175,0.0451081753077875,0.0380283961865704,0.0367825078720525,0.0349715869674009,0.0241730936364222,0.0142545990849877,0.0318514805181505,0.0217836817959967,0.0482947039560711,0.0270373198040354,0.0144636867643909,0.013686111352688,0.0198092915893471,0.0173160392775068,0.0396393887421617,0.0165051139908288,0.0309980984711366,0.0406356313624246,0.0248322780932804,0.0556115481026255,0.0276330036213588,0.0170226483794116,0.0112955637548098,0.0599967180424003,0.041851412607653,0.035177900090314,0.0541706132100426,0.0283050878272685,0.0259700707136316,0.0256655062869005,0.0246173379033396,0.0277965126086915
5437,0.0640145746388373,0.0016434957525068,0.0370002088677441,0.0304254964746883,0.0343402284242662,0.09112352828721,0.0732773141118375,0.0512748187672802,0.0815819581900171,0.0300635456151547,0.0423739271428855,0.0571546071459943,0.0344508805705949,0.0447454461838148,0.0289312870910827,0.0123933802105828,0.0459557656261763,0.0360063589934324,0.0454467413221277,0.0821321525019038,0.0302235101955735,0.0583766584795996,0.0188861042189782,0.024696606618352,0.0488782748326973,0.0193354477203681,0.0312882628378341,0.0545881729915749,0.0831974846471202,0.0445245920823993,0.0356258854734967,0.0376259695857861,0.0136830863964126,0.1429900156301503,0.8677469185292975,0.0701170164770106,0.0699705856246215,0.0403214095105593,0.0497241458713885,0.0340625551716054,0.0731808347300867,0.0530757370325565,0.0465821359544782,0.0603402889420143,0.0515161402827749,0.0486130229359632,0.032849763445486,0.0311620347351185,0.0611571016525091,0.0277832472753401,0.0396430973040765,0.05020359898069,0.0631066315842402,0.0407662794121017,0.0409978287712371,0.0371413940065727,0.082320123747871,0.043651885878605,0.0256004754411156,0.011329474973119,0.0214750933119179,0.0359601975927094,0.0564381525185105,0.0157410893826823,0.0261989390260851,0.0189944848895849,0.0201348897648686,0.0160810697210312,0.0121693025342766,0.0305506726538139,0.0235383907896225,0.0037149690062023,0.0527957886235358,0.0066265173378929,0.0244044763232244,0.0322013446205843,-0.0013934359526528,0.0236809448735066,0.0217667359788435,0.0171444233106951,0.0116559830367673,0.047908840864989,0.0314669926185739,-0.0013587816196781,0.0407872084088934,0.064379256433981,0.0119218572360595,0.0300083680089162,0.0302096930787642,0.0691296485171568,0.0842576827827717,0.0346874586419395,0.0815565813076446,0.0562150079385894,0.0541044672834504,0.0716166784980428,0.0472502973589124,0.0234170587073661,0.0472476993888632,0.0292596449583245,0.025970255031433,0.0475188390935839,0.0600746722216657,0.0276464212460519,0.0269374032298948,0.0134052549413095,0.0336038938576343,0.034350740424212,0.0252058156342735,0.025273429857805,0.0382981918348897,0.0371193342547642,0.03933253105309,0.0361602388838037,0.0208265830596886,0.0036205272398822,0.0251713036780076,0.0679661227536923,0.0378137261815542,0.0356034176087843,0.037285594329277,0.0119593179750898,0.0130013527480337,0.043388568740637,0.0569846966384924,0.0268055087378969
5438,0.0510008158048825,0.0083183933780369,0.0186012076460305,0.0497723319003825,0.0800409905797138,0.0455898424941375,0.0585621733124803,0.0381772714309543,0.02109638283148,0.0532197089102013,0.0319529549810343,0.0445966457830299,0.0328118563586416,0.0426008460006352,0.0232899186533129,0.0374821980513839,0.0805346952964276,0.0331004206628735,0.0643892848994805,0.0183251880930605,0.0497297734283167,0.0453502228378463,0.0162748039808041,0.0304517607803793,0.044308716130129,0.0227782528099616,0.0079858015008784,0.0616488047388983,0.0395079423795851,0.0573295544932939,0.0938965464098562,0.0420812159148039,0.082528774996553,0.0780957047473597,0.0701170164770106,2.248135214860943,0.0603575416471067,0.0393380731944208,0.0998441639599366,0.0490277241897721,0.0573892210809977,0.0440564479215132,0.0574991952654107,0.040981060306306,0.0174129255328922,0.0519742978924582,0.0466943076168014,0.0374812943747261,0.0447183296802918,0.0969098650099273,0.0293812681608511,0.0484477672138552,0.0864325325402655,0.0871404715148151,0.0288421414564359,0.0328252219318532,0.075518550477734,0.0674070851836526,0.0613161316036566,0.0263118335373112,0.0765876230530032,0.0489695428276682,0.0744830799309059,0.049528395721396,0.0432290625454545,0.0300959220349444,0.0823102169788268,0.0483764527713644,0.0446154077291053,0.048853445389581,0.0332828758467582,0.0011714510124725,0.0545603741509363,0.0269300025185744,0.0814639130643474,0.0516454755124064,0.0829264663936202,0.0621618407721865,0.0238658878513748,0.0300663435232665,0.0423804472386649,0.0433525286452662,0.0160025836508754,0.0085047992336956,0.1018594789783958,0.0319541220192863,0.0146476525991487,0.0658794331024906,0.0730761530997329,0.0923499604319088,0.0704954223610722,0.0370808776129177,0.0441750231004602,0.0628551452544313,0.0808569420158639,0.045520003679661,0.038627472306395,0.0357332565961451,0.0567625926545766,0.0351490522996382,0.0244286811255637,0.0364705923429638,0.0433982320940149,0.0304602920358592,0.036046471633416,0.0168518863001967,0.0415782117184641,0.029466531542884,0.0384890409578681,0.0269887528549439,0.0757933445324019,0.0483136248891273,0.0501361962709261,0.0433669540556982,0.0358867731902215,0.0054822710207491,0.0176788073270875,0.0168996057606057,0.0375460970885273,0.0463592651103575,0.0439446920361216,0.0082951190096144,0.0397304030357049,0.0348210949095647,0.0171900668800527,0.0337576095820363
5439,0.0752931329750488,0.0226914815317763,0.0280542016912371,0.0256668552845471,0.0397354721802238,0.0543498980255425,0.0508938519736856,0.0421112949637123,0.0514187212882584,0.0283972492222496,0.0354581514722221,0.0211320273022316,0.0217196528892292,0.0428466052658632,0.0235303992922949,0.0271501659005863,0.0409028694732931,0.0341577169475121,0.0298882076859648,0.030190396155616,0.0192667295702353,0.0600723379079562,0.0164930837526231,0.0267731528107523,0.0512991988452511,0.0215178283271468,0.0293266223631982,0.0394922575485085,0.0315605637186909,0.0364764006247306,0.0491794265964589,0.0461431326104719,0.0159972675667168,0.029276265767685,0.0699705856246215,0.0603575416471067,1.2360730443384609,0.0366986030678204,0.0611611237586522,0.0479220121646528,0.0774576121475832,0.0378973852644524,0.0392461323757645,0.0373752160024827,0.0413511238971107,0.0453593169330188,0.1147370470934654,0.0123198292792334,0.0678347758145054,0.0246203712243949,0.0310434894038558,0.0613809328786037,0.0407398309461983,0.0458391731817169,0.0236770692095229,0.0235266007027342,0.0311503182345655,0.0484741737865014,0.0417475768886415,0.0195829656356933,0.0224478353148806,0.0285825601749727,0.0493349505414365,0.0406388311790928,0.0229411444546196,0.030271478479917,0.0318080939992808,0.0233499831507156,0.0135233913544861,0.0266307261619191,0.0350333940166575,-0.0013352458316266,0.0370982281089618,0.0204568950208713,0.0405638774444243,0.016782368601919,0.0077260911784856,0.037837732693421,0.0240803464470385,0.0219588250976365,0.0129636394895762,0.0299275925890374,0.0578151743331575,0.0088516562965069,0.1037187695956257,0.0674703483116211,0.0088370388284514,0.0206358679172404,0.0351815109338396,0.0780520577268876,0.1075408880358335,0.0222329826369986,0.0968915998931863,0.0570122604919909,0.0368632967664988,0.0427602480454148,0.0372843009345167,0.0275002198414695,0.0417059394912116,0.0453896676750256,0.0206523026123857,0.0303723304707174,0.0362903327178682,0.0261060743877511,0.0351569637093881,0.0235598790355506,0.0341561828893294,0.0191920085711907,0.0202022637542233,0.088673288192087,0.033253888847159,0.0359740751424484,0.0303957451821123,0.0180240319044356,0.0272340641659641,0.0132894316258165,0.0111801364811841,0.0153480137813189,0.0327414293697231,0.0216286143677423,0.0291601141081426,0.0138255684803554,0.020748041580723,0.0259827261538319,0.0305239630310248,0.0229914684748368
5440,0.0541326267392783,0.0366778365909011,0.0103560653845185,0.0268645564113131,0.0453011408453884,0.0557812191124836,0.0704302353437963,0.0712516775040465,0.0266447652291236,0.0377733958735648,0.0404596672833192,0.028234499760873,0.0534489220757828,0.0436045475931442,0.04404192802299,0.0342883773844924,0.0279947041712652,0.0480006426373139,0.0052339686682731,0.0431073377740594,0.0230605992073923,0.0301365343327319,0.0184029014834607,0.0357929666230602,0.0281785392349758,0.0226557436407842,0.0282907961517572,0.0592670428603847,0.0224001853771297,0.0488444706082139,0.0703433286778211,0.0366282485353683,0.0159499799870609,0.0532715041178756,0.0403214095105593,0.0393380731944208,0.0366986030678204,2.17976779821933,0.0429301623084437,0.0792056898793945,0.0463162450817575,0.0666190187176248,0.0528320243789661,0.049405892462115,0.0566928052416127,0.0547671476413055,0.0323824555211623,0.0033138390533805,0.0354645750845692,0.0279823699998645,0.0386202832332198,0.0489927589079777,0.0264786092949367,0.0242342444650937,0.0515087519852347,0.0446292366404768,0.0364233483918505,0.0589125217350601,0.0544808697303875,0.032974381608379,0.0619756163961339,0.0382184930967828,0.0498491075822563,-0.0008887129830896,0.0166806114676957,0.0468648311403415,0.0403883122641191,0.0366612162848561,0.0692681817024423,0.031692877736075,0.0387955537820272,0.007508802313881,0.0386883602666459,0.0428657732469692,0.0398081342491717,0.0277789393836109,0.007067996522435,0.0208064162226065,0.0224335109708638,0.0085690345606332,0.0812114025202536,0.0193860404977499,0.0260489754993662,0.0101318298378596,0.0317082753147339,0.0156362454124156,0.0268104384495426,0.0423792306891664,0.0463886751165959,0.0379432336983026,0.03071531498547,0.0282596208972294,0.0158900909931187,0.0356740376864244,0.0216464012702265,0.0408142539687017,0.0207272412254713,0.0354516361975459,0.0737158671696532,0.0133250418533344,0.0136754974481533,0.0232258096497066,0.0149218053110523,0.0243767907343503,0.0205718792569021,0.0194367372402662,0.0409491638693088,0.0271350041822568,0.0223908216153031,0.0314429067128583,0.0108976138189731,0.0436209584602412,0.0467363772272058,0.0273790472100913,0.0360604076217849,0.0306250453026402,0.0202262343946085,0.0151191827509491,0.0321670892894472,0.0302699532148033,0.0249275630820313,0.0050078586463169,0.0482900639155553,0.0391509583359332,0.0398552236620587,0.0285784856613087
5441,0.0470906445989202,-0.0014018326365257,-0.0009454879662229,0.0093129494791389,0.0614942860301082,0.0313868249915731,0.0323044952806937,0.0427585274107288,0.0828306367539592,0.0173393698163638,0.0310977763758157,0.0685545609387991,0.0394514339401304,0.038119594966238,0.0404190399294,0.0326443870876197,0.039958929915495,0.0236062042515684,0.0346755032154251,0.0207338291139989,0.0396473399513406,0.0484716402922156,0.0223722266505631,0.0168602787680997,0.0353286660593025,0.0215324260972681,0.0164066308927848,0.0508823848010618,0.048345991507209,0.0339046163621097,0.0378281411347084,0.0182999295757146,0.0074467414866783,0.0968447673668689,0.0497241458713885,0.0998441639599366,0.0611611237586522,0.0429301623084437,1.3047940760718122,0.0241002518976758,0.084626147487604,0.0857984182930904,0.031420612570641,0.0259848501169907,0.0289460016313596,0.0656965871314636,0.0201817616675861,0.0419370285868408,0.0528283962053235,0.0303182769752144,0.0241299515002391,0.0299655419098743,0.0189603188297981,0.0427926342773692,0.0288820863199144,0.0472143761611455,0.0683880367507142,0.0258450361689471,0.0632492098546738,-0.0004279246507371,0.0091240454780197,0.0324452440102253,0.0194206870444529,0.0129533142129325,0.012382024986811,0.0347215394044254,0.0124957930585038,0.002725568362991,0.0188368590772934,0.0261822642602501,0.0179272104643767,0.0165703455703132,0.0283639074374737,0.0002901193312421,0.0235274991622854,0.0294518987938092,-0.0018013113702068,0.0293474802946473,0.0109517528831298,0.0122899479517634,0.0064623066709647,0.0213222291678598,0.0295300243304304,-0.0016075167296924,0.0438614245862774,0.0332860667469117,-0.0029822886562902,0.0324153714415722,0.0222086663593448,0.0164465701900616,0.0221975917297927,0.0188198158447388,0.0097011165156684,0.0283901655882435,0.0297660440455329,0.0397663748812118,0.023828878944929,0.0347960534017005,0.0182912053161083,0.0120161489299816,0.0164190089960693,0.0164729396971945,0.0331624775428053,0.0193500470679545,0.0214498038403398,0.0175697426959441,0.0187633158007749,0.0239804441218937,0.0196625782003335,0.0225455834789375,0.0422003194260859,0.0422156327328031,0.0226413647451597,0.033042096997733,0.0120341247810351,0.0156203427844525,0.0184683845919639,0.0265115050823522,0.0391393405224918,0.0272652612186464,0.0302020593603317,0.0188677681222603,0.0270928470286462,0.0419556917827251,0.0173282767789725,0.0188121588491397
5442,0.0117820582155169,0.0088890388907308,0.0081976173585813,0.0060556955468224,0.0175559152219197,0.0811050753696916,0.0402896035858532,0.034205369232221,0.0108756039343332,0.0350602647234041,0.0493705935785877,0.0368102648942158,0.0406529515672036,0.0441866086913509,0.0197972077430695,0.03774398022178,0.0517362803203813,0.0270045315978596,0.00309888470382,0.0247874408748963,0.0072915737818768,0.0219201927651833,0.0433318136284325,0.0378919419729422,0.039604809024565,0.0333362699486102,0.0263099666771238,0.0379103895964699,0.0242303119655879,0.0427393968851653,0.0478828851163728,0.0327827039664709,0.0209552930260469,0.0818242809210052,0.0340625551716054,0.0490277241897721,0.0479220121646528,0.0792056898793945,0.0241002518976758,1.5885720947051711,0.0614817465944107,0.035727409276724,0.0565174627806924,0.0441772527494602,0.0675783117350047,0.0496727587364033,0.0299353391242837,0.0343517864764818,0.0293545493455356,0.0881895181053331,0.061526294829449,0.041108547365339,0.0645611718254361,0.0373406418505282,0.1062732484531065,0.0609464328224449,0.0259713738708114,0.1111691440888871,0.0394552293566197,0.0111735784532244,0.0118068818225419,0.0226134775760509,0.0480431455653641,0.0022107286293053,0.0166688716214052,0.0345621261053908,0.017031869496217,0.0186119553661829,0.0619551806063268,0.0294538329509995,0.0374076669123013,0.0083558920456938,0.0285846498645574,0.0124088913564188,0.0357420153356219,0.0363987967042026,0.001343713678052,0.0390594272975054,0.0271524741117917,0.0852447226092057,0.1543356680714451,0.0306798184772572,0.0683557428361783,0.0165743770107455,0.0332967739782902,0.0376321080356324,0.0162549245718165,0.00970184319117,0.0406834822121295,0.0371047360526249,0.010725412829662,0.0329631136015393,0.038274306905577,0.0185578521296919,0.0225197004342659,0.0507609503960616,0.0230245758627524,0.0295284737734447,0.0510197559307441,0.0003598939785062,0.0168134334977647,0.0263638394635001,0.0441769048956021,0.0354038665340766,0.0062273329661574,0.0270535016681893,0.0345865266986961,0.0372000950443306,0.0294491964272412,0.0749180845483318,0.0111475162680829,0.0594016898543622,0.0434301311746797,0.0155711962422804,0.0338636487026806,0.0394266274059563,0.0258094824553748,0.0163045088718603,0.0770837729702265,0.0504012714397901,0.022518061063259,0.0166214069458193,0.0226681421105602,0.0326961618801327,0.0781471819233613,0.0408091561357336
5444,0.0371203622349955,0.015637117867062,0.0207170982508601,0.0118775605618061,0.0140422044261929,0.0336785181213488,0.037433218832086,0.0478475509093383,0.0325222491089878,0.0349417491464873,0.0453641274843573,0.0214124305196653,0.0286232719513366,0.0423371911402467,0.0076846723572718,0.0128209895453136,0.0413174842641463,0.0235157715869727,0.0537554830721825,0.0265443602793986,0.0198715643924772,0.0387842596051648,0.0218470487442329,0.0175378241003443,0.0435692290166677,0.0224594122697518,0.0236170347391573,0.0487672071784974,0.040997442496186,0.041988851901652,0.0688745471991929,0.050636172628426,0.0080544877764022,0.0505471919075678,0.0731808347300867,0.0573892210809977,0.0774576121475832,0.0463162450817575,0.084626147487604,0.0614817465944107,1.2043423819242116,0.0252310518860653,0.0344909904329569,0.0372333666546733,0.0337721168628069,0.0172442367477692,0.0724132087013064,0.0257390065354864,0.0431269010972165,0.0382661086807833,0.0286675101880039,0.058456525535224,0.0494846631236912,0.0752670948001716,0.0422217345635164,0.0307865248486856,0.0263485559076338,0.0319384966419229,0.0453677187566297,0.0028946946330568,0.0147523826812475,0.0267847218236814,0.0466065588682379,0.0505409326255125,0.0206322911482087,0.0437198693489195,0.0343337663457378,0.0485092869106901,0.0105493543999668,0.0321119383969652,0.029183789610902,0.0018157441872147,0.0407428092121454,0.007541503090076,0.0291646303162608,0.0222493620596485,0.0100973391556812,0.0334963195395437,0.021966263072191,0.0105850306827232,0.0075471327893476,0.0328004381917756,0.039608314282018,0.0440049723186604,0.0729747237276473,0.0298298081661607,0.0038477902432224,0.0215190676260974,0.0142492774534617,0.0645546800290028,0.0904348400119832,0.0239249390497283,0.0729045605365296,0.0659539413488264,0.0610171087027639,0.0420748602878942,0.0252396423322347,0.0148560672174506,0.0540762732707531,0.0634736510239121,0.0246307631588205,0.0436496492652854,0.039330798508956,0.0326806924828812,0.0433906905775215,0.0193831109101016,0.0282275658592638,0.0264600657025684,0.027124087153884,0.0570515709269832,0.0683947613767392,0.0636588395419923,0.0662368143831397,0.0424770738138234,0.0160754810006865,0.0266630548891925,0.016575231328147,0.0248253159519499,0.0458570729159881,0.0284856965364838,0.0402251343036459,0.0615509681752489,0.0336611575379789,0.0560980295761637,0.0283881899461258,0.0252057539461107
5446,0.0483004547091201,0.010800113155838,0.001542523929811,0.0256862939650914,0.0553312597287962,0.0501677108738462,0.0481950310453989,0.0564760596621153,0.0621613033157496,0.0338124922003933,0.0328664821481832,0.0438803083803319,0.0498365293427369,0.0615789825789935,0.0369029335975643,0.0416121397241933,0.0494821689416021,0.063413272337163,0.0087579149605726,0.0513593411617454,0.0230715030174596,0.0619854039624545,0.0339589395286946,0.0305473083625659,0.0505700328984492,0.0271634366254356,0.0131442316514713,0.090611684431378,0.0549797822037042,0.0431020656284532,0.0686518346527472,0.0457048417884969,0.013327322338413,0.0753431481168113,0.0530757370325565,0.0440564479215132,0.0378973852644524,0.0666190187176248,0.0857984182930904,0.035727409276724,0.0252310518860653,0.585892290363973,0.0483523038650081,0.0538603104699825,0.0555011591117312,0.0764289668452129,0.0296723606956689,0.0540959501407104,0.0328152962358401,0.0417085473780485,0.0344279063725399,0.061963276749633,0.0436348550458416,0.0463932076804772,0.0436177758461639,0.0795010702486546,0.0761050370282892,0.0265809969349893,0.1001670034978847,0.0017625777956378,0.0289708943220657,0.06620767657247,0.0326058644668732,0.0091786361066139,0.0363705035895316,0.0436310594777889,0.0234124219489239,0.0059436361527584,0.0343428472512222,0.0394683966589946,0.0347728683662221,0.0236403539515233,0.0537199347011161,0.0173541895347695,0.0301841386374482,0.0452804623618103,0.0146054032375377,0.0401621039927089,0.0335894252669272,0.0429200773608422,0.0417275386672576,0.0309273258231757,0.0377161794556109,0.0098180058645121,0.03366223855973,0.0256070209251687,0.0108992406378478,0.0358007656916288,0.032291455599958,0.0164673649000507,0.0177815913873599,0.0301398185599817,0.0286645248120552,0.0284029797433171,0.0369444332816617,0.0527171260457353,0.0443646119336087,0.0290247597200573,0.035489640121707,0.0010616242837766,0.0286034635904574,0.0243751562201043,0.0408800099359978,0.0298654660446724,0.0205917521846333,0.0333790660447939,0.0351258133646846,0.0334226544303059,0.0326262447523801,0.0314780577064442,0.027906222088042,0.0466079653291235,0.0266972850341579,0.0278108556043099,0.0472789253112152,0.0131379495589591,0.0506761376690147,0.0468768973092801,0.0498380786370376,0.0361296741393397,0.0349205099972057,0.0071386616876257,0.0239182788877465,0.0377445118327381,0.0325171558861309,0.029687456272536
5474,0.0292041568455161,0.0069353972965082,0.016233366153317,0.0174517176448401,0.0185750808684488,0.0568541130667279,0.0453388268769507,0.0451382682585779,0.0312495752866313,0.0190655822390735,0.045023575190095,0.0382901984608026,0.0403198563850916,0.0440662859479435,0.0317982962654127,0.0510383744903925,0.0437102977996171,0.0348184180013406,0.012925395402186,0.0346193505453372,0.0297917095012001,0.0275449081592122,0.0357640851169648,0.0401304237535434,0.0415769568259596,0.0276240336270539,0.0171524524311479,0.0371586415824871,0.0407697595904237,0.0343425553020958,0.0466712879390119,0.0367814525481323,0.021682192027562,0.0451370222430177,0.0465821359544782,0.0574991952654107,0.0392461323757645,0.0528320243789661,0.031420612570641,0.0565174627806924,0.0344909904329569,0.0483523038650081,0.4547342783420736,0.0303852979895142,0.0250481918193295,0.0551207292605021,0.0175601415592505,0.0394522959801897,0.0586146749103934,0.0433869241050925,0.0385324742782332,0.0468890508827731,0.0489609238756317,0.0358676130678036,0.0900116029900656,0.047473372519726,0.0491147971395788,0.0485080810290369,0.0461343850734894,0.0165790118246193,0.0266989922402178,0.0277050300149646,0.0523168496109703,0.0287431976210442,0.0471428738737107,0.0481714883697266,0.0347707096850548,0.020600100299212,0.0408103561760463,0.0423292494230435,0.0408041506986085,0.0091380815197285,0.0580932851908384,0.035997170834142,0.0485838908806965,0.0459985731544401,0.0505703756761976,0.0395124733664938,0.0332376046259141,0.0470231640039481,0.035089186295601,0.0360622252591589,0.0496242967585481,0.0146830113884856,0.0404683967946104,0.0458191203105151,0.0157405740619367,0.0452636295084932,0.0412061361641958,0.0439517791440919,0.0290922222643883,0.0655189828238368,0.0356741422511849,0.034411935637228,0.0328695325574311,0.0534224031801308,0.0388624750481557,0.0334649742127946,0.0364300921731088,0.0029064446342597,0.0370697572562459,0.0416990595125861,0.0406903941230799,0.0335406276241723,0.0289519779988769,0.0278148622741364,0.0511141416964807,0.0321917693543461,0.0319177120164868,0.0392613994656862,0.0232714239453135,0.0380049935370405,0.0442498993977303,0.0169978472508877,0.0398300195734608,0.0230024137165331,0.0375772583034344,0.0329195443447209,0.0431628277925645,0.0461693358822249,0.0251817946893035,0.0056417527338527,0.0211323880735225,0.0398075159339713,0.0475949251623452,0.0432672994843302
5475,0.0428454880757121,0.0064849649567253,0.0232909967753541,0.0151002337289717,0.0333705443638485,0.0486145110419597,0.0443650542301654,0.0474793930558571,0.046468666672755,0.0291053698795732,0.0426179040622683,0.0565799048597054,0.0385409057448563,0.0493054564930834,0.0285984468406775,0.0335193117273126,0.0560490559585026,0.0446217186072619,0.0108186418660072,0.0500753879981328,0.0303107773282642,0.0666350634740698,0.0390533718820618,0.0314038651268536,0.0549179047708737,0.0362479537423769,0.016251587087558,0.0432416172685651,0.0432701791633439,0.0303301995363087,0.0325509345998264,0.0359761933958077,0.0104221974125926,0.0472027792282788,0.0603402889420143,0.040981060306306,0.0373752160024827,0.049405892462115,0.0259848501169907,0.0441772527494602,0.0372333666546733,0.0538603104699825,0.0303852979895142,0.4906929042455166,0.047273504768027,0.0549358480896177,0.0159441039877976,0.0621770526028453,0.0639585742747905,0.0509549850773623,0.050863043746547,0.0637986433329837,0.0519051480306343,0.0481057753689532,0.0635559724772523,0.0589851889057539,0.0708104196590648,0.0475368877945346,0.0613889911247734,0.0172317627868753,0.0243652997208392,0.0423296433400296,0.0514709448821627,0.0230190585959701,0.0356131922753929,0.0421194652404309,0.0304151843895885,0.0165651537689955,0.0326085890118555,0.0413951368165308,0.0385280913121883,0.0205426861599284,0.0670030345772312,0.026458671147701,0.0405667732176018,0.045084291915653,0.0218807111629509,0.0318173323351499,0.0359796890009919,0.0236319072966474,0.0571093715854542,0.0366659250553379,0.0380542874413053,0.0120149623034937,0.0495944428460502,0.0434618627412439,0.0160072800758084,0.0430733958777146,0.0353399976689105,0.0514535061829729,0.0325276229644598,0.0394057140604251,0.0390380209214074,0.0402817452596871,0.0367617896329531,0.0590155411536719,0.0344393772841881,0.0302189991008686,0.0485908713667062,0.0091245283504125,0.0289050721256719,0.0375325030967868,0.0421418473751286,0.0290029088813521,0.0300411599656554,0.0276361699920182,0.0406337323729957,0.0339363876009425,0.036966030117535,0.0280189358546687,0.0281063804727265,0.0405113061702911,0.0325363633408183,0.0232064660814144,0.038790791394717,0.0143096967208675,0.0452387998641995,0.0402402271000021,0.037156402415765,0.0377598868118512,0.0294423747290697,0.0125462838775686,0.0231561271535919,0.0409436557248596,0.0489683137758905,0.0344860502346518
5476,0.0192938711281715,-0.0010102419005158,0.020867331475059,0.0445547766874261,0.0101273656212594,0.0596767135182289,0.0461008897636175,0.0966529141964234,0.0391421593162897,0.0237242449338095,0.0335923730985301,0.040983777953028,0.0368756439472766,0.0387667201277043,0.0437615676052938,0.0225780435364314,0.0301045058995731,0.0224305889610036,0.0194526000516624,0.060471274811809,0.0330719660086919,0.0550898834494209,0.063966796600916,0.0252354771001964,0.0286228788437569,0.0369358628481517,0.0300143867857,0.0298719463318336,0.0291438235833292,0.0339561196074899,0.0425274301854911,0.0190332717564015,0.0241173966567594,0.0763994832349403,0.0515161402827749,0.0174129255328922,0.0413511238971107,0.0566928052416127,0.0289460016313596,0.0675783117350047,0.0337721168628069,0.0555011591117312,0.0250481918193295,0.047273504768027,1.0190497624647323,0.0233376901284573,0.0084972802794368,0.0204054326642655,0.0101913703815627,0.0259671809865236,0.0482949918399928,0.0560100687109896,0.0712113008830471,0.030312421018186,0.041515563224892,0.041794443468908,0.0353008106033501,0.0362097573468751,0.0259808609026883,0.013782106189024,0.0234680147301589,0.0161355782535901,0.0326423448757205,0.026719315821941,0.0019535534863378,0.0248060345552443,0.0169560189092656,0.0082046432850376,0.0210055895240635,0.0199387976014199,0.0327648283683635,0.0243247471506076,0.0129195444384069,0.0140928521560932,0.0359150907941923,0.0528297442410604,0.0170015309891496,0.0388120527931984,0.0287138917907311,0.0853597000418425,0.0539085972041913,0.0272794653004857,0.0433583722632915,0.0157873434453037,0.0222320194283193,0.0052845644974825,0.0118932611368711,0.0221577857141085,0.0139870160901607,0.0181554206168982,0.0428752959846795,0.0257370699308088,0.0227030982100282,0.0336784307928869,0.0256078709050639,0.0252146380808945,0.0363980981664707,0.0168842281680613,0.0415314005648687,0.01201618768262,0.0269517952862807,0.0259834308180634,0.0523273505475651,0.0350626317651424,0.0209853181093218,0.0198788720846851,0.0363847930360512,0.0335082443783784,0.0388778529496214,0.0161556715784332,0.020298235955324,0.039217247290053,0.0282110211261948,0.0154061869213996,0.0277928168388421,0.0311811643204465,0.0180325633773994,0.0281731590206357,0.0303891658386392,0.0341206967587514,0.0366147550715698,0.0212077308172724,0.0323498373439056,0.019487534570256,0.0289472165447687,0.0177619059044517
5477,0.043668719920263,0.0106873993942311,0.0084965035554359,0.0099709676924013,0.0309540968226392,0.0397399013389776,0.053502715269801,0.0437919530300256,0.0363900101254435,0.0337671678340281,0.053043552708346,0.0682339695806699,0.0825512487781891,0.0606699760312193,0.0434027812331566,0.0335923939515628,0.0496053042164454,0.0535247084783696,0.0260217842194266,0.0597905214737267,0.0609630957560011,0.046183489839906,0.022376052956617,0.0568337158872107,0.0544025920416876,0.0399957093324421,0.0154212392370643,0.0673597996184287,0.0499824703664584,0.0594801393980999,0.0754705995727149,0.0470104560056833,0.008190732992513,0.0797393415627408,0.0486130229359632,0.0519742978924582,0.0453593169330188,0.0547671476413055,0.0656965871314636,0.0496727587364033,0.0172442367477692,0.0764289668452129,0.0551207292605021,0.0549358480896177,0.0233376901284573,0.8705785710059468,0.0171380595121091,0.0462603696837958,0.0455994719118391,0.0320950119250924,0.0377062940949783,0.0669501430170388,0.038311301506793,0.0495961497856335,0.0709227633930207,0.0944012595458515,0.0453170880694875,0.0297571987927715,0.1355218393259712,0.0310238185916507,0.0095575015466187,0.0691816045429762,0.0329408487210717,0.0155063628854194,0.0255507780261918,0.0441883383729438,0.0285065154631203,0.01468077960042,0.0164161560494492,0.0399079264673913,0.0355397546417156,0.0147934703191984,0.0430850773783199,0.0353845365935356,0.0433776685110818,0.0639702769484969,0.0161711314532062,0.041051353953693,0.0357482328558315,0.0293254314726333,0.0233529331610961,0.0313061838904844,0.0431833355102536,0.0096309215997946,0.0654066484753045,0.0250584718273653,0.0448425236376644,0.0634238001452333,0.0198619427013538,0.0231862271111395,0.0270492678214254,0.045237737213401,0.0177021001276475,0.0369131735076274,0.0483595108052179,0.0450576152164219,0.0337885719972459,0.0412661066647901,0.0373991222618556,-0.0025176993872235,0.0263653555167288,0.0457384066084975,0.0381479975969953,0.0320933339361285,0.0256946643066104,0.0404165079577802,0.0379953674602441,0.0294392604058503,0.0368969724510596,0.0199229787660559,0.0200623844066485,0.0419404283944232,0.0388620213173826,0.0227678886091439,0.0427972712322783,0.0269351385267046,0.0374754770447368,0.0526592991215404,0.0356696100903549,0.0466614377639321,0.0376750542383857,0.0094087103291468,0.0247108390443354,0.058053692805417,0.0331941513450437,0.0404228541724571
5479,0.0600960639203284,0.0092702803639709,0.0053863568719293,0.0043486046932366,0.0208108107817524,0.0189802083958391,0.0378470910155966,0.0389442589239266,0.0097234656194135,0.025367015133216,0.0210525322703354,0.0152712807963708,0.0223004175727671,0.0311511185510788,0.0181276803156615,0.0277197538928049,0.0426721225754768,0.0113973567490169,0.0785167353479911,0.01299894352848,0.0298850895196093,0.026562154715412,0.0137378113455263,0.0274360650195844,0.0495144562192984,0.0052593559086627,0.0070997554129292,0.0331501786518494,0.0029762565019133,0.0384739628993143,0.0541654645678892,0.0452085550556878,0.0144691896199436,0.0300744127929248,0.032849763445486,0.0466943076168014,0.1147370470934654,0.0323824555211623,0.0201817616675861,0.0299353391242837,0.0724132087013064,0.0296723606956689,0.0175601415592505,0.0159441039877976,0.0084972802794368,0.0171380595121091,0.7849886634581423,0.005782070091734,0.0087098195544099,0.0379313289352652,0.0142807578651488,0.0560012499601505,0.0542074001018626,0.0408878644876278,0.005176439654514,0.0193435963966383,0.0049228373218164,0.0278201672262849,0.0163981106998234,0.017122188117548,0.0186931526240762,0.0241173487867788,0.0276218381204265,0.0120384826787944,0.011275248382593,0.0202049546172282,0.0234792854156989,0.0116586302066158,0.0155276683829919,0.0237002846091135,0.0220898858126269,0.0067501543713871,0.0261461271231538,0.0037761896655185,0.0364934164295293,0.0160804730237861,0.0201672763750359,0.0364598409380186,0.0203163448424053,0.0095612386415047,0.0082203776842654,0.0118772658138294,0.0172694554230188,0.0118187596150565,0.0252653843250701,0.0095923721562336,0.0389321242683221,0.0340631390485623,0.0117897460554252,0.021920630097251,0.1106375523372163,0.0133460882304277,0.0713445315151466,0.0395501157745423,0.03260779537918,0.0246902119732832,0.0257662274800195,0.020376439055928,0.0394304517605214,0.1349442125300657,0.0258214301297037,0.0205002110945365,0.0268056345010236,0.0229313026578666,0.0352662897638745,0.0154761283632995,0.0208761069891961,0.0142834456308743,0.0244674206572019,0.0366080661108659,0.0425315196752188,0.036032969369739,0.055025060593767,0.0172372908119492,0.0221226469367098,0.0110960003857132,0.0131113847782525,0.0240970583101544,0.0207186173054796,0.0204118377106397,0.0314212493594881,0.051412036498135,0.0115937692541132,0.0229068258885142,0.0155050800141971,0.0153613177459919
5505,0.0370719254859639,0.0147541333595665,-0.0076376114488297,0.0010094073879094,0.0269902044071194,0.0195122773779185,0.0243556065301963,0.0237670037531502,-0.0025523732696783,0.0426705672970823,0.0033765447101595,0.0599692149477004,0.0180435971170515,0.0423139782959306,0.0291625259520204,0.0433791324009916,0.0735719887697127,0.0218515827190866,0.0330882403505915,0.0370629156124288,0.0264457595876852,0.0114096718355765,0.0639476281824947,0.0147256674979937,0.0257041077144315,0.025426118250854,0.0283755374066212,0.0397853484126837,0.0088201316675985,0.020417533689523,0.0510263934133727,0.0234991357925915,0.0100519582063059,0.0616345611827988,0.0311620347351185,0.0374812943747261,0.0123198292792334,0.0033138390533805,0.0419370285868408,0.0343517864764818,0.0257390065354864,0.0540959501407104,0.0394522959801897,0.0621770526028453,0.0204054326642655,0.0462603696837958,0.005782070091734,1.8587573923271143,0.0279915668301078,0.0378763548204804,0.0600481956667372,0.0320746507626032,0.0631031015536885,0.0455179724707412,0.0242701912612686,0.0367618977829897,0.0645796210403199,-0.0047456301008849,0.0022280140761438,-0.0058884696625777,-0.0095283576669797,0.0443163155248578,-0.0070158180342917,-0.0147778392910374,-0.0091195638805313,0.0010582491567181,-0.0067770550167751,-0.002130055184293,0.0216732468407206,0.007441345376408,0.0168679468534375,0.0250195749866834,-0.0045926073438764,-0.0120521613067334,-0.0056163784200536,0.0077174120474321,-0.0084306606318576,0.0156352482668161,0.0037433329938569,-0.0058459773363772,0.0036044310132557,0.0164679205977457,-0.0011319084802547,-0.0038521942803848,0.00976127660991,0.0226572455724787,0.0413599972512026,-0.0017301037455804,0.014288524863766,-0.0015465349751,-0.0144202360872858,-0.004762817483775,-0.011244703933509,0.0003183157357006,0.0227719016870011,0.1377256167699452,0.0169932841348803,0.0035696532971665,0.030609150413392,-0.0056337595602235,0.0139890913161141,0.0678611242580997,0.0606933804915022,0.0222035237968722,0.0134324225206761,0.0260096679268066,0.0233071003926949,0.0287972322299059,0.0243217972918821,0.0002059611952636,0.0865518252181437,0.0350208560419478,0.0734780676104232,0.0299860136018535,0.017223083784763,-0.0059099494504659,0.029808361304575,0.0355158422724136,0.0540173545052658,0.0310683244581395,0.0080149645108756,-0.000150109019263,0.0036681543700011,0.187006300743378,0.0253047094535733,0.0336721720192167
5506,0.0412622475951713,0.0062666602525269,0.0063833065756762,0.0213300807867381,0.014619180764239,0.021578098720964,0.038553004451297,0.0273283089228513,0.030459214832354,0.026857535173243,0.0276767916887504,0.0463071605329428,0.023366648280081,0.0484930599577278,0.0274630440832674,0.0918711547949129,0.0442510464212931,0.0639323714016717,0.0408612266437904,0.052309710589714,0.017261179518761,0.1473453013782281,0.0262076097298729,0.0164760738776659,0.031023988670012,0.0182448318778037,0.0033839283667348,0.0452026089567199,0.0311941401436258,0.0333546843928707,0.0303825765134696,0.0295465098800413,0.0224209797079044,0.0273326578653944,0.0611571016525091,0.0447183296802918,0.0678347758145054,0.0354645750845692,0.0528283962053235,0.0293545493455356,0.0431269010972165,0.0328152962358401,0.0586146749103934,0.0639585742747905,0.0101913703815627,0.0455994719118391,0.0087098195544099,0.0279915668301078,1.413661857163561,0.0396226341693138,0.0394494160794698,0.053926194643062,0.0319916578434288,0.0618862601561061,0.0853629024049065,0.0403709719474697,0.0651588658290347,0.0295625656854057,0.0277208855837625,-0.002427146533547,0.0194660812158044,0.0293802067453361,0.0444827807733945,0.0113936921797448,0.1611575857840771,0.0269434634955084,0.0393558167173576,0.0251428385651222,0.0851510472949263,0.0381705868929623,0.0266890984083689,-0.0050874793186087,0.0633992354090012,0.0030378729959933,0.020845525414274,0.0210753893338985,-0.0064970736214201,0.0115453735515475,0.0235842407834882,0.0244100902219757,0.0152926465807037,0.1356426099724942,0.0159246157974665,-0.0053933148235889,0.0925690001301095,0.2766874215923737,-0.0044522010152863,0.0014765670423306,0.0745968721519796,0.1453063694319362,0.0528391749466057,0.0607862084783249,0.1480946804861634,0.0431231448152964,0.0540025267418222,0.05554840910086,0.0705572000650926,0.0266239490445966,0.0433850287464392,0.0144839094806712,0.0201712573160817,0.058131800634088,0.059012564836825,0.0254178374672305,0.0358871464493338,0.022918892700101,0.0366888324516315,0.0359810332225322,0.0313984229490061,0.0508706467796424,0.0278295555130572,0.1068809294211504,0.0330824192718077,0.0500447177467138,0.0316369026012455,0.002042427062171,0.0296579016128047,0.1144105342029564,0.07449034824338,0.0555874886914746,0.0450969427634972,0.0129017594422279,0.0240084055507971,0.0689542033969588,0.0808072335611995,0.047100620607336
5507,0.0182545277381613,-0.0021800802707768,0.0283536356380241,4.079686809129471e-05,0.0574557662514689,0.0287922579239921,0.0592834813366231,0.0461482246716461,0.0171141571520584,0.019705401232707,0.0250304658868138,0.0334841137899317,0.0451010951391317,0.0572773741677675,0.0387799585050882,0.0818759235490904,0.0782840528151096,0.0376150175333789,0.0362962209770497,0.0375970988582038,0.0471008852900247,0.0380657552162614,0.0323251710237659,0.0159822334296598,0.0476788858783634,0.0505822149865024,0.0153847536037541,0.0327562395086946,0.0291283982435447,0.0581988168201659,0.0664485037474056,0.0329424795274818,0.0297339607575742,0.0471577038723669,0.0277832472753401,0.0969098650099273,0.0246203712243949,0.0279823699998645,0.0303182769752144,0.0881895181053331,0.0382661086807833,0.0417085473780485,0.0433869241050925,0.0509549850773623,0.0259671809865236,0.0320950119250924,0.0379313289352652,0.0378763548204804,0.0396226341693138,1.2013279226387066,0.0714284540085523,0.0679956539345517,0.093554754679306,0.0687100431235054,0.0083745994758864,0.0728456578251333,0.0332044514967028,0.092960844600646,0.0381156045075561,0.0030032975058865,0.013283562757547,0.0210480876364991,0.0296146989357275,-0.0030020543862083,0.0464183117364565,0.0282790669049279,0.0248830383450816,0.0120367542456453,0.031520363143889,0.0367132360658077,0.0392036139934115,0.0068784386291843,0.0388877769926929,0.0159397632018488,0.0108048824990557,0.0307853437070766,0.0713344643425697,0.0303710920519531,0.0277336303269702,0.0615060844640655,0.0730144366798461,0.023970122648075,0.0276348847476907,0.0142413926158938,0.0965273684711595,0.0517239974335449,-0.0003425194882769,-0.0031559286092478,0.0449524925353183,0.0350224946187636,0.0267308160300473,0.0265864498952855,0.029858415128784,0.0400876916876689,0.0198366894823979,0.0581054407842065,0.0350399885716895,0.0240783688306821,0.0448729598266823,0.0297665075992034,0.0318179995030711,0.0913536575509075,0.073637477898656,0.0418305355842227,0.0185428745948458,0.0252264722102547,0.0377794664429718,0.0508031082724514,0.0578053019743122,0.0126536637449206,0.0406095375662042,0.0474855644365226,0.0606826344136205,0.0325380064219765,0.045103670427948,0.0084724397379333,0.0230811288657887,0.0414635384044963,0.0562350394129887,0.0484869766499898,0.0209658733813468,0.0141512918620425,0.036006138663643,0.0467410616257423,0.0279701034836431,0.0379179169122403
5508,0.0106867787909553,0.0387690133282521,0.017877684573749,0.0165215019031408,0.0070190302468134,0.0418398560472468,0.0420101494331347,0.0453914579862005,0.0159419124295974,0.022550712788001,0.0473354785787472,0.0400214579891194,0.0390796838234677,0.0500368530815146,0.0326664406394041,0.0244820716723679,0.0336418644673736,0.0241872748590341,-0.0034710662175802,0.0401139844418243,0.0456868025501524,0.0319031018658049,0.1551155948240778,0.0477942152795291,0.0350086374544231,0.0439711159650781,0.0358223628878335,0.0230439003366111,0.008235733922474,0.0238899595585629,0.0337644667706083,0.0342556129142753,0.0215748155855958,0.0255281003951758,0.0396430973040765,0.0293812681608511,0.0310434894038558,0.0386202832332198,0.0241299515002391,0.061526294829449,0.0286675101880039,0.0344279063725399,0.0385324742782332,0.050863043746547,0.0482949918399928,0.0377062940949783,0.0142807578651488,0.0600481956667372,0.0394494160794698,0.0714284540085523,0.8678455355923242,0.0511621594285387,0.0266962951838307,0.0621212923460244,0.024340689236818,0.0287998499593982,0.021879581459889,0.031874746804967,0.0256098363150219,-0.0012106947239878,0.0315627227433678,0.0264645183221378,0.0300029914898955,-0.0035967310379416,0.0267411473026896,0.0608687608318915,0.0220258835189828,0.0278065587463213,0.0246845787124827,0.0333902557320391,0.0363583856038014,0.0088421954426236,0.0189378947951971,0.0220579656022902,0.0307333364969959,0.0355100034322576,0.0297864780732283,0.0391535661320872,0.0290914390578738,0.0398561094012247,0.0809298251017254,0.0236059899345868,0.0558924652810938,0.0473415919478935,0.035143422780306,0.0345458377988362,-0.0005225403163743,0.0077012868803509,0.0238084593678055,0.0344930543901931,0.0045281761941571,0.03523072913665,0.0301118449449008,0.0190915461298556,0.0170751797539453,0.031432776053486,0.029480911029817,0.0401502770691558,0.0427251059689774,0.0018370109724557,0.0249037397903791,0.049694250079379,0.0324226167186343,0.0404089630015198,0.0180700837900306,0.0235454764063826,0.0256120086781105,0.0287305690368607,0.0427572347669452,0.0338866252175408,0.0222029450503415,0.0317513088737336,0.0445713681368541,0.0150696201941053,0.0312228892303815,0.0565930491207817,0.024849722456877,0.0304234036560184,0.0413397469829874,0.0424557641769488,0.0185114864496674,0.0262477574684796,0.0530484605157632,0.0347192142082814,0.034886665440542,0.0242700628908701
5509,0.0344604209242364,0.0036625991915009,0.020670984312973,0.0114838301846833,0.0330034621530903,0.0483154151581504,0.0417645668454456,0.0439593781456768,0.0489915646173871,0.0301564044805778,0.0272306673222493,0.0418979225684167,0.0350761507540396,0.0538725074708431,0.0354103305753206,0.0382157521854649,0.0522407713072463,0.0378353407428744,0.0124756467002804,0.0420936187761574,0.0386805366408011,0.0644114504016428,0.0442195242038077,0.0385929274078962,0.0507727352102274,0.0299478336918505,0.0172686039491807,0.0553685246120143,0.0454976179069166,0.0401850639719977,0.0498476562085538,0.0350548668090477,0.0167581896081923,0.0544665321432056,0.05020359898069,0.0484477672138552,0.0613809328786037,0.0489927589079777,0.0299655419098743,0.041108547365339,0.058456525535224,0.061963276749633,0.0468890508827731,0.0637986433329837,0.0560100687109896,0.0669501430170388,0.0560012499601505,0.0320746507626032,0.053926194643062,0.0679956539345517,0.0511621594285387,0.6161452855820082,0.0457195578344996,0.0446385010045085,0.0426493606583508,0.102772646892934,0.0525105984908878,0.0352872715641311,0.0753406902255874,0.0229196330807837,0.0225570082352035,0.0350228653465342,0.0421982787085442,0.0070074814219903,0.0340540509534308,0.0438992950332038,0.0349601844183537,0.0167133098161012,0.0313120710902099,0.0382082756733532,0.0390622414344366,0.0136082893117395,0.0659833612084272,0.0391995809913532,0.0529773221018828,0.0556946748501826,0.0237861032525712,0.0538413426384871,0.042112583656983,0.0415441921498848,0.0468527594532575,0.024567022533086,0.0500830412809732,0.0143376043217998,0.0315994712205461,0.0269501130668193,0.0214935806037525,0.0536143968843996,0.025116546301507,0.0211252705814435,0.0353659385738023,0.0435117799091206,0.0349965475794501,0.0324944710154265,0.0317469360852981,0.0518286807837017,0.0454506595467776,0.0283443458154319,0.043186422746085,0.0205981499453258,0.0328237049335343,0.0322384364860265,0.0337615541546514,0.0409848016504356,0.0234144853270281,0.0412080926432403,0.0366239392181336,0.0381491176828178,0.0382525998394048,0.035931888707901,0.0248393749420796,0.0444480358669699,0.0492696039443006,0.0234520108835876,0.0492032769153288,0.0330998505109408,0.0345639044273865,0.0370219675919502,0.0439318087117052,0.0467722793619126,0.0441158964726657,0.0203127912135774,0.0394368271541493,0.0345343733435008,0.0436208947868539,0.0436762701950487
5735,0.031161657440746,0.0055325855236765,0.0250430312296229,0.0166521234314194,0.0284137948243343,0.0403715620117444,0.0637534011067861,0.0246387008173044,0.0131412319066832,0.0234299517300198,0.0315238096059701,0.015608137842912,0.0383588436269742,0.0495690017001755,0.0235878972634018,0.0368052821164343,0.1072561435296958,0.0343627628777034,0.0107991571201785,0.0292933775534348,0.1030561489858321,0.0214784357203606,0.0207921685952553,0.0335053983696384,0.0396144731842938,0.0759533812661353,0.0325758429120425,0.039048733728072,0.0079689284908889,0.0528770007830096,0.0520638190589727,0.0441415129646325,0.0392139742970117,0.0285751190820471,0.0631066315842402,0.0864325325402655,0.0407398309461983,0.0264786092949367,0.0189603188297981,0.0645611718254361,0.0494846631236912,0.0436348550458416,0.0489609238756317,0.0519051480306343,0.0712113008830471,0.038311301506793,0.0542074001018626,0.0631031015536885,0.0319916578434288,0.093554754679306,0.0266962951838307,0.0457195578344996,1.5759798578735142,0.0503023674666581,0.0044284454911923,0.0314473909051474,0.0206107099366496,0.0972475224142623,0.0263910943687386,0.0242412163558287,0.0109155269351752,0.0174009837473061,0.0388359923936928,-0.0008450942800767,0.0161530905459046,0.0267425882232613,0.0213148236970811,0.023094896462778,0.0221529412849086,0.0386875777894638,0.0285656829317125,0.0663963578218007,0.0212339843833146,0.0181007597456126,0.0185192705868321,0.0227969711595414,0.011011743112077,0.0341974788835147,0.0151485046688037,0.074657875283208,0.0463491171360377,0.0281029507444749,0.0374978147773385,0.0274446079986957,0.0467789754533061,0.0276326536364793,0.0170327005383323,0.0071667690729575,0.0123874797650617,0.043504506998241,0.0473624634807412,0.0466365823984294,0.0385169586161922,0.039161809904127,0.0336610132497811,0.0704051989352969,0.0365262941780146,0.0181698055253505,0.0483811234390453,0.018569522257227,0.0252742613786087,0.0600097041092143,0.0703932293304211,0.0456385397196885,0.016429813341037,0.0217763864533161,0.0403259369311979,0.0195889222682248,0.0595117134974542,0.0364927524825978,0.0390008223201422,0.0453260231852011,0.095100155221523,0.0391741436909436,0.0398219358528434,0.0119925332542263,0.0167319119455079,0.0117313738886524,0.0391771592297444,0.0298404930751342,0.0393162299799543,0.006931964124748,0.0600525356140974,0.0488199563839617,0.0416258245695993,0.0263636782797377
5743,0.0248974889581566,0.0058344953215552,0.0050941199767656,0.0463713341257596,0.029416823126883,0.0382332954502036,0.0449726627174356,0.0763801792839335,0.0256630924915968,0.0581527089762856,0.0475258044064134,0.0516595442983074,0.0450834979573229,0.0431914617653816,0.0250690935641117,0.0221916709555961,0.0327404554132343,0.0308269402972119,0.0115627178403445,0.0339899855708989,0.0258145806298811,0.0368017627856156,0.0411144114054988,0.0196784281324969,0.0370679761825682,0.01719462249501,0.0305971203255627,0.0324458795948929,0.0076358630703061,0.0522039654391169,0.0531787704094282,0.0410984083739553,0.0139701612444202,0.0661566309776164,0.0407662794121017,0.0871404715148151,0.0458391731817169,0.0242342444650937,0.0427926342773692,0.0373406418505282,0.0752670948001716,0.0463932076804772,0.0358676130678036,0.0481057753689532,0.030312421018186,0.0495961497856335,0.0408878644876278,0.0455179724707412,0.0618862601561061,0.0687100431235054,0.0621212923460244,0.0446385010045085,0.0503023674666581,1.166021721084688,0.0140779720397003,0.0369986973221045,0.049115580227665,0.0742314257863621,0.0549490386375305,0.0046062866524111,0.0369421051984175,0.0327171677627058,0.0269997823690057,0.0164128822510539,0.0421925011744409,0.0335440827169528,0.0812374994317894,0.0297169630467443,0.0576134721485837,0.0456594854505159,0.0282948683268948,-0.0035397448247202,0.0489508576472251,0.0163765806285921,0.0201351101414108,0.0363192763428829,0.0414227696641964,0.0152607741103555,0.032945884721308,0.0146476308074918,0.0405618756823179,0.0261819406663045,0.032123415632889,0.0012673447028362,0.0975174993903526,0.052489262702746,0.0025933289552581,0.0062796342521179,0.0504161047635986,0.1012357685520233,0.035013856432944,0.0067132407474903,0.0385159188353821,0.0410809980553178,0.0448430451574206,0.0518047429186848,0.0309706076399582,0.0381102098454582,0.0410722791706519,0.0271565005149904,0.0259238601144979,0.0242965274354184,0.0588320760977784,0.0270245103545332,0.0272822011905924,0.0162594706963628,0.0325208521892011,0.0258982534884077,0.0372169307557301,0.0300735591216745,0.0784080106210839,0.0476640758875063,0.0130735984717381,0.0245185491009287,0.0375445705530839,-0.0005858282629619,0.0215760689040164,0.0115287974355953,0.0363293046791083,0.0307163084992485,0.0279088335612325,-0.0021512893254805,0.0159275623441309,0.0364613742647652,0.0486993619720543,0.044094423694387
5875,0.0493907358021521,-0.0025281804417721,0.0035385319458686,-0.0002589352902762,0.0517973220313867,0.0515597402187343,0.0611780136664078,0.0521017676258457,0.0095125654510887,0.0198010459039131,0.0627361543191576,0.0535522187727152,0.0416101779036734,0.0504864577046313,0.0277742284742237,0.0941055973045408,0.0428921982382841,0.0288681427666654,-0.0009175136152308,0.0463891560999426,0.0663041058970894,0.0127345352019775,0.0264875439866572,0.0462611866055413,0.0495170353258506,0.0473857897914785,0.0071641368956438,0.0390243293828107,0.1352603924757254,0.0394398026271987,0.0428795585076704,0.0556106906080464,0.0136966145416578,0.0570262103544793,0.0409978287712371,0.0288421414564359,0.0236770692095229,0.0515087519852347,0.0288820863199144,0.1062732484531065,0.0422217345635164,0.0436177758461639,0.0900116029900656,0.0635559724772523,0.041515563224892,0.0709227633930207,0.005176439654514,0.0242701912612686,0.0853629024049065,0.0083745994758864,0.024340689236818,0.0426493606583508,0.0044284454911923,0.0140779720397003,1.2171224137576746,0.0747743876890727,0.0300311638588561,0.0239312283100126,0.0572590107585231,-0.00829166816438,0.0119823157878359,0.0626807717024313,0.0344233467638947,0.0577507868712642,0.0686516069649925,0.0654243100455387,0.0110760311989679,0.0080954266481912,0.0397030171932324,0.0284067022931167,0.0400864032516374,0.0307058706682065,0.0894808459922363,0.0370192130313749,0.0310915632628661,0.0502229559749323,0.0094566447935736,0.025480031597959,0.031636705273102,0.0446732618615898,0.0397525482491662,0.0509450981111081,0.0625312821172499,0.0048424621738692,0.0446970756268502,0.0469640205906073,-0.0020577102578168,0.0495139978921293,0.0149443461175005,0.014242989601712,0.0068984596707207,0.0887472272302455,0.0209120311034004,0.0200614940364727,0.0265512730412715,0.0515878800032348,0.0231046449430376,0.0231336524814497,0.0394870855877358,-0.0130435012146404,0.0178663009526299,0.0033450378803959,0.0536772165235002,0.0268153427253068,0.0151030749080624,0.0453990197845279,0.044340545373557,0.0208704481392955,0.0306215805081605,0.0301351585957208,0.0162585381848634,0.0587657088918762,0.0269816517675842,0.0149096710654216,0.0362287319621445,0.0208547382260681,0.0564920576123367,0.0467012512593254,0.0518833210594854,0.0463443523561229,0.0222245746484463,0.0041253315331701,0.0120173621362881,0.0317179183466343,0.0860285916029268,0.052720678098493
5908,0.0274873011634741,-0.0009592577730328,0.0213975601431845,0.0020135550345971,0.0999020744773927,0.0591736438642898,0.0225648579226293,0.0729718638001784,0.0501725903338087,0.0225236628307785,0.0340575077299209,0.0977682844383174,0.0317916153437591,0.0736116133696608,0.0373928938091721,0.0444885692275845,0.0542534375879059,0.0402668751817385,0.0014432003746477,0.0283673984516723,0.0168604502605185,0.048544908213812,0.0151199704153474,0.0507432462115557,0.0338481893861427,0.0125803425377058,0.0090634640643957,0.0413508771052719,0.0214638769191107,0.0403443224626651,0.0497523389225024,0.0221919303873137,0.0054075795926821,0.0534982953923255,0.0371413940065727,0.0328252219318532,0.0235266007027342,0.0446292366404768,0.0472143761611455,0.0609464328224449,0.0307865248486856,0.0795010702486546,0.047473372519726,0.0589851889057539,0.041794443468908,0.0944012595458515,0.0193435963966383,0.0367618977829897,0.0403709719474697,0.0728456578251333,0.0287998499593982,0.102772646892934,0.0314473909051474,0.0369986973221045,0.0747743876890727,1.1563877564441196,0.096181663872784,0.0126140295127151,0.0334960019535038,-0.0041953622135722,0.005366692829976,0.0805084340206537,0.0158909709977745,-0.0047767715174319,0.0273708470511456,0.044143768545912,0.0178267581907783,0.0095792518760733,0.0170121985089157,0.022574414688422,0.0177927071268535,0.0113042754367997,0.0503437898105147,0.0151484509978509,0.0308357857218707,0.0432378127899395,0.023320759184429,0.031982639060961,0.043761898621085,0.0539370136965505,0.0410331516281478,0.0352302638810579,0.0360353318780937,-0.0032376576400815,0.0483782971539694,0.0263393610644902,0.0014993715734903,0.0313500646695472,0.0268463325704147,0.0296436000497936,-0.000271467896811,0.0510993352890919,0.0290720256628155,0.0111905889983909,0.0323914638156596,0.0725907273556854,0.0290208734248308,0.0213722361292531,0.0291157321792402,0.0037620564452082,0.0428418505795182,0.0370802402139764,0.0602823323902033,0.0279553956375985,0.0305530443431278,0.0625805418976457,0.0340408714335334,0.0507802835788361,0.048032168242991,0.020491723627937,0.0140388033724683,0.0519412473226171,0.0355508971202489,0.0315646273650754,0.0493343216140745,0.0131974149145482,0.0824808520793325,0.085116956918371,0.0492895879009226,0.0473681815685595,0.0348807319685278,0.0104419910880041,0.0205669146934546,0.0411837117001794,0.0351541833586353,0.05907928831146
5940,0.0865460119300335,-0.0019865922502393,0.0123751615133522,0.0260513350875219,0.0604732388479939,0.0861146401984912,0.044932402045264,0.0597815105962201,0.14157548360785,0.0368488366300904,0.0306466734929114,0.1225683337097666,0.0292837155135754,0.0526734016995946,0.0209405600194836,0.0174714125525186,0.0581614770417719,0.0528911810689498,-0.0034314213488672,0.0306214679509412,0.006494493487083,0.0366937045461998,0.0209107884372265,0.0172818444475403,0.0492735627751538,0.0150992134709141,0.0071693870551193,0.0381782967437978,0.0527476168281385,0.02811964973477,0.0618336889190511,0.0355373393757779,0.0228002792991229,0.0461694848005222,0.082320123747871,0.075518550477734,0.0311503182345655,0.0364233483918505,0.0683880367507142,0.0259713738708114,0.0263485559076338,0.0761050370282892,0.0491147971395788,0.0708104196590648,0.0353008106033501,0.0453170880694875,0.0049228373218164,0.0645796210403199,0.0651588658290347,0.0332044514967028,0.021879581459889,0.0525105984908878,0.0206107099366496,0.049115580227665,0.0300311638588561,0.096181663872784,1.3394455696140282,0.051763652694599,0.0281542356340273,-0.0079591344563858,0.0276288017746777,0.0188282807591789,0.0373346615858826,-0.0027897648359438,0.0965154469894603,0.0373112261134773,0.0688559251747259,0.0317206755045368,0.0416614531086986,0.0320299570424453,0.0263349806010788,-0.0011962904048871,0.0305032521885954,-0.0007535600807603,0.0228155290396233,0.0304404986787499,-0.0033803493401682,0.0181296640442902,0.0303000473024474,0.0046682029767649,0.0592394246989594,0.0283060000796083,0.0194935369332019,-0.0047250978297207,0.1089240637910033,0.0839575248198361,-0.0069977709628031,-0.0041040476362622,0.0560248804614091,0.0690240357195046,0.0032137759550602,0.0714531940351705,0.0337266799157141,0.0230957602392977,0.0369596477904008,0.0795289635914302,0.026222884937977,0.0270909486361826,0.0459527985687282,-0.0082656112484388,0.0248925490562246,0.0269804771933964,0.0812765181208297,0.0198547548670172,0.0182551632122503,0.0202133746418207,0.0299214717952647,0.0396869327796959,0.0330737231074572,0.0288801558097402,0.0538988424433708,0.0377632157007278,0.0059150479841714,0.031738710251886,0.0362656747640476,-0.006331738608229,0.0748108333401632,0.0231377187022277,0.0532553744447436,0.0221529773114043,0.021192985928954,-0.0087470944896851,0.0023369650889713,0.0553899866577374,0.0651825436839421,0.0346060420244091
6191,0.0163469924567347,0.0018944079548442,0.0207883921039169,0.0174596367746163,0.0125352465701025,0.0497175864241541,0.0492588588627044,0.0279802006449845,0.0063264416950025,0.0378242728290083,0.0313582206610501,0.0139121223248877,0.0247535820398238,0.0299574924232301,0.0088328479059716,0.0245515548863548,0.0413665955493453,0.0212249482902012,0.0008971631453313,0.0243033119475863,0.0289146831382872,0.0330914286524447,0.0201881389353815,0.0292524491114958,0.0446752666661422,0.0393400876269654,0.0325791742937152,0.0225838035418718,0.0190886114061212,0.0346487683174752,0.0828232586977396,0.0285140279841244,0.0139802035445348,0.078922489519981,0.043651885878605,0.0674070851836526,0.0484741737865014,0.0589125217350601,0.0258450361689471,0.1111691440888871,0.0319384966419229,0.0265809969349893,0.0485080810290369,0.0475368877945346,0.0362097573468751,0.0297571987927715,0.0278201672262849,-0.0047456301008849,0.0295625656854057,0.092960844600646,0.031874746804967,0.0352872715641311,0.0972475224142623,0.0742314257863621,0.0239312283100126,0.0126140295127151,0.051763652694599,1.2490347367106789,0.0388529161718215,0.0313421466856064,0.0525771763641897,0.0185383677780176,0.0422673674646242,0.0362241234017946,0.0420145840445118,0.0286614973198867,0.0648979526627513,0.0551903775701896,0.0862771159147096,0.0348947571110589,0.031605479857607,-0.0099964386825671,0.0247125168353823,0.0250516034835499,0.0364516943402944,0.0195705353375204,0.0589895683303662,0.0231860567797734,0.0151148094761015,0.0164084183595039,0.0498500299427997,0.0147920372185723,0.0405310910329208,0.0117368644482023,0.1097158633744219,0.0426527929267576,0.0084964999824483,0.0191319496778953,0.0236265098666775,0.0962041472573747,0.0457293099622881,0.0246216934914753,0.0297011301815047,0.0461027841638828,0.0383347440283172,0.0481944611934921,0.028387184552412,0.0286253946997479,0.0383069723617973,0.014599701483215,0.0104629028637542,0.0304685242431491,0.0487763682007779,0.0336158978147391,0.0150490690592852,0.0092319078513722,0.0256345718849715,0.0246839546063493,0.0397889723762397,0.040469073100218,0.0397774071093189,0.0366942334846942,0.030457626340449,0.0188586761158517,0.0314486064289933,0.0149970180885775,0.0161073969081368,0.0026899067022637,0.0196269094678906,0.0286496158978994,0.01923067829345,0.0045358184092673,0.0327816020863323,0.0080795085722364,0.0706565693551986,0.0292973579780403
6216,0.0145891563697457,0.0178529135114773,0.0010949455069682,0.0045337164826705,0.0567550479198873,0.0445492319492528,0.0538778998271071,0.0274871562292494,0.0286538174882926,0.0587999290167501,0.0297384317031162,0.0406140431093589,0.0520592393147978,0.0639602190602111,0.0339219280688015,0.0408620371440505,0.0724240231026875,0.0359611592716846,0.0326808318593633,0.0539300200127161,0.0855991917803946,0.0383025588012507,0.0134209123004134,0.0550502445014655,0.0621061734172585,0.0645332097397422,0.0164679659022749,0.0955501863268484,0.0501771187870451,0.0759490161506343,0.0730813668163894,0.0354025186885335,0.0492333613208254,0.1437787599546148,0.0256004754411156,0.0613161316036566,0.0417475768886415,0.0544808697303875,0.0632492098546738,0.0394552293566197,0.0453677187566297,0.1001670034978847,0.0461343850734894,0.0613889911247734,0.0259808609026883,0.1355218393259712,0.0163981106998234,0.0022280140761438,0.0277208855837625,0.0381156045075561,0.0256098363150219,0.0753406902255874,0.0263910943687386,0.0549490386375305,0.0572590107585231,0.0334960019535038,0.0281542356340273,0.0388529161718215,1.6072124350306976,0.0077377976399425,0.0189947553188318,0.0826205854210836,0.0371199248042035,0.101499100345234,0.0046325419692428,0.055699877086043,0.0297556540622234,0.0430288106930205,0.0561657756773973,0.0443670889975631,0.0596456058550367,0.0407508989264985,0.149489209790689,0.0740076572136771,0.0515016848980915,0.0749056571647248,-0.0027272315912272,0.0629933706010031,0.0454096668141732,0.0231857020842651,0.0193570350965338,0.001127714193067,0.1048670302001582,0.0274133652113123,0.0327348702931215,0.0423570066742576,0.008481251106207,0.0503980961612873,0.01033295684395,0.0097687302310861,0.0424775261623508,0.0324675715726066,0.0047769930615195,0.0418247759132547,0.0380174823048966,0.0414646357917808,0.0282825493869497,0.0278204457264278,0.0591101652013677,0.0068944541829837,0.0318165239630009,0.0175078493458152,0.035841739559162,0.029393100651301,0.0256846285333717,0.029321898291129,0.0328499224527116,0.0159278235672299,0.0340871990485985,0.067563641592159,0.0097752840955297,0.0346718278456572,0.0189122751692071,0.0385038041318522,0.0537204586464865,0.0629398935115686,0.0267285525214163,0.0260170734555392,0.0449649229227963,0.0313204347887465,0.0315640362703972,-0.0015572402717209,0.0232650691604151,0.0321543764824888,0.0173958369053883,0.0208680148811861
8955,0.0049255858942627,-0.0042730211590424,-0.001932683983036,-0.0077044512994728,-0.0214700856585677,-0.0068230796860031,0.0115694710088342,0.0419782649263395,-0.0136190720216483,0.0222676219322515,0.024272671387808,0.0047651302005867,0.0087749297192806,0.0126010250430259,0.0112798465315379,-0.0119215298281767,0.0127851938889825,-0.004061347976686,-0.0056824950331121,0.0418207499189602,0.0149871768791727,-0.0024994099182513,0.0033413700596208,0.0196858792494958,0.0034683512740998,0.0198394894687739,0.0445041385966065,0.0075629782421182,-0.0029733976879675,0.0338149711385506,0.0340786903814885,0.0106651518748964,-0.0015727795810386,-0.0044924556228887,0.011329474973119,0.0263118335373112,0.0195829656356933,0.032974381608379,-0.0004279246507371,0.0111735784532244,0.0028946946330568,0.0017625777956378,0.0165790118246193,0.0172317627868753,0.013782106189024,0.0310238185916507,0.017122188117548,-0.0058884696625777,-0.002427146533547,0.0030032975058865,-0.0012106947239878,0.0229196330807837,0.0242412163558287,0.0046062866524111,-0.00829166816438,-0.0041953622135722,-0.0079591344563858,0.0313421466856064,0.0077377976399425,1.391547329423183,0.0474762934721797,0.0126693278142273,0.037211774083678,0.1210887251513866,-0.0039339414982142,0.0389613092111146,0.0483081899655945,0.0186078071956798,0.0086261782405947,0.0334643481168516,0.0232200644710829,-0.0149821332095754,0.0014831695743247,0.1876070259405886,0.0576817917131063,0.0194726698994704,0.120730391202953,0.055650640860456,0.0322856232238982,0.0141066009322567,0.0064330430848813,-0.0046593500631654,0.0035534726462543,0.0331926340185279,0.0134010114244892,-0.0214216645904651,0.4403205068745628,0.0548532642217291,0.0652227526762217,0.0165175823726364,0.0328232876847642,-0.0122152231172538,0.000743698409413,0.0263673326845699,0.0057935434858189,0.0032783779388431,0.0223960133779909,0.0043698782665606,0.0218909390105848,0.0316070606983228,0.0410073329311649,0.0042099399881202,-0.0055015561732824,0.0188018467547192,0.0353671583418525,0.0171499300040001,0.0232111420416182,0.0121815435635849,0.0176655105752407,0.0084548922508558,0.010586794672562,0.0020312148509689,0.0107345579304108,-0.004202550105626,0.0181636979194105,0.0388418172617629,0.0044659940141735,-0.0001634308182358,-0.0039158754279165,0.016695573648151,0.0202125072057774,0.0396258746004523,0.0240920194926438,0.0005376001217374,0.0107440934421938,0.0161144892384601
8861,0.0243082053149429,0.0083310510298806,0.0198454813920895,0.0102400586686456,0.0298268505290883,0.0169515629250934,0.0149735273002878,0.047856307810721,0.0130255263394611,0.0368699424578278,0.0200316717747145,0.0377127111414635,0.0167886205060118,0.0199340162545094,0.0177009896039107,0.0145104929754046,0.0125255970142186,0.006281122353505,-0.0059593178431806,0.0124461748868469,0.0055384231891173,0.0095823019046811,0.0251405841641197,0.0307740394345729,0.0139496377892454,0.0279552572369413,0.0326139181602276,0.0226337171775496,0.0067515615121131,0.0269142658061026,0.0279248825535154,0.0254004800828859,0.0090517101875976,0.0098159502612273,0.0214750933119179,0.0765876230530032,0.0224478353148806,0.0619756163961339,0.0091240454780197,0.0118068818225419,0.0147523826812475,0.0289708943220657,0.0266989922402178,0.0243652997208392,0.0234680147301589,0.0095575015466187,0.0186931526240762,-0.0095283576669797,0.0194660812158044,0.013283562757547,0.0315627227433678,0.0225570082352035,0.0109155269351752,0.0369421051984175,0.0119823157878359,0.005366692829976,0.0276288017746777,0.0525771763641897,0.0189947553188318,0.0474762934721797,0.9971979938006474,0.0407718500779745,0.0549823032784102,0.0481286704473721,0.0413259900601028,0.0446780229738245,0.0809863456776726,0.0346743440257681,0.0512984557201493,0.0418103452720044,0.0354957474888052,0.0135142256812029,0.0252512664564475,0.0458454687183558,0.0499827803462634,0.0244540457660822,0.0726923150743881,0.0273238124244997,0.0285853891592957,0.0134740360629621,0.0465635076237743,0.0262686394014796,0.0175724373078135,0.028132648452657,0.0323190557142203,0.0136581504513546,0.016257774078038,0.1024321886513253,0.0243588485538726,0.0770657985280516,0.0550278881856756,0.0201683364602837,0.0338591754491906,0.0258517319284361,0.0337239910075001,0.0209266701591264,0.0290413499082142,0.0265395120120652,0.0216795315594708,0.0261151891152423,0.0492598257318024,0.0019648020020904,0.0205677602761493,0.0330624002926653,0.0428357961771262,0.0166767231614607,0.0367594249811466,0.0238961065262566,0.0284105919128875,0.040638945405657,0.0155330559883243,0.0163337234028461,0.0030169758101313,0.0035083521419139,0.0310023747128442,0.0544079628269217,0.0260716297976863,-0.0054681284970183,0.0184312184754095,0.0262638792167154,0.0259857843178974,0.0246911248731594,0.0352718600843207,0.0036365922646258,0.028264941706686,0.0235122832649353
8868,0.022385502480993,0.0154520059249956,-0.0084974256241886,0.0185031562642222,0.0222429004055757,0.026742349537243,0.0333223323446877,0.0455335447926424,0.0224053435438915,0.0272203477432255,0.0268636952119335,0.0366967079230934,0.0354937581376938,0.0432451165175369,0.0318335951990086,0.0266533777727856,0.0449808519369842,0.034668993445,0.0262836482249685,0.052702924658859,0.0247458409931784,0.042428201210798,0.0351322887400869,0.0448060541840826,0.0332078721408188,0.0339562675038716,-9.783025706281592e-05,0.050592900466453,0.0313365902775373,0.0277567160025797,0.0522479265641899,0.0391204065052624,0.0064346591333155,0.0689329844411937,0.0359601975927094,0.0489695428276682,0.0285825601749727,0.0382184930967828,0.0324452440102253,0.0226134775760509,0.0267847218236814,0.06620767657247,0.0277050300149646,0.0423296433400296,0.0161355782535901,0.0691816045429762,0.0241173487867788,0.0443163155248578,0.0293802067453361,0.0210480876364991,0.0264645183221378,0.0350228653465342,0.0174009837473061,0.0327171677627058,0.0626807717024313,0.0805084340206537,0.0188282807591789,0.0185383677780176,0.0826205854210836,0.0126693278142273,0.0407718500779745,1.0873007795526302,0.0642675796195702,0.0273429195219608,0.0350846056093179,0.0350278995458476,0.0440097205586079,0.0175600924340194,0.0299033018535055,0.0417524315966046,0.0372291199966973,0.1077756564816531,0.0929576435059953,0.0307879200055908,0.0277471039013014,0.047982537628572,0.014388102603406,0.0468628112959148,0.0380724909569863,0.0143571932400813,0.0276895243555859,0.0310566425741803,0.027082952141003,0.0074577025905811,0.0488848860092989,0.0191735367248011,0.0073602237454924,0.0280148986429184,0.0290487241787856,0.0311969666991652,0.0461125927732371,0.0310676211289456,0.0407338427631232,0.0358967004507886,0.0388197382390563,0.0373920679286417,0.0319335063349911,0.0296718372970972,0.0395699033315286,0.0271092837194772,0.0301371034772962,0.0215231237922641,0.0264460108818641,0.0233073476738929,0.0303835888797164,0.0306685757228674,0.0298117157652874,0.034674255056018,0.0267672732074117,0.0327426837813249,0.0135803446368444,0.0331375823535771,0.0268101769159937,0.0228577795956028,0.0251152005484534,0.0178548003521371,0.0242140709161969,0.0425066907243137,0.0352557056219905,0.0247243672091816,0.0442267874151466,0.0404317656134395,0.0311118614939631,0.0288125065197106,0.0214584184355389,0.0318453242463623
8904,0.0142344881369391,0.0088485712104561,0.0325458419586877,0.0268400959826105,0.0073610687395344,0.0516752073000462,0.0513227108882609,0.0472319748732127,0.0327092526809519,0.037658418029933,0.0390796038760309,0.0320939284880579,0.0385670275635743,0.0417119921837564,0.0213390763184169,0.0116372160598007,0.0382101802454322,0.0301914824246846,0.0256227577510478,0.0421309539450206,0.0214956617527545,0.0335371408232714,0.0201712384875396,0.0361977603465222,0.0257638545637495,0.0152203783366159,0.0098058338906076,0.039258988481059,0.0429794187559926,0.0345604432581682,0.0400532883944611,0.056166577916329,0.0273249758449678,0.0377079469508866,0.0564381525185105,0.0744830799309059,0.0493349505414365,0.0498491075822563,0.0194206870444529,0.0480431455653641,0.0466065588682379,0.0326058644668732,0.0523168496109703,0.0514709448821627,0.0326423448757205,0.0329408487210717,0.0276218381204265,-0.0070158180342917,0.0444827807733945,0.0296146989357275,0.0300029914898955,0.0421982787085442,0.0388359923936928,0.0269997823690057,0.0344233467638947,0.0158909709977745,0.0373346615858826,0.0422673674646242,0.0371199248042035,0.037211774083678,0.0549823032784102,0.0642675796195702,0.7135186507780847,0.0574007271727504,0.0656687333464395,0.0565063949039454,0.0755606160400993,0.0423916015477735,0.0383172080970429,0.0614183361263233,0.0551649198673052,0.005773690776171,0.0811287402137537,0.0580970583121777,0.0871151681283523,0.0468705937748247,0.0791519392759557,0.053515055397153,0.0465062412832868,0.0505980945378721,0.0532814895544972,0.0370797710131498,0.0477013141247111,0.0324160493454545,0.0796179691275553,0.0206465409243055,0.0377710838231912,0.0632919490839792,0.0747583902408259,0.1043495482466601,0.1282636975090768,0.0504921834304872,0.1544684724982461,0.1169801837353812,0.0593793738333847,0.0487812151557895,0.055088324945861,0.0324389543189201,0.0784122625639462,0.039563520285768,0.0330189153576837,0.0351812155346635,0.0266302964922699,0.0340758211738412,0.0452295184205326,0.0228153787888576,0.048312619224262,0.0307421277731572,0.0379897210370924,0.0304261078854121,0.014664874145782,0.0464620805982313,0.035752302786802,0.0060656908371258,0.0362399140698196,0.03443719659584,0.0249336591445989,0.0146086592974852,0.0284717873362146,0.0349164483838394,0.0311138787407062,0.0253127323398405,0.0299148816668992,0.0166075704625692,0.0463770783655137,0.0339349702514668
8906,0.0161485531066937,-0.0032110587671077,0.0109256985626496,0.0101118875834662,0.0193593007259055,0.0091861636581897,0.0217847851692826,0.0437412843387331,0.0044645430602114,0.0364557467304743,0.0415844579128601,0.0176013491401667,0.0089758999877699,0.017478494015558,0.013887209051169,-0.0119597596283827,0.0291947864403996,0.0027363011917725,0.0708163506169528,0.0128070615947295,0.0259665235041622,-0.0065864285860004,0.0161047537063432,0.0184242404298859,0.0268064159259817,-0.000658961745504,0.0869013304445529,0.021509428334434,0.1023343611132455,0.0314588108243991,0.0387239195253576,0.0442932407318266,0.0097847518718459,0.0864660964194699,0.0157410893826823,0.049528395721396,0.0406388311790928,-0.0008887129830896,0.0129533142129325,0.0022107286293053,0.0505409326255125,0.0091786361066139,0.0287431976210442,0.0230190585959701,0.026719315821941,0.0155063628854194,0.0120384826787944,-0.0147778392910374,0.0113936921797448,-0.0030020543862083,-0.0035967310379416,0.0070074814219903,-0.0008450942800767,0.0164128822510539,0.0577507868712642,-0.0047767715174319,-0.0027897648359438,0.0362241234017946,0.101499100345234,0.1210887251513866,0.0481286704473721,0.0273429195219608,0.0574007271727504,1.9821964179376717,0.0117792229200935,0.0462533704392812,0.0533209741281305,0.0139047452140241,0.0051633288611987,0.0224802035046855,0.0214620140902197,-0.0113052606574862,0.0874398981507615,0.1593760924642787,0.0846910399882201,0.0332109112321639,0.0955111322332911,0.0222960094864581,0.0385139284646533,0.0087373363614,-0.004322898272076,-0.0017655726844202,0.0385944186777941,0.0595360786644042,0.030930034452859,-0.0236362750471748,0.065187811112668,0.0795927638413701,0.0044405080009913,0.0539218954437277,0.0807056339194871,0.0494715455092566,0.011504003609215,0.077834302130954,0.0398231018545252,0.0088334444284352,0.0463155454076902,0.0103501566386708,0.0318114256975492,0.0603648676460485,0.077820109769691,-0.0083298272122872,0.0128963183250338,0.0253472014024211,0.0852367254877129,0.0173821910851738,0.0177648993734345,0.0059623331739341,0.010382042993014,0.0481023278328823,0.0092261077092323,0.0160255951134954,0.0194414851485448,-0.0021220245278516,0.015276646219904,0.0316120227359599,0.0123999561785109,-0.0045112376837812,0.0072140467672791,0.0130009257298596,0.0297292756052796,0.076184892630803,0.0073004419136735,-0.0023723812016642,0.0131904396811216,0.0166172181344096
8907,0.0197299234553696,-0.0077390400264082,0.019750545470289,-0.0001147595588545,-0.0026620960972398,0.0573516685402554,0.0527507886172536,0.0680403465206994,0.0267867085727938,0.0158905734287543,0.0243886860205304,0.0472509232261687,0.0221909092032612,0.0388853520740937,0.0207630706376732,0.0462755117434958,0.0508911667204322,0.066619674214185,0.005613854247789,0.0356950930788608,0.0576446940948019,0.0377160196258702,0.0219798590777825,0.0142432383485597,0.0179473728069721,0.0309056146042304,-0.0023871425001784,0.0340122436780635,0.0348187749369118,0.0316767538992142,0.0178225100355759,0.0518141267793791,0.0024183663305748,-0.0108339117821858,0.0261989390260851,0.0432290625454545,0.0229411444546196,0.0166806114676957,0.012382024986811,0.0166688716214052,0.0206322911482087,0.0363705035895316,0.0471428738737107,0.0356131922753929,0.0019535534863378,0.0255507780261918,0.011275248382593,-0.0091195638805313,0.1611575857840771,0.0464183117364565,0.0267411473026896,0.0340540509534308,0.0161530905459046,0.0421925011744409,0.0686516069649925,0.0273708470511456,0.0965154469894603,0.0420145840445118,0.0046325419692428,-0.0039339414982142,0.0413259900601028,0.0350846056093179,0.0656687333464395,0.0117792229200935,1.732558118452327,0.026219947061778,0.0532821688641591,0.0408345778949733,0.0769230904111365,0.0901051510645057,0.0593731426157191,0.0411547601013102,0.1470879979099927,0.0061568648440252,0.017598191730757,0.0327726357128801,0.0506493612521404,0.0223083891979818,0.0172682108500493,0.0407563338273417,0.0470426948264635,0.1813584934192597,0.029389063052437,-0.0066044902101243,0.1511998485797732,0.1887352735049638,-0.0196659676583982,-0.0004907288405899,0.0825286462576272,0.116965061638854,0.0257427614760681,0.2050497922241366,0.0671549592773383,0.0515002790656321,0.0465829233216264,0.0599665448599328,0.046567933745146,0.0438014613185957,0.0402922147476291,-0.0030485933009596,0.0231776859202815,0.040472343232257,0.0442539333742559,0.0347391429324073,0.0373632816662418,0.0334706734436925,0.0345335420756009,0.0478176582502535,0.0363127442533695,0.0480217175877465,0.011950836861834,0.0573367223600422,0.0340310042842303,0.0469949060290425,0.0218955827121738,0.0010369055706543,0.0618002868593122,0.0716642969100945,0.0605792087281611,0.0428533995607997,0.0209651650813805,-0.0056139679611748,0.0127458552403497,0.0107011754584001,0.0695350885749403,0.0395874393401785
8908,0.0418822184531616,0.0098941452838681,0.005155205314898,0.0174757901577012,0.0240102245480761,0.0312616819892451,0.0305273776904001,0.054881389909901,0.0431009781210503,0.0213302806744279,0.0406009559333514,0.0361894574693033,0.0324556185451794,0.0351774140028683,0.0225079714126863,0.0179670238856209,0.0225396844251559,0.0159603730789285,0.0147896902381274,0.0220466456260856,0.0202946976295861,0.0282627859733798,0.0488427328262348,0.0280127157656657,0.0313807706591888,0.0192571205275489,0.0348555768379533,0.0448665700380878,0.0428111894503122,0.0340907424074504,0.0313306609359229,0.0481622324249774,0.0122024640749537,0.0225768177621564,0.0189944848895849,0.0300959220349444,0.030271478479917,0.0468648311403415,0.0347215394044254,0.0345621261053908,0.0437198693489195,0.0436310594777889,0.0481714883697266,0.0421194652404309,0.0248060345552443,0.0441883383729438,0.0202049546172282,0.0010582491567181,0.0269434634955084,0.0282790669049279,0.0608687608318915,0.0438992950332038,0.0267425882232613,0.0335440827169528,0.0654243100455387,0.044143768545912,0.0373112261134773,0.0286614973198867,0.055699877086043,0.0389613092111146,0.0446780229738245,0.0350278995458476,0.0565063949039454,0.0462533704392812,0.026219947061778,0.6727725872436175,0.0527764114273453,0.0428657789226084,0.0432774210563185,0.0485588010459797,0.041712948885642,-0.0105433534801229,0.0685185259585257,0.0317485728022957,0.0627487488422989,0.0512502711128298,0.0577316049648717,0.0379701079397658,0.0499696504343232,0.0292565324695853,0.0428962294749343,0.0114009132867655,0.0689576731173683,0.0794044140222463,0.0357459838839325,0.0254275413504526,0.0228788502981888,0.0630100587358734,0.0021759649987521,0.0473330164992484,0.0423386733155424,0.0806799666776389,0.0335958831223204,0.0391108768227734,0.0254841269404106,0.0303453547851525,0.0346150948947994,0.0360831414116308,0.0403321150637154,0.0190568127253191,0.0340478365150903,0.0105629838825928,0.0256537849837485,0.0233195149359833,0.0378118707009493,0.0323973418270986,0.0341611060453594,0.0296594616528668,0.0230196760790609,0.0536186941775955,0.0169952580204855,0.0400573849916605,0.0255069804006116,0.0066001490931451,0.0394544492058274,0.0475622576328521,0.0423721814697213,0.0183988478558752,0.029178052602047,0.0351295706538402,0.0355660943655002,0.0344829751838161,0.0290598221914153,0.0247487154718201,0.0455020828711514,0.0296591264109989
8909,0.0199441959787596,0.0196369813697461,0.0083964480447982,0.0440281264441301,0.0176901757522197,0.0307924465353583,0.0320085058075131,0.0500311844266935,0.0269984959691293,0.0403858064459478,0.0285971304384639,0.0389169605254656,0.0338571763503065,0.0264474954736993,0.0187354713618237,0.0102083366908949,0.0178013797849652,0.0180302361652362,0.0143228113666141,0.0171922417572777,0.0137332358072988,0.0281674242472106,0.017728867964545,0.0273363693213322,0.0274013704025686,0.0117239919437373,0.0065248780966622,0.0296405541313436,0.0184059498635254,0.0323401713932341,0.0389869687792667,0.0241200353041672,0.0165411255789756,0.0216054398544368,0.0201348897648686,0.0823102169788268,0.0318080939992808,0.0403883122641191,0.0124957930585038,0.017031869496217,0.0343337663457378,0.0234124219489239,0.0347707096850548,0.0304151843895885,0.0169560189092656,0.0285065154631203,0.0234792854156989,-0.0067770550167751,0.0393558167173576,0.0248830383450816,0.0220258835189828,0.0349601844183537,0.0213148236970811,0.0812374994317894,0.0110760311989679,0.0178267581907783,0.0688559251747259,0.0648979526627513,0.0297556540622234,0.0483081899655945,0.0809863456776726,0.0440097205586079,0.0755606160400993,0.0533209741281305,0.0532821688641591,0.0527764114273453,0.6076860443837185,0.0464025502146075,0.0602837665951731,0.0676174762198696,0.0338373489443993,0.0113791512764876,0.0561136766059856,0.0305565011748037,0.0586821777186496,0.0335852084730192,0.0938993604387183,0.0371068878093685,0.0324844296121308,0.021320258948135,0.0401593273755129,0.0169239017005472,0.0260510665052395,0.0267437837314182,0.0626058308499534,0.0423791476187193,0.0313630902425759,0.0561473827819838,0.0301041233939432,0.1586066481394857,0.0563448453933292,0.0223985757596346,0.0732167414697007,0.0548396240066316,0.0371411815883454,0.0297512882951756,0.0401044145226339,0.0361744156349048,0.0345519937759187,0.0354392388898582,0.0333280051702978,0.0162464796362367,0.0295138307865557,0.0231998531909255,0.0538399411761051,0.0164699686654317,0.0405224022065464,0.0268758724171968,0.0261264373974528,0.041486372310539,0.0371477542906236,0.0346773038979686,0.0137774433476942,0.007910824764526,0.0403203179691744,0.0200811941852735,0.0166177544771756,-0.0004055820563028,0.0272771665922225,0.0228738314866037,0.0217015171438844,0.0140560954138746,0.0173237401418353,0.0217549772330664,0.0327323447047368,0.0345315724080165
8910,0.0126722606152719,0.0105384236539559,0.0206067226690977,0.0161018627062083,0.0019010596314637,0.0273036730197463,0.0187593586130266,0.0144655681897828,0.0069604379752705,0.0288730147233831,0.0202495358977536,0.0055967929850806,0.020289350876991,0.018265091024184,0.0070032186864078,-0.001714798780062,0.0155927662096214,0.0226980075380813,-0.0002945062931203,0.0061906567868417,0.0318734782565002,0.0153783419301506,0.0117077208676671,0.0229597234544686,0.0158982202707464,0.0177013344593151,0.0344508432058153,0.0130119678275681,0.0038232981242503,0.0274727083994087,0.0219409086456258,0.0295431575343764,0.0031988895633452,0.0132804409971526,0.0160810697210312,0.0483764527713644,0.0233499831507156,0.0366612162848561,0.002725568362991,0.0186119553661829,0.0485092869106901,0.0059436361527584,0.020600100299212,0.0165651537689955,0.0082046432850376,0.01468077960042,0.0116586302066158,-0.002130055184293,0.0251428385651222,0.0120367542456453,0.0278065587463213,0.0167133098161012,0.023094896462778,0.0297169630467443,0.0080954266481912,0.0095792518760733,0.0317206755045368,0.0551903775701896,0.0430288106930205,0.0186078071956798,0.0346743440257681,0.0175600924340194,0.0423916015477735,0.0139047452140241,0.0408345778949733,0.0428657789226084,0.0464025502146075,1.0954289390609069,0.0203712636093881,0.0325134905511431,0.0321605323603493,-0.0025122565124209,0.04047462712904,0.032951671196179,0.0419589636916727,0.0290075453808982,0.0188595729152472,0.0273016717746116,0.021167858688893,0.0096147320900162,0.0211939433011118,0.0077457352622931,0.0342100727276429,0.0375239704152049,0.0750614500375488,0.0062472754287082,0.020190906769283,0.0352385076516535,0.0121102336504328,0.0852571647546223,0.0354018746766976,0.0384292757362394,0.0159642821699029,0.0498645392210732,0.0352724405333597,0.0161284631295071,0.0306060248051107,0.0241977136170333,0.029784004333914,0.023879020290777,0.0184468845711262,0.0205931717596218,0.0156256252881728,0.0276106593376327,0.0164458072518303,0.0106250043699921,0.0305356887066976,0.0192533755442243,0.0222956425945738,0.0300897150066999,0.0176048963286069,0.012726803034858,0.0233803133524152,0.008467654892292,0.0268117445791585,0.022317658030021,0.0192475800255508,-0.0043247133605404,0.0112091296687883,0.0120547276872121,0.0140860940196369,0.0119740611396039,0.0361302290094783,-0.0001868206000274,0.0287895995683276,0.0189305872895849
8911,0.011746730788104,0.0134887707028191,0.0086184725362261,0.0035270009711065,0.016147215816037,0.0278380407546855,0.0270947694833862,0.0218055810761702,0.0314559512521484,0.0299612985485986,0.0239983824168651,0.0443301728842251,0.0244412258790598,0.0460765730336122,0.0316754225662414,0.0771337003048182,0.0260063510860138,0.0220617428747492,0.0003515645866223,0.0368248945818454,0.0491297525041794,0.0229227921986779,0.0209458387409835,0.0358049833048935,0.0140753384964361,0.0471347598597969,0.0093514323379845,0.0365766427627035,0.0149501055595498,0.038778196511943,0.0284921669738275,0.0260029830660945,0.0091050932657509,0.0165396928395297,0.0121693025342766,0.0446154077291053,0.0135233913544861,0.0692681817024423,0.0188368590772934,0.0619551806063268,0.0105493543999668,0.0343428472512222,0.0408103561760463,0.0326085890118555,0.0210055895240635,0.0164161560494492,0.0155276683829919,0.0216732468407206,0.0851510472949263,0.031520363143889,0.0246845787124827,0.0313120710902099,0.0221529412849086,0.0576134721485837,0.0397030171932324,0.0170121985089157,0.0416614531086986,0.0862771159147096,0.0561657756773973,0.0086261782405947,0.0512984557201493,0.0299033018535055,0.0383172080970429,0.0051633288611987,0.0769230904111365,0.0432774210563185,0.0602837665951731,0.0203712636093881,1.1911327654865256,0.0424413056639629,0.0635238561723577,0.0126114074640119,0.0437471859907581,0.0144045739669576,0.0379137542777086,0.0214046963420476,0.0421694660379086,0.0184904281414092,0.0156256060638409,0.0403782679700891,0.0542030148943434,0.0226454964290733,0.0280171610570347,0.009788826865863,0.0342887271434883,0.2836331029366937,0.0005752830686967,0.0014108227207014,0.0246479940889912,0.0563472035174172,0.027282626499199,0.0262831908655487,0.0675575630281558,0.0122069018898661,0.0185095962860084,0.0393048126069101,0.0292303077119451,0.0450367249818435,0.0382127448494476,-0.0021208366170604,0.017815710725536,0.0247235055397482,0.0494042333074939,0.0281766450189138,0.0460020527492062,0.0317858799741206,0.0439308758496721,0.0318046744932848,0.0356851769078198,0.0367892256570715,0.0271643804531816,0.0487516439957866,0.0210075106572694,0.0281743942560738,0.0283764130725561,0.0135676326915656,0.024253363789319,0.0118628864080225,0.0385949699110379,0.0347205712228986,0.0176658831010525,-0.0010463987129856,0.0194746303058657,0.0307252761089394,0.1443877142867398,0.0327700475556835
8912,0.0133857004561651,0.0001709160094742,0.0046008999598923,0.0135736162914007,0.0220163326308742,0.0364572464103574,0.0300773873134645,0.0350011671310129,0.0224923135428385,0.0316664485341779,0.0276737267925862,0.0319372861473249,0.0357560117932,0.0297164741156148,0.0194371313630582,0.0210393943716635,0.0210326339277571,0.0238974841209816,0.0120974591484647,0.0260880491525517,0.0164808314364321,0.0299235933019277,0.024998457548775,0.0281462217803301,0.0290396330737918,0.0226105004109042,0.0087995491698675,0.0343780747800707,0.0099214910095617,0.0290816880739555,0.0486375266059973,0.0310089969468537,0.0137651115891054,0.0260736370027114,0.0305506726538139,0.048853445389581,0.0266307261619191,0.031692877736075,0.0261822642602501,0.0294538329509995,0.0321119383969652,0.0394683966589946,0.0423292494230435,0.0413951368165308,0.0199387976014199,0.0399079264673913,0.0237002846091135,0.007441345376408,0.0381705868929623,0.0367132360658077,0.0333902557320391,0.0382082756733532,0.0386875777894638,0.0456594854505159,0.0284067022931167,0.022574414688422,0.0320299570424453,0.0348947571110589,0.0443670889975631,0.0334643481168516,0.0418103452720044,0.0417524315966046,0.0614183361263233,0.0224802035046855,0.0901051510645057,0.0485588010459797,0.0676174762198696,0.0325134905511431,0.0424413056639629,0.3442026851797286,0.0375249374911452,-0.0086956508783288,0.0704906241291092,0.0322216177951848,0.0447948355653708,0.0401031869758099,0.0639024732167499,0.0459422651729738,0.0408162537025137,0.0282784572512414,0.042791145803765,0.0356368030949523,0.0395112688122424,0.028194966144866,0.095428796877304,0.0533941708603848,0.0407785017906164,0.0491589733257152,0.042743562450819,0.0709457513600564,0.0464808374053239,0.0643781823067296,0.0871033097904442,0.0525434008511564,0.0411883694221248,0.0427093697607541,0.0365213883879956,0.0336725799481378,0.039185752985429,0.0207499358235585,0.0274579741985627,0.0301638228251336,0.032613862126548,0.0270956379623406,0.037398643113057,0.0323914411441455,0.0376326429698153,0.0180148981768555,0.0255729766175932,0.0275831469479409,0.0297249329567816,0.038625455717902,0.0265594253524828,0.0214168651137414,0.032071706616146,0.0245857436589998,0.0273603659560222,0.0172795219667926,0.0364227932506247,0.030878967550702,0.0277519129310875,0.0105216332433214,0.0251872908956902,0.0181591335479222,0.0576535020186848,0.0279311495320142
8913,0.0182357337076703,0.0093995610133346,0.0132701137853026,0.0078390608691775,0.011224013216875,0.0366330043518351,0.0522845519332487,0.039053569631543,0.0271548685699624,0.0216655195033881,0.0299929035458294,0.0283760582707999,0.0402189599705456,0.0351952908900795,0.0247397329551823,0.028680094999551,0.0272241724847875,0.0305378906390298,0.0090276027621119,0.036646649089386,0.038854921015901,0.0236977498428281,0.0262639247856812,0.0269704908489209,0.0335390758132322,0.0299845505223706,0.0110280382379846,0.0326624491373308,0.0350086207415642,0.0385610688239431,0.0439833236280137,0.0307164999544851,0.0213536895722926,0.0402430019658916,0.0235383907896225,0.0332828758467582,0.0350333940166575,0.0387955537820272,0.0179272104643767,0.0374076669123013,0.029183789610902,0.0347728683662221,0.0408041506986085,0.0385280913121883,0.0327648283683635,0.0355397546417156,0.0220898858126269,0.0168679468534375,0.0266890984083689,0.0392036139934115,0.0363583856038014,0.0390622414344366,0.0285656829317125,0.0282948683268948,0.0400864032516374,0.0177927071268535,0.0263349806010788,0.031605479857607,0.0596456058550367,0.0232200644710829,0.0354957474888052,0.0372291199966973,0.0551649198673052,0.0214620140902197,0.0593731426157191,0.041712948885642,0.0338373489443993,0.0321605323603493,0.0635238561723577,0.0375249374911452,0.3633852113510586,0.0017095866473045,0.0720365296535029,0.0278878933045088,0.0378858256012569,0.0365241986884482,0.0322384410136432,0.0382433097250705,0.0367528283091125,0.042362226352448,0.0488502078858804,0.0511379609389137,0.0440931680839017,0.0189266655988259,0.0724617999780816,0.0391126608810481,0.0334927110374507,0.0321902217327148,0.0275387540414033,0.031701287841889,0.0337964319509061,0.0442249736339354,0.06183386947203,0.0450529611552165,0.0316127250957394,0.0380982390908758,0.0394230497117976,0.0325321883183359,0.0472660674797245,0.0177766310426512,0.0203468094852534,0.0363612527871854,0.0318199899114976,0.0333914558273852,0.0224828206734456,0.036192048645434,0.0433130821028652,0.0272046108398711,0.0293912826046895,0.0383536277777546,0.0290812526976703,0.0337320877872538,0.0313475876061716,0.0204938323724745,0.0309145305147489,0.0230188918774583,0.0230698911411052,0.0307618236440329,0.0373946694154418,0.0370118117799447,0.0263425193130675,0.0070472322307053,0.0245631225034283,0.0293894366856156,0.0297848550074449,0.0336043647450857
8914,-0.0084237083381893,-0.0083724075510479,-0.0098343568496161,-0.0178795051551394,0.0096476047693548,0.0050944014511218,0.0050341864705067,-0.0027848785565949,0.022913527753215,0.0077097285044361,0.0051765931934117,0.015201285522316,0.0059614439679309,0.0209669560089008,0.0267909584377662,0.0422820142329716,0.0152755180074258,0.0117937294410644,0.013437834191663,0.0221647236977676,0.0735256856565368,0.0135227277872978,0.0308070346205111,0.0388406426384198,-0.0001836171887262,0.0962420208311784,-0.0129268319676193,0.0169516108831032,0.0094134159671091,0.0142154133540476,0.015390602835632,0.0004398872665767,-0.0041744574128726,0.0088374541044201,0.0037149690062023,0.0011714510124725,-0.0013352458316266,0.007508802313881,0.0165703455703132,0.0083558920456938,0.0018157441872147,0.0236403539515233,0.0091380815197285,0.0205426861599284,0.0243247471506076,0.0147934703191984,0.0067501543713871,0.0250195749866834,-0.0050874793186087,0.0068784386291843,0.0088421954426236,0.0136082893117395,0.0663963578218007,-0.0035397448247202,0.0307058706682065,0.0113042754367997,-0.0011962904048871,-0.0099964386825671,0.0407508989264985,-0.0149821332095754,0.0135142256812029,0.1077756564816531,0.005773690776171,-0.0113052606574862,0.0411547601013102,-0.0105433534801229,0.0113791512764876,-0.0025122565124209,0.0126114074640119,-0.0086956508783288,0.0017095866473045,1.6936930567702873,0.0116459389174889,0.0086884229860301,-0.0069833172314291,0.016278411037909,-0.0159939779789351,0.0119647872094043,0.0110038864674421,0.0016912081916981,0.0486362596987938,0.0514147645897286,0.0017389165602221,-0.0071642072978481,0.0012999986459475,0.0386281204910608,-0.0067666145601376,-0.012032981020965,0.010398318970106,-0.00274087009022,0.0004048017649822,-0.0020237019776281,0.0007986495439502,-0.0025270890605652,0.0058021727861022,0.0065962425777961,-0.0040635044841636,0.0290360299202168,0.0030648318276376,-0.0073374411244977,0.0114254991742524,0.0187452316707458,0.0104091028020798,0.0176726824226915,0.0029884970697227,0.0088667958453918,0.0071456363068933,0.0285484379635473,0.0400843347351642,0.0052945795208551,-0.0025278496230131,0.0101331623416146,0.0134257963343863,0.0221574425708152,0.016397524893778,0.0279195578705558,0.0016754194834641,0.0345012734964317,0.0282265574449707,0.0186159270105834,0.0057486484056277,0.011328408180816,0.0149816174925019,0.0217012398986601,-0.0032288429182235,0.0024202885676486
8916,0.0236384306855096,0.0112234366329,0.0074762917941767,0.0272495384645711,0.0404917100233818,0.0688339133019588,0.0685509723323887,0.0512349279190428,0.0563635966593421,0.0361114825537819,0.0372877693345784,0.0582710350729809,0.0315860106879232,0.0434726121171885,0.0317668676782656,0.0433380063402269,0.0598386358223029,0.0484654413242418,0.0231062005014948,0.0489846731842687,0.0224263641937278,0.0282896773455153,0.0245271345028382,0.0390155463691798,0.0477727260846407,0.0166367763168737,0.0080148270915299,0.0522368513672613,0.0598313733995408,0.0561528468617644,0.0575619629391426,0.0417726256108704,0.0173271131197705,0.0543734642665544,0.0527957886235358,0.0545603741509363,0.0370982281089618,0.0386883602666459,0.0283639074374737,0.0285846498645574,0.0407428092121454,0.0537199347011161,0.0580932851908384,0.0670030345772312,0.0129195444384069,0.0430850773783199,0.0261461271231538,-0.0045926073438764,0.0633992354090012,0.0388877769926929,0.0189378947951971,0.0659833612084272,0.0212339843833146,0.0489508576472251,0.0894808459922363,0.0503437898105147,0.0305032521885954,0.0247125168353823,0.149489209790689,0.0014831695743247,0.0252512664564475,0.0929576435059953,0.0811287402137537,0.0874398981507615,0.1470879979099927,0.0685185259585257,0.0561136766059856,0.04047462712904,0.0437471859907581,0.0704906241291092,0.0720365296535029,0.0116459389174889,1.1957048104609271,0.0273380047877663,0.0765900648440044,0.0623411157296323,0.0386449591773675,0.0505227262120783,0.0446083071794075,0.0384490874705929,0.0312181550371561,0.0390398347937149,0.0601762931185438,0.0059760745400166,0.1044328082041876,0.0754952625094057,-0.0044445554507011,0.0681199106207359,0.0472075566281203,0.0713765322672433,0.0707674218333811,0.1088734866801108,0.094897553264129,0.1153728259571333,0.0601264863299412,0.0651634737183465,0.0765668952389349,0.0358668726346006,0.0775464957922643,0.0086008579374568,0.0343539147946983,0.0211776356398356,0.0545709550025861,0.0325328597492138,0.0287388042351633,0.0358230631769656,0.0479060115062782,0.0353840368419657,0.0346460409105382,0.0494202187139662,0.0265003376598618,0.0450521126683532,0.045322413100795,0.0184694137611777,0.0386046407926609,0.0232315404633026,0.0437350483311516,0.0262913943283978,0.0554767327078767,0.0407344154761511,0.0412306834414192,-0.0049218964278209,0.0216269780734245,0.0359839793093421,0.0441579781791708,0.0409722408258042
8956,0.0119806020919016,0.0077361716491574,-0.0054511343621544,-0.0046940637101948,-0.0094516389791839,0.0084774374947517,0.0195171803583156,0.0321983468862163,0.0162283138866033,0.0358935416452326,0.0280353656404156,0.0252316167700278,0.0136964643008226,0.0263943119441841,0.022799229346945,0.0059121466169204,0.0300824570208942,0.002948432041267,0.0076549047733511,0.0155539883091585,0.0149420871780939,0.0208345151861413,0.0215648036593738,0.024072550095193,0.0238375339995306,0.0055984886354464,0.0480364675051509,0.0276753903402679,0.0132452847267792,0.024837475952454,0.0465672948957256,0.0261617945983183,-0.0006862645617569,0.0271303171888654,0.0066265173378929,0.0269300025185744,0.0204568950208713,0.0428657732469692,0.0002901193312421,0.0124088913564188,0.007541503090076,0.0173541895347695,0.035997170834142,0.026458671147701,0.0140928521560932,0.0353845365935356,0.0037761896655185,-0.0120521613067334,0.0030378729959933,0.0159397632018488,0.0220579656022902,0.0391995809913532,0.0181007597456126,0.0163765806285921,0.0370192130313749,0.0151484509978509,-0.0007535600807603,0.0250516034835499,0.0740076572136771,0.1876070259405886,0.0458454687183558,0.0307879200055908,0.0580970583121777,0.1593760924642787,0.0061568648440252,0.0317485728022957,0.0305565011748037,0.032951671196179,0.0144045739669576,0.0322216177951848,0.0278878933045088,0.0086884229860301,0.0273380047877663,1.293187111656847,0.0677716941038552,0.0522952499689185,0.1239723966989525,0.038567939794758,0.0384178007677815,0.0314116962046626,0.0206215209108635,0.018331701842501,0.0339849215639452,0.0227104218783538,0.0287453003969442,-0.0079270024023881,0.085034956690645,0.0425966169873845,0.0663365051924762,0.0193121761298161,0.0270124705485171,0.0176859012603784,0.0232212200716018,0.0328358094195504,0.0275312540682896,0.0256707473737122,0.0275391848669075,0.007202637680456,0.0303800938240085,0.0195365988316838,0.0384966271830183,0.015251939111,0.0152713357731619,0.0252568583692323,0.0387955685581269,0.0154563508320526,0.0386312027513846,0.020233445783208,0.0254384720438333,0.030049322863567,0.0040838305011119,0.0124284179205023,0.0147585932258126,0.0119484576795923,0.035702844161251,0.0419022110280178,0.0177908267234432,0.0040709988958087,0.0120835825817494,0.0337379433107132,0.0141570127256842,0.0405028526983228,0.0465625119209902,0.0145891642133211,0.0323431253076916,0.0276617770184449
8957,0.0186453534637653,0.0038075082972855,0.0162354031490625,0.0270228253262939,0.0051300156837738,0.0474938814043286,0.0230247140518532,0.0383568711298,0.0226196156406298,0.0377742414921278,0.0314142839161994,0.0296417036845644,0.0366623582612266,0.0338946586727789,0.0160816237609595,0.0101883958687013,0.0223326284603002,0.0079175096647507,0.045971050025249,0.0264981678526621,0.027317830708109,0.0133726071941824,0.0330784641121606,0.0530112616244677,0.0304506610403562,0.0228889569435558,0.026727634306017,0.0321435233720784,0.0218139202194709,0.0359323963138189,0.042781603533165,0.0393399673863955,0.0163809360052289,0.0341840479552917,0.0244044763232244,0.0814639130643474,0.0405638774444243,0.0398081342491717,0.0235274991622854,0.0357420153356219,0.0291646303162608,0.0301841386374482,0.0485838908806965,0.0405667732176018,0.0359150907941923,0.0433776685110818,0.0364934164295293,-0.0056163784200536,0.020845525414274,0.0108048824990557,0.0307333364969959,0.0529773221018828,0.0185192705868321,0.0201351101414108,0.0310915632628661,0.0308357857218707,0.0228155290396233,0.0364516943402944,0.0515016848980915,0.0576817917131063,0.0499827803462634,0.0277471039013014,0.0871151681283523,0.0846910399882201,0.017598191730757,0.0627487488422989,0.0586821777186496,0.0419589636916727,0.0379137542777086,0.0447948355653708,0.0378858256012569,-0.0069833172314291,0.0765900648440044,0.0677716941038552,0.6603209457721155,0.053457503127528,0.0918575373258821,0.0809843891552455,0.0487941310833215,0.0246481831760055,0.0455945629536303,0.0203607671395071,0.0700017072084394,0.0423762564436243,0.0654292010610097,0.0130807385375033,0.0499515057001014,0.2112592890755602,0.0343568448132914,0.0561455538912445,0.1032624019493248,0.0779147329263046,0.0581006904345003,0.0635859751546617,0.0595158189112068,0.0316709985627016,0.040190296309521,0.0357694825014046,0.0417880954500064,0.0395985273526238,0.0449661642423789,0.0109958144718312,0.0155548820369306,0.0356356606270905,0.0343339391659958,0.0199630838216557,0.0456718544396872,0.0262750318336617,0.0326367607020894,0.0292394872323958,0.0137000972259693,0.0227964287226174,0.0352545560442799,0.0115611934497882,0.0522254059585909,0.0490169116992901,0.0205110644233268,0.0065681865736314,0.0160232599078692,0.0323720620531894,0.0253515773480652,0.0151094638276181,0.0359505775455498,0.0011773266840867,0.0495977285911583,0.0328443176976641
8958,0.0309406033588509,-0.0018142170885136,0.0152835982131708,0.0102125783327155,0.0167034176045086,0.058629898552853,0.0331417901564092,0.0381833523458327,0.0495291966468889,0.0252277709795953,0.0369990184157287,0.0476461768081362,0.0365786975286923,0.039090976424633,0.0244299573439534,0.0197768890313416,0.0484546238217208,0.0206870386083706,0.0056015228295282,0.0486933451846232,0.0262305392001005,0.0341212254948764,0.0249071855070801,0.0372108987922136,0.0404467929208361,0.0210315122014826,0.0164480316712384,0.0380046199416915,0.041758065521032,0.0289238640746786,0.0351441172265967,0.0439294629378525,0.0239226211674315,0.0801922121976302,0.0322013446205843,0.0516454755124064,0.016782368601919,0.0277789393836109,0.0294518987938092,0.0363987967042026,0.0222493620596485,0.0452804623618103,0.0459985731544401,0.045084291915653,0.0528297442410604,0.0639702769484969,0.0160804730237861,0.0077174120474321,0.0210753893338985,0.0307853437070766,0.0355100034322576,0.0556946748501826,0.0227969711595414,0.0363192763428829,0.0502229559749323,0.0432378127899395,0.0304404986787499,0.0195705353375204,0.0749056571647248,0.0194726698994704,0.0244540457660822,0.047982537628572,0.0468705937748247,0.0332109112321639,0.0327726357128801,0.0512502711128298,0.0335852084730192,0.0290075453808982,0.0214046963420476,0.0401031869758099,0.0365241986884482,0.016278411037909,0.0623411157296323,0.0522952499689185,0.053457503127528,0.4356853419764754,0.0479531667474391,0.0621232107160861,0.0556366506152462,0.0451142653888436,0.0455392904281811,0.0518654402805795,0.0789825230357131,0.0159241342448591,0.0382616423043889,0.0131355265069875,0.0146028382367374,0.0984580975375417,0.0652819584294618,0.0273712181803866,0.0197648005504593,0.0430567027672604,0.033888253687808,0.051817710135435,0.0689218612807182,0.0429085958455588,0.0423561819052032,0.033196299208966,0.0451085433673629,0.0067527863933129,0.042855400484954,0.0274627222907017,0.0376954825216791,0.0347403128623924,0.0262741913424557,0.0322621952038003,0.0415514101184661,0.0361297170413752,0.0419321671761348,0.0237439780332186,0.0280890097599473,0.0391812061040363,0.0335195947075623,0.031598456724466,0.0510906345496777,0.0303147174382109,0.0372802375059947,0.0350258173512233,0.0335714133405351,0.0473804760586289,0.0370689206346671,0.009936367931225,0.0214887485310455,0.0262066265350536,0.0452666884849564,0.0441550554691318
8959,-0.0011527273922321,0.001142853334065,0.0355553827781322,-0.0014636870651161,-0.0086499686658708,0.0214198078970257,0.0138879630643983,0.0691240729750777,0.0390712511500122,0.0270546934116611,0.0362892217570968,0.0333761220027738,0.0162408129726829,0.0119935620086283,0.0079349280901126,-0.0015774055194076,0.0185412754683019,-0.0006295745672958,-0.0045603134041707,0.0125955207855211,0.0058263490237064,0.0054021899243814,0.0126888888544144,0.0194026354737393,0.0219921154841559,0.0138193780875847,0.0134111554746841,0.0164208254762036,-0.0030909330917966,0.0122590237020969,0.0164376726464358,0.0315998705579984,0.00556745837849,0.003764303794285,-0.0013934359526528,0.0829264663936202,0.0077260911784856,0.007067996522435,-0.0018013113702068,0.001343713678052,0.0100973391556812,0.0146054032375377,0.0505703756761976,0.0218807111629509,0.0170015309891496,0.0161711314532062,0.0201672763750359,-0.0084306606318576,-0.0064970736214201,0.0713344643425697,0.0297864780732283,0.0237861032525712,0.011011743112077,0.0414227696641964,0.0094566447935736,0.023320759184429,-0.0033803493401682,0.0589895683303662,-0.0027272315912272,0.120730391202953,0.0726923150743881,0.014388102603406,0.0791519392759557,0.0955111322332911,0.0506493612521404,0.0577316049648717,0.0938993604387183,0.0188595729152472,0.0421694660379086,0.0639024732167499,0.0322384410136432,-0.0159939779789351,0.0386449591773675,0.1239723966989525,0.0918575373258821,0.0479531667474391,1.5482555800346882,0.0777041553330075,0.0298328362130427,0.0971631724962414,0.0537841351054964,0.0091749245926335,0.0655790499521252,0.051963719691697,0.0822695885874655,-0.0107719656512366,0.0759068105797343,0.0919944931850532,0.0364866802236919,0.1590007235040105,0.0341131309315338,0.0200483019737236,0.103025380159165,0.046526570083511,0.0136592528092592,0.0167227934550656,0.0390097440605574,0.0356178881698883,0.025208258597434,0.0171095849219654,0.0471235482180053,0.0155299181977195,0.0162727581258014,0.0392043829653314,0.0399654980879552,0.0103950847803867,0.036231596139874,0.0288963391799799,0.0356202434200961,0.0340449250533801,0.0060191445644774,0.0149363198887827,0.0100152883490639,-0.0017075925177871,0.0461270369895629,0.073329888955286,0.0165271230725108,-0.0006553634352981,0.0167993075246814,0.0410674395227764,0.0146881808645454,0.0214903343119992,0.0320128719759955,0.0006791682964672,0.031875055349862,0.0217585363504932
8960,0.020460048045715,0.0117460341756087,0.0131405162752823,0.0074771583132432,0.0206300378795716,0.054105826649861,0.0301538339563726,0.0419475922521597,0.0265479697076965,0.0297808362285434,0.0385083758353162,0.0238469631911427,0.0392835313427317,0.0377112112670955,0.0178811834471372,0.0258612534230496,0.0329748351287882,0.0191045887020356,0.0174646311628844,0.0321083805445634,0.0326156571537627,0.0246475896564221,0.0332301727564899,0.0606417619203371,0.0407525156812027,0.0336717634657901,0.0151855349666781,0.0391313967710104,0.020983063514101,0.0277796231488781,0.0387611508329157,0.0425081347437571,0.0233260779964504,0.0350738204480916,0.0236809448735066,0.0621618407721865,0.037837732693421,0.0208064162226065,0.0293474802946473,0.0390594272975054,0.0334963195395437,0.0401621039927089,0.0395124733664938,0.0318173323351499,0.0388120527931984,0.041051353953693,0.0364598409380186,0.0156352482668161,0.0115453735515475,0.0303710920519531,0.0391535661320872,0.0538413426384871,0.0341974788835147,0.0152607741103555,0.025480031597959,0.031982639060961,0.0181296640442902,0.0231860567797734,0.0629933706010031,0.055650640860456,0.0273238124244997,0.0468628112959148,0.053515055397153,0.0222960094864581,0.0223083891979818,0.0379701079397658,0.0371068878093685,0.0273016717746116,0.0184904281414092,0.0459422651729738,0.0382433097250705,0.0119647872094043,0.0505227262120783,0.038567939794758,0.0809843891552455,0.0621232107160861,0.0777041553330075,0.4067150689540874,0.0445388682434408,0.0549276321525718,0.0456764611480637,0.0274796254978374,0.0688742900029069,0.0329517652312345,0.0514119258225984,0.0026327758806653,0.047610067823008,0.122771526570274,0.0267485743872321,0.0210567770038698,0.0317265536586045,0.0529529904108955,0.0469145908236693,0.0498798077982006,0.0407891033118744,0.0331529645404,0.0353580578334631,0.0305069665579049,0.0453461344488911,0.0299087747298729,0.0348778843800837,0.0231083930778441,0.0248100430992149,0.0367823181978979,0.0233662372194698,0.022395309977637,0.0357491963971439,0.028517259559554,0.0346712174655601,0.0362035205560962,0.03210587681987,0.0322953210348468,0.0553213638103466,0.0280972424799647,0.046920370218053,0.0578110321881028,0.0251348679484107,0.0200351551579231,0.0320169443799633,0.039437701953136,0.0357054128871693,0.0179279559280915,0.0475424274558636,0.0207435915792556,0.034881533125004,0.0248388574254636
8962,0.0181049008326414,0.0076103063263241,0.006038286473276,0.0125826056023677,0.0278297980668944,0.0364568990784568,0.0239858289681369,0.0413404075453559,0.0256623385190476,0.0243985795535107,0.0244938437510324,0.0331151165644844,0.0337491988432208,0.0286133511225772,0.0194229340714219,0.0176625005562152,0.0259427607977671,0.0139056523540214,0.025069608725724,0.0321964562540608,0.0249186148044724,0.0300182151309054,0.0213691445134022,0.0276422894581539,0.032419637490936,0.0216415892339433,0.0130622597765702,0.0328368676415715,0.0268292242262466,0.0234709816849822,0.0258322188361715,0.0303215147083691,0.0139649347358574,0.0388423525099625,0.0217667359788435,0.0238658878513748,0.0240803464470385,0.0224335109708638,0.0109517528831298,0.0271524741117917,0.021966263072191,0.0335894252669272,0.0332376046259141,0.0359796890009919,0.0287138917907311,0.0357482328558315,0.0203163448424053,0.0037433329938569,0.0235842407834882,0.0277336303269702,0.0290914390578738,0.042112583656983,0.0151485046688037,0.032945884721308,0.031636705273102,0.043761898621085,0.0303000473024474,0.0151148094761015,0.0454096668141732,0.0322856232238982,0.0285853891592957,0.0380724909569863,0.0465062412832868,0.0385139284646533,0.0172682108500493,0.0499696504343232,0.0324844296121308,0.021167858688893,0.0156256060638409,0.0408162537025137,0.0367528283091125,0.0110038864674421,0.0446083071794075,0.0384178007677815,0.0487941310833215,0.0556366506152462,0.0298328362130427,0.0445388682434408,0.3304603329013008,0.0275595712172027,0.0378718612871514,0.0327304244147562,0.0401251293796948,0.0179130497957548,0.0396673141352176,0.0140188352519773,0.0379266879288981,0.0592119553583354,0.0302966074214533,0.025787448559719,0.0331692234061735,0.0385361362232298,0.0363040914230237,0.0363728566724298,0.0295058242455476,0.0339700408756707,0.0323446442112147,0.0229592287052889,0.036407847415897,0.0305651168982526,0.0364471258621076,0.024818239328594,0.0255361437227469,0.0303101421800604,0.0341394693539851,0.0238989315920325,0.0322053035966548,0.030530690556673,0.0298751911209313,0.0233285207335262,0.0169679563676663,0.0327383020697176,0.03369189265939,0.0263842125120781,0.0374066641773164,0.0298801268061551,0.0307885635252364,0.0240139143925364,0.0389851210734946,0.0378042001011984,0.0338035328810144,0.0242955996212716,0.0159204923328543,0.0208353922656048,0.0372656890176373,0.0284224682674297
8963,0.0189976043027294,-0.0071411228880887,0.0119322599067375,0.0287098425157359,0.0177177591664172,0.026364848262372,0.041659682959965,0.0295643314648769,0.0902941664510466,0.0106700249310686,0.0289894726320483,0.0318389118826214,0.0288501660752185,0.0350432917613004,0.0260691984480216,0.0347392136034342,0.0262959497789969,0.0191050188249341,0.0019016091197827,0.0425812770898296,0.0711072982741124,0.0517672663261929,0.0148553140761369,0.016895993100378,0.0246759786334517,0.0630308483550314,0.0172995277971058,0.0192811894567523,0.0362258549625257,0.0273246285694109,0.0115651688550621,0.0420152578597008,0.0331755169216651,0.0145265239271428,0.0171444233106951,0.0300663435232665,0.0219588250976365,0.0085690345606332,0.0122899479517634,0.0852447226092057,0.0105850306827232,0.0429200773608422,0.0470231640039481,0.0236319072966474,0.0853597000418425,0.0293254314726333,0.0095612386415047,-0.0058459773363772,0.0244100902219757,0.0615060844640655,0.0398561094012247,0.0415441921498848,0.074657875283208,0.0146476308074918,0.0446732618615898,0.0539370136965505,0.0046682029767649,0.0164084183595039,0.0231857020842651,0.0141066009322567,0.0134740360629621,0.0143571932400813,0.0505980945378721,0.0087373363614,0.0407563338273417,0.0292565324695853,0.021320258948135,0.0096147320900162,0.0403782679700891,0.0282784572512414,0.042362226352448,0.0016912081916981,0.0384490874705929,0.0314116962046626,0.0246481831760055,0.0451142653888436,0.0971631724962414,0.0549276321525718,0.0275595712172027,1.20335986294093,0.0573806764703798,0.0465978658856915,0.0832238039990223,0.0259905403965155,0.0476302365546213,0.0278695487129498,0.0153646035853593,0.0111028284531583,0.0097099900398094,0.0210082878753676,0.0275685213676029,0.0328917930103495,0.0347248818951765,0.0404684236358741,0.0072709515700702,0.035775903702639,0.0546964173363381,0.0204462997532726,0.0327540485914077,-0.0011403549480959,0.027178981649258,0.0429239303318948,0.04222050571477,0.0395434040429215,0.0153977172761715,0.0350833430411042,0.0531037006485671,0.0252993829357778,0.0214731364045257,0.0126936089875045,-0.0015450434447487,0.0448860146346109,0.0320366145679836,0.0319806957713418,0.0342078154711867,0.0275402813579076,0.0348004759890618,0.051296505170761,0.0469145498293368,0.0561564496006043,0.0307813435652966,-0.0005726936186265,0.033148312341976,0.0411879108883862,0.013705374604998,0.0250070670038619
8964,0.0172665051050699,-0.0015920196216477,-0.0028196856361336,0.015356607955964,0.0179218493048015,0.0694652726760102,0.0226129057630915,0.032093389838105,0.0329673523008926,0.0179047296517274,0.0327442290955601,0.0256421179460308,0.0415190061296718,0.0351080940612385,0.0256913641817682,0.0302968468009363,0.0236150182979698,0.0169559058769035,-0.0047476402854073,0.0202663167995935,0.009481090336082,0.0147365159659358,0.0564304036476279,0.0273284931504051,0.0281270813133321,0.0140665350465373,0.0112798172995042,0.0207657687642686,0.0096110867699044,0.0226677809354446,0.030240342832314,0.0246321592590279,0.0321994247898943,0.0230508854923211,0.0116559830367673,0.0423804472386649,0.0129636394895762,0.0812114025202536,0.0064623066709647,0.1543356680714451,0.0075471327893476,0.0417275386672576,0.035089186295601,0.0571093715854542,0.0539085972041913,0.0233529331610961,0.0082203776842654,0.0036044310132557,0.0152926465807037,0.0730144366798461,0.0809298251017254,0.0468527594532575,0.0463491171360377,0.0405618756823179,0.0397525482491662,0.0410331516281478,0.0592394246989594,0.0498500299427997,0.0193570350965338,0.0064330430848813,0.0465635076237743,0.0276895243555859,0.0532814895544972,-0.004322898272076,0.0470426948264635,0.0428962294749343,0.0401593273755129,0.0211939433011118,0.0542030148943434,0.042791145803765,0.0488502078858804,0.0486362596987938,0.0312181550371561,0.0206215209108635,0.0455945629536303,0.0455392904281811,0.0537841351054964,0.0456764611480637,0.0378718612871514,0.0573806764703798,0.7975874737345396,0.0163356115495739,0.0375610249754779,0.0161084748316262,0.0307633197001322,0.0280178197881887,0.0066292729566906,0.0388570317054903,0.0325928272038543,0.022246501455129,-0.0011221426031067,0.0206558298611145,0.0207044678775574,0.0107590336781866,0.016453977010787,0.0296279710043569,0.0252618752006086,0.0252993890917923,0.0374863676136026,-0.0049858600134583,0.024747934392307,0.0189493552118388,0.0382018947630144,0.0223405299602174,0.0124228860188694,0.0193444733634258,0.0336190408984999,0.0250830858471645,0.0433183809941432,0.0290373481469502,0.0171846887576674,0.0280024194596377,0.0137538407893336,0.0099828082500625,0.0418541565330584,0.0291408003280808,0.0290859297708556,0.0060852435228007,0.0356915544026514,0.0417505328447686,0.0161416532029521,0.0085127273148366,0.0183560676975231,0.0194373289924001,0.054277865222993,0.0222105398925758
9001,0.0278591141817363,-0.0073740917694792,0.0213232620767958,0.0006902365317815,0.0127185339778461,0.0466744743298605,0.0510088053675642,0.0647819952659262,0.0380742214175091,0.0174400312162093,0.0195959061251978,0.0385014360557768,0.0264410881531754,0.0276367972076686,0.0212027141495859,0.0400168574043958,0.0391125171527573,0.0264478924778045,0.0076515629459221,0.0403874610766571,0.0315959481622472,0.0506920298521948,0.0145054191181702,0.0194783385158118,0.0227864467851182,0.0324017488526625,0.000847900089923,0.026363721550332,0.0372619415693398,0.0262242933962559,0.0086079861540233,0.0373689106648109,0.0252453933408209,0.030988918794061,0.047908840864989,0.0433525286452662,0.0299275925890374,0.0193860404977499,0.0213222291678598,0.0306798184772572,0.0328004381917756,0.0309273258231757,0.0360622252591589,0.0366659250553379,0.0272794653004857,0.0313061838904844,0.0118772658138294,0.0164679205977457,0.1356426099724942,0.023970122648075,0.0236059899345868,0.024567022533086,0.0281029507444749,0.0261819406663045,0.0509450981111081,0.0352302638810579,0.0283060000796083,0.0147920372185723,0.001127714193067,-0.0046593500631654,0.0262686394014796,0.0310566425741803,0.0370797710131498,-0.0017655726844202,0.1813584934192597,0.0114009132867655,0.0169239017005472,0.0077457352622931,0.0226454964290733,0.0356368030949523,0.0511379609389137,0.0514147645897286,0.0390398347937149,0.018331701842501,0.0203607671395071,0.0518654402805795,0.0091749245926335,0.0274796254978374,0.0327304244147562,0.0465978658856915,0.0163356115495739,0.8727775406548466,0.0322254061344128,-0.0006487632021382,0.0474561267671514,0.0915808730113438,0.0003817385376394,0.0021422652848959,0.0626695123615503,0.04197496203134,0.0249875395505968,0.0580819309356618,0.0735889597258406,0.0529299063441783,0.0385624727797355,0.0773896849969581,0.0653222849192303,0.0333444806281007,0.0434864976208559,-0.0016818178901189,0.0303124785123253,0.064384150924887,0.0552433432994716,0.0381012849747516,0.0147129268021595,0.0374647855198742,0.0465745425762603,0.051467288121771,0.0560294898514709,0.0163453283884187,0.0254922843557895,0.0595437316773884,0.019956401357199,0.0665895805094069,0.0344356958227661,0.0131927878741992,0.0764975882739478,0.1112871319267097,0.0598275984090539,0.0469683927299951,0.0414251887915295,-0.000607644589258,0.0254900868348401,0.0453729505763691,0.0371222394974723,0.052287764849022
9002,0.0093257215554042,-0.0030954805760403,0.0052225042913555,0.0073163959840525,0.0120435725966725,0.0471274622123426,0.0304908539468915,0.0387100485227201,0.0412053979249143,0.0241388156272497,0.0421963393231664,0.0260989753089246,0.0386518916032116,0.0337943506049166,0.0228054091394942,0.010345876022754,0.0490269880814158,0.0242092344063658,-0.0079918591124544,0.0362009024655092,0.0491862714589004,0.0222044619511499,0.0344521898814843,0.0255774766653689,0.0245308054830953,0.0329857851821478,0.041083452081136,0.0340614743090595,0.0390151132113961,0.0336066929969544,0.02039430209336,0.0577641119954991,0.0308813435232727,0.0562025681934271,0.0314669926185739,0.0160025836508754,0.0578151743331575,0.0260489754993662,0.0295300243304304,0.0683557428361783,0.039608314282018,0.0377161794556109,0.0496242967585481,0.0380542874413053,0.0433583722632915,0.0431833355102536,0.0172694554230188,-0.0011319084802547,0.0159246157974665,0.0276348847476907,0.0558924652810938,0.0500830412809732,0.0374978147773385,0.032123415632889,0.0625312821172499,0.0360353318780937,0.0194935369332019,0.0405310910329208,0.1048670302001582,0.0035534726462543,0.0175724373078135,0.027082952141003,0.0477013141247111,0.0385944186777941,0.029389063052437,0.0689576731173683,0.0260510665052395,0.0342100727276429,0.0280171610570347,0.0395112688122424,0.0440931680839017,0.0017389165602221,0.0601762931185438,0.0339849215639452,0.0700017072084394,0.0789825230357131,0.0655790499521252,0.0688742900029069,0.0401251293796948,0.0832238039990223,0.0375610249754779,0.0322254061344128,0.5529181136508862,0.0622350871835287,0.043267319781192,0.0099463732821175,-0.001186922169078,0.0763704411438968,0.0217661978241914,0.042491739401277,0.0279241090126697,0.0863913700985989,0.0544888186893735,0.0505194462085995,0.0387192625381445,0.0305976222212619,0.0333295396439273,0.0311267760750568,0.0466243042195894,0.0007011158713895,0.029613330088061,0.021449159633341,0.027053683977626,0.0351751939764223,0.0180155565652919,0.0311953245434517,0.0339545050904409,0.0255567155744242,0.0306532219255004,0.0516600001128189,0.0042724974503211,0.0400222141900204,0.0213482509758826,0.0200266861316249,0.0354519687643719,0.0493792794383028,0.0366919012696506,0.0271278320157226,0.0334816728089293,0.0313041401360948,0.0250479118347272,0.0093736408043023,0.038699645642636,0.0154862952548815,0.0512274046989127,0.0295345524140528
9004,0.0063195651709254,0.0028585400872142,0.0132355195064326,-0.0078731370361767,-0.0009088514806573,0.0081792174556314,0.0024010789270485,0.0129037409128252,-0.0010305955403159,0.0159349231333056,0.0257771218337204,4.522621380673167e-05,0.0164661840557364,0.0155545727026121,0.0023280583336703,-0.0063935235750792,0.0013738105451191,0.0018014367586317,0.013573807687044,0.0140842565874184,0.019163900205283,0.0033318632853776,0.0223995575784992,0.0119185861994816,0.0032471579433253,0.0094078627613802,0.0715943452066938,0.0074132454542458,-0.0029708481938419,0.0242582877285407,0.0030922749694171,0.0347248356137833,0.0033774172843699,0.0100093494371324,-0.0013587816196781,0.0085047992336956,0.0088516562965069,0.0101318298378596,-0.0016075167296924,0.0165743770107455,0.0440049723186604,0.0098180058645121,0.0146830113884856,0.0120149623034937,0.0157873434453037,0.0096309215997946,0.0118187596150565,-0.0038521942803848,-0.0053933148235889,0.0142413926158938,0.0473415919478935,0.0143376043217998,0.0274446079986957,0.0012673447028362,0.0048424621738692,-0.0032376576400815,-0.0047250978297207,0.0117368644482023,0.0274133652113123,0.0331926340185279,0.028132648452657,0.0074577025905811,0.0324160493454545,0.0595360786644042,-0.0066044902101243,0.0794044140222463,0.0267437837314182,0.0375239704152049,0.009788826865863,0.028194966144866,0.0189266655988259,-0.0071642072978481,0.0059760745400166,0.0227104218783538,0.0423762564436243,0.0159241342448591,0.051963719691697,0.0329517652312345,0.0179130497957548,0.0259905403965155,0.0161084748316262,-0.0006487632021382,0.0622350871835287,0.8907150088860355,0.0015366174112633,-0.0135073890388483,0.0173125106256916,0.0366034718094442,-0.0026754063679917,-0.0022112736029433,0.0352924927048161,0.0114301964653675,0.0171794448923384,0.0227612629140777,0.0062563922866836,0.0067939601565421,0.0126421038727138,0.0014027566625196,0.0280731847871347,0.0622668445820093,0.0349728133016927,-0.0051925244188701,-0.0055007156665737,0.0287305920309151,0.0693780838329943,0.0091936027813124,0.0144709123299451,0.010184947864049,0.0180723021372047,0.0373150901523767,0.0140300986583566,0.0186644574340318,0.014040206453458,0.0021396870474992,0.0145948524275111,0.0692194889232328,0.011564731342436,-0.0037596177170727,0.0115566219873656,0.0081765394359026,0.0271518455116671,0.0793584752612377,0.0231529486323626,0.0026021473993998,0.0146409414614516,0.0006287496207108
9155,0.0312465036382371,0.0017418949887731,0.0249696883137484,0.023935419951853,0.0291728524927799,0.0668744505191966,0.0284365213283767,0.0759971067064982,0.0410354806772255,0.035933286543455,0.0302051145467919,0.0392749438986293,0.0475366430652314,0.0374933058706155,0.0138501993973788,0.0229204129477921,0.0546717362695345,0.042392008597345,0.0120070880371982,0.0353236481860665,0.0188835664111009,0.0355594757283996,0.0218509511344679,0.0328242097215566,0.0869578742991248,0.0140070126222194,0.0156307365693494,0.0460826423674003,0.0579675248382589,0.0352067775587252,0.1613467939297759,0.0457256602479448,0.0138226562394833,0.023134847929794,0.0407872084088934,0.1018594789783958,0.1037187695956257,0.0317082753147339,0.0438614245862774,0.0332967739782902,0.0729747237276473,0.03366223855973,0.0404683967946104,0.0495944428460502,0.0222320194283193,0.0654066484753045,0.0252653843250701,0.00976127660991,0.0925690001301095,0.0965273684711595,0.035143422780306,0.0315994712205461,0.0467789754533061,0.0975174993903526,0.0446970756268502,0.0483782971539694,0.1089240637910033,0.1097158633744219,0.0327348702931215,0.0134010114244892,0.0323190557142203,0.0488848860092989,0.0796179691275553,0.030930034452859,0.1511998485797732,0.0357459838839325,0.0626058308499534,0.0750614500375488,0.0342887271434883,0.095428796877304,0.0724617999780816,0.0012999986459475,0.1044328082041876,0.0287453003969442,0.0654292010610097,0.0382616423043889,0.0822695885874655,0.0514119258225984,0.0396673141352176,0.0476302365546213,0.0307633197001322,0.0474561267671514,0.043267319781192,0.0015366174112633,1.5451292204821827,0.053097227666821,0.0198928964024925,0.0184194823558606,0.2018051267402793,0.1543657809737637,0.0608905364514919,0.2174074987926104,0.0765421021269301,0.0875766669928649,0.0814385387270718,0.0894567799636437,0.0461165005730836,0.0329259557565808,0.0583294739497284,0.0294377635971119,0.0254544757237598,0.043798850447212,0.07210509330832,0.0321602554064396,0.0388438622288137,0.0334220962738975,0.0461082867549024,0.0333292279959534,0.0298070337291218,0.0358536353862754,0.0402666644563082,0.0723084885918138,0.0227873611933194,0.0161852100120183,0.0467080918629703,0.0031562211217537,0.0249805439384399,0.0114832554666282,0.0770476534168115,0.0356096390769972,0.0322421468776621,-0.0101486875995495,0.0188319034918591,0.0306835783949591,0.0783656015869383,0.0458709616862918
9330,0.0402846151954116,-0.0032617453171806,0.0115945692906159,-0.0018615383672908,0.0238452756704814,0.0368091181110095,0.0550252198691506,0.034480757425266,0.0236104472671191,0.0214374927617223,0.0185401599372622,0.0539525154228586,0.0246557323452023,0.0461190745409392,0.019007330269259,0.0684340119064705,0.0386606775803676,0.0365046602351191,0.007348408122904,0.0257017983295145,0.0346894331644096,0.0648012716659515,0.0025522764263878,0.0171018163309133,0.0168512767303677,0.0315237042244039,0.0060933541373744,0.038882349491733,0.0214329126848554,0.0260736354643882,0.0269298596005327,0.0281438142638021,0.0135884729586085,-0.0003906307981603,0.064379256433981,0.0319541220192863,0.0674703483116211,0.0156362454124156,0.0332860667469117,0.0376321080356324,0.0298298081661607,0.0256070209251687,0.0458191203105151,0.0434618627412439,0.0052845644974825,0.0250584718273653,0.0095923721562336,0.0226572455724787,0.2766874215923737,0.0517239974335449,0.0345458377988362,0.0269501130668193,0.0276326536364793,0.052489262702746,0.0469640205906073,0.0263393610644902,0.0839575248198361,0.0426527929267576,0.0423570066742576,-0.0214216645904651,0.0136581504513546,0.0191735367248011,0.0206465409243055,-0.0236362750471748,0.1887352735049638,0.0254275413504526,0.0423791476187193,0.0062472754287082,0.2836331029366937,0.0533941708603848,0.0391126608810481,0.0386281204910608,0.0754952625094057,-0.0079270024023881,0.0130807385375033,0.0131355265069875,-0.0107719656512366,0.0026327758806653,0.0140188352519773,0.0278695487129498,0.0280178197881887,0.0915808730113438,0.0099463732821175,-0.0135073890388483,0.053097227666821,1.4606241826540751,-0.021418606524247,-0.0174022221278643,0.0665115546083139,0.1461065336617891,0.0050792208322534,0.0250302810876039,0.1394749080052119,0.0197818659933448,0.0281973326887541,0.0500506049148125,0.0299293381461296,0.0392994156716901,0.0363721674906989,-0.0037859384746727,0.0129660476743919,0.0686283347161659,0.0522920309102929,0.0129980259975916,0.0439161625643954,0.0306091201605654,0.0345943632364804,0.0362762700861852,0.0380046386563626,0.0503910361594797,0.0227058208513638,0.074275180671713,0.0281283196572926,0.089954323312569,0.0212536625420053,0.0069310091795316,0.039417727879223,0.0741269742311823,0.0721566938312457,0.0395626181633493,0.0366465646740138,0.0031514588450272,0.0050744720505298,0.0604396926191684,0.0963893259429498,0.0486320214469089
9337,0.0323898428224083,-0.0019935030228938,0.0100346140194464,-0.0023223359141185,-0.0068395623684865,0.0065996073494204,0.0251813516313208,0.0448889351306643,-0.0079470543251088,0.028186800816456,0.0203731479311879,0.0428969490157629,0.0154353661254791,0.0125477938209176,0.0087252634904502,0.0009902450770318,0.0087512194221152,-0.0022145593294705,0.0245482877569165,0.0437984561371993,0.0275275161570503,0.0076819327106128,0.0109696114812413,0.031596850746973,0.0107761690522776,0.0186559932968077,0.0074384765142806,0.0128869623254989,-0.0075658027628735,0.0243783182197306,0.0466596560718075,0.034007243239278,0.017950199384963,0.0195777170762101,0.0119218572360595,0.0146476525991487,0.0088370388284514,0.0268104384495426,-0.0029822886562902,0.0162549245718165,0.0038477902432224,0.0108992406378478,0.0157405740619367,0.0160072800758084,0.0118932611368711,0.0448425236376644,0.0389321242683221,0.0413599972512026,-0.0044522010152863,-0.0003425194882769,-0.0005225403163743,0.0214935806037525,0.0170327005383323,0.0025933289552581,-0.0020577102578168,0.0014993715734903,-0.0069977709628031,0.0084964999824483,0.008481251106207,0.4403205068745628,0.016257774078038,0.0073602237454924,0.0377710838231912,0.065187811112668,-0.0196659676583982,0.0228788502981888,0.0313630902425759,0.020190906769283,0.0005752830686967,0.0407785017906164,0.0334927110374507,-0.0067666145601376,-0.0044445554507011,0.085034956690645,0.0499515057001014,0.0146028382367374,0.0759068105797343,0.047610067823008,0.0379266879288981,0.0153646035853593,0.0066292729566906,0.0003817385376394,-0.001186922169078,0.0173125106256916,0.0198928964024925,-0.021418606524247,1.369085120352244,0.1010067451707757,0.0424507292673908,-0.0070656768964864,0.0068800186053437,-0.0124298885806457,-0.0036262316561074,0.0074352060830906,0.0103103794875715,0.0187252379124179,0.0290879698195066,0.005678534293904,0.0278106680866044,0.0149267170023267,0.0295749407666004,0.0160117576214682,0.0108722610611454,0.026397419042392,0.0276629057483198,0.0225487360352452,0.0155697757661916,0.0090732456417729,0.0207197952554923,0.0123052286463856,0.0188659983729139,0.0103614442238984,0.0502825000501673,0.0066238938450751,0.0228720072054251,0.0430004476407735,0.0096270742964276,0.0140362930594594,0.0099988437011029,0.0335276258078594,0.0191478029110963,0.0473505609148662,0.0301156319633412,0.0232884153226339,0.0049621749941918,0.0196617030399795
9390,0.0135493213792191,0.0061163426472911,0.0146671820234982,0.0186129721624775,0.0170014546981293,0.0412589372177511,0.0183786757164274,0.0599939336503465,0.0056051769847698,0.0590674450894884,0.0398096691746346,0.0306572417020874,0.038495805356827,0.0323133114285786,0.0163039959705692,0.0235759197511629,0.0175615970383156,0.0202106961559579,0.0200153476383746,0.0202279370865898,0.0319702868198559,0.0105318926558662,0.0255804476149979,0.0683480873323095,0.0300092395817901,0.032261970998891,0.0078122447674164,0.0391717152693316,0.0313807385712726,0.0343183544173974,0.0490757436980024,0.0216034597283035,0.0246272495083918,0.0655812373241055,0.0300083680089162,0.0658794331024906,0.0206358679172404,0.0423792306891664,0.0324153714415722,0.00970184319117,0.0215190676260974,0.0358007656916288,0.0452636295084932,0.0430733958777146,0.0221577857141085,0.0634238001452333,0.0340631390485623,-0.0017301037455804,0.0014765670423306,-0.0031559286092478,0.0077012868803509,0.0536143968843996,0.0071667690729575,0.0062796342521179,0.0495139978921293,0.0313500646695472,-0.0041040476362622,0.0191319496778953,0.0503980961612873,0.0548532642217291,0.1024321886513253,0.0280148986429184,0.0632919490839792,0.0795927638413701,-0.0004907288405899,0.0630100587358734,0.0561473827819838,0.0352385076516535,0.0014108227207014,0.0491589733257152,0.0321902217327148,-0.012032981020965,0.0681199106207359,0.0425966169873845,0.2112592890755602,0.0984580975375417,0.0919944931850532,0.122771526570274,0.0592119553583354,0.0111028284531583,0.0388570317054903,0.0021422652848959,0.0763704411438968,0.0366034718094442,0.0184194823558606,-0.0174022221278643,0.1010067451707757,1.2309401204590735,0.0095661747173816,0.0268050961510448,0.0462933579382887,0.0759268775242652,0.0033040797708165,0.0967342456381637,0.1163188732683809,0.0264431804413427,0.0437510831447202,0.0299979288447155,0.0409423217422659,0.0326202856290683,0.051131626244969,0.0198927142864728,0.0171286824102289,0.0439343259204827,0.0485841377216129,0.0137404613934109,0.0442564322940707,0.032450362885849,0.041542775211246,0.0343485667856542,0.0135452170090803,0.0138815831527988,0.0589583092533547,0.0212738205912618,0.0655526704936965,0.0809165751319328,0.0139399486332733,0.0088718155051924,0.018120711629702,0.046479477968694,0.0322578787903858,0.0216512162834279,0.0699119663265564,0.0013812619709573,0.042689228062096,0.0337211083787049
9401,0.0077535815871748,-0.0069656348636346,0.0157660450959786,0.0006472351279176,0.0273998152611262,0.0436481616726306,0.0193839642758001,0.0256501529187667,0.0184732979686122,0.0233124841964784,0.0224305664415598,0.028306343974231,0.0346413593460715,0.0435380864535686,0.0298604772104993,0.0485266636625346,0.0260954337897467,0.0418616524648701,-0.0004224174333652,0.0517672199394293,0.0286849233211858,0.0458865499675278,0.0177910580919078,0.0192000407874769,0.0306581626089835,0.0199682391374638,0.0049603024807451,0.0321666454715374,0.0205251960531988,0.0162063357099592,0.0453812293985094,0.0220761061474352,0.0141369680091896,0.0100848947832105,0.0302096930787642,0.0730761530997329,0.0351815109338396,0.0463886751165959,0.0222086663593448,0.0406834822121295,0.0142492774534617,0.032291455599958,0.0412061361641958,0.0353399976689105,0.0139870160901607,0.0198619427013538,0.0117897460554252,0.014288524863766,0.0745968721519796,0.0449524925353183,0.0238084593678055,0.025116546301507,0.0123874797650617,0.0504161047635986,0.0149443461175005,0.0268463325704147,0.0560248804614091,0.0236265098666775,0.01033295684395,0.0652227526762217,0.0243588485538726,0.0290487241787856,0.0747583902408259,0.0044405080009913,0.0825286462576272,0.0021759649987521,0.0301041233939432,0.0121102336504328,0.0246479940889912,0.042743562450819,0.0275387540414033,0.010398318970106,0.0472075566281203,0.0663365051924762,0.0343568448132914,0.0652819584294618,0.0364866802236919,0.0267485743872321,0.0302966074214533,0.0097099900398094,0.0325928272038543,0.0626695123615503,0.0217661978241914,-0.0026754063679917,0.2018051267402793,0.0665115546083139,0.0424507292673908,0.0095661747173816,1.410847275887661,0.0403116440241772,0.0057650552387841,0.0497404060865471,0.0570851023863184,0.018847838195099,0.0308950124116916,0.061760669049896,0.0270753910987281,0.0197821024335703,0.0313005140044773,-0.0024744084634459,0.0316079330850106,0.0323020001465348,0.0254569724287026,0.0151840169025382,0.0171197306290818,0.0309658104252243,0.0300596412777073,0.0279115267626026,0.0319434440557205,0.0219282948454619,0.0149541244376066,0.0274466304416564,0.0220001938758651,0.0457397528751824,0.027641861930963,0.0251148074620628,0.0254232922680381,0.0490057399903645,0.0485763306894426,0.0438725537277706,0.0294218250783448,-0.0026413220727751,0.020627537637085,0.0353868997175518,0.059640534709857,0.0428280597254974
9427,0.0392064579125764,0.0209017254972223,0.0271273808658785,0.038295791789444,0.004135652117485,0.0689410530130351,0.0608489562033553,0.0637514450461548,0.0432579153661665,0.0488145862416389,0.0367221867142149,0.0714605525351553,0.0256965016142477,0.0287031702065131,0.0158639776232934,0.0057160934853011,0.0534227422872913,0.0470570297627204,0.0819329847880027,0.0293090780058057,0.0542764352267221,0.0399599120039285,0.016084852562448,0.016417346022138,0.0405811403013371,0.0072534149148965,0.0063528828086595,0.0312963051236231,0.0238378860248925,0.0456325428557641,0.0491175019047957,0.0354859602208168,0.0128636807851579,0.0271429427929545,0.0691296485171568,0.0923499604319088,0.0780520577268876,0.0379432336983026,0.0164465701900616,0.0371047360526249,0.0645546800290028,0.0164673649000507,0.0439517791440919,0.0514535061829729,0.0181554206168982,0.0231862271111395,0.021920630097251,-0.0015465349751,0.1453063694319362,0.0350224946187636,0.0344930543901931,0.0211252705814435,0.043504506998241,0.1012357685520233,0.014242989601712,0.0296436000497936,0.0690240357195046,0.0962041472573747,0.0097687302310861,0.0165175823726364,0.0770657985280516,0.0311969666991652,0.1043495482466601,0.0539218954437277,0.116965061638854,0.0473330164992484,0.1586066481394857,0.0852571647546223,0.0563472035174172,0.0709457513600564,0.031701287841889,-0.00274087009022,0.0713765322672433,0.0193121761298161,0.0561455538912445,0.0273712181803866,0.1590007235040105,0.0210567770038698,0.025787448559719,0.0210082878753676,0.022246501455129,0.04197496203134,0.042491739401277,-0.0022112736029433,0.1543657809737637,0.1461065336617891,-0.0070656768964864,0.0268050961510448,0.0403116440241772,1.612379630670503,0.1150942351796908,0.0518817409290914,0.1774751032165181,0.0943957407074309,0.0808517835304013,0.0346984075030264,0.0441477836353566,0.043848994642052,0.0360078193120878,0.0585020236566389,0.0227353504553936,0.0603533803575487,0.0659288714367988,0.0378788903524086,0.046859643168989,0.0037471223817399,0.0398231201498722,0.0413957501647159,0.029274393632129,0.0715028860399472,0.0603571475972689,0.0715305161615161,0.0352419550194232,0.0391320187707123,0.0355918960570425,-9.671120371857508e-05,0.0174912356465757,0.0155640199146134,0.0416619145225715,0.0336252047430123,0.0293275901455012,0.0038398119296562,0.0156830695303475,0.0169322822162545,0.0496537401260833,0.0483423589245196
9428,0.0249710849032804,-0.0039651146455548,0.0258261832625255,0.0346687826105571,-0.0104026854395692,0.021291137095255,0.0378717939514138,0.0501266536392799,0.0297845071151255,0.0510259599193891,0.0304263149720809,0.0088595585116057,0.0242805408132152,0.0298589907032912,0.0092033582581927,0.0036309103146761,0.0284746821294105,0.0138445742735747,0.2362429332060918,0.0152696103153383,0.0408928083415648,0.0663342066139458,0.0084635548525502,0.0236618990522053,0.0391336222114242,0.0240768633628499,0.0361130342128695,0.0476343784657948,0.0302693796189989,0.0368171563606715,0.0368878008996652,0.041673394051464,0.0191943068728949,0.0198457842078203,0.0842576827827717,0.0704954223610722,0.1075408880358335,0.03071531498547,0.0221975917297927,0.010725412829662,0.0904348400119832,0.0177815913873599,0.0290922222643883,0.0325276229644598,0.0428752959846795,0.0270492678214254,0.1106375523372163,-0.0144202360872858,0.0528391749466057,0.0267308160300473,0.0045281761941571,0.0353659385738023,0.0473624634807412,0.035013856432944,0.0068984596707207,-0.000271467896811,0.0032137759550602,0.0457293099622881,0.0424775261623508,0.0328232876847642,0.0550278881856756,0.0461125927732371,0.1282636975090768,0.0807056339194871,0.0257427614760681,0.0423386733155424,0.0563448453933292,0.0354018746766976,0.027282626499199,0.0464808374053239,0.0337964319509061,0.0004048017649822,0.0707674218333811,0.0270124705485171,0.1032624019493248,0.0197648005504593,0.0341131309315338,0.0317265536586045,0.0331692234061735,0.0275685213676029,-0.0011221426031067,0.0249875395505968,0.0279241090126697,0.0352924927048161,0.0608905364514919,0.0050792208322534,0.0068800186053437,0.0462933579382887,0.0057650552387841,0.1150942351796908,1.3833410718925994,0.0205519299067609,0.1442418795405865,0.1341389309351384,0.0488630026580497,0.0234840805573628,0.0602193453242304,0.0314715235543546,0.050475454308143,0.1998721945890737,0.0382761187209318,0.0364932641869189,0.0213945312125222,0.0344702455876926,0.0814500190011291,0.0051453563757325,0.0300519577425042,0.0177206519796175,0.0321505067958115,0.0275160122782821,0.0311113336991964,0.0342047963005008,0.0307797739020286,0.0138799765306826,0.0222273905223196,0.0211146113559918,0.0124538204447673,0.0149174841001467,0.0168603168765768,0.0215344412211995,0.0649764688029325,0.0791471626325226,0.0170597424541123,0.0115077687504859,0.0102145656094897,0.0174745615318013
9446,0.0359406909964461,-0.0081670102962119,0.0027925345754823,0.0107580259821718,0.0310879876344769,0.1028930398248268,0.0346619380831992,0.0551848291014397,0.037060146736828,0.0279896064803718,0.0296239385659961,0.0301385341597829,0.0416255325368929,0.0464958274449431,0.0264858015250104,0.0177023655508262,0.0242223279748479,0.0688443149825058,-0.0019466032970518,0.0272754174137506,0.0328952241311242,0.0302527664385527,0.037072986155168,0.0253261735186576,0.0454668426147749,0.0255341819201797,0.0094894890724145,0.0366399853244646,0.1060028897771705,0.0267184021648525,0.0471998063876912,0.0548689806056195,0.0018835687284159,0.0116448615963214,0.0346874586419395,0.0370808776129177,0.0222329826369986,0.0282596208972294,0.0188198158447388,0.0329631136015393,0.0239249390497283,0.0301398185599817,0.0655189828238368,0.0394057140604251,0.0257370699308088,0.045237737213401,0.0133460882304277,-0.004762817483775,0.0607862084783249,0.0265864498952855,0.03523072913665,0.0435117799091206,0.0466365823984294,0.0067132407474903,0.0887472272302455,0.0510993352890919,0.0714531940351705,0.0246216934914753,0.0324675715726066,-0.0122152231172538,0.0201683364602837,0.0310676211289456,0.0504921834304872,0.0494715455092566,0.2050497922241366,0.0806799666776389,0.0223985757596346,0.0384292757362394,0.0262831908655487,0.0643781823067296,0.0442249736339354,-0.0020237019776281,0.1088734866801108,0.0176859012603784,0.0779147329263046,0.0430567027672604,0.0200483019737236,0.0529529904108955,0.0385361362232298,0.0328917930103495,0.0206558298611145,0.0580819309356618,0.0863913700985989,0.0114301964653675,0.2174074987926104,0.0250302810876039,-0.0124298885806457,0.0759268775242652,0.0497404060865471,0.0518817409290914,0.0205519299067609,1.292984445005764,0.04698191407585,0.0730885520275357,0.1079846362917466,0.0621275266409606,0.0530362532319406,0.0328221177904345,0.0384763868097729,0.007331424418382,0.0285769196223792,0.0403852545503892,0.0372348727808196,0.0342870950973103,0.0193724962298864,0.0374246105326202,0.0381149537400407,0.0329872769180909,0.0365498016473945,0.0269061537510423,0.0196320548451592,0.0375335235693295,0.0266071836488967,0.0164392231149513,0.0473155360350154,0.0198252414116053,0.0663205669684007,0.0396400322901278,0.0512704767063915,0.0431261666317131,0.0257860793873242,-0.0101149884646264,0.017617180421257,0.0095032052560606,0.0636319505438424,0.037146640338248
9465,0.0093124719632872,0.0141530026393472,0.0257520624504217,0.0224723176479135,-0.0111315002252467,0.0442529438256704,0.0363350695734524,0.0335698648320382,0.0391320594046213,0.0275784655694614,0.0351362051047234,0.0269368518375187,0.0188674189869242,0.046860739263884,0.0144075764156608,0.0179554120652887,0.0284087496408717,0.0144486615978957,0.058823197749877,0.0227146857671833,0.0238478855331497,0.0332081430031394,0.0189966461864201,0.0172862763427781,0.0309043198154031,0.0135644647782979,0.0093901535109404,0.0385589969594212,0.0092450507559709,0.0369528433802469,0.0283132071136509,0.0417536726201027,0.0342314944941253,0.0237397962432719,0.0815565813076446,0.0441750231004602,0.0968915998931863,0.0158900909931187,0.0097011165156684,0.038274306905577,0.0729045605365296,0.0286645248120552,0.0356741422511849,0.0390380209214074,0.0227030982100282,0.0177021001276475,0.0713445315151466,-0.011244703933509,0.1480946804861634,0.029858415128784,0.0301118449449008,0.0349965475794501,0.0385169586161922,0.0385159188353821,0.0209120311034004,0.0290720256628155,0.0337266799157141,0.0297011301815047,0.0047769930615195,0.000743698409413,0.0338591754491906,0.0407338427631232,0.1544684724982461,0.011504003609215,0.0671549592773383,0.0335958831223204,0.0732167414697007,0.0159642821699029,0.0675575630281558,0.0871033097904442,0.06183386947203,0.0007986495439502,0.094897553264129,0.0232212200716018,0.0581006904345003,0.033888253687808,0.103025380159165,0.0469145908236693,0.0363040914230237,0.0347248818951765,0.0207044678775574,0.0735889597258406,0.0544888186893735,0.0171794448923384,0.0765421021269301,0.1394749080052119,-0.0036262316561074,0.0033040797708165,0.0570851023863184,0.1774751032165181,0.1442418795405865,0.04698191407585,1.49783303078829,0.1513048439036939,0.1031170566727856,0.06237342177827,0.0621287509384375,0.0220071127502039,0.0504069807462505,0.0781879579417125,0.025086980181874,0.0504288628467645,0.0362972131339031,0.0330356708537837,0.0494390178095678,0.0133855551315498,0.0426039408352762,0.0304276713866951,0.0422537375321096,0.0512465196551722,0.0764270649970301,0.0620382754292184,0.0221910964722607,0.0174561918774174,0.0382585236593068,0.012459992805012,0.0282844575978744,0.0359817404991804,0.0341640445638823,0.0278355292899481,0.0364991066336147,0.0258848523067656,0.0211804665929662,0.0188041279778911,0.0578857248003293,0.0275840880161512
9553,0.0415717626016575,0.0051714301191409,0.0270397807886965,0.0298809134506052,0.0284624967613817,0.053147068992273,0.0359427451161968,0.0528102917943067,0.056169953714555,0.0406154425951623,0.041151520650745,0.0155172289072783,0.0333319287718221,0.037256949145276,0.0171485859387607,-0.0021881755995983,0.0471420521305461,0.0287353245087185,0.0332434841910803,0.0513239701462084,0.0206879289835164,0.0344619681473157,0.013772556175083,0.0293542189114308,0.0464945804595538,0.0187554867791465,0.0422799777488426,0.029663789232074,0.0677528527886329,0.0381898952581188,0.0594757433519154,0.0537751320059273,0.033110456101518,0.0564585725697175,0.0562150079385894,0.0628551452544313,0.0570122604919909,0.0356740376864244,0.0283901655882435,0.0185578521296919,0.0659539413488264,0.0284029797433171,0.034411935637228,0.0402817452596871,0.0336784307928869,0.0369131735076274,0.0395501157745423,0.0003183157357006,0.0431231448152964,0.0400876916876689,0.0190915461298556,0.0324944710154265,0.039161809904127,0.0410809980553178,0.0200614940364727,0.0111905889983909,0.0230957602392977,0.0461027841638828,0.0418247759132547,0.0263673326845699,0.0258517319284361,0.0358967004507886,0.1169801837353812,0.077834302130954,0.0515002790656321,0.0391108768227734,0.0548396240066316,0.0498645392210732,0.0122069018898661,0.0525434008511564,0.0450529611552165,-0.0025270890605652,0.1153728259571333,0.0328358094195504,0.0635859751546617,0.051817710135435,0.046526570083511,0.0498798077982006,0.0363728566724298,0.0404684236358741,0.0107590336781866,0.0529299063441783,0.0505194462085995,0.0227612629140777,0.0875766669928649,0.0197818659933448,0.0074352060830906,0.0967342456381637,0.018847838195099,0.0943957407074309,0.1341389309351384,0.0730885520275357,0.1513048439036939,0.8315580284808964,0.1217583722966594,0.0581936827498519,0.0541595550654784,0.0350047478723493,0.0662961402402124,0.0651688641004911,0.0325207592564039,0.0603585038079432,0.035955398644484,0.0365854138561007,0.0275569999092007,0.0119956210968218,0.0469573671035092,0.0335451388766657,0.0303863232813828,0.0395754305411389,0.0494846014305814,0.0408826001562245,0.0478624523086933,0.0140557254330144,0.0366648142517868,0.0169377653578455,0.0262007763552599,0.0100191809117856,0.0266494392222763,0.0266494366488145,0.0321287027044284,0.0204327408981337,0.0155365306892482,0.0064266375553555,0.0390790624751859,0.0300000532467555
9651,0.0350450443984139,0.0126942798882814,0.0193042409233031,0.0254741458363814,0.037795864377688,0.0699788145692258,0.0332503899289679,0.047077088804799,0.0203203639512927,0.033491334020854,0.0259448313495323,0.0353112864570318,0.0249745692918971,0.0319982942095026,0.0159350404918148,0.0058682040371305,0.0502780067550849,0.0429972346809733,0.0378101438808294,0.0343117596856846,0.031573433025878,0.0479200898960483,0.0179441750622681,0.022038940356553,0.0666695308934663,0.0155022187550953,0.0224436843320755,0.0451604518449276,0.0408663530831025,0.033492377469904,0.0705860200172526,0.0315910974023497,0.0146509066671676,0.0451081753077875,0.0541044672834504,0.0808569420158639,0.0368632967664988,0.0216464012702265,0.0297660440455329,0.0225197004342659,0.0610171087027639,0.0369444332816617,0.0328695325574311,0.0367617896329531,0.0256078709050639,0.0483595108052179,0.03260779537918,0.0227719016870011,0.0540025267418222,0.0198366894823979,0.0170751797539453,0.0317469360852981,0.0336610132497811,0.0448430451574206,0.0265512730412715,0.0323914638156596,0.0369596477904008,0.0383347440283172,0.0380174823048966,0.0057935434858189,0.0337239910075001,0.0388197382390563,0.0593793738333847,0.0398231018545252,0.0465829233216264,0.0254841269404106,0.0371411815883454,0.0352724405333597,0.0185095962860084,0.0411883694221248,0.0316127250957394,0.0058021727861022,0.0601264863299412,0.0275312540682896,0.0595158189112068,0.0689218612807182,0.0136592528092592,0.0407891033118744,0.0295058242455476,0.0072709515700702,0.016453977010787,0.0385624727797355,0.0387192625381445,0.0062563922866836,0.0814385387270718,0.0281973326887541,0.0103103794875715,0.1163188732683809,0.0308950124116916,0.0808517835304013,0.0488630026580497,0.1079846362917466,0.1031170566727856,0.1217583722966594,0.8472023818719466,0.0545238704471692,0.0568565724630203,0.0363839764862338,0.049533208850088,0.0557001460844998,0.0286100930118543,0.0505212815632393,0.054649143050294,0.0358918129934963,0.029875824453273,0.0151473211401526,0.0323514428631067,0.0402925683143911,0.0276596974288149,0.0299706369596173,0.0728071158803221,0.0498729492501794,0.0453053841920183,0.0402564969704508,0.0475580082186205,0.0052862605284431,0.0425672684440562,0.0435531905081733,0.031513401443746,0.03384164878862,0.0359914215344437,0.0005480417555966,0.0161849825049666,0.0421245533492524,0.051533780067746,0.0425422532982824
11878,0.0494709429310349,0.0176392940375492,0.0139237103474969,0.0125706457480635,0.0396581416234864,0.0540969372980497,0.0526322434467018,0.0635602183057743,0.0591513981766559,0.0374125231476324,0.0305245627237488,0.0420649827066148,0.0358057260164745,0.0494467883999312,0.0287515613189592,0.0334190846646725,0.0756674588470552,0.0383112274170204,0.0188439865572379,0.0418690105010031,0.0239690532543085,0.0487505150962401,0.0302282933525894,0.0319806859741031,0.0635307988076459,0.0317316518902777,0.0187046042017268,0.0464471845217601,0.063275523894164,0.0361329254584365,0.0699366353322753,0.0406946470784272,0.0364062549991711,0.0380283961865704,0.0716166784980428,0.045520003679661,0.0427602480454148,0.0408142539687017,0.0397663748812118,0.0507609503960616,0.0420748602878942,0.0527171260457353,0.0534224031801308,0.0590155411536719,0.0252146380808945,0.0450576152164219,0.0246902119732832,0.1377256167699452,0.05554840910086,0.0581054407842065,0.031432776053486,0.0518286807837017,0.0704051989352969,0.0518047429186848,0.0515878800032348,0.0725907273556854,0.0795289635914302,0.0481944611934921,0.0414646357917808,0.0032783779388431,0.0209266701591264,0.0373920679286417,0.0487812151557895,0.0088334444284352,0.0599665448599328,0.0303453547851525,0.0297512882951756,0.0161284631295071,0.0393048126069101,0.0427093697607541,0.0380982390908758,0.0065962425777961,0.0651634737183465,0.0256707473737122,0.0316709985627016,0.0429085958455588,0.0167227934550656,0.0331529645404,0.0339700408756707,0.035775903702639,0.0296279710043569,0.0773896849969581,0.0305976222212619,0.0067939601565421,0.0894567799636437,0.0500506049148125,0.0187252379124179,0.0264431804413427,0.061760669049896,0.0346984075030264,0.0234840805573628,0.0621275266409606,0.06237342177827,0.0581936827498519,0.0545238704471692,0.7415279402843673,0.0606199480235343,0.0320385197221248,0.0735176413385159,0.0048527362706374,0.0472367677923242,0.0807966075748698,0.084410979864915,0.0444235489313416,0.0341288994319543,0.0390796934088826,0.04960480360724,0.0547262005077879,0.0537457476184746,0.0238422907956179,0.0569946946088974,0.054236366019147,0.0583031253491143,0.0417687122928498,0.0489676932551691,0.0119513380860729,0.05319964339196,0.0719932580205847,0.0795354147028868,0.0529561948234861,0.0494747566111364,0.0065278266071787,0.0268804439371656,0.0379793121180844,0.0505237911307339,0.0622798572841411
11882,0.0359841069538316,0.0115294166466247,0.0231598856634566,0.0077909372762683,0.0219820220500377,0.0313979662706438,0.0536026199951721,0.0432817922534996,0.0246920065683598,0.0285201129798375,0.0367848009250484,0.0297525852658231,0.0309328443151352,0.031586256816345,0.0246093659984264,0.0274626553498033,0.0384521298488563,0.027991980710085,0.0191447049323134,0.0345822555228577,0.0322782345412977,0.0474703919107884,0.0199890500239532,0.0306917256389896,0.0375747278258253,0.0254526317673364,0.0194090276622507,0.0349701368334865,0.0390571981679428,0.035291452445953,0.0330530769529418,0.0454608279793267,0.018424833208407,0.0367825078720525,0.0472502973589124,0.038627472306395,0.0372843009345167,0.0207272412254713,0.023828878944929,0.0230245758627524,0.0252396423322347,0.0443646119336087,0.0388624750481557,0.0344393772841881,0.0363980981664707,0.0337885719972459,0.0257662274800195,0.0169932841348803,0.0705572000650926,0.0350399885716895,0.029480911029817,0.0454506595467776,0.0365262941780146,0.0309706076399582,0.0231046449430376,0.0290208734248308,0.026222884937977,0.028387184552412,0.0282825493869497,0.0223960133779909,0.0290413499082142,0.0319335063349911,0.055088324945861,0.0463155454076902,0.046567933745146,0.0346150948947994,0.0401044145226339,0.0306060248051107,0.0292303077119451,0.0365213883879956,0.0394230497117976,-0.0040635044841636,0.0765668952389349,0.0275391848669075,0.040190296309521,0.0423561819052032,0.0390097440605574,0.0353580578334631,0.0323446442112147,0.0546964173363381,0.0252618752006086,0.0653222849192303,0.0333295396439273,0.0126421038727138,0.0461165005730836,0.0299293381461296,0.0290879698195066,0.0437510831447202,0.0270753910987281,0.0441477836353566,0.0602193453242304,0.0530362532319406,0.0621287509384375,0.0541595550654784,0.0568565724630203,0.0606199480235343,0.5762029285380388,0.0268532817767989,0.0539325756557596,0.0383258797865514,0.0389534519786384,0.0543934353760454,0.0499946279048395,0.0377607360491175,0.0425428918454602,0.0358043700587391,0.0234694021578599,0.04110077836474,0.0452451773330865,0.035857624701215,0.0326649763549214,0.04881522103946,0.0435978449535463,0.0199415624639374,0.0393883454863464,0.0135804366883047,0.0296173580529907,0.0755586840827862,0.0457018882051591,0.045167744427892,0.0537958891010468,0.0209436846086229,0.0193174116962084,0.0480400202614556,0.0283410884108745,0.0420558535485603
11883,0.0189155932491751,0.0194316802388223,0.0010579984007922,0.028003184202343,0.0398900283797227,0.0620765233717218,0.0317301838614956,0.0409659436800792,0.0554518138893656,0.0203935541638086,0.0345366201418217,0.0320858396795959,0.038478203058704,0.0323080721819808,0.023759007739204,0.020822411691254,0.0330857699217014,0.0203977526511983,0.011731243215329,0.0310457247784844,0.0163753871654592,0.034509496971674,0.0270536307207181,0.0239375502336425,0.0287721288658225,0.0268873471045591,0.0063930058261222,0.0285313118344009,0.0262596300543346,0.0294282140354842,0.0205512698532423,0.0167877404383089,0.0067239318512798,0.0349715869674009,0.0234170587073661,0.0357332565961451,0.0275002198414695,0.0354516361975459,0.0347960534017005,0.0295284737734447,0.0148560672174506,0.0290247597200573,0.0334649742127946,0.0302189991008686,0.0168842281680613,0.0412661066647901,0.020376439055928,0.0035696532971665,0.0266239490445966,0.0240783688306821,0.0401502770691558,0.0283443458154319,0.0181698055253505,0.0381102098454582,0.0231336524814497,0.0213722361292531,0.0270909486361826,0.0286253946997479,0.0278204457264278,0.0043698782665606,0.0265395120120652,0.0296718372970972,0.0324389543189201,0.0103501566386708,0.0438014613185957,0.0360831414116308,0.0361744156349048,0.0241977136170333,0.0450367249818435,0.0336725799481378,0.0325321883183359,0.0290360299202168,0.0358668726346006,0.007202637680456,0.0357694825014046,0.033196299208966,0.0356178881698883,0.0305069665579049,0.0229592287052889,0.0204462997532726,0.0252993890917923,0.0333444806281007,0.0311267760750568,0.0014027566625196,0.0329259557565808,0.0392994156716901,0.005678534293904,0.0299979288447155,0.0197821024335703,0.043848994642052,0.0314715235543546,0.0328221177904345,0.0220071127502039,0.0350047478723493,0.0363839764862338,0.0320385197221248,0.0268532817767989,0.6554115992052614,0.0381578720361394,0.0092025433139341,0.0373908991169641,0.0148518093904785,0.031796360423052,0.0193592195847315,0.0268187864874571,0.0406804554806679,0.0394503121298258,0.0313932444417353,0.0413706160956292,0.0309219870590153,0.0165918943832215,0.033632176311321,0.0215767303875949,0.0220156166724024,0.0357150578010484,0.0210436066805825,0.0486298382458184,0.0473039583052789,0.0280366544707438,0.0289791169179139,0.0272908104266034,0.0040400710196863,0.026338055481298,0.0218472613074836,0.0350060635742021,0.0311132502663913
11884,0.0252621434205211,0.0040722318335315,0.0335363910802027,0.027447658559767,0.0204760132437117,0.0502364503490625,0.0496524111800362,0.0705554752081122,0.036173940131825,0.0387949631952852,0.0369672464556969,0.0407031313278416,0.0325868131648835,0.0371521698431961,0.0259157039906653,0.035162122148543,0.0374078067737568,0.0277107668159864,0.0280517157623021,0.0447270994857068,0.0239042161141067,0.0455175301213801,0.0351826660419532,0.0432631133300363,0.0430628479387085,0.0252791657460946,0.0251514902062893,0.031551965678766,0.028953728298707,0.0422375224765391,0.0383660183655898,0.0396934246881437,0.027474457172041,0.0241730936364222,0.0472476993888632,0.0567625926545766,0.0417059394912116,0.0737158671696532,0.0182912053161083,0.0510197559307441,0.0540762732707531,0.035489640121707,0.0364300921731088,0.0485908713667062,0.0415314005648687,0.0373991222618556,0.0394304517605214,0.030609150413392,0.0433850287464392,0.0448729598266823,0.0427251059689774,0.043186422746085,0.0483811234390453,0.0410722791706519,0.0394870855877358,0.0291157321792402,0.0459527985687282,0.0383069723617973,0.0591101652013677,0.0218909390105848,0.0216795315594708,0.0395699033315286,0.0784122625639462,0.0318114256975492,0.0402922147476291,0.0403321150637154,0.0345519937759187,0.029784004333914,0.0382127448494476,0.039185752985429,0.0472660674797245,0.0030648318276376,0.0775464957922643,0.0303800938240085,0.0417880954500064,0.0451085433673629,0.025208258597434,0.0453461344488911,0.036407847415897,0.0327540485914077,0.0374863676136026,0.0434864976208559,0.0466243042195894,0.0280731847871347,0.0583294739497284,0.0363721674906989,0.0278106680866044,0.0409423217422659,0.0313005140044773,0.0360078193120878,0.050475454308143,0.0384763868097729,0.0504069807462505,0.0662961402402124,0.049533208850088,0.0735176413385159,0.0539325756557596,0.0381578720361394,0.710292611775812,0.0416895580224525,0.0464981931520553,0.0528827212663873,0.0481086990922169,0.0375630707142813,0.0425770354110744,0.0276738371417915,0.0467648571296296,0.044112459005089,0.0464636943930742,0.0357799839535993,0.0499379428057865,0.0498326889147451,0.0392105703101238,0.0296496259047672,0.0446446971198771,0.0197396246085898,0.025076012514215,0.0434910066330614,0.0468808554763067,0.0506325765434706,0.0481467971889557,0.0253226081771452,0.0217582567600482,0.0436003768824681,0.0432504543159284,0.0438388098478135
11889,0.0341938334831889,0.0020451879910061,0.0159158860113441,0.0179199558505369,0.002801455684277,0.0200900446556081,0.0215623570958868,0.0203615041856137,0.005767699093948,0.0246617736302044,0.0168509966162763,0.0130872818147742,0.0086912940263105,0.0106834943263107,0.0003668339705036,-0.0074800315515108,0.0211034410780696,0.0027874619066177,0.2013220970650663,0.0039751798362514,0.0215545709373169,0.0330144390599956,0.0012710508036915,0.0132603137325458,0.0345241766391457,-0.0006977744953502,0.0364920239011752,0.0311400058833373,0.0025582420463356,0.0194981972019096,0.0412192656923084,0.0147036840279309,0.014682027023278,0.0142545990849877,0.0292596449583245,0.0351490522996382,0.0453896676750256,0.0133250418533344,0.0120161489299816,0.0003598939785062,0.0634736510239121,0.0010616242837766,0.0029064446342597,0.0091245283504125,0.01201618768262,-0.0025176993872235,0.1349442125300657,-0.0056337595602235,0.0144839094806712,0.0297665075992034,0.0018370109724557,0.0205981499453258,0.018569522257227,0.0271565005149904,-0.0130435012146404,0.0037620564452082,-0.0082656112484388,0.014599701483215,0.0068944541829837,0.0316070606983228,0.0261151891152423,0.0271092837194772,0.039563520285768,0.0603648676460485,-0.0030485933009596,0.0190568127253191,0.0354392388898582,0.023879020290777,-0.0021208366170604,0.0207499358235585,0.0177766310426512,-0.0073374411244977,0.0086008579374568,0.0195365988316838,0.0395985273526238,0.0067527863933129,0.0171095849219654,0.0299087747298729,0.0305651168982526,-0.0011403549480959,-0.0049858600134583,-0.0016818178901189,0.0007011158713895,0.0622668445820093,0.0294377635971119,-0.0037859384746727,0.0149267170023267,0.0326202856290683,-0.0024744084634459,0.0585020236566389,0.1998721945890737,0.007331424418382,0.0781879579417125,0.0651688641004911,0.0557001460844998,0.0048527362706374,0.0383258797865514,0.0092025433139341,0.0416895580224525,0.9047639086082904,0.0414683456364386,0.0165030395930897,0.0190077974797199,0.0343012450820173,0.1166244123900377,-0.0022564191731068,0.0195689527736036,0.0175310456970731,0.0183099894160193,0.0266113932491974,0.0517852983201383,0.0210076080696647,0.0557805791359277,0.014848633748222,0.0104652764066117,0.014485096891431,0.0002221320842222,0.0136792738945914,0.0034609518667258,0.0139970649393701,0.0543543343936826,0.1558301331004781,-0.0024053423145213,0.0209083605928023,0.0083049730140616,0.0146818935422272
11930,0.0183780009713049,0.0076166114978482,0.0149468949000004,0.0127778601660606,0.018224909518761,0.0391499188955631,0.0347488005276742,0.0409461956197971,0.0306556964482089,0.0310125382205721,0.0308040067859297,0.0361640702870064,0.0279710022332375,0.03109414844716,0.0193765657625287,0.0158168442199525,0.0284642916137324,0.0192911211829712,0.026245874948158,0.0226683205446188,0.0312128807964177,0.0374995214322879,0.0196494179059751,0.0285652913136017,0.0359303869849317,0.0242395957780411,0.0306643271459805,0.0306923907656759,0.0205302047273781,0.0336191083204644,0.0188789064520376,0.0313928363523516,0.0164193712955299,0.0318514805181505,0.025970255031433,0.0244286811255637,0.0206523026123857,0.0136754974481533,0.0164190089960693,0.0168134334977647,0.0246307631588205,0.0286034635904574,0.0370697572562459,0.0289050721256719,0.0269517952862807,0.0263653555167288,0.0258214301297037,0.0139890913161141,0.0201712573160817,0.0318179995030711,0.0249037397903791,0.0328237049335343,0.0252742613786087,0.0259238601144979,0.0178663009526299,0.0428418505795182,0.0248925490562246,0.0104629028637542,0.0318165239630009,0.0410073329311649,0.0492598257318024,0.0301371034772962,0.0330189153576837,0.077820109769691,0.0231776859202815,0.0340478365150903,0.0333280051702978,0.0184468845711262,0.017815710725536,0.0274579741985627,0.0203468094852534,0.0114254991742524,0.0343539147946983,0.0384966271830183,0.0449661642423789,0.042855400484954,0.0471235482180053,0.0348778843800837,0.0364471258621076,0.027178981649258,0.024747934392307,0.0303124785123253,0.029613330088061,0.0349728133016927,0.0254544757237598,0.0129660476743919,0.0295749407666004,0.051131626244969,0.0316079330850106,0.0227353504553936,0.0382761187209318,0.0285769196223792,0.025086980181874,0.0325207592564039,0.0286100930118543,0.0472367677923242,0.0389534519786384,0.0373908991169641,0.0464981931520553,0.0414683456364386,0.4615971411805296,0.0274047665615138,0.0358038018551685,0.0386451572792959,0.0677991345450394,0.0294942090003623,0.0380772092221617,0.0335625431345921,0.0450743744788909,0.0289359278978554,0.0180186450026879,0.0357238754193201,0.0318682293027592,0.0243435109968305,0.0393912233595854,0.0349432263594962,0.03546748621673,0.0433737037578292,0.0340549096260655,0.0396773720346752,0.043547400951377,0.058498659198151,0.0285196584775999,0.0302128706503053,0.028973046805302,0.0239689152122902
11934,0.0390772354440717,-0.0041138159409053,0.0415393538652175,0.0214484299612365,0.0455215764093668,0.0374160873665691,0.0657463441553629,0.0555135520457477,0.0517748389635687,0.0240815632055762,0.0243871579915253,0.0322174539470443,0.0251027852163705,0.0358062852882284,0.016323466231839,0.0323850387624826,0.0420068638590687,0.0350307295401637,0.0406943152554029,0.0443542979420335,0.0591384774299622,0.0522168104314831,0.0290528976783972,0.0295809595119943,0.0405293018613654,0.0844524354345355,0.0029863794450975,0.0315922617981411,0.030989588396383,0.0286786700973075,0.0290298740228647,0.0255332514863056,0.0300635370945808,0.0217836817959967,0.0475188390935839,0.0364705923429638,0.0303723304707174,0.0232258096497066,0.0164729396971945,0.0263638394635001,0.0436496492652854,0.0243751562201043,0.0416990595125861,0.0375325030967868,0.0259834308180634,0.0457384066084975,0.0205002110945365,0.0678611242580997,0.058131800634088,0.0913536575509075,0.049694250079379,0.0322384364860265,0.0600097041092143,0.0242965274354184,0.0033450378803959,0.0370802402139764,0.0269804771933964,0.0304685242431491,0.0175078493458152,0.0042099399881202,0.0019648020020904,0.0215231237922641,0.0351812155346635,-0.0083298272122872,0.040472343232257,0.0105629838825928,0.0162464796362367,0.0205931717596218,0.0247235055397482,0.0301638228251336,0.0363612527871854,0.0187452316707458,0.0211776356398356,0.015251939111,0.0109958144718312,0.0274627222907017,0.0155299181977195,0.0231083930778441,0.024818239328594,0.0429239303318948,0.0189493552118388,0.064384150924887,0.021449159633341,-0.0051925244188701,0.043798850447212,0.0686283347161659,0.0160117576214682,0.0198927142864728,0.0323020001465348,0.0603533803575487,0.0364932641869189,0.0403852545503892,0.0504288628467645,0.0603585038079432,0.0505212815632393,0.0807966075748698,0.0543934353760454,0.0148518093904785,0.0528827212663873,0.0165030395930897,0.0274047665615138,0.8136236896764534,0.073995480487745,0.0435202968715091,0.0257102492711952,0.0241663163144318,0.0427568213295149,0.0663159807053653,0.0497945277494073,0.0068597026548825,0.0580435248090337,0.0490413562645183,0.0879532783792767,0.0816618794290575,0.0235907993192105,0.0201770675794136,0.0319244895727381,0.1009087056206886,0.0708724392365271,0.0665458069393637,0.0352529848288698,0.012560119911634,0.0383145584174166,0.0840824176212818,0.0149210367373285,0.0643194600089115
11970,0.0396728698760622,0.0006618301346789,0.005194113242874,0.0200747344380404,0.0490104569274108,0.0364970030313627,0.0496944965137756,0.0421558137601312,0.0400281469345813,0.0243365743414911,0.0275287987060377,0.0573779577240161,0.027959830190301,0.0420725681745482,0.0201708602047982,0.0537538825561689,0.0546541271888677,0.0422554742035843,0.0266609293305701,0.0387206707036072,0.0069605186816868,0.0357575100894238,0.0208773170513011,0.0268864193192836,0.0679684228093792,0.0192930995934402,0.0069225223335101,0.0373497444337663,0.0582393562189521,0.0390392738658634,0.0479064942734512,0.0407787802236064,0.0155401220977197,0.0482947039560711,0.0600746722216657,0.0433982320940149,0.0362903327178682,0.0149218053110523,0.0331624775428053,0.0441769048956021,0.039330798508956,0.0408800099359978,0.0406903941230799,0.0421418473751286,0.0523273505475651,0.0381479975969953,0.0268056345010236,0.0606933804915022,0.059012564836825,0.073637477898656,0.0324226167186343,0.0337615541546514,0.0703932293304211,0.0588320760977784,0.0536772165235002,0.0602823323902033,0.0812765181208297,0.0487763682007779,0.035841739559162,-0.0055015561732824,0.0205677602761493,0.0264460108818641,0.0266302964922699,0.0128963183250338,0.0442539333742559,0.0256537849837485,0.0295138307865557,0.0156256252881728,0.0494042333074939,0.032613862126548,0.0318199899114976,0.0104091028020798,0.0545709550025861,0.0152713357731619,0.0155548820369306,0.0376954825216791,0.0162727581258014,0.0248100430992149,0.0255361437227469,0.04222050571477,0.0382018947630144,0.0552433432994716,0.027053683977626,-0.0055007156665737,0.07210509330832,0.0522920309102929,0.0108722610611454,0.0171286824102289,0.0254569724287026,0.0659288714367988,0.0213945312125222,0.0372348727808196,0.0362972131339031,0.035955398644484,0.054649143050294,0.084410979864915,0.0499946279048395,0.031796360423052,0.0481086990922169,0.0190077974797199,0.0358038018551685,0.073995480487745,0.6650898405842655,0.0392147773143373,0.029540612995291,0.0380406347028092,0.0395920918473258,0.0562149665339577,0.0552519268466858,0.0374420453810456,0.0675335673990397,0.0655883731138043,0.0414679031874955,0.0378947086702642,0.0503833499063893,0.0052244634335386,0.038286983609474,0.061091100638685,0.0821907027617465,0.0485401655900535,0.0325081594064955,0.0078497462398924,0.0170732691904477,0.0627889922364719,0.0519407943080335,0.0485409581499188
11973,0.0164537415245388,0.0157041950455012,0.0187579464789952,0.0063465531862872,0.0088733687557179,0.0364904952037769,0.0420854098227172,0.0518142899783173,0.0300218342399994,0.0319726215393285,0.0343524244812384,0.0298287916086974,0.0293344832155674,0.0340081906677267,0.0211376021302112,0.0168933023261833,0.0339354520813822,0.0227526813470471,0.0200067701424991,0.0295625882999547,0.0371578043709302,0.0359859151371018,0.0300540245141351,0.0337184890286358,0.0280011773339055,0.0453980514909669,0.0216723690145261,0.0275280483585807,0.02640721325278,0.0352057804323344,0.0318612117249939,0.0292669388840596,0.021765408543948,0.0270373198040354,0.0276464212460519,0.0304602920358592,0.0261060743877511,0.0243767907343503,0.0193500470679545,0.0354038665340766,0.0326806924828812,0.0298654660446724,0.0335406276241723,0.0290029088813521,0.0350626317651424,0.0320933339361285,0.0229313026578666,0.0222035237968722,0.0254178374672305,0.0418305355842227,0.0404089630015198,0.0409848016504356,0.0456385397196885,0.0270245103545332,0.0268153427253068,0.0279553956375985,0.0198547548670172,0.0336158978147391,0.029393100651301,0.0188018467547192,0.0330624002926653,0.0233073476738929,0.0340758211738412,0.0253472014024211,0.0347391429324073,0.0233195149359833,0.0231998531909255,0.0276106593376327,0.0281766450189138,0.0270956379623406,0.0333914558273852,0.0176726824226915,0.0325328597492138,0.0252568583692323,0.0356356606270905,0.0347403128623924,0.0392043829653314,0.0367823181978979,0.0303101421800604,0.0395434040429215,0.0223405299602174,0.0381012849747516,0.0351751939764223,0.0287305920309151,0.0321602554064396,0.0129980259975916,0.026397419042392,0.0439343259204827,0.0151840169025382,0.0378788903524086,0.0344702455876926,0.0342870950973103,0.0330356708537837,0.0365854138561007,0.0358918129934963,0.0444235489313416,0.0377607360491175,0.0193592195847315,0.0375630707142813,0.0343012450820173,0.0386451572792959,0.0435202968715091,0.0392147773143373,0.3333210846128384,0.0363223881090814,0.025694661146858,0.0389199051602309,0.0386630441091364,0.0492977185939702,0.0355390237970566,0.0342404575145822,0.0420180966086947,0.046110048472482,0.0313767527380501,0.0380119469289415,0.0446823427330594,0.0366451745601317,0.0276838274681877,0.0430984562203997,0.0473585535064241,0.0341786466906143,0.0268708409377349,0.0397343277814533,0.0267334722260869,0.0280689842456624,0.03330441183833
12286,0.0260625029579616,0.0217133886961747,0.0120198509526024,0.0146132490342072,0.0302403368424334,0.0268565210242671,0.0326787929005738,0.0390433381811538,0.0196478537587876,0.0351912287323147,0.0206494115534284,0.0444454683107661,0.0225001781019407,0.0330319188390373,0.0173771518026185,0.0086598037134186,0.024952009972476,0.0108532286068523,0.0955134737371607,0.0148794377422179,0.0160702174288748,0.0341517813974389,0.019825891742968,0.0331308920468358,0.0298983424934328,0.0185988147840115,0.0273975964047908,0.0350668407399036,0.0138319881677438,0.0278647315110398,0.0336865104214283,0.024688735826798,0.0109790791026709,0.0144636867643909,0.0269374032298948,0.036046471633416,0.0351569637093881,0.0205718792569021,0.0214498038403398,0.0062273329661574,0.0433906905775215,0.0205917521846333,0.0289519779988769,0.0300411599656554,0.0209853181093218,0.0256946643066104,0.0352662897638745,0.0134324225206761,0.0358871464493338,0.0185428745948458,0.0180700837900306,0.0234144853270281,0.016429813341037,0.0272822011905924,0.0151030749080624,0.0305530443431278,0.0182551632122503,0.0150490690592852,0.0256846285333717,0.0353671583418525,0.0428357961771262,0.0303835888797164,0.0452295184205326,0.0852367254877129,0.0373632816662418,0.0378118707009493,0.0538399411761051,0.0164458072518303,0.0460020527492062,0.037398643113057,0.0224828206734456,0.0029884970697227,0.0287388042351633,0.0387955685581269,0.0343339391659958,0.0262741913424557,0.0399654980879552,0.0233662372194698,0.0341394693539851,0.0153977172761715,0.0124228860188694,0.0147129268021595,0.0180155565652919,0.0693780838329943,0.0388438622288137,0.0439161625643954,0.0276629057483198,0.0485841377216129,0.0171197306290818,0.046859643168989,0.0814500190011291,0.0193724962298864,0.0494390178095678,0.0275569999092007,0.029875824453273,0.0341288994319543,0.0425428918454602,0.0268187864874571,0.0425770354110744,0.1166244123900377,0.0677991345450394,0.0257102492711952,0.029540612995291,0.0363223881090814,0.6690327549963723,0.0234548300244247,0.0321480654478133,0.0347860659267429,0.0306069802039831,0.0364476665116491,0.0346497109577585,0.0281482791559038,0.0319104269249023,0.0242273320414703,0.029587942612893,0.0197658325585468,0.0341009581158672,0.0305960646096463,0.0307229997249442,0.0384632865285183,0.0673864286488956,0.1208412582531878,0.0212658381463096,0.0608398139001408,0.0344523491910152,0.0344075389549492
12562,0.0194009921085766,-0.0024886692806632,0.0047612966179918,0.0088865251257211,0.0323734345172862,0.0310630981536138,0.0282897952424877,0.0342507457047919,0.0284067887755624,0.0181938387929892,0.0246833949906553,0.0338140488441501,0.0287537530348696,0.0345999307417284,0.0249529558338318,0.0353536064201019,0.0385601361663225,0.0236718090994151,0.0117104660066248,0.0274951199026993,0.0261392946066066,0.0377024264107161,0.0229696638329572,0.0299624787554315,0.0202031865670635,0.027453391986501,0.0155548009264698,0.0324008107090438,0.0305221997672409,0.0291593637419855,0.0343117311994458,0.0142146603529718,0.0076473611060314,0.013686111352688,0.0134052549413095,0.0168518863001967,0.0235598790355506,0.0194367372402662,0.0175697426959441,0.0270535016681893,0.0193831109101016,0.0333790660447939,0.0278148622741364,0.0276361699920182,0.0198788720846851,0.0404165079577802,0.0154761283632995,0.0260096679268066,0.022918892700101,0.0252264722102547,0.0235454764063826,0.0412080926432403,0.0217763864533161,0.0162594706963628,0.0453990197845279,0.0625805418976457,0.0202133746418207,0.0092319078513722,0.029321898291129,0.0171499300040001,0.0166767231614607,0.0306685757228674,0.0228153787888576,0.0173821910851738,0.0334706734436925,0.0323973418270986,0.0164699686654317,0.0106250043699921,0.0317858799741206,0.0323914411441455,0.036192048645434,0.0088667958453918,0.0358230631769656,0.0154563508320526,0.0199630838216557,0.0322621952038003,0.0103950847803867,0.022395309977637,0.0238989315920325,0.0350833430411042,0.0193444733634258,0.0374647855198742,0.0311953245434517,0.0091936027813124,0.0334220962738975,0.0306091201605654,0.0225487360352452,0.0137404613934109,0.0309658104252243,0.0037471223817399,0.0051453563757325,0.0374246105326202,0.0133855551315498,0.0119956210968218,0.0151473211401526,0.0390796934088826,0.0358043700587391,0.0406804554806679,0.0276738371417915,-0.0022564191731068,0.0294942090003623,0.0241663163144318,0.0380406347028092,0.025694661146858,0.0234548300244247,0.3867253355545684,0.0353309609148303,0.0284233487142864,0.0260632489104469,0.0171588194874485,0.0087885633002574,0.035569864174138,0.0206696708700047,0.0141310380090863,0.0339194638913245,0.0191359804340633,0.0519478161287563,0.0680327808359903,0.0404921385055475,0.0457895588133251,0.0365814025533221,0.0093029936677593,0.0172147374179593,0.0381674909467601,0.035948785229174,0.0375094708918751
12568,0.0339783581692204,0.0108192516754483,0.015130399253921,0.0137992693348264,0.0241673176589246,0.0364893626045823,0.0499164814991531,0.03955769089625,0.0380728784479492,0.0322348795829941,0.0404584983550244,0.0342928929921434,0.0341915274836915,0.0394450976879074,0.0234514561142837,0.0329576204181043,0.0530461170625707,0.0313225488852558,0.0124115184344956,0.0319224883591043,0.0435664510618946,0.0493370444760216,0.020590853542345,0.0347245111001947,0.039062558249469,0.028435502023635,0.0209417960841498,0.0421053188383997,0.0319355061682773,0.0331243273110561,0.0392377511457529,0.0291064503899751,0.0216166191537354,0.0198092915893471,0.0336038938576343,0.0415782117184641,0.0341561828893294,0.0409491638693088,0.0187633158007749,0.0345865266986961,0.0282275658592638,0.0351258133646846,0.0511141416964807,0.0406337323729957,0.0363847930360512,0.0379953674602441,0.0208761069891961,0.0233071003926949,0.0366888324516315,0.0377794664429718,0.0256120086781105,0.0366239392181336,0.0403259369311979,0.0325208521892011,0.044340545373557,0.0340408714335334,0.0299214717952647,0.0256345718849715,0.0328499224527116,0.0232111420416182,0.0367594249811466,0.0298117157652874,0.048312619224262,0.0177648993734345,0.0345335420756009,0.0341611060453594,0.0405224022065464,0.0305356887066976,0.0439308758496721,0.0376326429698153,0.0433130821028652,0.0071456363068933,0.0479060115062782,0.0386312027513846,0.0456718544396872,0.0415514101184661,0.036231596139874,0.0357491963971439,0.0322053035966548,0.0531037006485671,0.0336190408984999,0.0465745425762603,0.0339545050904409,0.0144709123299451,0.0461082867549024,0.0345943632364804,0.0155697757661916,0.0442564322940707,0.0300596412777073,0.0398231201498722,0.0300519577425042,0.0381149537400407,0.0426039408352762,0.0469573671035092,0.0323514428631067,0.04960480360724,0.0234694021578599,0.0394503121298258,0.0467648571296296,0.0195689527736036,0.0380772092221617,0.0427568213295149,0.0395920918473258,0.0389199051602309,0.0321480654478133,0.0353309609148303,0.4413997049701496,0.0304168177785181,0.0376963318517886,0.0216300558200236,0.0195122248640286,0.0378601311242089,0.0256360448344263,0.0256244784574146,0.0428080523430848,0.0242607732374983,0.0369742139556465,0.0364332952763648,0.0425303746527914,0.0436518101766145,0.0173321469803135,0.0164634047158026,0.0328544994753903,0.034133016837803,0.0325329489957952,0.038823778847453
12619,0.0267815616930957,0.003056225841098,0.0128789760463035,0.0072595042385959,0.037543774828769,0.0362420344026412,0.0360529320055966,0.0351978976977721,0.0312862194279274,0.0286087510611149,0.026815773446399,0.0366316294075116,0.0304429893429467,0.0349704690624641,0.0312608333239838,0.0241659135131674,0.037630564619814,0.0225437016217173,0.0195087334316197,0.0342082027484321,0.0314430927468387,0.0462627867573389,0.0349614091671824,0.026154858247449,0.0340183697097968,0.0258781331601797,0.0174589152382762,0.0307302676564743,0.0300483013008524,0.0271100066230925,0.0278776233844882,0.025294090107528,0.0120167145092642,0.0173160392775068,0.034350740424212,0.029466531542884,0.0191920085711907,0.0271350041822568,0.0239804441218937,0.0372000950443306,0.0264600657025684,0.0334226544303059,0.0321917693543461,0.0339363876009425,0.0335082443783784,0.0294392604058503,0.0142834456308743,0.0287972322299059,0.0359810332225322,0.0508031082724514,0.0287305690368607,0.0381491176828178,0.0195889222682248,0.0258982534884077,0.0208704481392955,0.0507802835788361,0.0396869327796959,0.0246839546063493,0.0159278235672299,0.0121815435635849,0.0238961065262566,0.034674255056018,0.0307421277731572,0.0059623331739341,0.0478176582502535,0.0296594616528668,0.0268758724171968,0.0192533755442243,0.0318046744932848,0.0180148981768555,0.0272046108398711,0.0285484379635473,0.0353840368419657,0.020233445783208,0.0262750318336617,0.0361297170413752,0.0288963391799799,0.028517259559554,0.030530690556673,0.0252993829357778,0.0250830858471645,0.051467288121771,0.0255567155744242,0.010184947864049,0.0333292279959534,0.0362762700861852,0.0090732456417729,0.032450362885849,0.0279115267626026,0.0413957501647159,0.0177206519796175,0.0329872769180909,0.0304276713866951,0.0335451388766657,0.0402925683143911,0.0547262005077879,0.04110077836474,0.0313932444417353,0.044112459005089,0.0175310456970731,0.0335625431345921,0.0663159807053653,0.0562149665339577,0.0386630441091364,0.0347860659267429,0.0284233487142864,0.0304168177785181,0.3972576165579194,0.0489905094405908,0.0201073550364527,0.02669603500462,0.0306298544559811,0.0335086566128432,0.0329855087206623,0.0421750883218862,0.0244340684954749,0.0478711832785297,0.0633377308442722,0.0450663120474535,0.0424879058633354,0.0335537456457888,0.0166312631765042,0.0322395496112819,0.0362540956412905,0.0313457248761467,0.0449110477406743
12637,0.0321061979054359,0.0009242102551281,0.0227804498498262,0.0084216623570629,0.0218133849276784,0.046986154608701,0.0426392622450209,0.0539522263384637,0.0203280410910057,0.0252842927905975,0.0309336769788099,0.0344906486306806,0.0253913627999068,0.0324370683662426,0.0275887416033427,0.0308091911512771,0.0507335792069836,0.0263991882148823,0.008337621880367,0.0324153554614213,0.056180693589776,0.0258696190145699,0.0383827858790755,0.0376276218763652,0.0325835887873044,0.0671248867727428,0.0081523468946213,0.0242988088662385,0.0260727603912122,0.0323494880305116,0.0221423681399675,0.0349057523606652,0.0205859726538281,0.0396393887421617,0.0252058156342735,0.0384890409578681,0.0202022637542233,0.0223908216153031,0.0196625782003335,0.0294491964272412,0.027124087153884,0.0326262447523801,0.0319177120164868,0.036966030117535,0.0388778529496214,0.0368969724510596,0.0244674206572019,0.0243217972918821,0.0313984229490061,0.0578053019743122,0.0427572347669452,0.0382525998394048,0.0595117134974542,0.0372169307557301,0.0306215805081605,0.048032168242991,0.0330737231074572,0.0397889723762397,0.0340871990485985,0.0176655105752407,0.0284105919128875,0.0267672732074117,0.0379897210370924,0.010382042993014,0.0363127442533695,0.0230196760790609,0.0261264373974528,0.0222956425945738,0.0356851769078198,0.0255729766175932,0.0293912826046895,0.0400843347351642,0.0346460409105382,0.0254384720438333,0.0326367607020894,0.0419321671761348,0.0356202434200961,0.0346712174655601,0.0298751911209313,0.0214731364045257,0.0433183809941432,0.0560294898514709,0.0306532219255004,0.0180723021372047,0.0298070337291218,0.0380046386563626,0.0207197952554923,0.041542775211246,0.0319434440557205,0.029274393632129,0.0321505067958115,0.0365498016473945,0.0422537375321096,0.0303863232813828,0.0276596974288149,0.0537457476184746,0.0452451773330865,0.0413706160956292,0.0464636943930742,0.0183099894160193,0.0450743744788909,0.0497945277494073,0.0552519268466858,0.0492977185939702,0.0306069802039831,0.0260632489104469,0.0376963318517886,0.0489905094405908,0.4298784223443118,0.0329261872505323,0.0307283991728858,0.0346776033807929,0.0387909968223072,0.0357796186933759,0.0396158390068657,0.0386114162526406,0.0457196410558815,0.0522743709270659,0.0468578912622588,0.0432898989677678,0.0344580865765962,0.0230714807362051,0.043050966200289,0.0335651746987572,0.0358234848469055,0.0416863978095855
11886,0.0394446041413708,0.0419513578340517,0.0058423929646441,0.0042106349511204,0.0500350273520857,0.0428237099084861,0.0345589718751581,0.0467959108141713,0.0118088021953347,0.0412711054808275,0.0367733947798614,0.0201293653749725,0.035043720970516,0.0295037172560493,0.0166977310827748,0.0500034656056098,0.0190388914180901,0.0126836078816806,-0.0011383491363367,0.0149533492072302,0.0273754051064992,0.009683503902521,0.0439621430927022,0.0326887156224381,0.033090634326872,0.0387187622711173,0.0205440072956865,0.0243121937803466,0.0152420265048851,0.0265904745073125,0.0355547100720544,0.0390750821558237,0.0047751303829282,0.0165051139908288,0.025273429857805,0.0269887528549439,0.088673288192087,0.0314429067128583,0.0225455834789375,0.0749180845483318,0.0570515709269832,0.0314780577064442,0.0392613994656862,0.0280189358546687,0.0161556715784332,0.0199229787660559,0.0366080661108659,0.0002059611952636,0.0508706467796424,0.0126536637449206,0.0338866252175408,0.035931888707901,0.0364927524825978,0.0300735591216745,0.0301351585957208,0.020491723627937,0.0288801558097402,0.040469073100218,0.067563641592159,0.0084548922508558,0.040638945405657,0.0327426837813249,0.0304261078854121,0.0481023278328823,0.0480217175877465,0.0536186941775955,0.041486372310539,0.0300897150066999,0.0367892256570715,0.0275831469479409,0.0383536277777546,0.0052945795208551,0.0494202187139662,0.030049322863567,0.0292394872323958,0.0237439780332186,0.0340449250533801,0.0362035205560962,0.0233285207335262,0.0126936089875045,0.0290373481469502,0.0163453283884187,0.0516600001128189,0.0373150901523767,0.0358536353862754,0.0503910361594797,0.0123052286463856,0.0343485667856542,0.0219282948454619,0.0715028860399472,0.0275160122782821,0.0269061537510423,0.0512465196551722,0.0395754305411389,0.0299706369596173,0.0238422907956179,0.035857624701215,0.0309219870590153,0.0357799839535993,0.0266113932491974,0.0289359278978554,0.0068597026548825,0.0374420453810456,0.0355390237970566,0.0364476665116491,0.0171588194874485,0.0216300558200236,0.0201073550364527,0.0329261872505323,0.9368100665636958,0.0491339847284161,0.0494407991613136,0.0482271797361261,0.0285052441446055,0.0312738476529395,0.044336317686278,0.0197394003731449,0.0181137302014112,0.0509540557059923,0.03182520278033,0.0249187774105782,0.0290300239494719,0.061991930431119,0.022140761156181,0.0188802590852753,0.0290668017080556
11887,0.0564988005110571,0.004542761930707,0.0083671501953883,0.0031195332836657,0.0192983425358238,0.0458742463179503,0.032285796387625,0.0437548425534051,0.0215367737048066,0.0336314110948031,0.024074336833505,0.0370647040654306,0.0184565049298044,0.0292110523075128,0.0123116320760724,0.0414621978482106,0.0377591708389839,0.0169693557992529,0.0450785003345757,0.0147929663907104,0.0097755540607794,0.0186131364483787,0.0236456231078243,0.0154862542296404,0.0505125885408315,0.0134357746612171,0.0082673792529014,0.0253897057759479,0.0255343194397439,0.0351218685343526,0.0484020639254661,0.0171104357047088,0.0355604548027379,0.0309980984711366,0.0382981918348897,0.0757933445324019,0.033253888847159,0.0108976138189731,0.0422003194260859,0.0111475162680829,0.0683947613767392,0.027906222088042,0.0232714239453135,0.0281063804727265,0.020298235955324,0.0200623844066485,0.0425315196752188,0.0865518252181437,0.0278295555130572,0.0406095375662042,0.0222029450503415,0.0248393749420796,0.0390008223201422,0.0784080106210839,0.0162585381848634,0.0140388033724683,0.0538988424433708,0.0397774071093189,0.0097752840955297,0.010586794672562,0.0155330559883243,0.0135803446368444,0.014664874145782,0.0092261077092323,0.011950836861834,0.0169952580204855,0.0371477542906236,0.0176048963286069,0.0271643804531816,0.0297249329567816,0.0290812526976703,-0.0025278496230131,0.0265003376598618,0.0040838305011119,0.0137000972259693,0.0280890097599473,0.0060191445644774,0.03210587681987,0.0169679563676663,-0.0015450434447487,0.0171846887576674,0.0254922843557895,0.0042724974503211,0.0140300986583566,0.0402666644563082,0.0227058208513638,0.0188659983729139,0.0135452170090803,0.0149541244376066,0.0603571475972689,0.0311113336991964,0.0196320548451592,0.0764270649970301,0.0494846014305814,0.0728071158803221,0.0569946946088974,0.0326649763549214,0.0165918943832215,0.0499379428057865,0.0517852983201383,0.0180186450026879,0.0580435248090337,0.0675335673990397,0.0342404575145822,0.0346497109577585,0.0087885633002574,0.0195122248640286,0.02669603500462,0.0307283991728858,0.0491339847284161,0.7101869651154523,0.0587236184364675,0.0622935358059328,0.0385763646908363,0.0357242292520138,0.0044131946266248,0.0239383769621637,0.0328668434912462,0.0405735131521486,0.0335235220441202,0.0391624610923771,0.0205956573461559,0.0114913267354124,0.0644931922363388,0.0269758643805202,0.0385048755294211
11888,0.0197287206099983,0.0065525749519053,0.0150324879398253,0.0101075147874369,0.0269775057943523,0.0427764873881217,0.0424445137225155,0.043789249243448,0.0418914521422849,0.0233165639200947,0.0277566623774252,0.0433871535965592,0.0300126861345554,0.041556905449893,0.0231866892421562,0.0644156215834167,0.0455629635362938,0.0457410230640148,0.0343223003246267,0.0474756513589294,0.0195332095773413,0.0517030821423357,0.0304857059653377,0.0202529237466724,0.0394754611452319,0.0227596232440892,0.0090293791144877,0.046600133868121,0.031021265626235,0.0341077998870477,0.0382263594906609,0.0416458807648832,0.0122864123112417,0.0406356313624246,0.0371193342547642,0.0483136248891273,0.0359740751424484,0.0436209584602412,0.0422156327328031,0.0594016898543622,0.0636588395419923,0.0466079653291235,0.0380049935370405,0.0405113061702911,0.039217247290053,0.0419404283944232,0.036032969369739,0.0350208560419478,0.1068809294211504,0.0474855644365226,0.0317513088737336,0.0444480358669699,0.0453260231852011,0.0476640758875063,0.0587657088918762,0.0519412473226171,0.0377632157007278,0.0366942334846942,0.0346718278456572,0.0020312148509689,0.0163337234028461,0.0331375823535771,0.0464620805982313,0.0160255951134954,0.0573367223600422,0.0400573849916605,0.0346773038979686,0.012726803034858,0.0487516439957866,0.038625455717902,0.0337320877872538,0.0101331623416146,0.0450521126683532,0.0124284179205023,0.0227964287226174,0.0391812061040363,0.0149363198887827,0.0322953210348468,0.0327383020697176,0.0448860146346109,0.0280024194596377,0.0595437316773884,0.0400222141900204,0.0186644574340318,0.0723084885918138,0.074275180671713,0.0103614442238984,0.0138815831527988,0.0274466304416564,0.0715305161615161,0.0342047963005008,0.0375335235693295,0.0620382754292184,0.0408826001562245,0.0498729492501794,0.054236366019147,0.04881522103946,0.033632176311321,0.0498326889147451,0.0210076080696647,0.0357238754193201,0.0490413562645183,0.0655883731138043,0.0420180966086947,0.0281482791559038,0.035569864174138,0.0378601311242089,0.0306298544559811,0.0346776033807929,0.0494407991613136,0.0587236184364675,0.5067536905362691,0.0381944174313121,0.0500430033331323,0.0425404443846734,0.0152799285214318,0.0415515649476235,0.0565103099714037,0.0724743927367779,0.0554601652044412,0.0364816760730737,0.0289551431684656,0.0236785028007817,0.0447218810281934,0.0405296878650057,0.0523958180121948
11929,0.04019927893855,0.0317547919546951,0.0416690742690212,-0.0031021491922519,0.0421202383755792,0.0368004986111952,0.0620353527236002,0.0456232962297389,0.0140571962089359,0.0503267702905045,0.0333090293778917,0.0396351795710283,0.0329394825130915,0.0431955443196948,0.0252820532602638,0.0302188807877888,0.054533675876693,0.0238638157660923,0.0601697498846796,0.0295502423124588,0.0847224755888987,0.0353090430153956,0.0473405657035553,0.037970361569147,0.0442643919782862,0.0757422907836457,0.0153388943808704,0.0405921483577718,0.0213805662594037,0.0415774894279769,0.0566389477702642,0.0555224635960792,0.0268502801644806,0.0248322780932804,0.03933253105309,0.0501361962709261,0.0303957451821123,0.0467363772272058,0.0226413647451597,0.0434301311746797,0.0662368143831397,0.0266972850341579,0.0442498993977303,0.0325363633408183,0.0282110211261948,0.0388620213173826,0.055025060593767,0.0734780676104232,0.0330824192718077,0.0606826344136205,0.0445713681368541,0.0492696039443006,0.095100155221523,0.0130735984717381,0.0269816517675842,0.0355508971202489,0.0059150479841714,0.030457626340449,0.0189122751692071,0.0107345579304108,0.0030169758101313,0.0268101769159937,0.035752302786802,0.0194414851485448,0.0340310042842303,0.0255069804006116,0.0137774433476942,0.0233803133524152,0.0210075106572694,0.0265594253524828,0.0313475876061716,0.0134257963343863,0.045322413100795,0.0147585932258126,0.0352545560442799,0.0335195947075623,0.0100152883490639,0.0553213638103466,0.03369189265939,0.0320366145679836,0.0137538407893336,0.019956401357199,0.0213482509758826,0.014040206453458,0.0227873611933194,0.0281283196572926,0.0502825000501673,0.0589583092533547,0.0220001938758651,0.0352419550194232,0.0307797739020286,0.0266071836488967,0.0221910964722607,0.0478624523086933,0.0453053841920183,0.0583031253491143,0.0435978449535463,0.0215767303875949,0.0392105703101238,0.0557805791359277,0.0318682293027592,0.0879532783792767,0.0414679031874955,0.046110048472482,0.0319104269249023,0.0206696708700047,0.0256360448344263,0.0335086566128432,0.0387909968223072,0.0482271797361261,0.0622935358059328,0.0381944174313121,0.7521614653054982,0.0566866720534257,0.0453673563602356,0.0486196838701393,0.0274364870491223,0.0514441876829869,0.0629233223815324,0.0491494178230386,0.0518603733274879,0.0337605694117646,0.0569321378619729,0.0526771358741864,0.0234918409512849,0.043048774494774
11933,0.0104674076078066,-0.0011949985537763,0.0267924144656186,-0.004186705438384,0.0318630866852459,0.0497705883418394,0.0483929982247746,0.0176774319643099,0.0235843880766609,0.0131139009646473,0.0158567911942466,0.0213762060180104,0.0174687839045618,0.0255222794170266,0.0243433558475697,0.0324757308126775,0.0285744125968555,0.0269029987471186,0.0612244797417148,0.0349867745155019,0.0404229244854588,0.0354080318692683,0.0127524104793416,0.0144907284338018,0.0295323575061088,0.0482624011009649,-0.0029409241121216,0.0387149333339889,0.0206164605158999,0.0255271631721115,0.0315839019957777,0.0281946065749695,0.0087908067588727,0.0556115481026255,0.0361602388838037,0.0433669540556982,0.0180240319044356,0.0273790472100913,0.033042096997733,0.0155711962422804,0.0424770738138234,0.0278108556043099,0.0169978472508877,0.0232064660814144,0.0154061869213996,0.0227678886091439,0.0172372908119492,0.0299860136018535,0.0500447177467138,0.0325380064219765,0.0150696201941053,0.0234520108835876,0.0391741436909436,0.0245185491009287,0.0149096710654216,0.0315646273650754,0.031738710251886,0.0188586761158517,0.0385038041318522,-0.004202550105626,0.0035083521419139,0.0228577795956028,0.0060656908371258,-0.0021220245278516,0.0469949060290425,0.0066001490931451,0.007910824764526,0.008467654892292,0.0281743942560738,0.0214168651137414,0.0204938323724745,0.0221574425708152,0.0184694137611777,0.0119484576795923,0.0115611934497882,0.031598456724466,-0.0017075925177871,0.0280972424799647,0.0263842125120781,0.0319806957713418,0.0099828082500625,0.0665895805094069,0.0200266861316249,0.0021396870474992,0.0161852100120183,0.089954323312569,0.0066238938450751,0.0212738205912618,0.0457397528751824,0.0391320187707123,0.0138799765306826,0.0164392231149513,0.0174561918774174,0.0140557254330144,0.0402564969704508,0.0417687122928498,0.0199415624639374,0.0220156166724024,0.0296496259047672,0.014848633748222,0.0243435109968305,0.0816618794290575,0.0378947086702642,0.0313767527380501,0.0242273320414703,0.0141310380090863,0.0256244784574146,0.0329855087206623,0.0357796186933759,0.0285052441446055,0.0385763646908363,0.0500430033331323,0.0566866720534257,0.7987144113917837,0.0018377468234656,0.0270481839483447,0.0252633856789939,0.0531775159422319,0.0637795775546564,0.0315461380069347,0.0248348683925521,0.0214474369815253,0.0510924424458791,0.0617082535672858,0.0116619193160429,0.0298434777457613
11935,0.0203885706904094,0.0091176791423801,0.0069634160339138,0.0142803593125133,0.0357186042787831,0.0451228732220649,0.0318086672816246,0.0553336736318629,0.0320562972192187,0.0272577617049042,0.0276084276605841,0.04536924851924,0.033327790771121,0.0380978596085268,0.0271229270412363,0.0226428590660249,0.0277531502714826,0.0295890304027901,0.0134387851384361,0.0302954457644876,0.024594000780776,0.0320797092383992,0.028109679563696,0.0306432647322051,0.0350055120911582,0.019746943745398,0.0146012514847786,0.0315876144792861,0.0210427769049181,0.0296725981961141,0.0414333486674151,0.0337879464652488,0.0173373025614202,0.0276330036213588,0.0208265830596886,0.0358867731902215,0.0272340641659641,0.0360604076217849,0.0120341247810351,0.0338636487026806,0.0160754810006865,0.0472789253112152,0.0398300195734608,0.038790791394717,0.0277928168388421,0.0427972712322783,0.0221226469367098,0.017223083784763,0.0316369026012455,0.045103670427948,0.0312228892303815,0.0492032769153288,0.0398219358528434,0.0375445705530839,0.0362287319621445,0.0493343216140745,0.0362656747640476,0.0314486064289933,0.0537204586464865,0.0181636979194105,0.0310023747128442,0.0251152005484534,0.0362399140698196,0.015276646219904,0.0218955827121738,0.0394544492058274,0.0403203179691744,0.0268117445791585,0.0283764130725561,0.032071706616146,0.0309145305147489,0.016397524893778,0.0386046407926609,0.035702844161251,0.0522254059585909,0.0510906345496777,0.0461270369895629,0.046920370218053,0.0374066641773164,0.0342078154711867,0.0418541565330584,0.0344356958227661,0.0354519687643719,0.0145948524275111,0.0467080918629703,0.0212536625420053,0.0228720072054251,0.0655526704936965,0.027641861930963,0.0355918960570425,0.0222273905223196,0.0473155360350154,0.0382585236593068,0.0366648142517868,0.0475580082186205,0.0489676932551691,0.0393883454863464,0.0357150578010484,0.0446446971198771,0.0104652764066117,0.0393912233595854,0.0235907993192105,0.0503833499063893,0.0380119469289415,0.029587942612893,0.0339194638913245,0.0428080523430848,0.0421750883218862,0.0396158390068657,0.0312738476529395,0.0357242292520138,0.0425404443846734,0.0453673563602356,0.0018377468234656,0.3690528095472247,0.0262205159047805,0.0474260919742572,0.039020685551403,0.0454982741790323,0.0446610201855687,0.0351154570609917,0.016532737890037,0.0303877494743205,0.0319866454117385,0.0445282619178529,0.0406092417885789
11936,0.0036049402039159,0.0351015516846264,0.0077179274465891,-0.0109078216589259,-0.0026473069603936,0.0320257278316732,0.0306733801268937,0.0170805694266366,0.0036586225923201,0.0352476223755863,0.0310838682865229,0.0186923108067017,0.0314803208916221,0.0316375720645219,0.020263426759531,0.0144449905942983,0.0148263957564564,0.0062676439264457,-0.0028005844772285,0.0183022568153338,0.0907489753131241,0.0045508738221922,0.0642643335480745,0.0661595464165057,0.0139604470744213,0.1057887872370822,0.056736098314787,0.0124435833766415,-0.001654735014319,0.0360296316540167,0.0271705598508757,0.039632216745184,0.0151850717851773,0.0170226483794116,0.0036205272398822,0.0054822710207491,0.0132894316258165,0.0306250453026402,0.0156203427844525,0.0394266274059563,0.0266630548891925,0.0131379495589591,0.0230024137165331,0.0143096967208675,0.0311811643204465,0.0269351385267046,0.0110960003857132,-0.0059099494504659,0.002042427062171,0.0084724397379333,0.0565930491207817,0.0330998505109408,0.0119925332542263,-0.0005858282629619,0.0208547382260681,0.0131974149145482,-0.006331738608229,0.0149970180885775,0.0629398935115686,0.0388418172617629,0.0544079628269217,0.0178548003521371,0.03443719659584,0.0316120227359599,0.0010369055706543,0.0475622576328521,0.0200811941852735,0.022317658030021,0.0135676326915656,0.0245857436589998,0.0230188918774583,0.0279195578705558,0.0232315404633026,0.0419022110280178,0.0490169116992901,0.0303147174382109,0.073329888955286,0.0578110321881028,0.0298801268061551,0.0275402813579076,0.0291408003280808,0.0131927878741992,0.0493792794383028,0.0692194889232328,0.0031562211217537,0.0069310091795316,0.0430004476407735,0.0809165751319328,0.0251148074620628,-9.671120371857508e-05,0.0211146113559918,0.0198252414116053,0.012459992805012,0.0169377653578455,0.0052862605284431,0.0119513380860729,0.0135804366883047,0.0210436066805825,0.0197396246085898,0.014485096891431,0.0349432263594962,0.0201770675794136,0.0052244634335386,0.0446823427330594,0.0197658325585468,0.0191359804340633,0.0242607732374983,0.0244340684954749,0.0386114162526406,0.044336317686278,0.0044131946266248,0.0152799285214318,0.0486196838701393,0.0270481839483447,0.0262205159047805,0.6344433891340064,0.0289479153505738,9.38361828573008e-05,0.0209402957268769,0.0265515475729341,0.0278207143321947,0.0286160492073633,0.0853927820614732,0.0025637066006676,0.0135114668721791,0.0126580919006706
11971,0.0337312734623101,-0.0083179020273645,0.0055491232045819,0.0058655411781965,0.0389247253018058,0.0374260019069053,0.0252574741353915,0.0536798038360947,0.0436087360758436,0.0194466423378286,0.022017971755362,0.0621927609857563,0.0224697773319754,0.0397601482944721,0.0268064074653498,0.0226824981160516,0.0340834143181869,0.0345595245270274,-0.0035994301949812,0.0257561862056392,0.0320124748065684,0.0335141152755669,0.0203231823180809,0.0230695912146375,0.0275095458517741,0.0489502320666947,0.0180063423924645,0.0309129347932793,0.0380360348646904,0.0340373330051621,0.0462618003527861,0.0223251039592783,0.0007914166136585,0.0112955637548098,0.0251713036780076,0.0176788073270875,0.0111801364811841,0.0202262343946085,0.0184683845919639,0.0258094824553748,0.016575231328147,0.0506761376690147,0.0375772583034344,0.0452387998641995,0.0180325633773994,0.0374754770447368,0.0131113847782525,0.029808361304575,0.0296579016128047,0.0230811288657887,0.024849722456877,0.0345639044273865,0.0167319119455079,0.0215760689040164,0.0564920576123367,0.0824808520793325,0.0748108333401632,0.0161073969081368,0.0267285525214163,0.0044659940141735,0.0260716297976863,0.0242140709161969,0.0249336591445989,0.0123999561785109,0.0618002868593122,0.0423721814697213,0.0166177544771756,0.0192475800255508,0.024253363789319,0.0273603659560222,0.0230698911411052,0.0016754194834641,0.0437350483311516,0.0177908267234432,0.0205110644233268,0.0372802375059947,0.0165271230725108,0.0251348679484107,0.0307885635252364,0.0348004759890618,0.0290859297708556,0.0764975882739478,0.0366919012696506,0.011564731342436,0.0249805439384399,0.039417727879223,0.0096270742964276,0.0139399486332733,0.0254232922680381,0.0174912356465757,0.0124538204447673,0.0663205669684007,0.0282844575978744,0.0262007763552599,0.0425672684440562,0.05319964339196,0.0296173580529907,0.0486298382458184,0.025076012514215,0.0002221320842222,0.03546748621673,0.0319244895727381,0.038286983609474,0.0366451745601317,0.0341009581158672,0.0519478161287563,0.0369742139556465,0.0478711832785297,0.0457196410558815,0.0197394003731449,0.0239383769621637,0.0415515649476235,0.0274364870491223,0.0252633856789939,0.0474260919742572,0.0289479153505738,0.6404874999507909,0.062202213578238,0.0366505208176743,0.0300209698836388,0.0269687375337496,0.0013417519968042,0.0232058877078209,0.0354185799890162,0.040138591183297,0.0386537741587011
12246,0.0426557228206874,-0.0060957239650478,0.0058315211699249,0.00370903752604,0.0392809641455614,0.0346095359692879,0.0534121799938854,0.0423704464781895,0.06892822331461,0.0140513214658084,0.0240160983804319,0.0462559333305577,0.0347683737628531,0.0475343875782721,0.0288671802963525,0.0332187364421165,0.0439371387478744,0.0374320294980412,0.0563889091807509,0.0593845362667332,0.0329593501574509,0.1209261715568413,0.0188657917767483,0.0208813872037402,0.0386242201844063,0.0339821947020173,-0.0040077556437973,0.0512650137766122,0.0353311383604788,0.0224072655122622,0.0306564088770534,0.0276852336882851,0.0144617283089552,0.0599967180424003,0.0679661227536923,0.0168996057606057,0.0153480137813189,0.0151191827509491,0.0265115050823522,0.0163045088718603,0.0248253159519499,0.0468768973092801,0.0329195443447209,0.0402402271000021,0.0281731590206357,0.0526592991215404,0.0240970583101544,0.0355158422724136,0.1144105342029564,0.0414635384044963,0.0304234036560184,0.0370219675919502,0.0117313738886524,0.0115287974355953,0.0467012512593254,0.085116956918371,0.0231377187022277,0.0026899067022637,0.0260170734555392,-0.0001634308182358,-0.0054681284970183,0.0425066907243137,0.0146086592974852,-0.0045112376837812,0.0716642969100945,0.0183988478558752,-0.0004055820563028,-0.0043247133605404,0.0118628864080225,0.0172795219667926,0.0307618236440329,0.0345012734964317,0.0262913943283978,0.0040709988958087,0.0065681865736314,0.0350258173512233,-0.0006553634352981,0.0200351551579231,0.0240139143925364,0.051296505170761,0.0060852435228007,0.1112871319267097,0.0271278320157226,-0.0037596177170727,0.0114832554666282,0.0741269742311823,0.0140362930594594,0.0088718155051924,0.0490057399903645,0.0155640199146134,0.0149174841001467,0.0396400322901278,0.0359817404991804,0.0100191809117856,0.0435531905081733,0.0719932580205847,0.0755586840827862,0.0473039583052789,0.0434910066330614,0.0136792738945914,0.0433737037578292,0.1009087056206886,0.061091100638685,0.0276838274681877,0.0305960646096463,0.0680327808359903,0.0364332952763648,0.0633377308442722,0.0522743709270659,0.0181137302014112,0.0328668434912462,0.0565103099714037,0.0514441876829869,0.0531775159422319,0.039020685551403,9.38361828573008e-05,0.062202213578238,0.7304730419008509,0.0783324841722732,0.0629456219373647,0.0752320823296978,0.0369135812819018,0.0186122071717223,0.1096226006157582,0.0135609112034293,0.0565016374249805
12267,0.0240155752448748,0.0108259823757034,0.0097447277375545,0.0111455144890203,0.0294491968100988,0.0517042138100978,0.0501473137897912,0.0390094486203465,0.0400967510249064,0.0367285442311604,0.0362964166935639,0.0448533118849983,0.0407491808910142,0.042763217891772,0.0309758177904595,0.0435383848382146,0.0541149291932285,0.0422933748064567,0.0315384846237863,0.0355160665774491,0.0377576315069289,0.0522238099460401,0.0290165379132708,0.032172141329195,0.051789196817147,0.0349758822339508,0.0028499682013729,0.0448463645913237,0.0319509307212139,0.0368688193073749,0.0454262258606027,0.0430689978166869,0.021855085400779,0.041851412607653,0.0378137261815542,0.0375460970885273,0.0327414293697231,0.0321670892894472,0.0391393405224918,0.0770837729702265,0.0458570729159881,0.0498380786370376,0.0431628277925645,0.037156402415765,0.0303891658386392,0.0356696100903549,0.0207186173054796,0.0540173545052658,0.07449034824338,0.0562350394129887,0.0413397469829874,0.0439318087117052,0.0391771592297444,0.0363293046791083,0.0518833210594854,0.0492895879009226,0.0532553744447436,0.0196269094678906,0.0449649229227963,-0.0039158754279165,0.0184312184754095,0.0352557056219905,0.0284717873362146,0.0072140467672791,0.0605792087281611,0.029178052602047,0.0272771665922225,0.0112091296687883,0.0385949699110379,0.0364227932506247,0.0373946694154418,0.0282265574449707,0.0554767327078767,0.0120835825817494,0.0160232599078692,0.0335714133405351,0.0167993075246814,0.0320169443799633,0.0389851210734946,0.0469145498293368,0.0356915544026514,0.0598275984090539,0.0334816728089293,0.0115566219873656,0.0770476534168115,0.0721566938312457,0.0099988437011029,0.018120711629702,0.0485763306894426,0.0416619145225715,0.0168603168765768,0.0512704767063915,0.0341640445638823,0.0266494392222763,0.031513401443746,0.0795354147028868,0.0457018882051591,0.0280366544707438,0.0468808554763067,0.0034609518667258,0.0340549096260655,0.0708724392365271,0.0821907027617465,0.0430984562203997,0.0307229997249442,0.0404921385055475,0.0425303746527914,0.0450663120474535,0.0468578912622588,0.0509540557059923,0.0405735131521486,0.0724743927367779,0.0629233223815324,0.0637795775546564,0.0454982741790323,0.0209402957268769,0.0366505208176743,0.0783324841722732,0.4768083107684697,0.05342272247168,0.0420664858973936,0.023835462259523,0.0406410496700818,0.0633335353063857,0.0347773271076085,0.0454088948467839
12284,0.0344040828856207,0.0174212393400936,0.0301944120952773,0.0119740304472864,0.0414158334602166,0.045608610164224,0.0469696649399446,0.0492367929706194,0.0273638886247743,0.026223765524634,0.0312032904026058,0.0362087861344885,0.0275938372480417,0.0455605905590608,0.02373909579043,0.0495944104843446,0.0436838417644557,0.0193219799307431,0.0377614590753512,0.0379135846380829,0.0374199605522331,0.0419598370819534,0.0460925301717624,0.0296709847444704,0.035248158439353,0.040409704090363,0.0182851771923385,0.031310649716077,0.0432721780338986,0.0307676094219527,0.0405338293154785,0.034720148218572,0.0277973046400351,0.035177900090314,0.0356034176087843,0.0463592651103575,0.0216286143677423,0.0302699532148033,0.0272652612186464,0.0504012714397901,0.0284856965364838,0.0361296741393397,0.0461693358822249,0.0377598868118512,0.0341206967587514,0.0466614377639321,0.0204118377106397,0.0310683244581395,0.0555874886914746,0.0484869766499898,0.0424557641769488,0.0467722793619126,0.0298404930751342,0.0307163084992485,0.0463443523561229,0.0473681815685595,0.0221529773114043,0.0286496158978994,0.0313204347887465,0.016695573648151,0.0262638792167154,0.0247243672091816,0.0349164483838394,0.0130009257298596,0.0428533995607997,0.0351295706538402,0.0228738314866037,0.0120547276872121,0.0347205712228986,0.030878967550702,0.0370118117799447,0.0186159270105834,0.0407344154761511,0.0337379433107132,0.0323720620531894,0.0473804760586289,0.0410674395227764,0.039437701953136,0.0378042001011984,0.0561564496006043,0.0417505328447686,0.0469683927299951,0.0313041401360948,0.0081765394359026,0.0356096390769972,0.0395626181633493,0.0335276258078594,0.046479477968694,0.0438725537277706,0.0336252047430123,0.0215344412211995,0.0431261666317131,0.0278355292899481,0.0266494366488145,0.03384164878862,0.0529561948234861,0.045167744427892,0.0289791169179139,0.0506325765434706,0.0139970649393701,0.0396773720346752,0.0665458069393637,0.0485401655900535,0.0473585535064241,0.0384632865285183,0.0457895588133251,0.0436518101766145,0.0424879058633354,0.0432898989677678,0.03182520278033,0.0335235220441202,0.0554601652044412,0.0491494178230386,0.0315461380069347,0.0446610201855687,0.0265515475729341,0.0300209698836388,0.0629456219373647,0.05342272247168,0.3295488631763112,0.0518037909598314,0.0309972329751383,0.0447332862867686,0.0435874170591976,0.0349669517294785,0.0495746229944663
12290,0.0242809214195394,0.0182013331437345,0.0105110891432452,0.0047065596540554,0.0425077206234055,0.0370974588985318,0.0352286257711688,0.0381711597947228,0.0367349622975392,0.0307419649937949,0.0314654169597578,0.0349603840121801,0.0325381804650698,0.0383569657189645,0.0161591340813241,0.033676646204379,0.0279392024896224,0.0318260433542147,0.1110010590818269,0.0301441610424876,0.0238491900538258,0.0843942062149132,0.0258328344266939,0.0392032270960413,0.0461200920479734,0.0385632014613267,0.0120503034861935,0.0432147652940188,0.0186373989835039,0.0276196608840252,0.0385301980919131,0.0256688973789496,0.0132841039371378,0.0541706132100426,0.037285594329277,0.0439446920361216,0.0291601141081426,0.0249275630820313,0.0302020593603317,0.022518061063259,0.0402251343036459,0.0349205099972057,0.0251817946893035,0.0294423747290697,0.0366147550715698,0.0376750542383857,0.0314212493594881,0.0080149645108756,0.0450969427634972,0.0209658733813468,0.0185114864496674,0.0441158964726657,0.0393162299799543,0.0279088335612325,0.0222245746484463,0.0348807319685278,0.021192985928954,0.01923067829345,0.0315640362703972,0.0202125072057774,0.0259857843178974,0.0442267874151466,0.0311138787407062,0.0297292756052796,0.0209651650813805,0.0355660943655002,0.0217015171438844,0.0140860940196369,0.0176658831010525,0.0277519129310875,0.0263425193130675,0.0057486484056277,0.0412306834414192,0.0141570127256842,0.0253515773480652,0.0370689206346671,0.0146881808645454,0.0357054128871693,0.0338035328810144,0.0307813435652966,0.0161416532029521,0.0414251887915295,0.0250479118347272,0.0271518455116671,0.0322421468776621,0.0366465646740138,0.0191478029110963,0.0322578787903858,0.0294218250783448,0.0293275901455012,0.0649764688029325,0.0257860793873242,0.0364991066336147,0.0321287027044284,0.0359914215344437,0.0494747566111364,0.0537958891010468,0.0272908104266034,0.0481467971889557,0.0543543343936826,0.043547400951377,0.0352529848288698,0.0325081594064955,0.0341786466906143,0.0673864286488956,0.0365814025533221,0.0173321469803135,0.0335537456457888,0.0344580865765962,0.0249187774105782,0.0391624610923771,0.0364816760730737,0.0518603733274879,0.0248348683925521,0.0351154570609917,0.0278207143321947,0.0269687375337496,0.0752320823296978,0.0420664858973936,0.0518037909598314,0.3946942234031815,0.0660115006429982,0.0444139002213489,0.0529632589167546,0.0228632742773161,0.0289294860311044
12316,0.00823401380933,0.0136415842450388,0.0166202629110091,-0.0039720570785372,0.0117081112683478,0.0126131845709066,0.0137907652269805,0.0128129947322169,0.0060291480287792,0.0233411661996796,0.0147712108181746,0.0078530186005068,0.0194833040747813,0.0207783916515702,0.0054399055280884,0.009645660823937,0.0019050751900431,-0.0042413140885238,0.1517059249226626,0.0152250552177809,0.0120820329945548,0.0431913760696281,0.0237808675027699,0.0263111485909055,0.0233674532700942,0.0019191770167209,0.0440203617867408,0.0188066771868613,-7.386210799404921e-05,0.0139822399146286,0.0320028923366322,0.0255981501860161,0.0048123446659409,0.0283050878272685,0.0119593179750898,0.0082951190096144,0.0138255684803554,0.0050078586463169,0.0188677681222603,0.0166214069458193,0.0615509681752489,0.0071386616876257,0.0056417527338527,0.0125462838775686,0.0212077308172724,0.0094087103291468,0.051412036498135,-0.000150109019263,0.0129017594422279,0.0141512918620425,0.0262477574684796,0.0203127912135774,0.006931964124748,-0.0021512893254805,0.0041253315331701,0.0104419910880041,-0.0087470944896851,0.0045358184092673,-0.0015572402717209,0.0396258746004523,0.0246911248731594,0.0404317656134395,0.0253127323398405,0.076184892630803,-0.0056139679611748,0.0344829751838161,0.0140560954138746,0.0119740611396039,-0.0010463987129856,0.0105216332433214,0.0070472322307053,0.011328408180816,-0.0049218964278209,0.0405028526983228,0.0151094638276181,0.009936367931225,0.0214903343119992,0.0179279559280915,0.0242955996212716,-0.0005726936186265,0.0085127273148366,-0.000607644589258,0.0093736408043023,0.0793584752612377,-0.0101486875995495,0.0031514588450272,0.0473505609148662,0.0216512162834279,-0.0026413220727751,0.0038398119296562,0.0791471626325226,-0.0101149884646264,0.0258848523067656,0.0204327408981337,0.0005480417555966,0.0065278266071787,0.0209436846086229,0.0040400710196863,0.0253226081771452,0.1558301331004781,0.058498659198151,0.012560119911634,0.0078497462398924,0.0268708409377349,0.1208412582531878,0.0093029936677593,0.0164634047158026,0.0166312631765042,0.0230714807362051,0.0290300239494719,0.0205956573461559,0.0289551431684656,0.0337605694117646,0.0214474369815253,0.016532737890037,0.0286160492073633,0.0013417519968042,0.0369135812819018,0.023835462259523,0.0309972329751383,0.0660115006429982,0.8889535341073603,0.0129302957645245,0.0217235252531402,0.0001818611576543,0.0141638128413154
12346,0.0105227550892446,0.089087796939939,0.0062715100340311,0.0065477746938822,0.019371421424426,0.0292957131560898,0.0467623065986874,0.0294096566348795,-0.0013295580459082,0.034275522785408,0.0382288760502614,0.0180973581726362,0.0314940384780345,0.0384871621207201,0.0297759505294544,0.015597373516132,0.0249567577930621,0.0120564107960693,0.0043873644538175,0.0156026702453532,0.1163113496415441,0.0248983978954816,0.048971113457613,0.0557272535528776,0.0116309979000829,0.0886102942887553,0.0209070355065336,0.0231777632721712,0.0085745904437572,0.0395845233118893,0.0285315446912499,0.0211777999554712,-0.0029345450162755,0.0259700707136316,0.0130013527480337,0.0397304030357049,0.020748041580723,0.0482900639155553,0.0270928470286462,0.0226681421105602,0.0336611575379789,0.0239182788877465,0.0211323880735225,0.0231561271535919,0.0323498373439056,0.0247108390443354,0.0115937692541132,0.0036681543700011,0.0240084055507971,0.036006138663643,0.0530484605157632,0.0394368271541493,0.0600525356140974,0.0159275623441309,0.0120173621362881,0.0205669146934546,0.0023369650889713,0.0327816020863323,0.0232650691604151,0.0240920194926438,0.0352718600843207,0.0311118614939631,0.0299148816668992,0.0073004419136735,0.0127458552403497,0.0290598221914153,0.0173237401418353,0.0361302290094783,0.0194746303058657,0.0251872908956902,0.0245631225034283,0.0149816174925019,0.0216269780734245,0.0465625119209902,0.0359505775455498,0.0214887485310455,0.0320128719759955,0.0475424274558636,0.0159204923328543,0.033148312341976,0.0183560676975231,0.0254900868348401,0.038699645642636,0.0231529486323626,0.0188319034918591,0.0050744720505298,0.0301156319633412,0.0699119663265564,0.020627537637085,0.0156830695303475,0.0170597424541123,0.017617180421257,0.0211804665929662,0.0155365306892482,0.0161849825049666,0.0268804439371656,0.0193174116962084,0.026338055481298,0.0217582567600482,-0.0024053423145213,0.0285196584775999,0.0383145584174166,0.0170732691904477,0.0397343277814533,0.0212658381463096,0.0172147374179593,0.0328544994753903,0.0322395496112819,0.043050966200289,0.061991930431119,0.0114913267354124,0.0236785028007817,0.0569321378619729,0.0510924424458791,0.0303877494743205,0.0853927820614732,0.0232058877078209,0.0186122071717223,0.0406410496700818,0.0447332862867686,0.0444139002213489,0.0129302957645245,0.6414827877189478,0.0213492160551802,0.015343538448839,0.0238217049244442
12372,0.0614778853193867,0.0061525174073189,0.0084206846663581,0.0198641851511873,0.0365507773230091,0.031615541245853,0.0518172843967264,0.0735938304839315,0.0471097101578414,0.032659963022051,0.0222947958226797,0.0606849132426697,0.0313005364838794,0.0416782012934982,0.0307240704297186,0.0417230828547012,0.0555574576196489,0.042279955200874,0.0423354741038356,0.0229340013718042,0.02874178491293,0.0396008496601704,0.0227311008119668,0.0287934972711735,0.0535466051628837,0.0338434346933984,0.0067196539714688,0.0440160304085129,0.0536673028604307,0.0297243433801815,0.0499238969275768,0.0317877061196167,0.014043269268222,0.0256655062869005,0.043388568740637,0.0348210949095647,0.0259827261538319,0.0391509583359332,0.0419556917827251,0.0326961618801327,0.0560980295761637,0.0377445118327381,0.0398075159339713,0.0409436557248596,0.019487534570256,0.058053692805417,0.0229068258885142,0.187006300743378,0.0689542033969588,0.0467410616257423,0.0347192142082814,0.0345343733435008,0.0488199563839617,0.0364613742647652,0.0317179183466343,0.0411837117001794,0.0553899866577374,0.0080795085722364,0.0321543764824888,0.0005376001217374,0.0036365922646258,0.0288125065197106,0.0166075704625692,-0.0023723812016642,0.0107011754584001,0.0247487154718201,0.0217549772330664,-0.0001868206000274,0.0307252761089394,0.0181591335479222,0.0293894366856156,0.0217012398986601,0.0359839793093421,0.0145891642133211,0.0011773266840867,0.0262066265350536,0.0006791682964672,0.0207435915792556,0.0208353922656048,0.0411879108883862,0.0194373289924001,0.0453729505763691,0.0154862952548815,0.0026021473993998,0.0306835783949591,0.0604396926191684,0.0232884153226339,0.0013812619709573,0.0353868997175518,0.0169322822162545,0.0115077687504859,0.0095032052560606,0.0188041279778911,0.0064266375553555,0.0421245533492524,0.0379793121180844,0.0480400202614556,0.0218472613074836,0.0436003768824681,0.0209083605928023,0.0302128706503053,0.0840824176212818,0.0627889922364719,0.0267334722260869,0.0608398139001408,0.0381674909467601,0.034133016837803,0.0362540956412905,0.0335651746987572,0.022140761156181,0.0644931922363388,0.0447218810281934,0.0526771358741864,0.0617082535672858,0.0319866454117385,0.0025637066006676,0.0354185799890162,0.1096226006157582,0.0633335353063857,0.0435874170591976,0.0529632589167546,0.0217235252531402,0.0213492160551802,0.9895623477899202,0.0507216076944137,0.0601334533113799
9000,0.021181540420702,-0.0015324555157169,0.0065570425227752,0.010671591600729,0.0118506391190587,0.0369056794788002,0.0265547840455549,0.0573847998133333,0.0127808777776881,0.025092623304565,0.031338667031826,0.0355268767510063,0.0358817015593241,0.0402835725055009,0.0190393806202256,0.0825670002409502,0.0460967239655939,0.0236108024204451,-0.0031705127417641,0.0424830122277576,0.0251506128621893,0.0198051619958145,0.0204002109793595,0.0302733668919287,0.0235059781312579,0.0303096983397643,0.0146606086762965,0.0331260513508242,0.0614696846741301,0.0374848614210636,0.0269221378983381,0.0235717436584331,0.0072344970699557,0.0246173379033396,0.0569846966384924,0.0171900668800527,0.0305239630310248,0.0398552236620587,0.0173282767789725,0.0781471819233613,0.0283881899461258,0.0325171558861309,0.0475949251623452,0.0489683137758905,0.0289472165447687,0.0331941513450437,0.0155050800141971,0.0253047094535733,0.0808072335611995,0.0279701034836431,0.034886665440542,0.0436208947868539,0.0416258245695993,0.0486993619720543,0.0860285916029268,0.0351541833586353,0.0651825436839421,0.0706565693551986,0.0173958369053883,0.0107440934421938,0.028264941706686,0.0214584184355389,0.0463770783655137,0.0131904396811216,0.0695350885749403,0.0455020828711514,0.0327323447047368,0.0287895995683276,0.1443877142867398,0.0576535020186848,0.0297848550074449,-0.0032288429182235,0.0441579781791708,0.0323431253076916,0.0495977285911583,0.0452666884849564,0.031875055349862,0.034881533125004,0.0372656890176373,0.013705374604998,0.054277865222993,0.0371222394974723,0.0512274046989127,0.0146409414614516,0.0783656015869383,0.0963893259429498,0.0049621749941918,0.042689228062096,0.059640534709857,0.0496537401260833,0.0102145656094897,0.0636319505438424,0.0578857248003293,0.0390790624751859,0.051533780067746,0.0505237911307339,0.0283410884108745,0.0350060635742021,0.0432504543159284,0.0083049730140616,0.028973046805302,0.0149210367373285,0.0519407943080335,0.0280689842456624,0.0344523491910152,0.035948785229174,0.0325329489957952,0.0313457248761467,0.0358234848469055,0.0188802590852753,0.0269758643805202,0.0405296878650057,0.0234918409512849,0.0116619193160429,0.0445282619178529,0.0135114668721791,0.040138591183297,0.0135609112034293,0.0347773271076085,0.0349669517294785,0.0228632742773161,0.0001818611576543,0.015343538448839,0.0507216076944137,1.077296884487729,0.0461429768395689
11931,0.0361943509508086,0.005937894468034,0.0305442770105727,0.0154789970227734,0.028335103257425,0.0343916743017544,0.0486162447873823,0.0564444983561998,0.0243084817525146,0.0252360372451119,0.0307157722017337,0.0375523203018902,0.0296842385122049,0.0361852182614417,0.0208414772192777,0.0437837217245655,0.0553264319428645,0.0252592735893769,0.0170813997352463,0.0319457156943211,0.0394049823521419,0.0355339507795546,0.0334965235818571,0.0229288993491331,0.0418387943074321,0.0362606469224805,0.0080406244890374,0.0382515447370362,0.0372803472240369,0.0320414341468652,0.0337819243355384,0.0391163918701046,0.0118489791413719,0.0277965126086915,0.0268055087378969,0.0337576095820363,0.0229914684748368,0.0285784856613087,0.0188121588491397,0.0408091561357336,0.0252057539461107,0.029687456272536,0.0432672994843302,0.0344860502346518,0.0177619059044517,0.0404228541724571,0.0153613177459919,0.0336721720192167,0.047100620607336,0.0379179169122403,0.0242700628908701,0.0436762701950487,0.0263636782797377,0.044094423694387,0.052720678098493,0.05907928831146,0.0346060420244091,0.0292973579780403,0.0208680148811861,0.0161144892384601,0.0235122832649353,0.0318453242463623,0.0339349702514668,0.0166172181344096,0.0395874393401785,0.0296591264109989,0.0345315724080165,0.0189305872895849,0.0327700475556835,0.0279311495320142,0.0336043647450857,0.0024202885676486,0.0409722408258042,0.0276617770184449,0.0328443176976641,0.0441550554691318,0.0217585363504932,0.0248388574254636,0.0284224682674297,0.0250070670038619,0.0222105398925758,0.052287764849022,0.0295345524140528,0.0006287496207108,0.0458709616862918,0.0486320214469089,0.0196617030399795,0.0337211083787049,0.0428280597254974,0.0483423589245196,0.0174745615318013,0.037146640338248,0.0275840880161512,0.0300000532467555,0.0425422532982824,0.0622798572841411,0.0420558535485603,0.0311132502663913,0.0438388098478135,0.0146818935422272,0.0239689152122902,0.0643194600089115,0.0485409581499188,0.03330441183833,0.0344075389549492,0.0375094708918751,0.038823778847453,0.0449110477406743,0.0416863978095855,0.0290668017080556,0.0385048755294211,0.0523958180121948,0.043048774494774,0.0298434777457613,0.0406092417885789,0.0126580919006706,0.0386537741587011,0.0565016374249805,0.0454088948467839,0.0495746229944663,0.0289294860311044,0.0141638128413154,0.0238217049244442,0.0601334533113799,0.0461429768395689,0.5390138272673941
