id_ref,created_ref,valid_ref,volume,pt_supervoxel_id,pt_root_id,id,created,valid,target_id,session,scan_idx,unit_id,field,residual,score,pt_position,bb_start_position,bb_end_position,target_id_ext
291113,2020-09-28 22:45:19.345287+00:00,True,371.30667,90148478063383840,864691136380268245,131,2024-12-18 19:00:18.379465+00:00,True,291113,4,7,805,2,11.717216,8.25724,[184464 106672  20599],[<NA> <NA> <NA>],[<NA> <NA> <NA>],291113
291160,2020-09-28 22:44:38.687350+00:00,True,270.54407,90007603203593521,864691136288598467,132,2024-12-18 19:00:18.380020+00:00,True,291160,4,7,806,2,14.075236,2.1442134,[183424 105440  21503],[<NA> <NA> <NA>],[<NA> <NA> <NA>],291160
291316,2020-09-28 22:44:02.600695+00:00,True,209.81497,90218915728209651,864691136524089489,133,2024-12-18 19:00:18.380568+00:00,True,291316,4,7,807,2,21.0156,-9.3108,[185248 106992  22018],[<NA> <NA> <NA>],[<NA> <NA> <NA>],291316
291334,2020-09-28 22:40:56.810485+00:00,True,293.71762,90710397493048266,864691136389688695,134,2024-12-18 19:00:18.381127+00:00,True,291334,4,7,808,2,3.7218108,16.526737,[188512  98944  22603],[<NA> <NA> <NA>],[<NA> <NA> <NA>],291334
291299,2020-09-28 22:43:33.562701+00:00,True,288.15768,89725784763726337,864691135892214409,140,2024-12-18 19:00:18.384625+00:00,True,291299,4,7,817,2,8.381496,8.982924,[181488 102960  22492],[<NA> <NA> <NA>],[<NA> <NA> <NA>],291299
291295,2020-09-28 22:43:45.585565+00:00,True,351.3031,89655965775362211,864691136137293195,141,2024-12-18 19:00:18.385190+00:00,True,291295,4,7,818,2,23.2012,-10.5556,[180848 106784  22495],[<NA> <NA> <NA>],[<NA> <NA> <NA>],291295
255221,2020-09-28 22:41:06.917313+00:00,True,239.36827,89233340993163084,864691135102353696,142,2024-12-18 19:00:18.385733+00:00,True,255221,4,7,819,2,14.5326,10.8218,[178048 104048  22251],[<NA> <NA> <NA>],[<NA> <NA> <NA>],255221
255156,2020-09-28 22:44:47.808788+00:00,True,283.86707,88318684623440565,864691135325071004,151,2024-12-18 19:00:18.390745+00:00,True,255156,4,7,829,2,2.4424639,10.461097,[171408 104688  21097],[<NA> <NA> <NA>],[<NA> <NA> <NA>],255156
255125,2020-09-28 22:43:03.823816+00:00,True,318.94388,88671215471862556,864691136011684526,152,2024-12-18 19:00:18.391321+00:00,True,255125,4,7,830,2,22.1425,-1.2616,[173712 110096  20501],[<NA> <NA> <NA>],[<NA> <NA> <NA>],255125
255121,2020-09-28 22:42:51.071547+00:00,True,229.52985,88459696923033940,864691136111478712,154,2024-12-18 19:00:18.392592+00:00,True,255121,4,7,832,2,12.094544,-2.9471548,[172256 107072  20992],[<NA> <NA> <NA>],[<NA> <NA> <NA>],255121
255213,2020-09-28 22:44:51.513571+00:00,True,290.13016,88529516112574765,864691135375745736,280,2024-12-18 19:00:18.463552+00:00,True,255213,4,7,969,2,3.934034,10.380826,[172640 102976  22379],[<NA> <NA> <NA>],[<NA> <NA> <NA>],255213
291315,2020-09-28 22:44:23.483751+00:00,True,248.25266,90218434691891001,864691135655390658,312,2024-12-18 19:00:18.481422+00:00,True,291315,4,7,1007,2,7.6380305,11.587503,[184960 103440  22028],[<NA> <NA> <NA>],[<NA> <NA> <NA>],291315
291110,2020-09-28 22:41:30.636593+00:00,True,343.5674,89937646775794211,864691136445215875,333,2024-12-18 19:00:18.493105+00:00,True,291110,4,7,1032,2,19.948849,1.4972457,[183328 108400  21057],[<NA> <NA> <NA>],[<NA> <NA> <NA>],291110
291175,2020-09-28 22:41:44.180462+00:00,True,376.86328,90570209626369807,864691136674749575,348,2024-12-18 19:00:18.501729+00:00,True,291175,4,7,1048,2,7.3437395,6.137122,[187504 102896  21656],[<NA> <NA> <NA>],[<NA> <NA> <NA>],291175
291124,2020-09-28 22:41:51.956362+00:00,True,302.57037,91203528256750549,864691135839932307,368,2024-12-18 19:00:18.512606+00:00,True,291124,4,7,1070,2,2.496832,12.64043,[192160 102688  21040],[<NA> <NA> <NA>],[<NA> <NA> <NA>],291124
294505,2020-09-28 22:45:03.611978+00:00,True,315.68774,91067051308994248,864691135347725215,864,2024-12-18 19:00:18.786341+00:00,True,294505,4,7,3086,4,11.64184,1.1023408,[191120 134432  20649],[<NA> <NA> <NA>],[<NA> <NA> <NA>],294505
294584,2020-09-28 22:45:09.497467+00:00,True,327.56073,90856357460463313,864691136453419007,893,2024-12-18 19:00:18.802709+00:00,True,294584,4,7,3118,4,4.789894,3.971226,[189888 137536  21190],[<NA> <NA> <NA>],[<NA> <NA> <NA>],294584
294565,2020-09-28 22:44:48.155062+00:00,True,285.10373,90363638812455211,864691135919956656,894,2024-12-18 19:00:18.803249+00:00,True,294565,4,7,3119,4,3.4197292,9.654093,[186160 136480  21354],[<NA> <NA> <NA>],[<NA> <NA> <NA>],294565
294715,2020-09-28 22:45:02.856481+00:00,True,311.6304,90926382674615466,864691135842486243,895,2024-12-18 19:00:18.803771+00:00,True,294715,4,7,3120,4,2.1286676,13.155355,[190320 134992  21950],[<NA> <NA> <NA>],[<NA> <NA> <NA>],294715
294657,2020-09-28 22:44:28.920541+00:00,True,256.01736,89941014164582084,864691135562798817,896,2024-12-18 19:00:18.804308+00:00,True,294657,4,7,3121,4,8.822007,2.5870245,[183104 133760  22248],[<NA> <NA> <NA>],[<NA> <NA> <NA>],294657
258245,2020-09-28 22:45:19.250446+00:00,True,369.70972,89167713691492856,864691135773073147,917,2024-12-18 19:00:18.815856+00:00,True,258245,4,7,3144,4,4.8635397,5.7166705,[177632 139296  20662],[<NA> <NA> <NA>],[<NA> <NA> <NA>],258245
258223,2020-09-28 22:45:15.943800+00:00,True,353.52527,88604695018405759,864691136904594610,918,2024-12-18 19:00:18.816400+00:00,True,258223,4,7,3145,4,5.18097,8.12113,[173312 138688  20501],[<NA> <NA> <NA>],[<NA> <NA> <NA>],258223
294446,2020-09-28 22:44:07.010141+00:00,True,218.5026,89589445053451911,864691135717271834,919,2024-12-18 19:00:18.816949+00:00,True,294446,4,7,3146,4,11.8819,2.6627,[180736 135840  20436],[<NA> <NA> <NA>],[<NA> <NA> <NA>],294446
294535,2020-09-28 22:44:59.746167+00:00,True,306.53693,89589788784928533,864691135135019168,920,2024-12-18 19:00:18.817483+00:00,True,294535,4,7,3147,4,7.53191,3.37639,[180320 138208  21358],[<NA> <NA> <NA>],[<NA> <NA> <NA>],294535
294539,2020-09-28 22:45:19.090364+00:00,True,367.6748,89659676492660967,864691136914414321,921,2024-12-18 19:00:18.818021+00:00,True,294539,4,7,3148,4,12.9955,-3.24041,[181216 134624  21266],[<NA> <NA> <NA>],[<NA> <NA> <NA>],294539
258402,2020-09-28 22:42:43.402554+00:00,True,307.9784,89448570394253033,864691135294442678,922,2024-12-18 19:00:18.818539+00:00,True,258402,4,7,3149,4,6.232789,0.27081427,[179504 134464  22207],[<NA> <NA> <NA>],[<NA> <NA> <NA>],258402
258398,2020-09-28 22:41:46.250041+00:00,True,271.59872,89308107783758244,864691135938816260,923,2024-12-18 19:00:18.819088+00:00,True,258398,4,7,3150,4,3.6278932,5.833455,[178352 136704  22172],[<NA> <NA> <NA>],[<NA> <NA> <NA>],258398
294534,2020-09-28 22:41:45.964986+00:00,True,286.59924,89519351388152850,864691135886208112,924,2024-12-18 19:00:18.819627+00:00,True,294534,4,7,3151,4,5.958359,8.04266,[180160 137664  21669],[<NA> <NA> <NA>],[<NA> <NA> <NA>],294534
258297,2020-09-28 22:45:21.516915+00:00,True,394.45743,88464095036445073,864691136330407914,947,2024-12-18 19:00:18.832230+00:00,True,258297,4,7,3177,4,10.827015,-0.5780065,[172352 139920  21312],[<NA> <NA> <NA>],[<NA> <NA> <NA>],258297
258352,2020-09-28 22:44:20.693118+00:00,True,242.4288,88041264229949195,864691136238679567,948,2024-12-18 19:00:18.832761+00:00,True,258352,4,7,3178,4,8.407204,6.0070524,[169152 135136  22028],[<NA> <NA> <NA>],[<NA> <NA> <NA>],258352
258363,2020-09-28 22:44:55.825539+00:00,True,298.53156,88464026384178323,864691135742756203,949,2024-12-18 19:00:18.833296+00:00,True,258363,4,7,3179,4,10.02798,3.2432067,[172304 139008  21894],[<NA> <NA> <NA>],[<NA> <NA> <NA>],258363
258370,2020-09-28 22:42:50.649466+00:00,True,336.79755,88604420342295411,864691135573296677,953,2024-12-18 19:00:18.835975+00:00,True,258370,4,7,3183,4,4.07365,7.68405,[173600 136784  22464],[<NA> <NA> <NA>],[<NA> <NA> <NA>],258370
258390,2020-09-28 22:41:16.644499+00:00,True,274.365,89167370295678915,864691135430290480,1157,2024-12-18 19:00:29.889254+00:00,True,258390,4,7,3396,4,3.6829128,5.246594,[177328 136432  22430],[<NA> <NA> <NA>],[<NA> <NA> <NA>],258390
258209,2020-09-28 22:45:17.535862+00:00,True,360.34888,88111976370229530,864691135277186789,1244,2024-12-18 19:00:29.938148+00:00,True,258209,4,7,3491,4,6.3914905,8.194999,[169728 137648  20522],[<NA> <NA> <NA>],[<NA> <NA> <NA>],258209
294549,2020-09-28 22:44:49.679498+00:00,True,287.07208,90081888957765952,864691135646775791,1266,2024-12-18 19:00:29.950395+00:00,True,294549,4,7,3513,4,8.1846895,0.073404275,[184048 134544  21291],[<NA> <NA> <NA>],[<NA> <NA> <NA>],294549
294545,2020-09-28 22:44:18.891984+00:00,True,239.6491,89941288908167187,864691136390474359,1285,2024-12-18 19:00:29.962151+00:00,True,294545,4,7,3533,4,6.6685376,4.8678493,[182976 135728  21116],[<NA> <NA> <NA>],[<NA> <NA> <NA>],294545
258291,2020-09-28 22:44:45.927662+00:00,True,281.05066,88323082670416245,864691135587371132,1319,2024-12-18 19:00:29.982126+00:00,True,258291,4,7,3568,4,3.835884,6.703881,[171248 137712  21493],[<NA> <NA> <NA>],[<NA> <NA> <NA>],258291
258307,2020-09-28 22:44:32.213198+00:00,True,260.1494,88815663879209242,864691136144674612,1380,2024-12-18 19:00:30.017221+00:00,True,258307,4,7,3633,4,1.1544064,9.52152,[174944 137648  21113],[<NA> <NA> <NA>],[<NA> <NA> <NA>],258307
258377,2020-09-28 22:44:57.340060+00:00,True,300.30545,88956195276658332,864691135257669039,1445,2024-12-18 19:00:30.054094+00:00,True,258377,4,7,3702,4,2.5482798,12.548319,[175696 136192  21990],[<NA> <NA> <NA>],[<NA> <NA> <NA>],258377
258231,2020-09-28 22:45:11.570789+00:00,True,334.72595,88956538672714596,864691135496440208,1470,2024-12-18 19:00:30.068326+00:00,True,258231,4,7,3728,4,1.5202037,6.630536,[176000 138896  20458],[<NA> <NA> <NA>],[<NA> <NA> <NA>],258231
294768,2020-09-28 22:44:04.386982+00:00,True,212.2508,91278226462236139,864691135102434592,1479,2024-12-18 19:00:30.073449+00:00,True,294768,4,7,3738,4,2.1738057,10.661662,[192912 134880  22119],[<NA> <NA> <NA>],[<NA> <NA> <NA>],294768
294651,2020-09-28 22:41:34.519088+00:00,True,288.1374,89800620273816136,864691135782542416,1509,2024-12-18 19:00:30.090736+00:00,True,294651,4,7,3771,4,2.9258204,8.315016,[182192 135904  22426],[<NA> <NA> <NA>],[<NA> <NA> <NA>],294651
294359,2020-09-28 22:41:44.104806+00:00,True,322.68518,89730869736404554,864691135760050254,1512,2024-12-18 19:00:30.093015+00:00,True,294359,4,7,3774,4,8.485196,0.43368664,[181792 140560  20289],[<NA> <NA> <NA>],[<NA> <NA> <NA>],294359
294822,2020-09-28 22:44:57.831066+00:00,True,302.3805,90222695366674932,864691136484972332,1534,2024-12-18 19:00:30.105444+00:00,True,294822,4,7,3797,4,5.758687,6.281222,[185040 134992  22615],[<NA> <NA> <NA>],[<NA> <NA> <NA>],294822
294546,2020-09-28 22:42:52.314243+00:00,True,322.22412,89941288975444987,864691135695146943,1552,2024-12-18 19:00:30.115521+00:00,True,294546,4,7,3818,4,7.177447,4.527827,[183072 135408  21782],[<NA> <NA> <NA>],[<NA> <NA> <NA>],294546
298827,2020-09-28 22:44:29.149229+00:00,True,256.63913,91142092910740823,864691135478316200,2164,2024-12-18 19:00:34.459110+00:00,True,298827,4,7,5930,6,3.8808308,7.572764,[192000 169456  20327],[<NA> <NA> <NA>],[<NA> <NA> <NA>],298827
298831,2020-09-28 22:43:09.131628+00:00,True,299.4766,91212530441577788,864691136814627955,2167,2024-12-18 19:00:34.460728+00:00,True,298831,4,7,5933,6,4.841982,6.5850067,[192400 170160  20939],[<NA> <NA> <NA>],[<NA> <NA> <NA>],298831
298815,2020-09-28 22:44:36.699819+00:00,True,267.74994,90790386628903013,864691136299034139,2190,2024-12-18 19:00:34.473646+00:00,True,298815,4,7,5962,6,3.7363324,2.2888079,[189312 170352  20454],[<NA> <NA> <NA>],[<NA> <NA> <NA>],298815
298938,2020-09-28 22:44:44.426289+00:00,True,279.23776,90649511835591076,864691135810492189,2191,2024-12-18 19:00:34.474200+00:00,True,298938,4,7,5963,6,3.1403503,6.8615036,[188336 169392  21278],[<NA> <NA> <NA>],[<NA> <NA> <NA>],298938
298812,2020-09-28 22:45:09.427415+00:00,True,327.09885,90790111817860463,864691135853091015,2192,2024-12-18 19:00:34.474727+00:00,True,298812,4,7,5964,6,4.362977,1.4198115,[189168 168272  20778],[<NA> <NA> <NA>],[<NA> <NA> <NA>],298812
298946,2020-09-28 22:44:28.923152+00:00,True,256.02982,90930918092675407,864691135567059223,2193,2024-12-18 19:00:34.475264+00:00,True,298946,4,7,5965,6,1.774851,6.833731,[190368 169120  21150],[<NA> <NA> <NA>],[<NA> <NA> <NA>],298946
299072,2020-09-28 22:44:09.270233+00:00,True,221.03015,90579143225554858,864691135448215698,2194,2024-12-18 19:00:34.475794+00:00,True,299072,4,7,5966,6,6.469444,7.870161,[187840 169648  22257],[<NA> <NA> <NA>],[<NA> <NA> <NA>],299072
299084,2020-09-28 22:41:55.462946+00:00,True,214.12364,91071518343250551,864691135504203357,2198,2024-12-18 19:00:34.477999+00:00,True,299084,4,7,5970,6,2.5080526,10.255533,[191280 167840  22558],[<NA> <NA> <NA>],[<NA> <NA> <NA>],299084
262710,2020-09-28 22:41:32.465682+00:00,True,238.13046,89171699488113773,864691136488999186,2221,2024-12-18 19:00:34.490864+00:00,True,262710,4,7,5999,6,6.147467,12.023922,[177504 168848  21048],[<NA> <NA> <NA>],[<NA> <NA> <NA>],262710
262946,2020-09-28 22:44:32.953350+00:00,True,262.3683,89101262158920024,864691136438717086,2222,2024-12-18 19:00:34.491409+00:00,True,262946,4,7,6000,6,3.5477245,7.613621,[176864 168336  22285],[<NA> <NA> <NA>],[<NA> <NA> <NA>],262946
262670,2020-09-28 22:41:38.790092+00:00,True,240.92165,88327618155356358,864691135853088967,2245,2024-12-18 19:00:34.504221+00:00,True,262670,4,7,6025,6,3.0922558,5.940873,[171456 171424  21043],[<NA> <NA> <NA>],[<NA> <NA> <NA>],262670
262804,2020-09-28 22:44:15.418019+00:00,True,234.17815,88609093132153288,864691135295165196,2246,2024-12-18 19:00:34.504762+00:00,True,262804,4,7,6026,6,3.8040853,4.2723103,[173344 171472  21109],[<NA> <NA> <NA>],[<NA> <NA> <NA>],262804
262881,2020-09-28 22:44:00.150796+00:00,True,199.16505,88116237179086143,864691135398868257,2248,2024-12-18 19:00:34.506030+00:00,True,262881,4,7,6028,6,4.130378,2.5245306,[169696 169232  22054],[<NA> <NA> <NA>],[<NA> <NA> <NA>],262881
262797,2020-09-28 22:41:02.990605+00:00,True,276.06793,88397986966926137,864691135102351392,2249,2024-12-18 19:00:34.506563+00:00,True,262797,4,7,6029,6,7.11284,5.08926,[171856 171680  21824],[<NA> <NA> <NA>],[<NA> <NA> <NA>],262797
262937,2020-09-28 22:43:21.992148+00:00,True,253.13017,88890087207131537,864691135396940021,2364,2024-12-18 19:00:34.570895+00:00,True,262937,4,7,6159,6,4.8359466,6.833425,[175584 167904  22492],[<NA> <NA> <NA>],[<NA> <NA> <NA>],262937
262813,2020-09-28 22:44:09.458321+00:00,True,221.78038,88890568175880563,864691135570301676,2374,2024-12-18 19:00:34.576461+00:00,True,262813,4,7,6169,6,5.7250547,7.6030307,[175440 171232  21557],[<NA> <NA> <NA>],[<NA> <NA> <NA>],262813
298791,2020-09-28 22:44:28.582351+00:00,True,254.88736,90016193070737575,864691135569592300,2409,2024-12-18 19:00:34.596162+00:00,True,298791,4,7,6205,6,4.143817,4.1611876,[183360 169376  20619],[<NA> <NA> <NA>],[<NA> <NA> <NA>],298791
262688,2020-09-28 22:45:00.877674+00:00,True,307.1987,88749899273041417,864691136381301461,2515,2024-12-18 19:00:34.655115+00:00,True,262688,4,7,6314,6,5.079594,8.587848,[174224 171856  20744],[<NA> <NA> <NA>],[<NA> <NA> <NA>],262688
262677,2020-09-28 22:44:35.937216+00:00,True,265.41098,88468286790511394,864691136438666398,2530,2024-12-18 19:00:34.663790+00:00,True,262677,4,7,6329,6,3.0268362,9.035361,[172432 171008  20481],[<NA> <NA> <NA>],[<NA> <NA> <NA>],262677
298942,2020-09-28 22:44:21.007810+00:00,True,243.59698,90790111951845421,864691136814655859,2597,2024-12-18 19:00:34.702203+00:00,True,298942,4,7,6399,6,2.728871,4.837607,[188976 168496  21579],[<NA> <NA> <NA>],[<NA> <NA> <NA>],298942
262868,2020-09-28 22:43:59.967885+00:00,True,197.49176,87905337104993543,864691136026198585,2669,2024-12-18 19:00:34.742838+00:00,True,262868,4,7,6474,6,3.4941795,5.0730987,[168400 170800  22039],[<NA> <NA> <NA>],[<NA> <NA> <NA>],262868
298913,2020-09-28 22:40:55.436991+00:00,True,256.9575,90156587095957101,864691134966710559,2675,2024-12-18 19:00:34.746103+00:00,True,298913,4,7,6480,6,7.742253,4.427086,[184768 167088  21715],[<NA> <NA> <NA>],[<NA> <NA> <NA>],298913
262887,2020-09-28 22:42:48.854514+00:00,True,251.45425,88256768509561483,864691135727799359,2684,2024-12-18 19:00:34.751091+00:00,True,262887,4,7,6489,6,5.543007,2.939658,[171040 168096  22526],[<NA> <NA> <NA>],[<NA> <NA> <NA>],262887
262707,2020-09-28 22:44:53.764371+00:00,True,294.4529,89171836860021217,864691135941975974,2687,2024-12-18 19:00:34.752703+00:00,True,262707,4,7,6492,6,4.9048,1.24246,[177616 169760  20588],[<NA> <NA> <NA>],[<NA> <NA> <NA>],262707
298790,2020-09-28 22:44:38.190860+00:00,True,269.08917,90016193003955468,864691135295330828,2734,2024-12-18 19:00:34.779037+00:00,True,298790,4,7,6542,6,4.90297,1.49617,[183376 169456  20428],[<NA> <NA> <NA>],[<NA> <NA> <NA>],298790
298873,2020-09-28 22:44:15.840530+00:00,True,235.77756,89875455716551167,864691135511486985,2773,2024-12-18 19:00:34.800718+00:00,True,298873,4,7,6584,6,2.0188794,8.779403,[182336 169600  21633],[<NA> <NA> <NA>],[<NA> <NA> <NA>],298873
298958,2020-09-28 22:44:40.495783+00:00,True,273.15912,91282761813925099,864691135184104194,2847,2024-12-18 19:00:34.841465+00:00,True,298958,4,7,6671,6,4.8148317,0.61096984,[192640 169008  21493],[<NA> <NA> <NA>],[<NA> <NA> <NA>],298958
299035,2020-09-28 22:41:46.005976+00:00,True,257.72458,89945687089226606,864691135478400936,2921,2024-12-18 19:00:34.882692+00:00,True,299035,4,7,6751,6,2.1969981,9.888295,[183200 168384  22438],[<NA> <NA> <NA>],[<NA> <NA> <NA>],299035
302983,2020-09-28 22:41:46.549615+00:00,True,292.45914,90724553437195992,864691136211175612,3125,2024-12-18 19:00:37.794932+00:00,True,302983,4,7,7892,8,2.985046,10.436975,[188576 204144  20882],[<NA> <NA> <NA>],[<NA> <NA> <NA>],302983
303174,2020-09-28 22:41:27.901582+00:00,True,491.69547,91146560011902989,864691136195798504,3126,2024-12-18 19:00:37.795483+00:00,True,303174,4,7,7893,8,3.353978,9.557062,[192016 202448  22622],[<NA> <NA> <NA>],[<NA> <NA> <NA>],303174
302957,2020-09-28 22:44:02.400990+00:00,True,507.26028,90020659837046869,864691135585266808,3141,2024-12-18 19:00:37.803909+00:00,True,302957,4,7,7908,8,6.0526996,13.131627,[183456 202752  20953],[<NA> <NA> <NA>],[<NA> <NA> <NA>],302957
267272,2020-09-28 22:44:59.606901+00:00,True,305.92712,88261716244643227,864691135741910164,3157,2024-12-18 19:00:37.812774+00:00,True,267272,4,7,7926,8,2.698487,7.1778493,[170864 204560  21900],[<NA> <NA> <NA>],[<NA> <NA> <NA>],267272
267029,2020-09-28 22:45:25.458678+00:00,True,540.02893,88543328459028709,864691135503182685,3206,2024-12-18 19:00:37.840004+00:00,True,267029,4,7,7981,8,4.880383,10.663948,[173008 205856  20391],[<NA> <NA> <NA>],[<NA> <NA> <NA>],267029
267294,2020-09-28 22:45:25.482981+00:00,True,550.1952,88894897570199057,864691135774389755,3208,2024-12-18 19:00:37.841104+00:00,True,267294,4,7,7983,8,6.102009,8.103106,[175376 203728  22239],[<NA> <NA> <NA>],[<NA> <NA> <NA>],267294
267205,2020-09-28 22:43:47.615297+00:00,True,420.68967,89387547364912702,864691137021264750,3233,2024-12-18 19:00:37.855167+00:00,True,267205,4,7,8009,8,1.9388546,9.118014,[178848 204240  21385],[<NA> <NA> <NA>],[<NA> <NA> <NA>],267205
303066,2020-09-28 22:45:23.299770+00:00,True,418.2301,90443284752775905,864691136419797655,3236,2024-12-18 19:00:37.856808+00:00,True,303066,4,7,8013,8,6.968098,9.064134,[186480 205552  21607],[<NA> <NA> <NA>],[<NA> <NA> <NA>],303066
267266,2020-09-28 22:44:02.143869+00:00,True,206.50197,88191553725618621,864691135716679194,3277,2024-12-18 19:00:37.879530+00:00,True,267266,4,7,8055,8,4.8941,5.5268984,[170096 206400  22081],[<NA> <NA> <NA>],[<NA> <NA> <NA>],267266
302951,2020-09-28 22:43:43.674845+00:00,True,702.8972,89810172012765492,864691136991202453,3310,2024-12-18 19:00:37.898276+00:00,True,302951,4,7,8091,8,9.139616,4.1599584,[181952 207456  20474],[<NA> <NA> <NA>],[<NA> <NA> <NA>],302951
267299,2020-09-28 22:41:46.073389+00:00,True,484.63446,89036184814601672,864691135774294603,3417,2024-12-18 19:00:37.960129+00:00,True,267299,4,7,8215,8,14.295527,0.34724277,[176352 207856  22440],[<NA> <NA> <NA>],[<NA> <NA> <NA>],267299
303089,2020-09-28 22:41:14.971682+00:00,True,274.27045,90724828449027978,864691136372039560,3492,2024-12-18 19:00:38.002285+00:00,True,303089,4,7,8298,8,16.23375,-1.6865478,[188944 206160  21639],[<NA> <NA> <NA>],[<NA> <NA> <NA>],303089
303095,2020-09-28 22:45:24.938806+00:00,True,453.11606,91146422438749662,864691135566168599,3494,2024-12-18 19:00:38.003363+00:00,True,303095,4,7,8300,8,7.8966045,6.209161,[191744 201440  21606],[<NA> <NA> <NA>],[<NA> <NA> <NA>],303095
303169,2020-09-28 22:44:36.094558+00:00,True,265.90594,90935110115024736,864691135346975135,3508,2024-12-18 19:00:38.012304+00:00,True,303169,4,7,8314,8,11.045,6.1818,[190352 200160  22227],[<NA> <NA> <NA>],[<NA> <NA> <NA>],303169
303137,2020-09-28 22:45:25.436009+00:00,True,530.63025,89950566104965703,864691136022520056,3579,2024-12-18 19:00:38.052706+00:00,True,303137,4,7,8395,8,6.1182513,11.028236,[183168 204576  21936],[<NA> <NA> <NA>],[<NA> <NA> <NA>],303137
291175,2020-09-28 22:41:44.180462+00:00,True,376.86328,90570209626369807,864691136674749575,3773,2024-12-18 19:00:38.165920+00:00,True,291175,4,9,923,2,8.099873,3.8402524,[187504 102896  21656],[<NA> <NA> <NA>],[<NA> <NA> <NA>],291175
256458,2020-09-28 22:44:59.043747+00:00,True,303.50345,89093565309189306,864691136196969548,3789,2024-12-18 19:00:38.174732+00:00,True,256458,4,9,940,2,15.293398,2.8942413,[176816 111120  20315],[<NA> <NA> <NA>],[<NA> <NA> <NA>],256458
291099,2020-09-28 22:45:03.535913+00:00,True,315.2647,89656171665349924,864691135464795710,3790,2024-12-18 19:00:38.175280+00:00,True,291099,4,9,941,2,8.504616,5.3794866,[181184 108528  20416],[<NA> <NA> <NA>],[<NA> <NA> <NA>],291099
291160,2020-09-28 22:44:38.687350+00:00,True,270.54407,90007603203593521,864691136288598467,3791,2024-12-18 19:00:38.175820+00:00,True,291160,4,9,942,2,6.9116096,11.057386,[183424 105440  21503],[<NA> <NA> <NA>],[<NA> <NA> <NA>],291160
255221,2020-09-28 22:41:06.917313+00:00,True,239.36827,89233340993163084,864691135102353696,3792,2024-12-18 19:00:38.176370+00:00,True,255221,4,9,943,2,9.65397,5.25343,[178048 104048  22251],[<NA> <NA> <NA>],[<NA> <NA> <NA>],255221
255217,2020-09-28 22:44:55.594333+00:00,True,297.655,88881909522236355,864691135164772653,3793,2024-12-18 19:00:38.176928+00:00,True,255217,4,9,944,2,19.1807,-3.6633,[175280 107184  21940],[<NA> <NA> <NA>],[<NA> <NA> <NA>],255217
255125,2020-09-28 22:43:03.823816+00:00,True,318.94388,88671215471862556,864691136011684526,3803,2024-12-18 19:00:38.182634+00:00,True,255125,4,9,955,2,17.5288,-0.9711,[173712 110096  20501],[<NA> <NA> <NA>],[<NA> <NA> <NA>],255125
256422,2020-09-28 22:45:01.254899+00:00,True,308.9285,87967734188688863,864691135404860654,3804,2024-12-18 19:00:38.183180+00:00,True,256422,4,9,956,2,16.0928,4.3395,[168768 111776  20637],[<NA> <NA> <NA>],[<NA> <NA> <NA>],256422
255156,2020-09-28 22:44:47.808788+00:00,True,283.86707,88318684623440565,864691135325071004,3805,2024-12-18 19:00:38.183719+00:00,True,255156,4,9,957,2,6.6608286,0.4072294,[171408 104688  21097],[<NA> <NA> <NA>],[<NA> <NA> <NA>],255156
255121,2020-09-28 22:42:51.071547+00:00,True,229.52985,88459696923033940,864691136111478712,3806,2024-12-18 19:00:38.184265+00:00,True,255121,4,9,958,2,14.737155,2.4378366,[172256 107072  20992],[<NA> <NA> <NA>],[<NA> <NA> <NA>],255121
255213,2020-09-28 22:44:51.513571+00:00,True,290.13016,88529516112574765,864691135375745736,3807,2024-12-18 19:00:38.184798+00:00,True,255213,4,9,959,2,15.5723,1.4899,[172640 102976  22379],[<NA> <NA> <NA>],[<NA> <NA> <NA>],255213
255117,2020-09-28 22:41:36.682514+00:00,True,379.27454,88178634329772691,864691135741458324,3913,2024-12-18 19:00:38.243888+00:00,True,255117,4,9,1078,2,12.481486,-1.0727711,[170336 109808  21034],[<NA> <NA> <NA>],[<NA> <NA> <NA>],255117
291299,2020-09-28 22:43:33.562701+00:00,True,288.15768,89725784763726337,864691135892214409,3917,2024-12-18 19:00:38.246126+00:00,True,291299,4,9,1082,2,12.5732,7.027,[181488 102960  22492],[<NA> <NA> <NA>],[<NA> <NA> <NA>],291299
291113,2020-09-28 22:45:19.345287+00:00,True,371.30667,90148478063383840,864691136380268245,3967,2024-12-18 19:00:38.274179+00:00,True,291113,4,9,1140,2,4.088708,11.7339325,[184464 106672  20599],[<NA> <NA> <NA>],[<NA> <NA> <NA>],291113
291177,2020-09-28 22:44:57.418505+00:00,True,300.61395,90500115759990681,864691136052366067,3976,2024-12-18 19:00:38.279281+00:00,True,291177,4,9,1151,2,7.9325156,0.25509557,[187312 105008  21563],[<NA> <NA> <NA>],[<NA> <NA> <NA>],291177
291110,2020-09-28 22:41:30.636593+00:00,True,343.5674,89937646775794211,864691136445215875,4001,2024-12-18 19:00:40.565655+00:00,True,291110,4,9,1178,2,11.490633,6.582608,[183328 108400  21057],[<NA> <NA> <NA>],[<NA> <NA> <NA>],291110
291334,2020-09-28 22:40:56.810485+00:00,True,293.71762,90710397493048266,864691136389688695,4043,2024-12-18 19:00:40.588677+00:00,True,291334,4,9,1226,2,10.2124195,7.567232,[188512  98944  22603],[<NA> <NA> <NA>],[<NA> <NA> <NA>],291334
294768,2020-09-28 22:44:04.386982+00:00,True,212.2508,91278226462236139,864691135102434592,4619,2024-12-18 19:00:40.974469+00:00,True,294768,4,9,3352,4,13.42,0.252,[192912 134880  22119],[<NA> <NA> <NA>],[<NA> <NA> <NA>],294768
294565,2020-09-28 22:44:48.155062+00:00,True,285.10373,90363638812455211,864691135919956656,4650,2024-12-18 19:00:40.991257+00:00,True,294565,4,9,3388,4,12.814793,-5.4028187,[186160 136480  21354],[<NA> <NA> <NA>],[<NA> <NA> <NA>],294565
294584,2020-09-28 22:45:09.497467+00:00,True,327.56073,90856357460463313,864691136453419007,4651,2024-12-18 19:00:40.991773+00:00,True,294584,4,9,3389,4,6.6644907,5.7230186,[189888 137536  21190],[<NA> <NA> <NA>],[<NA> <NA> <NA>],294584
294484,2020-09-28 22:41:44.659041+00:00,True,310.55414,90223794610281566,864691135562842337,4652,2024-12-18 19:00:40.992313+00:00,True,294484,4,9,3390,4,15.940466,0.9614509,[185344 143072  20928],[<NA> <NA> <NA>],[<NA> <NA> <NA>],294484
294669,2020-09-28 22:43:18.363877+00:00,True,321.04727,90504513940629481,864691135234382937,4653,2024-12-18 19:00:40.992837+00:00,True,294669,4,9,3391,4,12.242273,2.5425858,[187296 137568  22530],[<NA> <NA> <NA>],[<NA> <NA> <NA>],294669
294715,2020-09-28 22:45:02.856481+00:00,True,311.6304,90926382674615466,864691135842486243,4654,2024-12-18 19:00:40.993365+00:00,True,294715,4,9,3392,4,11.634523,4.8972626,[190320 134992  21950],[<NA> <NA> <NA>],[<NA> <NA> <NA>],294715
258150,2020-09-28 22:41:22.665196+00:00,True,334.30963,89097551038796790,864691136364362466,4684,2024-12-18 19:00:41.009571+00:00,True,258150,4,9,3425,4,5.1352005,8.408391,[176688 140640  20286],[<NA> <NA> <NA>],[<NA> <NA> <NA>],258150
294535,2020-09-28 22:44:59.746167+00:00,True,306.53693,89589788784928533,864691135135019168,4686,2024-12-18 19:00:41.010636+00:00,True,294535,4,9,3427,4,6.1605096,7.236805,[180320 138208  21358],[<NA> <NA> <NA>],[<NA> <NA> <NA>],294535
258307,2020-09-28 22:44:32.213198+00:00,True,260.1494,88815663879209242,864691136144674612,4687,2024-12-18 19:00:41.011178+00:00,True,258307,4,9,3428,4,14.4265,1.6234,[174944 137648  21113],[<NA> <NA> <NA>],[<NA> <NA> <NA>],258307
294646,2020-09-28 22:44:19.069338+00:00,True,240.27824,89589788918869259,864691136311267930,4688,2024-12-18 19:00:41.011838+00:00,True,294646,4,9,3429,4,3.310041,9.8656,[180560 138128  22136],[<NA> <NA> <NA>],[<NA> <NA> <NA>],294646
294543,2020-09-28 22:43:06.475883+00:00,True,368.6875,89801032523422064,864691135102151968,4689,2024-12-18 19:00:41.012385+00:00,True,294543,4,9,3430,4,3.1990128,7.4398947,[182176 139408  21783],[<NA> <NA> <NA>],[<NA> <NA> <NA>],294543
258398,2020-09-28 22:41:46.250041+00:00,True,271.59872,89308107783758244,864691135938816260,4690,2024-12-18 19:00:41.012909+00:00,True,258398,4,9,3431,4,7.3322678,2.565714,[178352 136704  22172],[<NA> <NA> <NA>],[<NA> <NA> <NA>],258398
258390,2020-09-28 22:41:16.644499+00:00,True,274.365,89167370295678915,864691135430290480,4692,2024-12-18 19:00:41.013957+00:00,True,258390,4,9,3433,4,7.5762205,2.3289373,[177328 136432  22430],[<NA> <NA> <NA>],[<NA> <NA> <NA>],258390
258213,2020-09-28 22:42:05.770396+00:00,True,307.7192,88112732284560070,864691135562052065,4726,2024-12-18 19:00:41.032663+00:00,True,258213,4,9,3471,4,6.1754,8.983319,[169888 143056  20600],[<NA> <NA> <NA>],[<NA> <NA> <NA>],258213
258220,2020-09-28 22:42:52.527974+00:00,True,341.69406,88534807310615868,864691135396794101,4728,2024-12-18 19:00:41.033719+00:00,True,258220,4,9,3473,4,4.500512,7.2391953,[172944 142032  20549],[<NA> <NA> <NA>],[<NA> <NA> <NA>],258220
258289,2020-09-28 22:43:47.505173+00:00,True,359.43365,88253401120843383,864691135466158917,4729,2024-12-18 19:00:41.034257+00:00,True,258289,4,9,3474,4,11.4956,-2.48563,[170928 142608  21356],[<NA> <NA> <NA>],[<NA> <NA> <NA>],258289
258217,2020-09-28 22:43:22.172693+00:00,True,307.2526,88393863664263239,864691135782241616,4730,2024-12-18 19:00:41.034784+00:00,True,258217,4,9,3475,4,3.254752,10.10668,[171920 140624  20945],[<NA> <NA> <NA>],[<NA> <NA> <NA>],258217
258297,2020-09-28 22:45:21.516915+00:00,True,394.45743,88464095036445073,864691136330407914,4731,2024-12-18 19:00:41.035317+00:00,True,258297,4,9,3476,4,6.16366,4.70584,[172352 139920  21312],[<NA> <NA> <NA>],[<NA> <NA> <NA>],258297
258363,2020-09-28 22:44:55.825539+00:00,True,298.53156,88464026384178323,864691135742756203,4734,2024-12-18 19:00:41.037072+00:00,True,258363,4,9,3479,4,2.218658,9.450695,[172304 139008  21894],[<NA> <NA> <NA>],[<NA> <NA> <NA>],258363
258306,2020-09-28 22:42:01.947304+00:00,True,244.90607,88745638799717492,864691136196202472,4735,2024-12-18 19:00:41.037599+00:00,True,258306,4,9,3480,4,3.39006,7.74974,[174448 140192  21793],[<NA> <NA> <NA>],[<NA> <NA> <NA>],258306
258355,2020-09-28 22:41:35.026623+00:00,True,177.37581,88042363741612639,864691135751149353,4736,2024-12-18 19:00:41.038156+00:00,True,258355,4,9,3481,4,14.8823,-1.1115,[169456 143168  22057],[<NA> <NA> <NA>],[<NA> <NA> <NA>],258355
258277,2020-09-28 22:42:43.426447+00:00,True,301.46823,87971720052591804,864691135778815421,4738,2024-12-18 19:00:41.039240+00:00,True,258277,4,9,3483,4,10.556088,2.4369276,[168592 141392  21692],[<NA> <NA> <NA>],[<NA> <NA> <NA>],258277
294562,2020-09-28 22:44:19.082838+00:00,True,240.32837,90223244988158039,864691136927688266,4925,2024-12-18 19:00:41.141834+00:00,True,294562,4,9,3688,4,3.4456966,12.4548435,[185232 139184  21509],[<NA> <NA> <NA>],[<NA> <NA> <NA>],294562
294359,2020-09-28 22:41:44.104806+00:00,True,322.68518,89730869736404554,864691135760050254,4955,2024-12-18 19:00:41.158206+00:00,True,294359,4,9,3721,4,3.7954106,11.934912,[181792 140560  20289],[<NA> <NA> <NA>],[<NA> <NA> <NA>],294359
258245,2020-09-28 22:45:19.250446+00:00,True,369.70972,89167713691492856,864691135773073147,4997,2024-12-18 19:00:41.181063+00:00,True,258245,4,9,3764,4,7.68068,7.09352,[177632 139296  20662],[<NA> <NA> <NA>],[<NA> <NA> <NA>],258245
258231,2020-09-28 22:45:11.570789+00:00,True,334.72595,88956538672714596,864691135496440208,5028,2024-12-18 19:00:49.534671+00:00,True,258231,4,9,3799,4,10.9584,-2.02737,[176000 138896  20458],[<NA> <NA> <NA>],[<NA> <NA> <NA>],258231
294651,2020-09-28 22:41:34.519088+00:00,True,288.1374,89800620273816136,864691135782542416,5062,2024-12-18 19:00:49.553334+00:00,True,294651,4,9,3834,4,8.635941,4.5206614,[182192 135904  22426],[<NA> <NA> <NA>],[<NA> <NA> <NA>],294651
294534,2020-09-28 22:41:45.964986+00:00,True,286.59924,89519351388152850,864691135886208112,5124,2024-12-18 19:00:49.587587+00:00,True,294534,4,9,3900,4,5.4513474,4.6257467,[180160 137664  21669],[<NA> <NA> <NA>],[<NA> <NA> <NA>],294534
294663,2020-09-28 22:44:48.112688+00:00,True,284.9787,90152601366635798,864691135646806255,5164,2024-12-18 19:00:49.609587+00:00,True,294663,4,9,3944,4,4.8297315,8.4494,[184704 137184  21976],[<NA> <NA> <NA>],[<NA> <NA> <NA>],294663
294510,2020-09-28 22:45:18.929916+00:00,True,366.44357,91208544711639437,864691135274038801,5201,2024-12-18 19:00:49.629640+00:00,True,294510,4,9,3986,4,5.5933475,2.6407857,[192160 140336  20693],[<NA> <NA> <NA>],[<NA> <NA> <NA>],294510
294670,2020-09-28 22:44:24.944640+00:00,True,249.9448,90504857404304935,864691135387535957,5261,2024-12-18 19:00:49.662196+00:00,True,294670,4,9,4049,4,15.6172,-4.8515,[187392 140192  21954],[<NA> <NA> <NA>],[<NA> <NA> <NA>],294670
298827,2020-09-28 22:44:29.149229+00:00,True,256.63913,91142092910740823,864691135478316200,5916,2024-12-18 19:00:50.021218+00:00,True,298827,4,9,6195,6,10.269199,5.191204,[192000 169456  20327],[<NA> <NA> <NA>],[<NA> <NA> <NA>],298827
298938,2020-09-28 22:44:44.426289+00:00,True,279.23776,90649511835591076,864691135810492189,5917,2024-12-18 19:00:50.021761+00:00,True,298938,4,9,6196,6,11.192231,1.5063494,[188336 169392  21278],[<NA> <NA> <NA>],[<NA> <NA> <NA>],298938
298831,2020-09-28 22:43:09.131628+00:00,True,299.4766,91212530441577788,864691136814627955,5918,2024-12-18 19:00:50.022314+00:00,True,298831,4,9,6197,6,5.2638907,2.843081,[192400 170160  20939],[<NA> <NA> <NA>],[<NA> <NA> <NA>],298831
298958,2020-09-28 22:44:40.495783+00:00,True,273.15912,91282761813925099,864691135184104194,5919,2024-12-18 19:00:50.022857+00:00,True,298958,4,9,6198,6,8.958145,3.6261234,[192640 169008  21493],[<NA> <NA> <NA>],[<NA> <NA> <NA>],298958
299064,2020-09-28 22:43:54.071326+00:00,True,174.65901,90368311870689341,864691135448212882,5920,2024-12-18 19:00:50.023394+00:00,True,299064,4,9,6199,6,2.583642,10.437922,[186368 171696  22053],[<NA> <NA> <NA>],[<NA> <NA> <NA>],299064
299073,2020-09-28 22:44:09.538827+00:00,True,222.15967,90720361750008396,864691135955262472,5921,2024-12-18 19:00:50.023917+00:00,True,299073,4,9,6200,6,11.3353,2.4471,[188928 172784  22054],[<NA> <NA> <NA>],[<NA> <NA> <NA>],299073
262549,2020-09-28 22:41:57.544893+00:00,True,270.15677,89031649060599257,864691136013554851,5951,2024-12-18 19:00:50.040464+00:00,True,262549,4,9,6236,6,4.4779696,6.2613864,[176432 174048  20260],[<NA> <NA> <NA>],[<NA> <NA> <NA>],262549
262700,2020-09-28 22:44:48.037775+00:00,True,284.75964,89101742993660379,864691135717299738,5953,2024-12-18 19:00:50.041675+00:00,True,262700,4,9,6238,6,5.4313626,6.4620233,[177008 172176  20510],[<NA> <NA> <NA>],[<NA> <NA> <NA>],262700
262688,2020-09-28 22:45:00.877674+00:00,True,307.1987,88749899273041417,864691136381301461,5955,2024-12-18 19:00:50.042744+00:00,True,262688,4,9,6240,6,6.160633,8.831212,[174224 171856  20744],[<NA> <NA> <NA>],[<NA> <NA> <NA>],262688
298772,2020-09-28 22:41:38.531493+00:00,True,337.78958,89524299056298442,864691135339600102,5956,2024-12-18 19:00:50.043285+00:00,True,298772,4,9,6241,6,6.8124166,4.8779225,[180048 174288  20684],[<NA> <NA> <NA>],[<NA> <NA> <NA>],298772
262956,2020-09-28 22:42:33.783587+00:00,True,234.91313,89242961653021187,864691135583223405,5957,2024-12-18 19:00:50.043811+00:00,True,262956,4,9,6242,6,15.179913,1.556106,[178080 175616  21949],[<NA> <NA> <NA>],[<NA> <NA> <NA>],262956
298893,2020-09-28 22:43:27.527263+00:00,True,259.18997,89946030619279535,864691135773694795,5958,2024-12-18 19:00:50.044345+00:00,True,298893,4,9,6243,6,2.462533,8.27386,[183312 171136  21746],[<NA> <NA> <NA>],[<NA> <NA> <NA>],298893
262417,2020-09-28 22:42:27.280980+00:00,True,272.79935,88187086691396240,864691136210885820,5981,2024-12-18 19:00:50.056825+00:00,True,262417,4,9,6271,6,5.7823353,2.5347302,[170272 172880  20157],[<NA> <NA> <NA>],[<NA> <NA> <NA>],262417
262804,2020-09-28 22:44:15.418019+00:00,True,234.17815,88609093132153288,864691135295165196,5984,2024-12-18 19:00:50.058593+00:00,True,262804,4,9,6274,6,6.953308,3.3070283,[173344 171472  21109],[<NA> <NA> <NA>],[<NA> <NA> <NA>],262804
262670,2020-09-28 22:41:38.790092+00:00,True,240.92165,88327618155356358,864691135853088967,5986,2024-12-18 19:00:50.059698+00:00,True,262670,4,9,6276,6,6.71991,3.63129,[171456 171424  21043],[<NA> <NA> <NA>],[<NA> <NA> <NA>],262670
262797,2020-09-28 22:41:02.990605+00:00,True,276.06793,88397986966926137,864691135102351392,5987,2024-12-18 19:00:50.060247+00:00,True,262797,4,9,6277,6,5.381701,-0.9076095,[171856 171680  21824],[<NA> <NA> <NA>],[<NA> <NA> <NA>],262797
262910,2020-09-28 22:44:32.814863+00:00,True,261.92938,88538999333301628,864691136391027728,5988,2024-12-18 19:00:50.060780+00:00,True,262910,4,9,6278,6,12.791482,0.39383236,[172960 173280  21905],[<NA> <NA> <NA>],[<NA> <NA> <NA>],262910
262929,2020-09-28 22:43:00.691729+00:00,True,266.41302,88679599516443530,864691135388368001,5989,2024-12-18 19:00:50.061325+00:00,True,262929,4,9,6279,6,4.486109,8.457983,[173968 172672  22530],[<NA> <NA> <NA>],[<NA> <NA> <NA>],262929
262872,2020-09-28 22:44:09.640719+00:00,True,222.65709,88046280752109998,864691135741197716,5991,2024-12-18 19:00:50.062396+00:00,True,262872,4,9,6281,6,3.119301,6.8247604,[169008 172544  22335],[<NA> <NA> <NA>],[<NA> <NA> <NA>],262872
299067,2020-09-28 22:44:17.480483+00:00,True,238.06345,90509049359389970,864691135701746978,6118,2024-12-18 19:00:52.976085+00:00,True,299067,4,9,6418,6,3.8872721,2.0003548,[187152 171296  22343],[<NA> <NA> <NA>],[<NA> <NA> <NA>],299067
262816,2020-09-28 22:41:42.734394+00:00,True,260.37256,89031649261724996,864691136814508659,6183,2024-12-18 19:00:53.013135+00:00,True,262816,4,9,6488,6,6.529775,0.9930685,[176256 173872  21655],[<NA> <NA> <NA>],[<NA> <NA> <NA>],262816
299079,2020-09-28 22:44:15.817140+00:00,True,235.66762,91071930593367306,864691135732557241,6259,2024-12-18 19:00:53.056453+00:00,True,299079,4,9,6572,6,3.2167468,4.113527,[191040 170864  22375],[<NA> <NA> <NA>],[<NA> <NA> <NA>],299079
262787,2020-09-28 22:44:46.296157+00:00,True,282.2606,88257524289547638,864691135755384269,6310,2024-12-18 19:00:53.085202+00:00,True,262787,4,9,6626,6,2.208507,7.929043,[171008 173424  21462],[<NA> <NA> <NA>],[<NA> <NA> <NA>],262787
298661,2020-09-28 22:42:23.332298+00:00,True,249.0853,90016261723242258,864691136067382936,6381,2024-12-18 19:00:53.125042+00:00,True,298661,4,9,6703,6,13.189057,0.8976423,[183552 169792  20241],[<NA> <NA> <NA>],[<NA> <NA> <NA>],298661
298941,2020-09-28 22:44:32.852698+00:00,True,262.03766,90790386829757827,864691135954680867,6401,2024-12-18 19:00:53.135939+00:00,True,298941,4,9,6724,6,3.9317179,6.3929543,[189088 170528  21593],[<NA> <NA> <NA>],[<NA> <NA> <NA>],298941
262891,2020-09-28 22:45:01.358846+00:00,True,309.39413,88327755728894062,864691135585713528,6417,2024-12-18 19:00:53.144711+00:00,True,262891,4,9,6745,6,5.970606,2.7038767,[171504 172496  22396],[<NA> <NA> <NA>],[<NA> <NA> <NA>],262891
298815,2020-09-28 22:44:36.699819+00:00,True,267.74994,90790386628903013,864691136299034139,6469,2024-12-18 19:00:53.173349+00:00,True,298815,4,9,6803,6,8.466036,6.4012537,[189312 170352  20454],[<NA> <NA> <NA>],[<NA> <NA> <NA>],298815
262946,2020-09-28 22:44:32.953350+00:00,True,262.3683,89101262158920024,864691136438717086,6509,2024-12-18 19:00:53.195459+00:00,True,262946,4,9,6845,6,14.564925,0.445061,[176864 168336  22285],[<NA> <NA> <NA>],[<NA> <NA> <NA>],262946
304973,2020-09-28 22:42:09.291141+00:00,True,470.61255,90373534484152677,864691136228250961,6815,2024-12-18 19:00:53.366287+00:00,True,304973,4,9,8117,8,10.667332,3.5799594,[186128 210288  21828],[<NA> <NA> <NA>],[<NA> <NA> <NA>],304973
267188,2020-09-28 22:44:14.104134+00:00,True,232.70015,88613766123653562,864691135448127572,6831,2024-12-18 19:00:53.375052+00:00,True,267188,4,9,8136,8,9.067591,2.5316658,[173376 206128  21613],[<NA> <NA> <NA>],[<NA> <NA> <NA>],267188
269504,2020-09-28 22:43:35.835084+00:00,True,295.3968,89036734570519019,864691134919529994,6833,2024-12-18 19:00:53.376124+00:00,True,269504,4,9,8138,8,15.955,-2.802,[176416 211872  22512],[<NA> <NA> <NA>],[<NA> <NA> <NA>],269504
269488,2020-09-28 22:41:45.874698+00:00,True,281.41174,88614315946914418,864691136274695358,6834,2024-12-18 19:00:53.376679+00:00,True,269488,4,9,8139,8,7.2070622,1.881548,[173104 210208  22429],[<NA> <NA> <NA>],[<NA> <NA> <NA>],269488
269591,2020-09-28 22:44:34.067609+00:00,True,262.73627,88473509805848805,864691135350542039,6835,2024-12-18 19:00:53.377226+00:00,True,269591,4,9,8140,8,6.483654,4.4786105,[172368 209936  22622],[<NA> <NA> <NA>],[<NA> <NA> <NA>],269591
269471,2020-09-28 22:44:30.511448+00:00,True,257.80698,88192034762071809,864691135361548615,6905,2024-12-18 19:00:53.416238+00:00,True,269471,4,9,8214,8,5.654001,3.9653537,[170176 209648  22167],[<NA> <NA> <NA>],[<NA> <NA> <NA>],269471
267203,2020-09-28 22:41:32.261755+00:00,True,309.60846,89317590937649270,864691135885663600,6918,2024-12-18 19:00:53.423838+00:00,True,267203,4,9,8227,8,5.7735467,10.26256,[178304 207200  21460],[<NA> <NA> <NA>],[<NA> <NA> <NA>],267203
303216,2020-09-28 22:42:42.764706+00:00,True,575.99036,90584228533843146,864691135517376211,6969,2024-12-18 19:00:53.451933+00:00,True,303216,4,9,8284,8,5.829746,5.503052,[187840 207232  22680],[<NA> <NA> <NA>],[<NA> <NA> <NA>],303216
302951,2020-09-28 22:43:43.674845+00:00,True,702.8972,89810172012765492,864691136991202453,6999,2024-12-18 19:00:53.468453+00:00,True,302951,4,9,8319,8,4.787163,13.97744,[181952 207456  20474],[<NA> <NA> <NA>],[<NA> <NA> <NA>],302951
267029,2020-09-28 22:45:25.458678+00:00,True,540.02893,88543328459028709,864691135503182685,7034,2024-12-18 19:00:55.911725+00:00,True,267029,4,9,8355,8,13.6854,-1.4847,[173008 205856  20391],[<NA> <NA> <NA>],[<NA> <NA> <NA>],267029
267299,2020-09-28 22:41:46.073389+00:00,True,484.63446,89036184814601672,864691135774294603,7110,2024-12-18 19:00:55.953270+00:00,True,267299,4,9,8436,8,4.1513653,8.631721,[176352 207856  22440],[<NA> <NA> <NA>],[<NA> <NA> <NA>],267299
269402,2020-09-28 22:41:42.679084+00:00,True,311.95956,88473715830302301,864691136425073455,7161,2024-12-18 19:00:55.981002+00:00,True,269402,4,9,8492,8,7.98213,4.13527,[172480 211312  21821],[<NA> <NA> <NA>],[<NA> <NA> <NA>],269402
303145,2020-09-28 22:45:25.534382+00:00,True,570.2063,90302616051180901,864691135688186080,7207,2024-12-18 19:00:56.006187+00:00,True,303145,4,9,8545,8,10.830886,3.7096329,[185632 206224  22266],[<NA> <NA> <NA>],[<NA> <NA> <NA>],303145
292577,2020-09-28 22:43:16.526659+00:00,True,366.00873,90571377656296855,864691136268801268,7663,2024-12-18 19:00:56.257574+00:00,True,292577,4,10,1649,2,6.2657456,6.457836,[187792 111456  20239],[<NA> <NA> <NA>],[<NA> <NA> <NA>],292577
291109,2020-09-28 22:41:57.986245+00:00,True,296.37787,89937921586703630,864691136389679223,7664,2024-12-18 19:00:56.258134+00:00,True,291109,4,10,1650,2,4.4100595,6.5514264,[183184 110368  20625],[<NA> <NA> <NA>],[<NA> <NA> <NA>],291109
291341,2020-09-28 22:41:30.471396+00:00,True,252.85263,91063203219879884,864691136814442867,7665,2024-12-18 19:00:56.258660+00:00,True,291341,4,10,1651,2,6.788608,3.1520438,[191232 105888  22427],[<NA> <NA> <NA>],[<NA> <NA> <NA>],291341
291335,2020-09-28 22:41:30.240874+00:00,True,322.6742,90852509237063649,864691136664950750,7666,2024-12-18 19:00:56.259213+00:00,True,291335,4,10,1652,2,12.517,0.4135,[189648 108816  21882],[<NA> <NA> <NA>],[<NA> <NA> <NA>],291335
255125,2020-09-28 22:43:03.823816+00:00,True,318.94388,88671215471862556,864691136011684526,7693,2024-12-18 19:00:56.274086+00:00,True,255125,4,10,1681,2,2.7517624,8.610768,[173712 110096  20501],[<NA> <NA> <NA>],[<NA> <NA> <NA>],255125
256469,2020-09-28 22:43:18.549401+00:00,True,265.10574,89375040352754208,864691135892202633,7696,2024-12-18 19:00:56.275690+00:00,True,256469,4,10,1684,2,5.218562,7.033033,[179216 110976  20613],[<NA> <NA> <NA>],[<NA> <NA> <NA>],256469
256458,2020-09-28 22:44:59.043747+00:00,True,303.50345,89093565309189306,864691136196969548,7697,2024-12-18 19:00:56.276245+00:00,True,256458,4,10,1685,2,2.288722,8.222178,[176816 111120  20315],[<NA> <NA> <NA>],[<NA> <NA> <NA>],256458
291110,2020-09-28 22:41:30.636593+00:00,True,343.5674,89937646775794211,864691136445215875,7698,2024-12-18 19:00:56.276947+00:00,True,291110,4,10,1686,2,4.0995474,6.626269,[183328 108400  21057],[<NA> <NA> <NA>],[<NA> <NA> <NA>],291110
256669,2020-09-28 22:43:22.310108+00:00,True,291.43155,89375246645623251,864691135498973715,7699,2024-12-18 19:00:56.277493+00:00,True,256669,4,10,1687,2,19.8038,2.5741,[178880 112496  21851],[<NA> <NA> <NA>],[<NA> <NA> <NA>],256669
256529,2020-09-28 22:45:24.919267+00:00,True,451.845,88530615489814580,864691135102274592,7700,2024-12-18 19:00:56.278047+00:00,True,256529,4,10,1688,2,13.434251,3.9370353,[173088 111280  21184],[<NA> <NA> <NA>],[<NA> <NA> <NA>],256529
292711,2020-09-28 22:45:21.154934+00:00,True,385.88367,89797390323831708,864691136603811281,7701,2024-12-18 19:00:56.278587+00:00,True,292711,4,10,1689,2,14.805395,-0.4539541,[182080 112288  21095],[<NA> <NA> <NA>],[<NA> <NA> <NA>],292711
291304,2020-09-28 22:42:50.963102+00:00,True,287.444,89867484324205391,864691135562780385,7702,2024-12-18 19:00:56.279142+00:00,True,291304,4,10,1690,2,19.2479,-1.5715,[182608 110144  22029],[<NA> <NA> <NA>],[<NA> <NA> <NA>],291304
255217,2020-09-28 22:44:55.594333+00:00,True,297.655,88881909522236355,864691135164772653,7703,2024-12-18 19:00:56.279681+00:00,True,255217,4,10,1691,2,12.694688,-0.49455315,[175280 107184  21940],[<NA> <NA> <NA>],[<NA> <NA> <NA>],255217
256427,2020-09-28 22:44:41.815874+00:00,True,274.286,88038240305027727,864691136381224149,7729,2024-12-18 19:00:56.294285+00:00,True,256427,4,10,1719,2,4.728756,9.548921,[169360 112336  20357],[<NA> <NA> <NA>],[<NA> <NA> <NA>],256427
255117,2020-09-28 22:41:36.682514+00:00,True,379.27454,88178634329772691,864691135741458324,7731,2024-12-18 19:00:56.295358+00:00,True,255117,4,10,1721,2,3.1262305,9.24214,[170336 109808  21034],[<NA> <NA> <NA>],[<NA> <NA> <NA>],255117
255215,2020-09-28 22:43:39.991818+00:00,True,337.93326,88811953161883743,864691135892048777,7732,2024-12-18 19:00:56.295896+00:00,True,255215,4,10,1722,2,6.7626605,3.943543,[174880 109920  22317],[<NA> <NA> <NA>],[<NA> <NA> <NA>],255215
291316,2020-09-28 22:44:02.600695+00:00,True,209.81497,90218915728209651,864691136524089489,7994,2024-12-18 19:00:56.442573+00:00,True,291316,4,10,2014,2,3.0820274,7.684728,[185248 106992  22018],[<NA> <NA> <NA>],[<NA> <NA> <NA>],291316
256439,2020-09-28 22:45:11.976361+00:00,True,337.436,88460315398055152,864691136438469534,8007,2024-12-18 19:00:59.068521+00:00,True,256439,4,10,2029,2,3.0110598,11.015412,[172096 111472  20736],[<NA> <NA> <NA>],[<NA> <NA> <NA>],256439
291311,2020-09-28 22:41:22.511935+00:00,True,359.92618,90078384398822296,864691135492749415,8028,2024-12-18 19:00:59.081569+00:00,True,291311,4,10,2052,2,9.510677,3.5391319,[184320 108624  22468],[<NA> <NA> <NA>],[<NA> <NA> <NA>],291311
291295,2020-09-28 22:43:45.585565+00:00,True,351.3031,89655965775362211,864691136137293195,8035,2024-12-18 19:00:59.085632+00:00,True,291295,4,10,2060,2,2.8709464,4.8260083,[180848 106784  22495],[<NA> <NA> <NA>],[<NA> <NA> <NA>],291295
292674,2020-09-28 22:45:11.529117+00:00,True,334.37253,90782415236377623,864691135490326074,8055,2024-12-18 19:00:59.097263+00:00,True,292674,4,10,2080,2,7.010388,6.4895487,[189296 110976  20651],[<NA> <NA> <NA>],[<NA> <NA> <NA>],292674
255219,2020-09-28 22:44:57.933463+00:00,True,302.8705,89163453285353743,864691135060727707,8057,2024-12-18 19:00:59.098717+00:00,True,255219,4,10,2082,2,3.7128892,9.990594,[177232 107696  22292],[<NA> <NA> <NA>],[<NA> <NA> <NA>],255219
292684,2020-09-28 22:45:19.428363+00:00,True,372.53873,91134396396288966,864691134950156796,8090,2024-12-18 19:00:59.117730+00:00,True,292684,4,10,2120,2,12.912075,-4.8803244,[192032 112224  20746],[<NA> <NA> <NA>],[<NA> <NA> <NA>],292684
256471,2020-09-28 22:40:51.254773+00:00,True,278.95203,89445615255706987,864691136619529179,8113,2024-12-18 19:00:59.130796+00:00,True,256471,4,10,2147,2,15.045,0.0361,[179504 112352  20886],[<NA> <NA> <NA>],[<NA> <NA> <NA>],256471
291176,2020-09-28 22:44:20.933306+00:00,True,243.32288,90500596796402782,864691135738995588,8142,2024-12-18 19:00:59.147285+00:00,True,291176,4,10,2183,2,7.4862256,2.068106,[187360 108304  21607],[<NA> <NA> <NA>],[<NA> <NA> <NA>],291176
291161,2020-09-28 22:41:20.559577+00:00,True,322.96353,90148821795140164,864691136010651052,8156,2024-12-18 19:00:59.155166+00:00,True,291161,4,10,2198,2,9.197269,1.9862208,[184384 108896  21755],[<NA> <NA> <NA>],[<NA> <NA> <NA>],291161
294359,2020-09-28 22:41:44.104806+00:00,True,322.68518,89730869736404554,864691135760050254,8848,2024-12-18 19:00:59.544723+00:00,True,294359,4,10,4486,4,15.518571,-4.893015,[181792 140560  20289],[<NA> <NA> <NA>],[<NA> <NA> <NA>],294359
294510,2020-09-28 22:45:18.929916+00:00,True,366.44357,91208544711639437,864691135274038801,8849,2024-12-18 19:00:59.545267+00:00,True,294510,4,10,4487,4,9.806306,1.8003327,[192160 140336  20693],[<NA> <NA> <NA>],[<NA> <NA> <NA>],294510
294484,2020-09-28 22:41:44.659041+00:00,True,310.55414,90223794610281566,864691135562842337,8852,2024-12-18 19:00:59.547049+00:00,True,294484,4,10,4490,4,2.4584994,11.227618,[185344 143072  20928],[<NA> <NA> <NA>],[<NA> <NA> <NA>],294484
294677,2020-09-28 22:41:46.764624+00:00,True,299.57523,90575638465210654,864691135136360217,8853,2024-12-18 19:00:59.547610+00:00,True,294677,4,10,4491,4,13.676411,0.89634687,[187696 143456  21818],[<NA> <NA> <NA>],[<NA> <NA> <NA>],294677
294591,2020-09-28 22:41:10.193234+00:00,True,228.15834,91068219607203505,864691136579129876,8854,2024-12-18 19:00:59.548166+00:00,True,294591,4,10,4492,4,6.285568,3.4504158,[191360 143440  21157],[<NA> <NA> <NA>],[<NA> <NA> <NA>],294591
294605,2020-09-28 22:41:36.642169+00:00,True,305.0011,91279325839844437,864691135214986368,8855,2024-12-18 19:00:59.548711+00:00,True,294605,4,10,4493,4,7.25094,3.20486,[192704 143360  21243],[<NA> <NA> <NA>],[<NA> <NA> <NA>],294605
294661,2020-09-28 22:41:26.659665+00:00,True,300.23663,90012688511994079,864691135520064650,8856,2024-12-18 19:00:59.549266+00:00,True,294661,4,10,4494,4,15.9572935,-2.6985407,[183408 143504  21973],[<NA> <NA> <NA>],[<NA> <NA> <NA>],294661
294694,2020-09-28 22:43:18.266845+00:00,True,312.37094,90786676045362952,864691135885911920,8857,2024-12-18 19:00:59.549808+00:00,True,294694,4,10,4495,4,8.396878,6.671916,[189152 142800  22311],[<NA> <NA> <NA>],[<NA> <NA> <NA>],294694
260542,2020-09-28 22:42:22.773816+00:00,True,298.8738,88886994629275536,864691135988557315,8891,2024-12-18 19:00:59.568770+00:00,True,260542,4,10,4530,4,5.716923,7.2551417,[175648 144864  20903],[<NA> <NA> <NA>],[<NA> <NA> <NA>],260542
258319,2020-09-28 22:40:42.476911+00:00,True,261.80615,89309001002848425,864691136968429774,8892,2024-12-18 19:00:59.569332+00:00,True,258319,4,10,4531,4,3.676322,7.692607,[178400 143248  21238],[<NA> <NA> <NA>],[<NA> <NA> <NA>],258319
260727,2020-09-28 22:44:09.335542+00:00,True,221.32228,89027594879935968,864691134886335738,8893,2024-12-18 19:00:59.569906+00:00,True,260727,4,10,4532,4,9.04407,3.84413,[176288 143856  22394],[<NA> <NA> <NA>],[<NA> <NA> <NA>],260727
258213,2020-09-28 22:42:05.770396+00:00,True,307.7192,88112732284560070,864691135562052065,8920,2024-12-18 19:00:59.585416+00:00,True,258213,4,10,4564,4,13.9543085,1.8002354,[169888 143056  20600],[<NA> <NA> <NA>],[<NA> <NA> <NA>],258213
260516,2020-09-28 22:45:17.605895+00:00,True,361.27374,88323975956240146,864691135717386266,8922,2024-12-18 19:00:59.586489+00:00,True,260516,4,10,4566,4,12.7536,-3.98239,[171392 144368  20761],[<NA> <NA> <NA>],[<NA> <NA> <NA>],260516
260700,2020-09-28 22:44:15.563422+00:00,True,234.72046,88323976090543890,864691135157198692,8925,2024-12-18 19:00:59.588104+00:00,True,260700,4,10,4569,4,8.083943,4.0292645,[171552 144112  21874],[<NA> <NA> <NA>],[<NA> <NA> <NA>],260700
258355,2020-09-28 22:41:35.026623+00:00,True,177.37581,88042363741612639,864691135751149353,8926,2024-12-18 19:00:59.588630+00:00,True,258355,4,10,4570,4,4.73444,5.13488,[169456 143168  22057],[<NA> <NA> <NA>],[<NA> <NA> <NA>],258355
294671,2020-09-28 22:42:48.913406+00:00,True,299.33093,90575363721151543,864691135731679929,9195,2024-12-18 19:01:02.218245+00:00,True,294671,4,10,4867,4,4.713795,6.923071,[187632 141312  22539],[<NA> <NA> <NA>],[<NA> <NA> <NA>],294671
294670,2020-09-28 22:44:24.944640+00:00,True,249.9448,90504857404304935,864691135387535957,9233,2024-12-18 19:01:02.239364+00:00,True,294670,4,10,4907,4,5.033941,4.4626136,[187392 140192  21954],[<NA> <NA> <NA>],[<NA> <NA> <NA>],294670
294570,2020-09-28 22:42:54.286601+00:00,True,368.69193,90505063495624451,864691135727790911,9234,2024-12-18 19:01:02.239905+00:00,True,294570,4,10,4908,4,2.3208635,10.518767,[186944 141984  21399],[<NA> <NA> <NA>],[<NA> <NA> <NA>],294570
258316,2020-09-28 22:45:07.748019+00:00,True,322.90112,89167988636844004,864691135739587697,9239,2024-12-18 19:01:02.242571+00:00,True,258316,4,10,4913,4,5.6497583,6.1984487,[177680 141296  21464],[<NA> <NA> <NA>],[<NA> <NA> <NA>],258316
296507,2020-09-28 22:44:34.081218+00:00,True,262.78232,89942388352671324,864691136336039091,9260,2024-12-18 19:01:02.253773+00:00,True,296507,4,10,4935,4,3.5779545,8.318683,[182848 143920  20593],[<NA> <NA> <NA>],[<NA> <NA> <NA>],296507
294653,2020-09-28 22:41:56.164934+00:00,True,321.19128,89942044956983237,864691135868210454,9358,2024-12-18 19:01:02.307447+00:00,True,294653,4,10,5039,4,1.1074288,14.5689745,[182880 141152  22440],[<NA> <NA> <NA>],[<NA> <NA> <NA>],294653
294540,2020-09-28 22:41:32.174142+00:00,True,269.25122,89660776071416686,864691134941495395,9392,2024-12-18 19:01:02.326219+00:00,True,294540,4,10,5077,4,5.471286,4.5233135,[181200 142848  21778],[<NA> <NA> <NA>],[<NA> <NA> <NA>],294540
258289,2020-09-28 22:43:47.505173+00:00,True,359.43365,88253401120843383,864691135466158917,9436,2024-12-18 19:01:02.350732+00:00,True,258289,4,10,5128,4,6.3373218,9.620773,[170928 142608  21356],[<NA> <NA> <NA>],[<NA> <NA> <NA>],258289
296726,2020-09-28 22:44:57.125231+00:00,True,299.48083,89660913577300229,864691135698211994,9540,2024-12-18 19:01:02.408341+00:00,True,296726,4,10,5242,4,9.350975,4.719332,[180976 143888  22162],[<NA> <NA> <NA>],[<NA> <NA> <NA>],296726
294562,2020-09-28 22:44:19.082838+00:00,True,240.32837,90223244988158039,864691136927688266,9568,2024-12-18 19:01:02.424061+00:00,True,294562,4,10,5272,4,12.503941,0.23046991,[185232 139184  21509],[<NA> <NA> <NA>],[<NA> <NA> <NA>],294562
294444,2020-09-28 22:42:09.124190+00:00,True,357.02832,89590407193189813,864691135757092306,9575,2024-12-18 19:01:02.427919+00:00,True,294444,4,10,5279,4,3.710442,10.242737,[180384 142640  20916],[<NA> <NA> <NA>],[<NA> <NA> <NA>],294444
300975,2020-09-28 22:45:15.565390+00:00,True,349.38602,90580242535818979,864691135384843738,10214,2024-12-18 19:01:04.755500+00:00,True,300975,4,10,7352,6,10.793936,-0.2761063,[187904 177792  20682],[<NA> <NA> <NA>],[<NA> <NA> <NA>],300975
300796,2020-09-28 22:42:39.340523+00:00,True,286.91693,90298698772513259,864691135360482392,10215,2024-12-18 19:01:04.756074+00:00,True,300796,4,10,7353,6,4.646973,5.447955,[185440 177104  20148],[<NA> <NA> <NA>],[<NA> <NA> <NA>],300796
300823,2020-09-28 22:42:40.899134+00:00,True,248.62065,90720842518124669,864691135324725404,10216,2024-12-18 19:01:04.756634+00:00,True,300823,4,10,7354,6,9.93263,-4.21931,[188960 176432  20155],[<NA> <NA> <NA>],[<NA> <NA> <NA>],300823
298934,2020-09-28 22:44:26.834727+00:00,True,252.73401,90579692914004455,864691135210358137,10217,2024-12-18 19:01:04.757179+00:00,True,298934,4,10,7355,6,7.53763,2.2402,[187888 173632  21521],[<NA> <NA> <NA>],[<NA> <NA> <NA>],298934
300966,2020-09-28 22:41:16.310028+00:00,True,272.04993,90439436328259661,864691135324705692,10218,2024-12-18 19:01:04.757829+00:00,True,300966,4,10,7356,6,5.8452716,4.9683824,[186448 177008  20879],[<NA> <NA> <NA>],[<NA> <NA> <NA>],300966
300984,2020-09-28 22:41:32.081888+00:00,True,279.2566,90720842652149836,864691135977654851,10219,2024-12-18 19:01:04.758380+00:00,True,300984,4,10,7357,6,13.2606,3.4607,[188960 176800  21049],[<NA> <NA> <NA>],[<NA> <NA> <NA>],300984
300763,2020-09-28 22:43:14.577415+00:00,True,238.62215,89806255002282134,864691135015154934,10252,2024-12-18 19:01:04.776570+00:00,True,300763,4,10,7394,6,6.787652,5.3414598,[182048 178240  20186],[<NA> <NA> <NA>],[<NA> <NA> <NA>],300763
264624,2020-09-28 22:43:08.592671+00:00,True,261.4616,88680286375941824,864691135060882843,10253,2024-12-18 19:01:04.777123+00:00,True,264624,4,10,7395,6,3.4909532,9.392475,[174096 177488  20178],[<NA> <NA> <NA>],[<NA> <NA> <NA>],264624
298772,2020-09-28 22:41:38.531493+00:00,True,337.78958,89524299056298442,864691135339600102,10254,2024-12-18 19:01:04.777659+00:00,True,298772,4,10,7396,6,9.952636,3.7599602,[180048 174288  20684],[<NA> <NA> <NA>],[<NA> <NA> <NA>],298772
298899,2020-09-28 22:41:09.024580+00:00,True,249.05777,90016949119193646,864691136925094628,10255,2024-12-18 19:01:04.778201+00:00,True,298899,4,10,7397,6,11.788412,-1.4037209,[183568 174864  21668],[<NA> <NA> <NA>],[<NA> <NA> <NA>],298899
298912,2020-09-28 22:42:31.465941+00:00,True,300.69867,90087386515838744,864691135858298670,10256,2024-12-18 19:01:04.778732+00:00,True,298912,4,10,7398,6,6.7898917,10.202455,[184240 175712  21233],[<NA> <NA> <NA>],[<NA> <NA> <NA>],298912
264934,2020-09-28 22:41:56.029029+00:00,True,310.73483,89313467768719862,864691135546339880,10257,2024-12-18 19:01:04.779273+00:00,True,264934,4,10,7399,6,9.068135,4.0404987,[178416 176592  21133],[<NA> <NA> <NA>],[<NA> <NA> <NA>],264934
298868,2020-09-28 22:41:24.731821+00:00,True,271.96262,89594805373727621,864691136489147922,10258,2024-12-18 19:01:04.779806+00:00,True,298868,4,10,7400,6,2.8305402,8.001214,[180624 175696  21782],[<NA> <NA> <NA>],[<NA> <NA> <NA>],298868
299038,2020-09-28 22:42:48.996683+00:00,True,232.79387,89946580442098333,864691135493149927,10259,2024-12-18 19:01:04.780347+00:00,True,299038,4,10,7401,6,1.2591832,10.132795,[183312 175024  22160],[<NA> <NA> <NA>],[<NA> <NA> <NA>],299038
299023,2020-09-28 22:43:26.415016+00:00,True,256.8323,89735542929239906,864691135843242211,10262,2024-12-18 19:01:04.781979+00:00,True,299023,4,10,7404,6,3.067997,9.300025,[181760 175376  22339],[<NA> <NA> <NA>],[<NA> <NA> <NA>],299023
262929,2020-09-28 22:43:00.691729+00:00,True,266.41302,88679599516443530,864691135388368001,10295,2024-12-18 19:01:04.800382+00:00,True,262929,4,10,7444,6,11.756,-3.33874,[173968 172672  22530],[<NA> <NA> <NA>],[<NA> <NA> <NA>],262929
263073,2020-09-28 22:41:06.357390+00:00,True,265.88397,89031992993240476,864691135955909640,10296,2024-12-18 19:01:04.800915+00:00,True,263073,4,10,7445,6,7.99797,0.94268,[176480 176416  22599],[<NA> <NA> <NA>],[<NA> <NA> <NA>],263073
264884,2020-09-28 22:44:41.617682+00:00,True,273.7101,87976461629724231,864691135351096279,10424,2024-12-18 19:01:04.871896+00:00,True,264884,4,10,7584,6,1.0277148,9.208398,[168816 176656  21457],[<NA> <NA> <NA>],[<NA> <NA> <NA>],264884
262958,2020-09-28 22:40:54.771213+00:00,True,301.63254,89313193025363909,864691135954393891,10436,2024-12-18 19:01:04.878518+00:00,True,262958,4,10,7596,6,2.2029378,9.147088,[178608 174752  22447],[<NA> <NA> <NA>],[<NA> <NA> <NA>],262958
299074,2020-09-28 22:41:10.632640+00:00,True,250.41911,90720499189366923,864691135473540914,10479,2024-12-18 19:01:04.902237+00:00,True,299074,4,10,7639,6,2.7613652,10.122184,[188880 174048  22405],[<NA> <NA> <NA>],[<NA> <NA> <NA>],299074
262825,2020-09-28 22:41:26.471977+00:00,True,293.13254,89242892866409455,864691135583277677,10480,2024-12-18 19:01:04.902767+00:00,True,262825,4,10,7640,6,4.5542464,7.214101,[178160 175136  21428],[<NA> <NA> <NA>],[<NA> <NA> <NA>],262825
264990,2020-09-28 22:44:37.895663+00:00,True,268.26508,88187774154761429,864691136288644291,10500,2024-12-18 19:01:04.913730+00:00,True,264990,4,10,7661,6,8.191955,1.2431699,[170176 178080  22342],[<NA> <NA> <NA>],[<NA> <NA> <NA>],264990
298947,2020-09-28 22:43:32.087953+00:00,True,250.0454,90931536635158678,864691135809954845,10505,2024-12-18 19:01:04.916590+00:00,True,298947,4,10,7666,6,4.9776,1.8952,[190368 173424  21738],[<NA> <NA> <NA>],[<NA> <NA> <NA>],298947
298807,2020-09-28 22:42:31.455747+00:00,True,289.71384,90579898938462137,864691135778542509,10506,2024-12-18 19:01:04.917145+00:00,True,298807,4,10,7667,6,4.8250484,5.4546747,[187552 174880  20710],[<NA> <NA> <NA>],[<NA> <NA> <NA>],298807
262996,2020-09-28 22:42:52.306205+00:00,True,240.82645,87976324391655918,864691136914541041,10567,2024-12-18 19:01:04.951242+00:00,True,262996,4,10,7732,6,3.6341047,7.0775743,[168704 175536  22620],[<NA> <NA> <NA>],[<NA> <NA> <NA>],262996
262772,2020-09-28 22:42:48.944945+00:00,True,272.31732,87905955446235423,864691135280944545,10595,2024-12-18 19:01:04.966620+00:00,True,262772,4,10,7761,6,6.104065,4.343783,[168160 175632  21152],[<NA> <NA> <NA>],[<NA> <NA> <NA>],262772
262816,2020-09-28 22:41:42.734394+00:00,True,260.37256,89031649261724996,864691136814508659,10606,2024-12-18 19:01:04.972582+00:00,True,262816,4,10,7772,6,8.554374,2.4386923,[176256 173872  21655],[<NA> <NA> <NA>],[<NA> <NA> <NA>],262816
299070,2020-09-28 22:43:27.760483+00:00,True,275.8135,90509599048261937,864691135448698196,10625,2024-12-18 19:01:04.983302+00:00,True,299070,4,10,7794,6,2.9062572,8.565422,[187344 175424  21966],[<NA> <NA> <NA>],[<NA> <NA> <NA>],299070
262956,2020-09-28 22:42:33.783587+00:00,True,234.91313,89242961653021187,864691135583223405,10635,2024-12-18 19:01:04.988690+00:00,True,262956,4,10,7804,6,3.121617,8.01642,[178080 175616  21949],[<NA> <NA> <NA>],[<NA> <NA> <NA>],262956
298828,2020-09-28 22:41:59.792558+00:00,True,234.18011,91142986263977276,864691135763362102,10752,2024-12-18 19:01:05.055631+00:00,True,298828,4,10,7927,6,10.264723,1.5737056,[191776 175824  20404],[<NA> <NA> <NA>],[<NA> <NA> <NA>],298828
305228,2020-09-28 22:44:43.724150+00:00,True,276.97858,91077153340676495,864691136523033233,11176,2024-12-18 19:01:07.630557+00:00,True,305228,4,10,9286,8,5.2470293,9.700988,[191424 209888  22845],[<NA> <NA> <NA>],[<NA> <NA> <NA>],305228
305068,2020-09-28 22:45:15.279628+00:00,True,346.8108,90866321918998625,864691136239460668,11177,2024-12-18 19:01:07.631117+00:00,True,305068,4,10,9287,8,6.6873574,10.096663,[189968 212000  22393],[<NA> <NA> <NA>],[<NA> <NA> <NA>],305068
304974,2020-09-28 22:44:34.125966+00:00,True,262.92307,90515027819429359,864691136111478968,11193,2024-12-18 19:01:07.640112+00:00,True,304974,4,10,9307,8,17.458424,4.4391403,[187040 215984  21112],[<NA> <NA> <NA>],[<NA> <NA> <NA>],304974
269350,2020-09-28 22:42:01.353226+00:00,True,457.77536,89318346784751450,864691135853198023,11194,2024-12-18 19:01:07.640762+00:00,True,269350,4,10,9308,8,5.6171575,8.236589,[178464 213008  20908],[<NA> <NA> <NA>],[<NA> <NA> <NA>],269350
305219,2020-09-28 22:45:00.841844+00:00,True,307.05844,90796228119641351,864691135473954354,11195,2024-12-18 19:01:07.641706+00:00,True,305219,4,10,9309,8,13.3453,-5.26551,[189104 214064  22710],[<NA> <NA> <NA>],[<NA> <NA> <NA>],305219
305045,2020-09-28 22:44:17.619715+00:00,True,238.51926,90022171866704237,864691135686055351,11196,2024-12-18 19:01:07.642283+00:00,True,305045,4,10,9310,8,10.976307,2.3919213,[183440 213888  22339],[<NA> <NA> <NA>],[<NA> <NA> <NA>],305045
269320,2020-09-28 22:42:22.829345+00:00,True,330.452,88473646976727710,864691135342823877,11208,2024-12-18 19:01:07.648859+00:00,True,269320,4,10,9325,8,7.0348754,8.574683,[172144 210688  20905],[<NA> <NA> <NA>],[<NA> <NA> <NA>],269320
269402,2020-09-28 22:41:42.679084+00:00,True,311.95956,88473715830302301,864691136425073455,11209,2024-12-18 19:01:07.649417+00:00,True,269402,4,10,9326,8,6.960389,11.861264,[172480 211312  21821],[<NA> <NA> <NA>],[<NA> <NA> <NA>],269402
269504,2020-09-28 22:43:35.835084+00:00,True,295.3968,89036734570519019,864691134919529994,11210,2024-12-18 19:01:07.650109+00:00,True,269504,4,10,9327,8,3.7249568,6.1794925,[176416 211872  22512],[<NA> <NA> <NA>],[<NA> <NA> <NA>],269504
269491,2020-09-28 22:42:07.038751+00:00,True,273.15387,88614728330451230,864691135868957462,11211,2024-12-18 19:01:07.650642+00:00,True,269491,4,10,9328,8,6.7527966,2.3197207,[173456 213568  22560],[<NA> <NA> <NA>],[<NA> <NA> <NA>],269491
305061,2020-09-28 22:44:35.959081+00:00,True,265.47797,90655284405674894,864691136905458866,11310,2024-12-18 19:01:07.706193+00:00,True,305061,4,10,9429,8,6.9872336,8.17507,[188112 212400  22149],[<NA> <NA> <NA>],[<NA> <NA> <NA>],305061
269476,2020-09-28 22:44:19.141481+00:00,True,240.51155,88263021981500383,864691136484364844,11322,2024-12-18 19:01:07.712919+00:00,True,269476,4,10,9442,8,7.541099,2.3557925,[170992 214304  22130],[<NA> <NA> <NA>],[<NA> <NA> <NA>],269476
269511,2020-09-28 22:43:20.632577+00:00,True,290.507,89388372132727995,864691135695042751,11344,2024-12-18 19:01:07.725001+00:00,True,269511,4,10,9467,8,2.786566,4.564231,[178816 210528  22322],[<NA> <NA> <NA>],[<NA> <NA> <NA>],269511
269409,2020-09-28 22:44:40.438952+00:00,True,272.96005,88966503130996352,864691135477841320,11442,2024-12-18 19:01:07.779173+00:00,True,269409,4,10,9577,8,3.500375,8.956314,[176112 212784  21458],[<NA> <NA> <NA>],[<NA> <NA> <NA>],269409
304956,2020-09-28 22:41:49.698412+00:00,True,530.40875,89740490664456682,864691135750307881,11456,2024-12-18 19:01:07.786917+00:00,True,304956,4,10,9591,8,5.1602564,11.506876,[181568 212640  21847],[<NA> <NA> <NA>],[<NA> <NA> <NA>],304956
269596,2020-09-28 22:41:00.805170+00:00,True,357.14795,88544359653518676,864691135014696182,11466,2024-12-18 19:01:07.792474+00:00,True,269596,4,10,9604,8,13.5481,0.9246,[173008 213504  23171],[<NA> <NA> <NA>],[<NA> <NA> <NA>],269596
269601,2020-09-28 22:45:13.842317+00:00,True,344.8981,88685097075006321,864691135662408944,11518,2024-12-18 19:01:07.821150+00:00,True,269601,4,10,9657,8,4.980789,9.0737505,[173952 213200  22869],[<NA> <NA> <NA>],[<NA> <NA> <NA>],269601
304978,2020-09-28 22:41:30.219143+00:00,True,295.8326,90866390571315951,864691135447540882,11553,2024-12-18 19:01:07.840485+00:00,True,304978,4,10,9693,8,7.9794974,5.070368,[189904 212288  21834],[<NA> <NA> <NA>],[<NA> <NA> <NA>],304978
304973,2020-09-28 22:42:09.291141+00:00,True,470.61255,90373534484152677,864691136228250961,11590,2024-12-18 19:01:07.861119+00:00,True,304973,4,10,9731,8,2.5510464,14.954607,[186128 210288  21828],[<NA> <NA> <NA>],[<NA> <NA> <NA>],304973
294504,2020-09-28 22:44:48.052588+00:00,True,284.77734,90995789211688319,864691135738953860,12106,2024-12-18 19:01:10.428378+00:00,True,294504,5,3,1972,2,4.604665,6.5094123,[190864 127936  20727],[<NA> <NA> <NA>],[<NA> <NA> <NA>],294504
292899,2020-09-28 22:42:43.463178+00:00,True,278.315,91206689486835668,864691136453384959,12109,2024-12-18 19:01:10.430029+00:00,True,292899,5,3,1975,2,3.2458644,11.977916,[192320 126576  22029],[<NA> <NA> <NA>],[<NA> <NA> <NA>],292899
292878,2020-09-28 22:41:50.250357+00:00,True,255.33235,90995514535370826,864691135954640675,12110,2024-12-18 19:01:10.430569+00:00,True,292878,5,3,1976,2,4.207728,7.098253,[190960 125888  22490],[<NA> <NA> <NA>],[<NA> <NA> <NA>],292878
258250,2020-09-28 22:42:03.961930+00:00,True,355.0113,89518320461596830,864691134966495519,12134,2024-12-18 19:01:10.443918+00:00,True,258250,5,3,2003,2,9.013227,1.7188795,[179760 129744  20501],[<NA> <NA> <NA>],[<NA> <NA> <NA>],258250
292575,2020-09-28 22:41:02.856972+00:00,True,355.9165,90432701752255117,864691135774368763,12136,2024-12-18 19:01:10.444996+00:00,True,292575,5,3,2005,2,9.441568,2.566465,[186528 126944  20248],[<NA> <NA> <NA>],[<NA> <NA> <NA>],292575
294453,2020-09-28 22:44:45.723311+00:00,True,280.28372,89729495413849922,864691136620636045,12138,2024-12-18 19:01:10.446068+00:00,True,294453,5,3,2007,2,7.2104945,2.8936832,[181440 130432  20695],[<NA> <NA> <NA>],[<NA> <NA> <NA>],294453
294536,2020-09-28 22:45:17.469344+00:00,True,359.5349,89588620553651755,864691135325263004,12139,2024-12-18 19:01:10.446591+00:00,True,294536,5,3,2008,2,6.8766675,4.473703,[180640 129520  21202],[<NA> <NA> <NA>],[<NA> <NA> <NA>],294536
294489,2020-09-28 22:42:37.487440+00:00,True,280.13412,90433114203028288,864691136091532855,12140,2024-12-18 19:01:10.447136+00:00,True,294489,5,3,2009,2,9.41919,2.44161,[186848 130128  21012],[<NA> <NA> <NA>],[<NA> <NA> <NA>],294489
294673,2020-09-28 22:44:46.372136+00:00,True,282.5149,90573576947672080,864691136331214058,12141,2024-12-18 19:01:10.447658+00:00,True,294673,5,3,2010,2,4.67214,3.2981,[187920 127824  22032],[<NA> <NA> <NA>],[<NA> <NA> <NA>],294673
292708,2020-09-28 22:44:41.913076+00:00,True,274.53717,89658164731009154,864691135993150913,12142,2024-12-18 19:01:10.448670+00:00,True,292708,5,3,2011,2,17.4832,-6.5115,[181136 123120  21543],[<NA> <NA> <NA>],[<NA> <NA> <NA>],292708
256331,2020-09-28 22:41:57.363732+00:00,True,390.15628,88743783172412796,864691135469753426,12158,2024-12-18 19:01:10.457475+00:00,True,256331,5,3,2029,2,14.355286,0.60750407,[174224 126496  20149],[<NA> <NA> <NA>],[<NA> <NA> <NA>],256331
258224,2020-09-28 22:43:41.359783+00:00,True,286.78455,88673551934622228,864691136091634487,12159,2024-12-18 19:01:10.458014+00:00,True,258224,5,3,2030,2,6.622753,3.000889,[173808 127488  20965],[<NA> <NA> <NA>],[<NA> <NA> <NA>],258224
256652,2020-09-28 22:41:05.162368+00:00,True,215.14142,89236364649948938,864691135939477508,12160,2024-12-18 19:01:10.458534+00:00,True,256652,5,3,2031,2,6.483076,2.95504,[178192 126320  22102],[<NA> <NA> <NA>],[<NA> <NA> <NA>],256652
258401,2020-09-28 22:43:30.016062+00:00,True,302.7283,89377308296970511,864691135742664043,12161,2024-12-18 19:01:10.459072+00:00,True,258401,5,3,2032,2,7.41417,1.70883,[179216 127792  22302],[<NA> <NA> <NA>],[<NA> <NA> <NA>],258401
256675,2020-09-28 22:41:02.932206+00:00,True,332.57373,89517564749196973,864691136380312021,12163,2024-12-18 19:01:10.460135+00:00,True,256675,5,3,2034,2,8.097816,-1.9396894,[179984 124320  22475],[<NA> <NA> <NA>],[<NA> <NA> <NA>],256675
258208,2020-09-28 22:45:07.564890+00:00,True,321.88303,88040576833940680,864691135504327861,12184,2024-12-18 19:01:10.471546+00:00,True,258208,5,3,2059,2,1.7523258,9.1445465,[169232 130208  20544],[<NA> <NA> <NA>],[<NA> <NA> <NA>],258208
258290,2020-09-28 22:42:43.331999+00:00,True,338.93253,88251408322917335,864691135874782350,12185,2024-12-18 19:01:10.472094+00:00,True,258290,5,3,2060,2,1.551395,9.481739,[170816 127856  21691],[<NA> <NA> <NA>],[<NA> <NA> <NA>],258290
292825,2020-09-28 22:42:09.356353+00:00,True,332.5272,89728877140222276,864691136111251896,12324,2024-12-18 19:01:10.549655+00:00,True,292825,5,3,2211,2,2.5823183,8.432207,[181376 125680  22521],[<NA> <NA> <NA>],[<NA> <NA> <NA>],292825
258360,2020-09-28 22:44:44.078845+00:00,True,278.1582,88392214597937672,864691135997332650,12364,2024-12-18 19:01:10.571531+00:00,True,258360,5,3,2254,2,4.056634,6.885191,[171712 128336  22290],[<NA> <NA> <NA>],[<NA> <NA> <NA>],258360
258348,2020-09-28 22:44:32.433948+00:00,True,260.69632,87970070852291569,864691135409962953,12490,2024-12-18 19:01:10.640930+00:00,True,258348,5,3,2389,2,4.02603,5.38217,[168592 129152  22218],[<NA> <NA> <NA>],[<NA> <NA> <NA>],258348
292856,2020-09-28 22:45:03.517654+00:00,True,315.20703,90643464655836537,864691135102381856,12525,2024-12-18 19:01:10.660459+00:00,True,292856,5,3,2427,2,7.438488,4.7054014,[187968 124368  22306],[<NA> <NA> <NA>],[<NA> <NA> <NA>],292856
258230,2020-09-28 22:44:55.809390+00:00,True,298.44128,88955576599984368,864691136298125851,12629,2024-12-18 19:01:10.717569+00:00,True,258230,5,3,2532,2,8.439423,6.914261,[175856 131472  20407],[<NA> <NA> <NA>],[<NA> <NA> <NA>],258230
294547,2020-09-28 22:45:21.233074+00:00,True,387.70624,90010764299362175,864691135015652246,12630,2024-12-18 19:01:10.718105+00:00,True,294547,5,3,2533,2,7.8988013,8.660729,[183728 129008  21304],[<NA> <NA> <NA>],[<NA> <NA> <NA>],294547
256525,2020-09-28 22:42:22.606967+00:00,True,292.35315,88462308329875985,864691135942611316,12631,2024-12-18 19:01:10.718626+00:00,True,256525,5,3,2534,2,9.18554,4.0504756,[172224 126656  21141],[<NA> <NA> <NA>],[<NA> <NA> <NA>],256525
294500,2020-09-28 22:45:19.286890+00:00,True,370.35196,90854983003652860,864691135778811325,12657,2024-12-18 19:01:10.732911+00:00,True,294500,5,3,2561,2,3.0304487,3.4087837,[189760 127520  20540],[<NA> <NA> <NA>],[<NA> <NA> <NA>],294500
258375,2020-09-28 22:41:02.982496+00:00,True,365.3311,88884727087844075,864691135774053371,12699,2024-12-18 19:01:10.756357+00:00,True,258375,5,3,2607,2,4.398736,3.8605044,[175328 127936  22400],[<NA> <NA> <NA>],[<NA> <NA> <NA>],258375
292643,2020-09-28 22:43:37.877054+00:00,True,325.3818,89799245615834818,864691136968542926,12750,2024-12-18 19:01:10.784274+00:00,True,292643,5,3,2670,2,13.484652,0.32019928,[182224 125968  20346],[<NA> <NA> <NA>],[<NA> <NA> <NA>],292643
294582,2020-09-28 22:41:54.237843+00:00,True,294.83154,90784683113427194,864691135801463650,12757,2024-12-18 19:01:10.788137+00:00,True,294582,5,3,2677,2,6.624716,3.1212544,[189472 127760  21804],[<NA> <NA> <NA>],[<NA> <NA> <NA>],294582
256551,2020-09-28 22:41:53.632833+00:00,True,267.23172,89377102071272275,864691135801163874,12805,2024-12-18 19:01:10.814566+00:00,True,256551,5,3,2733,2,5.330747,13.16949,[178736 126432  21628],[<NA> <NA> <NA>],[<NA> <NA> <NA>],256551
298809,2020-09-28 22:43:00.523861+00:00,True,271.2414,90578112232378099,864691135504168285,13361,2024-12-18 19:01:13.035842+00:00,True,298809,5,3,4835,4,3.404522,11.075617,[187728 161520  20934],[<NA> <NA> <NA>],[<NA> <NA> <NA>],298809
296508,2020-09-28 22:40:52.915390+00:00,True,301.57816,89803781168041578,864691135294520844,13362,2024-12-18 19:01:13.036389+00:00,True,296508,5,3,4836,4,7.7585354,4.596931,[182160 159936  20563],[<NA> <NA> <NA>],[<NA> <NA> <NA>],296508
299060,2020-09-28 22:44:40.096538+00:00,True,271.8779,90366868694989123,864691135357351375,13363,2024-12-18 19:01:13.036950+00:00,True,299060,5,3,4837,4,2.3984315,8.446275,[186160 160464  21885],[<NA> <NA> <NA>],[<NA> <NA> <NA>],299060
298919,2020-09-28 22:44:30.362810+00:00,True,257.3438,90296568669974050,864691135725748139,13364,2024-12-18 19:01:13.037500+00:00,True,298919,5,3,4838,4,2.8489861,8.105969,[185520 161008  21625],[<NA> <NA> <NA>],[<NA> <NA> <NA>],298919
296779,2020-09-28 22:44:34.290250+00:00,True,263.45963,90718300099050675,864691135280682401,13365,2024-12-18 19:01:13.038051+00:00,True,296779,5,3,4839,4,9.809262,2.0104218,[188592 157600  21926],[<NA> <NA> <NA>],[<NA> <NA> <NA>],296779
298916,2020-09-28 22:41:42.194582+00:00,True,233.41335,90155899901322754,864691135577816862,13366,2024-12-18 19:01:13.038571+00:00,True,298916,5,3,4840,4,5.776646,0.8551341,[184608 161808  21806],[<NA> <NA> <NA>],[<NA> <NA> <NA>],298916
296750,2020-09-28 22:41:14.919686+00:00,True,194.14565,90225856462565231,864691135480916422,13367,2024-12-18 19:01:13.039117+00:00,True,296750,5,3,4841,4,4.4437356,6.8292456,[185056 158720  22583],[<NA> <NA> <NA>],[<NA> <NA> <NA>],296750
262547,2020-09-28 22:42:15.428320+00:00,True,303.4659,89030274670913953,864691135102433056,13391,2024-12-18 19:01:13.052344+00:00,True,262547,5,3,4871,4,4.646277,5.3811903,[176480 163584  20145],[<NA> <NA> <NA>],[<NA> <NA> <NA>],262547
262423,2020-09-28 22:43:41.163827+00:00,True,288.07266,88326793387616101,864691135211926464,13392,2024-12-18 19:01:13.052892+00:00,True,262423,5,3,4872,4,10.0362215,1.917563,[171280 165280  20203],[<NA> <NA> <NA>],[<NA> <NA> <NA>],262423
262691,2020-09-28 22:44:41.810306+00:00,True,274.25717,88748524883246710,864691135562004193,13393,2024-12-18 19:01:13.053440+00:00,True,262691,5,3,4873,4,4.595999,8.563249,[174400 161696  20530],[<NA> <NA> <NA>],[<NA> <NA> <NA>],262691
262698,2020-09-28 22:42:39.555705+00:00,True,262.65976,89029862421466994,864691135294441654,13394,2024-12-18 19:01:13.054009+00:00,True,262698,5,3,4874,4,5.3603716,7.82459,[176432 160720  20930],[<NA> <NA> <NA>],[<NA> <NA> <NA>],262698
260648,2020-09-28 22:41:51.927066+00:00,True,235.5418,89451868861833821,864691135765013302,13395,2024-12-18 19:01:13.054554+00:00,True,260648,5,3,4875,4,7.775251,5.211143,[179264 159232  21546],[<NA> <NA> <NA>],[<NA> <NA> <NA>],260648
260625,2020-09-28 22:41:24.276910+00:00,True,252.38635,88888987628025797,864691136043283030,13396,2024-12-18 19:01:13.055130+00:00,True,260625,5,3,4876,4,6.976298,4.5917335,[175328 159648  21658],[<NA> <NA> <NA>],[<NA> <NA> <NA>],260625
262806,2020-09-28 22:41:17.007708+00:00,True,324.84476,88607581371011067,864691135570303724,13397,2024-12-18 19:01:13.055664+00:00,True,262806,5,3,4877,4,4.6983795,1.5192226,[173136 160032  21832],[<NA> <NA> <NA>],[<NA> <NA> <NA>],262806
262885,2020-09-28 22:44:13.366459+00:00,True,229.54147,88115000161884759,864691135389195393,13422,2024-12-18 19:01:13.069692+00:00,True,262885,5,3,4906,4,5.3578444,4.9325085,[170016 160336  21960],[<NA> <NA> <NA>],[<NA> <NA> <NA>],262885
262893,2020-09-28 22:44:38.518011+00:00,True,269.9962,88396475205406121,864691135124603687,13520,2024-12-18 19:01:13.124841+00:00,True,262893,5,3,5017,4,5.911471,3.254908,[172032 160176  22201],[<NA> <NA> <NA>],[<NA> <NA> <NA>],262893
262654,2020-09-28 22:44:07.649412+00:00,True,220.43803,88255943607399568,864691135474504498,13538,2024-12-18 19:01:13.134876+00:00,True,262654,5,3,5037,4,4.8092895,6.2536764,[170560 161920  20443],[<NA> <NA> <NA>],[<NA> <NA> <NA>],262654
298950,2020-09-28 22:44:19.475632+00:00,True,241.50508,91000462203198157,864691136211371452,13615,2024-12-18 19:01:13.177340+00:00,True,298950,5,3,5117,4,9.92771,1.42429,[190976 162720  21212],[<NA> <NA> <NA>],[<NA> <NA> <NA>],298950
262655,2020-09-28 22:45:05.760338+00:00,True,318.1029,88256012393674444,864691135886300016,13660,2024-12-18 19:01:13.202608+00:00,True,262655,5,3,5169,4,4.056799,9.641252,[170784 162192  20696],[<NA> <NA> <NA>],[<NA> <NA> <NA>],262655
262810,2020-09-28 22:44:38.047040+00:00,True,268.6491,88818893694743933,864691136239980604,13698,2024-12-18 19:01:13.223717+00:00,True,262810,5,3,5208,4,5.740622,0.2917064,[174816 161936  21221],[<NA> <NA> <NA>],[<NA> <NA> <NA>],262810
262863,2020-09-28 22:43:56.330048+00:00,True,185.78687,87904306312961552,864691135448256146,13718,2024-12-18 19:01:13.234593+00:00,True,262863,5,3,5229,4,4.8965673,6.0837207,[168144 163072  22156],[<NA> <NA> <NA>],[<NA> <NA> <NA>],262863
262699,2020-09-28 22:44:36.692791+00:00,True,267.73013,89030205951658890,864691135990004992,13719,2024-12-18 19:01:13.235146+00:00,True,262699,5,3,5230,4,2.9187195,4.8380814,[176336 163104  20330],[<NA> <NA> <NA>],[<NA> <NA> <NA>],262699
296784,2020-09-28 22:43:02.136967+00:00,True,236.5078,90929406398758623,864691135101521952,13835,2024-12-18 19:01:13.300412+00:00,True,296784,5,3,5358,4,7.7930675,1.2302265,[190064 157424  22482],[<NA> <NA> <NA>],[<NA> <NA> <NA>],296784
262959,2020-09-28 22:43:29.977243+00:00,True,236.11064,89381706343249088,864691135274860561,13891,2024-12-18 19:01:13.331324+00:00,True,262959,5,3,5421,4,6.9244776,0.6831334,[179056 160704  22098],[<NA> <NA> <NA>],[<NA> <NA> <NA>],262959
298806,2020-09-28 22:45:09.829585+00:00,True,329.91345,90507674768271850,864691135136735001,14095,2024-12-18 19:01:15.421608+00:00,True,298806,5,3,5642,4,8.088188,1.1799505,[187136 161232  20563],[<NA> <NA> <NA>],[<NA> <NA> <NA>],298806
303090,2020-09-28 22:42:52.987151+00:00,True,342.24472,90863916669976858,864691136196979020,14355,2024-12-18 19:01:15.564925+00:00,True,303090,5,3,6989,6,4.7847586,5.568559,[189520 193968  21684],[<NA> <NA> <NA>],[<NA> <NA> <NA>],303090
303139,2020-09-28 22:43:57.914035+00:00,True,442.57886,90090479026781022,864691136330101226,14356,2024-12-18 19:01:15.565462+00:00,True,303139,5,3,6990,6,16.416067,0.5942658,[184048 198528  22493],[<NA> <NA> <NA>],[<NA> <NA> <NA>],303139
303138,2020-09-28 22:44:59.003714+00:00,True,303.32617,90019354368195581,864691136967478222,14357,2024-12-18 19:01:15.565997+00:00,True,303138,5,3,6991,6,8.083304,6.334333,[183680 193040  22367],[<NA> <NA> <NA>],[<NA> <NA> <NA>],303138
303035,2020-09-28 22:43:28.265348+00:00,True,497.98776,89738016763137206,864691135456207722,14366,2024-12-18 19:01:15.570806+00:00,True,303035,5,3,7003,6,7.4709215,6.9885163,[181632 193824  21686],[<NA> <NA> <NA>],[<NA> <NA> <NA>],303035
267295,2020-09-28 22:43:20.014876+00:00,True,393.8317,88894279095150580,864691135214123064,14367,2024-12-18 19:01:15.571350+00:00,True,267295,5,3,7004,6,13.615959,-0.66888916,[175376 199104  22465],[<NA> <NA> <NA>],[<NA> <NA> <NA>],267295
267008,2020-09-28 22:45:25.180158+00:00,True,479.08963,88049510366229524,864691134887444730,14380,2024-12-18 19:01:15.578456+00:00,True,267008,5,3,7019,6,4.290592,8.783155,[169216 196416  20820],[<NA> <NA> <NA>],[<NA> <NA> <NA>],267008
267183,2020-09-28 22:43:37.801280+00:00,True,455.04218,88401422940721723,864691134941063523,14381,2024-12-18 19:01:15.578981+00:00,True,267183,5,3,7020,6,2.4060102,12.417523,[171952 196880  21777],[<NA> <NA> <NA>],[<NA> <NA> <NA>],267183
267165,2020-09-28 22:44:57.547080+00:00,True,301.18298,88119947897177369,864691135464263742,14382,2024-12-18 19:01:15.579517+00:00,True,267165,5,3,7021,6,1.6605054,11.850718,[169792 196864  21504],[<NA> <NA> <NA>],[<NA> <NA> <NA>],267165
267260,2020-09-28 22:45:05.422628+00:00,True,316.22513,88119535714331821,864691135877954899,14383,2024-12-18 19:01:15.580181+00:00,True,267260,5,3,7022,6,11.047546,5.8499618,[169824 194160  22359],[<NA> <NA> <NA>],[<NA> <NA> <NA>],267260
266848,2020-09-28 22:43:16.059498+00:00,True,368.06903,88261097567929785,864691135955962888,14454,2024-12-18 19:01:15.619020+00:00,True,266848,5,3,7098,6,12.7738,2.8749,[170896 200304  20247],[<NA> <NA> <NA>],[<NA> <NA> <NA>],266848
303032,2020-09-28 22:45:25.399952+00:00,True,520.90533,89667716671269769,864691135756148685,14478,2024-12-18 19:01:15.632263+00:00,True,303032,5,3,7125,6,6.6799264,11.0894165,[181184 194560  21112],[<NA> <NA> <NA>],[<NA> <NA> <NA>],303032
303046,2020-09-28 22:45:23.531531+00:00,True,427.76166,90089860483870716,864691136362774498,14614,2024-12-18 19:01:15.707915+00:00,True,303046,5,3,7269,6,5.882989,8.762613,[184352 194032  21557],[<NA> <NA> <NA>],[<NA> <NA> <NA>],303046
302955,2020-09-28 22:45:25.587619+00:00,True,612.8663,89949329020077684,864691135324963484,14621,2024-12-18 19:01:15.711672+00:00,True,302955,5,3,7276,6,2.6558363,11.38077,[182864 195440  20817],[<NA> <NA> <NA>],[<NA> <NA> <NA>],302955
267307,2020-09-28 22:45:25.169607+00:00,True,478.2493,89105179168917490,864691135948123745,14629,2024-12-18 19:01:15.716093+00:00,True,267307,5,3,7285,6,6.819227,8.378992,[177120 197456  22127],[<NA> <NA> <NA>],[<NA> <NA> <NA>],267307
267194,2020-09-28 22:43:46.858914+00:00,True,610.60974,88894141588921425,864691135977666883,14652,2024-12-18 19:01:15.728631+00:00,True,267194,5,3,7312,6,7.725707,4.899789,[175264 198256  21776],[<NA> <NA> <NA>],[<NA> <NA> <NA>],267194
267180,2020-09-28 22:44:43.846159+00:00,True,277.3777,88331054129432794,864691135570135020,14673,2024-12-18 19:01:15.740186+00:00,True,267180,5,3,7339,6,2.8301873,6.6349206,[171440 196976  21279],[<NA> <NA> <NA>],[<NA> <NA> <NA>],267180
302972,2020-09-28 22:45:24.922838+00:00,True,452.144,90371403979164500,864691135465503813,14688,2024-12-18 19:01:15.748340+00:00,True,302972,5,3,7355,6,6.5438886,11.851669,[186272 194272  20412],[<NA> <NA> <NA>],[<NA> <NA> <NA>],302972
267261,2020-09-28 22:44:52.130423+00:00,True,292.23978,88119741872481362,864691136177129478,14701,2024-12-18 19:01:15.755701+00:00,True,267261,5,3,7368,6,5.206849,9.658595,[170016 195360  22108],[<NA> <NA> <NA>],[<NA> <NA> <NA>],267261
301122,2020-09-28 22:43:18.694116+00:00,True,392.89948,91285854190229262,864691135430346544,14765,2024-12-18 19:01:15.790605+00:00,True,301122,5,3,7441,6,10.64888,10.117192,[192896 192032  21367],[<NA> <NA> <NA>],[<NA> <NA> <NA>],301122
303144,2020-09-28 22:45:24.876689+00:00,True,447.73148,90231147795286753,864691135640544571,14818,2024-12-18 19:01:15.819781+00:00,True,303144,5,3,7500,6,12.048287,2.9312851,[185264 198192  22188],[<NA> <NA> <NA>],[<NA> <NA> <NA>],303144
307236,2020-09-28 22:44:21.484964+00:00,True,245.21687,91360964913621525,864691135731707065,15024,2024-12-18 19:01:17.954159+00:00,True,307236,5,3,8477,8,11.664361,3.8575337,[193120 227456  23700],[<NA> <NA> <NA>],[<NA> <NA> <NA>],307236
306954,2020-09-28 22:40:57.205519+00:00,True,263.0574,89602295863921793,864691136057790424,15031,2024-12-18 19:01:17.958803+00:00,True,306954,5,3,8486,8,3.0227544,4.087587,[180544 231616  22405],[<NA> <NA> <NA>],[<NA> <NA> <NA>],306954
271695,2020-09-28 22:44:57.305406+00:00,True,300.17618,89039483349206591,864691135809456669,15032,2024-12-18 19:01:17.959404+00:00,True,271695,5,3,8487,8,5.5755954,5.050128,[176464 232480  22174],[<NA> <NA> <NA>],[<NA> <NA> <NA>],271695
307077,2020-09-28 22:44:41.665809+00:00,True,273.8907,89742827327621719,864691135764946742,15033,2024-12-18 19:01:17.959969+00:00,True,307077,5,3,8488,8,6.1689253,4.4322696,[181664 230080  23045],[<NA> <NA> <NA>],[<NA> <NA> <NA>],307077
307206,2020-09-28 22:45:15.559125+00:00,True,349.28574,90446789714786974,864691135726340523,15034,2024-12-18 19:01:17.960543+00:00,True,307206,5,3,8489,8,9.106914,6.7183824,[186800 231712  23884],[<NA> <NA> <NA>],[<NA> <NA> <NA>],307206
271687,2020-09-28 22:44:38.314291+00:00,True,269.44373,88898196104952629,864691135083577335,15045,2024-12-18 19:01:17.966824+00:00,True,271687,5,3,8502,8,10.802473,-1.2857256,[175216 228528  22110],[<NA> <NA> <NA>],[<NA> <NA> <NA>],271687
271770,2020-09-28 22:45:02.786535+00:00,True,311.30582,88898745994932129,864691135763491126,15046,2024-12-18 19:01:17.967362+00:00,True,271770,5,3,8503,8,3.8278046,5.203915,[175344 232624  23084],[<NA> <NA> <NA>],[<NA> <NA> <NA>],271770
307069,2020-09-28 22:41:08.992943+00:00,True,299.53705,91783451988374696,864691135469807954,15091,2024-12-18 19:01:17.992006+00:00,True,307069,5,3,8551,8,3.5144942,5.613393,[196384 229168  21891],[<NA> <NA> <NA>],[<NA> <NA> <NA>],307069
306940,2020-09-28 22:41:22.485649+00:00,True,249.07251,91572277036061741,864691137055253878,15240,2024-12-18 19:01:18.074379+00:00,True,306940,5,3,8716,8,6.9464436,8.249655,[194624 228624  21593],[<NA> <NA> <NA>],[<NA> <NA> <NA>],306940
271881,2020-09-28 22:44:51.877204+00:00,True,291.36798,88969183459058405,864691135725838763,15250,2024-12-18 19:01:18.079891+00:00,True,271881,5,3,8728,8,3.8744156,4.257415,[176016 233024  23451],[<NA> <NA> <NA>],[<NA> <NA> <NA>],271881
292678,2020-09-28 22:44:51.773554+00:00,True,291.02423,90995376894956609,864691135431654960,15758,2024-12-18 19:01:18.368396+00:00,True,292678,5,4,1836,2,2.934827,6.7049413,[190720 125072  20809],[<NA> <NA> <NA>],[<NA> <NA> <NA>],292678
292881,2020-09-28 22:45:11.493129+00:00,True,334.05533,91065264737038206,864691135861093992,15759,2024-12-18 19:01:18.368931+00:00,True,292881,5,4,1837,2,6.4516163,6.4894195,[191312 121536  21896],[<NA> <NA> <NA>],[<NA> <NA> <NA>],292881
292637,2020-09-28 22:43:28.126391+00:00,True,365.39908,89728945658014978,864691135164887853,15778,2024-12-18 19:01:18.379418+00:00,True,292637,5,4,1860,2,3.9741724,11.7552595,[181792 126416  20682],[<NA> <NA> <NA>],[<NA> <NA> <NA>],292637
292856,2020-09-28 22:45:03.517654+00:00,True,315.20703,90643464655836537,864691135102381856,15779,2024-12-18 19:01:18.379950+00:00,True,292856,5,4,1861,2,7.343114,4.29872,[187968 124368  22306],[<NA> <NA> <NA>],[<NA> <NA> <NA>],292856
292713,2020-09-28 22:43:04.595636+00:00,True,320.97418,89869202244320518,864691136034011579,15780,2024-12-18 19:01:18.380533+00:00,True,292713,5,4,1862,2,5.4046483,5.5890117,[182592 122624  21768],[<NA> <NA> <NA>],[<NA> <NA> <NA>],292713
256331,2020-09-28 22:41:57.363732+00:00,True,390.15628,88743783172412796,864691135469753426,15798,2024-12-18 19:01:18.391855+00:00,True,256331,5,4,1884,2,2.9969032,9.133229,[174224 126496  20149],[<NA> <NA> <NA>],[<NA> <NA> <NA>],256331
258216,2020-09-28 22:45:15.386605+00:00,True,347.8007,88392145676956508,864691135838916755,15799,2024-12-18 19:01:18.392394+00:00,True,258216,5,4,1885,2,10.9501,1.6899,[171648 127904  20594],[<NA> <NA> <NA>],[<NA> <NA> <NA>],258216
256451,2020-09-28 22:44:52.091440+00:00,True,292.11343,88884245783044551,864691135271038885,15800,2024-12-18 19:01:18.392928+00:00,True,256451,5,4,1886,2,11.107524,2.1304717,[175344 124288  20315],[<NA> <NA> <NA>],[<NA> <NA> <NA>],256451
258224,2020-09-28 22:43:41.359783+00:00,True,286.78455,88673551934622228,864691136091634487,15801,2024-12-18 19:01:18.393475+00:00,True,258224,5,4,1887,2,5.66607,5.73373,[173808 127488  20965],[<NA> <NA> <NA>],[<NA> <NA> <NA>],258224
256652,2020-09-28 22:41:05.162368+00:00,True,215.14142,89236364649948938,864691135939477508,15802,2024-12-18 19:01:18.394015+00:00,True,256652,5,4,1888,2,9.715561,4.4745445,[178192 126320  22102],[<NA> <NA> <NA>],[<NA> <NA> <NA>],256652
256647,2020-09-28 22:41:26.710351+00:00,True,315.80685,89095352350782638,864691135784960307,15806,2024-12-18 19:01:18.396305+00:00,True,256647,5,4,1892,2,4.2555037,11.404323,[176880 124240  22591],[<NA> <NA> <NA>],[<NA> <NA> <NA>],256647
256600,2020-09-28 22:43:14.471646+00:00,True,289.60718,88040027279617201,864691136906067890,15831,2024-12-18 19:01:18.409820+00:00,True,256600,5,4,1919,2,5.1837087,8.196761,[169008 125872  22242],[<NA> <NA> <NA>],[<NA> <NA> <NA>],256600
256602,2020-09-28 22:41:40.109977+00:00,True,193.77684,87969795974184791,864691135919756208,15833,2024-12-18 19:01:18.411028+00:00,True,256602,5,4,1921,2,7.02698,1.32682,[168512 126896  22073],[<NA> <NA> <NA>],[<NA> <NA> <NA>],256602
292708,2020-09-28 22:44:41.913076+00:00,True,274.53717,89658164731009154,864691135993150913,15940,2024-12-18 19:01:18.469731+00:00,True,292708,5,4,2033,2,6.028913,2.5723436,[181136 123120  21543],[<NA> <NA> <NA>],[<NA> <NA> <NA>],292708
292871,2020-09-28 22:41:49.658793+00:00,True,362.73538,90994964779484105,864691135577644574,15947,2024-12-18 19:01:18.473482+00:00,True,292871,5,4,2040,2,5.3996263,3.9981148,[190656 121840  22429],[<NA> <NA> <NA>],[<NA> <NA> <NA>],292871
256552,2020-09-28 22:43:42.946507+00:00,True,317.80618,89376827126485917,864691135567047191,16045,2024-12-18 19:01:20.649401+00:00,True,256552,5,4,2141,2,4.733756,5.696196,[178976 124432  21326],[<NA> <NA> <NA>],[<NA> <NA> <NA>],256552
256465,2020-09-28 22:40:46.944041+00:00,True,371.07434,89376964498407119,864691134942472035,16095,2024-12-18 19:01:20.676944+00:00,True,256465,5,4,2194,2,4.3622556,8.58525,[178896 125216  20864],[<NA> <NA> <NA>],[<NA> <NA> <NA>],256465
256551,2020-09-28 22:41:53.632833+00:00,True,267.23172,89377102071272275,864691135801163874,16111,2024-12-18 19:01:20.685714+00:00,True,256551,5,4,2210,2,7.9672165,3.512692,[178736 126432  21628],[<NA> <NA> <NA>],[<NA> <NA> <NA>],256551
256525,2020-09-28 22:42:22.606967+00:00,True,292.35315,88462308329875985,864691135942611316,16130,2024-12-18 19:01:20.696297+00:00,True,256525,5,4,2231,2,3.2694678,8.465349,[172224 126656  21141],[<NA> <NA> <NA>],[<NA> <NA> <NA>],256525
256509,2020-09-28 22:45:19.316412+00:00,True,370.79907,87969314803969367,864691135304641703,16223,2024-12-18 19:01:20.747891+00:00,True,256509,5,4,2338,2,9.830383,2.7235787,[168672 123472  21315],[<NA> <NA> <NA>],[<NA> <NA> <NA>],256509
292747,2020-09-28 22:45:17.792811+00:00,True,363.36008,90994689767351820,864691136177629702,16253,2024-12-18 19:01:20.764393+00:00,True,292747,5,4,2371,2,15.480526,1.4691863,[190944 119728  21397],[<NA> <NA> <NA>],[<NA> <NA> <NA>],292747
292655,2020-09-28 22:45:02.948344+00:00,True,312.15042,90291620666751536,864691135343818161,16319,2024-12-18 19:01:20.800942+00:00,True,292655,5,4,2445,2,6.033095,7.2547455,[185872 124320  20463],[<NA> <NA> <NA>],[<NA> <NA> <NA>],292655
292822,2020-09-28 22:44:41.633888+00:00,True,273.76337,89587589895595217,864691135447994514,16354,2024-12-18 19:01:20.820457+00:00,True,292822,5,4,2486,2,8.498467,5.5697794,[180768 121968  22131],[<NA> <NA> <NA>],[<NA> <NA> <NA>],292822
292682,2020-09-28 22:45:07.972448+00:00,True,324.14893,91135839505279120,864691135577617694,16355,2024-12-18 19:01:20.821005+00:00,True,292682,5,4,2487,2,10.057026,0.7557259,[191648 122832  20723],[<NA> <NA> <NA>],[<NA> <NA> <NA>],292682
292643,2020-09-28 22:43:37.877054+00:00,True,325.3818,89799245615834818,864691136968542926,16374,2024-12-18 19:01:20.831790+00:00,True,292643,5,4,2508,2,2.8525584,10.054718,[182224 125968  20346],[<NA> <NA> <NA>],[<NA> <NA> <NA>],292643
292575,2020-09-28 22:41:02.856972+00:00,True,355.9165,90432701752255117,864691135774368763,16386,2024-12-18 19:01:20.838405+00:00,True,292575,5,4,2521,2,5.6557713,6.1540513,[186528 126944  20248],[<NA> <NA> <NA>],[<NA> <NA> <NA>],292575
256675,2020-09-28 22:41:02.932206+00:00,True,332.57373,89517564749196973,864691136380312021,16406,2024-12-18 19:01:20.849365+00:00,True,256675,5,4,2543,2,8.180256,2.579081,[179984 124320  22475],[<NA> <NA> <NA>],[<NA> <NA> <NA>],256675
292740,2020-09-28 22:41:25.978644+00:00,True,370.06885,90572683527737052,864691136421279639,16448,2024-12-18 19:01:20.872643+00:00,True,292740,5,4,2588,2,8.933578,0.22023627,[187824 121040  21834],[<NA> <NA> <NA>],[<NA> <NA> <NA>],292740
256516,2020-09-28 22:41:03.150150+00:00,True,259.58826,88251064725641695,864691136524172689,16529,2024-12-18 19:01:20.917252+00:00,True,256516,5,4,2683,2,5.6117883,5.934928,[171024 125472  21780],[<NA> <NA> <NA>],[<NA> <NA> <NA>],256516
296419,2020-09-28 22:43:41.636040+00:00,True,289.59866,90859106105350713,864691136118921124,16994,2024-12-18 19:01:21.173689+00:00,True,296419,5,4,4662,4,4.416118,10.571105,[189840 157952  20196],[<NA> <NA> <NA>],[<NA> <NA> <NA>],296419
296687,2020-09-28 22:41:24.499033+00:00,True,280.61304,91281112613403048,864691135277501669,16996,2024-12-18 19:01:21.174765+00:00,True,296687,5,4,4664,4,3.6711795,7.702953,[192880 156384  21831],[<NA> <NA> <NA>],[<NA> <NA> <NA>],296687
298805,2020-09-28 22:44:02.479936+00:00,True,208.91386,90437237237879675,864691136927801674,17023,2024-12-18 19:01:23.216777+00:00,True,298805,5,4,4698,4,7.2842364,3.5976613,[186640 160640  20393],[<NA> <NA> <NA>],[<NA> <NA> <NA>],298805
296533,2020-09-28 22:42:30.084993+00:00,True,278.92612,90577699915274813,864691136274488254,17025,2024-12-18 19:01:23.217852+00:00,True,296533,5,4,4700,4,5.391813,4.4138417,[187456 158496  20752],[<NA> <NA> <NA>],[<NA> <NA> <NA>],296533
296513,2020-09-28 22:40:57.174169+00:00,True,293.75644,90084706389313776,864691135725842603,17026,2024-12-18 19:01:23.218392+00:00,True,296513,5,4,4701,4,13.826306,-0.8429326,[184160 155568  20856],[<NA> <NA> <NA>],[<NA> <NA> <NA>],296513
296779,2020-09-28 22:44:34.290250+00:00,True,263.45963,90718300099050675,864691135280682401,17027,2024-12-18 19:01:23.218932+00:00,True,296779,5,4,4702,4,1.3760544,14.296189,[188592 157600  21926],[<NA> <NA> <NA>],[<NA> <NA> <NA>],296779
296731,2020-09-28 22:42:39.591513+00:00,True,234.08968,89803712649970203,864691135466236229,17028,2024-12-18 19:01:23.219480+00:00,True,296731,5,4,4703,4,6.2641025,7.0674872,[181840 159280  22182],[<NA> <NA> <NA>],[<NA> <NA> <NA>],296731
296741,2020-09-28 22:44:04.745710+00:00,True,214.23112,90014269059801118,864691136523081105,17029,2024-12-18 19:01:23.220033+00:00,True,296741,5,4,4704,4,12.675323,0.6784005,[183520 154880  21847],[<NA> <NA> <NA>],[<NA> <NA> <NA>],296741
296619,2020-09-28 22:44:43.617497+00:00,True,276.68643,90084637737006373,864691135741963627,17030,2024-12-18 19:01:23.220583+00:00,True,296619,5,4,4705,4,12.6645,1.7346,[184288 155056  21455],[<NA> <NA> <NA>],[<NA> <NA> <NA>],296619
296734,2020-09-28 22:41:28.645395+00:00,True,258.0893,89803162961130659,864691135760106830,17031,2024-12-18 19:01:23.221150+00:00,True,296734,5,4,4706,4,9.850877,2.368926,[181920 154880  22579],[<NA> <NA> <NA>],[<NA> <NA> <NA>],296734
296750,2020-09-28 22:41:14.919686+00:00,True,194.14565,90225856462565231,864691135480916422,17033,2024-12-18 19:01:23.222249+00:00,True,296750,5,4,4708,4,6.984637,8.28789,[185056 158720  22583],[<NA> <NA> <NA>],[<NA> <NA> <NA>],296750
260303,2020-09-28 22:41:06.714455+00:00,True,310.56937,88396406217513570,864691134966714655,17054,2024-12-18 19:01:23.233754+00:00,True,260303,5,4,4732,4,5.2107687,9.491237,[171760 159584  20144],[<NA> <NA> <NA>],[<NA> <NA> <NA>],260303
260552,2020-09-28 22:40:42.745779+00:00,True,230.1118,89170256379033022,864691135778954848,17055,2024-12-18 19:01:23.234300+00:00,True,260552,5,4,4733,4,7.9394474,2.2787905,[177408 157968  21002],[<NA> <NA> <NA>],[<NA> <NA> <NA>],260552
260625,2020-09-28 22:41:24.276910+00:00,True,252.38635,88888987628025797,864691136043283030,17056,2024-12-18 19:01:23.234828+00:00,True,260625,5,4,4734,4,3.7291796,3.8137097,[175328 159648  21658],[<NA> <NA> <NA>],[<NA> <NA> <NA>],260625
260648,2020-09-28 22:41:51.927066+00:00,True,235.5418,89451868861833821,864691135765013302,17057,2024-12-18 19:01:23.235364+00:00,True,260648,5,4,4735,4,3.0274084,9.820292,[179264 159232  21546],[<NA> <NA> <NA>],[<NA> <NA> <NA>],260648
260729,2020-09-28 22:43:27.899825+00:00,True,255.80847,89029175428032517,864691135611019015,17058,2024-12-18 19:01:23.235886+00:00,True,260729,5,4,4736,4,10.123434,1.5707488,[176544 155584  22495],[<NA> <NA> <NA>],[<NA> <NA> <NA>],260729
260855,2020-09-28 22:40:57.339909+00:00,True,253.88908,89521756703842154,864691134949081852,17059,2024-12-18 19:01:23.236469+00:00,True,260855,5,4,4737,4,7.02114,3.573638,[180064 155744  22537],[<NA> <NA> <NA>],[<NA> <NA> <NA>],260855
262885,2020-09-28 22:44:13.366459+00:00,True,229.54147,88115000161884759,864691135389195393,17080,2024-12-18 19:01:23.248001+00:00,True,262885,5,4,4760,4,5.510654,2.8524003,[170016 160336  21960],[<NA> <NA> <NA>],[<NA> <NA> <NA>],262885
260689,2020-09-28 22:41:56.196256+00:00,True,239.80933,87973850423757514,864691136975624220,17085,2024-12-18 19:01:23.250804+00:00,True,260689,5,4,4765,4,6.89918,0.9907,[168752 157248  22441],[<NA> <NA> <NA>],[<NA> <NA> <NA>],260689
296784,2020-09-28 22:43:02.136967+00:00,True,236.5078,90929406398758623,864691135101521952,17225,2024-12-18 19:01:23.334931+00:00,True,296784,5,4,4914,4,3.3600733,4.9758987,[190064 157424  22482],[<NA> <NA> <NA>],[<NA> <NA> <NA>],296784
262654,2020-09-28 22:44:07.649412+00:00,True,220.43803,88255943607399568,864691135474504498,17264,2024-12-18 19:01:23.356742+00:00,True,262654,5,4,4958,4,7.417281,1.6795332,[170560 161920  20443],[<NA> <NA> <NA>],[<NA> <NA> <NA>],262654
260742,2020-09-28 22:40:51.674113+00:00,True,224.40886,89240762696564988,864691136006519498,17350,2024-12-18 19:01:23.404684+00:00,True,260742,5,4,5045,4,3.2128358,8.996996,[178096 158944  22197],[<NA> <NA> <NA>],[<NA> <NA> <NA>],260742
260612,2020-09-28 22:44:20.768554+00:00,True,242.72813,88396131540864276,864691135659566210,17369,2024-12-18 19:01:23.415255+00:00,True,260612,5,4,5065,4,6.2182937,2.7888205,[171952 157568  21637],[<NA> <NA> <NA>],[<NA> <NA> <NA>],260612
260651,2020-09-28 22:41:16.528490+00:00,True,323.83893,89521962661190141,864691135751110185,17435,2024-12-18 19:01:23.451469+00:00,True,260651,5,4,5133,4,6.3925138,7.566266,[180016 157312  21177],[<NA> <NA> <NA>],[<NA> <NA> <NA>],260651
260628,2020-09-28 22:41:05.271943+00:00,True,288.27762,88889056280708012,864691135375888840,17455,2024-12-18 19:01:23.462699+00:00,True,260628,5,4,5155,4,7.68222,1.26823,[175328 160160  21416],[<NA> <NA> <NA>],[<NA> <NA> <NA>],260628
260617,2020-09-28 22:41:24.496258+00:00,True,243.63057,88396475071099877,864691136275894285,17466,2024-12-18 19:01:23.468861+00:00,True,260617,5,4,5167,4,1.6568362,13.998812,[171728 159968  21088],[<NA> <NA> <NA>],[<NA> <NA> <NA>],260617
260533,2020-09-28 22:42:33.676101+00:00,True,230.31808,88748181285875568,864691136177799686,17528,2024-12-18 19:01:23.505211+00:00,True,260533,5,4,5241,4,3.867433,3.3753133,[174272 159248  20540],[<NA> <NA> <NA>],[<NA> <NA> <NA>],260533
296602,2020-09-28 22:44:13.902897+00:00,True,231.86128,89662494058008468,864691136034181307,17557,2024-12-18 19:01:23.521051+00:00,True,296602,5,4,5274,4,12.259858,-2.2585754,[180832 155424  21522],[<NA> <NA> <NA>],[<NA> <NA> <NA>],296602
262893,2020-09-28 22:44:38.518011+00:00,True,269.9962,88396475205406121,864691135124603687,17581,2024-12-18 19:01:23.534218+00:00,True,262893,5,4,5302,4,5.687262,3.7349749,[172032 160176  22201],[<NA> <NA> <NA>],[<NA> <NA> <NA>],262893
296546,2020-09-28 22:44:55.708382+00:00,True,298.08542,90929406197281411,864691136524297617,17721,2024-12-18 19:01:23.611108+00:00,True,296546,5,4,5462,4,3.0503418,8.94593,[190032 157648  20811],[<NA> <NA> <NA>],[<NA> <NA> <NA>],296546
296508,2020-09-28 22:40:52.915390+00:00,True,301.57816,89803781168041578,864691135294520844,17749,2024-12-18 19:01:23.626594+00:00,True,296508,5,4,5498,4,2.801075,10.902209,[182160 159936  20563],[<NA> <NA> <NA>],[<NA> <NA> <NA>],296508
303158,2020-09-28 22:44:28.448327+00:00,True,254.51955,90652741784873644,864691136010027182,18050,2024-12-18 19:01:25.965437+00:00,True,303158,5,4,6899,6,6.339955,8.367865,[188384 193616  22031],[<NA> <NA> <NA>],[<NA> <NA> <NA>],303158
303086,2020-09-28 22:43:29.373612+00:00,True,284.50095,90652672998553029,864691136314485053,18051,2024-12-18 19:01:25.965970+00:00,True,303086,5,4,6900,6,5.500891,1.1001338,[188176 192800  21719],[<NA> <NA> <NA>],[<NA> <NA> <NA>],303086
303138,2020-09-28 22:44:59.003714+00:00,True,303.32617,90019354368195581,864691136967478222,18052,2024-12-18 19:01:25.966517+00:00,True,303138,5,4,6901,6,3.8582149,14.308025,[183680 193040  22367],[<NA> <NA> <NA>],[<NA> <NA> <NA>],303138
264851,2020-09-28 22:41:30.199915+00:00,True,460.66254,89526566732225945,864691136742470492,18064,2024-12-18 19:01:25.973458+00:00,True,264851,5,4,6915,6,8.014991,8.586852,[180080 191680  20393],[<NA> <NA> <NA>],[<NA> <NA> <NA>],264851
264843,2020-09-28 22:43:20.616861+00:00,True,402.70822,89245091822286947,864691136086206316,18065,2024-12-18 19:01:25.974002+00:00,True,264843,5,4,6916,6,10.565551,6.718626,[178032 191184  20658],[<NA> <NA> <NA>],[<NA> <NA> <NA>],264843
267207,2020-09-28 22:42:50.612003+00:00,True,283.5197,89456404347350172,864691135942163201,18066,2024-12-18 19:01:25.974532+00:00,True,267207,5,4,6917,6,8.023894,-3.9529781,[179456 192960  21578],[<NA> <NA> <NA>],[<NA> <NA> <NA>],267207
301188,2020-09-28 22:41:00.735531+00:00,True,243.4841,89596935811480209,864691135294480310,18067,2024-12-18 19:01:25.975088+00:00,True,301188,5,4,6918,6,4.109445,6.007191,[180288 191664  22600],[<NA> <NA> <NA>],[<NA> <NA> <NA>],301188
267008,2020-09-28 22:45:25.180158+00:00,True,479.08963,88049510366229524,864691134887444730,18079,2024-12-18 19:01:25.981777+00:00,True,267008,5,4,6932,6,8.913321,6.549249,[169216 196416  20820],[<NA> <NA> <NA>],[<NA> <NA> <NA>],267008
267183,2020-09-28 22:43:37.801280+00:00,True,455.04218,88401422940721723,864691134941063523,18080,2024-12-18 19:01:25.982322+00:00,True,267183,5,4,6933,6,11.7726555,4.7891293,[171952 196880  21777],[<NA> <NA> <NA>],[<NA> <NA> <NA>],267183
267165,2020-09-28 22:44:57.547080+00:00,True,301.18298,88119947897177369,864691135464263742,18081,2024-12-18 19:01:25.982862+00:00,True,267165,5,4,6934,6,10.595074,3.9265966,[169792 196864  21504],[<NA> <NA> <NA>],[<NA> <NA> <NA>],267165
301122,2020-09-28 22:43:18.694116+00:00,True,392.89948,91285854190229262,864691135430346544,18175,2024-12-18 19:01:26.035039+00:00,True,301122,5,4,7039,6,2.889511,16.364805,[192896 192032  21367],[<NA> <NA> <NA>],[<NA> <NA> <NA>],301122
303046,2020-09-28 22:45:23.531531+00:00,True,427.76166,90089860483870716,864691136362774498,18200,2024-12-18 19:01:26.048639+00:00,True,303046,5,4,7066,6,5.8488054,8.519281,[184352 194032  21557],[<NA> <NA> <NA>],[<NA> <NA> <NA>],303046
302955,2020-09-28 22:45:25.587619+00:00,True,612.8663,89949329020077684,864691135324963484,18285,2024-12-18 19:01:26.095497+00:00,True,302955,5,4,7155,6,9.054858,5.761314,[182864 195440  20817],[<NA> <NA> <NA>],[<NA> <NA> <NA>],302955
265045,2020-09-28 22:41:22.169095+00:00,True,368.40457,89245092023510260,864691136437631902,18292,2024-12-18 19:01:26.099400+00:00,True,265045,5,4,7163,6,7.399503,11.23738,[178112 191344  22109],[<NA> <NA> <NA>],[<NA> <NA> <NA>],265045
302972,2020-09-28 22:45:24.922838+00:00,True,452.144,90371403979164500,864691135465503813,18317,2024-12-18 19:01:26.113168+00:00,True,302972,5,4,7188,6,5.5771966,8.650464,[186272 194272  20412],[<NA> <NA> <NA>],[<NA> <NA> <NA>],302972
267194,2020-09-28 22:43:46.858914+00:00,True,610.60974,88894141588921425,864691135977666883,18380,2024-12-18 19:01:26.148043+00:00,True,267194,5,4,7265,6,16.6434,1.877,[175264 198256  21776],[<NA> <NA> <NA>],[<NA> <NA> <NA>],267194
303035,2020-09-28 22:43:28.265348+00:00,True,497.98776,89738016763137206,864691135456207722,18385,2024-12-18 19:01:26.150862+00:00,True,303035,5,4,7270,6,13.735981,-1.4359981,[181632 193824  21686],[<NA> <NA> <NA>],[<NA> <NA> <NA>],303035
267168,2020-09-28 22:45:17.118560+00:00,True,355.4694,88330710531955625,864691135212078784,18433,2024-12-18 19:01:26.177626+00:00,True,267168,5,4,7320,6,2.3362696,5.9471273,[171232 194720  21159],[<NA> <NA> <NA>],[<NA> <NA> <NA>],267168
267260,2020-09-28 22:45:05.422628+00:00,True,316.22513,88119535714331821,864691135877954899,18446,2024-12-18 19:01:26.184728+00:00,True,267260,5,4,7335,6,6.17226,9.038874,[169824 194160  22359],[<NA> <NA> <NA>],[<NA> <NA> <NA>],267260
266869,2020-09-28 22:42:48.535808+00:00,True,285.38947,88682416679757238,864691136195652328,18461,2024-12-18 19:01:26.192890+00:00,True,266869,5,4,7352,6,13.2757,7.8566,[173648 193520  20245],[<NA> <NA> <NA>],[<NA> <NA> <NA>],266869
303032,2020-09-28 22:45:25.399952+00:00,True,520.90533,89667716671269769,864691135756148685,18499,2024-12-18 19:01:26.213682+00:00,True,303032,5,4,7397,6,5.6696634,11.404174,[181184 194560  21112],[<NA> <NA> <NA>],[<NA> <NA> <NA>],303032
306933,2020-09-28 22:41:30.317545+00:00,True,253.83633,91220433315260453,864691135276189669,18790,2024-12-18 19:01:26.377539+00:00,True,306933,5,4,8524,8,4.9919806,4.6613145,[192384 228832  21650],[<NA> <NA> <NA>],[<NA> <NA> <NA>],306933
307139,2020-09-28 22:44:24.471635+00:00,True,248.33672,91361239657215648,864691135257689519,18791,2024-12-18 19:01:26.378092+00:00,True,307139,5,4,8525,8,7.685811,4.5670505,[193472 229440  22605],[<NA> <NA> <NA>],[<NA> <NA> <NA>],307139
307135,2020-09-28 22:44:36.441107+00:00,True,267.03363,91150270864061892,864691135839499155,18792,2024-12-18 19:01:26.378631+00:00,True,307135,5,4,8526,8,8.294168,5.3984976,[191712 230256  22994],[<NA> <NA> <NA>],[<NA> <NA> <NA>],307135
271577,2020-09-28 22:43:16.146247+00:00,True,256.30655,89390914685996280,864691136177127174,18802,2024-12-18 19:01:26.383981+00:00,True,271577,5,4,8539,8,5.8752055,6.004581,[179216 229440  21542],[<NA> <NA> <NA>],[<NA> <NA> <NA>],271577
307077,2020-09-28 22:44:41.665809+00:00,True,273.8907,89742827327621719,864691135764946742,18803,2024-12-18 19:01:26.384662+00:00,True,307077,5,4,8540,8,3.37427,5.0084,[181664 230080  23045],[<NA> <NA> <NA>],[<NA> <NA> <NA>],307077
271774,2020-09-28 22:44:38.673344+00:00,True,270.5118,88898196172408828,864691135801376610,18816,2024-12-18 19:01:26.391660+00:00,True,271774,5,4,8555,8,1.8560101,10.867927,[175392 228496  22919],[<NA> <NA> <NA>],[<NA> <NA> <NA>],271774
307153,2020-09-28 22:41:38.260813+00:00,True,306.16583,91783108525129788,864691135562519009,18882,2024-12-18 19:01:26.428201+00:00,True,307153,5,4,8623,8,4.3132844,7.66479,[196192 226576  22796],[<NA> <NA> <NA>],[<NA> <NA> <NA>],307153
306940,2020-09-28 22:41:22.485649+00:00,True,249.07251,91572277036061741,864691137055253878,18934,2024-12-18 19:01:26.456812+00:00,True,306940,5,4,8682,8,5.49905,7.963632,[194624 228624  21593],[<NA> <NA> <NA>],[<NA> <NA> <NA>],306940
271687,2020-09-28 22:44:38.314291+00:00,True,269.44373,88898196104952629,864691135083577335,18958,2024-12-18 19:01:26.470606+00:00,True,271687,5,4,8707,8,5.8868647,9.616658,[175216 228528  22110],[<NA> <NA> <NA>],[<NA> <NA> <NA>],271687
307010,2020-09-28 22:44:06.785337+00:00,True,217.91064,90797946039230986,864691135388545921,18986,2024-12-18 19:01:26.485949+00:00,True,307010,5,4,8737,8,3.3842,4.7964272,[189472 226656  22043],[<NA> <NA> <NA>],[<NA> <NA> <NA>],307010
307236,2020-09-28 22:44:21.484964+00:00,True,245.21687,91360964913621525,864691135731707065,18990,2024-12-18 19:01:26.488123+00:00,True,307236,5,4,8741,8,2.9236562,10.393176,[193120 227456  23700],[<NA> <NA> <NA>],[<NA> <NA> <NA>],307236
305115,2020-09-28 22:41:00.828027+00:00,True,266.25082,91642096024751246,864691137021162094,18993,2024-12-18 19:01:26.489722+00:00,True,305115,5,4,8744,8,8.634014,0.52736354,[195200 224608  21846],[<NA> <NA> <NA>],[<NA> <NA> <NA>],305115
307176,2020-09-28 22:45:22.875268+00:00,True,403.21402,89813058700181820,864691134990435194,19000,2024-12-18 19:01:26.493613+00:00,True,307176,5,4,8751,8,3.2461166,5.714396,[181984 229040  23735],[<NA> <NA> <NA>],[<NA> <NA> <NA>],307176
271686,2020-09-28 22:43:03.948446+00:00,True,254.25903,88828033519701078,864691135477448360,19041,2024-12-18 19:01:28.669344+00:00,True,271686,5,4,8796,8,5.061941,8.192416,[175072 229600  22524],[<NA> <NA> <NA>],[<NA> <NA> <NA>],271686
271561,2020-09-28 22:41:31.887483+00:00,True,346.22244,88968564782277121,864691135688823008,19062,2024-12-18 19:01:28.681057+00:00,True,271561,5,4,8820,8,2.5570896,11.05805,[175984 228336  21826],[<NA> <NA> <NA>],[<NA> <NA> <NA>],271561
292682,2020-09-28 22:45:07.972448+00:00,True,324.14893,91135839505279120,864691135577617694,19617,2024-12-18 19:01:29.002839+00:00,True,292682,5,5,1884,2,5.0524564,6.016026,[191648 122832  20723],[<NA> <NA> <NA>],[<NA> <NA> <NA>],292682
292643,2020-09-28 22:43:37.877054+00:00,True,325.3818,89799245615834818,864691136968542926,19635,2024-12-18 19:01:29.013116+00:00,True,292643,5,5,1905,2,8.402829,3.0070062,[182224 125968  20346],[<NA> <NA> <NA>],[<NA> <NA> <NA>],292643
292709,2020-09-28 22:44:53.428949+00:00,True,293.3678,89728464688927877,864691135361314119,19637,2024-12-18 19:01:29.014391+00:00,True,292709,5,5,1907,2,6.8180285,2.2030199,[181440 122864  21327],[<NA> <NA> <NA>],[<NA> <NA> <NA>],292709
292740,2020-09-28 22:41:25.978644+00:00,True,370.06885,90572683527737052,864691136421279639,19638,2024-12-18 19:01:29.014934+00:00,True,292740,5,5,1908,2,2.2089794,5.554976,[187824 121040  21834],[<NA> <NA> <NA>],[<NA> <NA> <NA>],292740
292860,2020-09-28 22:45:09.989405+00:00,True,331.06805,90643120991617407,864691135726939455,19639,2024-12-18 19:01:29.015492+00:00,True,292860,5,5,1909,2,5.6713533,3.5238152,[188400 121904  22011],[<NA> <NA> <NA>],[<NA> <NA> <NA>],292860
292858,2020-09-28 22:44:25.229424+00:00,True,250.85428,90572271277922317,864691136968585678,19642,2024-12-18 19:01:29.017172+00:00,True,292858,5,5,1912,2,6.9408054,8.668709,[187936 118400  22289],[<NA> <NA> <NA>],[<NA> <NA> <NA>],292858
292824,2020-09-28 22:44:55.653441+00:00,True,297.8847,89728052506249438,864691136275166398,19643,2024-12-18 19:01:29.017706+00:00,True,292824,5,5,1913,2,12.5852,1.2178,[181328 119504  22321],[<NA> <NA> <NA>],[<NA> <NA> <NA>],292824
256331,2020-09-28 22:41:57.363732+00:00,True,390.15628,88743783172412796,864691135469753426,19655,2024-12-18 19:01:29.024380+00:00,True,256331,5,5,1927,2,7.737396,-1.7479758,[174224 126496  20149],[<NA> <NA> <NA>],[<NA> <NA> <NA>],256331
256444,2020-09-28 22:45:19.683176+00:00,True,376.70126,88602564714895205,864691135774179147,19657,2024-12-18 19:01:29.025444+00:00,True,256444,5,5,1929,2,5.353507,4.000775,[173600 122832  20719],[<NA> <NA> <NA>],[<NA> <NA> <NA>],256444
256461,2020-09-28 22:45:00.853353+00:00,True,307.1045,89165583387831328,864691136138583677,19658,2024-12-18 19:01:29.025978+00:00,True,256461,5,5,1930,2,3.1143043,6.3283763,[177376 123408  20764],[<NA> <NA> <NA>],[<NA> <NA> <NA>],256461
256546,2020-09-28 22:41:53.883564+00:00,True,321.1459,89095077338779923,864691136288604355,19659,2024-12-18 19:01:29.026517+00:00,True,256546,5,5,1931,2,2.3845446,12.388013,[176848 122368  21671],[<NA> <NA> <NA>],[<NA> <NA> <NA>],256546
256522,2020-09-28 22:45:17.504975+00:00,True,359.92667,88391252391222587,864691135717163802,19684,2024-12-18 19:01:29.041024+00:00,True,256522,5,5,1960,2,10.6169,-2.3698,[172016 121168  21400],[<NA> <NA> <NA>],[<NA> <NA> <NA>],256522
256620,2020-09-28 22:41:22.295630+00:00,True,292.8019,88742958807397049,864691136312150874,19791,2024-12-18 19:01:29.100978+00:00,True,256620,5,5,2073,2,6.107583,6.497495,[174368 120240  22427],[<NA> <NA> <NA>],[<NA> <NA> <NA>],256620
292708,2020-09-28 22:44:41.913076+00:00,True,274.53717,89658164731009154,864691135993150913,19794,2024-12-18 19:01:29.102610+00:00,True,292708,5,5,2076,2,5.2190337,3.694711,[181136 123120  21543],[<NA> <NA> <NA>],[<NA> <NA> <NA>],292708
292747,2020-09-28 22:45:17.792811+00:00,True,363.36008,90994689767351820,864691136177629702,19869,2024-12-18 19:01:29.144539+00:00,True,292747,5,5,2159,2,8.015838,4.646921,[190944 119728  21397],[<NA> <NA> <NA>],[<NA> <NA> <NA>],292747
292676,2020-09-28 22:45:11.386711+00:00,True,333.4144,90924527114284237,864691135764583990,19892,2024-12-18 19:01:29.157481+00:00,True,292676,5,5,2183,2,10.02239,1.7127019,[190096 121488  20687],[<NA> <NA> <NA>],[<NA> <NA> <NA>],292676
256509,2020-09-28 22:45:19.316412+00:00,True,370.79907,87969314803969367,864691135304641703,19989,2024-12-18 19:01:29.212284+00:00,True,256509,5,5,2284,2,5.5408287,3.2512264,[168672 123472  21315],[<NA> <NA> <NA>],[<NA> <NA> <NA>],256509
292713,2020-09-28 22:43:04.595636+00:00,True,320.97418,89869202244320518,864691136034011579,20006,2024-12-18 19:01:31.321651+00:00,True,292713,5,5,2303,2,4.4217277,7.878656,[182592 122624  21768],[<NA> <NA> <NA>],[<NA> <NA> <NA>],292713
256451,2020-09-28 22:44:52.091440+00:00,True,292.11343,88884245783044551,864691135271038885,20039,2024-12-18 19:01:31.340007+00:00,True,256451,5,5,2338,2,2.4026668,9.221143,[175344 124288  20315],[<NA> <NA> <NA>],[<NA> <NA> <NA>],256451
256437,2020-09-28 22:45:13.591781+00:00,True,342.90894,88321295896427784,864691136604001745,20099,2024-12-18 19:01:31.372967+00:00,True,256437,5,5,2405,2,1.975095,9.140914,[171552 124528  20568],[<NA> <NA> <NA>],[<NA> <NA> <NA>],256437
256521,2020-09-28 22:40:52.918412+00:00,True,342.82275,88391389896949075,864691135398805281,20109,2024-12-18 19:01:31.378856+00:00,True,256521,5,5,2415,2,4.207147,8.005076,[172000 122128  21628],[<NA> <NA> <NA>],[<NA> <NA> <NA>],256521
292881,2020-09-28 22:45:11.493129+00:00,True,334.05533,91065264737038206,864691135861093992,20141,2024-12-18 19:01:31.399677+00:00,True,292881,5,5,2451,2,5.155638,6.311358,[191312 121536  21896],[<NA> <NA> <NA>],[<NA> <NA> <NA>],292881
292655,2020-09-28 22:45:02.948344+00:00,True,312.15042,90291620666751536,864691135343818161,20167,2024-12-18 19:01:31.414669+00:00,True,292655,5,5,2480,2,4.6204267,9.136912,[185872 124320  20463],[<NA> <NA> <NA>],[<NA> <NA> <NA>],292655
256465,2020-09-28 22:40:46.944041+00:00,True,371.07434,89376964498407119,864691134942472035,20172,2024-12-18 19:01:31.417563+00:00,True,256465,5,5,2487,2,7.7089906,2.8366504,[178896 125216  20864],[<NA> <NA> <NA>],[<NA> <NA> <NA>],256465
292678,2020-09-28 22:44:51.773554+00:00,True,291.02423,90995376894956609,864691135431654960,20189,2024-12-18 19:01:31.426850+00:00,True,292678,5,5,2505,2,8.91027,-2.69433,[190720 125072  20809],[<NA> <NA> <NA>],[<NA> <NA> <NA>],292678
292822,2020-09-28 22:44:41.633888+00:00,True,273.76337,89587589895595217,864691135447994514,20346,2024-12-18 19:01:31.513945+00:00,True,292822,5,5,2681,2,3.126471,6.6051364,[180768 121968  22131],[<NA> <NA> <NA>],[<NA> <NA> <NA>],292822
256550,2020-09-28 22:42:25.921109+00:00,True,391.63165,89305839907142592,864691135060651419,20367,2024-12-18 19:01:31.525881+00:00,True,256550,5,5,2704,2,10.2929,1.9117,[178448 119968  21422],[<NA> <NA> <NA>],[<NA> <NA> <NA>],256550
296687,2020-09-28 22:41:24.499033+00:00,True,280.61304,91281112613403048,864691135277501669,20833,2024-12-18 19:01:31.786368+00:00,True,296687,5,5,4663,4,6.4497967,8.262548,[192880 156384  21831],[<NA> <NA> <NA>],[<NA> <NA> <NA>],296687
296386,2020-09-28 22:41:42.917749+00:00,True,284.70395,90014131419471437,864691136108378073,20852,2024-12-18 19:01:31.796818+00:00,True,296386,5,5,4684,4,10.832823,1.8028696,[183824 154256  20271],[<NA> <NA> <NA>],[<NA> <NA> <NA>],296386
296531,2020-09-28 22:41:44.807488+00:00,True,292.27646,90506850134886584,864691136118686884,20853,2024-12-18 19:01:31.797364+00:00,True,296531,5,5,4685,4,5.4561706,6.1765614,[187088 154912  20886],[<NA> <NA> <NA>],[<NA> <NA> <NA>],296531
296513,2020-09-28 22:40:57.174169+00:00,True,293.75644,90084706389313776,864691135725842603,20854,2024-12-18 19:01:31.797898+00:00,True,296513,5,5,4686,4,3.9791677,5.517921,[184160 155568  20856],[<NA> <NA> <NA>],[<NA> <NA> <NA>],296513
296615,2020-09-28 22:44:52.111935+00:00,True,292.16586,90014131553636285,864691134919403530,20855,2024-12-18 19:01:31.798454+00:00,True,296615,5,5,4687,4,8.678358,0.04109316,[183600 154128  21236],[<NA> <NA> <NA>],[<NA> <NA> <NA>],296615
296779,2020-09-28 22:44:34.290250+00:00,True,263.45963,90718300099050675,864691135280682401,20856,2024-12-18 19:01:31.799011+00:00,True,296779,5,5,4688,4,10.244987,2.774476,[188592 157600  21926],[<NA> <NA> <NA>],[<NA> <NA> <NA>],296779
260303,2020-09-28 22:41:06.714455+00:00,True,310.56937,88396406217513570,864691134966714655,20885,2024-12-18 19:01:31.815205+00:00,True,260303,5,5,4721,4,6.7456136,2.41002,[171760 159584  20144],[<NA> <NA> <NA>],[<NA> <NA> <NA>],260303
260651,2020-09-28 22:41:16.528490+00:00,True,323.83893,89521962661190141,864691135751110185,20887,2024-12-18 19:01:31.816270+00:00,True,260651,5,5,4723,4,4.030273,7.302103,[180016 157312  21177],[<NA> <NA> <NA>],[<NA> <NA> <NA>],260651
260556,2020-09-28 22:41:26.340522+00:00,True,234.13211,89310787642426168,864691135990701056,20888,2024-12-18 19:01:31.816821+00:00,True,260556,5,5,4724,4,1.026207,5.6960273,[178416 156640  20968],[<NA> <NA> <NA>],[<NA> <NA> <NA>],260556
260855,2020-09-28 22:40:57.339909+00:00,True,253.88908,89521756703842154,864691134949081852,20889,2024-12-18 19:01:31.817358+00:00,True,260855,5,5,4725,4,8.75177,3.11533,[180064 155744  22537],[<NA> <NA> <NA>],[<NA> <NA> <NA>],260855
260621,2020-09-28 22:41:51.539305+00:00,True,249.56404,88818275286496247,864691135782506832,20890,2024-12-18 19:01:31.817880+00:00,True,260621,5,5,4726,4,3.0509326,8.715943,[174976 156880  21677],[<NA> <NA> <NA>],[<NA> <NA> <NA>],260621
260729,2020-09-28 22:43:27.899825+00:00,True,255.80847,89029175428032517,864691135611019015,20891,2024-12-18 19:01:31.818416+00:00,True,260729,5,5,4727,4,1.4694426,6.0040097,[176544 155584  22495],[<NA> <NA> <NA>],[<NA> <NA> <NA>],260729
260842,2020-09-28 22:44:06.310495+00:00,True,216.47491,89240144288331867,864691135465113157,20892,2024-12-18 19:01:31.819073+00:00,True,260842,5,5,4728,4,2.268695,6.937921,[178016 154816  22629],[<NA> <NA> <NA>],[<NA> <NA> <NA>],260842
260612,2020-09-28 22:44:20.768554+00:00,True,242.72813,88396131540864276,864691135659566210,20916,2024-12-18 19:01:31.832206+00:00,True,260612,5,5,4756,4,5.0441933,7.4808164,[171952 157568  21637],[<NA> <NA> <NA>],[<NA> <NA> <NA>],260612
260689,2020-09-28 22:41:56.196256+00:00,True,239.80933,87973850423757514,864691136975624220,20917,2024-12-18 19:01:31.832733+00:00,True,260689,5,5,4757,4,4.0691533,8.885747,[168752 157248  22441],[<NA> <NA> <NA>],[<NA> <NA> <NA>],260689
260263,2020-09-28 22:40:42.746658+00:00,True,274.3242,88044356338331571,864691135694415551,21053,2024-12-18 19:01:33.897406+00:00,True,260263,5,5,4902,4,3.77648,10.003659,[169440 158128  20266],[<NA> <NA> <NA>],[<NA> <NA> <NA>],260263
296602,2020-09-28 22:44:13.902897+00:00,True,231.86128,89662494058008468,864691136034181307,21107,2024-12-18 19:01:33.926808+00:00,True,296602,5,5,4959,4,3.0474691,11.117092,[180832 155424  21522],[<NA> <NA> <NA>],[<NA> <NA> <NA>],296602
296741,2020-09-28 22:44:04.745710+00:00,True,214.23112,90014269059801118,864691136523081105,21182,2024-12-18 19:01:33.969916+00:00,True,296741,5,5,5042,4,2.7113934,14.396295,[183520 154880  21847],[<NA> <NA> <NA>],[<NA> <NA> <NA>],296741
296619,2020-09-28 22:44:43.617497+00:00,True,276.68643,90084637737006373,864691135741963627,21224,2024-12-18 19:01:33.994893+00:00,True,296619,5,5,5085,4,4.0593224,9.580135,[184288 155056  21455],[<NA> <NA> <NA>],[<NA> <NA> <NA>],296619
296734,2020-09-28 22:41:28.645395+00:00,True,258.0893,89803162961130659,864691135760106830,21227,2024-12-18 19:01:33.996506+00:00,True,296734,5,5,5088,4,1.7692147,6.494821,[181920 154880  22579],[<NA> <NA> <NA>],[<NA> <NA> <NA>],296734
260632,2020-09-28 22:44:09.731013+00:00,True,223.09781,89099681543539838,864691136012739747,21262,2024-12-18 19:01:34.016089+00:00,True,260632,5,5,5130,4,2.89582,6.65318,[176864 156672  21511],[<NA> <NA> <NA>],[<NA> <NA> <NA>],260632
296761,2020-09-28 22:44:15.531111+00:00,True,234.56071,90436206713993499,864691135939049988,21295,2024-12-18 19:01:34.034257+00:00,True,296761,5,5,5167,4,7.729339,4.4215775,[186720 153056  22293],[<NA> <NA> <NA>],[<NA> <NA> <NA>],296761
296550,2020-09-28 22:44:59.308405+00:00,True,304.6143,91069800088142351,864691135757040082,21391,2024-12-18 19:01:34.090796+00:00,True,296550,5,5,5268,4,6.47012,1.01598,[191136 154912  20725],[<NA> <NA> <NA>],[<NA> <NA> <NA>],296550
260817,2020-09-28 22:43:58.227026+00:00,True,195.36397,88607100468587301,864691136118337956,21460,2024-12-18 19:01:34.130587+00:00,True,260817,5,5,5345,4,3.72873,12.08827,[173104 156464  22608],[<NA> <NA> <NA>],[<NA> <NA> <NA>],260817
260562,2020-09-28 22:41:46.715026+00:00,True,246.28543,89451181466267483,864691136196265704,21466,2024-12-18 19:01:34.134236+00:00,True,260562,5,5,5352,4,11.712578,1.3972921,[179664 154192  20456],[<NA> <NA> <NA>],[<NA> <NA> <NA>],260562
296419,2020-09-28 22:43:41.636040+00:00,True,289.59866,90859106105350713,864691136118921124,21596,2024-12-18 19:01:34.208089+00:00,True,296419,5,5,5498,4,8.122245,4.7325177,[189840 157952  20196],[<NA> <NA> <NA>],[<NA> <NA> <NA>],296419
296724,2020-09-28 22:44:04.816395+00:00,True,214.64137,89521687917427817,864691135347733151,21618,2024-12-18 19:01:34.220078+00:00,True,296724,5,5,5522,4,3.4627626,6.2502527,[180144 154848  22152],[<NA> <NA> <NA>],[<NA> <NA> <NA>],296724
300965,2020-09-28 22:41:20.866603+00:00,True,327.71243,90300279454589805,864691136381294805,21921,2024-12-18 19:01:34.399268+00:00,True,300965,5,5,6946,6,5.8878202,11.447923,[185808 189072  21088],[<NA> <NA> <NA>],[<NA> <NA> <NA>],300965
301106,2020-09-28 22:41:34.864933+00:00,True,291.42892,90792860730994376,864691136336107187,21922,2024-12-18 19:01:34.400105+00:00,True,301106,5,5,6947,6,2.5421846,8.362692,[189472 189024  21637],[<NA> <NA> <NA>],[<NA> <NA> <NA>],301106
303035,2020-09-28 22:43:28.265348+00:00,True,497.98776,89738016763137206,864691135456207722,21936,2024-12-18 19:01:34.407710+00:00,True,303035,5,5,6964,6,13.2808,0.4646,[181632 193824  21686],[<NA> <NA> <NA>],[<NA> <NA> <NA>],303035
301188,2020-09-28 22:41:00.735531+00:00,True,243.4841,89596935811480209,864691135294480310,21937,2024-12-18 19:01:34.408443+00:00,True,301188,5,5,6965,6,7.8090863,6.128214,[180288 191664  22600],[<NA> <NA> <NA>],[<NA> <NA> <NA>],301188
267007,2020-09-28 22:44:38.211122+00:00,True,269.14145,88049579018705047,864691135646292719,21949,2024-12-18 19:01:34.415001+00:00,True,267007,5,5,6980,6,17.9533,-0.0591,[169200 196928  20410],[<NA> <NA> <NA>],[<NA> <NA> <NA>],267007
267260,2020-09-28 22:45:05.422628+00:00,True,316.22513,88119535714331821,864691135877954899,21951,2024-12-18 19:01:34.416094+00:00,True,267260,5,5,6982,6,13.664435,8.409338,[169824 194160  22359],[<NA> <NA> <NA>],[<NA> <NA> <NA>],267260
266869,2020-09-28 22:42:48.535808+00:00,True,285.38947,88682416679757238,864691136195652328,22052,2024-12-18 19:01:36.428535+00:00,True,266869,5,5,7091,6,9.70076,12.07794,[173648 193520  20245],[<NA> <NA> <NA>],[<NA> <NA> <NA>],266869
301122,2020-09-28 22:43:18.694116+00:00,True,392.89948,91285854190229262,864691135430346544,22137,2024-12-18 19:01:36.475139+00:00,True,301122,5,5,7182,6,10.660683,7.431506,[192896 192032  21367],[<NA> <NA> <NA>],[<NA> <NA> <NA>],301122
265045,2020-09-28 22:41:22.169095+00:00,True,368.40457,89245092023510260,864691136437631902,22158,2024-12-18 19:01:36.486958+00:00,True,265045,5,5,7209,6,4.5072765,16.780943,[178112 191344  22109],[<NA> <NA> <NA>],[<NA> <NA> <NA>],265045
265037,2020-09-28 22:41:26.590839+00:00,True,286.28125,89244404829115036,864691136425681967,22219,2024-12-18 19:01:36.520484+00:00,True,265037,5,5,7274,6,16.501728,1.0404038,[178016 186544  22452],[<NA> <NA> <NA>],[<NA> <NA> <NA>],265037
264800,2020-09-28 22:41:00.990395+00:00,True,367.49542,88611429527463360,864691136330122730,22238,2024-12-18 19:01:36.530811+00:00,True,264800,5,5,7296,6,11.6231575,4.3510604,[173552 188832  20819],[<NA> <NA> <NA>],[<NA> <NA> <NA>],264800
264851,2020-09-28 22:41:30.199915+00:00,True,460.66254,89526566732225945,864691136742470492,22291,2024-12-18 19:01:36.559814+00:00,True,264851,5,5,7351,6,2.3941536,9.204927,[180080 191680  20393],[<NA> <NA> <NA>],[<NA> <NA> <NA>],264851
300978,2020-09-28 22:45:03.136492+00:00,True,313.09546,90652123041674381,864691135656579010,22326,2024-12-18 19:01:36.579182+00:00,True,300978,5,5,7387,6,5.562366,7.9135265,[188448 188784  20445],[<NA> <NA> <NA>],[<NA> <NA> <NA>],300978
267207,2020-09-28 22:42:50.612003+00:00,True,283.5197,89456404347350172,864691135942163201,22358,2024-12-18 19:01:36.596894+00:00,True,267207,5,5,7425,6,10.0593,0.9349,[179456 192960  21578],[<NA> <NA> <NA>],[<NA> <NA> <NA>],267207
300897,2020-09-28 22:43:31.886823+00:00,True,504.0793,89596660665540389,864691135362104647,22417,2024-12-18 19:01:36.630048+00:00,True,300897,5,5,7496,6,6.2240653,10.324758,[180336 189568  20921],[<NA> <NA> <NA>],[<NA> <NA> <NA>],300897
300952,2020-09-28 22:44:36.028813+00:00,True,265.69556,90159679337994436,864691136118359716,22438,2024-12-18 19:01:36.641664+00:00,True,300952,5,5,7523,6,1.9026881,14.169299,[184720 190048  20499],[<NA> <NA> <NA>],[<NA> <NA> <NA>],300952
300761,2020-09-28 22:40:49.574043+00:00,True,328.588,89667235500834329,864691135866751870,22441,2024-12-18 19:01:36.643301+00:00,True,300761,5,5,7526,6,6.14966,1.89407,[181072 190672  20169],[<NA> <NA> <NA>],[<NA> <NA> <NA>],300761
306940,2020-09-28 22:41:22.485649+00:00,True,249.07251,91572277036061741,864691137055253878,22701,2024-12-18 19:01:36.787600+00:00,True,306940,5,5,8747,8,9.79026,3.06744,[194624 228624  21593],[<NA> <NA> <NA>],[<NA> <NA> <NA>],306940
305065,2020-09-28 22:42:18.837644+00:00,True,333.98996,90867902466795021,864691135573276197,22702,2024-12-18 19:01:36.788147+00:00,True,305065,5,5,8748,8,7.397722,4.365937,[189520 223920  22237],[<NA> <NA> <NA>],[<NA> <NA> <NA>],305065
305227,2020-09-28 22:42:55.047416+00:00,True,222.75604,90938339997789517,864691135786943684,22703,2024-12-18 19:01:36.788683+00:00,True,305227,5,5,8749,8,7.6491113,6.422978,[190464 224176  22995],[<NA> <NA> <NA>],[<NA> <NA> <NA>],305227
306959,2020-09-28 22:41:54.023060+00:00,True,241.07597,89672046199544062,864691135465583685,22708,2024-12-18 19:01:36.791380+00:00,True,306959,5,5,8756,8,2.4058607,5.9391036,[180976 226640  22579],[<NA> <NA> <NA>],[<NA> <NA> <NA>],306959
271774,2020-09-28 22:44:38.673344+00:00,True,270.5118,88898196172408828,864691135801376610,22716,2024-12-18 19:01:36.795844+00:00,True,271774,5,5,8764,8,6.6956067,3.0445135,[175392 228496  22919],[<NA> <NA> <NA>],[<NA> <NA> <NA>],271774
307109,2020-09-28 22:44:43.717098+00:00,True,276.9584,90445964946838400,864691135809663773,22788,2024-12-18 19:01:36.836150+00:00,True,307109,5,5,8843,8,2.8149662,14.002764,[186544 225824  22828],[<NA> <NA> <NA>],[<NA> <NA> <NA>],307109
305115,2020-09-28 22:41:00.828027+00:00,True,266.25082,91642096024751246,864691137021162094,22819,2024-12-18 19:01:36.853329+00:00,True,305115,5,5,8877,8,2.7930543,12.377595,[195200 224608  21846],[<NA> <NA> <NA>],[<NA> <NA> <NA>],305115
307010,2020-09-28 22:44:06.785337+00:00,True,217.91064,90797946039230986,864691135388545921,22849,2024-12-18 19:01:36.870132+00:00,True,307010,5,5,8908,8,4.071078,5.443024,[189472 226656  22043],[<NA> <NA> <NA>],[<NA> <NA> <NA>],307010
307236,2020-09-28 22:44:21.484964+00:00,True,245.21687,91360964913621525,864691135731707065,22892,2024-12-18 19:01:36.896216+00:00,True,307236,5,5,8952,8,5.1157827,5.646932,[193120 227456  23700],[<NA> <NA> <NA>],[<NA> <NA> <NA>],307236
305113,2020-09-28 22:40:58.745199+00:00,True,315.14377,91641889933457039,864691135562410721,22896,2024-12-18 19:01:36.898646+00:00,True,305113,5,5,8956,8,6.726963,6.3807173,[195152 223072  22410],[<NA> <NA> <NA>],[<NA> <NA> <NA>],305113
271901,2020-09-28 22:41:02.403307+00:00,True,267.29004,89531308845558032,864691136335213235,22910,2024-12-18 19:01:36.907056+00:00,True,271901,5,5,8971,8,6.7224097,2.0693033,[180000 226864  23724],[<NA> <NA> <NA>],[<NA> <NA> <NA>],271901
271772,2020-09-28 22:44:13.495363+00:00,True,230.07756,88897783855359821,864691135731966649,22965,2024-12-18 19:01:36.937510+00:00,True,271772,5,5,9028,8,4.988998,7.8433614,[175344 225456  22738],[<NA> <NA> <NA>],[<NA> <NA> <NA>],271772
271687,2020-09-28 22:44:38.314291+00:00,True,269.44373,88898196104952629,864691135083577335,22970,2024-12-18 19:01:36.940396+00:00,True,271687,5,5,9034,8,7.8772044,2.2685857,[175216 228528  22110],[<NA> <NA> <NA>],[<NA> <NA> <NA>],271687
269714,2020-09-28 22:41:58.030710+00:00,True,382.2371,89038315252538375,864691135324437916,23051,2024-12-18 19:01:39.083887+00:00,True,269714,5,5,9121,8,11.930968,2.9188924,[176576 223568  23383],[<NA> <NA> <NA>],[<NA> <NA> <NA>],269714
292587,2020-09-28 22:42:52.912465+00:00,True,332.30618,90994827071958861,864691136904656818,23505,2024-12-18 19:01:39.333818+00:00,True,292587,5,6,1859,2,5.8860335,4.804114,[190992 120752  20242],[<NA> <NA> <NA>],[<NA> <NA> <NA>],292587
256371,2020-09-28 22:41:48.110518+00:00,True,289.96713,89306320808998073,864691135277309669,23530,2024-12-18 19:01:39.347655+00:00,True,256371,5,6,1886,2,5.124506,9.259949,[178416 123344  20163],[<NA> <NA> <NA>],[<NA> <NA> <NA>],256371
292708,2020-09-28 22:44:41.913076+00:00,True,274.53717,89658164731009154,864691135993150913,23531,2024-12-18 19:01:39.348201+00:00,True,292708,5,6,1887,2,12.9397,-0.7096,[181136 123120  21543],[<NA> <NA> <NA>],[<NA> <NA> <NA>],292708
292719,2020-09-28 22:44:29.145001+00:00,True,256.62717,90150471062313845,864691136108410329,23532,2024-12-18 19:01:39.348721+00:00,True,292719,5,6,1888,2,6.64398,1.80913,[184464 121424  21520],[<NA> <NA> <NA>],[<NA> <NA> <NA>],292719
292727,2020-09-28 22:45:07.984426+00:00,True,324.2238,90361302349957438,864691136331249642,23533,2024-12-18 19:01:39.349751+00:00,True,292727,5,6,1889,2,4.829802,5.027702,[186272 119424  21100],[<NA> <NA> <NA>],[<NA> <NA> <NA>],292727
292732,2020-09-28 22:43:51.879456+00:00,True,429.71677,90501971186083575,864691136118667428,23534,2024-12-18 19:01:39.350314+00:00,True,292732,5,6,1890,2,7.1198435,2.575389,[187280 118848  21755],[<NA> <NA> <NA>],[<NA> <NA> <NA>],292732
292842,2020-09-28 22:45:03.386738+00:00,True,314.40503,90290727514762113,864691135405626862,23535,2024-12-18 19:01:39.350853+00:00,True,292842,5,6,1891,2,5.0349965,5.803127,[185552 117744  21870],[<NA> <NA> <NA>],[<NA> <NA> <NA>],292842
256437,2020-09-28 22:45:13.591781+00:00,True,342.90894,88321295896427784,864691136604001745,23557,2024-12-18 19:01:39.362713+00:00,True,256437,5,6,1916,2,8.947531,2.1359644,[171552 124528  20568],[<NA> <NA> <NA>],[<NA> <NA> <NA>],256437
256444,2020-09-28 22:45:19.683176+00:00,True,376.70126,88602564714895205,864691135774179147,23558,2024-12-18 19:01:39.363264+00:00,True,256444,5,6,1917,2,3.7776515,9.435022,[173600 122832  20719],[<NA> <NA> <NA>],[<NA> <NA> <NA>],256444
256461,2020-09-28 22:45:00.853353+00:00,True,307.1045,89165583387831328,864691136138583677,23559,2024-12-18 19:01:39.363779+00:00,True,256461,5,6,1918,2,6.677509,3.8599408,[177376 123408  20764],[<NA> <NA> <NA>],[<NA> <NA> <NA>],256461
256561,2020-09-28 22:40:55.168516+00:00,True,285.9742,89516946139530726,864691136674080135,23560,2024-12-18 19:01:39.364349+00:00,True,256561,5,6,1919,2,5.8099914,0.9315292,[180112 119520  21294],[<NA> <NA> <NA>],[<NA> <NA> <NA>],256561
256509,2020-09-28 22:45:19.316412+00:00,True,370.79907,87969314803969367,864691135304641703,23582,2024-12-18 19:01:39.376382+00:00,True,256509,5,6,1945,2,11.8518,1.318,[168672 123472  21315],[<NA> <NA> <NA>],[<NA> <NA> <NA>],256509
256597,2020-09-28 22:44:06.518224+00:00,True,217.22382,87969040060090183,864691135496381840,23583,2024-12-18 19:01:39.376930+00:00,True,256597,5,6,1946,2,2.16858,12.00482,[168576 121376  22182],[<NA> <NA> <NA>],[<NA> <NA> <NA>],256597
292676,2020-09-28 22:45:11.386711+00:00,True,333.4144,90924527114284237,864691135764583990,23707,2024-12-18 19:01:39.444642+00:00,True,292676,5,6,2080,2,4.0962157,6.8091817,[190096 121488  20687],[<NA> <NA> <NA>],[<NA> <NA> <NA>],292676
256522,2020-09-28 22:45:17.504975+00:00,True,359.92667,88391252391222587,864691135717163802,23723,2024-12-18 19:01:39.453788+00:00,True,256522,5,6,2096,2,1.6991516,9.396214,[172016 121168  21400],[<NA> <NA> <NA>],[<NA> <NA> <NA>],256522
256521,2020-09-28 22:40:52.918412+00:00,True,342.82275,88391389896949075,864691135398805281,23786,2024-12-18 19:01:39.487928+00:00,True,256521,5,6,2162,2,5.6610293,3.5318415,[172000 122128  21628],[<NA> <NA> <NA>],[<NA> <NA> <NA>],256521
292747,2020-09-28 22:45:17.792811+00:00,True,363.36008,90994689767351820,864691136177629702,23787,2024-12-18 19:01:39.488472+00:00,True,292747,5,6,2163,2,5.2979956,6.976399,[190944 119728  21397],[<NA> <NA> <NA>],[<NA> <NA> <NA>],292747
292673,2020-09-28 22:45:13.489546+00:00,True,342.09595,90783514681151430,864691136813937267,23789,2024-12-18 19:01:39.489699+00:00,True,292673,5,6,2165,2,7.8074,3.3851957,[189280 119376  20359],[<NA> <NA> <NA>],[<NA> <NA> <NA>],292673
292824,2020-09-28 22:44:55.653441+00:00,True,297.8847,89728052506249438,864691136275166398,23819,2024-12-18 19:01:39.506147+00:00,True,292824,5,6,2197,2,3.79848,5.55346,[181328 119504  22321],[<NA> <NA> <NA>],[<NA> <NA> <NA>],292824
256620,2020-09-28 22:41:22.295630+00:00,True,292.8019,88742958807397049,864691136312150874,23840,2024-12-18 19:01:39.517568+00:00,True,256620,5,6,2218,2,4.496927,4.861094,[174368 120240  22427],[<NA> <NA> <NA>],[<NA> <NA> <NA>],256620
256550,2020-09-28 22:42:25.921109+00:00,True,391.63165,89305839907142592,864691135060651419,23864,2024-12-18 19:01:39.530715+00:00,True,256550,5,6,2243,2,3.3453224,6.568141,[178448 119968  21422],[<NA> <NA> <NA>],[<NA> <NA> <NA>],256550
292881,2020-09-28 22:45:11.493129+00:00,True,334.05533,91065264737038206,864691135861093992,23961,2024-12-18 19:01:39.584502+00:00,True,292881,5,6,2356,2,11.2362,2.5632,[191312 121536  21896],[<NA> <NA> <NA>],[<NA> <NA> <NA>],292881
256664,2020-09-28 22:43:30.094255+00:00,True,298.07822,89376140065988251,864691135562975969,24052,2024-12-18 19:01:41.651433+00:00,True,256664,5,6,2452,2,3.2734308,7.601001,[178896 119456  22395],[<NA> <NA> <NA>],[<NA> <NA> <NA>],256664
256451,2020-09-28 22:44:52.091440+00:00,True,292.11343,88884245783044551,864691135271038885,24120,2024-12-18 19:01:41.689355+00:00,True,256451,5,6,2524,2,7.5433054,4.7379627,[175344 124288  20315],[<NA> <NA> <NA>],[<NA> <NA> <NA>],256451
292743,2020-09-28 22:45:11.826960+00:00,True,336.55505,90713214790649100,864691135801267554,24165,2024-12-18 19:01:41.714022+00:00,True,292743,5,6,2571,2,4.8490143,4.0208583,[188944 119984  21398],[<NA> <NA> <NA>],[<NA> <NA> <NA>],292743
292837,2020-09-28 22:43:20.099015+00:00,True,250.39487,90149990093616639,864691135656578242,24188,2024-12-18 19:01:41.726772+00:00,True,292837,5,6,2599,2,4.66545,6.77755,[184672 117600  22514],[<NA> <NA> <NA>],[<NA> <NA> <NA>],292837
296550,2020-09-28 22:44:59.308405+00:00,True,304.6143,91069800088142351,864691135757040082,24745,2024-12-18 19:01:42.035188+00:00,True,296550,5,6,4683,4,6.92111,4.61273,[191136 154912  20725],[<NA> <NA> <NA>],[<NA> <NA> <NA>],296550
296788,2020-09-28 22:44:09.994671+00:00,True,224.35414,90999431545173178,864691136975088156,24747,2024-12-18 19:01:42.036262+00:00,True,296788,5,6,4685,4,8.545318,4.7543335,[190912 155040  22156],[<NA> <NA> <NA>],[<NA> <NA> <NA>],296788
296386,2020-09-28 22:41:42.917749+00:00,True,284.70395,90014131419471437,864691136108378073,24776,2024-12-18 19:01:42.052294+00:00,True,296386,5,6,4714,4,4.850362,6.3529263,[183824 154256  20271],[<NA> <NA> <NA>],[<NA> <NA> <NA>],296386
296531,2020-09-28 22:41:44.807488+00:00,True,292.27646,90506850134886584,864691136118686884,24779,2024-12-18 19:01:42.053930+00:00,True,296531,5,6,4717,4,2.103525,8.128784,[187088 154912  20886],[<NA> <NA> <NA>],[<NA> <NA> <NA>],296531
296760,2020-09-28 22:44:25.009500+00:00,True,250.15239,90436206713698388,864691135694264511,24780,2024-12-18 19:01:42.054485+00:00,True,296760,5,6,4718,4,10.875417,0.27482277,[186448 152992  22049],[<NA> <NA> <NA>],[<NA> <NA> <NA>],296760
296762,2020-09-28 22:42:23.116792+00:00,True,247.18279,90506506805506379,864691135591664907,24781,2024-12-18 19:01:42.055045+00:00,True,296762,5,6,4719,4,1.5717882,7.2726274,[186992 152512  22541],[<NA> <NA> <NA>],[<NA> <NA> <NA>],296762
296503,2020-09-28 22:43:31.786587+00:00,True,322.36078,89803300132195636,864691135750958889,24807,2024-12-18 19:01:42.069495+00:00,True,296503,5,6,4748,4,7.001989,6.1906724,[181856 156096  20986],[<NA> <NA> <NA>],[<NA> <NA> <NA>],296503
260556,2020-09-28 22:41:26.340522+00:00,True,234.13211,89310787642426168,864691135990701056,24808,2024-12-18 19:01:42.070049+00:00,True,260556,5,6,4749,4,6.2856765,6.13113,[178416 156640  20968],[<NA> <NA> <NA>],[<NA> <NA> <NA>],260556
296724,2020-09-28 22:44:04.816395+00:00,True,214.64137,89521687917427817,864691135347733151,24809,2024-12-18 19:01:42.070587+00:00,True,296724,5,6,4750,4,4.7702956,1.2721612,[180144 154848  22152],[<NA> <NA> <NA>],[<NA> <NA> <NA>],296724
260842,2020-09-28 22:44:06.310495+00:00,True,216.47491,89240144288331867,864691135465113157,24810,2024-12-18 19:01:42.071135+00:00,True,260842,5,6,4751,4,7.219361,1.9748535,[178016 154816  22629],[<NA> <NA> <NA>],[<NA> <NA> <NA>],260842
260263,2020-09-28 22:40:42.746658+00:00,True,274.3242,88044356338331571,864691135694415551,24832,2024-12-18 19:01:42.083543+00:00,True,260263,5,6,4778,4,5.40638,10.86562,[169440 158128  20266],[<NA> <NA> <NA>],[<NA> <NA> <NA>],260263
260596,2020-09-28 22:44:34.061269+00:00,True,262.69778,88043737997047516,864691136596901026,24835,2024-12-18 19:01:42.085289+00:00,True,260596,5,6,4781,4,8.797531,3.7696621,[169040 153744  21107],[<NA> <NA> <NA>],[<NA> <NA> <NA>],260596
260562,2020-09-28 22:41:46.715026+00:00,True,246.28543,89451181466267483,864691136196265704,24962,2024-12-18 19:01:42.155511+00:00,True,260562,5,6,4920,4,5.619166,6.1995754,[179664 154192  20456],[<NA> <NA> <NA>],[<NA> <NA> <NA>],260562
296725,2020-09-28 22:44:23.375309+00:00,True,247.93448,89662219247426316,864691135375351369,25005,2024-12-18 19:01:44.113898+00:00,True,296725,5,6,4963,4,2.672633,4.5486956,[180800 153376  22212],[<NA> <NA> <NA>],[<NA> <NA> <NA>],296725
260739,2020-09-28 22:44:19.626735+00:00,True,242.03592,89169431879858301,864691136620914829,25099,2024-12-18 19:01:44.165811+00:00,True,260739,5,6,5065,4,7.366864,5.1700807,[177584 152000  22317],[<NA> <NA> <NA>],[<NA> <NA> <NA>],260739
296619,2020-09-28 22:44:43.617497+00:00,True,276.68643,90084637737006373,864691135741963627,25168,2024-12-18 19:01:44.203094+00:00,True,296619,5,6,5141,4,4.8297772,5.6652746,[184288 155056  21455],[<NA> <NA> <NA>],[<NA> <NA> <NA>],296619
296602,2020-09-28 22:44:13.902897+00:00,True,231.86128,89662494058008468,864691136034181307,25188,2024-12-18 19:01:44.213942+00:00,True,296602,5,6,5161,4,5.8197827,5.5732985,[180832 155424  21522],[<NA> <NA> <NA>],[<NA> <NA> <NA>],296602
296761,2020-09-28 22:44:15.531111+00:00,True,234.56071,90436206713993499,864691135939049988,25199,2024-12-18 19:01:44.219855+00:00,True,296761,5,6,5174,4,1.4720687,9.583968,[186720 153056  22293],[<NA> <NA> <NA>],[<NA> <NA> <NA>],296761
296741,2020-09-28 22:44:04.745710+00:00,True,214.23112,90014269059801118,864691136523081105,25236,2024-12-18 19:01:44.240598+00:00,True,296741,5,6,5213,4,4.9149795,6.678917,[183520 154880  21847],[<NA> <NA> <NA>],[<NA> <NA> <NA>],296741
296510,2020-09-28 22:45:11.308027+00:00,True,332.8434,90014268925302892,864691135476495936,25288,2024-12-18 19:01:44.268760+00:00,True,296510,5,6,5269,4,6.5252404,0.9750481,[183472 155184  20572],[<NA> <NA> <NA>],[<NA> <NA> <NA>],296510
296734,2020-09-28 22:41:28.645395+00:00,True,258.0893,89803162961130659,864691135760106830,25290,2024-12-18 19:01:44.269840+00:00,True,296734,5,6,5271,4,7.565271,2.219915,[181920 154880  22579],[<NA> <NA> <NA>],[<NA> <NA> <NA>],296734
296540,2020-09-28 22:44:44.257042+00:00,True,278.73853,90788187672462974,864691135810773452,25348,2024-12-18 19:01:44.301484+00:00,True,296540,5,6,5340,4,3.2985265,1.7133791,[189440 153904  20706],[<NA> <NA> <NA>],[<NA> <NA> <NA>],296540
296634,2020-09-28 22:44:19.386731+00:00,True,241.17494,90436069207709327,864691135335937513,25399,2024-12-18 19:01:44.329780+00:00,True,296634,5,6,5396,4,7.695283,3.5443864,[186864 151904  21595],[<NA> <NA> <NA>],[<NA> <NA> <NA>],296634
260647,2020-09-28 22:43:29.334686+00:00,True,261.4,89380606764495324,864691135640297787,25431,2024-12-18 19:01:44.347593+00:00,True,260647,5,6,5431,4,6.7062845,2.5476003,[179136 152704  21579],[<NA> <NA> <NA>],[<NA> <NA> <NA>],260647
301122,2020-09-28 22:43:18.694116+00:00,True,392.89948,91285854190229262,864691135430346544,25841,2024-12-18 19:01:44.571789+00:00,True,301122,5,6,7019,6,16.018963,2.9201531,[192896 192032  21367],[<NA> <NA> <NA>],[<NA> <NA> <NA>],301122
301106,2020-09-28 22:41:34.864933+00:00,True,291.42892,90792860730994376,864691136336107187,25856,2024-12-18 19:01:44.580095+00:00,True,301106,5,6,7037,6,3.8963013,3.7513876,[189472 189024  21637],[<NA> <NA> <NA>],[<NA> <NA> <NA>],301106
301188,2020-09-28 22:41:00.735531+00:00,True,243.4841,89596935811480209,864691135294480310,25875,2024-12-18 19:01:44.590474+00:00,True,301188,5,6,7059,6,13.813977,3.015129,[180288 191664  22600],[<NA> <NA> <NA>],[<NA> <NA> <NA>],301188
300965,2020-09-28 22:41:20.866603+00:00,True,327.71243,90300279454589805,864691136381294805,25962,2024-12-18 19:01:44.638325+00:00,True,300965,5,6,7155,6,9.975078,3.1135583,[185808 189072  21088],[<NA> <NA> <NA>],[<NA> <NA> <NA>],300965
266869,2020-09-28 22:42:48.535808+00:00,True,285.38947,88682416679757238,864691136195652328,26011,2024-12-18 19:01:46.656809+00:00,True,266869,5,6,7206,6,13.517625,5.0147634,[173648 193520  20245],[<NA> <NA> <NA>],[<NA> <NA> <NA>],266869
301198,2020-09-28 22:44:49.473335+00:00,True,286.3848,90088417442091280,864691135280481697,26084,2024-12-18 19:01:46.696893+00:00,True,301198,5,6,7283,6,19.3805,3.7543,[184160 183312  22166],[<NA> <NA> <NA>],[<NA> <NA> <NA>],301198
264800,2020-09-28 22:41:00.990395+00:00,True,367.49542,88611429527463360,864691136330122730,26096,2024-12-18 19:01:46.703353+00:00,True,264800,5,6,7299,6,5.4586825,10.37203,[173552 188832  20819],[<NA> <NA> <NA>],[<NA> <NA> <NA>],264800
265045,2020-09-28 22:41:22.169095+00:00,True,368.40457,89245092023510260,864691136437631902,26102,2024-12-18 19:01:46.706667+00:00,True,265045,5,6,7305,6,10.864713,8.104512,[178112 191344  22109],[<NA> <NA> <NA>],[<NA> <NA> <NA>],265045
265037,2020-09-28 22:41:26.590839+00:00,True,286.28125,89244404829115036,864691136425681967,26132,2024-12-18 19:01:46.723135+00:00,True,265037,5,6,7338,6,17.15289,3.9524233,[178016 186544  22452],[<NA> <NA> <NA>],[<NA> <NA> <NA>],265037
264918,2020-09-28 22:45:17.767727+00:00,True,363.0678,88963135876504845,864691135994235841,26134,2024-12-18 19:01:46.724237+00:00,True,264918,5,6,7342,6,8.118637,3.2582796,[176064 187776  21322],[<NA> <NA> <NA>],[<NA> <NA> <NA>],264918
264935,2020-09-28 22:43:35.999883+00:00,True,434.1647,89455717085943647,864691135756075981,26136,2024-12-18 19:01:46.725319+00:00,True,264935,5,6,7344,6,5.2621775,9.622531,[179472 187760  21468],[<NA> <NA> <NA>],[<NA> <NA> <NA>],264935
301104,2020-09-28 22:41:30.284609+00:00,True,259.30466,90651917084211802,864691136974813212,26192,2024-12-18 19:01:46.755784+00:00,True,301104,5,6,7408,6,19.7681,1.7166,[188352 187088  21652],[<NA> <NA> <NA>],[<NA> <NA> <NA>],301104
300978,2020-09-28 22:45:03.136492+00:00,True,313.09546,90652123041674381,864691135656579010,26238,2024-12-18 19:01:46.781283+00:00,True,300978,5,6,7456,6,2.3402562,14.405847,[188448 188784  20445],[<NA> <NA> <NA>],[<NA> <NA> <NA>],300978
301225,2020-09-28 22:45:22.849556+00:00,True,402.34125,90721873578469059,864691136905560754,26319,2024-12-18 19:01:46.834030+00:00,True,301225,5,6,7547,6,14.2396,4.4705,[188960 184416  22034],[<NA> <NA> <NA>],[<NA> <NA> <NA>],301225
301029,2020-09-28 22:43:19.987707+00:00,True,344.38416,91214592092442360,864691135309628742,26331,2024-12-18 19:01:46.840603+00:00,True,301029,5,6,7560,6,10.9147,-1.3822386,[192240 185440  20997],[<NA> <NA> <NA>],[<NA> <NA> <NA>],301029
264893,2020-09-28 22:45:21.228587+00:00,True,387.56287,88259792032018274,864691136210743740,26351,2024-12-18 19:01:46.851465+00:00,True,264893,5,6,7583,6,13.7629595,-2.6457024,[170912 190448  21224],[<NA> <NA> <NA>],[<NA> <NA> <NA>],264893
300897,2020-09-28 22:43:31.886823+00:00,True,504.0793,89596660665540389,864691135362104647,26358,2024-12-18 19:01:46.855409+00:00,True,300897,5,6,7590,6,2.5573103,11.288583,[180336 189568  20921],[<NA> <NA> <NA>],[<NA> <NA> <NA>],300897
300952,2020-09-28 22:44:36.028813+00:00,True,265.69556,90159679337994436,864691136118359716,26394,2024-12-18 19:01:46.875215+00:00,True,300952,5,6,7631,6,4.01687,8.42043,[184720 190048  20499],[<NA> <NA> <NA>],[<NA> <NA> <NA>],300952
305065,2020-09-28 22:42:18.837644+00:00,True,333.98996,90867902466795021,864691135573276197,26664,2024-12-18 19:01:47.024650+00:00,True,305065,5,6,8826,8,4.429811,4.867782,[189520 223920  22237],[<NA> <NA> <NA>],[<NA> <NA> <NA>],305065
305244,2020-09-28 22:41:26.458573+00:00,True,246.78056,91430577676457925,864691135875460494,26665,2024-12-18 19:01:47.025201+00:00,True,305244,5,6,8827,8,10.3157,6.5601,[194032 221472  23195],[<NA> <NA> <NA>],[<NA> <NA> <NA>],305244
305227,2020-09-28 22:42:55.047416+00:00,True,222.75604,90938339997789517,864691135786943684,26666,2024-12-18 19:01:47.025737+00:00,True,305227,5,6,8828,8,2.6929367,10.270548,[190464 224176  22995],[<NA> <NA> <NA>],[<NA> <NA> <NA>],305227
304958,2020-09-28 22:44:48.128212+00:00,True,285.00098,89882533822646469,864691136177632518,26669,2024-12-18 19:01:47.027598+00:00,True,304958,5,6,8834,8,11.137813,2.2648063,[182384 221984  21630],[<NA> <NA> <NA>],[<NA> <NA> <NA>],304958
305034,2020-09-28 22:41:10.160358+00:00,True,283.30115,89741933907393199,864691135809509917,26670,2024-12-18 19:01:47.028149+00:00,True,305034,5,6,8835,8,5.4376893,2.1099596,[181472 223328  22597],[<NA> <NA> <NA>],[<NA> <NA> <NA>],305034
269593,2020-09-28 22:43:30.133113+00:00,True,317.92545,88475090421070247,864691135480311494,26682,2024-12-18 19:01:47.034732+00:00,True,269593,5,6,8849,8,14.682379,1.3637687,[172464 221888  23253],[<NA> <NA> <NA>],[<NA> <NA> <NA>],269593
305113,2020-09-28 22:40:58.745199+00:00,True,315.14377,91641889933457039,864691135562410721,26807,2024-12-18 19:01:47.103804+00:00,True,305113,5,6,8989,8,1.5917195,12.174362,[195152 223072  22410],[<NA> <NA> <NA>],[<NA> <NA> <NA>],305113
269500,2020-09-28 22:43:51.278158+00:00,True,331.94788,88827277538273160,864691136424990255,26814,2024-12-18 19:01:47.107567+00:00,True,269500,5,6,8997,8,3.743031,8.1893835,[175120 224448  21961],[<NA> <NA> <NA>],[<NA> <NA> <NA>],269500
305051,2020-09-28 22:44:36.615227+00:00,True,267.52386,90164008799738216,864691135396115189,26837,2024-12-18 19:01:47.120246+00:00,True,305051,5,6,9021,8,8.237858,6.2769756,[184592 222160  21938],[<NA> <NA> <NA>],[<NA> <NA> <NA>],305051
269411,2020-09-28 22:44:51.705280+00:00,True,290.8324,89108546356072007,864691135865648254,26859,2024-12-18 19:01:47.132234+00:00,True,269411,5,6,9043,8,8.475503,6.342422,[176912 222800  21553],[<NA> <NA> <NA>],[<NA> <NA> <NA>],269411
305115,2020-09-28 22:41:00.828027+00:00,True,266.25082,91642096024751246,864691137021162094,26868,2024-12-18 19:01:47.137289+00:00,True,305115,5,6,9052,8,4.832731,9.506236,[195200 224608  21846],[<NA> <NA> <NA>],[<NA> <NA> <NA>],305115
305184,2020-09-28 22:44:55.858528+00:00,True,298.66098,90234377677713769,864691135369002233,26931,2024-12-18 19:01:47.171950+00:00,True,305184,5,6,9123,8,6.98282,4.949711,[185104 222400  22620],[<NA> <NA> <NA>],[<NA> <NA> <NA>],305184
269714,2020-09-28 22:41:58.030710+00:00,True,382.2371,89038315252538375,864691135324437916,26942,2024-12-18 19:01:47.178124+00:00,True,269714,5,6,9134,8,8.932238,9.345342,[176576 223568  23383],[<NA> <NA> <NA>],[<NA> <NA> <NA>],269714
305222,2020-09-28 22:45:19.023996+00:00,True,366.9567,90937996400257988,864691135271696549,26958,2024-12-18 19:01:47.187176+00:00,True,305222,5,6,9152,8,7.8347063,1.4351635,[190320 221568  22817],[<NA> <NA> <NA>],[<NA> <NA> <NA>],305222
307236,2020-09-28 22:44:21.484964+00:00,True,245.21687,91360964913621525,864691135731707065,26971,2024-12-18 19:01:47.194272+00:00,True,307236,5,6,9165,8,10.7733,1.6349,[193120 227456  23700],[<NA> <NA> <NA>],[<NA> <NA> <NA>],307236
271772,2020-09-28 22:44:13.495363+00:00,True,230.07756,88897783855359821,864691135731966649,27047,2024-12-18 19:01:49.221177+00:00,True,271772,5,6,9247,8,6.3679423,5.8713083,[175344 225456  22738],[<NA> <NA> <NA>],[<NA> <NA> <NA>],271772
304988,2020-09-28 22:44:38.196944+00:00,True,269.10687,91219539895062316,864691135343499441,27050,2024-12-18 19:01:49.222768+00:00,True,304988,5,6,9250,8,5.966925,5.821227,[192240 222000  21244],[<NA> <NA> <NA>],[<NA> <NA> <NA>],304988
292646,2020-09-28 22:45:13.921913+00:00,True,345.55234,89868446128941331,864691135738969220,27518,2024-12-18 19:01:49.484272+00:00,True,292646,5,7,1836,2,8.504118,5.736896,[182528 117344  20379],[<NA> <NA> <NA>],[<NA> <NA> <NA>],292646
292727,2020-09-28 22:45:07.984426+00:00,True,324.2238,90361302349957438,864691136331249642,27519,2024-12-18 19:01:49.484790+00:00,True,292727,5,7,1837,2,6.138989,6.335443,[186272 119424  21100],[<NA> <NA> <NA>],[<NA> <NA> <NA>],292727
292659,2020-09-28 22:44:59.049946+00:00,True,303.5285,90361371002373602,864691135866947804,27520,2024-12-18 19:01:49.485334+00:00,True,292659,5,7,1838,2,7.2661133,1.5257294,[186384 119648  20631],[<NA> <NA> <NA>],[<NA> <NA> <NA>],292659
292842,2020-09-28 22:45:03.386738+00:00,True,314.40503,90290727514762113,864691135405626862,27521,2024-12-18 19:01:49.485845+00:00,True,292842,5,7,1839,2,4.98586,7.40504,[185552 117744  21870],[<NA> <NA> <NA>],[<NA> <NA> <NA>],292842
292732,2020-09-28 22:43:51.879456+00:00,True,429.71677,90501971186083575,864691136118667428,27522,2024-12-18 19:01:49.486411+00:00,True,292732,5,7,1840,2,13.5738,-0.2715,[187280 118848  21755],[<NA> <NA> <NA>],[<NA> <NA> <NA>],292732
292945,2020-09-28 22:45:00.964419+00:00,True,307.65155,90290452770764125,864691135970226021,27523,2024-12-18 19:01:49.486940+00:00,True,292945,5,7,1841,2,4.774342,8.312328,[185888 115520  22631],[<NA> <NA> <NA>],[<NA> <NA> <NA>],292945
292829,2020-09-28 22:43:16.247648+00:00,True,299.8585,89938540263655019,864691135779629245,27524,2024-12-18 19:01:49.487484+00:00,True,292829,5,7,1842,2,4.954047,4.1706357,[183328 115392  22480],[<NA> <NA> <NA>],[<NA> <NA> <NA>],292829
292837,2020-09-28 22:43:20.099015+00:00,True,250.39487,90149990093616639,864691135656578242,27525,2024-12-18 19:01:49.488031+00:00,True,292837,5,7,1843,2,8.36924,-1.83584,[184672 117600  22514],[<NA> <NA> <NA>],[<NA> <NA> <NA>],292837
256544,2020-09-28 22:45:17.839358+00:00,True,363.93008,89094527515872019,864691136229186129,27544,2024-12-18 19:01:49.498391+00:00,True,256544,5,7,1867,2,2.0325253,9.786332,[176848 118336  21168],[<NA> <NA> <NA>],[<NA> <NA> <NA>],256544
256459,2020-09-28 22:44:49.732859+00:00,True,287.25528,89094596168323539,864691135492613471,27545,2024-12-18 19:01:49.498910+00:00,True,256459,5,7,1868,2,4.60581,5.2966,[176992 118496  20713],[<NA> <NA> <NA>],[<NA> <NA> <NA>],256459
292820,2020-09-28 22:44:04.335590+00:00,True,211.89821,89516121639791892,864691135067961412,27546,2024-12-18 19:01:49.499438+00:00,True,292820,5,7,1869,2,11.967614,-0.38176328,[180096 113808  22118],[<NA> <NA> <NA>],[<NA> <NA> <NA>],292820
256766,2020-09-28 22:44:59.276471+00:00,True,304.47437,89164415424929687,864691135274195217,27547,2024-12-18 19:01:49.499965+00:00,True,256766,5,7,1870,2,7.19651,2.131602,[177200 114624  22615],[<NA> <NA> <NA>],[<NA> <NA> <NA>],256766
256423,2020-09-28 22:45:11.631025+00:00,True,335.1221,88039133725295540,864691135584629613,27569,2024-12-18 19:01:49.512037+00:00,True,256423,5,7,1897,2,4.451103,8.315664,[169040 119120  20839],[<NA> <NA> <NA>],[<NA> <NA> <NA>],256423
256519,2020-09-28 22:44:59.395764+00:00,True,304.9385,88390633982556382,864691135276504549,27570,2024-12-18 19:01:49.512570+00:00,True,256519,5,7,1898,2,14.8977,-1.5248,[171872 116864  21509],[<NA> <NA> <NA>],[<NA> <NA> <NA>],256519
256606,2020-09-28 22:45:19.789097+00:00,True,378.55804,88109365164752245,864691135577749022,27572,2024-12-18 19:01:49.513658+00:00,True,256606,5,7,1900,2,4.784384,5.061617,[169968 118256  21919],[<NA> <NA> <NA>],[<NA> <NA> <NA>],256606
292673,2020-09-28 22:45:13.489546+00:00,True,342.09595,90783514681151430,864691136813937267,27664,2024-12-18 19:01:49.564775+00:00,True,292673,5,7,2000,2,3.813244,10.551619,[189280 119376  20359],[<NA> <NA> <NA>],[<NA> <NA> <NA>],292673
256304,2020-09-28 22:41:24.100195+00:00,True,317.87598,88391183537481077,864691136111559352,27681,2024-12-18 19:01:49.574161+00:00,True,256304,5,7,2017,2,2.9735155,11.8910675,[172032 120608  20309],[<NA> <NA> <NA>],[<NA> <NA> <NA>],256304
292826,2020-09-28 22:44:40.366748+00:00,True,272.72742,89868446397156879,864691136814180211,27682,2024-12-18 19:01:49.574692+00:00,True,292826,5,7,2018,2,4.10367,5.5964203,[182400 117248  22250],[<NA> <NA> <NA>],[<NA> <NA> <NA>],292826
292747,2020-09-28 22:45:17.792811+00:00,True,363.36008,90994689767351820,864691136177629702,27704,2024-12-18 19:01:49.586953+00:00,True,292747,5,7,2043,2,11.929566,2.4598937,[190944 119728  21397],[<NA> <NA> <NA>],[<NA> <NA> <NA>],292747
292676,2020-09-28 22:45:11.386711+00:00,True,333.4144,90924527114284237,864691135764583990,27951,2024-12-18 19:01:49.723939+00:00,True,292676,5,7,2303,2,12.868566,1.1569904,[190096 121488  20687],[<NA> <NA> <NA>],[<NA> <NA> <NA>],292676
256610,2020-09-28 22:44:47.951377+00:00,True,284.42,88249896561494434,864691135928366606,27956,2024-12-18 19:01:49.726791+00:00,True,256610,5,7,2309,2,6.0273495,7.6405983,[170864 116832  22166],[<NA> <NA> <NA>],[<NA> <NA> <NA>],256610
256617,2020-09-28 22:41:47.810711+00:00,True,198.48676,88672040374050892,864691136953958879,28002,2024-12-18 19:01:51.714848+00:00,True,256617,5,7,2359,2,4.76273,8.53247,[173680 116048  22556],[<NA> <NA> <NA>],[<NA> <NA> <NA>],256617
256550,2020-09-28 22:42:25.921109+00:00,True,391.63165,89305839907142592,864691135060651419,28017,2024-12-18 19:01:51.723156+00:00,True,256550,5,7,2374,2,8.024412,0.16405496,[178448 119968  21422],[<NA> <NA> <NA>],[<NA> <NA> <NA>],256550
256561,2020-09-28 22:40:55.168516+00:00,True,285.9742,89516946139530726,864691136674080135,28032,2024-12-18 19:01:51.731409+00:00,True,256561,5,7,2391,2,7.4430027,3.0672486,[180112 119520  21294],[<NA> <NA> <NA>],[<NA> <NA> <NA>],256561
292725,2020-09-28 22:44:50.031866+00:00,True,288.27008,90220358770161165,864691135272003237,28066,2024-12-18 19:01:51.750127+00:00,True,292725,5,7,2430,2,4.804635,6.2692595,[185200 117744  21532],[<NA> <NA> <NA>],[<NA> <NA> <NA>],292725
256466,2020-09-28 22:43:39.368485+00:00,True,288.17947,89376208517215013,864691135464928318,28146,2024-12-18 19:01:51.795449+00:00,True,256466,5,7,2519,2,1.3946931,10.003332,[179104 119680  20476],[<NA> <NA> <NA>],[<NA> <NA> <NA>],256466
292714,2020-09-28 22:45:01.664604+00:00,True,310.88147,89938540196086387,864691136976001308,28179,2024-12-18 19:01:51.814104+00:00,True,292714,5,7,2556,2,10.6988,2.3084,[183184 115008  21547],[<NA> <NA> <NA>],[<NA> <NA> <NA>],292714
292587,2020-09-28 22:42:52.912465+00:00,True,332.30618,90994827071958861,864691136904656818,28192,2024-12-18 19:01:51.821243+00:00,True,292587,5,7,2570,2,9.59922,1.30181,[190992 120752  20242],[<NA> <NA> <NA>],[<NA> <NA> <NA>],292587
296547,2020-09-28 22:44:21.439761+00:00,True,245.0332,90858418977449568,864691135941435393,28715,2024-12-18 19:01:52.111948+00:00,True,296547,5,7,4620,4,7.109243,1.9531442,[189872 153184  20514],[<NA> <NA> <NA>],[<NA> <NA> <NA>],296547
296531,2020-09-28 22:41:44.807488+00:00,True,292.27646,90506850134886584,864691136118686884,28743,2024-12-18 19:01:52.127429+00:00,True,296531,5,7,4653,4,11.580677,0.66240513,[187088 154912  20886],[<NA> <NA> <NA>],[<NA> <NA> <NA>],296531
296517,2020-09-28 22:44:18.846015+00:00,True,239.49214,90154731535731595,864691135867984005,28744,2024-12-18 19:01:52.127968+00:00,True,296517,5,7,4654,4,2.00471,9.16639,[184864 153120  20561],[<NA> <NA> <NA>],[<NA> <NA> <NA>],296517
296504,2020-09-28 22:42:27.798746+00:00,True,310.9603,89873050467637493,864691135849640798,28745,2024-12-18 19:01:52.128530+00:00,True,296504,5,7,4655,4,9.237672,1.5764177,[182336 151392  21018],[<NA> <NA> <NA>],[<NA> <NA> <NA>],296504
296634,2020-09-28 22:44:19.386731+00:00,True,241.17494,90436069207709327,864691135335937513,28746,2024-12-18 19:01:52.129085+00:00,True,296634,5,7,4656,4,3.386138,5.875704,[186864 151904  21595],[<NA> <NA> <NA>],[<NA> <NA> <NA>],296634
296642,2020-09-28 22:41:48.339505+00:00,True,295.39548,90646900562424056,864691136211385020,28747,2024-12-18 19:01:52.129621+00:00,True,296642,5,7,4657,4,4.691476,2.6359653,[188208 150128  21664],[<NA> <NA> <NA>],[<NA> <NA> <NA>],296642
296762,2020-09-28 22:42:23.116792+00:00,True,247.18279,90506506805506379,864691135591664907,28748,2024-12-18 19:01:52.130165+00:00,True,296762,5,7,4658,4,10.034795,0.25206074,[186992 152512  22541],[<NA> <NA> <NA>],[<NA> <NA> <NA>],296762
260548,2020-09-28 22:44:59.140141+00:00,True,303.92303,89169225520073388,864691137056393846,28770,2024-12-18 19:01:52.142245+00:00,True,260548,5,7,4682,4,10.658169,2.4758613,[177360 150528  20753],[<NA> <NA> <NA>],[<NA> <NA> <NA>],260548
260624,2020-09-28 22:44:34.919977+00:00,True,265.2943,88958256793501475,864691135865774206,28771,2024-12-18 19:01:52.142779+00:00,True,260624,5,7,4683,4,4.82938,5.19282,[175696 151728  21157],[<NA> <NA> <NA>],[<NA> <NA> <NA>],260624
260521,2020-09-28 22:45:11.504117+00:00,True,334.1361,88465744236769407,864691135726140843,28772,2024-12-18 19:01:52.143324+00:00,True,260521,5,7,4684,4,10.8883,4.2019,[172368 152208  20778],[<NA> <NA> <NA>],[<NA> <NA> <NA>],260521
260647,2020-09-28 22:43:29.334686+00:00,True,261.4,89380606764495324,864691135640297787,28773,2024-12-18 19:01:52.144015+00:00,True,260647,5,7,4685,4,3.7987697,11.04049,[179136 152704  21579],[<NA> <NA> <NA>],[<NA> <NA> <NA>],260647
260596,2020-09-28 22:44:34.061269+00:00,True,262.69778,88043737997047516,864691136596901026,28797,2024-12-18 19:01:52.157201+00:00,True,260596,5,7,4712,4,2.176815,5.141996,[169040 153744  21107],[<NA> <NA> <NA>],[<NA> <NA> <NA>],260596
260509,2020-09-28 22:42:54.829578+00:00,True,319.1798,87973300466659506,864691134966324767,28798,2024-12-18 19:01:52.157738+00:00,True,260509,5,7,4713,4,2.574704,6.4716883,[168944 153056  20924],[<NA> <NA> <NA>],[<NA> <NA> <NA>],260509
260615,2020-09-28 22:41:24.091406+00:00,True,270.48804,88395100748909013,864691136363303138,28800,2024-12-18 19:01:52.158819+00:00,True,260615,5,7,4715,4,10.8379,5.1246,[171744 150144  21818],[<NA> <NA> <NA>],[<NA> <NA> <NA>],260615
260618,2020-09-28 22:45:15.628409+00:00,True,349.98175,88535975609178648,864691135576881950,28801,2024-12-18 19:01:52.159363+00:00,True,260618,5,7,4716,4,11.775688,3.0256672,[173008 150960  21332],[<NA> <NA> <NA>],[<NA> <NA> <NA>],260618
260690,2020-09-28 22:44:26.836484+00:00,True,252.73631,88043119656150966,864691135688387040,28803,2024-12-18 19:01:52.160589+00:00,True,260690,5,7,4718,4,13.665266,2.1330407,[169280 149136  22318],[<NA> <NA> <NA>],[<NA> <NA> <NA>],260690
260562,2020-09-28 22:41:46.715026+00:00,True,246.28543,89451181466267483,864691136196265704,28915,2024-12-18 19:01:52.222652+00:00,True,260562,5,7,4841,4,3.80701,3.52487,[179664 154192  20456],[<NA> <NA> <NA>],[<NA> <NA> <NA>],260562
260739,2020-09-28 22:44:19.626735+00:00,True,242.03592,89169431879858301,864691136620914829,29058,2024-12-18 19:01:54.372444+00:00,True,260739,5,7,4994,4,4.152586,8.683759,[177584 152000  22317],[<NA> <NA> <NA>],[<NA> <NA> <NA>],260739
296727,2020-09-28 22:44:36.044344+00:00,True,265.74423,89732244394326884,864691135866576604,29122,2024-12-18 19:01:54.407163+00:00,True,296727,5,7,5061,4,1.9981366,7.516703,[181296 150944  22284],[<NA> <NA> <NA>],[<NA> <NA> <NA>],296727
296745,2020-09-28 22:44:09.332916+00:00,True,221.31885,90154456792327036,864691135868386070,29197,2024-12-18 19:01:54.448121+00:00,True,296745,5,7,5140,4,2.2539675,9.096895,[184576 151040  21839],[<NA> <NA> <NA>],[<NA> <NA> <NA>],296745
296612,2020-09-28 22:43:27.662586+00:00,True,284.68182,89872913096018075,864691135810473245,29223,2024-12-18 19:01:54.462273+00:00,True,296612,5,7,5167,4,4.494123,6.602941,[182592 150528  21722],[<NA> <NA> <NA>],[<NA> <NA> <NA>],296612
296386,2020-09-28 22:41:42.917749+00:00,True,284.70395,90014131419471437,864691136108378073,29247,2024-12-18 19:01:54.475312+00:00,True,296386,5,7,5195,4,5.23386,4.31653,[183824 154256  20271],[<NA> <NA> <NA>],[<NA> <NA> <NA>],296386
296598,2020-09-28 22:45:13.340548+00:00,True,340.79196,89591712930219679,864691135325487004,29277,2024-12-18 19:01:54.492092+00:00,True,296598,5,7,5226,4,7.6652246,3.890698,[180368 152672  21321],[<NA> <NA> <NA>],[<NA> <NA> <NA>],296598
296761,2020-09-28 22:44:15.531111+00:00,True,234.56071,90436206713993499,864691135939049988,29302,2024-12-18 19:01:54.507127+00:00,True,296761,5,7,5254,4,9.811419,3.1756442,[186720 153056  22293],[<NA> <NA> <NA>],[<NA> <NA> <NA>],296761
296786,2020-09-28 22:44:17.090672+00:00,True,236.88577,90998744350374241,864691135405713902,29319,2024-12-18 19:01:54.516600+00:00,True,296786,5,7,5273,4,4.362384,11.284911,[190592 149760  22133],[<NA> <NA> <NA>],[<NA> <NA> <NA>],296786
296666,2020-09-28 22:44:52.054102+00:00,True,291.9981,90998950374685809,864691137055367798,29410,2024-12-18 19:01:54.568195+00:00,True,296666,5,7,5374,4,0.7113317,13.955873,[190752 151616  21188],[<NA> <NA> <NA>],[<NA> <NA> <NA>],296666
301104,2020-09-28 22:41:30.284609+00:00,True,259.30466,90651917084211802,864691136974813212,29776,2024-12-18 19:01:54.769312+00:00,True,301104,5,7,6913,6,6.1410027,7.2789297,[188352 187088  21652],[<NA> <NA> <NA>],[<NA> <NA> <NA>],301104
301095,2020-09-28 22:45:17.936978+00:00,True,365.15118,90229429674273122,864691135617152361,29777,2024-12-18 19:01:54.769834+00:00,True,301095,5,7,6914,6,9.73986,7.73834,[185152 185344  21255],[<NA> <NA> <NA>],[<NA> <NA> <NA>],301095
301216,2020-09-28 22:44:13.770098+00:00,True,231.25197,90440192443462131,864691136125956134,29778,2024-12-18 19:01:54.770373+00:00,True,301216,5,7,6915,6,10.465316,2.0852327,[186800 182960  22134],[<NA> <NA> <NA>],[<NA> <NA> <NA>],301216
300897,2020-09-28 22:43:31.886823+00:00,True,504.0793,89596660665540389,864691135362104647,29787,2024-12-18 19:01:54.775217+00:00,True,300897,5,7,6924,6,11.8475,4.0727,[180336 189568  20921],[<NA> <NA> <NA>],[<NA> <NA> <NA>],300897
264935,2020-09-28 22:43:35.999883+00:00,True,434.1647,89455717085943647,864691135756075981,29789,2024-12-18 19:01:54.776410+00:00,True,264935,5,7,6926,6,4.5263233,10.436845,[179472 187760  21468],[<NA> <NA> <NA>],[<NA> <NA> <NA>],264935
301083,2020-09-28 22:45:07.793842+00:00,True,323.20618,89736504934533504,864691135849699166,29790,2024-12-18 19:01:54.776956+00:00,True,301083,5,7,6927,6,16.037737,1.0668172,[181712 182736  21608],[<NA> <NA> <NA>],[<NA> <NA> <NA>],301083
301192,2020-09-28 22:44:53.994640+00:00,True,295.3978,89877242490305606,864691134949248508,29791,2024-12-18 19:01:54.777491+00:00,True,301192,5,7,6928,6,12.618747,1.1671305,[182512 182928  22365],[<NA> <NA> <NA>],[<NA> <NA> <NA>],301192
301198,2020-09-28 22:44:49.473335+00:00,True,286.3848,90088417442091280,864691135280481697,29792,2024-12-18 19:01:54.778027+00:00,True,301198,5,7,6929,6,10.193791,4.5253673,[184160 183312  22166],[<NA> <NA> <NA>],[<NA> <NA> <NA>],301198
264885,2020-09-28 22:44:53.790069+00:00,True,294.5532,88047929952176909,864691135502748482,29807,2024-12-18 19:01:54.786154+00:00,True,264885,5,7,6947,6,15.8113,5.1274,[169104 184976  21599],[<NA> <NA> <NA>],[<NA> <NA> <NA>],264885
300965,2020-09-28 22:41:20.866603+00:00,True,327.71243,90300279454589805,864691136381294805,29894,2024-12-18 19:01:54.833687+00:00,True,300965,5,7,7043,6,14.8553,-6.78587,[185808 189072  21088],[<NA> <NA> <NA>],[<NA> <NA> <NA>],300965
301029,2020-09-28 22:43:19.987707+00:00,True,344.38416,91214592092442360,864691135309628742,29924,2024-12-18 19:01:54.850564+00:00,True,301029,5,7,7076,6,5.942092,6.208024,[192240 185440  20997],[<NA> <NA> <NA>],[<NA> <NA> <NA>],301029
265037,2020-09-28 22:41:26.590839+00:00,True,286.28125,89244404829115036,864691136425681967,30003,2024-12-18 19:01:56.757277+00:00,True,265037,5,7,7160,6,14.6682,3.6877,[178016 186544  22452],[<NA> <NA> <NA>],[<NA> <NA> <NA>],265037
264917,2020-09-28 22:42:17.510663+00:00,True,297.20395,88962586187765743,864691135014966262,30035,2024-12-18 19:01:56.774938+00:00,True,264917,5,7,7193,6,11.6223,7.7353,[175776 184000  21791],[<NA> <NA> <NA>],[<NA> <NA> <NA>],264917
301225,2020-09-28 22:45:22.849556+00:00,True,402.34125,90721873578469059,864691136905560754,30039,2024-12-18 19:01:56.777263+00:00,True,301225,5,7,7197,6,4.9038563,6.020807,[188960 184416  22034],[<NA> <NA> <NA>],[<NA> <NA> <NA>],301225
264580,2020-09-28 22:42:46.839706+00:00,True,361.72678,87907329701715670,864691135571192966,30064,2024-12-18 19:01:56.791073+00:00,True,264580,5,7,7224,6,11.387758,4.69279,[168144 185744  20252],[<NA> <NA> <NA>],[<NA> <NA> <NA>],264580
264918,2020-09-28 22:45:17.767727+00:00,True,363.0678,88963135876504845,864691135994235841,30077,2024-12-18 19:01:56.798329+00:00,True,264918,5,7,7239,6,3.3087223,11.106979,[176064 187776  21322],[<NA> <NA> <NA>],[<NA> <NA> <NA>],264918
264997,2020-09-28 22:45:03.341128+00:00,True,314.13977,88329267556959862,864691136619096795,30089,2024-12-18 19:01:56.805036+00:00,True,264997,5,7,7251,6,13.5990095,1.4014368,[171328 183712  22050],[<NA> <NA> <NA>],[<NA> <NA> <NA>],264997
264800,2020-09-28 22:41:00.990395+00:00,True,367.49542,88611429527463360,864691136330122730,30228,2024-12-18 19:01:56.881630+00:00,True,264800,5,7,7403,6,5.0987854,4.454984,[173552 188832  20819],[<NA> <NA> <NA>],[<NA> <NA> <NA>],264800
304975,2020-09-28 22:44:32.403254+00:00,True,260.60275,90586152477955835,864691136664680926,30529,2024-12-18 19:01:57.048890+00:00,True,304975,5,7,8497,8,4.5349226,8.427763,[187680 221552  21218],[<NA> <NA> <NA>],[<NA> <NA> <NA>],304975
304992,2020-09-28 22:43:25.952318+00:00,True,388.39172,91289908706294000,864691135861182824,30530,2024-12-18 19:01:57.049444+00:00,True,304992,5,7,8498,8,3.9230852,6.2274933,[192896 221904  21701],[<NA> <NA> <NA>],[<NA> <NA> <NA>],304992
304976,2020-09-28 22:45:19.531087+00:00,True,374.1075,90726477716328700,864691135578670597,30531,2024-12-18 19:01:57.050002+00:00,True,304976,5,7,8499,8,9.758405,1.590939,[188864 218656  21533],[<NA> <NA> <NA>],[<NA> <NA> <NA>],304976
305096,2020-09-28 22:41:49.901861+00:00,True,273.8689,91219540029456410,864691135212492992,30532,2024-12-18 19:01:57.050534+00:00,True,305096,5,7,8500,8,5.5136504,8.196061,[192144 222048  22435],[<NA> <NA> <NA>],[<NA> <NA> <NA>],305096
305067,2020-09-28 22:45:03.280825+00:00,True,313.84354,90867558869367200,864691135811335116,30533,2024-12-18 19:01:57.051228+00:00,True,305067,5,7,8501,8,2.4209802,7.78341,[189616 221376  22214],[<NA> <NA> <NA>],[<NA> <NA> <NA>],305067
305244,2020-09-28 22:41:26.458573+00:00,True,246.78056,91430577676457925,864691135875460494,30534,2024-12-18 19:01:57.051771+00:00,True,305244,5,7,8502,8,1.7367963,9.462527,[194032 221472  23195],[<NA> <NA> <NA>],[<NA> <NA> <NA>],305244
305222,2020-09-28 22:45:19.023996+00:00,True,366.9567,90937996400257988,864691135271696549,30535,2024-12-18 19:01:57.052321+00:00,True,305222,5,7,8503,8,2.9312217,8.144489,[190320 221568  22817],[<NA> <NA> <NA>],[<NA> <NA> <NA>],305222
304958,2020-09-28 22:44:48.128212+00:00,True,285.00098,89882533822646469,864691136177632518,30539,2024-12-18 19:01:57.054508+00:00,True,304958,5,7,8510,8,3.0249426,4.0082254,[182384 221984  21630],[<NA> <NA> <NA>],[<NA> <NA> <NA>],304958
305059,2020-09-28 22:44:34.319388+00:00,True,263.53958,90515715148473488,864691136380718037,30540,2024-12-18 19:01:57.055060+00:00,True,305059,5,7,8511,8,2.3991728,9.499789,[187024 221344  22212],[<NA> <NA> <NA>],[<NA> <NA> <NA>],305059
305136,2020-09-28 22:44:38.696768+00:00,True,270.57553,89600646663653110,864691135503367517,30541,2024-12-18 19:01:57.055620+00:00,True,305136,5,7,8512,8,10.169721,6.0377846,[180464 219056  22947],[<NA> <NA> <NA>],[<NA> <NA> <NA>],305136
305205,2020-09-28 22:40:56.785507+00:00,True,320.03818,90374909075043338,864691135431089968,30542,2024-12-18 19:01:57.056174+00:00,True,305205,5,7,8513,8,4.3504376,3.9283621,[186240 220736  23377],[<NA> <NA> <NA>],[<NA> <NA> <NA>],305205
269593,2020-09-28 22:43:30.133113+00:00,True,317.92545,88475090421070247,864691135480311494,30552,2024-12-18 19:01:57.061784+00:00,True,269593,5,7,8524,8,5.880365,9.323945,[172464 221888  23253],[<NA> <NA> <NA>],[<NA> <NA> <NA>],269593
269714,2020-09-28 22:41:58.030710+00:00,True,382.2371,89038315252538375,864691135324437916,30553,2024-12-18 19:01:57.062337+00:00,True,269714,5,7,8525,8,3.0871813,8.789069,[176576 223568  23383],[<NA> <NA> <NA>],[<NA> <NA> <NA>],269714
271772,2020-09-28 22:44:13.495363+00:00,True,230.07756,88897783855359821,864691135731966649,30554,2024-12-18 19:01:57.062863+00:00,True,271772,5,7,8526,8,13.4912,1.2192,[175344 225456  22738],[<NA> <NA> <NA>],[<NA> <NA> <NA>],271772
269709,2020-09-28 22:44:26.584004+00:00,True,252.00034,88897234233461709,864691135976425327,30555,2024-12-18 19:01:57.063412+00:00,True,269709,5,7,8527,8,6.8098726,4.090311,[175248 220944  23561],[<NA> <NA> <NA>],[<NA> <NA> <NA>],269709
305051,2020-09-28 22:44:36.615227+00:00,True,267.52386,90164008799738216,864691135396115189,30664,2024-12-18 19:01:57.123876+00:00,True,305051,5,7,8652,8,3.3518317,5.467144,[184592 222160  21938],[<NA> <NA> <NA>],[<NA> <NA> <NA>],305051
305032,2020-09-28 22:45:08.056841+00:00,True,324.7094,89812027639804847,864691135510846217,30701,2024-12-18 19:01:57.144098+00:00,True,305032,5,7,8691,8,3.438596,9.259947,[182064 221088  21879],[<NA> <NA> <NA>],[<NA> <NA> <NA>],305032
269405,2020-09-28 22:42:13.228576+00:00,True,282.96576,88686265171688496,864691135760635214,30711,2024-12-18 19:01:57.149472+00:00,True,269405,5,7,8701,8,3.6347823,6.257181,[174112 222384  21682],[<NA> <NA> <NA>],[<NA> <NA> <NA>],269405
269498,2020-09-28 22:45:07.601609+00:00,True,322.0942,88826933940808826,864691135350420951,30726,2024-12-18 19:01:57.157920+00:00,True,269498,5,7,8716,8,4.661276,3.284661,[174880 221440  21882],[<NA> <NA> <NA>],[<NA> <NA> <NA>],269498
305113,2020-09-28 22:40:58.745199+00:00,True,315.14377,91641889933457039,864691135562410721,30794,2024-12-18 19:01:57.195522+00:00,True,305113,5,7,8790,8,9.328953,6.028212,[195152 223072  22410],[<NA> <NA> <NA>],[<NA> <NA> <NA>],305113
305184,2020-09-28 22:44:55.858528+00:00,True,298.66098,90234377677713769,864691135369002233,30835,2024-12-18 19:01:57.218368+00:00,True,305184,5,7,8840,8,4.4276633,10.916673,[185104 222400  22620],[<NA> <NA> <NA>],[<NA> <NA> <NA>],305184
269502,2020-09-28 22:44:23.471426+00:00,True,248.21727,88967602776531000,864691136968094158,30850,2024-12-18 19:01:57.226635+00:00,True,269502,5,7,8855,8,6.3040714,9.004998,[176080 220928  22152],[<NA> <NA> <NA>],[<NA> <NA> <NA>],269502
292671,2020-09-28 22:40:49.673282+00:00,True,225.59294,90642090131819352,864691136211325884,31287,2024-12-18 19:01:59.514441+00:00,True,292671,6,2,1724,2,3.11972,7.2946806,[188352 114080  21059],[<NA> <NA> <NA>],[<NA> <NA> <NA>],292671
292861,2020-09-28 22:45:01.167822+00:00,True,308.5551,90782415370778176,864691136137239691,31288,2024-12-18 19:01:59.514974+00:00,True,292861,6,2,1725,2,14.0328,1.869,[189104 111200  21854],[<NA> <NA> <NA>],[<NA> <NA> <NA>],292861
292734,2020-09-28 22:43:41.533998+00:00,True,294.29663,90571584016011523,864691135540272498,31289,2024-12-18 19:01:59.515529+00:00,True,292734,6,2,1726,2,3.2605755,8.087031,[187568 113216  21732],[<NA> <NA> <NA>],[<NA> <NA> <NA>],292734
291348,2020-09-28 22:42:50.774258+00:00,True,300.22043,91274859207930308,864691135309722950,31290,2024-12-18 19:01:59.516079+00:00,True,291348,6,2,1727,2,5.7014694,3.5057907,[192896 110208  22174],[<NA> <NA> <NA>],[<NA> <NA> <NA>],291348
292951,2020-09-28 22:44:13.651151+00:00,True,230.7331,90500940527985455,864691135587666812,31291,2024-12-18 19:01:59.516636+00:00,True,292951,6,2,1728,2,4.951803,7.7980037,[187312 111232  22632],[<NA> <NA> <NA>],[<NA> <NA> <NA>],292951
256443,2020-09-28 22:45:07.973333+00:00,True,324.1568,88601327697499328,864691136042982742,31312,2024-12-18 19:01:59.528326+00:00,True,256443,6,2,1752,2,13.120352,0.8357418,[173104 113744  20436],[<NA> <NA> <NA>],[<NA> <NA> <NA>],256443
256473,2020-09-28 22:41:26.514996+00:00,True,302.05017,89516533755228311,864691135853055175,31313,2024-12-18 19:01:59.528861+00:00,True,256473,6,2,1753,2,9.711028,0.18396322,[179888 116688  20509],[<NA> <NA> <NA>],[<NA> <NA> <NA>],256473
292712,2020-09-28 22:44:30.540031+00:00,True,257.90857,89797871360450461,864691135943593332,31314,2024-12-18 19:01:59.529398+00:00,True,292712,6,2,1754,2,6.836974,2.3321345,[182048 115584  21330],[<NA> <NA> <NA>],[<NA> <NA> <NA>],292712
256544,2020-09-28 22:45:17.839358+00:00,True,363.93008,89094527515872019,864691136229186129,31315,2024-12-18 19:01:59.529925+00:00,True,256544,6,2,1755,2,10.0963,3.6316,[176848 118336  21168],[<NA> <NA> <NA>],[<NA> <NA> <NA>],256544
256669,2020-09-28 22:43:22.310108+00:00,True,291.43155,89375246645623251,864691135498973715,31316,2024-12-18 19:01:59.530471+00:00,True,256669,6,2,1756,2,6.789603,6.7566257,[178880 112496  21851],[<NA> <NA> <NA>],[<NA> <NA> <NA>],256669
292838,2020-09-28 22:41:22.400526+00:00,True,285.25903,90149302965492552,864691135701629474,31317,2024-12-18 19:01:59.531021+00:00,True,292838,6,2,1757,2,4.582507,6.2821555,[184416 112704  22591],[<NA> <NA> <NA>],[<NA> <NA> <NA>],292838
256436,2020-09-28 22:45:13.736866+00:00,True,344.08365,88320402543343348,864691135448303762,31342,2024-12-18 19:01:59.545035+00:00,True,256436,6,2,1786,2,5.9447207,5.9895267,[171360 117872  20664],[<NA> <NA> <NA>],[<NA> <NA> <NA>],256436
256423,2020-09-28 22:45:11.631025+00:00,True,335.1221,88039133725295540,864691135584629613,31343,2024-12-18 19:01:59.545580+00:00,True,256423,6,2,1787,2,9.343547,3.46514,[169040 119120  20839],[<NA> <NA> <NA>],[<NA> <NA> <NA>],256423
256517,2020-09-28 22:44:59.157723+00:00,True,303.9712,88390633915721778,864691135351066583,31344,2024-12-18 19:01:59.546126+00:00,True,256517,6,2,1788,2,3.8303416,9.629249,[171728 116816  21211],[<NA> <NA> <NA>],[<NA> <NA> <NA>],256517
256610,2020-09-28 22:44:47.951377+00:00,True,284.42,88249896561494434,864691135928366606,31345,2024-12-18 19:01:59.546675+00:00,True,256610,6,2,1789,2,7.0479946,4.152078,[170864 116832  22166],[<NA> <NA> <NA>],[<NA> <NA> <NA>],256610
256548,2020-09-28 22:45:15.218772+00:00,True,346.18506,89234715315318693,864691136177778950,31547,2024-12-18 19:01:59.660273+00:00,True,256548,6,2,2007,2,3.5996094,6.5746813,[177760 114352  21510],[<NA> <NA> <NA>],[<NA> <NA> <NA>],256548
256512,2020-09-28 22:42:31.706886+00:00,True,320.44186,88038652823071807,864691135573191405,31616,2024-12-18 19:01:59.699406+00:00,True,256512,6,2,2084,2,2.8575115,6.3936057,[169472 115888  21788],[<NA> <NA> <NA>],[<NA> <NA> <NA>],256512
256766,2020-09-28 22:44:59.276471+00:00,True,304.47437,89164415424929687,864691135274195217,31634,2024-12-18 19:01:59.709324+00:00,True,256766,6,2,2105,2,6.597188,1.4400628,[177200 114624  22615],[<NA> <NA> <NA>],[<NA> <NA> <NA>],256766
292714,2020-09-28 22:45:01.664604+00:00,True,310.88147,89938540196086387,864691136976001308,31650,2024-12-18 19:01:59.718246+00:00,True,292714,6,2,2123,2,6.276568,5.706522,[183184 115008  21547],[<NA> <NA> <NA>],[<NA> <NA> <NA>],292714
291345,2020-09-28 22:41:16.200164+00:00,True,344.67413,91134259158791688,864691136177731846,31668,2024-12-18 19:01:59.728269+00:00,True,291345,6,2,2142,2,5.111605,8.512288,[191792 111008  22383],[<NA> <NA> <NA>],[<NA> <NA> <NA>],291345
256519,2020-09-28 22:44:59.395764+00:00,True,304.9385,88390633982556382,864691135276504549,31676,2024-12-18 19:01:59.732616+00:00,True,256519,6,2,2151,2,5.8988514,3.9864156,[171872 116864  21509],[<NA> <NA> <NA>],[<NA> <NA> <NA>],256519
256607,2020-09-28 22:43:45.403246+00:00,True,323.9058,88179046781337396,864691135947258916,31706,2024-12-18 19:01:59.749133+00:00,True,256607,6,2,2182,2,5.7204123,9.098287,[170208 113008  22507],[<NA> <NA> <NA>],[<NA> <NA> <NA>],256607
256435,2020-09-28 22:45:00.940412+00:00,True,307.51508,88249965012889400,864691136314404669,31733,2024-12-18 19:01:59.764196+00:00,True,256435,6,2,2210,2,2.3202317,6.1868405,[170752 117072  20449],[<NA> <NA> <NA>],[<NA> <NA> <NA>],256435
292728,2020-09-28 22:45:05.946027+00:00,True,318.60342,90360615155179836,864691136058646488,31738,2024-12-18 19:01:59.766919+00:00,True,292728,6,2,2217,2,3.450882,7.047893,[186096 114176  21111],[<NA> <NA> <NA>],[<NA> <NA> <NA>],292728
292700,2020-09-28 22:44:35.944942+00:00,True,265.45047,89516327730992048,864691135493620831,31754,2024-12-18 19:01:59.775801+00:00,True,292700,6,2,2233,2,3.5612097,7.530531,[180112 114928  21520],[<NA> <NA> <NA>],[<NA> <NA> <NA>],292700
292667,2020-09-28 22:45:21.223376+00:00,True,387.41098,90571721320546579,864691134919972106,31802,2024-12-18 19:01:59.802955+00:00,True,292667,6,2,2288,2,5.834253,6.783189,[187840 114048  20544],[<NA> <NA> <NA>],[<NA> <NA> <NA>],292667
292673,2020-09-28 22:45:13.489546+00:00,True,342.09595,90783514681151430,864691136813937267,31824,2024-12-18 19:01:59.815247+00:00,True,292673,6,2,2311,2,15.079397,-2.501909,[189280 119376  20359],[<NA> <NA> <NA>],[<NA> <NA> <NA>],292673
292945,2020-09-28 22:45:00.964419+00:00,True,307.65155,90290452770764125,864691135970226021,31854,2024-12-18 19:01:59.831792+00:00,True,292945,6,2,2342,2,12.129,-4.21299,[185888 115520  22631],[<NA> <NA> <NA>],[<NA> <NA> <NA>],292945
292646,2020-09-28 22:45:13.921913+00:00,True,345.55234,89868446128941331,864691135738969220,31900,2024-12-18 19:01:59.857339+00:00,True,292646,6,2,2395,2,4.4479566,8.542904,[182528 117344  20379],[<NA> <NA> <NA>],[<NA> <NA> <NA>],292646
256676,2020-09-28 22:41:10.745396+00:00,True,230.13048,89515915481621493,864691135739689073,31911,2024-12-18 19:01:59.863505+00:00,True,256676,6,2,2407,2,7.2648325,4.940919,[180032 111920  22362],[<NA> <NA> <NA>],[<NA> <NA> <NA>],256676
292680,2020-09-28 22:41:54.036078+00:00,True,373.76163,91064577474794079,864691135727867967,31987,2024-12-18 19:01:59.905943+00:00,True,292680,6,2,2491,2,12.6181,1.8957,[191328 115920  21048],[<NA> <NA> <NA>],[<NA> <NA> <NA>],292680
296397,2020-09-28 22:42:35.104501+00:00,True,256.08633,90224619176608047,864691134966025503,32495,2024-12-18 19:02:02.248068+00:00,True,296397,6,2,4549,4,5.323148,6.3161364,[185248 149360  20153],[<NA> <NA> <NA>],[<NA> <NA> <NA>],296397
296648,2020-09-28 22:45:03.003711+00:00,True,312.40192,90716856922718275,864691135694246079,32497,2024-12-18 19:02:02.249161+00:00,True,296648,6,2,4551,4,8.6372595,3.1681519,[188672 146864  21221],[<NA> <NA> <NA>],[<NA> <NA> <NA>],296648
296509,2020-09-28 22:41:57.474099+00:00,True,286.69986,89943144267236872,864691136392785279,32498,2024-12-18 19:02:02.249697+00:00,True,296509,6,2,4552,4,5.8290734,2.9428806,[183056 149488  20894],[<NA> <NA> <NA>],[<NA> <NA> <NA>],296509
296786,2020-09-28 22:44:17.090672+00:00,True,236.88577,90998744350374241,864691135405713902,32499,2024-12-18 19:02:02.250247+00:00,True,296786,6,2,4553,4,7.4258127,5.969071,[190592 149760  22133],[<NA> <NA> <NA>],[<NA> <NA> <NA>],296786
296642,2020-09-28 22:41:48.339505+00:00,True,295.39548,90646900562424056,864691136211385020,32500,2024-12-18 19:02:02.250780+00:00,True,296642,6,2,4554,4,7.8642836,3.7960844,[188208 150128  21664],[<NA> <NA> <NA>],[<NA> <NA> <NA>],296642
260433,2020-09-28 22:42:44.787745+00:00,True,327.72653,88817450451561934,864691135662774512,32526,2024-12-18 19:02:02.265822+00:00,True,260433,6,2,4584,4,6.120952,2.6894126,[175024 151040  20249],[<NA> <NA> <NA>],[<NA> <NA> <NA>],260433
260649,2020-09-28 22:42:37.258836+00:00,True,280.5344,89450563124843868,864691135465955397,32527,2024-12-18 19:02:02.266370+00:00,True,260649,6,2,4585,4,1.9865688,8.680933,[179456 149584  21162],[<NA> <NA> <NA>],[<NA> <NA> <NA>],260649
260548,2020-09-28 22:44:59.140141+00:00,True,303.92303,89169225520073388,864691137056393846,32528,2024-12-18 19:02:02.266914+00:00,True,260548,6,2,4586,4,2.1819804,10.502618,[177360 150528  20753],[<NA> <NA> <NA>],[<NA> <NA> <NA>],260548
296618,2020-09-28 22:44:30.463558+00:00,True,257.6651,90083744450518295,864691136954019039,32529,2024-12-18 19:02:02.267466+00:00,True,296618,6,2,4587,4,3.269453,9.117898,[184064 148272  21618],[<NA> <NA> <NA>],[<NA> <NA> <NA>],296618
296743,2020-09-28 22:44:34.121368+00:00,True,262.90732,90153975822742226,864691135510406921,32530,2024-12-18 19:02:02.268029+00:00,True,296743,6,2,4588,4,4.4713354,2.8962255,[184432 147552  22040],[<NA> <NA> <NA>],[<NA> <NA> <NA>],296743
260740,2020-09-28 22:44:13.256242+00:00,True,229.14548,89168744684965696,864691135990134784,32531,2024-12-18 19:02:02.268565+00:00,True,260740,6,2,4589,4,6.2587323,2.852648,[177552 147120  22175],[<NA> <NA> <NA>],[<NA> <NA> <NA>],260740
296739,2020-09-28 22:43:57.645628+00:00,True,189.59975,90013581931765078,864691135493546591,32532,2024-12-18 19:02:02.269126+00:00,True,296739,6,2,4590,4,12.147814,3.1735036,[183360 150080  22047],[<NA> <NA> <NA>],[<NA> <NA> <NA>],296739
260629,2020-09-28 22:41:02.967172+00:00,True,249.88533,88957775824433915,864691135387513685,32533,2024-12-18 19:02:02.269831+00:00,True,260629,6,2,4591,4,6.215642,7.826219,[175872 148112  21814],[<NA> <NA> <NA>],[<NA> <NA> <NA>],260629
260615,2020-09-28 22:41:24.091406+00:00,True,270.48804,88395100748909013,864691136363303138,32553,2024-12-18 19:02:02.280898+00:00,True,260615,6,2,4615,4,3.6798735,11.092462,[171744 150144  21818],[<NA> <NA> <NA>],[<NA> <NA> <NA>],260615
260690,2020-09-28 22:44:26.836484+00:00,True,252.73631,88043119656150966,864691135688387040,32670,2024-12-18 19:02:02.346111+00:00,True,260690,6,2,4740,4,2.568184,8.496166,[169280 149136  22318],[<NA> <NA> <NA>],[<NA> <NA> <NA>],260690
296628,2020-09-28 22:45:11.969751+00:00,True,337.3949,90294919335597425,864691136041575422,32755,2024-12-18 19:02:02.394338+00:00,True,296628,6,2,4830,4,1.2929406,13.618619,[185568 148912  21272],[<NA> <NA> <NA>],[<NA> <NA> <NA>],296628
296554,2020-09-28 22:45:09.862416+00:00,True,330.15643,91280012900528155,864691135271077541,32810,2024-12-18 19:02:02.425815+00:00,True,296554,6,2,4889,4,5.34339,7.0969462,[193056 148640  20312],[<NA> <NA> <NA>],[<NA> <NA> <NA>],296554
260603,2020-09-28 22:45:06.097955+00:00,True,319.38248,88183719571431701,864691135209432185,32875,2024-12-18 19:02:02.462020+00:00,True,260603,6,2,4956,4,9.614148,3.606018,[170192 147984  21335],[<NA> <NA> <NA>],[<NA> <NA> <NA>],260603
260559,2020-09-28 22:43:14.866906+00:00,True,211.50842,89380537844096167,864691135571515270,32879,2024-12-18 19:02:02.464304+00:00,True,260559,6,2,4961,4,5.9263177,2.964207,[178992 151872  20381],[<NA> <NA> <NA>],[<NA> <NA> <NA>],260559
260504,2020-09-28 22:44:26.751401+00:00,True,252.47957,87902725563933512,864691135725920939,32907,2024-12-18 19:02:02.479570+00:00,True,260504,6,2,4992,4,1.8201545,7.6415997,[168256 151392  20841],[<NA> <NA> <NA>],[<NA> <NA> <NA>],260504
296377,2020-09-28 22:42:35.478060+00:00,True,255.62186,89872981614253289,864691135838788755,32923,2024-12-18 19:02:02.488506+00:00,True,296377,6,2,5013,4,3.0772784,10.461311,[182592 151104  20247],[<NA> <NA> <NA>],[<NA> <NA> <NA>],296377
260743,2020-09-28 22:40:53.718000+00:00,True,260.44858,89168950910397547,864691135274816017,32949,2024-12-18 19:02:02.502748+00:00,True,260743,6,2,5042,4,3.8715572,9.585576,[177456 148592  22597],[<NA> <NA> <NA>],[<NA> <NA> <NA>],260743
260623,2020-09-28 22:44:57.184206+00:00,True,299.71448,88887475732370468,864691135520105354,32960,2024-12-18 19:02:02.508895+00:00,True,260623,6,2,5053,4,5.6977067,1.955561,[175312 148544  21082],[<NA> <NA> <NA>],[<NA> <NA> <NA>],260623
296650,2020-09-28 22:45:03.505266+00:00,True,315.12543,90716925709045800,864691136991359893,33014,2024-12-18 19:02:04.422829+00:00,True,296650,6,2,5111,4,4.978337,6.111533,[188832 147520  21519],[<NA> <NA> <NA>],[<NA> <NA> <NA>],296650
260705,2020-09-28 22:44:36.169281+00:00,True,266.15118,88535425987372472,864691135989943040,33046,2024-12-18 19:02:04.440301+00:00,True,260705,6,2,5146,4,9.040747,2.244168,[172704 147120  22205],[<NA> <NA> <NA>],[<NA> <NA> <NA>],260705
260536,2020-09-28 22:44:51.748127+00:00,True,290.92676,88887544384930048,864691135655894978,33063,2024-12-18 19:02:04.449558+00:00,True,260536,6,2,5164,4,7.6487436,0.6586407,[175312 148848  20723],[<NA> <NA> <NA>],[<NA> <NA> <NA>],260536
296535,2020-09-28 22:44:34.526167+00:00,True,264.06503,90646762989123863,864691136026254649,33078,2024-12-18 19:02:04.457840+00:00,True,296535,6,2,5181,4,5.506589,9.517345,[188432 148736  20529],[<NA> <NA> <NA>],[<NA> <NA> <NA>],296535
300958,2020-09-28 22:44:53.641246+00:00,True,294.00842,90299248595568184,864691136675427975,33592,2024-12-18 19:02:04.740978+00:00,True,300958,6,2,6927,6,9.289537,3.2242541,[185792 181056  20756],[<NA> <NA> <NA>],[<NA> <NA> <NA>],300958
301115,2020-09-28 22:41:38.535914+00:00,True,248.76515,91003142329826665,864691136579629844,33593,2024-12-18 19:02:04.741657+00:00,True,301115,6,2,6928,6,2.0789838,6.7249517,[190848 182704  21665],[<NA> <NA> <NA>],[<NA> <NA> <NA>],301115
301119,2020-09-28 22:41:10.752903+00:00,True,278.575,91213973684426061,864691136118771108,33595,2024-12-18 19:02:04.742740+00:00,True,301119,6,2,6930,6,8.154867,2.4551768,[192048 180656  21639],[<NA> <NA> <NA>],[<NA> <NA> <NA>],301119
301225,2020-09-28 22:45:22.849556+00:00,True,402.34125,90721873578469059,864691136905560754,33596,2024-12-18 19:02:04.743289+00:00,True,301225,6,2,6931,6,7.469984,1.8760768,[188960 184416  22034],[<NA> <NA> <NA>],[<NA> <NA> <NA>],301225
301192,2020-09-28 22:44:53.994640+00:00,True,295.3978,89877242490305606,864691134949248508,33612,2024-12-18 19:02:04.752080+00:00,True,301192,6,2,6950,6,2.5055194,6.987511,[182512 182928  22365],[<NA> <NA> <NA>],[<NA> <NA> <NA>],301192
264776,2020-09-28 22:45:07.623694+00:00,True,322.20694,88048067257143692,864691136452609023,33627,2024-12-18 19:02:04.760340+00:00,True,264776,6,2,6966,6,3.7327862,5.77164,[169248 185680  20779],[<NA> <NA> <NA>],[<NA> <NA> <NA>],264776
264917,2020-09-28 22:42:17.510663+00:00,True,297.20395,88962586187765743,864691135014966262,33628,2024-12-18 19:02:04.760878+00:00,True,264917,6,2,6967,6,2.1204145,5.801298,[175776 184000  21791],[<NA> <NA> <NA>],[<NA> <NA> <NA>],264917
265033,2020-09-28 22:44:41.746301+00:00,True,274.12088,89032748773625470,864691134949263100,33629,2024-12-18 19:02:04.761423+00:00,True,265033,6,2,6968,6,8.42361,1.79589,[176352 182000  21896],[<NA> <NA> <NA>],[<NA> <NA> <NA>],265033
265008,2020-09-28 22:43:43.244325+00:00,True,290.6379,88610605095247783,864691136034464443,33630,2024-12-18 19:02:04.761954+00:00,True,265008,6,2,6969,6,5.1664367,7.3323746,[173408 182544  22502],[<NA> <NA> <NA>],[<NA> <NA> <NA>],265008
265037,2020-09-28 22:41:26.590839+00:00,True,286.28125,89244404829115036,864691136425681967,33631,2024-12-18 19:02:04.762515+00:00,True,265037,6,2,6970,6,14.6933,2.741,[178016 186544  22452],[<NA> <NA> <NA>],[<NA> <NA> <NA>],265037
301216,2020-09-28 22:44:13.770098+00:00,True,231.25197,90440192443462131,864691136125956134,33708,2024-12-18 19:02:04.805014+00:00,True,301216,6,2,7054,6,2.5547004,6.183056,[186800 182960  22134],[<NA> <NA> <NA>],[<NA> <NA> <NA>],301216
264580,2020-09-28 22:42:46.839706+00:00,True,361.72678,87907329701715670,864691135571192966,33721,2024-12-18 19:02:04.812174+00:00,True,264580,6,2,7068,6,3.351126,7.2500963,[168144 185744  20252],[<NA> <NA> <NA>],[<NA> <NA> <NA>],264580
264997,2020-09-28 22:45:03.341128+00:00,True,314.13977,88329267556959862,864691136619096795,33781,2024-12-18 19:02:04.845344+00:00,True,264997,6,2,7133,6,2.847158,6.6504626,[171328 183712  22050],[<NA> <NA> <NA>],[<NA> <NA> <NA>],264997
264928,2020-09-28 22:45:11.296531+00:00,True,332.75247,89173348755958966,864691135587519868,33796,2024-12-18 19:02:04.853574+00:00,True,264928,6,2,7151,6,10.367611,4.8702707,[177232 181264  21414],[<NA> <NA> <NA>],[<NA> <NA> <NA>],264928
264841,2020-09-28 22:41:42.738553+00:00,True,362.6723,89243854871867548,864691135877825107,33848,2024-12-18 19:02:04.882601+00:00,True,264841,6,2,7206,6,8.02654,2.8398678,[178112 182224  20782],[<NA> <NA> <NA>],[<NA> <NA> <NA>],264841
301095,2020-09-28 22:45:17.936978+00:00,True,365.15118,90229429674273122,864691135617152361,33850,2024-12-18 19:02:04.883699+00:00,True,301095,6,2,7208,6,8.346547,5.2900443,[185152 185344  21255],[<NA> <NA> <NA>],[<NA> <NA> <NA>],301095
301236,2020-09-28 22:43:57.679365+00:00,True,189.91153,91073579860478663,864691135409859785,33853,2024-12-18 19:02:04.885358+00:00,True,301236,6,2,7211,6,7.2824216,5.331682,[191104 183312  22101],[<NA> <NA> <NA>],[<NA> <NA> <NA>],301236
301182,2020-09-28 22:45:09.727603+00:00,True,329.05594,89595973605053445,864691136380757461,33905,2024-12-18 19:02:04.913886+00:00,True,301182,6,2,7263,6,5.432592,4.730251,[180368 184256  21942],[<NA> <NA> <NA>],[<NA> <NA> <NA>],301182
301198,2020-09-28 22:44:49.473335+00:00,True,286.3848,90088417442091280,864691135280481697,33920,2024-12-18 19:02:04.922134+00:00,True,301198,6,2,7281,6,4.074396,7.19657,[184160 183312  22166],[<NA> <NA> <NA>],[<NA> <NA> <NA>],301198
265054,2020-09-28 22:42:19.116608+00:00,True,278.53915,89455236183519285,864691135340055782,33935,2024-12-18 19:02:04.930361+00:00,True,265054,6,2,7297,6,4.8758173,4.862933,[179680 184112  22243],[<NA> <NA> <NA>],[<NA> <NA> <NA>],265054
264987,2020-09-28 22:45:14.009737+00:00,True,345.89066,88118161324609768,864691135209947769,34018,2024-12-18 19:02:06.904786+00:00,True,264987,6,2,7389,6,9.27708,2.73252,[169696 184000  22201],[<NA> <NA> <NA>],[<NA> <NA> <NA>],264987
264846,2020-09-28 22:43:14.086886+00:00,True,342.58978,89314361054755294,864691136238090767,34117,2024-12-18 19:02:06.959253+00:00,True,264846,6,2,7497,6,5.2977624,8.247361,[178656 183024  20589],[<NA> <NA> <NA>],[<NA> <NA> <NA>],264846
305110,2020-09-28 22:42:29.987709+00:00,True,291.03867,91570559116360958,864691135750642473,34326,2024-12-18 19:02:07.075657+00:00,True,305110,6,2,8448,8,5.2694716,1.6557167,[194864 216128  22205],[<NA> <NA> <NA>],[<NA> <NA> <NA>],305110
305205,2020-09-28 22:40:56.785507+00:00,True,320.03818,90374909075043338,864691135431089968,34331,2024-12-18 19:02:07.078454+00:00,True,305205,6,2,8455,8,12.0146,2.3727,[186240 220736  23377],[<NA> <NA> <NA>],[<NA> <NA> <NA>],305205
305173,2020-09-28 22:44:55.078390+00:00,True,295.7199,89952284292717350,864691135499283987,34332,2024-12-18 19:02:07.079012+00:00,True,305173,6,2,8456,8,6.718214,6.9695787,[182960 217552  23049],[<NA> <NA> <NA>],[<NA> <NA> <NA>],305173
269405,2020-09-28 22:42:13.228576+00:00,True,282.96576,88686265171688496,864691135760635214,34342,2024-12-18 19:02:07.084591+00:00,True,269405,6,2,8467,8,9.17411,1.88799,[174112 222384  21682],[<NA> <NA> <NA>],[<NA> <NA> <NA>],269405
269502,2020-09-28 22:44:23.471426+00:00,True,248.21727,88967602776531000,864691136968094158,34343,2024-12-18 19:02:07.085151+00:00,True,269502,6,2,8468,8,6.458261,11.783572,[176080 220928  22152],[<NA> <NA> <NA>],[<NA> <NA> <NA>],269502
269709,2020-09-28 22:44:26.584004+00:00,True,252.00034,88897234233461709,864691135976425327,34344,2024-12-18 19:02:07.085691+00:00,True,269709,6,2,8469,8,4.178448,6.5976987,[175248 220944  23561],[<NA> <NA> <NA>],[<NA> <NA> <NA>],269709
305200,2020-09-28 22:45:05.405106+00:00,True,316.13336,90444865435207129,864691135388828033,34481,2024-12-18 19:02:07.161776+00:00,True,305200,6,2,8615,8,2.719004,9.901094,[186608 217536  22821],[<NA> <NA> <NA>],[<NA> <NA> <NA>],305200
269613,2020-09-28 22:44:21.289256+00:00,True,244.51613,89037627990737034,864691136579358228,34498,2024-12-18 19:02:07.172114+00:00,True,269613,6,2,8633,8,6.6825175,0.5929206,[176576 218448  22955],[<NA> <NA> <NA>],[<NA> <NA> <NA>],269613
304974,2020-09-28 22:44:34.125966+00:00,True,262.92307,90515027819429359,864691136111478968,34505,2024-12-18 19:02:07.176722+00:00,True,304974,6,2,8640,8,9.160175,2.4501486,[187040 215984  21112],[<NA> <NA> <NA>],[<NA> <NA> <NA>],304974
304976,2020-09-28 22:45:19.531087+00:00,True,374.1075,90726477716328700,864691135578670597,34558,2024-12-18 19:02:07.207410+00:00,True,304976,6,2,8698,8,2.9244704,9.110645,[188864 218656  21533],[<NA> <NA> <NA>],[<NA> <NA> <NA>],304976
292674,2020-09-28 22:45:11.529117+00:00,True,334.37253,90782415236377623,864691135490326074,34977,2024-12-18 19:02:07.444461+00:00,True,292674,6,4,1570,2,4.779001,5.2231636,[189296 110976  20651],[<NA> <NA> <NA>],[<NA> <NA> <NA>],292674
291208,2020-09-28 22:42:34.928428+00:00,True,334.64517,91133984146794451,864691136144827444,34978,2024-12-18 19:02:07.445010+00:00,True,291208,6,4,1571,2,4.1903415,3.7621436,[191776 109104  21470],[<NA> <NA> <NA>],[<NA> <NA> <NA>],291208
292861,2020-09-28 22:45:01.167822+00:00,True,308.5551,90782415370778176,864691136137239691,34979,2024-12-18 19:02:07.445556+00:00,True,292861,6,4,1572,2,11.382119,-2.7538981,[189104 111200  21854],[<NA> <NA> <NA>],[<NA> <NA> <NA>],292861
291335,2020-09-28 22:41:30.240874+00:00,True,322.6742,90852509237063649,864691136664950750,34980,2024-12-18 19:02:07.446146+00:00,True,291335,6,4,1573,2,2.9674406,4.1401343,[189648 108816  21882],[<NA> <NA> <NA>],[<NA> <NA> <NA>],291335
291179,2020-09-28 22:41:36.598495+00:00,True,391.6138,90571102979733228,864691135502885954,34981,2024-12-18 19:02:07.446687+00:00,True,291179,6,4,1574,2,2.2649012,6.6808853,[187616 109440  21807],[<NA> <NA> <NA>],[<NA> <NA> <NA>],291179
291326,2020-09-28 22:40:44.439728+00:00,True,224.69444,90430228186324001,864691135398817569,34983,2024-12-18 19:02:07.447921+00:00,True,291326,6,4,1576,2,2.9479737,6.013202,[186640 108656  22542],[<NA> <NA> <NA>],[<NA> <NA> <NA>],291326
256456,2020-09-28 22:45:24.758168+00:00,True,438.20514,88953240204708144,864691136138779517,35008,2024-12-18 19:02:09.378481+00:00,True,256456,6,4,1603,2,7.131695,6.2298493,[176112 114336  20769],[<NA> <NA> <NA>],[<NA> <NA> <NA>],256456
292711,2020-09-28 22:45:21.154934+00:00,True,385.88367,89797390323831708,864691136603811281,35009,2024-12-18 19:02:09.379035+00:00,True,292711,6,4,1604,2,3.6194675,8.847059,[182080 112288  21095],[<NA> <NA> <NA>],[<NA> <NA> <NA>],292711
256471,2020-09-28 22:40:51.254773+00:00,True,278.95203,89445615255706987,864691136619529179,35010,2024-12-18 19:02:09.379562+00:00,True,256471,6,4,1605,2,3.3990376,3.21914,[179504 112352  20886],[<NA> <NA> <NA>],[<NA> <NA> <NA>],256471
291161,2020-09-28 22:41:20.559577+00:00,True,322.96353,90148821795140164,864691136010651052,35011,2024-12-18 19:02:09.380102+00:00,True,291161,6,4,1606,2,5.5004816,7.617633,[184384 108896  21755],[<NA> <NA> <NA>],[<NA> <NA> <NA>],291161
291304,2020-09-28 22:42:50.963102+00:00,True,287.444,89867484324205391,864691135562780385,35012,2024-12-18 19:02:09.380638+00:00,True,291304,6,4,1607,2,4.314547,8.370618,[182608 110144  22029],[<NA> <NA> <NA>],[<NA> <NA> <NA>],291304
255289,2020-09-28 22:40:58.694391+00:00,True,264.24066,89515434512067690,864691135764932662,35015,2024-12-18 19:02:09.382273+00:00,True,255289,6,4,1610,2,6.161612,5.52873,[180048 108416  22594],[<NA> <NA> <NA>],[<NA> <NA> <NA>],255289
256609,2020-09-28 22:45:05.508416+00:00,True,316.75186,88178978061378529,864691137198691137,35041,2024-12-18 19:02:09.396620+00:00,True,256609,6,4,1639,2,3.330219,11.160961,[170464 112688  22069],[<NA> <NA> <NA>],[<NA> <NA> <NA>],256609
256595,2020-09-28 22:42:43.582158+00:00,True,266.86914,87897296993310090,864691135994226881,35042,2024-12-18 19:02:09.397161+00:00,True,256595,6,4,1640,2,4.8677106,5.2167892,[168176 111280  22537],[<NA> <NA> <NA>],[<NA> <NA> <NA>],256595
256536,2020-09-28 22:42:54.447332+00:00,True,326.03094,88882596716825922,864691134887552506,35043,2024-12-18 19:02:09.397693+00:00,True,256536,6,4,1641,2,4.0711513,8.094177,[175184 112320  21779],[<NA> <NA> <NA>],[<NA> <NA> <NA>],256536
255258,2020-09-28 22:40:46.469489+00:00,True,297.09238,88319165861083151,864691135351022807,35046,2024-12-18 19:02:09.399286+00:00,True,255258,6,4,1644,2,8.43558,2.10642,[171472 108720  22630],[<NA> <NA> <NA>],[<NA> <NA> <NA>],255258
256443,2020-09-28 22:45:07.973333+00:00,True,324.1568,88601327697499328,864691136042982742,35173,2024-12-18 19:02:09.469328+00:00,True,256443,6,4,1781,2,2.4319715,10.648932,[173104 113744  20436],[<NA> <NA> <NA>],[<NA> <NA> <NA>],256443
255215,2020-09-28 22:43:39.991818+00:00,True,337.93326,88811953161883743,864691135892048777,35249,2024-12-18 19:02:09.510637+00:00,True,255215,6,4,1862,2,6.3166046,3.6531005,[174880 109920  22317],[<NA> <NA> <NA>],[<NA> <NA> <NA>],255215
256510,2020-09-28 22:43:55.859702+00:00,True,366.70242,88038309225634916,864691135685087474,35319,2024-12-18 19:02:09.548477+00:00,True,256510,6,4,1939,2,4.043686,8.81196,[169008 113040  21735],[<NA> <NA> <NA>],[<NA> <NA> <NA>],256510
291318,2020-09-28 22:42:39.215738+00:00,True,260.57867,90219190606187504,864691135741874836,35350,2024-12-18 19:02:09.565466+00:00,True,291318,6,4,1971,2,5.2197065,6.4544497,[185248 109248  22072],[<NA> <NA> <NA>],[<NA> <NA> <NA>],291318
256449,2020-09-28 22:43:23.767701+00:00,True,315.00616,88742065252966980,864691135839950227,35391,2024-12-18 19:02:09.587543+00:00,True,256449,6,4,2014,2,4.7958617,8.101868,[174240 113824  20992],[<NA> <NA> <NA>],[<NA> <NA> <NA>],256449
256507,2020-09-28 22:44:14.009007+00:00,True,232.32709,87897571670076296,864691135993020097,35435,2024-12-18 19:02:09.611419+00:00,True,256507,6,4,2066,2,2.70477,12.92713,[168160 113296  21138],[<NA> <NA> <NA>],[<NA> <NA> <NA>],256507
256651,2020-09-28 22:41:08.661633+00:00,True,298.7393,89234303066124452,864691135164887085,35457,2024-12-18 19:02:09.623330+00:00,True,256651,6,4,2093,2,5.3264217,2.5200157,[178144 111168  22503],[<NA> <NA> <NA>],[<NA> <NA> <NA>],256651
291339,2020-09-28 22:41:16.244273+00:00,True,365.46216,91063546817100593,864691135342594225,35478,2024-12-18 19:02:09.634791+00:00,True,291339,6,4,2117,2,3.7347739,4.0583243,[191264 108496  22290],[<NA> <NA> <NA>],[<NA> <NA> <NA>],291339
292647,2020-09-28 22:44:52.092362+00:00,True,292.11606,89867896373195343,864691136364308962,35524,2024-12-18 19:02:09.660011+00:00,True,292647,6,4,2174,2,1.746664,9.031026,[182752 112912  20453],[<NA> <NA> <NA>],[<NA> <NA> <NA>],292647
292684,2020-09-28 22:45:19.428363+00:00,True,372.53873,91134396396288966,864691134950156796,35597,2024-12-18 19:02:09.699449+00:00,True,292684,6,4,2254,2,5.4202504,4.656548,[192032 112224  20746],[<NA> <NA> <NA>],[<NA> <NA> <NA>],292684
256676,2020-09-28 22:41:10.745396+00:00,True,230.13048,89515915481621493,864691135739689073,35609,2024-12-18 19:02:09.705966+00:00,True,256676,6,4,2268,2,9.706921,0.54813457,[180032 111920  22362],[<NA> <NA> <NA>],[<NA> <NA> <NA>],256676
292648,2020-09-28 22:44:59.386180+00:00,True,304.90295,89868033879005359,864691136043380566,35623,2024-12-18 19:02:09.713619+00:00,True,292648,6,4,2283,2,9.37157,0.58612,[182720 114128  20744],[<NA> <NA> <NA>],[<NA> <NA> <NA>],292648
291348,2020-09-28 22:42:50.774258+00:00,True,300.22043,91274859207930308,864691135309722950,35632,2024-12-18 19:02:09.718500+00:00,True,291348,6,4,2294,2,4.7607827,5.8461804,[192896 110208  22174],[<NA> <NA> <NA>],[<NA> <NA> <NA>],291348
292577,2020-09-28 22:43:16.526659+00:00,True,366.00873,90571377656296855,864691136268801268,35634,2024-12-18 19:02:09.719586+00:00,True,292577,6,4,2296,2,7.076761,3.7772975,[187792 111456  20239],[<NA> <NA> <NA>],[<NA> <NA> <NA>],292577
296535,2020-09-28 22:44:34.526167+00:00,True,264.06503,90646762989123863,864691136026254649,36161,2024-12-18 19:02:11.863039+00:00,True,296535,6,4,4356,4,10.307749,2.0347211,[188432 148736  20529],[<NA> <NA> <NA>],[<NA> <NA> <NA>],296535
296528,2020-09-28 22:43:02.211894+00:00,True,303.0183,90365219293391252,864691136391042167,36163,2024-12-18 19:02:11.864147+00:00,True,296528,6,4,4358,4,9.162028,2.9829457,[186080 148288  20933],[<NA> <NA> <NA>],[<NA> <NA> <NA>],296528
296648,2020-09-28 22:45:03.003711+00:00,True,312.40192,90716856922718275,864691135694246079,36164,2024-12-18 19:02:11.864684+00:00,True,296648,6,4,4359,4,5.186371,8.433404,[188672 146864  21221],[<NA> <NA> <NA>],[<NA> <NA> <NA>],296648
296511,2020-09-28 22:44:39.968843+00:00,True,271.49567,90013375572167849,864691136742244188,36165,2024-12-18 19:02:11.865237+00:00,True,296511,6,4,4360,4,6.8203697,6.446528,[183776 148320  20611],[<NA> <NA> <NA>],[<NA> <NA> <NA>],296511
296803,2020-09-28 22:43:58.090805+00:00,True,194.15236,91279600851706310,864691136381243349,36166,2024-12-18 19:02:11.865778+00:00,True,296803,6,4,4361,4,4.1610394,8.458184,[192736 145520  22073],[<NA> <NA> <NA>],[<NA> <NA> <NA>],296803
294671,2020-09-28 22:42:48.913406+00:00,True,299.33093,90575363721151543,864691135731679929,36167,2024-12-18 19:02:11.866327+00:00,True,294671,6,4,4362,4,16.0395,1.7496,[187632 141312  22539],[<NA> <NA> <NA>],[<NA> <NA> <NA>],294671
260450,2020-09-28 22:41:22.261053+00:00,True,228.06316,88957913062102254,864691135662825456,36188,2024-12-18 19:02:11.878473+00:00,True,260450,6,4,4389,4,5.6585674,4.101124,[176032 148992  20310],[<NA> <NA> <NA>],[<NA> <NA> <NA>],260450
260643,2020-09-28 22:43:27.648653+00:00,True,328.13956,89379919502953833,864691135196385578,36189,2024-12-18 19:02:11.879022+00:00,True,260643,6,4,4390,4,8.88052,-1.90325,[178816 147440  21340],[<NA> <NA> <NA>],[<NA> <NA> <NA>],260643
296482,2020-09-28 22:41:38.677010+00:00,True,307.50293,89590819576738450,864691136033227451,36190,2024-12-18 19:02:11.879557+00:00,True,296482,6,4,4391,4,3.734435,8.768973,[180320 145936  21057],[<NA> <NA> <NA>],[<NA> <NA> <NA>],296482
296728,2020-09-28 22:44:13.733856+00:00,True,231.08517,89660982230114829,864691135779705021,36191,2024-12-18 19:02:11.880100+00:00,True,296728,6,4,4392,4,3.661338,6.300543,[181232 144512  21996],[<NA> <NA> <NA>],[<NA> <NA> <NA>],296728
260740,2020-09-28 22:44:13.256242+00:00,True,229.14548,89168744684965696,864691135990134784,36192,2024-12-18 19:02:11.880637+00:00,True,260740,6,4,4393,4,6.2148714,5.8013673,[177552 147120  22175],[<NA> <NA> <NA>],[<NA> <NA> <NA>],260740
260722,2020-09-28 22:44:59.054286+00:00,True,303.54276,88886926043985578,864691135417313722,36193,2024-12-18 19:02:11.881185+00:00,True,260722,6,4,4394,4,8.328204,1.173422,[175616 144496  21881],[<NA> <NA> <NA>],[<NA> <NA> <NA>],260722
294661,2020-09-28 22:41:26.659665+00:00,True,300.23663,90012688511994079,864691135520064650,36194,2024-12-18 19:02:11.881723+00:00,True,294661,6,4,4395,4,10.1651,-1.84378,[183408 143504  21973],[<NA> <NA> <NA>],[<NA> <NA> <NA>],294661
260518,2020-09-28 22:44:36.700934+00:00,True,267.75797,88324594431547526,864691136101340021,36212,2024-12-18 19:02:11.891604+00:00,True,260518,6,4,4417,4,5.503149,6.1351175,[171520 148896  20751],[<NA> <NA> <NA>],[<NA> <NA> <NA>],260518
260700,2020-09-28 22:44:15.563422+00:00,True,234.72046,88323976090543890,864691135157198692,36213,2024-12-18 19:02:11.892147+00:00,True,260700,6,4,4418,4,8.653455,5.839271,[171552 144112  21874],[<NA> <NA> <NA>],[<NA> <NA> <NA>],260700
260705,2020-09-28 22:44:36.169281+00:00,True,266.15118,88535425987372472,864691135989943040,36214,2024-12-18 19:02:11.892674+00:00,True,260705,6,4,4419,4,5.173505,4.003029,[172704 147120  22205],[<NA> <NA> <NA>],[<NA> <NA> <NA>],260705
260592,2020-09-28 22:44:41.861588+00:00,True,274.41348,87972544686128827,864691135387988609,36382,2024-12-18 19:02:11.985484+00:00,True,260592,6,4,4600,4,3.953287,7.5161414,[168784 147648  21524],[<NA> <NA> <NA>],[<NA> <NA> <NA>],260592
260697,2020-09-28 22:44:13.518990+00:00,True,230.16522,88253813571803522,864691135886130288,36546,2024-12-18 19:02:12.076444+00:00,True,260697,6,4,4776,4,2.079182,8.801129,[170656 145840  22281],[<NA> <NA> <NA>],[<NA> <NA> <NA>],260697
260603,2020-09-28 22:45:06.097955+00:00,True,319.38248,88183719571431701,864691135209432185,36553,2024-12-18 19:02:12.080301+00:00,True,260603,6,4,4783,4,6.7813463,5.7716055,[170192 147984  21335],[<NA> <NA> <NA>],[<NA> <NA> <NA>],260603
260555,2020-09-28 22:41:16.121053+00:00,True,236.67442,89309756783156730,864691135342541509,36638,2024-12-18 19:02:12.126469+00:00,True,260555,6,4,4873,4,6.1720176,6.943599,[178240 148752  20455],[<NA> <NA> <NA>],[<NA> <NA> <NA>],260555
260536,2020-09-28 22:44:51.748127+00:00,True,290.92676,88887544384930048,864691135655894978,36646,2024-12-18 19:02:12.130767+00:00,True,260536,6,4,4881,4,6.357747,4.9827356,[175312 148848  20723],[<NA> <NA> <NA>],[<NA> <NA> <NA>],260536
260623,2020-09-28 22:44:57.184206+00:00,True,299.71448,88887475732370468,864691135520105354,36708,2024-12-18 19:02:12.165199+00:00,True,260623,6,4,4947,4,8.118727,2.1846995,[175312 148544  21082],[<NA> <NA> <NA>],[<NA> <NA> <NA>],260623
296650,2020-09-28 22:45:03.505266+00:00,True,315.12543,90716925709045800,864691136991359893,36779,2024-12-18 19:02:12.205295+00:00,True,296650,6,4,5023,4,11.780571,1.9408734,[188832 147520  21519],[<NA> <NA> <NA>],[<NA> <NA> <NA>],296650
260639,2020-09-28 22:40:46.535734+00:00,True,305.59518,89239182081413462,864691135503287618,36853,2024-12-18 19:02:12.245342+00:00,True,260639,6,4,5108,4,7.14177,7.33863,[178128 147168  21609],[<NA> <NA> <NA>],[<NA> <NA> <NA>],260639
294605,2020-09-28 22:41:36.642169+00:00,True,305.0011,91279325839844437,864691135214986368,36897,2024-12-18 19:02:12.269508+00:00,True,294605,6,4,5163,4,8.176087,2.8257396,[192704 143360  21243],[<NA> <NA> <NA>],[<NA> <NA> <NA>],294605
296726,2020-09-28 22:44:57.125231+00:00,True,299.48083,89660913577300229,864691135698211994,36904,2024-12-18 19:02:12.273270+00:00,True,296726,6,4,5170,4,6.823686,3.802602,[180976 143888  22162],[<NA> <NA> <NA>],[<NA> <NA> <NA>],296726
294694,2020-09-28 22:43:18.266845+00:00,True,312.37094,90786676045362952,864691135885911920,36931,2024-12-18 19:02:12.289185+00:00,True,294694,6,4,5202,4,11.862688,0.911339,[189152 142800  22311],[<NA> <NA> <NA>],[<NA> <NA> <NA>],294694
300955,2020-09-28 22:45:15.231987+00:00,True,346.33072,90299248595218559,864691136674495623,37279,2024-12-18 19:02:14.380141+00:00,True,300955,6,4,6856,6,3.434785,5.119583,[185568 181040  20488],[<NA> <NA> <NA>],[<NA> <NA> <NA>],300955
301003,2020-09-28 22:41:55.393779+00:00,True,272.83014,90932292482047141,864691136298624539,37280,2024-12-18 19:02:14.380674+00:00,True,301003,6,4,6857,6,3.3846545,9.045975,[190448 178992  21020],[<NA> <NA> <NA>],[<NA> <NA> <NA>],301003
300986,2020-09-28 22:44:47.818506+00:00,True,283.88574,90861854951370151,864691135646017007,37281,2024-12-18 19:02:14.381221+00:00,True,300986,6,4,6858,6,6.5771675,7.3486114,[189552 178432  20566],[<NA> <NA> <NA>],[<NA> <NA> <NA>],300986
301119,2020-09-28 22:41:10.752903+00:00,True,278.575,91213973684426061,864691136118771108,37282,2024-12-18 19:02:14.381751+00:00,True,301119,6,4,6859,6,6.4258847,4.033784,[192048 180656  21639],[<NA> <NA> <NA>],[<NA> <NA> <NA>],301119
301319,2020-09-28 22:44:32.504503+00:00,True,260.93616,90721186450905297,864691135157994084,37283,2024-12-18 19:02:14.382291+00:00,True,301319,6,4,6860,6,3.3072536,13.316158,[188736 178928  22629],[<NA> <NA> <NA>],[<NA> <NA> <NA>],301319
264719,2020-09-28 22:42:41.294631+00:00,True,350.00156,89102842438355845,864691135572346349,37299,2024-12-18 19:02:14.390975+00:00,True,264719,6,4,6877,6,6.3697987,6.6648045,[176816 180272  20152],[<NA> <NA> <NA>],[<NA> <NA> <NA>],264719
300763,2020-09-28 22:43:14.577415+00:00,True,238.62215,89806255002282134,864691135015154934,37300,2024-12-18 19:02:14.391515+00:00,True,300763,6,4,6878,6,12.037837,1.850447,[182048 178240  20186],[<NA> <NA> <NA>],[<NA> <NA> <NA>],300763
264841,2020-09-28 22:41:42.738553+00:00,True,362.6723,89243854871867548,864691135877825107,37301,2024-12-18 19:02:14.392058+00:00,True,264841,6,4,6879,6,5.1021085,6.8401203,[178112 182224  20782],[<NA> <NA> <NA>],[<NA> <NA> <NA>],264841
264846,2020-09-28 22:43:14.086886+00:00,True,342.58978,89314361054755294,864691136238090767,37302,2024-12-18 19:02:14.392590+00:00,True,264846,6,4,6880,6,7.7118483,2.4032545,[178656 183024  20589],[<NA> <NA> <NA>],[<NA> <NA> <NA>],264846
301096,2020-09-28 22:44:44.142687+00:00,True,278.3794,90228605040471882,864691135810466333,37303,2024-12-18 19:02:14.393132+00:00,True,301096,6,4,6881,6,3.1037843,11.663531,[185040 179280  21184],[<NA> <NA> <NA>],[<NA> <NA> <NA>],301096
301189,2020-09-28 22:44:59.540059+00:00,True,305.6391,89665930032261170,864691135689417440,37304,2024-12-18 19:02:14.393663+00:00,True,301189,6,4,6882,6,5.823416,8.530138,[181232 181312  21875],[<NA> <NA> <NA>],[<NA> <NA> <NA>],301189
262956,2020-09-28 22:42:33.783587+00:00,True,234.91313,89242961653021187,864691135583223405,37305,2024-12-18 19:02:14.394214+00:00,True,262956,6,4,6883,6,18.4467,-5.3275,[178080 175616  21949],[<NA> <NA> <NA>],[<NA> <NA> <NA>],262956
301192,2020-09-28 22:44:53.994640+00:00,True,295.3978,89877242490305606,864691134949248508,37306,2024-12-18 19:02:14.394749+00:00,True,301192,6,4,6884,6,14.9068,-0.2801,[182512 182928  22365],[<NA> <NA> <NA>],[<NA> <NA> <NA>],301192
299155,2020-09-28 22:40:58.718187+00:00,True,273.10065,90228261644288487,864691136927761226,37307,2024-12-18 19:02:14.395295+00:00,True,299155,6,4,6885,6,9.870663,4.3598523,[185024 176368  22629],[<NA> <NA> <NA>],[<NA> <NA> <NA>],299155
265033,2020-09-28 22:44:41.746301+00:00,True,274.12088,89032748773625470,864691134949263100,37326,2024-12-18 19:02:14.406086+00:00,True,265033,6,4,6909,6,7.6115813,7.4424596,[176352 182000  21896],[<NA> <NA> <NA>],[<NA> <NA> <NA>],265033
264988,2020-09-28 22:43:26.227070+00:00,True,346.5342,88117611569097314,864691135274830353,37327,2024-12-18 19:02:14.406619+00:00,True,264988,6,4,6910,6,8.749377,1.4554594,[169648 179488  22476],[<NA> <NA> <NA>],[<NA> <NA> <NA>],264988
263073,2020-09-28 22:41:06.357390+00:00,True,265.88397,89031992993240476,864691135955909640,37328,2024-12-18 19:02:14.407153+00:00,True,263073,6,4,6911,6,13.428184,0.9429325,[176480 176416  22599],[<NA> <NA> <NA>],[<NA> <NA> <NA>],263073
265008,2020-09-28 22:43:43.244325+00:00,True,290.6379,88610605095247783,864691136034464443,37329,2024-12-18 19:02:14.407696+00:00,True,265008,6,4,6912,6,9.228783,4.795227,[173408 182544  22502],[<NA> <NA> <NA>],[<NA> <NA> <NA>],265008
264928,2020-09-28 22:45:11.296531+00:00,True,332.75247,89173348755958966,864691135587519868,37431,2024-12-18 19:02:14.463696+00:00,True,264928,6,4,7018,6,3.1911607,6.5489616,[177232 181264  21414],[<NA> <NA> <NA>],[<NA> <NA> <NA>],264928
264888,2020-09-28 22:44:36.179473+00:00,True,266.173,88117817593324117,864691135196576298,37486,2024-12-18 19:02:14.493776+00:00,True,264888,6,4,7077,6,2.3448906,4.1632113,[169856 181328  21421],[<NA> <NA> <NA>],[<NA> <NA> <NA>],264888
300958,2020-09-28 22:44:53.641246+00:00,True,294.00842,90299248595568184,864691136675427975,37585,2024-12-18 19:02:14.548234+00:00,True,300958,6,4,7183,6,3.8662484,6.8763237,[185792 181056  20756],[<NA> <NA> <NA>],[<NA> <NA> <NA>],300958
301241,2020-09-28 22:44:32.173337+00:00,True,260.03506,91213492715268585,864691135405733870,37634,2024-12-18 19:02:14.574958+00:00,True,301241,6,4,7234,6,5.216377,4.3423653,[192224 177248  22213],[<NA> <NA> <NA>],[<NA> <NA> <NA>],301241
265055,2020-09-28 22:42:07.157513+00:00,True,258.11813,89454686427795310,864691135741998484,37649,2024-12-18 19:02:14.583227+00:00,True,265055,6,4,7250,6,1.1755327,15.164074,[179664 179968  22345],[<NA> <NA> <NA>],[<NA> <NA> <NA>],265055
264997,2020-09-28 22:45:03.341128+00:00,True,314.13977,88329267556959862,864691136619096795,37806,2024-12-18 19:02:14.669810+00:00,True,264997,6,4,7425,6,12.255984,2.2252052,[171328 183712  22050],[<NA> <NA> <NA>],[<NA> <NA> <NA>],264997
301198,2020-09-28 22:44:49.473335+00:00,True,286.3848,90088417442091280,864691135280481697,37855,2024-12-18 19:02:14.697120+00:00,True,301198,6,4,7480,6,15.685,1.937,[184160 183312  22166],[<NA> <NA> <NA>],[<NA> <NA> <NA>],301198
305105,2020-09-28 22:42:38.899515+00:00,True,266.18478,91288671889676363,864691135470154834,38088,2024-12-18 19:02:16.809049+00:00,True,305105,6,4,8480,8,4.9957547,6.357675,[192832 213024  22538],[<NA> <NA> <NA>],[<NA> <NA> <NA>],305105
305250,2020-09-28 22:41:48.010444+00:00,True,245.66333,91570215586331752,864691136488591378,38089,2024-12-18 19:02:16.809584+00:00,True,305250,6,4,8481,8,8.449187,2.5611947,[194736 213472  22916],[<NA> <NA> <NA>],[<NA> <NA> <NA>],305250
305238,2020-09-28 22:44:13.564092+00:00,True,230.36609,91359178139950195,864691135868415766,38090,2024-12-18 19:02:16.810125+00:00,True,305238,6,4,8482,8,4.919645,5.506401,[193392 213808  23060],[<NA> <NA> <NA>],[<NA> <NA> <NA>],305238
304962,2020-09-28 22:43:21.879212+00:00,True,351.54984,89881984066997607,864691135611337735,38096,2024-12-18 19:02:16.813491+00:00,True,304962,6,4,8490,8,9.74688,2.29972,[182720 218144  21767],[<NA> <NA> <NA>],[<NA> <NA> <NA>],304962
305197,2020-09-28 22:45:11.829606+00:00,True,336.58487,90444453118345856,864691135388675969,38097,2024-12-18 19:02:16.814064+00:00,True,305197,6,4,8491,8,6.4663987,3.277295,[186768 214288  22811],[<NA> <NA> <NA>],[<NA> <NA> <NA>],305197
305061,2020-09-28 22:44:35.959081+00:00,True,265.47797,90655284405674894,864691136905458866,38098,2024-12-18 19:02:16.814756+00:00,True,305061,6,4,8492,8,9.2360935,5.384883,[188112 212400  22149],[<NA> <NA> <NA>],[<NA> <NA> <NA>],305061
305198,2020-09-28 22:45:17.578836+00:00,True,360.88528,90444315746294521,864691135272069285,38099,2024-12-18 19:02:16.815300+00:00,True,305198,6,4,8493,8,8.193447,5.3157654,[186720 213216  23160],[<NA> <NA> <NA>],[<NA> <NA> <NA>],305198
269405,2020-09-28 22:42:13.228576+00:00,True,282.96576,88686265171688496,864691135760635214,38107,2024-12-18 19:02:16.819629+00:00,True,269405,6,4,8502,8,18.9723,0.4953,[174112 222384  21682],[<NA> <NA> <NA>],[<NA> <NA> <NA>],269405
269504,2020-09-28 22:43:35.835084+00:00,True,295.3968,89036734570519019,864691134919529994,38108,2024-12-18 19:02:16.820170+00:00,True,269504,6,4,8503,8,13.716937,1.1803218,[176416 211872  22512],[<NA> <NA> <NA>],[<NA> <NA> <NA>],269504
304974,2020-09-28 22:44:34.125966+00:00,True,262.92307,90515027819429359,864691136111478968,38148,2024-12-18 19:02:16.842253+00:00,True,304974,6,4,8549,8,2.9238374,10.775364,[187040 215984  21112],[<NA> <NA> <NA>],[<NA> <NA> <NA>],304974
269595,2020-09-28 22:45:05.706078+00:00,True,317.80914,88544703183987304,864691135124146727,38153,2024-12-18 19:02:16.844948+00:00,True,269595,6,4,8554,8,1.4348928,9.450807,[172768 215824  22832],[<NA> <NA> <NA>],[<NA> <NA> <NA>],269595
269609,2020-09-28 22:44:38.426601+00:00,True,269.7198,88896684343828546,864691135817419343,38217,2024-12-18 19:02:16.880281+00:00,True,269609,6,4,8626,8,4.3870835,6.0200396,[175344 217120  22839],[<NA> <NA> <NA>],[<NA> <NA> <NA>],269609
269576,2020-09-28 22:44:55.172915+00:00,True,296.0859,88404034415328120,864691135817195343,38220,2024-12-18 19:02:16.882406+00:00,True,269576,6,4,8629,8,3.1196513,9.565193,[171728 216752  23008],[<NA> <NA> <NA>],[<NA> <NA> <NA>],269576
305110,2020-09-28 22:42:29.987709+00:00,True,291.03867,91570559116360958,864691135750642473,38378,2024-12-18 19:02:16.970320+00:00,True,305110,6,4,8804,8,6.749514,8.6648,[194864 216128  22205],[<NA> <NA> <NA>],[<NA> <NA> <NA>],305110
305024,2020-09-28 22:41:51.727471+00:00,True,357.42252,89740696890114847,864691135573315053,38382,2024-12-18 19:02:16.972516+00:00,True,305024,6,4,8808,8,4.5878134,6.047596,[181456 214096  22429],[<NA> <NA> <NA>],[<NA> <NA> <NA>],305024
269733,2020-09-28 22:41:30.304188+00:00,True,267.5335,89529934389098311,864691136372759688,38384,2024-12-18 19:02:16.973771+00:00,True,269733,6,4,8810,8,3.954935,4.924302,[179808 216672  23361],[<NA> <NA> <NA>],[<NA> <NA> <NA>],269733
292674,2020-09-28 22:45:11.529117+00:00,True,334.37253,90782415236377623,864691135490326074,38704,2024-12-18 19:02:17.152811+00:00,True,292674,6,6,1430,2,6.235834,5.8953185,[189296 110976  20651],[<NA> <NA> <NA>],[<NA> <NA> <NA>],292674
291119,2020-09-28 22:43:16.125175+00:00,True,256.78494,90430434076609019,864691135739008132,38705,2024-12-18 19:02:17.153358+00:00,True,291119,6,6,1431,2,3.6447334,5.382086,[186864 109920  20742],[<NA> <NA> <NA>],[<NA> <NA> <NA>],291119
291208,2020-09-28 22:42:34.928428+00:00,True,334.64517,91133984146794451,864691136144827444,38706,2024-12-18 19:02:17.153888+00:00,True,291208,6,6,1432,2,4.775913,7.179315,[191776 109104  21470],[<NA> <NA> <NA>],[<NA> <NA> <NA>],291208
291335,2020-09-28 22:41:30.240874+00:00,True,322.6742,90852509237063649,864691136664950750,38708,2024-12-18 19:02:17.154967+00:00,True,291335,6,6,1434,2,6.2704477,5.992396,[189648 108816  21882],[<NA> <NA> <NA>],[<NA> <NA> <NA>],291335
291179,2020-09-28 22:41:36.598495+00:00,True,391.6138,90571102979733228,864691135502885954,38709,2024-12-18 19:02:17.155514+00:00,True,291179,6,6,1435,2,7.20562,2.5914226,[187616 109440  21807],[<NA> <NA> <NA>],[<NA> <NA> <NA>],291179
291333,2020-09-28 22:41:01.235107+00:00,True,261.05103,90641196913206480,864691135480800198,38710,2024-12-18 19:02:17.156061+00:00,True,291333,6,6,1436,2,11.288,2.2091,[188432 107264  22404],[<NA> <NA> <NA>],[<NA> <NA> <NA>],291333
291341,2020-09-28 22:41:30.471396+00:00,True,252.85263,91063203219879884,864691136814442867,38712,2024-12-18 19:02:17.157165+00:00,True,291341,6,6,1438,2,7.80083,3.63257,[191232 105888  22427],[<NA> <NA> <NA>],[<NA> <NA> <NA>],291341
291326,2020-09-28 22:40:44.439728+00:00,True,224.69444,90430228186324001,864691135398817569,38714,2024-12-18 19:02:17.158386+00:00,True,291326,6,6,1440,2,6.74671,1.45208,[186640 108656  22542],[<NA> <NA> <NA>],[<NA> <NA> <NA>],291326
291112,2020-09-28 22:42:43.249672+00:00,True,267.47928,90078590288817549,864691136102330485,38730,2024-12-18 19:02:17.167200+00:00,True,291112,6,6,1458,2,5.425969,3.27177,[184112 110128  20397],[<NA> <NA> <NA>],[<NA> <NA> <NA>],291112
256458,2020-09-28 22:44:59.043747+00:00,True,303.50345,89093565309189306,864691136196969548,38731,2024-12-18 19:02:17.167723+00:00,True,256458,6,6,1459,2,3.2149374,6.6914163,[176816 111120  20315],[<NA> <NA> <NA>],[<NA> <NA> <NA>],256458
291110,2020-09-28 22:41:30.636593+00:00,True,343.5674,89937646775794211,864691136445215875,38733,2024-12-18 19:02:17.168795+00:00,True,291110,6,6,1461,2,6.13393,4.4221725,[183328 108400  21057],[<NA> <NA> <NA>],[<NA> <NA> <NA>],291110
256456,2020-09-28 22:45:24.758168+00:00,True,438.20514,88953240204708144,864691136138779517,38734,2024-12-18 19:02:17.169346+00:00,True,256456,6,6,1462,2,14.309203,0.3866948,[176112 114336  20769],[<NA> <NA> <NA>],[<NA> <NA> <NA>],256456
256471,2020-09-28 22:40:51.254773+00:00,True,278.95203,89445615255706987,864691136619529179,38735,2024-12-18 19:02:17.169875+00:00,True,256471,6,6,1463,2,8.4081745,3.717534,[179504 112352  20886],[<NA> <NA> <NA>],[<NA> <NA> <NA>],256471
256529,2020-09-28 22:45:24.919267+00:00,True,451.845,88530615489814580,864691135102274592,38736,2024-12-18 19:02:17.170432+00:00,True,256529,6,6,1464,2,14.407772,1.3029066,[173088 111280  21184],[<NA> <NA> <NA>],[<NA> <NA> <NA>],256529
291161,2020-09-28 22:41:20.559577+00:00,True,322.96353,90148821795140164,864691136010651052,38737,2024-12-18 19:02:17.170960+00:00,True,291161,6,6,1465,2,3.724967,8.32633,[184384 108896  21755],[<NA> <NA> <NA>],[<NA> <NA> <NA>],291161
256669,2020-09-28 22:43:22.310108+00:00,True,291.43155,89375246645623251,864691135498973715,38738,2024-12-18 19:02:17.171501+00:00,True,256669,6,6,1466,2,16.2796,5.3935,[178880 112496  21851],[<NA> <NA> <NA>],[<NA> <NA> <NA>],256669
291304,2020-09-28 22:42:50.963102+00:00,True,287.444,89867484324205391,864691135562780385,38739,2024-12-18 19:02:17.172045+00:00,True,291304,6,6,1467,2,8.57249,3.9898465,[182608 110144  22029],[<NA> <NA> <NA>],[<NA> <NA> <NA>],291304
255289,2020-09-28 22:40:58.694391+00:00,True,264.24066,89515434512067690,864691135764932662,38741,2024-12-18 19:02:17.173120+00:00,True,255289,6,6,1469,2,6.496184,2.889214,[180048 108416  22594],[<NA> <NA> <NA>],[<NA> <NA> <NA>],255289
255117,2020-09-28 22:41:36.682514+00:00,True,379.27454,88178634329772691,864691135741458324,38762,2024-12-18 19:02:17.185058+00:00,True,255117,6,6,1495,2,6.062038,3.5395386,[170336 109808  21034],[<NA> <NA> <NA>],[<NA> <NA> <NA>],255117
256422,2020-09-28 22:45:01.254899+00:00,True,308.9285,87967734188688863,864691135404860654,38763,2024-12-18 19:02:17.185583+00:00,True,256422,6,6,1496,2,1.327671,10.575862,[168768 111776  20637],[<NA> <NA> <NA>],[<NA> <NA> <NA>],256422
256439,2020-09-28 22:45:11.976361+00:00,True,337.436,88460315398055152,864691136438469534,38764,2024-12-18 19:02:17.186131+00:00,True,256439,6,6,1497,2,2.2594342,13.034406,[172096 111472  20736],[<NA> <NA> <NA>],[<NA> <NA> <NA>],256439
255217,2020-09-28 22:44:55.594333+00:00,True,297.655,88881909522236355,864691135164772653,38765,2024-12-18 19:02:17.186654+00:00,True,255217,6,6,1498,2,6.7753305,3.3564875,[175280 107184  21940],[<NA> <NA> <NA>],[<NA> <NA> <NA>],255217
256609,2020-09-28 22:45:05.508416+00:00,True,316.75186,88178978061378529,864691137198691137,38766,2024-12-18 19:02:17.187200+00:00,True,256609,6,6,1499,2,11.7969,2.8747,[170464 112688  22069],[<NA> <NA> <NA>],[<NA> <NA> <NA>],256609
255125,2020-09-28 22:43:03.823816+00:00,True,318.94388,88671215471862556,864691136011684526,38928,2024-12-18 19:02:17.278612+00:00,True,255125,6,6,1672,2,4.3990483,5.5076237,[173712 110096  20501],[<NA> <NA> <NA>],[<NA> <NA> <NA>],255125
255215,2020-09-28 22:43:39.991818+00:00,True,337.93326,88811953161883743,864691135892048777,38938,2024-12-18 19:02:17.284686+00:00,True,255215,6,6,1682,2,5.9676747,1.6669523,[174880 109920  22317],[<NA> <NA> <NA>],[<NA> <NA> <NA>],255215
291339,2020-09-28 22:41:16.244273+00:00,True,365.46216,91063546817100593,864691135342594225,39063,2024-12-18 19:02:19.297982+00:00,True,291339,6,6,1814,2,4.42192,2.0917,[191264 108496  22290],[<NA> <NA> <NA>],[<NA> <NA> <NA>],291339
291318,2020-09-28 22:42:39.215738+00:00,True,260.57867,90219190606187504,864691135741874836,39068,2024-12-18 19:02:19.300751+00:00,True,291318,6,6,1820,2,4.66553,4.08,[185248 109248  22072],[<NA> <NA> <NA>],[<NA> <NA> <NA>],291318
292577,2020-09-28 22:43:16.526659+00:00,True,366.00873,90571377656296855,864691136268801268,39078,2024-12-18 19:02:19.306140+00:00,True,292577,6,6,1830,2,6.1985493,5.4162793,[187792 111456  20239],[<NA> <NA> <NA>],[<NA> <NA> <NA>],292577
291295,2020-09-28 22:43:45.585565+00:00,True,351.3031,89655965775362211,864691136137293195,39105,2024-12-18 19:02:19.320882+00:00,True,291295,6,6,1862,2,3.8610752,4.202886,[180848 106784  22495],[<NA> <NA> <NA>],[<NA> <NA> <NA>],291295
256510,2020-09-28 22:43:55.859702+00:00,True,366.70242,88038309225634916,864691135685087474,39128,2024-12-18 19:02:19.333511+00:00,True,256510,6,6,1886,2,12.453611,2.0066836,[169008 113040  21735],[<NA> <NA> <NA>],[<NA> <NA> <NA>],256510
256427,2020-09-28 22:44:41.815874+00:00,True,274.286,88038240305027727,864691136381224149,39228,2024-12-18 19:02:19.389015+00:00,True,256427,6,6,2009,2,2.1402786,10.0452385,[169360 112336  20357],[<NA> <NA> <NA>],[<NA> <NA> <NA>],256427
291109,2020-09-28 22:41:57.986245+00:00,True,296.37787,89937921586703630,864691136389679223,39272,2024-12-18 19:02:19.413204+00:00,True,291109,6,6,2060,2,5.3088303,3.4443688,[183184 110368  20625],[<NA> <NA> <NA>],[<NA> <NA> <NA>],291109
294591,2020-09-28 22:41:10.193234+00:00,True,228.15834,91068219607203505,864691136579129876,39769,2024-12-18 19:02:19.688182+00:00,True,294591,6,6,4042,4,1.6248318,6.1791596,[191360 143440  21157],[<NA> <NA> <NA>],[<NA> <NA> <NA>],294591
294605,2020-09-28 22:41:36.642169+00:00,True,305.0011,91279325839844437,864691135214986368,39770,2024-12-18 19:02:19.688704+00:00,True,294605,6,6,4043,4,4.7912836,4.8190484,[192704 143360  21243],[<NA> <NA> <NA>],[<NA> <NA> <NA>],294605
294677,2020-09-28 22:41:46.764624+00:00,True,299.57523,90575638465210654,864691135136360217,39771,2024-12-18 19:02:19.689261+00:00,True,294677,6,6,4044,4,5.733801,4.8060794,[187696 143456  21818],[<NA> <NA> <NA>],[<NA> <NA> <NA>],294677
260555,2020-09-28 22:41:16.121053+00:00,True,236.67442,89309756783156730,864691135342541509,39793,2024-12-18 19:02:19.701392+00:00,True,260555,6,6,4070,4,15.243241,0.18259543,[178240 148752  20455],[<NA> <NA> <NA>],[<NA> <NA> <NA>],260555
294444,2020-09-28 22:42:09.124190+00:00,True,357.02832,89590407193189813,864691135757092306,39794,2024-12-18 19:02:19.701926+00:00,True,294444,6,6,4071,4,7.883073,1.2531972,[180384 142640  20916],[<NA> <NA> <NA>],[<NA> <NA> <NA>],294444
296613,2020-09-28 22:44:40.183222+00:00,True,272.15118,89872088395183272,864691135258509487,39795,2024-12-18 19:02:19.702467+00:00,True,296613,6,6,4072,4,3.4414139,9.970107,[182656 144512  21184],[<NA> <NA> <NA>],[<NA> <NA> <NA>],296613
258319,2020-09-28 22:40:42.476911+00:00,True,261.80615,89309001002848425,864691136968429774,39796,2024-12-18 19:02:19.703015+00:00,True,258319,6,6,4073,4,4.087744,8.409288,[178400 143248  21238],[<NA> <NA> <NA>],[<NA> <NA> <NA>],258319
294540,2020-09-28 22:41:32.174142+00:00,True,269.25122,89660776071416686,864691134941495395,39797,2024-12-18 19:02:19.703546+00:00,True,294540,6,6,4074,4,3.450418,8.610531,[181200 142848  21778],[<NA> <NA> <NA>],[<NA> <NA> <NA>],294540
296728,2020-09-28 22:44:13.733856+00:00,True,231.08517,89660982230114829,864691135779705021,39798,2024-12-18 19:02:19.704093+00:00,True,296728,6,6,4075,4,6.3581758,0.3047282,[181232 144512  21996],[<NA> <NA> <NA>],[<NA> <NA> <NA>],296728
260722,2020-09-28 22:44:59.054286+00:00,True,303.54276,88886926043985578,864691135417313722,39799,2024-12-18 19:02:19.704621+00:00,True,260722,6,6,4076,4,8.82181,7.91309,[175616 144496  21881],[<NA> <NA> <NA>],[<NA> <NA> <NA>],260722
294653,2020-09-28 22:41:56.164934+00:00,True,321.19128,89942044956983237,864691135868210454,39802,2024-12-18 19:02:19.706250+00:00,True,294653,6,6,4079,4,6.1104665,8.671825,[182880 141152  22440],[<NA> <NA> <NA>],[<NA> <NA> <NA>],294653
260536,2020-09-28 22:44:51.748127+00:00,True,290.92676,88887544384930048,864691135655894978,39822,2024-12-18 19:02:19.717333+00:00,True,260536,6,6,4104,4,15.5449,-3.7195,[175312 148848  20723],[<NA> <NA> <NA>],[<NA> <NA> <NA>],260536
260700,2020-09-28 22:44:15.563422+00:00,True,234.72046,88323976090543890,864691135157198692,39823,2024-12-18 19:02:19.717863+00:00,True,260700,6,6,4105,4,2.1593127,9.964688,[171552 144112  21874],[<NA> <NA> <NA>],[<NA> <NA> <NA>],260700
258316,2020-09-28 22:45:07.748019+00:00,True,322.90112,89167988636844004,864691135739587697,39972,2024-12-18 19:02:19.801045+00:00,True,258316,6,6,4267,4,10.609145,-0.55167043,[177680 141296  21464],[<NA> <NA> <NA>],[<NA> <NA> <NA>],258316
294570,2020-09-28 22:42:54.286601+00:00,True,368.69193,90505063495624451,864691135727790911,40024,2024-12-18 19:02:21.736239+00:00,True,294570,6,6,4325,4,6.2514253,7.0443196,[186944 141984  21399],[<NA> <NA> <NA>],[<NA> <NA> <NA>],294570
258289,2020-09-28 22:43:47.505173+00:00,True,359.43365,88253401120843383,864691135466158917,40111,2024-12-18 19:02:21.784353+00:00,True,258289,6,6,4414,4,8.511971,4.9445815,[170928 142608  21356],[<NA> <NA> <NA>],[<NA> <NA> <NA>],258289
260697,2020-09-28 22:44:13.518990+00:00,True,230.16522,88253813571803522,864691135886130288,40129,2024-12-18 19:02:21.794587+00:00,True,260697,6,6,4434,4,8.165525,6.2824078,[170656 145840  22281],[<NA> <NA> <NA>],[<NA> <NA> <NA>],260697
260542,2020-09-28 22:42:22.773816+00:00,True,298.8738,88886994629275536,864691135988557315,40157,2024-12-18 19:02:21.809898+00:00,True,260542,6,6,4464,4,1.1039542,14.543579,[175648 144864  20903],[<NA> <NA> <NA>],[<NA> <NA> <NA>],260542
294484,2020-09-28 22:41:44.659041+00:00,True,310.55414,90223794610281566,864691135562842337,40220,2024-12-18 19:02:21.847750+00:00,True,294484,6,6,4537,4,4.502004,8.03049,[185344 143072  20928],[<NA> <NA> <NA>],[<NA> <NA> <NA>],294484
258355,2020-09-28 22:41:35.026623+00:00,True,177.37581,88042363741612639,864691135751149353,40253,2024-12-18 19:02:21.865882+00:00,True,258355,6,6,4572,4,7.06359,4.83441,[169456 143168  22057],[<NA> <NA> <NA>],[<NA> <NA> <NA>],258355
294694,2020-09-28 22:43:18.266845+00:00,True,312.37094,90786676045362952,864691135885911920,40262,2024-12-18 19:02:21.870686+00:00,True,294694,6,6,4583,4,4.3043957,7.077465,[189152 142800  22311],[<NA> <NA> <NA>],[<NA> <NA> <NA>],294694
294589,2020-09-28 22:40:47.039964+00:00,True,298.27136,91138588351794214,864691136228491601,40284,2024-12-18 19:02:21.882851+00:00,True,294589,6,6,4607,4,2.9733238,7.0485754,[191536 143552  21481],[<NA> <NA> <NA>],[<NA> <NA> <NA>],294589
296726,2020-09-28 22:44:57.125231+00:00,True,299.48083,89660913577300229,864691135698211994,40387,2024-12-18 19:02:21.939775+00:00,True,296726,6,6,4724,4,5.743988,7.505176,[180976 143888  22162],[<NA> <NA> <NA>],[<NA> <NA> <NA>],296726
296507,2020-09-28 22:44:34.081218+00:00,True,262.78232,89942388352671324,864691136336039091,40479,2024-12-18 19:02:21.990383+00:00,True,296507,6,6,4827,4,5.2735076,8.504968,[182848 143920  20593],[<NA> <NA> <NA>],[<NA> <NA> <NA>],296507
294671,2020-09-28 22:42:48.913406+00:00,True,299.33093,90575363721151543,864691135731679929,40509,2024-12-18 19:02:22.006941+00:00,True,294671,6,6,4863,4,3.901558,8.056326,[187632 141312  22539],[<NA> <NA> <NA>],[<NA> <NA> <NA>],294671
300823,2020-09-28 22:42:40.899134+00:00,True,248.62065,90720842518124669,864691135324725404,40897,2024-12-18 19:02:22.223177+00:00,True,300823,6,6,6622,6,9.03274,0.97806,[188960 176432  20155],[<NA> <NA> <NA>],[<NA> <NA> <NA>],300823
300986,2020-09-28 22:44:47.818506+00:00,True,283.88574,90861854951370151,864691135646017007,40898,2024-12-18 19:02:22.223704+00:00,True,300986,6,6,6623,6,5.8972077,0.0859316,[189552 178432  20566],[<NA> <NA> <NA>],[<NA> <NA> <NA>],300986
300984,2020-09-28 22:41:32.081888+00:00,True,279.2566,90720842652149836,864691135977654851,40900,2024-12-18 19:02:22.224789+00:00,True,300984,6,6,6625,6,4.51415,3.82681,[188960 176800  21049],[<NA> <NA> <NA>],[<NA> <NA> <NA>],300984
298945,2020-09-28 22:40:55.245637+00:00,True,253.80405,90861511488208084,864691135867644805,40902,2024-12-18 19:02:22.225878+00:00,True,298945,6,6,6627,6,5.005026,5.2785707,[189856 176016  21620],[<NA> <NA> <NA>],[<NA> <NA> <NA>],298945
299074,2020-09-28 22:41:10.632640+00:00,True,250.41911,90720499189366923,864691135473540914,40904,2024-12-18 19:02:22.226952+00:00,True,299074,6,6,6629,6,10.115,-0.2342,[188880 174048  22405],[<NA> <NA> <NA>],[<NA> <NA> <NA>],299074
264719,2020-09-28 22:42:41.294631+00:00,True,350.00156,89102842438355845,864691135572346349,40917,2024-12-18 19:02:22.234519+00:00,True,264719,6,6,6646,6,5.403154,3.099718,[176816 180272  20152],[<NA> <NA> <NA>],[<NA> <NA> <NA>],264719
301096,2020-09-28 22:44:44.142687+00:00,True,278.3794,90228605040471882,864691135810466333,40918,2024-12-18 19:02:22.235058+00:00,True,301096,6,6,6647,6,5.7867417,4.7407312,[185040 179280  21184],[<NA> <NA> <NA>],[<NA> <NA> <NA>],301096
264841,2020-09-28 22:41:42.738553+00:00,True,362.6723,89243854871867548,864691135877825107,40919,2024-12-18 19:02:22.235599+00:00,True,264841,6,6,6648,6,14.881081,1.4178311,[178112 182224  20782],[<NA> <NA> <NA>],[<NA> <NA> <NA>],264841
298868,2020-09-28 22:41:24.731821+00:00,True,271.96262,89594805373727621,864691136489147922,40920,2024-12-18 19:02:22.236142+00:00,True,298868,6,6,6649,6,7.92515,7.24435,[180624 175696  21782],[<NA> <NA> <NA>],[<NA> <NA> <NA>],298868
299155,2020-09-28 22:40:58.718187+00:00,True,273.10065,90228261644288487,864691136927761226,40921,2024-12-18 19:02:22.236680+00:00,True,299155,6,6,6650,6,1.5150396,11.221491,[185024 176368  22629],[<NA> <NA> <NA>],[<NA> <NA> <NA>],299155
299023,2020-09-28 22:43:26.415016+00:00,True,256.8323,89735542929239906,864691135843242211,40922,2024-12-18 19:02:22.237223+00:00,True,299023,6,6,6651,6,7.723973,7.0972295,[181760 175376  22339],[<NA> <NA> <NA>],[<NA> <NA> <NA>],299023
264781,2020-09-28 22:41:05.037023+00:00,True,298.9572,88258073978133585,864691135977045871,40941,2024-12-18 19:02:22.247806+00:00,True,264781,6,6,6674,6,11.4286,5.7296,[170688 177504  20864],[<NA> <NA> <NA>],[<NA> <NA> <NA>],264781
264888,2020-09-28 22:44:36.179473+00:00,True,266.173,88117817593324117,864691135196576298,40942,2024-12-18 19:02:22.248348+00:00,True,264888,6,6,6675,6,9.22657,1.07163,[169856 181328  21421],[<NA> <NA> <NA>],[<NA> <NA> <NA>],264888
264989,2020-09-28 22:44:49.976909+00:00,True,288.10526,88117336690893366,864691135480892614,40943,2024-12-18 19:02:22.248884+00:00,True,264989,6,6,6676,6,14.6223,1.4315,[169760 177696  22191],[<NA> <NA> <NA>],[<NA> <NA> <NA>],264989
262996,2020-09-28 22:42:52.306205+00:00,True,240.82645,87976324391655918,864691136914541041,40944,2024-12-18 19:02:22.249431+00:00,True,262996,6,6,6677,6,10.9839,0.1307,[168704 175536  22620],[<NA> <NA> <NA>],[<NA> <NA> <NA>],262996
264889,2020-09-28 22:45:01.413806+00:00,True,309.69855,88188048898430922,864691135324623260,41082,2024-12-18 19:02:24.351881+00:00,True,264889,6,6,6825,6,7.4059205,3.5914116,[170112 180352  21292],[<NA> <NA> <NA>],[<NA> <NA> <NA>],264889
264924,2020-09-28 22:45:00.821024+00:00,True,306.93015,89102567761569102,864691136026155577,41099,2024-12-18 19:02:24.361290+00:00,True,264924,6,6,6845,6,1.9241939,10.147197,[177024 178288  21522],[<NA> <NA> <NA>],[<NA> <NA> <NA>],264924
264990,2020-09-28 22:44:37.895663+00:00,True,268.26508,88187774154761429,864691136288644291,41116,2024-12-18 19:02:24.370743+00:00,True,264990,6,6,6865,6,2.329488,6.1568565,[170176 178080  22342],[<NA> <NA> <NA>],[<NA> <NA> <NA>],264990
301102,2020-09-28 22:44:32.635145+00:00,True,261.32693,90509805139531214,864691135920800688,41138,2024-12-18 19:02:24.382639+00:00,True,301102,6,6,6888,6,3.001899,9.369643,[186928 177312  21444],[<NA> <NA> <NA>],[<NA> <NA> <NA>],301102
299071,2020-09-28 22:41:10.192379+00:00,True,266.94977,90509667834777490,864691135591726603,41206,2024-12-18 19:02:24.421438+00:00,True,299071,6,6,6960,6,3.4313705,8.059464,[187216 176064  22456],[<NA> <NA> <NA>],[<NA> <NA> <NA>],299071
301241,2020-09-28 22:44:32.173337+00:00,True,260.03506,91213492715268585,864691135405733870,41213,2024-12-18 19:02:24.425166+00:00,True,301241,6,6,6968,6,4.182466,8.467285,[192224 177248  22213],[<NA> <NA> <NA>],[<NA> <NA> <NA>],301241
300763,2020-09-28 22:43:14.577415+00:00,True,238.62215,89806255002282134,864691135015154934,41222,2024-12-18 19:02:24.430052+00:00,True,300763,6,6,6978,6,3.7124095,4.1680336,[182048 178240  20186],[<NA> <NA> <NA>],[<NA> <NA> <NA>],300763
299070,2020-09-28 22:43:27.760483+00:00,True,275.8135,90509599048261937,864691135448698196,41380,2024-12-18 19:02:24.516148+00:00,True,299070,6,6,7151,6,6.87894,2.61073,[187344 175424  21966],[<NA> <NA> <NA>],[<NA> <NA> <NA>],299070
262956,2020-09-28 22:42:33.783587+00:00,True,234.91313,89242961653021187,864691135583223405,41405,2024-12-18 19:02:24.529816+00:00,True,262956,6,6,7179,6,9.5477705,4.7911716,[178080 175616  21949],[<NA> <NA> <NA>],[<NA> <NA> <NA>],262956
299038,2020-09-28 22:42:48.996683+00:00,True,232.79387,89946580442098333,864691135493149927,41437,2024-12-18 19:02:24.547358+00:00,True,299038,6,6,7213,6,8.567598,4.909745,[183312 175024  22160],[<NA> <NA> <NA>],[<NA> <NA> <NA>],299038
300966,2020-09-28 22:41:16.310028+00:00,True,272.04993,90439436328259661,864691135324705692,41448,2024-12-18 19:02:24.553484+00:00,True,300966,6,6,7225,6,3.7029064,7.8112426,[186448 177008  20879],[<NA> <NA> <NA>],[<NA> <NA> <NA>],300966
300817,2020-09-28 22:43:23.687220+00:00,True,305.87372,90509873724584406,864691136619693275,41464,2024-12-18 19:02:24.562447+00:00,True,300817,6,6,7243,6,3.84626,2.44413,[187312 177632  20229],[<NA> <NA> <NA>],[<NA> <NA> <NA>],300817
262958,2020-09-28 22:40:54.771213+00:00,True,301.63254,89313193025363909,864691135954393891,41544,2024-12-18 19:02:24.607060+00:00,True,262958,6,6,7332,6,10.553,0.5202,[178608 174752  22447],[<NA> <NA> <NA>],[<NA> <NA> <NA>],262958
305105,2020-09-28 22:42:38.899515+00:00,True,266.18478,91288671889676363,864691135470154834,41729,2024-12-18 19:02:24.708677+00:00,True,305105,6,6,8231,8,5.6331315,9.116454,[192832 213024  22538],[<NA> <NA> <NA>],[<NA> <NA> <NA>],305105
304973,2020-09-28 22:42:09.291141+00:00,True,470.61255,90373534484152677,864691136228250961,41735,2024-12-18 19:02:24.711891+00:00,True,304973,6,6,8238,8,7.751251,8.364219,[186128 210288  21828],[<NA> <NA> <NA>],[<NA> <NA> <NA>],304973
304978,2020-09-28 22:41:30.219143+00:00,True,295.8326,90866390571315951,864691135447540882,41736,2024-12-18 19:02:24.712428+00:00,True,304978,6,6,8239,8,2.2998505,14.249624,[189904 212288  21834],[<NA> <NA> <NA>],[<NA> <NA> <NA>],304978
305198,2020-09-28 22:45:17.578836+00:00,True,360.88528,90444315746294521,864691135272069285,41737,2024-12-18 19:02:24.712952+00:00,True,305198,6,6,8240,8,5.762163,6.0913854,[186720 213216  23160],[<NA> <NA> <NA>],[<NA> <NA> <NA>],305198
269504,2020-09-28 22:43:35.835084+00:00,True,295.3968,89036734570519019,864691134919529994,41746,2024-12-18 19:02:24.717918+00:00,True,269504,6,6,8249,8,5.6281066,3.3306856,[176416 211872  22512],[<NA> <NA> <NA>],[<NA> <NA> <NA>],269504
269491,2020-09-28 22:42:07.038751+00:00,True,273.15387,88614728330451230,864691135868957462,41747,2024-12-18 19:02:24.718454+00:00,True,269491,6,6,8250,8,3.5950363,8.453706,[173456 213568  22560],[<NA> <NA> <NA>],[<NA> <NA> <NA>],269491
269476,2020-09-28 22:44:19.141481+00:00,True,240.51155,88263021981500383,864691136484364844,41823,2024-12-18 19:02:24.760057+00:00,True,269476,6,6,8331,8,1.7094256,12.616493,[170992 214304  22130],[<NA> <NA> <NA>],[<NA> <NA> <NA>],269476
305061,2020-09-28 22:44:35.959081+00:00,True,265.47797,90655284405674894,864691136905458866,41830,2024-12-18 19:02:24.763768+00:00,True,305061,6,6,8339,8,2.4692807,12.406012,[188112 212400  22149],[<NA> <NA> <NA>],[<NA> <NA> <NA>],305061
269350,2020-09-28 22:42:01.353226+00:00,True,457.77536,89318346784751450,864691135853198023,41836,2024-12-18 19:02:24.767147+00:00,True,269350,6,6,8346,8,2.9339736,13.66833,[178464 213008  20908],[<NA> <NA> <NA>],[<NA> <NA> <NA>],269350
269601,2020-09-28 22:45:13.842317+00:00,True,344.8981,88685097075006321,864691135662408944,41855,2024-12-18 19:02:24.777528+00:00,True,269601,6,6,8369,8,3.5277224,8.407035,[173952 213200  22869],[<NA> <NA> <NA>],[<NA> <NA> <NA>],269601
304974,2020-09-28 22:44:34.125966+00:00,True,262.92307,90515027819429359,864691136111478968,41881,2024-12-18 19:02:24.791745+00:00,True,304974,6,6,8399,8,12.098074,5.364686,[187040 215984  21112],[<NA> <NA> <NA>],[<NA> <NA> <NA>],304974
305068,2020-09-28 22:45:15.279628+00:00,True,346.8108,90866321918998625,864691136239460668,41896,2024-12-18 19:02:24.799931+00:00,True,305068,6,6,8414,8,3.8238392,7.8765845,[189968 212000  22393],[<NA> <NA> <NA>],[<NA> <NA> <NA>],305068
304956,2020-09-28 22:41:49.698412+00:00,True,530.40875,89740490664456682,864691135750307881,41905,2024-12-18 19:02:24.804761+00:00,True,304956,6,6,8424,8,3.1860254,14.205818,[181568 212640  21847],[<NA> <NA> <NA>],[<NA> <NA> <NA>],304956
305228,2020-09-28 22:44:43.724150+00:00,True,276.97858,91077153340676495,864691136523033233,41926,2024-12-18 19:02:24.816759+00:00,True,305228,6,6,8451,8,7.1076303,5.498866,[191424 209888  22845],[<NA> <NA> <NA>],[<NA> <NA> <NA>],305228
305024,2020-09-28 22:41:51.727471+00:00,True,357.42252,89740696890114847,864691135573315053,41937,2024-12-18 19:02:24.822675+00:00,True,305024,6,6,8464,8,5.7869782,2.9274793,[181456 214096  22429],[<NA> <NA> <NA>],[<NA> <NA> <NA>],305024
291342,2020-09-28 22:44:10.123324+00:00,True,224.96477,91133297019030459,864691135727925311,42270,2024-12-18 19:02:26.983110+00:00,True,291342,6,7,1181,2,8.27409,3.13511,[191632 104032  21899],[<NA> <NA> <NA>],[<NA> <NA> <NA>],291342
291177,2020-09-28 22:44:57.418505+00:00,True,300.61395,90500115759990681,864691136052366067,42271,2024-12-18 19:02:26.983638+00:00,True,291177,6,7,1182,2,5.351061,4.453893,[187312 105008  21563],[<NA> <NA> <NA>],[<NA> <NA> <NA>],291177
291099,2020-09-28 22:45:03.535913+00:00,True,315.2647,89656171665349924,864691135464795710,42287,2024-12-18 19:02:26.992345+00:00,True,291099,6,7,1201,2,1.2827038,11.102711,[181184 108528  20416],[<NA> <NA> <NA>],[<NA> <NA> <NA>],291099
291110,2020-09-28 22:41:30.636593+00:00,True,343.5674,89937646775794211,864691136445215875,42289,2024-12-18 19:02:26.993419+00:00,True,291110,6,7,1203,2,4.375633,9.705635,[183328 108400  21057],[<NA> <NA> <NA>],[<NA> <NA> <NA>],291110
291109,2020-09-28 22:41:57.986245+00:00,True,296.37787,89937921586703630,864691136389679223,42290,2024-12-18 19:02:26.993949+00:00,True,291109,6,7,1204,2,8.617199,0.6226448,[183184 110368  20625],[<NA> <NA> <NA>],[<NA> <NA> <NA>],291109
256471,2020-09-28 22:40:51.254773+00:00,True,278.95203,89445615255706987,864691136619529179,42291,2024-12-18 19:02:26.994493+00:00,True,256471,6,7,1205,2,18.259,0.9373,[179504 112352  20886],[<NA> <NA> <NA>],[<NA> <NA> <NA>],256471
291311,2020-09-28 22:41:22.511935+00:00,True,359.92618,90078384398822296,864691135492749415,42292,2024-12-18 19:02:26.995039+00:00,True,291311,6,7,1206,2,12.4416,3.7651,[184320 108624  22468],[<NA> <NA> <NA>],[<NA> <NA> <NA>],291311
255121,2020-09-28 22:42:51.071547+00:00,True,229.52985,88459696923033940,864691136111478712,42309,2024-12-18 19:02:27.004485+00:00,True,255121,6,7,1228,2,10.8372555,2.4011776,[172256 107072  20992],[<NA> <NA> <NA>],[<NA> <NA> <NA>],255121
256439,2020-09-28 22:45:11.976361+00:00,True,337.436,88460315398055152,864691136438469534,42310,2024-12-18 19:02:27.005024+00:00,True,256439,6,7,1229,2,9.167174,4.574956,[172096 111472  20736],[<NA> <NA> <NA>],[<NA> <NA> <NA>],256439
256422,2020-09-28 22:45:01.254899+00:00,True,308.9285,87967734188688863,864691135404860654,42311,2024-12-18 19:02:27.005558+00:00,True,256422,6,7,1230,2,8.5118,5.7473,[168768 111776  20637],[<NA> <NA> <NA>],[<NA> <NA> <NA>],256422
255217,2020-09-28 22:44:55.594333+00:00,True,297.655,88881909522236355,864691135164772653,42312,2024-12-18 19:02:27.006097+00:00,True,255217,6,7,1231,2,1.7719122,5.9989657,[175280 107184  21940],[<NA> <NA> <NA>],[<NA> <NA> <NA>],255217
255214,2020-09-28 22:44:00.327882+00:00,True,200.80919,88670940795365171,864691135504081986,42313,2024-12-18 19:02:27.006631+00:00,True,255214,6,7,1232,2,12.22065,0.34572455,[173760 107744  22090],[<NA> <NA> <NA>],[<NA> <NA> <NA>],255214
255125,2020-09-28 22:43:03.823816+00:00,True,318.94388,88671215471862556,864691136011684526,42424,2024-12-18 19:02:27.068397+00:00,True,255125,6,7,1350,2,3.7784493,12.6926,[173712 110096  20501],[<NA> <NA> <NA>],[<NA> <NA> <NA>],255125
255219,2020-09-28 22:44:57.933463+00:00,True,302.8705,89163453285353743,864691135060727707,42457,2024-12-18 19:02:27.087072+00:00,True,255219,6,7,1384,2,7.1537724,3.897333,[177232 107696  22292],[<NA> <NA> <NA>],[<NA> <NA> <NA>],255219
291295,2020-09-28 22:43:45.585565+00:00,True,351.3031,89655965775362211,864691136137293195,42557,2024-12-18 19:02:27.142580+00:00,True,291295,6,7,1496,2,6.377076,1.0697463,[180848 106784  22495],[<NA> <NA> <NA>],[<NA> <NA> <NA>],291295
291160,2020-09-28 22:44:38.687350+00:00,True,270.54407,90007603203593521,864691136288598467,42607,2024-12-18 19:02:27.170034+00:00,True,291160,6,7,1553,2,4.7072663,9.481396,[183424 105440  21503],[<NA> <NA> <NA>],[<NA> <NA> <NA>],291160
255117,2020-09-28 22:41:36.682514+00:00,True,379.27454,88178634329772691,864691135741458324,42617,2024-12-18 19:02:27.175595+00:00,True,255117,6,7,1565,2,4.5427566,6.4498644,[170336 109808  21034],[<NA> <NA> <NA>],[<NA> <NA> <NA>],255117
291316,2020-09-28 22:44:02.600695+00:00,True,209.81497,90218915728209651,864691136524089489,42647,2024-12-18 19:02:27.192336+00:00,True,291316,6,7,1602,2,5.780882,3.521197,[185248 106992  22018],[<NA> <NA> <NA>],[<NA> <NA> <NA>],291316
291341,2020-09-28 22:41:30.471396+00:00,True,252.85263,91063203219879884,864691136814442867,42677,2024-12-18 19:02:27.208659+00:00,True,291341,6,7,1634,2,7.8650312,5.068486,[191232 105888  22427],[<NA> <NA> <NA>],[<NA> <NA> <NA>],291341
291113,2020-09-28 22:45:19.345287+00:00,True,371.30667,90148478063383840,864691136380268245,42722,2024-12-18 19:02:27.233278+00:00,True,291113,6,7,1685,2,6.8642893,3.3398356,[184464 106672  20599],[<NA> <NA> <NA>],[<NA> <NA> <NA>],291113
292577,2020-09-28 22:43:16.526659+00:00,True,366.00873,90571377656296855,864691136268801268,42724,2024-12-18 19:02:27.234354+00:00,True,292577,6,7,1687,2,12.916685,1.8787662,[187792 111456  20239],[<NA> <NA> <NA>],[<NA> <NA> <NA>],292577
294484,2020-09-28 22:41:44.659041+00:00,True,310.55414,90223794610281566,864691135562842337,43273,2024-12-18 19:02:29.509537+00:00,True,294484,6,7,3733,4,3.3119822,10.67165,[185344 143072  20928],[<NA> <NA> <NA>],[<NA> <NA> <NA>],294484
294591,2020-09-28 22:41:10.193234+00:00,True,228.15834,91068219607203505,864691136579129876,43274,2024-12-18 19:02:29.510075+00:00,True,294591,6,7,3734,4,7.693622,2.780467,[191360 143440  21157],[<NA> <NA> <NA>],[<NA> <NA> <NA>],294591
294694,2020-09-28 22:43:18.266845+00:00,True,312.37094,90786676045362952,864691135885911920,43276,2024-12-18 19:02:29.511167+00:00,True,294694,6,7,3736,4,9.238037,2.3644748,[189152 142800  22311],[<NA> <NA> <NA>],[<NA> <NA> <NA>],294694
294671,2020-09-28 22:42:48.913406+00:00,True,299.33093,90575363721151543,864691135731679929,43277,2024-12-18 19:02:29.511708+00:00,True,294671,6,7,3737,4,5.960579,4.8409915,[187632 141312  22539],[<NA> <NA> <NA>],[<NA> <NA> <NA>],294671
294359,2020-09-28 22:41:44.104806+00:00,True,322.68518,89730869736404554,864691135760050254,43305,2024-12-18 19:02:29.527234+00:00,True,294359,6,7,3769,4,13.783033,-2.191542,[181792 140560  20289],[<NA> <NA> <NA>],[<NA> <NA> <NA>],294359
258150,2020-09-28 22:41:22.665196+00:00,True,334.30963,89097551038796790,864691136364362466,43307,2024-12-18 19:02:29.528300+00:00,True,258150,6,7,3771,4,16.708363,0.4189838,[176688 140640  20286],[<NA> <NA> <NA>],[<NA> <NA> <NA>],258150
294444,2020-09-28 22:42:09.124190+00:00,True,357.02832,89590407193189813,864691135757092306,43308,2024-12-18 19:02:29.528980+00:00,True,294444,6,7,3772,4,2.215934,11.844954,[180384 142640  20916],[<NA> <NA> <NA>],[<NA> <NA> <NA>],294444
260542,2020-09-28 22:42:22.773816+00:00,True,298.8738,88886994629275536,864691135988557315,43309,2024-12-18 19:02:29.529534+00:00,True,260542,6,7,3773,4,7.4714093,5.697515,[175648 144864  20903],[<NA> <NA> <NA>],[<NA> <NA> <NA>],260542
294540,2020-09-28 22:41:32.174142+00:00,True,269.25122,89660776071416686,864691134941495395,43310,2024-12-18 19:02:29.530086+00:00,True,294540,6,7,3774,4,7.072091,1.8803371,[181200 142848  21778],[<NA> <NA> <NA>],[<NA> <NA> <NA>],294540
296726,2020-09-28 22:44:57.125231+00:00,True,299.48083,89660913577300229,864691135698211994,43311,2024-12-18 19:02:29.530624+00:00,True,296726,6,7,3775,4,9.772395,4.145984,[180976 143888  22162],[<NA> <NA> <NA>],[<NA> <NA> <NA>],296726
260516,2020-09-28 22:45:17.605895+00:00,True,361.27374,88323975956240146,864691135717386266,43337,2024-12-18 19:02:29.544789+00:00,True,260516,6,7,3804,4,10.690027,0.48994288,[171392 144368  20761],[<NA> <NA> <NA>],[<NA> <NA> <NA>],260516
258220,2020-09-28 22:42:52.527974+00:00,True,341.69406,88534807310615868,864691135396794101,43338,2024-12-18 19:02:29.545466+00:00,True,258220,6,7,3805,4,8.833216,5.1347976,[172944 142032  20549],[<NA> <NA> <NA>],[<NA> <NA> <NA>],258220
258306,2020-09-28 22:42:01.947304+00:00,True,244.90607,88745638799717492,864691136196202472,43339,2024-12-18 19:02:29.546015+00:00,True,258306,6,7,3806,4,8.334949,4.2925763,[174448 140192  21793],[<NA> <NA> <NA>],[<NA> <NA> <NA>],258306
260700,2020-09-28 22:44:15.563422+00:00,True,234.72046,88323976090543890,864691135157198692,43340,2024-12-18 19:02:29.546548+00:00,True,260700,6,7,3807,4,7.626895,2.5289793,[171552 144112  21874],[<NA> <NA> <NA>],[<NA> <NA> <NA>],260700
258316,2020-09-28 22:45:07.748019+00:00,True,322.90112,89167988636844004,864691135739587697,43456,2024-12-18 19:02:29.610929+00:00,True,258316,6,7,3934,4,4.053772,5.198395,[177680 141296  21464],[<NA> <NA> <NA>],[<NA> <NA> <NA>],258316
294570,2020-09-28 22:42:54.286601+00:00,True,368.69193,90505063495624451,864691135727790911,43465,2024-12-18 19:02:29.616018+00:00,True,294570,6,7,3943,4,3.1412206,8.906816,[186944 141984  21399],[<NA> <NA> <NA>],[<NA> <NA> <NA>],294570
258289,2020-09-28 22:43:47.505173+00:00,True,359.43365,88253401120843383,864691135466158917,43632,2024-12-18 19:02:29.710175+00:00,True,258289,6,7,4119,4,1.7207787,12.072666,[170928 142608  21356],[<NA> <NA> <NA>],[<NA> <NA> <NA>],258289
294670,2020-09-28 22:44:24.944640+00:00,True,249.9448,90504857404304935,864691135387535957,43733,2024-12-18 19:02:29.766947+00:00,True,294670,6,7,4226,4,4.1680617,6.752271,[187392 140192  21954],[<NA> <NA> <NA>],[<NA> <NA> <NA>],294670
294653,2020-09-28 22:41:56.164934+00:00,True,321.19128,89942044956983237,864691135868210454,43803,2024-12-18 19:02:29.806538+00:00,True,294653,6,7,4300,4,3.1967688,12.8524065,[182880 141152  22440],[<NA> <NA> <NA>],[<NA> <NA> <NA>],294653
294510,2020-09-28 22:45:18.929916+00:00,True,366.44357,91208544711639437,864691135274038801,44011,2024-12-18 19:02:31.882596+00:00,True,294510,6,7,4544,4,8.970222,2.2369335,[192160 140336  20693],[<NA> <NA> <NA>],[<NA> <NA> <NA>],294510
296507,2020-09-28 22:44:34.081218+00:00,True,262.78232,89942388352671324,864691136336039091,44030,2024-12-18 19:02:31.892958+00:00,True,296507,6,7,4571,4,3.358149,12.254889,[182848 143920  20593],[<NA> <NA> <NA>],[<NA> <NA> <NA>],296507
300823,2020-09-28 22:42:40.899134+00:00,True,248.62065,90720842518124669,864691135324725404,44484,2024-12-18 19:02:32.140854+00:00,True,300823,6,7,6474,6,3.935014,6.5909295,[188960 176432  20155],[<NA> <NA> <NA>],[<NA> <NA> <NA>],300823
298807,2020-09-28 22:42:31.455747+00:00,True,289.71384,90579898938462137,864691135778542509,44487,2024-12-18 19:02:32.142456+00:00,True,298807,6,7,6477,6,4.899028,3.340754,[187552 174880  20710],[<NA> <NA> <NA>],[<NA> <NA> <NA>],298807
298947,2020-09-28 22:43:32.087953+00:00,True,250.0454,90931536635158678,864691135809954845,44488,2024-12-18 19:02:32.143415+00:00,True,298947,6,7,6478,6,7.1384516,-0.5708882,[190368 173424  21738],[<NA> <NA> <NA>],[<NA> <NA> <NA>],298947
300763,2020-09-28 22:43:14.577415+00:00,True,238.62215,89806255002282134,864691135015154934,44511,2024-12-18 19:02:32.155790+00:00,True,300763,6,7,6507,6,5.990927,5.1746206,[182048 178240  20186],[<NA> <NA> <NA>],[<NA> <NA> <NA>],300763
264751,2020-09-28 22:40:55.104110+00:00,True,285.3257,89524780025645397,864691135640672571,44513,2024-12-18 19:02:32.156875+00:00,True,264751,6,7,6509,6,9.706674,3.7518926,[179856 177904  20273],[<NA> <NA> <NA>],[<NA> <NA> <NA>],264751
298912,2020-09-28 22:42:31.465941+00:00,True,300.69867,90087386515838744,864691135858298670,44515,2024-12-18 19:02:32.157945+00:00,True,298912,6,7,6511,6,3.298535,10.3561,[184240 175712  21233],[<NA> <NA> <NA>],[<NA> <NA> <NA>],298912
298772,2020-09-28 22:41:38.531493+00:00,True,337.78958,89524299056298442,864691135339600102,44516,2024-12-18 19:02:32.158478+00:00,True,298772,6,7,6512,6,9.737813,6.4465613,[180048 174288  20684],[<NA> <NA> <NA>],[<NA> <NA> <NA>],298772
264934,2020-09-28 22:41:56.029029+00:00,True,310.73483,89313467768719862,864691135546339880,44517,2024-12-18 19:02:32.159016+00:00,True,264934,6,7,6513,6,10.0715,5.5751,[178416 176592  21133],[<NA> <NA> <NA>],[<NA> <NA> <NA>],264934
299023,2020-09-28 22:43:26.415016+00:00,True,256.8323,89735542929239906,864691135843242211,44518,2024-12-18 19:02:32.159665+00:00,True,299023,6,7,6514,6,1.7375047,11.152027,[181760 175376  22339],[<NA> <NA> <NA>],[<NA> <NA> <NA>],299023
262682,2020-09-28 22:41:40.880332+00:00,True,232.97966,88539205357561713,864691135137299481,44542,2024-12-18 19:02:32.172619+00:00,True,262682,6,7,6544,6,15.5996,-2.3892,[172976 174864  20955],[<NA> <NA> <NA>],[<NA> <NA> <NA>],262682
264822,2020-09-28 22:40:57.537697+00:00,True,307.01077,88891255303573839,864691135293678006,44543,2024-12-18 19:02:32.173161+00:00,True,264822,6,7,6545,6,9.94361,3.314729,[175184 176816  21073],[<NA> <NA> <NA>],[<NA> <NA> <NA>],264822
262816,2020-09-28 22:41:42.734394+00:00,True,260.37256,89031649261724996,864691136814508659,44544,2024-12-18 19:02:32.173685+00:00,True,262816,6,7,6546,6,9.94235,0.80745,[176256 173872  21655],[<NA> <NA> <NA>],[<NA> <NA> <NA>],262816
263073,2020-09-28 22:41:06.357390+00:00,True,265.88397,89031992993240476,864691135955909640,44545,2024-12-18 19:02:32.174223+00:00,True,263073,6,7,6547,6,8.109174,5.4199133,[176480 176416  22599],[<NA> <NA> <NA>],[<NA> <NA> <NA>],263073
262825,2020-09-28 22:41:26.471977+00:00,True,293.13254,89242892866409455,864691135583277677,44656,2024-12-18 19:02:32.234665+00:00,True,262825,6,7,6666,6,5.5032578,6.394459,[178160 175136  21428],[<NA> <NA> <NA>],[<NA> <NA> <NA>],262825
264884,2020-09-28 22:44:41.617682+00:00,True,273.7101,87976461629724231,864691135351096279,44663,2024-12-18 19:02:32.238416+00:00,True,264884,6,7,6673,6,2.222172,8.838699,[168816 176656  21457],[<NA> <NA> <NA>],[<NA> <NA> <NA>],264884
262996,2020-09-28 22:42:52.306205+00:00,True,240.82645,87976324391655918,864691136914541041,44825,2024-12-18 19:02:32.328423+00:00,True,262996,6,7,6850,6,4.0461206,7.9877796,[168704 175536  22620],[<NA> <NA> <NA>],[<NA> <NA> <NA>],262996
262956,2020-09-28 22:42:33.783587+00:00,True,234.91313,89242961653021187,864691135583223405,44830,2024-12-18 19:02:32.331088+00:00,True,262956,6,7,6855,6,2.464375,10.011816,[178080 175616  21949],[<NA> <NA> <NA>],[<NA> <NA> <NA>],262956
262958,2020-09-28 22:40:54.771213+00:00,True,301.63254,89313193025363909,864691135954393891,44862,2024-12-18 19:02:32.348860+00:00,True,262958,6,7,6888,6,3.1069152,10.168236,[178608 174752  22447],[<NA> <NA> <NA>],[<NA> <NA> <NA>],262958
264990,2020-09-28 22:44:37.895663+00:00,True,268.26508,88187774154761429,864691136288644291,44881,2024-12-18 19:02:32.359354+00:00,True,264990,6,7,6908,6,6.5130734,3.0195582,[170176 178080  22342],[<NA> <NA> <NA>],[<NA> <NA> <NA>],264990
299070,2020-09-28 22:43:27.760483+00:00,True,275.8135,90509599048261937,864691135448698196,44886,2024-12-18 19:02:32.362029+00:00,True,299070,6,7,6913,6,1.8060377,11.116381,[187344 175424  21966],[<NA> <NA> <NA>],[<NA> <NA> <NA>],299070
264624,2020-09-28 22:43:08.592671+00:00,True,261.4616,88680286375941824,864691135060882843,44921,2024-12-18 19:02:32.381346+00:00,True,264624,6,7,6952,6,2.8130257,11.133677,[174096 177488  20178],[<NA> <NA> <NA>],[<NA> <NA> <NA>],264624
298868,2020-09-28 22:41:24.731821+00:00,True,271.96262,89594805373727621,864691136489147922,44931,2024-12-18 19:02:32.387025+00:00,True,298868,6,7,6962,6,2.2031171,9.425134,[180624 175696  21782],[<NA> <NA> <NA>],[<NA> <NA> <NA>],298868
299038,2020-09-28 22:42:48.996683+00:00,True,232.79387,89946580442098333,864691135493149927,44943,2024-12-18 19:02:32.393781+00:00,True,299038,6,7,6975,6,1.3781422,9.648323,[183312 175024  22160],[<NA> <NA> <NA>],[<NA> <NA> <NA>],299038
299071,2020-09-28 22:41:10.192379+00:00,True,266.94977,90509667834777490,864691135591726603,44951,2024-12-18 19:02:32.398365+00:00,True,299071,6,7,6983,6,6.20583,3.29825,[187216 176064  22456],[<NA> <NA> <NA>],[<NA> <NA> <NA>],299071
300966,2020-09-28 22:41:16.310028+00:00,True,272.04993,90439436328259661,864691135324705692,44986,2024-12-18 19:02:32.417675+00:00,True,300966,6,7,7019,6,4.814677,5.856168,[186448 177008  20879],[<NA> <NA> <NA>],[<NA> <NA> <NA>],300966
262772,2020-09-28 22:42:48.944945+00:00,True,272.31732,87905955446235423,864691135280944545,44992,2024-12-18 19:02:32.420936+00:00,True,262772,6,7,7025,6,7.238637,4.1783795,[168160 175632  21152],[<NA> <NA> <NA>],[<NA> <NA> <NA>],262772
300796,2020-09-28 22:42:39.340523+00:00,True,286.91693,90298698772513259,864691135360482392,45066,2024-12-18 19:02:34.330098+00:00,True,300796,6,7,7106,6,6.415635,4.515629,[185440 177104  20148],[<NA> <NA> <NA>],[<NA> <NA> <NA>],300796
299018,2020-09-28 22:42:46.763373+00:00,True,190.26117,89594736721057423,864691136954050527,45077,2024-12-18 19:02:34.336241+00:00,True,299018,6,7,7118,6,3.522703,8.352694,[180352 175104  22056],[<NA> <NA> <NA>],[<NA> <NA> <NA>],299018
298828,2020-09-28 22:41:59.792558+00:00,True,234.18011,91142986263977276,864691135763362102,45107,2024-12-18 19:02:34.352907+00:00,True,298828,6,7,7153,6,2.429579,12.566131,[191776 175824  20404],[<NA> <NA> <NA>],[<NA> <NA> <NA>],298828
300817,2020-09-28 22:43:23.687220+00:00,True,305.87372,90509873724584406,864691136619693275,45111,2024-12-18 19:02:34.355101+00:00,True,300817,6,7,7157,6,9.833825,1.3974905,[187312 177632  20229],[<NA> <NA> <NA>],[<NA> <NA> <NA>],300817
298934,2020-09-28 22:44:26.834727+00:00,True,252.73401,90579692914004455,864691135210358137,45207,2024-12-18 19:02:34.409083+00:00,True,298934,6,7,7273,6,6.52736,2.56424,[187888 173632  21521],[<NA> <NA> <NA>],[<NA> <NA> <NA>],298934
299074,2020-09-28 22:41:10.632640+00:00,True,250.41911,90720499189366923,864691135473540914,45213,2024-12-18 19:02:34.412265+00:00,True,299074,6,7,7280,6,4.940203,7.787874,[188880 174048  22405],[<NA> <NA> <NA>],[<NA> <NA> <NA>],299074
303100,2020-09-28 22:41:10.519004+00:00,True,499.789,91428722049408248,864691136137794941,45381,2024-12-18 19:02:34.505339+00:00,True,303100,6,7,8215,8,9.466628,8.356037,[193632 207584  21793],[<NA> <NA> <NA>],[<NA> <NA> <NA>],303100
305068,2020-09-28 22:45:15.279628+00:00,True,346.8108,90866321918998625,864691136239460668,45383,2024-12-18 19:02:34.506916+00:00,True,305068,6,7,8217,8,7.5519495,9.4949255,[189968 212000  22393],[<NA> <NA> <NA>],[<NA> <NA> <NA>],305068
269350,2020-09-28 22:42:01.353226+00:00,True,457.77536,89318346784751450,864691135853198023,45395,2024-12-18 19:02:34.513315+00:00,True,269350,6,7,8233,8,6.0859194,8.8049965,[178464 213008  20908],[<NA> <NA> <NA>],[<NA> <NA> <NA>],269350
269320,2020-09-28 22:42:22.829345+00:00,True,330.452,88473646976727710,864691135342823877,45396,2024-12-18 19:02:34.513846+00:00,True,269320,6,7,8234,8,5.482304,10.600601,[172144 210688  20905],[<NA> <NA> <NA>],[<NA> <NA> <NA>],269320
269402,2020-09-28 22:41:42.679084+00:00,True,311.95956,88473715830302301,864691136425073455,45397,2024-12-18 19:02:34.514511+00:00,True,269402,6,7,8235,8,5.0584607,14.373698,[172480 211312  21821],[<NA> <NA> <NA>],[<NA> <NA> <NA>],269402
269504,2020-09-28 22:43:35.835084+00:00,True,295.3968,89036734570519019,864691134919529994,45398,2024-12-18 19:02:34.515063+00:00,True,269504,6,7,8236,8,6.320541,1.2073082,[176416 211872  22512],[<NA> <NA> <NA>],[<NA> <NA> <NA>],269504
269488,2020-09-28 22:41:45.874698+00:00,True,281.41174,88614315946914418,864691136274695358,45399,2024-12-18 19:02:34.515592+00:00,True,269488,6,7,8237,8,6.466144,2.5438352,[173104 210208  22429],[<NA> <NA> <NA>],[<NA> <NA> <NA>],269488
269471,2020-09-28 22:44:30.511448+00:00,True,257.80698,88192034762071809,864691135361548615,45407,2024-12-18 19:02:34.519922+00:00,True,269471,6,7,8245,8,7.957733,2.8658762,[170176 209648  22167],[<NA> <NA> <NA>],[<NA> <NA> <NA>],269471
305228,2020-09-28 22:44:43.724150+00:00,True,276.97858,91077153340676495,864691136523033233,45492,2024-12-18 19:02:34.566350+00:00,True,305228,6,7,8340,8,2.1420875,13.016048,[191424 209888  22845],[<NA> <NA> <NA>],[<NA> <NA> <NA>],305228
305199,2020-09-28 22:45:03.502742+00:00,True,315.10004,90443903362541865,864691135577221406,45592,2024-12-18 19:02:34.621512+00:00,True,305199,6,7,8448,8,1.5776497,12.35932,[186656 210512  22837],[<NA> <NA> <NA>],[<NA> <NA> <NA>],305199
304956,2020-09-28 22:41:49.698412+00:00,True,530.40875,89740490664456682,864691135750307881,45603,2024-12-18 19:02:34.627364+00:00,True,304956,6,7,8459,8,6.500883,11.115538,[181568 212640  21847],[<NA> <NA> <NA>],[<NA> <NA> <NA>],304956
304973,2020-09-28 22:42:09.291141+00:00,True,470.61255,90373534484152677,864691136228250961,45607,2024-12-18 19:02:34.629617+00:00,True,304973,6,7,8465,8,3.0860288,14.184699,[186128 210288  21828],[<NA> <NA> <NA>],[<NA> <NA> <NA>],304973
269511,2020-09-28 22:43:20.632577+00:00,True,290.507,89388372132727995,864691135695042751,45618,2024-12-18 19:02:34.635490+00:00,True,269511,6,7,8476,8,6.680745,6.1954827,[178816 210528  22322],[<NA> <NA> <NA>],[<NA> <NA> <NA>],269511
302951,2020-09-28 22:43:43.674845+00:00,True,702.8972,89810172012765492,864691136991202453,45643,2024-12-18 19:02:34.649232+00:00,True,302951,6,7,8503,8,15.695641,-4.1838894,[181952 207456  20474],[<NA> <NA> <NA>],[<NA> <NA> <NA>],302951
294489,2020-09-28 22:42:37.487440+00:00,True,280.13412,90433114203028288,864691136091532855,46207,2024-12-18 19:02:36.859076+00:00,True,294489,7,3,1959,2,3.709713,6.5609856,[186848 130128  21012],[<NA> <NA> <NA>],[<NA> <NA> <NA>],294489
294453,2020-09-28 22:44:45.723311+00:00,True,280.28372,89729495413849922,864691136620636045,46208,2024-12-18 19:02:36.859600+00:00,True,294453,7,3,1960,2,4.9382524,5.4261403,[181440 130432  20695],[<NA> <NA> <NA>],[<NA> <NA> <NA>],294453
294673,2020-09-28 22:44:46.372136+00:00,True,282.5149,90573576947672080,864691136331214058,46209,2024-12-18 19:02:36.860145+00:00,True,294673,7,3,1961,2,3.5230658,2.7322948,[187920 127824  22032],[<NA> <NA> <NA>],[<NA> <NA> <NA>],294673
294582,2020-09-28 22:41:54.237843+00:00,True,294.83154,90784683113427194,864691135801463650,46210,2024-12-18 19:02:36.860685+00:00,True,294582,7,3,1962,2,5.9791565,1.0893326,[189472 127760  21804],[<NA> <NA> <NA>],[<NA> <NA> <NA>],294582
294548,2020-09-28 22:45:05.600324+00:00,True,317.2162,90081476707791607,864691135470787666,46211,2024-12-18 19:02:36.861240+00:00,True,294548,7,3,1963,2,7.032071,1.6582633,[183936 131280  21625],[<NA> <NA> <NA>],[<NA> <NA> <NA>],294548
294667,2020-09-28 22:43:17.845555+00:00,True,293.91388,90362539435193614,864691135210134905,46212,2024-12-18 19:02:36.861764+00:00,True,294667,7,3,1964,2,5.8547397,9.162433,[186048 128336  22528],[<NA> <NA> <NA>],[<NA> <NA> <NA>],294667
294682,2020-09-28 22:44:28.931267+00:00,True,256.0485,90644014411629504,864691136975144988,46213,2024-12-18 19:02:36.862315+00:00,True,294682,7,3,1965,2,4.3280377,8.413589,[188400 128704  22291],[<NA> <NA> <NA>],[<NA> <NA> <NA>],294682
294664,2020-09-28 22:43:08.922982+00:00,True,311.26306,90151845519437827,864691136042462038,46214,2024-12-18 19:02:36.862845+00:00,True,294664,7,3,1966,2,11.726068,-5.722935,[184800 131296  22474],[<NA> <NA> <NA>],[<NA> <NA> <NA>],294664
258166,2020-09-28 22:41:10.597601+00:00,True,294.61545,89307489040220487,864691135465932357,46246,2024-12-18 19:02:36.880412+00:00,True,258166,7,3,2006,2,2.0279815,10.70819,[178720 132192  20263],[<NA> <NA> <NA>],[<NA> <NA> <NA>],258166
258225,2020-09-28 22:43:16.108089+00:00,True,302.83548,88674101690450393,864691135763433270,46248,2024-12-18 19:02:36.881614+00:00,True,258225,7,3,2008,2,12.8411,2.7333,[173696 131472  20938],[<NA> <NA> <NA>],[<NA> <NA> <NA>],258225
258399,2020-09-28 22:41:32.402721+00:00,True,226.19243,89307351869365118,864691136011686318,46249,2024-12-18 19:02:36.882171+00:00,True,258399,7,3,2009,2,6.5217676,6.438797,[178320 131264  22063],[<NA> <NA> <NA>],[<NA> <NA> <NA>],258399
258301,2020-09-28 22:45:21.670906+00:00,True,398.34943,88674376635434834,864691135493686111,46250,2024-12-18 19:02:36.882702+00:00,True,258301,7,3,2010,2,13.396551,0.92460126,[173632 133776  21477],[<NA> <NA> <NA>],[<NA> <NA> <NA>],258301
258401,2020-09-28 22:43:30.016062+00:00,True,302.7283,89377308296970511,864691135742664043,46251,2024-12-18 19:02:36.883264+00:00,True,258401,7,3,2011,2,10.753034,0.45711833,[179216 127792  22302],[<NA> <NA> <NA>],[<NA> <NA> <NA>],258401
292825,2020-09-28 22:42:09.356353+00:00,True,332.5272,89728877140222276,864691136111251896,46252,2024-12-18 19:02:36.883797+00:00,True,292825,7,3,2012,2,13.269069,2.9711947,[181376 125680  22521],[<NA> <NA> <NA>],[<NA> <NA> <NA>],292825
258353,2020-09-28 22:44:02.531562+00:00,True,209.29495,88040714474248621,864691135183999490,46278,2024-12-18 19:02:36.898159+00:00,True,258353,7,3,2044,2,4.8616343,2.3158338,[169328 130912  22110],[<NA> <NA> <NA>],[<NA> <NA> <NA>],258353
258290,2020-09-28 22:42:43.331999+00:00,True,338.93253,88251408322917335,864691135874782350,46279,2024-12-18 19:02:36.898685+00:00,True,258290,7,3,2045,2,11.797324,1.1057917,[170816 127856  21691],[<NA> <NA> <NA>],[<NA> <NA> <NA>],258290
294547,2020-09-28 22:45:21.233074+00:00,True,387.70624,90010764299362175,864691135015652246,46388,2024-12-18 19:02:36.959082+00:00,True,294547,7,3,2171,2,3.9434388,7.3974895,[183728 129008  21304],[<NA> <NA> <NA>],[<NA> <NA> <NA>],294547
258375,2020-09-28 22:41:02.982496+00:00,True,365.3311,88884727087844075,864691135774053371,46408,2024-12-18 19:02:36.970180+00:00,True,258375,7,3,2192,2,7.0022616,1.8096002,[175328 127936  22400],[<NA> <NA> <NA>],[<NA> <NA> <NA>],258375
258113,2020-09-28 22:43:32.150344+00:00,True,355.08206,88181726572292650,864691135518283475,46419,2024-12-18 19:02:36.976238+00:00,True,258113,7,3,2204,2,2.2410426,7.9720216,[170320 132992  20225],[<NA> <NA> <NA>],[<NA> <NA> <NA>],258113
294536,2020-09-28 22:45:17.469344+00:00,True,359.5349,89588620553651755,864691135325263004,46554,2024-12-18 19:02:37.051438+00:00,True,294536,7,3,2352,2,5.4038672,6.6458797,[180640 129520  21202],[<NA> <NA> <NA>],[<NA> <NA> <NA>],294536
258295,2020-09-28 22:45:06.059386+00:00,True,319.1816,88392695500113733,864691135258646703,46563,2024-12-18 19:02:37.056437+00:00,True,258295,7,3,2362,2,5.606124,8.632397,[171888 132064  21298],[<NA> <NA> <NA>],[<NA> <NA> <NA>],258295
258360,2020-09-28 22:44:44.078845+00:00,True,278.1582,88392214597937672,864691135997332650,46574,2024-12-18 19:02:37.062951+00:00,True,258360,7,3,2375,2,8.108496,3.9024198,[171712 128336  22290],[<NA> <NA> <NA>],[<NA> <NA> <NA>],258360
258230,2020-09-28 22:44:55.809390+00:00,True,298.44128,88955576599984368,864691136298125851,46668,2024-12-18 19:02:37.116441+00:00,True,258230,7,3,2476,2,4.454644,2.2991877,[175856 131472  20407],[<NA> <NA> <NA>],[<NA> <NA> <NA>],258230
258222,2020-09-28 22:45:15.541537+00:00,True,349.12125,88603595507012906,864691136137237899,46674,2024-12-18 19:02:37.119698+00:00,True,258222,7,3,2484,2,5.8217583,3.751948,[173376 130752  20700],[<NA> <NA> <NA>],[<NA> <NA> <NA>],258222
298814,2020-09-28 22:42:13.041361+00:00,True,254.76662,90789630848344624,864691135593133067,47370,2024-12-18 19:02:39.363174+00:00,True,298814,7,3,4795,4,6.175587,4.19481,[189040 164896  21017],[<NA> <NA> <NA>],[<NA> <NA> <NA>],298814
298956,2020-09-28 22:43:23.581207+00:00,True,232.39377,91141062319739671,864691135493665631,47371,2024-12-18 19:02:39.363700+00:00,True,298956,7,3,4796,4,11.0771,2.1267,[191616 161920  21741],[<NA> <NA> <NA>],[<NA> <NA> <NA>],298956
299056,2020-09-28 22:41:32.054405+00:00,True,244.99864,90296774962545596,864691136101341045,47372,2024-12-18 19:02:39.364249+00:00,True,299056,7,3,4797,4,3.5981343,6.9465656,[185696 162976  22576],[<NA> <NA> <NA>],[<NA> <NA> <NA>],299056
299043,2020-09-28 22:44:22.653102+00:00,True,245.78687,90086080980035490,864691136391034487,47373,2024-12-18 19:02:39.364770+00:00,True,299043,7,3,4798,4,12.217058,1.8530873,[184176 165760  22284],[<NA> <NA> <NA>],[<NA> <NA> <NA>],299043
262547,2020-09-28 22:42:15.428320+00:00,True,303.4659,89030274670913953,864691135102433056,47399,2024-12-18 19:02:39.379216+00:00,True,262547,7,3,4829,4,7.2100453,2.5581508,[176480 163584  20145],[<NA> <NA> <NA>],[<NA> <NA> <NA>],262547
262699,2020-09-28 22:44:36.692791+00:00,True,267.73013,89030205951658890,864691135990004992,47402,2024-12-18 19:02:39.380839+00:00,True,262699,7,3,4832,4,8.93627,0.14745,[176336 163104  20330],[<NA> <NA> <NA>],[<NA> <NA> <NA>],262699
262821,2020-09-28 22:41:13.031141+00:00,True,278.81406,89171218518995616,864691135214977920,47403,2024-12-18 19:02:39.381387+00:00,True,262821,7,3,4833,4,6.517431,0.6873601,[177360 165072  21648],[<NA> <NA> <NA>],[<NA> <NA> <NA>],262821
299034,2020-09-28 22:43:04.624523+00:00,True,246.00854,89874906028249399,864691135703164283,47404,2024-12-18 19:02:39.381919+00:00,True,299034,7,3,4834,4,11.180058,4.020311,[182768 165328  22488],[<NA> <NA> <NA>],[<NA> <NA> <NA>],299034
262419,2020-09-28 22:41:14.891746+00:00,True,273.37048,88186399496762629,864691135656664770,47431,2024-12-18 19:02:39.397473+00:00,True,262419,7,3,4865,4,9.41593,0.44595,[170384 167664  20297],[<NA> <NA> <NA>],[<NA> <NA> <NA>],262419
262809,2020-09-28 22:44:59.445600+00:00,True,305.17838,88748868548051707,864691135476311616,47433,2024-12-18 19:02:39.398539+00:00,True,262809,7,3,4867,4,8.64799,3.71411,[174304 164096  21325],[<NA> <NA> <NA>],[<NA> <NA> <NA>],262809
262800,2020-09-28 22:41:46.647281+00:00,True,287.28442,88537556224215968,864691135941300993,47434,2024-12-18 19:02:39.399079+00:00,True,262800,7,3,4868,4,5.411441,3.660886,[172736 162864  21811],[<NA> <NA> <NA>],[<NA> <NA> <NA>],262800
262892,2020-09-28 22:44:38.457538+00:00,True,269.8258,88326587430689074,864691136011768494,47435,2024-12-18 19:02:39.399599+00:00,True,262892,7,3,4869,4,2.7460575,7.094082,[171264 163856  21889],[<NA> <NA> <NA>],[<NA> <NA> <NA>],262892
262889,2020-09-28 22:44:22.789637+00:00,True,246.01526,88326724936602021,864691135662802416,47437,2024-12-18 19:02:39.400655+00:00,True,262889,7,3,4871,4,4.69443,3.79128,[171200 164992  22279],[<NA> <NA> <NA>],[<NA> <NA> <NA>],262889
298895,2020-09-28 22:44:28.543951+00:00,True,254.7817,89945068479458956,864691135274860817,47555,2024-12-18 19:02:39.464845+00:00,True,298895,7,3,5012,4,2.1798973,7.8367043,[183280 163568  21184],[<NA> <NA> <NA>],[<NA> <NA> <NA>],298895
262423,2020-09-28 22:43:41.163827+00:00,True,288.07266,88326793387616101,864691135211926464,47582,2024-12-18 19:02:39.479479+00:00,True,262423,7,3,5039,4,4.649092,1.7835206,[171280 165280  20203],[<NA> <NA> <NA>],[<NA> <NA> <NA>],262423
262820,2020-09-28 22:44:55.110428+00:00,True,295.83932,89100643549328291,864691135465100189,47690,2024-12-18 19:02:39.538739+00:00,True,262820,7,3,5156,4,3.6892433,4.9380527,[177072 163712  21174],[<NA> <NA> <NA>],[<NA> <NA> <NA>],262820
262775,2020-09-28 22:43:27.407828+00:00,True,288.38068,87974743709628404,864691136085781356,47693,2024-12-18 19:02:39.540348+00:00,True,262775,7,3,5159,4,6.63766,3.9366448,[168528 163728  21721],[<NA> <NA> <NA>],[<NA> <NA> <NA>],262775
262886,2020-09-28 22:44:02.308582+00:00,True,207.70471,88256218753380966,864691135886314096,47770,2024-12-18 19:02:39.582644+00:00,True,262886,7,3,5246,4,2.90883,2.8798072,[170848 163648  22182],[<NA> <NA> <NA>],[<NA> <NA> <NA>],262886
298916,2020-09-28 22:41:42.194582+00:00,True,233.41335,90155899901322754,864691135577816862,47778,2024-12-18 19:02:39.587048+00:00,True,298916,7,3,5254,4,5.6133885,4.4042454,[184608 161808  21806],[<NA> <NA> <NA>],[<NA> <NA> <NA>],298916
298789,2020-09-28 22:44:19.169432+00:00,True,240.61412,89945205851390943,864691136229363025,47795,2024-12-18 19:02:39.596820+00:00,True,298789,7,3,5273,4,3.9606462,9.0126705,[182928 164912  20727],[<NA> <NA> <NA>],[<NA> <NA> <NA>],298789
298929,2020-09-28 22:41:42.678229+00:00,True,266.31586,90296980986886587,864691135686283703,47807,2024-12-18 19:02:39.603347+00:00,True,298929,7,3,5289,4,5.840605,2.1391337,[185744 164352  21652],[<NA> <NA> <NA>],[<NA> <NA> <NA>],298929
262942,2020-09-28 22:42:58.830411+00:00,True,259.57858,89030412445157392,864691135490483514,47829,2024-12-18 19:02:39.615250+00:00,True,262942,7,3,5311,4,5.530623,4.0982294,[176240 164608  22531],[<NA> <NA> <NA>],[<NA> <NA> <NA>],262942
262687,2020-09-28 22:45:01.628109+00:00,True,310.6554,88678843333891525,864691135802341986,47842,2024-12-18 19:02:39.622341+00:00,True,262687,7,3,5326,4,6.577488,0.80761486,[173696 166912  20570],[<NA> <NA> <NA>],[<NA> <NA> <NA>],262687
298714,2020-09-28 22:41:10.512017+00:00,True,240.71832,91282211923783175,864691135728030015,47845,2024-12-18 19:02:39.623932+00:00,True,298714,7,3,5329,4,5.554551,9.685827,[192576 164976  20306],[<NA> <NA> <NA>],[<NA> <NA> <NA>],298714
263078,2020-09-28 22:41:20.755200+00:00,True,241.89928,89311681263608674,864691135305643175,48011,2024-12-18 19:02:41.608267+00:00,True,263078,7,3,5532,4,2.4643493,8.14104,[178224 163456  22632],[<NA> <NA> <NA>],[<NA> <NA> <NA>],263078
300958,2020-09-28 22:44:53.641246+00:00,True,294.00842,90299248595568184,864691136675427975,48343,2024-12-18 19:02:41.791867+00:00,True,300958,7,3,7058,6,5.104978,7.910088,[185792 181056  20756],[<NA> <NA> <NA>],[<NA> <NA> <NA>],300958
301003,2020-09-28 22:41:55.393779+00:00,True,272.83014,90932292482047141,864691136298624539,48344,2024-12-18 19:02:41.792420+00:00,True,301003,7,3,7059,6,10.5447,7.5306,[190448 178992  21020],[<NA> <NA> <NA>],[<NA> <NA> <NA>],301003
300955,2020-09-28 22:45:15.231987+00:00,True,346.33072,90299248595218559,864691136674495623,48345,2024-12-18 19:02:41.792956+00:00,True,300955,7,3,7060,6,6.2349296,8.00281,[185568 181040  20488],[<NA> <NA> <NA>],[<NA> <NA> <NA>],300955
301119,2020-09-28 22:41:10.752903+00:00,True,278.575,91213973684426061,864691136118771108,48346,2024-12-18 19:02:41.793500+00:00,True,301119,7,3,7061,6,4.7898507,5.194259,[192048 180656  21639],[<NA> <NA> <NA>],[<NA> <NA> <NA>],301119
301115,2020-09-28 22:41:38.535914+00:00,True,248.76515,91003142329826665,864691136579629844,48347,2024-12-18 19:02:41.794048+00:00,True,301115,7,3,7062,6,8.195829,2.7835474,[190848 182704  21665],[<NA> <NA> <NA>],[<NA> <NA> <NA>],301115
301319,2020-09-28 22:44:32.504503+00:00,True,260.93616,90721186450905297,864691135157994084,48348,2024-12-18 19:02:41.794590+00:00,True,301319,7,3,7063,6,7.7533712,8.6912,[188736 178928  22629],[<NA> <NA> <NA>],[<NA> <NA> <NA>],301319
264841,2020-09-28 22:41:42.738553+00:00,True,362.6723,89243854871867548,864691135877825107,48361,2024-12-18 19:02:41.802131+00:00,True,264841,7,3,7080,6,4.313364,4.498879,[178112 182224  20782],[<NA> <NA> <NA>],[<NA> <NA> <NA>],264841
264846,2020-09-28 22:43:14.086886+00:00,True,342.58978,89314361054755294,864691136238090767,48362,2024-12-18 19:02:41.802658+00:00,True,264846,7,3,7081,6,1.6548752,9.809204,[178656 183024  20589],[<NA> <NA> <NA>],[<NA> <NA> <NA>],264846
264928,2020-09-28 22:45:11.296531+00:00,True,332.75247,89173348755958966,864691135587519868,48363,2024-12-18 19:02:41.803195+00:00,True,264928,7,3,7082,6,6.3321066,8.036342,[177232 181264  21414],[<NA> <NA> <NA>],[<NA> <NA> <NA>],264928
301189,2020-09-28 22:44:59.540059+00:00,True,305.6391,89665930032261170,864691135689417440,48364,2024-12-18 19:02:41.803721+00:00,True,301189,7,3,7083,6,7.958011,4.737361,[181232 181312  21875],[<NA> <NA> <NA>],[<NA> <NA> <NA>],301189
301192,2020-09-28 22:44:53.994640+00:00,True,295.3978,89877242490305606,864691134949248508,48366,2024-12-18 19:02:41.804784+00:00,True,301192,7,3,7085,6,5.405738,4.461362,[182512 182928  22365],[<NA> <NA> <NA>],[<NA> <NA> <NA>],301192
265055,2020-09-28 22:42:07.157513+00:00,True,258.11813,89454686427795310,864691135741998484,48367,2024-12-18 19:02:41.805315+00:00,True,265055,7,3,7086,6,8.048793,1.5501875,[179664 179968  22345],[<NA> <NA> <NA>],[<NA> <NA> <NA>],265055
264888,2020-09-28 22:44:36.179473+00:00,True,266.173,88117817593324117,864691135196576298,48384,2024-12-18 19:02:41.814681+00:00,True,264888,7,3,7107,6,8.374,4.280512,[169856 181328  21421],[<NA> <NA> <NA>],[<NA> <NA> <NA>],264888
301096,2020-09-28 22:44:44.142687+00:00,True,278.3794,90228605040471882,864691135810466333,48499,2024-12-18 19:02:41.877811+00:00,True,301096,7,3,7234,6,10.5983,1.7475,[185040 179280  21184],[<NA> <NA> <NA>],[<NA> <NA> <NA>],301096
264997,2020-09-28 22:45:03.341128+00:00,True,314.13977,88329267556959862,864691136619096795,48551,2024-12-18 19:02:41.906847+00:00,True,264997,7,3,7294,6,3.336126,6.7921643,[171328 183712  22050],[<NA> <NA> <NA>],[<NA> <NA> <NA>],264997
301182,2020-09-28 22:45:09.727603+00:00,True,329.05594,89595973605053445,864691136380757461,48581,2024-12-18 19:02:41.923208+00:00,True,301182,7,3,7327,6,9.721658,0.1324172,[180368 184256  21942],[<NA> <NA> <NA>],[<NA> <NA> <NA>],301182
265033,2020-09-28 22:44:41.746301+00:00,True,274.12088,89032748773625470,864691134949263100,48604,2024-12-18 19:02:41.935833+00:00,True,265033,7,3,7352,6,3.2406547,3.6793303,[176352 182000  21896],[<NA> <NA> <NA>],[<NA> <NA> <NA>],265033
301220,2020-09-28 22:44:21.093604+00:00,True,243.88551,90580723706717010,864691135779297981,48606,2024-12-18 19:02:41.936937+00:00,True,301220,7,3,7354,6,8.569861,3.3281898,[187600 180944  22001],[<NA> <NA> <NA>],[<NA> <NA> <NA>],301220
301216,2020-09-28 22:44:13.770098+00:00,True,231.25197,90440192443462131,864691136125956134,48679,2024-12-18 19:02:41.977225+00:00,True,301216,7,3,7444,6,6.767565,2.3295817,[186800 182960  22134],[<NA> <NA> <NA>],[<NA> <NA> <NA>],301216
264580,2020-09-28 22:42:46.839706+00:00,True,361.72678,87907329701715670,864691135571192966,48696,2024-12-18 19:02:41.988019+00:00,True,264580,7,3,7463,6,6.60618,3.00661,[168144 185744  20252],[<NA> <NA> <NA>],[<NA> <NA> <NA>],264580
265008,2020-09-28 22:43:43.244325+00:00,True,290.6379,88610605095247783,864691136034464443,48764,2024-12-18 19:02:42.026183+00:00,True,265008,7,3,7545,6,5.2932262,10.506149,[173408 182544  22502],[<NA> <NA> <NA>],[<NA> <NA> <NA>],265008
302840,2020-09-28 22:43:14.080803+00:00,True,380.81232,90301791148973899,864691135720061233,48983,2024-12-18 19:02:42.147032+00:00,True,302840,7,3,8762,8,14.150181,0.76198065,[185664 200192  20160],[<NA> <NA> <NA>],[<NA> <NA> <NA>],302840
303095,2020-09-28 22:45:24.938806+00:00,True,453.11606,91146422438749662,864691135566168599,48984,2024-12-18 19:02:42.147577+00:00,True,303095,7,3,8763,8,11.187267,1.8945086,[191744 201440  21606],[<NA> <NA> <NA>],[<NA> <NA> <NA>],303095
303169,2020-09-28 22:44:36.094558+00:00,True,265.90594,90935110115024736,864691135346975135,48985,2024-12-18 19:02:42.148122+00:00,True,303169,7,3,8764,8,17.7047,0.4786,[190352 200160  22227],[<NA> <NA> <NA>],[<NA> <NA> <NA>],303169
302968,2020-09-28 22:42:39.430164+00:00,True,316.87753,90160847636186223,864691135929072340,48995,2024-12-18 19:02:42.153509+00:00,True,302968,7,3,8778,8,9.64559,4.07261,[184512 198528  21011],[<NA> <NA> <NA>],[<NA> <NA> <NA>],302968
267319,2020-09-28 22:41:44.181356+00:00,True,435.31927,89527597792764820,864691135779049056,48997,2024-12-18 19:02:42.154599+00:00,True,267319,7,3,8780,8,1.2461481,13.879801,[179776 198880  22450],[<NA> <NA> <NA>],[<NA> <NA> <NA>],267319
267194,2020-09-28 22:43:46.858914+00:00,True,610.60974,88894141588921425,864691135977666883,49010,2024-12-18 19:02:44.070249+00:00,True,267194,7,3,8796,8,7.502738,9.383942,[175264 198256  21776],[<NA> <NA> <NA>],[<NA> <NA> <NA>],267194
303048,2020-09-28 22:44:17.097088+00:00,True,509.7526,90160916423054452,864691135258642863,49145,2024-12-18 19:02:44.144568+00:00,True,303048,7,3,8956,8,4.805992,13.96188,[184768 198896  21743],[<NA> <NA> <NA>],[<NA> <NA> <NA>],303048
267307,2020-09-28 22:45:25.169607+00:00,True,478.2493,89105179168917490,864691135948123745,49157,2024-12-18 19:02:44.151048+00:00,True,267307,7,3,8968,8,7.0180125,11.286321,[177120 197456  22127],[<NA> <NA> <NA>],[<NA> <NA> <NA>],267307
303139,2020-09-28 22:43:57.914035+00:00,True,442.57886,90090479026781022,864691136330101226,49187,2024-12-18 19:02:44.167541+00:00,True,303139,7,3,9002,8,2.9771981,14.700979,[184048 198528  22493],[<NA> <NA> <NA>],[<NA> <NA> <NA>],303139
267295,2020-09-28 22:43:20.014876+00:00,True,393.8317,88894279095150580,864691135214123064,49195,2024-12-18 19:02:44.172054+00:00,True,267295,7,3,9012,8,4.709267,8.934045,[175376 199104  22465],[<NA> <NA> <NA>],[<NA> <NA> <NA>],267295
267183,2020-09-28 22:43:37.801280+00:00,True,455.04218,88401422940721723,864691134941063523,49226,2024-12-18 19:02:44.188858+00:00,True,267183,7,3,9046,8,12.1236,4.122062,[171952 196880  21777],[<NA> <NA> <NA>],[<NA> <NA> <NA>],267183
302861,2020-09-28 22:43:53.948144+00:00,True,428.0302,90653634869932692,864691135617409385,49236,2024-12-18 19:02:44.194316+00:00,True,302861,7,3,9056,8,3.8457947,7.4820256,[188256 200192  20216],[<NA> <NA> <NA>],[<NA> <NA> <NA>],302861
303164,2020-09-28 22:41:04.995259+00:00,True,335.4149,90723729071520237,864691135878061395,49296,2024-12-18 19:02:44.226832+00:00,True,303164,7,3,9122,8,8.094229,9.791704,[188832 198224  22608],[<NA> <NA> <NA>],[<NA> <NA> <NA>],303164
266848,2020-09-28 22:43:16.059498+00:00,True,368.06903,88261097567929785,864691135955962888,49346,2024-12-18 19:02:44.253697+00:00,True,266848,7,3,9183,8,3.7571733,8.6292515,[170896 200304  20247],[<NA> <NA> <NA>],[<NA> <NA> <NA>],266848
303144,2020-09-28 22:45:24.876689+00:00,True,447.73148,90231147795286753,864691135640544571,49347,2024-12-18 19:02:44.254234+00:00,True,303144,7,3,9184,8,1.9082448,14.14144,[185264 198192  22188],[<NA> <NA> <NA>],[<NA> <NA> <NA>],303144
267038,2020-09-28 22:45:25.076572+00:00,True,466.89404,88824253679891664,864691135811658700,49382,2024-12-18 19:02:44.273501+00:00,True,267038,7,3,9227,8,6.701942,8.788391,[174816 201840  20364],[<NA> <NA> <NA>],[<NA> <NA> <NA>],267038
292684,2020-09-28 22:45:19.428363+00:00,True,372.53873,91134396396288966,864691134950156796,50009,2024-12-18 19:02:46.471557+00:00,True,292684,7,4,2158,2,10.304643,1.7584486,[192032 112224  20746],[<NA> <NA> <NA>],[<NA> <NA> <NA>],292684
292889,2020-09-28 22:44:27.240567+00:00,True,254.00066,91134465250137874,864691136126503206,50013,2024-12-18 19:02:46.473745+00:00,True,292889,7,4,2162,2,3.4827824,8.972762,[191888 112464  21903],[<NA> <NA> <NA>],[<NA> <NA> <NA>],292889
292666,2020-09-28 22:44:02.529861+00:00,True,209.28528,90501215137650063,864691135757002450,50042,2024-12-18 19:02:46.489799+00:00,True,292666,7,4,2196,2,13.983134,-3.24818,[187104 112880  20725],[<NA> <NA> <NA>],[<NA> <NA> <NA>],292666
292646,2020-09-28 22:45:13.921913+00:00,True,345.55234,89868446128941331,864691135738969220,50043,2024-12-18 19:02:46.490335+00:00,True,292646,7,4,2197,2,6.2813416,5.16161,[182528 117344  20379],[<NA> <NA> <NA>],[<NA> <NA> <NA>],292646
292728,2020-09-28 22:45:05.946027+00:00,True,318.60342,90360615155179836,864691136058646488,50045,2024-12-18 19:02:46.491415+00:00,True,292728,7,4,2199,2,1.9257232,8.506238,[186096 114176  21111],[<NA> <NA> <NA>],[<NA> <NA> <NA>],292728
292712,2020-09-28 22:44:30.540031+00:00,True,257.90857,89797871360450461,864691135943593332,50046,2024-12-18 19:02:46.491943+00:00,True,292712,7,4,2200,2,7.91319,3.25681,[182048 115584  21330],[<NA> <NA> <NA>],[<NA> <NA> <NA>],292712
292734,2020-09-28 22:43:41.533998+00:00,True,294.29663,90571584016011523,864691135540272498,50047,2024-12-18 19:02:46.492482+00:00,True,292734,7,4,2201,2,11.429761,0.05098708,[187568 113216  21732],[<NA> <NA> <NA>],[<NA> <NA> <NA>],292734
292671,2020-09-28 22:40:49.673282+00:00,True,225.59294,90642090131819352,864691136211325884,50048,2024-12-18 19:02:46.493018+00:00,True,292671,7,4,2202,2,7.7670965,3.3138685,[188352 114080  21059],[<NA> <NA> <NA>],[<NA> <NA> <NA>],292671
292838,2020-09-28 22:41:22.400526+00:00,True,285.25903,90149302965492552,864691135701629474,50051,2024-12-18 19:02:46.494623+00:00,True,292838,7,4,2205,2,4.5453887,5.90916,[184416 112704  22591],[<NA> <NA> <NA>],[<NA> <NA> <NA>],292838
292951,2020-09-28 22:44:13.651151+00:00,True,230.7331,90500940527985455,864691135587666812,50053,2024-12-18 19:02:46.495813+00:00,True,292951,7,4,2207,2,8.130662,3.1375842,[187312 111232  22632],[<NA> <NA> <NA>],[<NA> <NA> <NA>],292951
256470,2020-09-28 22:43:08.826020+00:00,True,242.5199,89375590041880542,864691135336847849,50079,2024-12-18 19:02:46.510016+00:00,True,256470,7,4,2237,2,11.101138,1.157227,[179216 115136  20457],[<NA> <NA> <NA>],[<NA> <NA> <NA>],256470
256456,2020-09-28 22:45:24.758168+00:00,True,438.20514,88953240204708144,864691136138779517,50080,2024-12-18 19:02:46.510555+00:00,True,256456,7,4,2238,2,6.696436,4.907026,[176112 114336  20769],[<NA> <NA> <NA>],[<NA> <NA> <NA>],256456
292820,2020-09-28 22:44:04.335590+00:00,True,211.89821,89516121639791892,864691135067961412,50081,2024-12-18 19:02:46.511106+00:00,True,292820,7,4,2239,2,10.578845,-0.22964264,[180096 113808  22118],[<NA> <NA> <NA>],[<NA> <NA> <NA>],292820
256638,2020-09-28 22:44:51.823587+00:00,True,291.1799,88953515216995530,864691135572576237,50082,2024-12-18 19:02:46.511634+00:00,True,256638,7,4,2240,2,12.009927,1.5573683,[175792 116256  21925],[<NA> <NA> <NA>],[<NA> <NA> <NA>],256638
256669,2020-09-28 22:43:22.310108+00:00,True,291.43155,89375246645623251,864691135498973715,50083,2024-12-18 19:02:46.512295+00:00,True,256669,7,4,2241,2,6.099354,7.2334113,[178880 112496  21851],[<NA> <NA> <NA>],[<NA> <NA> <NA>],256669
256512,2020-09-28 22:42:31.706886+00:00,True,320.44186,88038652823071807,864691135573191405,50116,2024-12-18 19:02:46.530209+00:00,True,256512,7,4,2277,2,4.5747914,3.20881,[169472 115888  21788],[<NA> <NA> <NA>],[<NA> <NA> <NA>],256512
256609,2020-09-28 22:45:05.508416+00:00,True,316.75186,88178978061378529,864691137198691137,50117,2024-12-18 19:02:46.530738+00:00,True,256609,7,4,2278,2,8.678039,2.3030057,[170464 112688  22069],[<NA> <NA> <NA>],[<NA> <NA> <NA>],256609
256607,2020-09-28 22:43:45.403246+00:00,True,323.9058,88179046781337396,864691135947258916,50119,2024-12-18 19:02:46.531808+00:00,True,256607,7,4,2280,2,4.870949,8.953177,[170208 113008  22507],[<NA> <NA> <NA>],[<NA> <NA> <NA>],256607
291345,2020-09-28 22:41:16.200164+00:00,True,344.67413,91134259158791688,864691136177731846,50278,2024-12-18 19:02:46.618860+00:00,True,291345,7,4,2448,2,3.6365461,9.096107,[191792 111008  22383],[<NA> <NA> <NA>],[<NA> <NA> <NA>],291345
256435,2020-09-28 22:45:00.940412+00:00,True,307.51508,88249965012889400,864691136314404669,50311,2024-12-18 19:02:46.636791+00:00,True,256435,7,4,2484,2,2.3458667,6.1369314,[170752 117072  20449],[<NA> <NA> <NA>],[<NA> <NA> <NA>],256435
291348,2020-09-28 22:42:50.774258+00:00,True,300.22043,91274859207930308,864691135309722950,50366,2024-12-18 19:02:46.666819+00:00,True,291348,7,4,2541,2,7.475269,2.6221857,[192896 110208  22174],[<NA> <NA> <NA>],[<NA> <NA> <NA>],291348
256548,2020-09-28 22:45:15.218772+00:00,True,346.18506,89234715315318693,864691136177778950,50467,2024-12-18 19:02:46.723112+00:00,True,256548,7,4,2648,2,1.4818553,9.986729,[177760 114352  21510],[<NA> <NA> <NA>],[<NA> <NA> <NA>],256548
256531,2020-09-28 22:45:07.728670+00:00,True,322.8023,88601327898256679,864691135464671550,50493,2024-12-18 19:02:46.737423+00:00,True,256531,7,4,2678,2,7.146527,1.2764642,[173360 113488  21523],[<NA> <NA> <NA>],[<NA> <NA> <NA>],256531
256625,2020-09-28 22:44:14.105816+00:00,True,232.70409,88812709076150429,864691136177726726,50546,2024-12-18 19:02:46.766532+00:00,True,256625,7,4,2738,2,8.30043,4.95237,[174704 115808  22327],[<NA> <NA> <NA>],[<NA> <NA> <NA>],256625
256449,2020-09-28 22:43:23.767701+00:00,True,315.00616,88742065252966980,864691135839950227,50564,2024-12-18 19:02:46.776603+00:00,True,256449,7,4,2757,2,7.9584827,6.7349887,[174240 113824  20992],[<NA> <NA> <NA>],[<NA> <NA> <NA>],256449
256436,2020-09-28 22:45:13.736866+00:00,True,344.08365,88320402543343348,864691135448303762,50581,2024-12-18 19:02:46.786265+00:00,True,256436,7,4,2778,2,5.640729,4.1097775,[171360 117872  20664],[<NA> <NA> <NA>],[<NA> <NA> <NA>],256436
292714,2020-09-28 22:45:01.664604+00:00,True,310.88147,89938540196086387,864691136976001308,50641,2024-12-18 19:02:46.819163+00:00,True,292714,7,4,2842,2,6.3988986,5.418672,[183184 115008  21547],[<NA> <NA> <NA>],[<NA> <NA> <NA>],292714
256676,2020-09-28 22:41:10.745396+00:00,True,230.13048,89515915481621493,864691135739689073,50656,2024-12-18 19:02:46.827401+00:00,True,256676,7,4,2859,2,11.963503,3.125371,[180032 111920  22362],[<NA> <NA> <NA>],[<NA> <NA> <NA>],256676
292667,2020-09-28 22:45:21.223376+00:00,True,387.41098,90571721320546579,864691134919972106,50657,2024-12-18 19:02:46.827931+00:00,True,292667,7,4,2860,2,5.6161323,9.295911,[187840 114048  20544],[<NA> <NA> <NA>],[<NA> <NA> <NA>],292667
291326,2020-09-28 22:40:44.439728+00:00,True,224.69444,90430228186324001,864691135398817569,50763,2024-12-18 19:02:46.886579+00:00,True,291326,7,4,2976,2,13.243683,-5.0572467,[186640 108656  22542],[<NA> <NA> <NA>],[<NA> <NA> <NA>],291326
294860,2020-09-28 22:44:59.541111+00:00,True,305.6409,91277676773529536,864691135409940425,51428,2024-12-18 19:02:49.542146+00:00,True,294860,7,4,5404,4,8.700664,5.2713566,[192720 131232  22625],[<NA> <NA> <NA>],[<NA> <NA> <NA>],294860
294465,2020-09-28 22:44:49.790304+00:00,True,287.43417,90011726237969974,864691135587758716,51453,2024-12-18 19:02:49.555817+00:00,True,294465,7,4,5432,4,12.2162,1.3997,[183584 136144  20422],[<NA> <NA> <NA>],[<NA> <NA> <NA>],294465
294493,2020-09-28 22:44:58.914739+00:00,True,302.97556,90574126502259119,864691136665051614,51456,2024-12-18 19:02:49.557461+00:00,True,294493,7,4,5435,4,5.1938343,8.630477,[187920 132096  20564],[<NA> <NA> <NA>],[<NA> <NA> <NA>],294493
294557,2020-09-28 22:45:05.958346+00:00,True,318.6385,90222351568226732,864691135732210873,51457,2024-12-18 19:02:49.558011+00:00,True,294557,7,4,5436,4,5.6801686,1.4636645,[184944 132544  21307],[<NA> <NA> <NA>],[<NA> <NA> <NA>],294557
294547,2020-09-28 22:45:21.233074+00:00,True,387.70624,90010764299362175,864691135015652246,51458,2024-12-18 19:02:49.558693+00:00,True,294547,7,4,5437,4,13.254229,0.018689971,[183728 129008  21304],[<NA> <NA> <NA>],[<NA> <NA> <NA>],294547
294489,2020-09-28 22:42:37.487440+00:00,True,280.13412,90433114203028288,864691136091532855,51459,2024-12-18 19:02:49.559242+00:00,True,294489,7,4,5438,4,9.023475,1.000941,[186848 130128  21012],[<NA> <NA> <NA>],[<NA> <NA> <NA>],294489
294576,2020-09-28 22:44:55.293087+00:00,True,296.5653,90644426661199216,864691136389921911,51460,2024-12-18 19:02:49.559773+00:00,True,294576,7,4,5439,4,2.0828552,11.55936,[188320 131408  21605],[<NA> <NA> <NA>],[<NA> <NA> <NA>],294576
294583,2020-09-28 22:45:13.880766+00:00,True,345.15027,90855876424176600,864691135743102827,51461,2024-12-18 19:02:49.560318+00:00,True,294583,7,4,5440,4,10.1141,3.6464,[189792 134272  21227],[<NA> <NA> <NA>],[<NA> <NA> <NA>],294583
294691,2020-09-28 22:44:11.863352+00:00,True,227.49872,90714589247340842,864691136331247338,51462,2024-12-18 19:02:49.560853+00:00,True,294691,7,4,5441,4,5.253547,1.9086903,[188816 129840  21956],[<NA> <NA> <NA>],[<NA> <NA> <NA>],294691
294548,2020-09-28 22:45:05.600324+00:00,True,317.2162,90081476707791607,864691135470787666,51463,2024-12-18 19:02:49.561402+00:00,True,294548,7,4,5442,4,1.986246,7.2019253,[183936 131280  21625],[<NA> <NA> <NA>],[<NA> <NA> <NA>],294548
294652,2020-09-28 22:44:43.988511+00:00,True,277.8248,89870370542667010,864691135493051879,51465,2024-12-18 19:02:49.562486+00:00,True,294652,7,4,5444,4,8.30163,4.2898817,[182368 131488  22376],[<NA> <NA> <NA>],[<NA> <NA> <NA>],294652
294664,2020-09-28 22:43:08.922982+00:00,True,311.26306,90151845519437827,864691136042462038,51467,2024-12-18 19:02:49.563555+00:00,True,294664,7,4,5446,4,10.905012,-1.7725147,[184800 131296  22474],[<NA> <NA> <NA>],[<NA> <NA> <NA>],294664
258230,2020-09-28 22:44:55.809390+00:00,True,298.44128,88955576599984368,864691136298125851,51489,2024-12-18 19:02:49.575866+00:00,True,258230,7,4,5474,4,12.2088,-3.6132,[175856 131472  20407],[<NA> <NA> <NA>],[<NA> <NA> <NA>],258230
258225,2020-09-28 22:43:16.108089+00:00,True,302.83548,88674101690450393,864691135763433270,51490,2024-12-18 19:02:49.576419+00:00,True,258225,7,4,5475,4,10.904,1.076,[173696 131472  20938],[<NA> <NA> <NA>],[<NA> <NA> <NA>],258225
258399,2020-09-28 22:41:32.402721+00:00,True,226.19243,89307351869365118,864691136011686318,51491,2024-12-18 19:02:49.576978+00:00,True,258399,7,4,5476,4,2.99521,10.071429,[178320 131264  22063],[<NA> <NA> <NA>],[<NA> <NA> <NA>],258399
258402,2020-09-28 22:42:43.402554+00:00,True,307.9784,89448570394253033,864691135294442678,51492,2024-12-18 19:02:49.577526+00:00,True,258402,7,4,5477,4,12.3622,-2.1802,[179504 134464  22207],[<NA> <NA> <NA>],[<NA> <NA> <NA>],258402
258391,2020-09-28 22:44:06.340521+00:00,True,216.62679,89166545661876847,864691135584504429,51494,2024-12-18 19:02:49.578620+00:00,True,258391,7,4,5479,4,6.343028,6.147679,[177392 130416  22352],[<NA> <NA> <NA>],[<NA> <NA> <NA>],258391
258295,2020-09-28 22:45:06.059386+00:00,True,319.1816,88392695500113733,864691135258646703,51514,2024-12-18 19:02:49.589793+00:00,True,258295,7,4,5505,4,6.90123,2.758161,[171888 132064  21298],[<NA> <NA> <NA>],[<NA> <NA> <NA>],258295
258202,2020-09-28 22:45:17.956129+00:00,True,365.4828,87970689126320793,864691135276132325,51515,2024-12-18 19:02:49.590341+00:00,True,258202,7,4,5506,4,2.9183183,9.97807,[168992 133520  20745],[<NA> <NA> <NA>],[<NA> <NA> <NA>],258202
258353,2020-09-28 22:44:02.531562+00:00,True,209.29495,88040714474248621,864691135183999490,51516,2024-12-18 19:02:49.590884+00:00,True,258353,7,4,5507,4,6.0640073,4.323301,[169328 130912  22110],[<NA> <NA> <NA>],[<NA> <NA> <NA>],258353
258284,2020-09-28 22:45:13.882459+00:00,True,345.17435,88181795426193124,864691135455400554,51517,2024-12-18 19:02:49.591424+00:00,True,258284,7,4,5508,4,5.4359045,3.6340306,[170192 133552  21447],[<NA> <NA> <NA>],[<NA> <NA> <NA>],258284
258372,2020-09-28 22:43:24.388187+00:00,True,287.68372,88744676794369404,864691136314491965,51518,2024-12-18 19:02:49.592152+00:00,True,258372,7,4,5509,4,14.9215,0.9152,[174496 133136  22519],[<NA> <NA> <NA>],[<NA> <NA> <NA>],258372
258113,2020-09-28 22:43:32.150344+00:00,True,355.08206,88181726572292650,864691135518283475,51715,2024-12-18 19:02:49.702123+00:00,True,258113,7,4,5735,4,6.212321,5.4758563,[170320 132992  20225],[<NA> <NA> <NA>],[<NA> <NA> <NA>],258113
258301,2020-09-28 22:45:21.670906+00:00,True,398.34943,88674376635434834,864691135493686111,51722,2024-12-18 19:02:49.705920+00:00,True,258301,7,4,5743,4,6.859226,4.8350496,[173632 133776  21477],[<NA> <NA> <NA>],[<NA> <NA> <NA>],258301
258232,2020-09-28 22:45:01.535266+00:00,True,310.24316,89026220288670277,864691135294361782,51846,2024-12-18 19:02:49.775213+00:00,True,258232,7,4,5875,4,1.291166,9.382225,[176272 133792  20486],[<NA> <NA> <NA>],[<NA> <NA> <NA>],258232
258382,2020-09-28 22:41:55.706175+00:00,True,246.81563,89026220490459523,864691135741930603,51876,2024-12-18 19:02:49.791788+00:00,True,258382,7,4,5908,4,10.916127,-3.211034,[176464 133552  22445],[<NA> <NA> <NA>],[<NA> <NA> <NA>],258382
258322,2020-09-28 22:41:40.615887+00:00,True,324.7661,89518732845960346,864691135619756943,51906,2024-12-18 19:02:49.808408+00:00,True,258322,7,4,5940,4,6.3958783,4.479559,[179840 132976  21342],[<NA> <NA> <NA>],[<NA> <NA> <NA>],258322
258166,2020-09-28 22:41:10.597601+00:00,True,294.61545,89307489040220487,864691135465932357,52132,2024-12-18 19:02:51.900124+00:00,True,258166,7,4,6191,4,7.0782347,5.798912,[178720 132192  20263],[<NA> <NA> <NA>],[<NA> <NA> <NA>],258166
294667,2020-09-28 22:43:17.845555+00:00,True,293.91388,90362539435193614,864691135210134905,52156,2024-12-18 19:02:51.913091+00:00,True,294667,7,4,6216,4,8.543472,4.349619,[186048 128336  22528],[<NA> <NA> <NA>],[<NA> <NA> <NA>],294667
298950,2020-09-28 22:44:19.475632+00:00,True,241.50508,91000462203198157,864691136211371452,52972,2024-12-18 19:02:52.363152+00:00,True,298950,7,4,8861,6,13.170725,2.0713468,[190976 162720  21212],[<NA> <NA> <NA>],[<NA> <NA> <NA>],298950
298953,2020-09-28 22:43:03.966692+00:00,True,248.65947,91071105892389024,864691136968773070,52979,2024-12-18 19:02:52.366920+00:00,True,298953,7,4,8868,6,5.213586,4.183631,[191376 164656  21712],[<NA> <NA> <NA>],[<NA> <NA> <NA>],298953
298669,2020-09-28 22:41:47.859512+00:00,True,277.235,90227093077726740,864691135196592938,53009,2024-12-18 19:02:54.479281+00:00,True,298669,7,4,8904,6,11.442384,1.8868375,[185264 167696  20139],[<NA> <NA> <NA>],[<NA> <NA> <NA>],298669
298800,2020-09-28 22:44:24.712569+00:00,True,249.13739,90297324450184090,864691135742247787,53011,2024-12-18 19:02:54.480369+00:00,True,298800,7,4,8906,6,4.0926285,9.575197,[185600 166752  20750],[<NA> <NA> <NA>],[<NA> <NA> <NA>],298800
298814,2020-09-28 22:42:13.041361+00:00,True,254.76662,90789630848344624,864691135593133067,53012,2024-12-18 19:02:54.480942+00:00,True,298814,7,4,8907,6,3.543543,10.527494,[189040 164896  21017],[<NA> <NA> <NA>],[<NA> <NA> <NA>],298814
298795,2020-09-28 22:41:46.010534+00:00,True,274.57486,90015643381895624,864691135215023416,53013,2024-12-18 19:02:54.481503+00:00,True,298795,7,4,8908,6,8.894525,0.8987876,[183776 165504  21045],[<NA> <NA> <NA>],[<NA> <NA> <NA>],298795
298944,2020-09-28 22:44:32.370799+00:00,True,260.51083,90859793434394918,864691135490505018,53014,2024-12-18 19:02:54.482062+00:00,True,298944,7,4,8909,6,9.2845,3.96,[189872 163472  21278],[<NA> <NA> <NA>],[<NA> <NA> <NA>],298944
298789,2020-09-28 22:44:19.169432+00:00,True,240.61412,89945205851390943,864691136229363025,53015,2024-12-18 19:02:54.482585+00:00,True,298789,7,4,8910,6,6.676682,1.6026789,[182928 164912  20727],[<NA> <NA> <NA>],[<NA> <NA> <NA>],298789
298913,2020-09-28 22:40:55.436991+00:00,True,256.9575,90156587095957101,864691134966710559,53016,2024-12-18 19:02:54.483134+00:00,True,298913,7,4,8911,6,7.3460693,0.672697,[184768 167088  21715],[<NA> <NA> <NA>],[<NA> <NA> <NA>],298913
299068,2020-09-28 22:44:15.793697+00:00,True,235.6165,90507881127926748,864691136058745048,53017,2024-12-18 19:02:54.483663+00:00,True,299068,7,4,8912,6,13.054774,0.8560204,[187280 162544  22042],[<NA> <NA> <NA>],[<NA> <NA> <NA>],299068
299069,2020-09-28 22:44:49.887823+00:00,True,287.81003,90578387311474855,864691135916843366,53018,2024-12-18 19:02:54.484215+00:00,True,299069,7,4,8913,6,9.056903,4.197188,[187536 163936  22391],[<NA> <NA> <NA>],[<NA> <NA> <NA>],299069
299083,2020-09-28 22:44:07.087675+00:00,True,218.68102,91071243331528296,864691136453442303,53019,2024-12-18 19:02:54.484742+00:00,True,299083,7,4,8914,6,6.8628,4.5441,[191344 165760  21883],[<NA> <NA> <NA>],[<NA> <NA> <NA>],299083
299056,2020-09-28 22:41:32.054405+00:00,True,244.99864,90296774962545596,864691136101341045,53021,2024-12-18 19:02:54.485835+00:00,True,299056,7,4,8916,6,6.992058,-0.39797807,[185696 162976  22576],[<NA> <NA> <NA>],[<NA> <NA> <NA>],299056
262726,2020-09-28 22:40:53.163402+00:00,True,271.0348,89523268264453192,864691135518173395,53054,2024-12-18 19:02:54.504128+00:00,True,262726,7,4,8955,6,3.6034224,9.45788,[179920 167104  20924],[<NA> <NA> <NA>],[<NA> <NA> <NA>],262726
262696,2020-09-28 22:44:28.629853+00:00,True,255.08217,88960180871942348,864691135920571056,53055,2024-12-18 19:02:54.504662+00:00,True,262696,7,4,8956,6,4.5488214,9.009206,[176144 165856  20821],[<NA> <NA> <NA>],[<NA> <NA> <NA>],262696
262710,2020-09-28 22:41:32.465682+00:00,True,238.13046,89171699488113773,864691136488999186,53056,2024-12-18 19:02:54.505214+00:00,True,262710,7,4,8957,6,9.509728,2.495998,[177504 168848  21048],[<NA> <NA> <NA>],[<NA> <NA> <NA>],262710
262673,2020-09-28 22:44:26.979182+00:00,True,253.18326,88397299637926388,864691135594982187,53057,2024-12-18 19:02:54.505737+00:00,True,262673,7,4,8958,6,11.5001,3.3228,[171904 166304  20772],[<NA> <NA> <NA>],[<NA> <NA> <NA>],262673
262821,2020-09-28 22:41:13.031141+00:00,True,278.81406,89171218518995616,864691135214977920,53058,2024-12-18 19:02:54.506296+00:00,True,262821,7,4,8959,6,4.042572,4.544855,[177360 165072  21648],[<NA> <NA> <NA>],[<NA> <NA> <NA>],262821
262935,2020-09-28 22:44:21.041822+00:00,True,243.6943,88819718462667549,864691136111556792,53059,2024-12-18 19:02:54.506838+00:00,True,262935,7,4,8960,6,9.890713,1.2065921,[175088 167776  22240],[<NA> <NA> <NA>],[<NA> <NA> <NA>],262935
298863,2020-09-28 22:45:05.995994+00:00,True,318.85657,89663731008586818,864691136052688115,53061,2024-12-18 19:02:54.507917+00:00,True,298863,7,4,8962,6,8.30761,6.63739,[180912 164960  21521],[<NA> <NA> <NA>],[<NA> <NA> <NA>],298863
262942,2020-09-28 22:42:58.830411+00:00,True,259.57858,89030412445157392,864691135490483514,53062,2024-12-18 19:02:54.508455+00:00,True,262942,7,4,8963,6,4.2557282,4.929459,[176240 164608  22531],[<NA> <NA> <NA>],[<NA> <NA> <NA>],262942
263078,2020-09-28 22:41:20.755200+00:00,True,241.89928,89311681263608674,864691135305643175,53063,2024-12-18 19:02:54.508999+00:00,True,263078,7,4,8964,6,7.4087105,4.687459,[178224 163456  22632],[<NA> <NA> <NA>],[<NA> <NA> <NA>],263078
262777,2020-09-28 22:44:44.194178+00:00,True,278.5416,88045730861895569,864691136380816597,53093,2024-12-18 19:02:54.525439+00:00,True,262777,7,4,9000,6,5.3002887,4.071815,[169168 168480  21133],[<NA> <NA> <NA>],[<NA> <NA> <NA>],262777
262780,2020-09-28 22:44:11.565534+00:00,True,226.2098,88045593489998044,864691135478429352,53094,2024-12-18 19:02:54.525995+00:00,True,262780,7,4,9001,6,3.2044983,9.32369,[169360 167152  21606],[<NA> <NA> <NA>],[<NA> <NA> <NA>],262780
262892,2020-09-28 22:44:38.457538+00:00,True,269.8258,88326587430689074,864691136011768494,53095,2024-12-18 19:02:54.526524+00:00,True,262892,7,4,9002,6,10.701117,2.8548822,[171264 163856  21889],[<NA> <NA> <NA>],[<NA> <NA> <NA>],262892
262887,2020-09-28 22:42:48.854514+00:00,True,251.45425,88256768509561483,864691135727799359,53097,2024-12-18 19:02:54.527590+00:00,True,262887,7,4,9004,6,8.602088,2.0709827,[171040 168096  22526],[<NA> <NA> <NA>],[<NA> <NA> <NA>],262887
299043,2020-09-28 22:44:22.653102+00:00,True,245.78687,90086080980035490,864691136391034487,53227,2024-12-18 19:02:54.598770+00:00,True,299043,7,4,9155,6,4.3561583,5.784326,[184176 165760  22284],[<NA> <NA> <NA>],[<NA> <NA> <NA>],299043
299034,2020-09-28 22:43:04.624523+00:00,True,246.00854,89874906028249399,864691135703164283,53388,2024-12-18 19:02:54.689103+00:00,True,299034,7,4,9330,6,2.8694985,9.028136,[182768 165328  22488],[<NA> <NA> <NA>],[<NA> <NA> <NA>],299034
262814,2020-09-28 22:44:30.542836+00:00,True,257.91183,88960249725252307,864691135779716797,53394,2024-12-18 19:02:54.692347+00:00,True,262814,7,4,9337,6,2.1231828,7.206538,[175824 166464  21524],[<NA> <NA> <NA>],[<NA> <NA> <NA>],262814
262687,2020-09-28 22:45:01.628109+00:00,True,310.6554,88678843333891525,864691135802341986,53442,2024-12-18 19:02:54.718802+00:00,True,262687,7,4,9390,6,2.7214859,9.578964,[173696 166912  20570],[<NA> <NA> <NA>],[<NA> <NA> <NA>],262687
262636,2020-09-28 22:44:32.559382+00:00,True,261.10672,87975293264388067,864691135493624415,53452,2024-12-18 19:02:54.724385+00:00,True,262636,7,4,9401,6,1.863082,7.233421,[168736 167680  20422],[<NA> <NA> <NA>],[<NA> <NA> <NA>],262636
262534,2020-09-28 22:42:53.025709+00:00,True,253.21783,88889880780042583,864691135760319822,53475,2024-12-18 19:02:54.737863+00:00,True,262534,7,4,9427,6,6.5550976,5.885352,[175424 166160  20228],[<NA> <NA> <NA>],[<NA> <NA> <NA>],262534
298714,2020-09-28 22:41:10.512017+00:00,True,240.71832,91282211923783175,864691135728030015,53476,2024-12-18 19:02:54.738413+00:00,True,298714,7,4,9428,6,4.593942,3.542564,[192576 164976  20306],[<NA> <NA> <NA>],[<NA> <NA> <NA>],298714
262889,2020-09-28 22:44:22.789637+00:00,True,246.01526,88326724936602021,864691135662802416,53492,2024-12-18 19:02:54.747276+00:00,True,262889,7,4,9446,6,5.6634355,4.30459,[171200 164992  22279],[<NA> <NA> <NA>],[<NA> <NA> <NA>],262889
299088,2020-09-28 22:44:00.088016+00:00,True,198.7322,91211706008680645,864691135717457178,53511,2024-12-18 19:02:54.757907+00:00,True,299088,7,4,9465,6,3.610082,5.591806,[192288 163952  22058],[<NA> <NA> <NA>],[<NA> <NA> <NA>],299088
298790,2020-09-28 22:44:38.190860+00:00,True,269.08917,90016193003955468,864691135295330828,53590,2024-12-18 19:02:54.801374+00:00,True,298790,7,4,9553,6,12.1478,1.9286,[183376 169456  20428],[<NA> <NA> <NA>],[<NA> <NA> <NA>],298790
262419,2020-09-28 22:41:14.891746+00:00,True,273.37048,88186399496762629,864691135656664770,53671,2024-12-18 19:02:54.846554+00:00,True,262419,7,4,9651,6,9.58714,1.0143707,[170384 167664  20297],[<NA> <NA> <NA>],[<NA> <NA> <NA>],262419
302840,2020-09-28 22:43:14.080803+00:00,True,380.81232,90301791148973899,864691135720061233,54370,2024-12-18 19:02:57.189313+00:00,True,302840,7,4,11878,8,6.3966017,2.444625,[185664 200192  20160],[<NA> <NA> <NA>],[<NA> <NA> <NA>],302840
303087,2020-09-28 22:44:19.580241+00:00,True,241.84734,90723935028625125,864691135885406064,54374,2024-12-18 19:02:57.191477+00:00,True,303087,7,4,11882,8,6.2082167,7.80587,[188896 199568  21067],[<NA> <NA> <NA>],[<NA> <NA> <NA>],303087
303097,2020-09-28 22:45:21.134603+00:00,True,385.4459,91287159860248726,864691135480652998,54375,2024-12-18 19:02:57.192028+00:00,True,303097,7,4,11883,8,7.806276,4.892595,[192720 201840  21312],[<NA> <NA> <NA>],[<NA> <NA> <NA>],303097
302998,2020-09-28 22:45:21.377986+00:00,True,391.2994,91005066340934762,864691136010928046,54376,2024-12-18 19:02:57.192584+00:00,True,302998,7,4,11884,8,12.763002,5.489647,[190928 197184  20620],[<NA> <NA> <NA>],[<NA> <NA> <NA>],302998
303095,2020-09-28 22:45:24.938806+00:00,True,453.11606,91146422438749662,864691135566168599,54378,2024-12-18 19:02:57.193688+00:00,True,303095,7,4,11886,8,5.2385917,9.010291,[191744 201440  21606],[<NA> <NA> <NA>],[<NA> <NA> <NA>],303095
303174,2020-09-28 22:41:27.901582+00:00,True,491.69547,91146560011902989,864691136195798504,54379,2024-12-18 19:02:57.194378+00:00,True,303174,7,4,11887,8,10.910038,5.336806,[192016 202448  22622],[<NA> <NA> <NA>],[<NA> <NA> <NA>],303174
303139,2020-09-28 22:43:57.914035+00:00,True,442.57886,90090479026781022,864691136330101226,54380,2024-12-18 19:02:57.194922+00:00,True,303139,7,4,11888,8,9.296697,6.447794,[184048 198528  22493],[<NA> <NA> <NA>],[<NA> <NA> <NA>],303139
303169,2020-09-28 22:44:36.094558+00:00,True,265.90594,90935110115024736,864691135346975135,54381,2024-12-18 19:02:57.195471+00:00,True,303169,7,4,11889,8,3.8738697,13.02803,[190352 200160  22227],[<NA> <NA> <NA>],[<NA> <NA> <NA>],303169
302957,2020-09-28 22:44:02.400990+00:00,True,507.26028,90020659837046869,864691135585266808,54415,2024-12-18 19:02:57.214513+00:00,True,302957,7,4,11929,8,8.73278,2.63842,[183456 202752  20953],[<NA> <NA> <NA>],[<NA> <NA> <NA>],302957
267193,2020-09-28 22:45:09.601749+00:00,True,328.2618,88823772777600733,864691135970210661,54416,2024-12-18 19:02:57.215072+00:00,True,267193,7,4,11930,8,14.1436,-1.9169,[175104 198208  21230],[<NA> <NA> <NA>],[<NA> <NA> <NA>],267193
267206,2020-09-28 22:43:14.051786+00:00,True,303.08826,89457641230989788,864691135308295238,54417,2024-12-18 19:02:57.215622+00:00,True,267206,7,4,11931,8,7.0000153,11.0894785,[179344 202224  21208],[<NA> <NA> <NA>],[<NA> <NA> <NA>],267206
303137,2020-09-28 22:45:25.436009+00:00,True,530.63025,89950566104965703,864691136022520056,54419,2024-12-18 19:02:57.216744+00:00,True,303137,7,4,11933,8,14.2914,-1.6364,[183168 204576  21936],[<NA> <NA> <NA>],[<NA> <NA> <NA>],303137
267195,2020-09-28 22:44:51.650751+00:00,True,290.69525,88964716424532152,864691135375767369,54420,2024-12-18 19:02:57.217300+00:00,True,267195,7,4,11934,8,13.6979,-4.51347,[175888 199648  21374],[<NA> <NA> <NA>],[<NA> <NA> <NA>],267195
267205,2020-09-28 22:43:47.615297+00:00,True,420.68967,89387547364912702,864691137021264750,54421,2024-12-18 19:02:57.217842+00:00,True,267205,7,4,11935,8,17.9794,0.8495,[178848 204240  21385],[<NA> <NA> <NA>],[<NA> <NA> <NA>],267205
267319,2020-09-28 22:41:44.181356+00:00,True,435.31927,89527597792764820,864691135779049056,54422,2024-12-18 19:02:57.218402+00:00,True,267319,7,4,11936,8,6.5963154,9.922976,[179776 198880  22450],[<NA> <NA> <NA>],[<NA> <NA> <NA>],267319
267272,2020-09-28 22:44:59.606901+00:00,True,305.92712,88261716244643227,864691135741910164,54453,2024-12-18 19:02:57.235865+00:00,True,267272,7,4,11970,8,11.652301,6.5960712,[170864 204560  21900],[<NA> <NA> <NA>],[<NA> <NA> <NA>],267272
267194,2020-09-28 22:43:46.858914+00:00,True,610.60974,88894141588921425,864691135977666883,54454,2024-12-18 19:02:57.236578+00:00,True,267194,7,4,11971,8,11.51442,2.0316312,[175264 198256  21776],[<NA> <NA> <NA>],[<NA> <NA> <NA>],267194
267287,2020-09-28 22:44:45.579718+00:00,True,279.82693,88543191288292907,864691136118805668,54456,2024-12-18 19:02:57.237660+00:00,True,267287,7,4,11973,8,16.730461,-1.9824948,[172976 204624  22249],[<NA> <NA> <NA>],[<NA> <NA> <NA>],267287
267038,2020-09-28 22:45:25.076572+00:00,True,466.89404,88824253679891664,864691135811658700,54691,2024-12-18 19:02:57.369789+00:00,True,267038,7,4,12246,8,3.1067984,10.847942,[174816 201840  20364],[<NA> <NA> <NA>],[<NA> <NA> <NA>],267038
303144,2020-09-28 22:45:24.876689+00:00,True,447.73148,90231147795286753,864691135640544571,54711,2024-12-18 19:02:57.381044+00:00,True,303144,7,4,12267,8,8.123128,6.553889,[185264 198192  22188],[<NA> <NA> <NA>],[<NA> <NA> <NA>],303144
267307,2020-09-28 22:45:25.169607+00:00,True,478.2493,89105179168917490,864691135948123745,54725,2024-12-18 19:02:57.388950+00:00,True,267307,7,4,12284,8,15.273918,1.6157227,[177120 197456  22127],[<NA> <NA> <NA>],[<NA> <NA> <NA>],267307
267102,2020-09-28 22:40:57.346505+00:00,True,371.5234,89457503658101416,864691135398243105,54727,2024-12-18 19:02:57.390087+00:00,True,267102,7,4,12286,8,11.2990265,3.745973,[179680 201408  20426],[<NA> <NA> <NA>],[<NA> <NA> <NA>],267102
303048,2020-09-28 22:44:17.097088+00:00,True,509.7526,90160916423054452,864691135258642863,54731,2024-12-18 19:02:57.392274+00:00,True,303048,7,4,12290,8,9.212527,7.258422,[184768 198896  21743],[<NA> <NA> <NA>],[<NA> <NA> <NA>],303048
267294,2020-09-28 22:45:25.482981+00:00,True,550.1952,88894897570199057,864691135774389755,54753,2024-12-18 19:02:57.404646+00:00,True,267294,7,4,12316,8,10.036754,3.5876555,[175376 203728  22239],[<NA> <NA> <NA>],[<NA> <NA> <NA>],267294
267295,2020-09-28 22:43:20.014876+00:00,True,393.8317,88894279095150580,864691135214123064,54781,2024-12-18 19:02:57.420063+00:00,True,267295,7,4,12346,8,8.81399,5.1928787,[175376 199104  22465],[<NA> <NA> <NA>],[<NA> <NA> <NA>],267295
302861,2020-09-28 22:43:53.948144+00:00,True,428.0302,90653634869932692,864691135617409385,54802,2024-12-18 19:02:57.431781+00:00,True,302861,7,4,12372,8,3.7968936,9.673052,[188256 200192  20216],[<NA> <NA> <NA>],[<NA> <NA> <NA>],302861
303164,2020-09-28 22:41:04.995259+00:00,True,335.4149,90723729071520237,864691135878061395,54975,2024-12-18 19:02:57.527449+00:00,True,303164,7,4,12562,8,12.0655,3.1188,[188832 198224  22608],[<NA> <NA> <NA>],[<NA> <NA> <NA>],303164
302968,2020-09-28 22:42:39.430164+00:00,True,316.87753,90160847636186223,864691135929072340,54981,2024-12-18 19:02:57.530862+00:00,True,302968,7,4,12568,8,11.695,3.3042,[184512 198528  21011],[<NA> <NA> <NA>],[<NA> <NA> <NA>],302968
267180,2020-09-28 22:44:43.846159+00:00,True,277.3777,88331054129432794,864691135570135020,55023,2024-12-18 19:02:59.565440+00:00,True,267180,7,4,12619,8,16.9424,1.1968,[171440 196976  21279],[<NA> <NA> <NA>],[<NA> <NA> <NA>],267180
267163,2020-09-28 22:41:50.443183+00:00,True,317.60123,88121184914484399,864691135868919318,55040,2024-12-18 19:02:59.574719+00:00,True,267163,7,4,12637,8,16.0455,-0.4932,[169888 206416  21665],[<NA> <NA> <NA>],[<NA> <NA> <NA>],267163
292575,2020-09-28 22:41:02.856972+00:00,True,355.9165,90432701752255117,864691135774368763,55545,2024-12-18 19:02:59.853600+00:00,True,292575,7,5,1953,2,4.310081,8.870692,[186528 126944  20248],[<NA> <NA> <NA>],[<NA> <NA> <NA>],292575
256652,2020-09-28 22:41:05.162368+00:00,True,215.14142,89236364649948938,864691135939477508,55559,2024-12-18 19:02:59.861409+00:00,True,256652,7,5,1971,2,3.2540674,10.291414,[178192 126320  22102],[<NA> <NA> <NA>],[<NA> <NA> <NA>],256652
292825,2020-09-28 22:42:09.356353+00:00,True,332.5272,89728877140222276,864691136111251896,55560,2024-12-18 19:02:59.861948+00:00,True,292825,7,5,1972,2,7.14763,4.182598,[181376 125680  22521],[<NA> <NA> <NA>],[<NA> <NA> <NA>],292825
292878,2020-09-28 22:41:50.250357+00:00,True,255.33235,90995514535370826,864691135954640675,55626,2024-12-18 19:02:59.898893+00:00,True,292878,7,5,2051,2,7.32062,4.86498,[190960 125888  22490],[<NA> <NA> <NA>],[<NA> <NA> <NA>],292878
294500,2020-09-28 22:45:19.286890+00:00,True,370.35196,90854983003652860,864691135778811325,55654,2024-12-18 19:02:59.914601+00:00,True,294500,7,5,2084,2,6.232648,3.6101427,[189760 127520  20540],[<NA> <NA> <NA>],[<NA> <NA> <NA>],294500
292856,2020-09-28 22:45:03.517654+00:00,True,315.20703,90643464655836537,864691135102381856,55711,2024-12-18 19:02:59.947856+00:00,True,292856,7,5,2146,2,6.3005104,9.46488,[187968 124368  22306],[<NA> <NA> <NA>],[<NA> <NA> <NA>],292856
292678,2020-09-28 22:44:51.773554+00:00,True,291.02423,90995376894956609,864691135431654960,55980,2024-12-18 19:03:00.097398+00:00,True,292678,7,5,2455,2,4.502719,3.4875822,[190720 125072  20809],[<NA> <NA> <NA>],[<NA> <NA> <NA>],292678
294549,2020-09-28 22:44:49.679498+00:00,True,287.07208,90081888957765952,864691135646775791,56537,2024-12-18 19:03:02.354363+00:00,True,294549,7,5,4593,4,8.687352,1.3762491,[184048 134544  21291],[<NA> <NA> <NA>],[<NA> <NA> <NA>],294549
294545,2020-09-28 22:44:18.891984+00:00,True,239.6491,89941288908167187,864691136390474359,56770,2024-12-18 19:03:02.484911+00:00,True,294545,7,5,4856,4,4.3557644,5.611686,[182976 135728  21116],[<NA> <NA> <NA>],[<NA> <NA> <NA>],294545
262887,2020-09-28 22:42:48.854514+00:00,True,251.45425,88256768509561483,864691135727799359,57465,2024-12-18 19:03:04.708518+00:00,True,262887,7,5,7200,6,5.8668065,0.83659685,[171040 168096  22526],[<NA> <NA> <NA>],[<NA> <NA> <NA>],262887
262899,2020-09-28 22:44:32.825309+00:00,True,261.96313,88467943461428633,864691135928395278,57766,2024-12-18 19:03:04.876253+00:00,True,262899,7,5,7554,6,4.0015545,3.6078613,[172208 168272  22383],[<NA> <NA> <NA>],[<NA> <NA> <NA>],262899
302957,2020-09-28 22:44:02.400990+00:00,True,507.26028,90020659837046869,864691135585266808,58045,2024-12-18 19:03:06.876437+00:00,True,302957,7,5,8762,8,4.9583693,12.812018,[183456 202752  20953],[<NA> <NA> <NA>],[<NA> <NA> <NA>],302957
303174,2020-09-28 22:41:27.901582+00:00,True,491.69547,91146560011902989,864691136195798504,58206,2024-12-18 19:03:06.965299+00:00,True,303174,7,5,8957,8,11.909946,0.17011382,[192016 202448  22622],[<NA> <NA> <NA>],[<NA> <NA> <NA>],303174
292667,2020-09-28 22:45:21.223376+00:00,True,387.41098,90571721320546579,864691134919972106,58681,2024-12-18 19:03:07.227419+00:00,True,292667,8,4,1782,2,3.103953,9.655438,[187840 114048  20544],[<NA> <NA> <NA>],[<NA> <NA> <NA>],292667
292671,2020-09-28 22:40:49.673282+00:00,True,225.59294,90642090131819352,864691136211325884,58682,2024-12-18 19:03:07.227946+00:00,True,292671,8,4,1783,2,2.3592572,7.5774994,[188352 114080  21059],[<NA> <NA> <NA>],[<NA> <NA> <NA>],292671
292666,2020-09-28 22:44:02.529861+00:00,True,209.28528,90501215137650063,864691135757002450,58683,2024-12-18 19:03:07.228623+00:00,True,292666,8,4,1784,2,6.519685,4.12882,[187104 112880  20725],[<NA> <NA> <NA>],[<NA> <NA> <NA>],292666
292684,2020-09-28 22:45:19.428363+00:00,True,372.53873,91134396396288966,864691134950156796,58684,2024-12-18 19:03:07.229177+00:00,True,292684,8,4,1785,2,7.439036,5.4790134,[192032 112224  20746],[<NA> <NA> <NA>],[<NA> <NA> <NA>],292684
256472,2020-09-28 22:41:34.411516+00:00,True,295.61798,89516190158116270,864691135442606920,58701,2024-12-18 19:03:07.238548+00:00,True,256472,8,4,1807,2,3.6408913,4.3158793,[179840 114080  20750],[<NA> <NA> <NA>],[<NA> <NA> <NA>],256472
256471,2020-09-28 22:40:51.254773+00:00,True,278.95203,89445615255706987,864691136619529179,58702,2024-12-18 19:03:07.239106+00:00,True,256471,8,4,1808,2,10.315445,1.8806404,[179504 112352  20886],[<NA> <NA> <NA>],[<NA> <NA> <NA>],256471
256456,2020-09-28 22:45:24.758168+00:00,True,438.20514,88953240204708144,864691136138779517,58703,2024-12-18 19:03:07.239641+00:00,True,256456,8,4,1809,2,3.5914493,10.075111,[176112 114336  20769],[<NA> <NA> <NA>],[<NA> <NA> <NA>],256456
292648,2020-09-28 22:44:59.386180+00:00,True,304.90295,89868033879005359,864691136043380566,58704,2024-12-18 19:03:07.240191+00:00,True,292648,8,4,1810,2,2.8915138,7.9916716,[182720 114128  20744],[<NA> <NA> <NA>],[<NA> <NA> <NA>],292648
292700,2020-09-28 22:44:35.944942+00:00,True,265.45047,89516327730992048,864691135493620831,58705,2024-12-18 19:03:07.240725+00:00,True,292700,8,4,1811,2,7.291085,5.2080154,[180112 114928  21520],[<NA> <NA> <NA>],[<NA> <NA> <NA>],292700
256669,2020-09-28 22:43:22.310108+00:00,True,291.43155,89375246645623251,864691135498973715,58706,2024-12-18 19:03:07.241269+00:00,True,256669,8,4,1812,2,1.7594999,12.510129,[178880 112496  21851],[<NA> <NA> <NA>],[<NA> <NA> <NA>],256669
291304,2020-09-28 22:42:50.963102+00:00,True,287.444,89867484324205391,864691135562780385,58707,2024-12-18 19:03:07.241799+00:00,True,291304,8,4,1813,2,9.058607,3.4515722,[182608 110144  22029],[<NA> <NA> <NA>],[<NA> <NA> <NA>],291304
256676,2020-09-28 22:41:10.745396+00:00,True,230.13048,89515915481621493,864691135739689073,58708,2024-12-18 19:03:07.242341+00:00,True,256676,8,4,1814,2,6.35706,7.43494,[180032 111920  22362],[<NA> <NA> <NA>],[<NA> <NA> <NA>],256676
256443,2020-09-28 22:45:07.973333+00:00,True,324.1568,88601327697499328,864691136042982742,58735,2024-12-18 19:03:07.257173+00:00,True,256443,8,4,1846,2,8.245608,4.434375,[173104 113744  20436],[<NA> <NA> <NA>],[<NA> <NA> <NA>],256443
256435,2020-09-28 22:45:00.940412+00:00,True,307.51508,88249965012889400,864691136314404669,58736,2024-12-18 19:03:07.257706+00:00,True,256435,8,4,1847,2,5.358289,5.619089,[170752 117072  20449],[<NA> <NA> <NA>],[<NA> <NA> <NA>],256435
256548,2020-09-28 22:45:15.218772+00:00,True,346.18506,89234715315318693,864691136177778950,58737,2024-12-18 19:03:07.258252+00:00,True,256548,8,4,1848,2,4.2808924,9.560462,[177760 114352  21510],[<NA> <NA> <NA>],[<NA> <NA> <NA>],256548
256536,2020-09-28 22:42:54.447332+00:00,True,326.03094,88882596716825922,864691134887552506,58738,2024-12-18 19:03:07.258786+00:00,True,256536,8,4,1849,2,4.90658,7.2089314,[175184 112320  21779],[<NA> <NA> <NA>],[<NA> <NA> <NA>],256536
256607,2020-09-28 22:43:45.403246+00:00,True,323.9058,88179046781337396,864691135947258916,58741,2024-12-18 19:03:07.260398+00:00,True,256607,8,4,1852,2,1.7415314,10.715526,[170208 113008  22507],[<NA> <NA> <NA>],[<NA> <NA> <NA>],256607
256609,2020-09-28 22:45:05.508416+00:00,True,316.75186,88178978061378529,864691137198691137,58863,2024-12-18 19:03:07.327467+00:00,True,256609,8,4,1983,2,5.9165363,7.1964583,[170464 112688  22069],[<NA> <NA> <NA>],[<NA> <NA> <NA>],256609
291318,2020-09-28 22:42:39.215738+00:00,True,260.57867,90219190606187504,864691135741874836,58985,2024-12-18 19:03:07.394453+00:00,True,291318,8,4,2115,2,11.672279,3.8922026,[185248 109248  22072],[<NA> <NA> <NA>],[<NA> <NA> <NA>],291318
291348,2020-09-28 22:42:50.774258+00:00,True,300.22043,91274859207930308,864691135309722950,59052,2024-12-18 19:03:09.364904+00:00,True,291348,8,4,2190,2,4.64571,5.7707057,[192896 110208  22174],[<NA> <NA> <NA>],[<NA> <NA> <NA>],291348
256651,2020-09-28 22:41:08.661633+00:00,True,298.7393,89234303066124452,864691135164887085,59097,2024-12-18 19:03:09.389712+00:00,True,256651,8,4,2241,2,5.0129323,4.6212354,[178144 111168  22503],[<NA> <NA> <NA>],[<NA> <NA> <NA>],256651
256449,2020-09-28 22:43:23.767701+00:00,True,315.00616,88742065252966980,864691135839950227,59119,2024-12-18 19:03:09.402036+00:00,True,256449,8,4,2266,2,4.8052087,10.937892,[174240 113824  20992],[<NA> <NA> <NA>],[<NA> <NA> <NA>],256449
292861,2020-09-28 22:45:01.167822+00:00,True,308.5551,90782415370778176,864691136137239691,59123,2024-12-18 19:03:09.404204+00:00,True,292861,8,4,2270,2,6.491075,0.40742087,[189104 111200  21854],[<NA> <NA> <NA>],[<NA> <NA> <NA>],292861
292711,2020-09-28 22:45:21.154934+00:00,True,385.88367,89797390323831708,864691136603811281,59126,2024-12-18 19:03:09.405787+00:00,True,292711,8,4,2273,2,6.9479465,4.2960463,[182080 112288  21095],[<NA> <NA> <NA>],[<NA> <NA> <NA>],292711
256510,2020-09-28 22:43:55.859702+00:00,True,366.70242,88038309225634916,864691135685087474,59200,2024-12-18 19:03:09.445949+00:00,True,256510,8,4,2361,2,4.2044024,4.3564467,[169008 113040  21735],[<NA> <NA> <NA>],[<NA> <NA> <NA>],256510
292951,2020-09-28 22:44:13.651151+00:00,True,230.7331,90500940527985455,864691135587666812,59286,2024-12-18 19:03:09.493412+00:00,True,292951,8,4,2459,2,2.7579029,7.293985,[187312 111232  22632],[<NA> <NA> <NA>],[<NA> <NA> <NA>],292951
291345,2020-09-28 22:41:16.200164+00:00,True,344.67413,91134259158791688,864691136177731846,59295,2024-12-18 19:03:09.498376+00:00,True,291345,8,4,2469,2,3.6195223,6.4255795,[191792 111008  22383],[<NA> <NA> <NA>],[<NA> <NA> <NA>],291345
256507,2020-09-28 22:44:14.009007+00:00,True,232.32709,87897571670076296,864691135993020097,59354,2024-12-18 19:03:09.530596+00:00,True,256507,8,4,2536,2,9.07831,4.41179,[168160 113296  21138],[<NA> <NA> <NA>],[<NA> <NA> <NA>],256507
294493,2020-09-28 22:44:58.914739+00:00,True,302.97556,90574126502259119,864691136665051614,59852,2024-12-18 19:03:09.803376+00:00,True,294493,8,4,4588,4,4.225379,5.3679523,[187920 132096  20564],[<NA> <NA> <NA>],[<NA> <NA> <NA>],294493
294583,2020-09-28 22:45:13.880766+00:00,True,345.15027,90855876424176600,864691135743102827,59853,2024-12-18 19:03:09.803899+00:00,True,294583,8,4,4589,4,11.5009,3.2835,[189792 134272  21227],[<NA> <NA> <NA>],[<NA> <NA> <NA>],294583
294582,2020-09-28 22:41:54.237843+00:00,True,294.83154,90784683113427194,864691135801463650,59854,2024-12-18 19:03:09.804432+00:00,True,294582,8,4,4590,4,12.0194,-3.36871,[189472 127760  21804],[<NA> <NA> <NA>],[<NA> <NA> <NA>],294582
294576,2020-09-28 22:44:55.293087+00:00,True,296.5653,90644426661199216,864691136389921911,59855,2024-12-18 19:03:09.804958+00:00,True,294576,8,4,4591,4,4.33483,5.8012457,[188320 131408  21605],[<NA> <NA> <NA>],[<NA> <NA> <NA>],294576
294449,2020-09-28 22:45:17.369867+00:00,True,358.3874,89659607705958153,864691134991010426,59881,2024-12-18 19:03:09.819202+00:00,True,294449,8,4,4622,4,6.0230665,3.175901,[181024 133952  20643],[<NA> <NA> <NA>],[<NA> <NA> <NA>],294449
294548,2020-09-28 22:45:05.600324+00:00,True,317.2162,90081476707791607,864691135470787666,59882,2024-12-18 19:03:09.819734+00:00,True,294548,8,4,4623,4,3.512163,7.1054463,[183936 131280  21625],[<NA> <NA> <NA>],[<NA> <NA> <NA>],294548
258322,2020-09-28 22:41:40.615887+00:00,True,324.7661,89518732845960346,864691135619756943,59883,2024-12-18 19:03:09.820271+00:00,True,258322,8,4,4624,4,7.2992764,5.475616,[179840 132976  21342],[<NA> <NA> <NA>],[<NA> <NA> <NA>],258322
294652,2020-09-28 22:44:43.988511+00:00,True,277.8248,89870370542667010,864691135493051879,59884,2024-12-18 19:03:09.820799+00:00,True,294652,8,4,4625,4,13.689869,2.377675,[182368 131488  22376],[<NA> <NA> <NA>],[<NA> <NA> <NA>],294652
258202,2020-09-28 22:45:17.956129+00:00,True,365.4828,87970689126320793,864691135276132325,59904,2024-12-18 19:03:09.831611+00:00,True,258202,8,4,4648,4,4.542581,6.8032207,[168992 133520  20745],[<NA> <NA> <NA>],[<NA> <NA> <NA>],258202
258225,2020-09-28 22:43:16.108089+00:00,True,302.83548,88674101690450393,864691135763433270,59905,2024-12-18 19:03:09.832143+00:00,True,258225,8,4,4649,4,10.1716,0.4594,[173696 131472  20938],[<NA> <NA> <NA>],[<NA> <NA> <NA>],258225
258301,2020-09-28 22:45:21.670906+00:00,True,398.34943,88674376635434834,864691135493686111,59906,2024-12-18 19:03:09.832672+00:00,True,258301,8,4,4650,4,9.516103,3.2854528,[173632 133776  21477],[<NA> <NA> <NA>],[<NA> <NA> <NA>],258301
258284,2020-09-28 22:45:13.882459+00:00,True,345.17435,88181795426193124,864691135455400554,59907,2024-12-18 19:03:09.833211+00:00,True,258284,8,4,4651,4,6.999305,1.5241286,[170192 133552  21447],[<NA> <NA> <NA>],[<NA> <NA> <NA>],258284
258299,2020-09-28 22:43:22.037565+00:00,True,307.0432,88533570494493324,864691135850033758,59908,2024-12-18 19:03:09.833862+00:00,True,258299,8,4,4652,4,7.563641,5.326255,[172864 133024  21760],[<NA> <NA> <NA>],[<NA> <NA> <NA>],258299
258391,2020-09-28 22:44:06.340521+00:00,True,216.62679,89166545661876847,864691135584504429,59909,2024-12-18 19:03:09.834410+00:00,True,258391,8,4,4653,4,5.648102,5.6581726,[177392 130416  22352],[<NA> <NA> <NA>],[<NA> <NA> <NA>],258391
258360,2020-09-28 22:44:44.078845+00:00,True,278.1582,88392214597937672,864691135997332650,59911,2024-12-18 19:03:09.835487+00:00,True,258360,8,4,4655,4,11.494628,0.752505,[171712 128336  22290],[<NA> <NA> <NA>],[<NA> <NA> <NA>],258360
258348,2020-09-28 22:44:32.433948+00:00,True,260.69632,87970070852291569,864691135409962953,59934,2024-12-18 19:03:09.847966+00:00,True,258348,8,4,4682,4,9.9956255,-0.6009115,[168592 129152  22218],[<NA> <NA> <NA>],[<NA> <NA> <NA>],258348
258353,2020-09-28 22:44:02.531562+00:00,True,209.29495,88040714474248621,864691135183999490,60060,2024-12-18 19:03:11.884536+00:00,True,258353,8,4,4820,4,3.5201967,6.9708204,[169328 130912  22110],[<NA> <NA> <NA>],[<NA> <NA> <NA>],258353
294691,2020-09-28 22:44:11.863352+00:00,True,227.49872,90714589247340842,864691136331247338,60110,2024-12-18 19:03:11.912206+00:00,True,294691,8,4,4876,4,7.5241,3.6519,[188816 129840  21956],[<NA> <NA> <NA>],[<NA> <NA> <NA>],294691
258399,2020-09-28 22:41:32.402721+00:00,True,226.19243,89307351869365118,864691136011686318,60141,2024-12-18 19:03:11.929112+00:00,True,258399,8,4,4911,4,3.6616123,10.496511,[178320 131264  22063],[<NA> <NA> <NA>],[<NA> <NA> <NA>],258399
258232,2020-09-28 22:45:01.535266+00:00,True,310.24316,89026220288670277,864691135294361782,60194,2024-12-18 19:03:11.958433+00:00,True,258232,8,4,4969,4,4.8532176,3.263948,[176272 133792  20486],[<NA> <NA> <NA>],[<NA> <NA> <NA>],258232
258295,2020-09-28 22:45:06.059386+00:00,True,319.1816,88392695500113733,864691135258646703,60252,2024-12-18 19:03:11.990375+00:00,True,258295,8,4,5031,4,7.324393,4.5533776,[171888 132064  21298],[<NA> <NA> <NA>],[<NA> <NA> <NA>],258295
258113,2020-09-28 22:43:32.150344+00:00,True,355.08206,88181726572292650,864691135518283475,60259,2024-12-18 19:03:11.994142+00:00,True,258113,8,4,5041,4,3.5380123,6.2200384,[170320 132992  20225],[<NA> <NA> <NA>],[<NA> <NA> <NA>],258113
294667,2020-09-28 22:43:17.845555+00:00,True,293.91388,90362539435193614,864691135210134905,60299,2024-12-18 19:03:12.016354+00:00,True,294667,8,4,5086,4,6.166961,5.8222194,[186048 128336  22528],[<NA> <NA> <NA>],[<NA> <NA> <NA>],294667
294489,2020-09-28 22:42:37.487440+00:00,True,280.13412,90433114203028288,864691136091532855,60360,2024-12-18 19:03:12.049790+00:00,True,294489,8,4,5154,4,7.231563,1.5501269,[186848 130128  21012],[<NA> <NA> <NA>],[<NA> <NA> <NA>],294489
294557,2020-09-28 22:45:05.958346+00:00,True,318.6385,90222351568226732,864691135732210873,60380,2024-12-18 19:03:12.060810+00:00,True,294557,8,4,5178,4,6.732545,2.4300466,[184944 132544  21307],[<NA> <NA> <NA>],[<NA> <NA> <NA>],294557
294682,2020-09-28 22:44:28.931267+00:00,True,256.0485,90644014411629504,864691136975144988,60501,2024-12-18 19:03:12.127473+00:00,True,294682,8,4,5314,4,5.8302717,6.6044474,[188400 128704  22291],[<NA> <NA> <NA>],[<NA> <NA> <NA>],294682
294536,2020-09-28 22:45:17.469344+00:00,True,359.5349,89588620553651755,864691135325263004,60515,2024-12-18 19:03:12.135163+00:00,True,294536,8,4,5330,4,8.450561,1.5860305,[180640 129520  21202],[<NA> <NA> <NA>],[<NA> <NA> <NA>],294536
258166,2020-09-28 22:41:10.597601+00:00,True,294.61545,89307489040220487,864691135465932357,60523,2024-12-18 19:03:12.139628+00:00,True,258166,8,4,5341,4,5.5858064,8.639328,[178720 132192  20263],[<NA> <NA> <NA>],[<NA> <NA> <NA>],258166
298669,2020-09-28 22:41:47.859512+00:00,True,277.235,90227093077726740,864691135196592938,61071,2024-12-18 19:03:14.375257+00:00,True,298669,8,4,7554,6,3.5327895,11.8960495,[185264 167696  20139],[<NA> <NA> <NA>],[<NA> <NA> <NA>],298669
298800,2020-09-28 22:44:24.712569+00:00,True,249.13739,90297324450184090,864691135742247787,61072,2024-12-18 19:03:14.375786+00:00,True,298800,8,4,7555,6,4.8290787,9.06973,[185600 166752  20750],[<NA> <NA> <NA>],[<NA> <NA> <NA>],298800
298953,2020-09-28 22:43:03.966692+00:00,True,248.65947,91071105892389024,864691136968773070,61073,2024-12-18 19:03:14.376356+00:00,True,298953,8,4,7556,6,4.2882605,1.415201,[191376 164656  21712],[<NA> <NA> <NA>],[<NA> <NA> <NA>],298953
299076,2020-09-28 22:41:14.129798+00:00,True,282.99066,91000668496032278,864691135742097044,61074,2024-12-18 19:03:14.376912+00:00,True,299076,8,4,7557,6,2.9004884,12.267866,[190512 164080  22420],[<NA> <NA> <NA>],[<NA> <NA> <NA>],299076
298789,2020-09-28 22:44:19.169432+00:00,True,240.61412,89945205851390943,864691136229363025,61098,2024-12-18 19:03:14.389949+00:00,True,298789,8,4,7584,6,7.16533,2.0359547,[182928 164912  20727],[<NA> <NA> <NA>],[<NA> <NA> <NA>],298789
298790,2020-09-28 22:44:38.190860+00:00,True,269.08917,90016193003955468,864691135295330828,61099,2024-12-18 19:03:14.390493+00:00,True,298790,8,4,7585,6,11.1552,2.8295,[183376 169456  20428],[<NA> <NA> <NA>],[<NA> <NA> <NA>],298790
298913,2020-09-28 22:40:55.436991+00:00,True,256.9575,90156587095957101,864691134966710559,61100,2024-12-18 19:03:14.391038+00:00,True,298913,8,4,7586,6,6.7745366,0.9537911,[184768 167088  21715],[<NA> <NA> <NA>],[<NA> <NA> <NA>],298913
299043,2020-09-28 22:44:22.653102+00:00,True,245.78687,90086080980035490,864691136391034487,61101,2024-12-18 19:03:14.391563+00:00,True,299043,8,4,7587,6,3.050287,7.9924846,[184176 165760  22284],[<NA> <NA> <NA>],[<NA> <NA> <NA>],299043
299034,2020-09-28 22:43:04.624523+00:00,True,246.00854,89874906028249399,864691135703164283,61102,2024-12-18 19:03:14.392092+00:00,True,299034,8,4,7588,6,2.1917965,10.546914,[182768 165328  22488],[<NA> <NA> <NA>],[<NA> <NA> <NA>],299034
299056,2020-09-28 22:41:32.054405+00:00,True,244.99864,90296774962545596,864691136101341045,61103,2024-12-18 19:03:14.392622+00:00,True,299056,8,4,7589,6,7.366987,1.2535323,[185696 162976  22576],[<NA> <NA> <NA>],[<NA> <NA> <NA>],299056
262687,2020-09-28 22:45:01.628109+00:00,True,310.6554,88678843333891525,864691135802341986,61130,2024-12-18 19:03:14.407270+00:00,True,262687,8,4,7622,6,3.6894653,8.489579,[173696 166912  20570],[<NA> <NA> <NA>],[<NA> <NA> <NA>],262687
262636,2020-09-28 22:44:32.559382+00:00,True,261.10672,87975293264388067,864691135493624415,61131,2024-12-18 19:03:14.407791+00:00,True,262636,8,4,7623,6,1.8872467,8.70792,[168736 167680  20422],[<NA> <NA> <NA>],[<NA> <NA> <NA>],262636
262686,2020-09-28 22:44:02.393071+00:00,True,208.28308,88608199645116764,864691135165079085,61132,2024-12-18 19:03:14.408319+00:00,True,262686,8,4,7624,6,10.922553,-4.692619,[173344 165056  20390],[<NA> <NA> <NA>],[<NA> <NA> <NA>],262686
262696,2020-09-28 22:44:28.629853+00:00,True,255.08217,88960180871942348,864691135920571056,61133,2024-12-18 19:03:14.408849+00:00,True,262696,8,4,7625,6,5.005868,7.6885366,[176144 165856  20821],[<NA> <NA> <NA>],[<NA> <NA> <NA>],262696
262814,2020-09-28 22:44:30.542836+00:00,True,257.91183,88960249725252307,864691135779716797,61134,2024-12-18 19:03:14.409383+00:00,True,262814,8,4,7626,6,1.2224166,8.070457,[175824 166464  21524],[<NA> <NA> <NA>],[<NA> <NA> <NA>],262814
262932,2020-09-28 22:44:30.884985+00:00,True,258.90866,88749418371135815,864691135939949365,61135,2024-12-18 19:03:14.409904+00:00,True,262932,8,4,7627,6,11.854282,2.5404866,[174592 168448  21974],[<NA> <NA> <NA>],[<NA> <NA> <NA>],262932
262942,2020-09-28 22:42:58.830411+00:00,True,259.57858,89030412445157392,864691135490483514,61136,2024-12-18 19:03:14.410444+00:00,True,262942,8,4,7628,6,4.5235887,4.0187445,[176240 164608  22531],[<NA> <NA> <NA>],[<NA> <NA> <NA>],262942
262892,2020-09-28 22:44:38.457538+00:00,True,269.8258,88326587430689074,864691136011768494,61359,2024-12-18 19:03:14.531740+00:00,True,262892,8,4,7879,6,10.457292,2.8282573,[171264 163856  21889],[<NA> <NA> <NA>],[<NA> <NA> <NA>],262892
262534,2020-09-28 22:42:53.025709+00:00,True,253.21783,88889880780042583,864691135760319822,61362,2024-12-18 19:03:14.533372+00:00,True,262534,8,4,7882,6,6.3684125,5.7322307,[175424 166160  20228],[<NA> <NA> <NA>],[<NA> <NA> <NA>],262534
262710,2020-09-28 22:41:32.465682+00:00,True,238.13046,89171699488113773,864691136488999186,61383,2024-12-18 19:03:14.544848+00:00,True,262710,8,4,7905,6,9.38583,2.9191413,[177504 168848  21048],[<NA> <NA> <NA>],[<NA> <NA> <NA>],262710
263078,2020-09-28 22:41:20.755200+00:00,True,241.89928,89311681263608674,864691135305643175,61488,2024-12-18 19:03:14.601953+00:00,True,263078,8,4,8021,6,7.365834,3.4988368,[178224 163456  22632],[<NA> <NA> <NA>],[<NA> <NA> <NA>],263078
299088,2020-09-28 22:44:00.088016+00:00,True,198.7322,91211706008680645,864691135717457178,61549,2024-12-18 19:03:14.635096+00:00,True,299088,8,4,8087,6,5.008337,6.4642253,[192288 163952  22058],[<NA> <NA> <NA>],[<NA> <NA> <NA>],299088
298814,2020-09-28 22:42:13.041361+00:00,True,254.76662,90789630848344624,864691135593133067,61594,2024-12-18 19:03:14.660032+00:00,True,298814,8,4,8140,6,4.429454,10.1156845,[189040 164896  21017],[<NA> <NA> <NA>],[<NA> <NA> <NA>],298814
262726,2020-09-28 22:40:53.163402+00:00,True,271.0348,89523268264453192,864691135518173395,61647,2024-12-18 19:03:14.688655+00:00,True,262726,8,4,8200,6,2.0276124,12.097487,[179920 167104  20924],[<NA> <NA> <NA>],[<NA> <NA> <NA>],262726
298795,2020-09-28 22:41:46.010534+00:00,True,274.57486,90015643381895624,864691135215023416,61685,2024-12-18 19:03:14.709415+00:00,True,298795,8,4,8245,6,8.707416,2.2208571,[183776 165504  21045],[<NA> <NA> <NA>],[<NA> <NA> <NA>],298795
262777,2020-09-28 22:44:44.194178+00:00,True,278.5416,88045730861895569,864691136380816597,61712,2024-12-18 19:03:14.724163+00:00,True,262777,8,4,8279,6,5.2251153,2.3546972,[169168 168480  21133],[<NA> <NA> <NA>],[<NA> <NA> <NA>],262777
262419,2020-09-28 22:41:14.891746+00:00,True,273.37048,88186399496762629,864691135656664770,61722,2024-12-18 19:03:14.729488+00:00,True,262419,8,4,8291,6,6.7329273,4.353814,[170384 167664  20297],[<NA> <NA> <NA>],[<NA> <NA> <NA>],262419
262889,2020-09-28 22:44:22.789637+00:00,True,246.01526,88326724936602021,864691135662802416,61723,2024-12-18 19:03:14.730023+00:00,True,262889,8,4,8292,6,5.3099504,5.1561117,[171200 164992  22279],[<NA> <NA> <NA>],[<NA> <NA> <NA>],262889
262821,2020-09-28 22:41:13.031141+00:00,True,278.81406,89171218518995616,864691135214977920,61757,2024-12-18 19:03:14.748537+00:00,True,262821,8,4,8335,6,4.5227933,4.3034716,[177360 165072  21648],[<NA> <NA> <NA>],[<NA> <NA> <NA>],262821
298714,2020-09-28 22:41:10.512017+00:00,True,240.71832,91282211923783175,864691135728030015,61840,2024-12-18 19:03:14.793874+00:00,True,298714,8,4,8432,6,5.4655986,1.68117,[192576 164976  20306],[<NA> <NA> <NA>],[<NA> <NA> <NA>],298714
302951,2020-09-28 22:43:43.674845+00:00,True,702.8972,89810172012765492,864691136991202453,62048,2024-12-18 19:03:16.798576+00:00,True,302951,8,4,9642,8,11.8543,1.5545,[181952 207456  20474],[<NA> <NA> <NA>],[<NA> <NA> <NA>],302951
303066,2020-09-28 22:45:23.299770+00:00,True,418.2301,90443284752775905,864691136419797655,62049,2024-12-18 19:03:16.799123+00:00,True,303066,8,4,9643,8,8.957512,7.7913775,[186480 205552  21607],[<NA> <NA> <NA>],[<NA> <NA> <NA>],303066
303145,2020-09-28 22:45:25.534382+00:00,True,570.2063,90302616051180901,864691135688186080,62050,2024-12-18 19:03:16.799644+00:00,True,303145,8,4,9644,8,11.628346,5.784825,[185632 206224  22266],[<NA> <NA> <NA>],[<NA> <NA> <NA>],303145
303139,2020-09-28 22:43:57.914035+00:00,True,442.57886,90090479026781022,864691136330101226,62051,2024-12-18 19:03:16.800202+00:00,True,303139,8,4,9645,8,17.909092,0.016996838,[184048 198528  22493],[<NA> <NA> <NA>],[<NA> <NA> <NA>],303139
267029,2020-09-28 22:45:25.458678+00:00,True,540.02893,88543328459028709,864691135503182685,62066,2024-12-18 19:03:16.808513+00:00,True,267029,8,4,9663,8,3.822201,12.183056,[173008 205856  20391],[<NA> <NA> <NA>],[<NA> <NA> <NA>],267029
267038,2020-09-28 22:45:25.076572+00:00,True,466.89404,88824253679891664,864691135811658700,62067,2024-12-18 19:03:16.809057+00:00,True,267038,8,4,9664,8,12.456991,-0.2035348,[174816 201840  20364],[<NA> <NA> <NA>],[<NA> <NA> <NA>],267038
267299,2020-09-28 22:41:46.073389+00:00,True,484.63446,89036184814601672,864691135774294603,62068,2024-12-18 19:03:16.809712+00:00,True,267299,8,4,9665,8,17.4098,-1.3847,[176352 207856  22440],[<NA> <NA> <NA>],[<NA> <NA> <NA>],267299
267294,2020-09-28 22:45:25.482981+00:00,True,550.1952,88894897570199057,864691135774389755,62069,2024-12-18 19:03:16.810279+00:00,True,267294,8,4,9666,8,3.911114,9.981297,[175376 203728  22239],[<NA> <NA> <NA>],[<NA> <NA> <NA>],267294
303174,2020-09-28 22:41:27.901582+00:00,True,491.69547,91146560011902989,864691136195798504,62145,2024-12-18 19:03:16.852412+00:00,True,303174,8,4,9751,8,1.8985106,11.148193,[192016 202448  22622],[<NA> <NA> <NA>],[<NA> <NA> <NA>],303174
303137,2020-09-28 22:45:25.436009+00:00,True,530.63025,89950566104965703,864691136022520056,62180,2024-12-18 19:03:16.871627+00:00,True,303137,8,4,9789,8,4.925059,15.590691,[183168 204576  21936],[<NA> <NA> <NA>],[<NA> <NA> <NA>],303137
267272,2020-09-28 22:44:59.606901+00:00,True,305.92712,88261716244643227,864691135741910164,62248,2024-12-18 19:03:16.909314+00:00,True,267272,8,4,9868,8,2.6903822,8.223537,[170864 204560  21900],[<NA> <NA> <NA>],[<NA> <NA> <NA>],267272
302957,2020-09-28 22:44:02.400990+00:00,True,507.26028,90020659837046869,864691135585266808,62299,2024-12-18 19:03:16.937253+00:00,True,302957,8,4,9929,8,4.2359905,13.230806,[183456 202752  20953],[<NA> <NA> <NA>],[<NA> <NA> <NA>],302957
267197,2020-09-28 22:42:52.433046+00:00,True,346.20407,88965541125270891,864691136927187786,62444,2024-12-18 19:03:17.018693+00:00,True,267197,8,4,10098,8,7.084884,7.934632,[175968 205904  21793],[<NA> <NA> <NA>],[<NA> <NA> <NA>],267197
303095,2020-09-28 22:45:24.938806+00:00,True,453.11606,91146422438749662,864691135566168599,62468,2024-12-18 19:03:17.031865+00:00,True,303095,8,4,10126,8,6.5642724,8.359617,[191744 201440  21606],[<NA> <NA> <NA>],[<NA> <NA> <NA>],303095
267205,2020-09-28 22:43:47.615297+00:00,True,420.68967,89387547364912702,864691137021264750,62484,2024-12-18 19:03:17.040774+00:00,True,267205,8,4,10143,8,1.8303306,8.565521,[178848 204240  21385],[<NA> <NA> <NA>],[<NA> <NA> <NA>],267205
294505,2020-09-28 22:45:03.611978+00:00,True,315.68774,91067051308994248,864691135347725215,63007,2024-12-18 19:03:19.152268+00:00,True,294505,8,5,2011,2,7.28957,1.56651,[191120 134432  20649],[<NA> <NA> <NA>],[<NA> <NA> <NA>],294505
294557,2020-09-28 22:45:05.958346+00:00,True,318.6385,90222351568226732,864691135732210873,63008,2024-12-18 19:03:19.152919+00:00,True,294557,8,5,2012,2,4.9202247,4.850894,[184944 132544  21307],[<NA> <NA> <NA>],[<NA> <NA> <NA>],294557
294691,2020-09-28 22:44:11.863352+00:00,True,227.49872,90714589247340842,864691136331247338,63009,2024-12-18 19:03:19.153478+00:00,True,294691,8,5,2013,2,11.645731,0.9448559,[188816 129840  21956],[<NA> <NA> <NA>],[<NA> <NA> <NA>],294691
294576,2020-09-28 22:44:55.293087+00:00,True,296.5653,90644426661199216,864691136389921911,63010,2024-12-18 19:03:19.154025+00:00,True,294576,8,5,2014,2,6.661599,9.589451,[188320 131408  21605],[<NA> <NA> <NA>],[<NA> <NA> <NA>],294576
294446,2020-09-28 22:44:07.010141+00:00,True,218.5026,89589445053451911,864691135717271834,63027,2024-12-18 19:03:19.163411+00:00,True,294446,8,5,2035,2,7.8011007,6.501697,[180736 135840  20436],[<NA> <NA> <NA>],[<NA> <NA> <NA>],294446
294465,2020-09-28 22:44:49.790304+00:00,True,287.43417,90011726237969974,864691135587758716,63030,2024-12-18 19:03:19.165025+00:00,True,294465,8,5,2038,2,9.61494,-4.67605,[183584 136144  20422],[<NA> <NA> <NA>],[<NA> <NA> <NA>],294465
294545,2020-09-28 22:44:18.891984+00:00,True,239.6491,89941288908167187,864691136390474359,63031,2024-12-18 19:03:19.165548+00:00,True,294545,8,5,2039,2,6.382622,2.6973538,[182976 135728  21116],[<NA> <NA> <NA>],[<NA> <NA> <NA>],294545
294548,2020-09-28 22:45:05.600324+00:00,True,317.2162,90081476707791607,864691135470787666,63032,2024-12-18 19:03:19.166089+00:00,True,294548,8,5,2040,2,8.316151,0.8496091,[183936 131280  21625],[<NA> <NA> <NA>],[<NA> <NA> <NA>],294548
258229,2020-09-28 22:44:59.622041+00:00,True,305.963,88956126422782743,864691135448130450,63055,2024-12-18 19:03:19.178665+00:00,True,258229,8,5,2067,2,3.466579,7.925296,[175888 135536  20806],[<NA> <NA> <NA>],[<NA> <NA> <NA>],258229
258299,2020-09-28 22:43:22.037565+00:00,True,307.0432,88533570494493324,864691135850033758,63056,2024-12-18 19:03:19.179202+00:00,True,258299,8,5,2068,2,3.6998124,11.112297,[172864 133024  21760],[<NA> <NA> <NA>],[<NA> <NA> <NA>],258299
258382,2020-09-28 22:41:55.706175+00:00,True,246.81563,89026220490459523,864691135741930603,63057,2024-12-18 19:03:19.179734+00:00,True,258382,8,5,2069,2,4.0229077,5.945582,[176464 133552  22445],[<NA> <NA> <NA>],[<NA> <NA> <NA>],258382
258372,2020-09-28 22:43:24.388187+00:00,True,287.68372,88744676794369404,864691136314491965,63058,2024-12-18 19:03:19.180272+00:00,True,258372,8,5,2070,2,3.6494186,7.5699673,[174496 133136  22519],[<NA> <NA> <NA>],[<NA> <NA> <NA>],258372
258284,2020-09-28 22:45:13.882459+00:00,True,345.17435,88181795426193124,864691135455400554,63301,2024-12-18 19:03:19.314715+00:00,True,258284,8,5,2331,2,4.4872365,4.966645,[170192 133552  21447],[<NA> <NA> <NA>],[<NA> <NA> <NA>],258284
294549,2020-09-28 22:44:49.679498+00:00,True,287.07208,90081888957765952,864691135646775791,63408,2024-12-18 19:03:19.373134+00:00,True,294549,8,5,2450,2,4.95439,2.9856672,[184048 134544  21291],[<NA> <NA> <NA>],[<NA> <NA> <NA>],294549
258402,2020-09-28 22:42:43.402554+00:00,True,307.9784,89448570394253033,864691135294442678,63429,2024-12-18 19:03:19.385157+00:00,True,258402,8,5,2474,2,6.600975,6.5607753,[179504 134464  22207],[<NA> <NA> <NA>],[<NA> <NA> <NA>],258402
294657,2020-09-28 22:44:28.920541+00:00,True,256.01736,89941014164582084,864691135562798817,63430,2024-12-18 19:03:19.385821+00:00,True,294657,8,5,2475,2,5.0514455,2.3174584,[183104 133760  22248],[<NA> <NA> <NA>],[<NA> <NA> <NA>],294657
258352,2020-09-28 22:44:20.693118+00:00,True,242.4288,88041264229949195,864691136238679567,63502,2024-12-18 19:03:19.426806+00:00,True,258352,8,5,2554,2,6.0222917,6.2133656,[169152 135136  22028],[<NA> <NA> <NA>],[<NA> <NA> <NA>],258352
294583,2020-09-28 22:45:13.880766+00:00,True,345.15027,90855876424176600,864691135743102827,63505,2024-12-18 19:03:19.428548+00:00,True,294583,8,5,2557,2,3.9394002,11.203457,[189792 134272  21227],[<NA> <NA> <NA>],[<NA> <NA> <NA>],294583
258301,2020-09-28 22:45:21.670906+00:00,True,398.34943,88674376635434834,864691135493686111,63625,2024-12-18 19:03:19.494883+00:00,True,258301,8,5,2694,2,2.6440172,8.9057045,[173632 133776  21477],[<NA> <NA> <NA>],[<NA> <NA> <NA>],258301
294664,2020-09-28 22:43:08.922982+00:00,True,311.26306,90151845519437827,864691136042462038,63652,2024-12-18 19:03:19.510100+00:00,True,294664,8,5,2723,2,8.754944,2.8691988,[184800 131296  22474],[<NA> <NA> <NA>],[<NA> <NA> <NA>],294664
294684,2020-09-28 22:44:59.739325+00:00,True,306.51877,90715345228573345,864691136742067804,63655,2024-12-18 19:03:19.511836+00:00,True,294684,8,5,2726,2,13.7817,2.1859,[188496 135760  22355],[<NA> <NA> <NA>],[<NA> <NA> <NA>],294684
258202,2020-09-28 22:45:17.956129+00:00,True,365.4828,87970689126320793,864691135276132325,63666,2024-12-18 19:03:19.517806+00:00,True,258202,8,5,2739,2,10.9375,2.1751,[168992 133520  20745],[<NA> <NA> <NA>],[<NA> <NA> <NA>],258202
294539,2020-09-28 22:45:19.090364+00:00,True,367.6748,89659676492660967,864691136914414321,63667,2024-12-18 19:03:19.518351+00:00,True,294539,8,5,2740,2,4.80801,0.93167,[181216 134624  21266],[<NA> <NA> <NA>],[<NA> <NA> <NA>],294539
258399,2020-09-28 22:41:32.402721+00:00,True,226.19243,89307351869365118,864691136011686318,63687,2024-12-18 19:03:19.529426+00:00,True,258399,8,5,2763,2,8.7368,4.2086406,[178320 131264  22063],[<NA> <NA> <NA>],[<NA> <NA> <NA>],258399
258209,2020-09-28 22:45:17.535862+00:00,True,360.34888,88111976370229530,864691135277186789,63720,2024-12-18 19:03:19.547584+00:00,True,258209,8,5,2805,2,11.7206,2.9397,[169728 137648  20522],[<NA> <NA> <NA>],[<NA> <NA> <NA>],258209
294481,2020-09-28 22:45:13.879076+00:00,True,345.135,90292995123238941,864691135389168001,63721,2024-12-18 19:03:19.548134+00:00,True,294481,8,5,2806,2,2.938777,11.817855,[185456 134720  20827],[<NA> <NA> <NA>],[<NA> <NA> <NA>],294481
258232,2020-09-28 22:45:01.535266+00:00,True,310.24316,89026220288670277,864691135294361782,63790,2024-12-18 19:03:19.586235+00:00,True,258232,8,5,2886,2,7.811453,3.842755,[176272 133792  20486],[<NA> <NA> <NA>],[<NA> <NA> <NA>],258232
294499,2020-09-28 22:44:55.344603+00:00,True,296.7834,90785645051964842,864691135276234469,64248,2024-12-18 19:03:21.736927+00:00,True,294499,8,5,4927,4,7.6030536,4.577929,[189312 134976  20835],[<NA> <NA> <NA>],[<NA> <NA> <NA>],294499
294481,2020-09-28 22:45:13.879076+00:00,True,345.135,90292995123238941,864691135389168001,64249,2024-12-18 19:03:21.737476+00:00,True,294481,8,5,4928,4,9.516855,3.831968,[185456 134720  20827],[<NA> <NA> <NA>],[<NA> <NA> <NA>],294481
294505,2020-09-28 22:45:03.611978+00:00,True,315.68774,91067051308994248,864691135347725215,64250,2024-12-18 19:03:21.738022+00:00,True,294505,8,5,4929,4,11.435433,2.4304717,[191120 134432  20649],[<NA> <NA> <NA>],[<NA> <NA> <NA>],294505
294715,2020-09-28 22:45:02.856481+00:00,True,311.6304,90926382674615466,864691135842486243,64251,2024-12-18 19:03:21.738554+00:00,True,294715,8,5,4930,4,3.1336539,10.523975,[190320 134992  21950],[<NA> <NA> <NA>],[<NA> <NA> <NA>],294715
294565,2020-09-28 22:44:48.155062+00:00,True,285.10373,90363638812455211,864691135919956656,64253,2024-12-18 19:03:21.739647+00:00,True,294565,8,5,4932,4,5.22371,7.9025803,[186160 136480  21354],[<NA> <NA> <NA>],[<NA> <NA> <NA>],294565
294822,2020-09-28 22:44:57.831066+00:00,True,302.3805,90222695366674932,864691136484972332,64255,2024-12-18 19:03:21.740736+00:00,True,294822,8,5,4934,4,10.534654,0.7002929,[185040 134992  22615],[<NA> <NA> <NA>],[<NA> <NA> <NA>],294822
294545,2020-09-28 22:44:18.891984+00:00,True,239.6491,89941288908167187,864691136390474359,64274,2024-12-18 19:03:21.751357+00:00,True,294545,8,5,4960,4,3.766887,7.7568073,[182976 135728  21116],[<NA> <NA> <NA>],[<NA> <NA> <NA>],294545
294546,2020-09-28 22:42:52.314243+00:00,True,322.22412,89941288975444987,864691135695146943,64275,2024-12-18 19:03:21.751888+00:00,True,294546,8,5,4961,4,1.9581385,8.7266445,[183072 135408  21782],[<NA> <NA> <NA>],[<NA> <NA> <NA>],294546
294535,2020-09-28 22:44:59.746167+00:00,True,306.53693,89589788784928533,864691135135019168,64276,2024-12-18 19:03:21.752432+00:00,True,294535,8,5,4962,4,9.317309,1.6567729,[180320 138208  21358],[<NA> <NA> <NA>],[<NA> <NA> <NA>],294535
258301,2020-09-28 22:45:21.670906+00:00,True,398.34943,88674376635434834,864691135493686111,64298,2024-12-18 19:03:21.764782+00:00,True,258301,8,5,4990,4,11.455927,1.2842985,[173632 133776  21477],[<NA> <NA> <NA>],[<NA> <NA> <NA>],258301
258291,2020-09-28 22:44:45.927662+00:00,True,281.05066,88323082670416245,864691135587371132,64299,2024-12-18 19:03:21.765336+00:00,True,258291,8,5,4991,4,5.1454473,7.1666293,[171248 137712  21493],[<NA> <NA> <NA>],[<NA> <NA> <NA>],258291
258402,2020-09-28 22:42:43.402554+00:00,True,307.9784,89448570394253033,864691135294442678,64457,2024-12-18 19:03:21.852591+00:00,True,258402,8,5,5164,4,2.796154,4.570783,[179504 134464  22207],[<NA> <NA> <NA>],[<NA> <NA> <NA>],258402
258231,2020-09-28 22:45:11.570789+00:00,True,334.72595,88956538672714596,864691135496440208,64567,2024-12-18 19:03:21.913666+00:00,True,258231,8,5,5286,4,3.5713842,7.467767,[176000 138896  20458],[<NA> <NA> <NA>],[<NA> <NA> <NA>],258231
258352,2020-09-28 22:44:20.693118+00:00,True,242.4288,88041264229949195,864691136238679567,64696,2024-12-18 19:03:21.985721+00:00,True,258352,8,5,5427,4,5.813319,9.164811,[169152 135136  22028],[<NA> <NA> <NA>],[<NA> <NA> <NA>],258352
294549,2020-09-28 22:44:49.679498+00:00,True,287.07208,90081888957765952,864691135646775791,64707,2024-12-18 19:03:21.991827+00:00,True,294549,8,5,5440,4,9.854094,0.61351067,[184048 134544  21291],[<NA> <NA> <NA>],[<NA> <NA> <NA>],294549
294584,2020-09-28 22:45:09.497467+00:00,True,327.56073,90856357460463313,864691136453419007,64725,2024-12-18 19:03:22.002135+00:00,True,294584,8,5,5458,4,5.89121,2.55381,[189888 137536  21190],[<NA> <NA> <NA>],[<NA> <NA> <NA>],294584
294657,2020-09-28 22:44:28.920541+00:00,True,256.01736,89941014164582084,864691135562798817,64733,2024-12-18 19:03:22.006515+00:00,True,294657,8,5,5467,4,4.2548556,4.333686,[183104 133760  22248],[<NA> <NA> <NA>],[<NA> <NA> <NA>],294657
258307,2020-09-28 22:44:32.213198+00:00,True,260.1494,88815663879209242,864691136144674612,64756,2024-12-18 19:03:22.019873+00:00,True,258307,8,5,5493,4,3.3871713,7.0423875,[174944 137648  21113],[<NA> <NA> <NA>],[<NA> <NA> <NA>],258307
258245,2020-09-28 22:45:19.250446+00:00,True,369.70972,89167713691492856,864691135773073147,64852,2024-12-18 19:03:22.073997+00:00,True,258245,8,5,5597,4,9.80596,0.08578,[177632 139296  20662],[<NA> <NA> <NA>],[<NA> <NA> <NA>],258245
294768,2020-09-28 22:44:04.386982+00:00,True,212.2508,91278226462236139,864691135102434592,64862,2024-12-18 19:03:22.079787+00:00,True,294768,8,5,5611,4,3.2247217,8.966739,[192912 134880  22119],[<NA> <NA> <NA>],[<NA> <NA> <NA>],294768
258390,2020-09-28 22:41:16.644499+00:00,True,274.365,89167370295678915,864691135430290480,64925,2024-12-18 19:03:22.114827+00:00,True,258390,8,5,5685,4,5.217745,1.9052125,[177328 136432  22430],[<NA> <NA> <NA>],[<NA> <NA> <NA>],258390
294539,2020-09-28 22:45:19.090364+00:00,True,367.6748,89659676492660967,864691136914414321,64985,2024-12-18 19:03:22.148133+00:00,True,294539,8,5,5754,4,8.048818,2.290097,[181216 134624  21266],[<NA> <NA> <NA>],[<NA> <NA> <NA>],294539
294446,2020-09-28 22:44:07.010141+00:00,True,218.5026,89589445053451911,864691135717271834,64995,2024-12-18 19:03:22.153568+00:00,True,294446,8,5,5767,4,8.313072,4.4166284,[180736 135840  20436],[<NA> <NA> <NA>],[<NA> <NA> <NA>],294446
258209,2020-09-28 22:45:17.535862+00:00,True,360.34888,88111976370229530,864691135277186789,65027,2024-12-18 19:03:24.036298+00:00,True,258209,8,5,5803,4,3.968741,9.776365,[169728 137648  20522],[<NA> <NA> <NA>],[<NA> <NA> <NA>],258209
298669,2020-09-28 22:41:47.859512+00:00,True,277.235,90227093077726740,864691135196592938,65509,2024-12-18 19:03:24.301881+00:00,True,298669,8,5,7913,6,7.456807,4.071464,[185264 167696  20139],[<NA> <NA> <NA>],[<NA> <NA> <NA>],298669
298824,2020-09-28 22:44:40.584596+00:00,True,273.41455,90930780586520462,864691136111294648,65511,2024-12-18 19:03:24.302956+00:00,True,298824,8,5,7915,6,4.7128005,1.4156579,[190128 167680  20565],[<NA> <NA> <NA>],[<NA> <NA> <NA>],298824
298800,2020-09-28 22:44:24.712569+00:00,True,249.13739,90297324450184090,864691135742247787,65512,2024-12-18 19:03:24.303502+00:00,True,298800,8,5,7916,6,7.9881196,4.023366,[185600 166752  20750],[<NA> <NA> <NA>],[<NA> <NA> <NA>],298800
298812,2020-09-28 22:45:09.427415+00:00,True,327.09885,90790111817860463,864691135853091015,65513,2024-12-18 19:03:24.304069+00:00,True,298812,8,5,7917,6,3.0311787,4.834993,[189168 168272  20778],[<NA> <NA> <NA>],[<NA> <NA> <NA>],298812
299083,2020-09-28 22:44:07.087675+00:00,True,218.68102,91071243331528296,864691136453442303,65514,2024-12-18 19:03:24.304628+00:00,True,299083,8,5,7918,6,6.37101,6.97429,[191344 165760  21883],[<NA> <NA> <NA>],[<NA> <NA> <NA>],299083
298951,2020-09-28 22:44:25.257850+00:00,True,250.94635,91071586861778917,864691136058895576,65515,2024-12-18 19:03:24.305184+00:00,True,298951,8,5,7919,6,4.7284164,3.195358,[191088 168400  21349],[<NA> <NA> <NA>],[<NA> <NA> <NA>],298951
299084,2020-09-28 22:41:55.462946+00:00,True,214.12364,91071518343250551,864691135504203357,65516,2024-12-18 19:03:24.305727+00:00,True,299084,8,5,7920,6,5.744658,6.5917187,[191280 167840  22558],[<NA> <NA> <NA>],[<NA> <NA> <NA>],299084
298661,2020-09-28 22:42:23.332298+00:00,True,249.0853,90016261723242258,864691136067382936,65534,2024-12-18 19:03:24.316336+00:00,True,298661,8,5,7941,6,3.9011,1.48272,[183552 169792  20241],[<NA> <NA> <NA>],[<NA> <NA> <NA>],298661
262726,2020-09-28 22:40:53.163402+00:00,True,271.0348,89523268264453192,864691135518173395,65538,2024-12-18 19:03:24.318486+00:00,True,262726,8,5,7945,6,8.081522,2.1623113,[179920 167104  20924],[<NA> <NA> <NA>],[<NA> <NA> <NA>],262726
298791,2020-09-28 22:44:28.582351+00:00,True,254.88736,90016193070737575,864691135569592300,65539,2024-12-18 19:03:24.319022+00:00,True,298791,8,5,7946,6,3.8738437,1.4158893,[183360 169376  20619],[<NA> <NA> <NA>],[<NA> <NA> <NA>],298791
298913,2020-09-28 22:40:55.436991+00:00,True,256.9575,90156587095957101,864691134966710559,65540,2024-12-18 19:03:24.319555+00:00,True,298913,8,5,7947,6,4.907122,10.001573,[184768 167088  21715],[<NA> <NA> <NA>],[<NA> <NA> <NA>],298913
298873,2020-09-28 22:44:15.840530+00:00,True,235.77756,89875455716551167,864691135511486985,65541,2024-12-18 19:03:24.320088+00:00,True,298873,8,5,7948,6,5.4276,8.094528,[182336 169600  21633],[<NA> <NA> <NA>],[<NA> <NA> <NA>],298873
299035,2020-09-28 22:41:46.005976+00:00,True,257.72458,89945687089226606,864691135478400936,65543,2024-12-18 19:03:24.321154+00:00,True,299035,8,5,7950,6,6.1260896,2.639411,[183200 168384  22438],[<NA> <NA> <NA>],[<NA> <NA> <NA>],299035
299043,2020-09-28 22:44:22.653102+00:00,True,245.78687,90086080980035490,864691136391034487,65545,2024-12-18 19:03:24.322220+00:00,True,299043,8,5,7952,6,7.5591745,0.78467673,[184176 165760  22284],[<NA> <NA> <NA>],[<NA> <NA> <NA>],299043
262677,2020-09-28 22:44:35.937216+00:00,True,265.41098,88468286790511394,864691136438666398,65567,2024-12-18 19:03:24.335922+00:00,True,262677,8,5,7977,6,9.884515,0.37062067,[172432 171008  20481],[<NA> <NA> <NA>],[<NA> <NA> <NA>],262677
262814,2020-09-28 22:44:30.542836+00:00,True,257.91183,88960249725252307,864691135779716797,65569,2024-12-18 19:03:24.337086+00:00,True,262814,8,5,7979,6,9.84695,1.13195,[175824 166464  21524],[<NA> <NA> <NA>],[<NA> <NA> <NA>],262814
262932,2020-09-28 22:44:30.884985+00:00,True,258.90866,88749418371135815,864691135939949365,65570,2024-12-18 19:03:24.337626+00:00,True,262932,8,5,7980,6,7.3512554,4.850953,[174592 168448  21974],[<NA> <NA> <NA>],[<NA> <NA> <NA>],262932
262937,2020-09-28 22:43:21.992148+00:00,True,253.13017,88890087207131537,864691135396940021,65571,2024-12-18 19:03:24.338191+00:00,True,262937,8,5,7981,6,2.4088795,9.787136,[175584 167904  22492],[<NA> <NA> <NA>],[<NA> <NA> <NA>],262937
262881,2020-09-28 22:44:00.150796+00:00,True,199.16505,88116237179086143,864691135398868257,65690,2024-12-18 19:03:24.404853+00:00,True,262881,8,5,8124,6,2.9214332,6.9317102,[169696 169232  22054],[<NA> <NA> <NA>],[<NA> <NA> <NA>],262881
262777,2020-09-28 22:44:44.194178+00:00,True,278.5416,88045730861895569,864691136380816597,65709,2024-12-18 19:03:24.415233+00:00,True,262777,8,5,8144,6,5.1489,3.1617,[169168 168480  21133],[<NA> <NA> <NA>],[<NA> <NA> <NA>],262777
262710,2020-09-28 22:41:32.465682+00:00,True,238.13046,89171699488113773,864691136488999186,65711,2024-12-18 19:03:24.416306+00:00,True,262710,8,5,8146,6,1.6318194,14.364436,[177504 168848  21048],[<NA> <NA> <NA>],[<NA> <NA> <NA>],262710
298938,2020-09-28 22:44:44.426289+00:00,True,279.23776,90649511835591076,864691135810492189,65729,2024-12-18 19:03:24.426354+00:00,True,298938,8,5,8165,6,4.728224,7.1229935,[188336 169392  21278],[<NA> <NA> <NA>],[<NA> <NA> <NA>],298938
298872,2020-09-28 22:44:55.908370+00:00,True,298.88464,89805086905413559,864691136485007404,65966,2024-12-18 19:03:24.556319+00:00,True,298872,8,5,8422,6,4.114303,7.2011952,[182192 169584  21253],[<NA> <NA> <NA>],[<NA> <NA> <NA>],298872
298942,2020-09-28 22:44:21.007810+00:00,True,243.59698,90790111951845421,864691136814655859,66044,2024-12-18 19:03:26.496385+00:00,True,298942,8,5,8510,6,3.4828272,7.4830008,[188976 168496  21579],[<NA> <NA> <NA>],[<NA> <NA> <NA>],298942
262868,2020-09-28 22:43:59.967885+00:00,True,197.49176,87905337104993543,864691136026198585,66074,2024-12-18 19:03:26.512902+00:00,True,262868,8,5,8543,6,6.1957,2.93959,[168400 170800  22039],[<NA> <NA> <NA>],[<NA> <NA> <NA>],262868
298827,2020-09-28 22:44:29.149229+00:00,True,256.63913,91142092910740823,864691135478316200,66152,2024-12-18 19:03:26.555122+00:00,True,298827,8,5,8633,6,4.3648276,3.7667673,[192000 169456  20327],[<NA> <NA> <NA>],[<NA> <NA> <NA>],298827
298946,2020-09-28 22:44:28.923152+00:00,True,256.02982,90930918092675407,864691135567059223,66231,2024-12-18 19:03:26.598892+00:00,True,298946,8,5,8731,6,6.336686,3.1279001,[190368 169120  21150],[<NA> <NA> <NA>],[<NA> <NA> <NA>],298946
262899,2020-09-28 22:44:32.825309+00:00,True,261.96313,88467943461428633,864691135928395278,66241,2024-12-18 19:03:26.604432+00:00,True,262899,8,5,8742,6,3.6150393,2.2818391,[172208 168272  22383],[<NA> <NA> <NA>],[<NA> <NA> <NA>],262899
262946,2020-09-28 22:44:32.953350+00:00,True,262.3683,89101262158920024,864691136438717086,66247,2024-12-18 19:03:26.607683+00:00,True,262946,8,5,8748,6,2.6910117,3.0424562,[176864 168336  22285],[<NA> <NA> <NA>],[<NA> <NA> <NA>],262946
267102,2020-09-28 22:40:57.346505+00:00,True,371.5234,89457503658101416,864691135398243105,66481,2024-12-18 19:03:26.736729+00:00,True,267102,8,5,9992,8,12.7293,0.4576,[179680 201408  20426],[<NA> <NA> <NA>],[<NA> <NA> <NA>],267102
303066,2020-09-28 22:45:23.299770+00:00,True,418.2301,90443284752775905,864691136419797655,66482,2024-12-18 19:03:26.737273+00:00,True,303066,8,5,9993,8,10.167345,6.631933,[186480 205552  21607],[<NA> <NA> <NA>],[<NA> <NA> <NA>],303066
303048,2020-09-28 22:44:17.097088+00:00,True,509.7526,90160916423054452,864691135258642863,66483,2024-12-18 19:03:26.737808+00:00,True,303048,8,5,9994,8,15.5333605,-1.947911,[184768 198896  21743],[<NA> <NA> <NA>],[<NA> <NA> <NA>],303048
303145,2020-09-28 22:45:25.534382+00:00,True,570.2063,90302616051180901,864691135688186080,66484,2024-12-18 19:03:26.738351+00:00,True,303145,8,5,9995,8,13.103779,4.1885567,[185632 206224  22266],[<NA> <NA> <NA>],[<NA> <NA> <NA>],303145
267029,2020-09-28 22:45:25.458678+00:00,True,540.02893,88543328459028709,864691135503182685,66496,2024-12-18 19:03:26.744970+00:00,True,267029,8,5,10011,8,5.275872,10.14922,[173008 205856  20391],[<NA> <NA> <NA>],[<NA> <NA> <NA>],267029
267038,2020-09-28 22:45:25.076572+00:00,True,466.89404,88824253679891664,864691135811658700,66497,2024-12-18 19:03:26.745505+00:00,True,267038,8,5,10012,8,11.737022,1.070514,[174816 201840  20364],[<NA> <NA> <NA>],[<NA> <NA> <NA>],267038
267205,2020-09-28 22:43:47.615297+00:00,True,420.68967,89387547364912702,864691137021264750,66498,2024-12-18 19:03:26.746048+00:00,True,267205,8,5,10013,8,3.0723574,7.3970523,[178848 204240  21385],[<NA> <NA> <NA>],[<NA> <NA> <NA>],267205
267299,2020-09-28 22:41:46.073389+00:00,True,484.63446,89036184814601672,864691135774294603,66499,2024-12-18 19:03:26.746577+00:00,True,267299,8,5,10014,8,16.4493,-3.3453,[176352 207856  22440],[<NA> <NA> <NA>],[<NA> <NA> <NA>],267299
267454,2020-09-28 22:41:26.252188+00:00,True,266.52017,89528353773943370,864691135014600950,66501,2024-12-18 19:03:26.747660+00:00,True,267454,8,5,10016,8,12.2005,0.2225,[180016 204592  22798],[<NA> <NA> <NA>],[<NA> <NA> <NA>],267454
267163,2020-09-28 22:41:50.443183+00:00,True,317.60123,88121184914484399,864691135868919318,66515,2024-12-18 19:03:26.755369+00:00,True,267163,8,5,10031,8,8.168716,4.2178144,[169888 206416  21665],[<NA> <NA> <NA>],[<NA> <NA> <NA>],267163
267266,2020-09-28 22:44:02.143869+00:00,True,206.50197,88191553725618621,864691135716679194,66516,2024-12-18 19:03:26.755906+00:00,True,267266,8,5,10032,8,11.939258,5.312714,[170096 206400  22081],[<NA> <NA> <NA>],[<NA> <NA> <NA>],267266
303174,2020-09-28 22:41:27.901582+00:00,True,491.69547,91146560011902989,864691136195798504,66580,2024-12-18 19:03:26.791638+00:00,True,303174,8,5,10107,8,3.0204234,11.971484,[192016 202448  22622],[<NA> <NA> <NA>],[<NA> <NA> <NA>],303174
303137,2020-09-28 22:45:25.436009+00:00,True,530.63025,89950566104965703,864691136022520056,66607,2024-12-18 19:03:26.806460+00:00,True,303137,8,5,10136,8,6.567354,12.128387,[183168 204576  21936],[<NA> <NA> <NA>],[<NA> <NA> <NA>],303137
267272,2020-09-28 22:44:59.606901+00:00,True,305.92712,88261716244643227,864691135741910164,66685,2024-12-18 19:03:26.849617+00:00,True,267272,8,5,10225,8,3.171897,8.182178,[170864 204560  21900],[<NA> <NA> <NA>],[<NA> <NA> <NA>],267272
302957,2020-09-28 22:44:02.400990+00:00,True,507.26028,90020659837046869,864691135585266808,66819,2024-12-18 19:03:26.924108+00:00,True,302957,8,5,10391,8,2.8241806,13.721813,[183456 202752  20953],[<NA> <NA> <NA>],[<NA> <NA> <NA>],302957
303095,2020-09-28 22:45:24.938806+00:00,True,453.11606,91146422438749662,864691135566168599,66865,2024-12-18 19:03:26.949847+00:00,True,303095,8,5,10443,8,5.529386,7.799289,[191744 201440  21606],[<NA> <NA> <NA>],[<NA> <NA> <NA>],303095
267294,2020-09-28 22:45:25.482981+00:00,True,550.1952,88894897570199057,864691135774389755,66899,2024-12-18 19:03:26.968658+00:00,True,267294,8,5,10481,8,4.573896,9.891734,[175376 203728  22239],[<NA> <NA> <NA>],[<NA> <NA> <NA>],267294
267319,2020-09-28 22:41:44.181356+00:00,True,435.31927,89527597792764820,864691135779049056,66902,2024-12-18 19:03:26.970278+00:00,True,267319,8,5,10485,8,15.634538,1.0022528,[179776 198880  22450],[<NA> <NA> <NA>],[<NA> <NA> <NA>],267319
267197,2020-09-28 22:42:52.433046+00:00,True,346.20407,88965541125270891,864691136927187786,66946,2024-12-18 19:03:26.995209+00:00,True,267197,8,5,10533,8,8.597748,7.759849,[175968 205904  21793],[<NA> <NA> <NA>],[<NA> <NA> <NA>],267197
302983,2020-09-28 22:41:46.549615+00:00,True,292.45914,90724553437195992,864691136211175612,66955,2024-12-18 19:03:27.000496+00:00,True,302983,8,5,10542,8,3.8011754,9.823661,[188576 204144  20882],[<NA> <NA> <NA>],[<NA> <NA> <NA>],302983
292678,2020-09-28 22:44:51.773554+00:00,True,291.02423,90995376894956609,864691135431654960,67413,2024-12-18 19:03:29.274647+00:00,True,292678,8,7,1925,2,3.6164672,4.7510543,[190720 125072  20809],[<NA> <NA> <NA>],[<NA> <NA> <NA>],292678
292881,2020-09-28 22:45:11.493129+00:00,True,334.05533,91065264737038206,864691135861093992,67414,2024-12-18 19:03:29.275201+00:00,True,292881,8,7,1926,2,5.329526,8.693975,[191312 121536  21896],[<NA> <NA> <NA>],[<NA> <NA> <NA>],292881
292643,2020-09-28 22:43:37.877054+00:00,True,325.3818,89799245615834818,864691136968542926,67432,2024-12-18 19:03:29.285112+00:00,True,292643,8,7,1947,2,2.2173643,11.437707,[182224 125968  20346],[<NA> <NA> <NA>],[<NA> <NA> <NA>],292643
256465,2020-09-28 22:40:46.944041+00:00,True,371.07434,89376964498407119,864691134942472035,67433,2024-12-18 19:03:29.285649+00:00,True,256465,8,7,1948,2,2.627768,9.747657,[178896 125216  20864],[<NA> <NA> <NA>],[<NA> <NA> <NA>],256465
256552,2020-09-28 22:43:42.946507+00:00,True,317.80618,89376827126485917,864691135567047191,67434,2024-12-18 19:03:29.286207+00:00,True,256552,8,7,1949,2,4.267697,7.163525,[178976 124432  21326],[<NA> <NA> <NA>],[<NA> <NA> <NA>],256552
292713,2020-09-28 22:43:04.595636+00:00,True,320.97418,89869202244320518,864691136034011579,67435,2024-12-18 19:03:29.286884+00:00,True,292713,8,7,1950,2,4.1029186,8.601275,[182592 122624  21768],[<NA> <NA> <NA>],[<NA> <NA> <NA>],292713
256675,2020-09-28 22:41:02.932206+00:00,True,332.57373,89517564749196973,864691136380312021,67436,2024-12-18 19:03:29.287432+00:00,True,256675,8,7,1951,2,10.132276,2.8610432,[179984 124320  22475],[<NA> <NA> <NA>],[<NA> <NA> <NA>],256675
256437,2020-09-28 22:45:13.591781+00:00,True,342.90894,88321295896427784,864691136604001745,67455,2024-12-18 19:03:29.297941+00:00,True,256437,8,7,1974,2,6.473928,1.3439072,[171552 124528  20568],[<NA> <NA> <NA>],[<NA> <NA> <NA>],256437
258224,2020-09-28 22:43:41.359783+00:00,True,286.78455,88673551934622228,864691136091634487,67457,2024-12-18 19:03:29.299033+00:00,True,258224,8,7,1976,2,8.08677,5.50703,[173808 127488  20965],[<NA> <NA> <NA>],[<NA> <NA> <NA>],258224
256516,2020-09-28 22:41:03.150150+00:00,True,259.58826,88251064725641695,864691136524172689,67458,2024-12-18 19:03:29.299572+00:00,True,256516,8,7,1977,2,5.594975,5.1884823,[171024 125472  21780],[<NA> <NA> <NA>],[<NA> <NA> <NA>],256516
256521,2020-09-28 22:40:52.918412+00:00,True,342.82275,88391389896949075,864691135398805281,67459,2024-12-18 19:03:29.300126+00:00,True,256521,8,7,1978,2,11.645,1.0928,[172000 122128  21628],[<NA> <NA> <NA>],[<NA> <NA> <NA>],256521
256509,2020-09-28 22:45:19.316412+00:00,True,370.79907,87969314803969367,864691135304641703,67576,2024-12-18 19:03:29.365327+00:00,True,256509,8,7,2102,2,8.288513,3.0809193,[168672 123472  21315],[<NA> <NA> <NA>],[<NA> <NA> <NA>],256509
256600,2020-09-28 22:43:14.471646+00:00,True,289.60718,88040027279617201,864691136906067890,67578,2024-12-18 19:03:29.366408+00:00,True,256600,8,7,2104,2,7.4958916,3.9324107,[169008 125872  22242],[<NA> <NA> <NA>],[<NA> <NA> <NA>],256600
292822,2020-09-28 22:44:41.633888+00:00,True,273.76337,89587589895595217,864691135447994514,67617,2024-12-18 19:03:29.388225+00:00,True,292822,8,7,2145,2,6.2856174,7.594658,[180768 121968  22131],[<NA> <NA> <NA>],[<NA> <NA> <NA>],292822
256331,2020-09-28 22:41:57.363732+00:00,True,390.15628,88743783172412796,864691135469753426,67658,2024-12-18 19:03:29.412248+00:00,True,256331,8,7,2190,2,6.5038514,1.3458488,[174224 126496  20149],[<NA> <NA> <NA>],[<NA> <NA> <NA>],256331
292856,2020-09-28 22:45:03.517654+00:00,True,315.20703,90643464655836537,864691135102381856,67707,2024-12-18 19:03:29.441242+00:00,True,292856,8,7,2243,2,9.269329,3.5647411,[187968 124368  22306],[<NA> <NA> <NA>],[<NA> <NA> <NA>],292856
292655,2020-09-28 22:45:02.948344+00:00,True,312.15042,90291620666751536,864691135343818161,67717,2024-12-18 19:03:29.447159+00:00,True,292655,8,7,2256,2,4.558711,7.348171,[185872 124320  20463],[<NA> <NA> <NA>],[<NA> <NA> <NA>],292655
292860,2020-09-28 22:45:09.989405+00:00,True,331.06805,90643120991617407,864691135726939455,67736,2024-12-18 19:03:29.457946+00:00,True,292860,8,7,2278,2,8.43188,0.79194,[188400 121904  22011],[<NA> <NA> <NA>],[<NA> <NA> <NA>],292860
292709,2020-09-28 22:44:53.428949+00:00,True,293.3678,89728464688927877,864691135361314119,67863,2024-12-18 19:03:29.529105+00:00,True,292709,8,7,2421,2,5.05872,4.2075534,[181440 122864  21327],[<NA> <NA> <NA>],[<NA> <NA> <NA>],292709
292747,2020-09-28 22:45:17.792811+00:00,True,363.36008,90994689767351820,864691136177629702,67866,2024-12-18 19:03:29.530714+00:00,True,292747,8,7,2424,2,14.6133795,1.1609701,[190944 119728  21397],[<NA> <NA> <NA>],[<NA> <NA> <NA>],292747
256551,2020-09-28 22:41:53.632833+00:00,True,267.23172,89377102071272275,864691135801163874,67879,2024-12-18 19:03:29.537941+00:00,True,256551,8,7,2439,2,9.9936,1.0872,[178736 126432  21628],[<NA> <NA> <NA>],[<NA> <NA> <NA>],256551
292871,2020-09-28 22:41:49.658793+00:00,True,362.73538,90994964779484105,864691135577644574,67882,2024-12-18 19:03:29.539611+00:00,True,292871,8,7,2442,2,4.797019,2.4250338,[190656 121840  22429],[<NA> <NA> <NA>],[<NA> <NA> <NA>],292871
292737,2020-09-28 22:44:47.649276+00:00,True,283.38437,90573095777456657,864691135398892065,68038,2024-12-18 19:03:31.606748+00:00,True,292737,8,7,2615,2,6.5167007,6.752147,[187888 124512  21300],[<NA> <NA> <NA>],[<NA> <NA> <NA>],292737
292718,2020-09-28 22:44:09.846587+00:00,True,223.6896,90080377196136262,864691135732518585,68078,2024-12-18 19:03:31.628604+00:00,True,292718,8,7,2657,2,5.3138566,3.575732,[184128 123408  21604],[<NA> <NA> <NA>],[<NA> <NA> <NA>],292718
292682,2020-09-28 22:45:07.972448+00:00,True,324.14893,91135839505279120,864691135577617694,68112,2024-12-18 19:03:31.647136+00:00,True,292682,8,7,2698,2,9.216217,3.0493312,[191648 122832  20723],[<NA> <NA> <NA>],[<NA> <NA> <NA>],292682
292575,2020-09-28 22:41:02.856972+00:00,True,355.9165,90432701752255117,864691135774368763,68525,2024-12-18 19:03:31.877959+00:00,True,292575,8,7,4591,4,4.801546,8.89783,[186528 126944  20248],[<NA> <NA> <NA>],[<NA> <NA> <NA>],292575
294504,2020-09-28 22:44:48.052588+00:00,True,284.77734,90995789211688319,864691135738953860,68526,2024-12-18 19:03:31.878499+00:00,True,294504,8,7,4592,4,5.38758,3.22568,[190864 127936  20727],[<NA> <NA> <NA>],[<NA> <NA> <NA>],294504
292737,2020-09-28 22:44:47.649276+00:00,True,283.38437,90573095777456657,864691135398892065,68527,2024-12-18 19:03:31.879050+00:00,True,292737,8,7,4593,4,7.203214,10.262639,[187888 124512  21300],[<NA> <NA> <NA>],[<NA> <NA> <NA>],292737
292899,2020-09-28 22:42:43.463178+00:00,True,278.315,91206689486835668,864691136453384959,68528,2024-12-18 19:03:31.879594+00:00,True,292899,8,7,4594,4,6.9803233,7.405249,[192320 126576  22029],[<NA> <NA> <NA>],[<NA> <NA> <NA>],292899
294673,2020-09-28 22:44:46.372136+00:00,True,282.5149,90573576947672080,864691136331214058,68529,2024-12-18 19:03:31.880141+00:00,True,294673,8,7,4595,4,10.441478,-1.4256884,[187920 127824  22032],[<NA> <NA> <NA>],[<NA> <NA> <NA>],294673
256465,2020-09-28 22:40:46.944041+00:00,True,371.07434,89376964498407119,864691134942472035,68545,2024-12-18 19:03:31.889125+00:00,True,256465,8,7,4618,4,10.179299,5.209163,[178896 125216  20864],[<NA> <NA> <NA>],[<NA> <NA> <NA>],256465
292637,2020-09-28 22:43:28.126391+00:00,True,365.39908,89728945658014978,864691135164887853,68546,2024-12-18 19:03:31.889671+00:00,True,292637,8,7,4619,4,6.5104194,5.228847,[181792 126416  20682],[<NA> <NA> <NA>],[<NA> <NA> <NA>],292637
256552,2020-09-28 22:43:42.946507+00:00,True,317.80618,89376827126485917,864691135567047191,68547,2024-12-18 19:03:31.890225+00:00,True,256552,8,7,4620,4,8.87608,2.75532,[178976 124432  21326],[<NA> <NA> <NA>],[<NA> <NA> <NA>],256552
294547,2020-09-28 22:45:21.233074+00:00,True,387.70624,90010764299362175,864691135015652246,68548,2024-12-18 19:03:31.890924+00:00,True,294547,8,7,4621,4,10.513482,4.506826,[183728 129008  21304],[<NA> <NA> <NA>],[<NA> <NA> <NA>],294547
258401,2020-09-28 22:43:30.016062+00:00,True,302.7283,89377308296970511,864691135742664043,68549,2024-12-18 19:03:31.891494+00:00,True,258401,8,7,4622,4,10.6384,1.7815,[179216 127792  22302],[<NA> <NA> <NA>],[<NA> <NA> <NA>],258401
292713,2020-09-28 22:43:04.595636+00:00,True,320.97418,89869202244320518,864691136034011579,68550,2024-12-18 19:03:31.892066+00:00,True,292713,8,7,4623,4,13.153563,1.8796587,[182592 122624  21768],[<NA> <NA> <NA>],[<NA> <NA> <NA>],292713
292825,2020-09-28 22:42:09.356353+00:00,True,332.5272,89728877140222276,864691136111251896,68551,2024-12-18 19:03:31.892603+00:00,True,292825,8,7,4624,4,3.6682024,4.4087467,[181376 125680  22521],[<NA> <NA> <NA>],[<NA> <NA> <NA>],292825
258224,2020-09-28 22:43:41.359783+00:00,True,286.78455,88673551934622228,864691136091634487,68568,2024-12-18 19:03:31.902029+00:00,True,258224,8,7,4643,4,3.0641923,7.248032,[173808 127488  20965],[<NA> <NA> <NA>],[<NA> <NA> <NA>],258224
256525,2020-09-28 22:42:22.606967+00:00,True,292.35315,88462308329875985,864691135942611316,68569,2024-12-18 19:03:31.902567+00:00,True,256525,8,7,4644,4,4.4860015,6.0590825,[172224 126656  21141],[<NA> <NA> <NA>],[<NA> <NA> <NA>],256525
258216,2020-09-28 22:45:15.386605+00:00,True,347.8007,88392145676956508,864691135838916755,68570,2024-12-18 19:03:31.903110+00:00,True,258216,8,7,4645,4,2.8281665,8.329548,[171648 127904  20594],[<NA> <NA> <NA>],[<NA> <NA> <NA>],258216
256600,2020-09-28 22:43:14.471646+00:00,True,289.60718,88040027279617201,864691136906067890,68673,2024-12-18 19:03:31.960801+00:00,True,256600,8,7,4758,4,4.1005273,7.159213,[169008 125872  22242],[<NA> <NA> <NA>],[<NA> <NA> <NA>],256600
256652,2020-09-28 22:41:05.162368+00:00,True,215.14142,89236364649948938,864691135939477508,68679,2024-12-18 19:03:31.964093+00:00,True,256652,8,7,4765,4,3.7082753,8.587818,[178192 126320  22102],[<NA> <NA> <NA>],[<NA> <NA> <NA>],256652
292856,2020-09-28 22:45:03.517654+00:00,True,315.20703,90643464655836537,864691135102381856,68700,2024-12-18 19:03:31.975764+00:00,True,292856,8,7,4789,4,5.0776787,8.485809,[187968 124368  22306],[<NA> <NA> <NA>],[<NA> <NA> <NA>],292856
258290,2020-09-28 22:42:43.331999+00:00,True,338.93253,88251408322917335,864691135874782350,68779,2024-12-18 19:03:32.019359+00:00,True,258290,8,7,4873,4,14.7128,1.7653,[170816 127856  21691],[<NA> <NA> <NA>],[<NA> <NA> <NA>],258290
258230,2020-09-28 22:44:55.809390+00:00,True,298.44128,88955576599984368,864691136298125851,68805,2024-12-18 19:03:32.034507+00:00,True,258230,8,7,4902,4,12.05286,2.2045698,[175856 131472  20407],[<NA> <NA> <NA>],[<NA> <NA> <NA>],258230
256551,2020-09-28 22:41:53.632833+00:00,True,267.23172,89377102071272275,864691135801163874,68834,2024-12-18 19:03:32.050217+00:00,True,256551,8,7,4932,4,1.2865458,14.809845,[178736 126432  21628],[<NA> <NA> <NA>],[<NA> <NA> <NA>],256551
292739,2020-09-28 22:41:10.638883+00:00,True,284.35236,90573370722448987,864691134941412707,68872,2024-12-18 19:03:32.071442+00:00,True,292739,8,7,4973,4,6.429347,4.803078,[187696 126560  21803],[<NA> <NA> <NA>],[<NA> <NA> <NA>],292739
258375,2020-09-28 22:41:02.982496+00:00,True,365.3311,88884727087844075,864691135774053371,68912,2024-12-18 19:03:32.093336+00:00,True,258375,8,7,5018,4,9.42169,1.83111,[175328 127936  22400],[<NA> <NA> <NA>],[<NA> <NA> <NA>],258375
256516,2020-09-28 22:41:03.150150+00:00,True,259.58826,88251064725641695,864691136524172689,69022,2024-12-18 19:03:34.075568+00:00,True,256516,8,7,5142,4,6.0037255,0.2050418,[171024 125472  21780],[<NA> <NA> <NA>],[<NA> <NA> <NA>],256516
256331,2020-09-28 22:41:57.363732+00:00,True,390.15628,88743783172412796,864691135469753426,69101,2024-12-18 19:03:34.118917+00:00,True,256331,8,7,5228,4,9.475218,6.595117,[174224 126496  20149],[<NA> <NA> <NA>],[<NA> <NA> <NA>],256331
292878,2020-09-28 22:41:50.250357+00:00,True,255.33235,90995514535370826,864691135954640675,69152,2024-12-18 19:03:34.147010+00:00,True,292878,8,7,5290,4,7.6534214,2.1727695,[190960 125888  22490],[<NA> <NA> <NA>],[<NA> <NA> <NA>],292878
292643,2020-09-28 22:43:37.877054+00:00,True,325.3818,89799245615834818,864691136968542926,69155,2024-12-18 19:03:34.148641+00:00,True,292643,8,7,5293,4,9.061871,4.3299627,[182224 125968  20346],[<NA> <NA> <NA>],[<NA> <NA> <NA>],292643
302955,2020-09-28 22:45:25.587619+00:00,True,612.8663,89949329020077684,864691135324963484,69451,2024-12-18 19:03:34.314548+00:00,True,302955,8,7,6592,6,6.789906,6.4815125,[182864 195440  20817],[<NA> <NA> <NA>],[<NA> <NA> <NA>],302955
303046,2020-09-28 22:45:23.531531+00:00,True,427.76166,90089860483870716,864691136362774498,69452,2024-12-18 19:03:34.315114+00:00,True,303046,8,7,6593,6,8.81428,4.2346725,[184352 194032  21557],[<NA> <NA> <NA>],[<NA> <NA> <NA>],303046
303144,2020-09-28 22:45:24.876689+00:00,True,447.73148,90231147795286753,864691135640544571,69454,2024-12-18 19:03:34.316234+00:00,True,303144,8,7,6595,6,8.406719,5.70202,[185264 198192  22188],[<NA> <NA> <NA>],[<NA> <NA> <NA>],303144
303139,2020-09-28 22:43:57.914035+00:00,True,442.57886,90090479026781022,864691136330101226,69455,2024-12-18 19:03:34.316804+00:00,True,303139,8,7,6596,6,11.602443,4.3024173,[184048 198528  22493],[<NA> <NA> <NA>],[<NA> <NA> <NA>],303139
267319,2020-09-28 22:41:44.181356+00:00,True,435.31927,89527597792764820,864691135779049056,69456,2024-12-18 19:03:34.317355+00:00,True,267319,8,7,6597,6,13.391736,2.165466,[179776 198880  22450],[<NA> <NA> <NA>],[<NA> <NA> <NA>],267319
267180,2020-09-28 22:44:43.846159+00:00,True,277.3777,88331054129432794,864691135570135020,69471,2024-12-18 19:03:34.325809+00:00,True,267180,8,7,6614,6,3.9520457,7.449099,[171440 196976  21279],[<NA> <NA> <NA>],[<NA> <NA> <NA>],267180
267194,2020-09-28 22:43:46.858914+00:00,True,610.60974,88894141588921425,864691135977666883,69472,2024-12-18 19:03:34.326356+00:00,True,267194,8,7,6615,6,5.1082067,9.030302,[175264 198256  21776],[<NA> <NA> <NA>],[<NA> <NA> <NA>],267194
267295,2020-09-28 22:43:20.014876+00:00,True,393.8317,88894279095150580,864691135214123064,69474,2024-12-18 19:03:34.327455+00:00,True,267295,8,7,6617,6,12.144328,1.9335496,[175376 199104  22465],[<NA> <NA> <NA>],[<NA> <NA> <NA>],267295
267165,2020-09-28 22:44:57.547080+00:00,True,301.18298,88119947897177369,864691135464263742,69487,2024-12-18 19:03:34.334825+00:00,True,267165,8,7,6631,6,3.9353259,9.320911,[169792 196864  21504],[<NA> <NA> <NA>],[<NA> <NA> <NA>],267165
267261,2020-09-28 22:44:52.130423+00:00,True,292.23978,88119741872481362,864691136177129478,69488,2024-12-18 19:03:34.335385+00:00,True,267261,8,7,6632,6,7.4712653,6.1864705,[170016 195360  22108],[<NA> <NA> <NA>],[<NA> <NA> <NA>],267261
303032,2020-09-28 22:45:25.399952+00:00,True,520.90533,89667716671269769,864691135756148685,69596,2024-12-18 19:03:34.399501+00:00,True,303032,8,7,6752,6,9.825839,10.001978,[181184 194560  21112],[<NA> <NA> <NA>],[<NA> <NA> <NA>],303032
267008,2020-09-28 22:45:25.180158+00:00,True,479.08963,88049510366229524,864691134887444730,69620,2024-12-18 19:03:34.412904+00:00,True,267008,8,7,6784,6,7.2643,10.8205,[169216 196416  20820],[<NA> <NA> <NA>],[<NA> <NA> <NA>],267008
267183,2020-09-28 22:43:37.801280+00:00,True,455.04218,88401422940721723,864691134941063523,69658,2024-12-18 19:03:34.434282+00:00,True,267183,8,7,6826,6,3.9366295,10.873914,[171952 196880  21777],[<NA> <NA> <NA>],[<NA> <NA> <NA>],267183
302861,2020-09-28 22:43:53.948144+00:00,True,428.0302,90653634869932692,864691135617409385,69663,2024-12-18 19:03:34.437036+00:00,True,302861,8,7,6831,6,14.3211,1.7228,[188256 200192  20216],[<NA> <NA> <NA>],[<NA> <NA> <NA>],302861
267007,2020-09-28 22:44:38.211122+00:00,True,269.14145,88049579018705047,864691135646292719,69715,2024-12-18 19:03:34.466310+00:00,True,267007,8,7,6894,6,6.316818,8.211707,[169200 196928  20410],[<NA> <NA> <NA>],[<NA> <NA> <NA>],267007
303035,2020-09-28 22:43:28.265348+00:00,True,497.98776,89738016763137206,864691135456207722,69751,2024-12-18 19:03:34.486869+00:00,True,303035,8,7,6934,6,10.323898,6.0923038,[181632 193824  21686],[<NA> <NA> <NA>],[<NA> <NA> <NA>],303035
267307,2020-09-28 22:45:25.169607+00:00,True,478.2493,89105179168917490,864691135948123745,69754,2024-12-18 19:03:34.488511+00:00,True,267307,8,7,6937,6,3.868098,12.857474,[177120 197456  22127],[<NA> <NA> <NA>],[<NA> <NA> <NA>],267307
267260,2020-09-28 22:45:05.422628+00:00,True,316.22513,88119535714331821,864691135877954899,69781,2024-12-18 19:03:34.503360+00:00,True,267260,8,7,6969,6,12.271222,4.246059,[169824 194160  22359],[<NA> <NA> <NA>],[<NA> <NA> <NA>],267260
266848,2020-09-28 22:43:16.059498+00:00,True,368.06903,88261097567929785,864691135955962888,69796,2024-12-18 19:03:34.511546+00:00,True,266848,8,7,6985,6,10.7201,7.4743,[170896 200304  20247],[<NA> <NA> <NA>],[<NA> <NA> <NA>],266848
303164,2020-09-28 22:41:04.995259+00:00,True,335.4149,90723729071520237,864691135878061395,69841,2024-12-18 19:03:34.536440+00:00,True,303164,8,7,7039,6,10.616127,14.326323,[188832 198224  22608],[<NA> <NA> <NA>],[<NA> <NA> <NA>],303164
303048,2020-09-28 22:44:17.097088+00:00,True,509.7526,90160916423054452,864691135258642863,69896,2024-12-18 19:03:34.567014+00:00,True,303048,8,7,7102,6,15.132391,2.2420957,[184768 198896  21743],[<NA> <NA> <NA>],[<NA> <NA> <NA>],303048
302972,2020-09-28 22:45:24.922838+00:00,True,452.144,90371403979164500,864691135465503813,69903,2024-12-18 19:03:34.570794+00:00,True,302972,8,7,7111,6,10.190108,5.6459584,[186272 194272  20412],[<NA> <NA> <NA>],[<NA> <NA> <NA>],302972
306954,2020-09-28 22:40:57.205519+00:00,True,263.0574,89602295863921793,864691136057790424,70010,2024-12-18 19:03:36.574814+00:00,True,306954,8,7,7803,8,6.347444,4.9931383,[180544 231616  22405],[<NA> <NA> <NA>],[<NA> <NA> <NA>],306954
307237,2020-09-28 22:44:45.558860+00:00,True,279.72058,91502733194345198,864691135123833127,70112,2024-12-18 19:03:36.630218+00:00,True,307237,8,7,7924,8,9.622104,8.588467,[194192 234928  23897],[<NA> <NA> <NA>],[<NA> <NA> <NA>],307237
296546,2020-09-28 22:44:55.708382+00:00,True,298.08542,90929406197281411,864691136524297617,70580,2024-12-18 19:03:36.887042+00:00,True,296546,8,9,2020,2,8.784072,3.8766177,[190032 157648  20811],[<NA> <NA> <NA>],[<NA> <NA> <NA>],296546
296687,2020-09-28 22:41:24.499033+00:00,True,280.61304,91281112613403048,864691135277501669,70581,2024-12-18 19:03:36.887589+00:00,True,296687,8,9,2021,2,6.95929,5.01121,[192880 156384  21831],[<NA> <NA> <NA>],[<NA> <NA> <NA>],296687
296784,2020-09-28 22:43:02.136967+00:00,True,236.5078,90929406398758623,864691135101521952,70582,2024-12-18 19:03:36.888141+00:00,True,296784,8,9,2022,2,3.1258578,3.7034907,[190064 157424  22482],[<NA> <NA> <NA>],[<NA> <NA> <NA>],296784
296783,2020-09-28 22:41:01.141030+00:00,True,293.16318,90858694057131474,864691135996177834,70583,2024-12-18 19:03:36.888686+00:00,True,296783,8,9,2023,2,16.00895,-0.7552063,[189792 155248  22407],[<NA> <NA> <NA>],[<NA> <NA> <NA>],296783
262698,2020-09-28 22:42:39.555705+00:00,True,262.65976,89029862421466994,864691135294441654,70603,2024-12-18 19:03:36.899682+00:00,True,262698,8,9,2047,2,8.319909,1.4269414,[176432 160720  20930],[<NA> <NA> <NA>],[<NA> <NA> <NA>],262698
296508,2020-09-28 22:40:52.915390+00:00,True,301.57816,89803781168041578,864691135294520844,70604,2024-12-18 19:03:36.900227+00:00,True,296508,8,9,2048,2,4.321195,11.283059,[182160 159936  20563],[<NA> <NA> <NA>],[<NA> <NA> <NA>],296508
260648,2020-09-28 22:41:51.927066+00:00,True,235.5418,89451868861833821,864691135765013302,70605,2024-12-18 19:03:36.900763+00:00,True,260648,8,9,2049,2,2.124579,11.911915,[179264 159232  21546],[<NA> <NA> <NA>],[<NA> <NA> <NA>],260648
298919,2020-09-28 22:44:30.362810+00:00,True,257.3438,90296568669974050,864691135725748139,70606,2024-12-18 19:03:36.901307+00:00,True,298919,8,9,2050,2,9.513609,5.616305,[185520 161008  21625],[<NA> <NA> <NA>],[<NA> <NA> <NA>],298919
296750,2020-09-28 22:41:14.919686+00:00,True,194.14565,90225856462565231,864691135480916422,70608,2024-12-18 19:03:36.902525+00:00,True,296750,8,9,2052,2,4.092119,10.505692,[185056 158720  22583],[<NA> <NA> <NA>],[<NA> <NA> <NA>],296750
260855,2020-09-28 22:40:57.339909+00:00,True,253.88908,89521756703842154,864691134949081852,70609,2024-12-18 19:03:36.903086+00:00,True,260855,8,9,2053,2,9.990086,1.2971984,[180064 155744  22537],[<NA> <NA> <NA>],[<NA> <NA> <NA>],260855
296734,2020-09-28 22:41:28.645395+00:00,True,258.0893,89803162961130659,864691135760106830,70610,2024-12-18 19:03:36.903624+00:00,True,296734,8,9,2054,2,13.011523,-1.9693922,[181920 154880  22579],[<NA> <NA> <NA>],[<NA> <NA> <NA>],296734
260303,2020-09-28 22:41:06.714455+00:00,True,310.56937,88396406217513570,864691134966714655,70627,2024-12-18 19:03:36.912881+00:00,True,260303,8,9,2076,2,7.037565,7.711601,[171760 159584  20144],[<NA> <NA> <NA>],[<NA> <NA> <NA>],260303
262654,2020-09-28 22:44:07.649412+00:00,True,220.43803,88255943607399568,864691135474504498,70628,2024-12-18 19:03:36.913415+00:00,True,262654,8,9,2077,2,3.8412657,7.9281883,[170560 161920  20443],[<NA> <NA> <NA>],[<NA> <NA> <NA>],262654
260617,2020-09-28 22:41:24.496258+00:00,True,243.63057,88396475071099877,864691136275894285,70629,2024-12-18 19:03:36.913941+00:00,True,260617,8,9,2078,2,1.5197552,13.5528345,[171728 159968  21088],[<NA> <NA> <NA>],[<NA> <NA> <NA>],260617
262655,2020-09-28 22:45:05.760338+00:00,True,318.1029,88256012393674444,864691135886300016,70630,2024-12-18 19:03:36.914476+00:00,True,262655,8,9,2079,2,6.695819,6.420699,[170784 162192  20696],[<NA> <NA> <NA>],[<NA> <NA> <NA>],262655
262691,2020-09-28 22:44:41.810306+00:00,True,274.25717,88748524883246710,864691135562004193,70631,2024-12-18 19:03:36.915018+00:00,True,262691,8,9,2080,2,4.4301944,1.4979386,[174400 161696  20530],[<NA> <NA> <NA>],[<NA> <NA> <NA>],262691
260628,2020-09-28 22:41:05.271943+00:00,True,288.27762,88889056280708012,864691135375888840,70632,2024-12-18 19:03:36.915541+00:00,True,260628,8,9,2081,2,3.3264465,6.945808,[175328 160160  21416],[<NA> <NA> <NA>],[<NA> <NA> <NA>],260628
260625,2020-09-28 22:41:24.276910+00:00,True,252.38635,88888987628025797,864691136043283030,70633,2024-12-18 19:03:36.916093+00:00,True,260625,8,9,2082,2,1.7926524,8.338255,[175328 159648  21658],[<NA> <NA> <NA>],[<NA> <NA> <NA>],260625
262806,2020-09-28 22:41:17.007708+00:00,True,324.84476,88607581371011067,864691135570303724,70634,2024-12-18 19:03:36.916648+00:00,True,262806,8,9,2083,2,6.377379,2.6957974,[173136 160032  21832],[<NA> <NA> <NA>],[<NA> <NA> <NA>],262806
260729,2020-09-28 22:43:27.899825+00:00,True,255.80847,89029175428032517,864691135611019015,70635,2024-12-18 19:03:36.917185+00:00,True,260729,8,9,2084,2,12.6109,1.3234,[176544 155584  22495],[<NA> <NA> <NA>],[<NA> <NA> <NA>],260729
260742,2020-09-28 22:40:51.674113+00:00,True,224.40886,89240762696564988,864691136006519498,70779,2024-12-18 19:03:36.997782+00:00,True,260742,8,9,2244,2,0.9603486,8.7505455,[178096 158944  22197],[<NA> <NA> <NA>],[<NA> <NA> <NA>],260742
262885,2020-09-28 22:44:13.366459+00:00,True,229.54147,88115000161884759,864691135389195393,70858,2024-12-18 19:03:37.041445+00:00,True,262885,8,9,2335,2,3.185941,5.84085,[170016 160336  21960],[<NA> <NA> <NA>],[<NA> <NA> <NA>],262885
296533,2020-09-28 22:42:30.084993+00:00,True,278.92612,90577699915274813,864691136274488254,70910,2024-12-18 19:03:37.070711+00:00,True,296533,8,9,2398,2,5.899267,3.9377854,[187456 158496  20752],[<NA> <NA> <NA>],[<NA> <NA> <NA>],296533
262893,2020-09-28 22:44:38.518011+00:00,True,269.9962,88396475205406121,864691135124603687,71012,2024-12-18 19:03:39.181302+00:00,True,262893,8,9,2516,2,3.1131968,5.6169186,[172032 160176  22201],[<NA> <NA> <NA>],[<NA> <NA> <NA>],262893
296779,2020-09-28 22:44:34.290250+00:00,True,263.45963,90718300099050675,864691135280682401,71037,2024-12-18 19:03:39.195106+00:00,True,296779,8,9,2544,2,3.5227718,10.634827,[188592 157600  21926],[<NA> <NA> <NA>],[<NA> <NA> <NA>],296779
296419,2020-09-28 22:43:41.636040+00:00,True,289.59866,90859106105350713,864691136118921124,71113,2024-12-18 19:03:39.237863+00:00,True,296419,8,9,2626,2,8.828633,5.9506965,[189840 157952  20196],[<NA> <NA> <NA>],[<NA> <NA> <NA>],296419
296680,2020-09-28 22:44:36.567745+00:00,True,267.39966,91210881240956787,864691136239902780,71136,2024-12-18 19:03:39.250372+00:00,True,296680,8,9,2656,2,4.926602,2.607743,[192304 157696  21191],[<NA> <NA> <NA>],[<NA> <NA> <NA>],296680
260651,2020-09-28 22:41:16.528490+00:00,True,323.83893,89521962661190141,864691135751110185,71172,2024-12-18 19:03:39.270709+00:00,True,260651,8,9,2697,2,9.298471,5.166194,[180016 157312  21177],[<NA> <NA> <NA>],[<NA> <NA> <NA>],260651
262699,2020-09-28 22:44:36.692791+00:00,True,267.73013,89030205951658890,864691135990004992,71328,2024-12-18 19:03:39.360448+00:00,True,262699,8,9,2871,2,10.0338,1.1322,[176336 163104  20330],[<NA> <NA> <NA>],[<NA> <NA> <NA>],262699
298944,2020-09-28 22:44:32.370799+00:00,True,260.51083,90859793434394918,864691135490505018,71810,2024-12-18 19:03:39.636478+00:00,True,298944,8,9,4978,4,8.198839,0.58120406,[189872 163472  21278],[<NA> <NA> <NA>],[<NA> <NA> <NA>],298944
296800,2020-09-28 22:40:53.208664+00:00,True,271.26398,91140581417423431,864691136905758130,71812,2024-12-18 19:03:39.637772+00:00,True,296800,8,9,4980,4,9.466907,1.2666519,[191728 157904  22608],[<NA> <NA> <NA>],[<NA> <NA> <NA>],296800
298789,2020-09-28 22:44:19.169432+00:00,True,240.61412,89945205851390943,864691136229363025,71824,2024-12-18 19:03:39.645517+00:00,True,298789,8,9,4995,4,10.208153,1.3478405,[182928 164912  20727],[<NA> <NA> <NA>],[<NA> <NA> <NA>],298789
298919,2020-09-28 22:44:30.362810+00:00,True,257.3438,90296568669974050,864691135725748139,71825,2024-12-18 19:03:39.646081+00:00,True,298919,8,9,4996,4,2.0691354,8.884231,[185520 161008  21625],[<NA> <NA> <NA>],[<NA> <NA> <NA>],298919
260648,2020-09-28 22:41:51.927066+00:00,True,235.5418,89451868861833821,864691135765013302,71826,2024-12-18 19:03:39.646621+00:00,True,260648,8,9,4997,4,10.1407,0.3228,[179264 159232  21546],[<NA> <NA> <NA>],[<NA> <NA> <NA>],260648
298916,2020-09-28 22:41:42.194582+00:00,True,233.41335,90155899901322754,864691135577816862,71827,2024-12-18 19:03:39.647191+00:00,True,298916,8,9,4998,4,3.4121308,4.577405,[184608 161808  21806],[<NA> <NA> <NA>],[<NA> <NA> <NA>],298916
296750,2020-09-28 22:41:14.919686+00:00,True,194.14565,90225856462565231,864691135480916422,71828,2024-12-18 19:03:39.647726+00:00,True,296750,8,9,4999,4,6.4647727,3.9801924,[185056 158720  22583],[<NA> <NA> <NA>],[<NA> <NA> <NA>],296750
263078,2020-09-28 22:41:20.755200+00:00,True,241.89928,89311681263608674,864691135305643175,71829,2024-12-18 19:03:39.648291+00:00,True,263078,8,9,5000,4,12.223948,0.1784828,[178224 163456  22632],[<NA> <NA> <NA>],[<NA> <NA> <NA>],263078
262423,2020-09-28 22:43:41.163827+00:00,True,288.07266,88326793387616101,864691135211926464,71849,2024-12-18 19:03:39.660344+00:00,True,262423,8,9,5027,4,8.090098,1.7957703,[171280 165280  20203],[<NA> <NA> <NA>],[<NA> <NA> <NA>],262423
262655,2020-09-28 22:45:05.760338+00:00,True,318.1029,88256012393674444,864691135886300016,71850,2024-12-18 19:03:39.660915+00:00,True,262655,8,9,5028,4,5.416,8.195541,[170784 162192  20696],[<NA> <NA> <NA>],[<NA> <NA> <NA>],262655
262654,2020-09-28 22:44:07.649412+00:00,True,220.43803,88255943607399568,864691135474504498,71851,2024-12-18 19:03:39.661493+00:00,True,262654,8,9,5029,4,6.8407307,4.9161997,[170560 161920  20443],[<NA> <NA> <NA>],[<NA> <NA> <NA>],262654
262691,2020-09-28 22:44:41.810306+00:00,True,274.25717,88748524883246710,864691135562004193,71852,2024-12-18 19:03:39.662109+00:00,True,262691,8,9,5030,4,6.0904236,4.863142,[174400 161696  20530],[<NA> <NA> <NA>],[<NA> <NA> <NA>],262691
262800,2020-09-28 22:41:46.647281+00:00,True,287.28442,88537556224215968,864691135941300993,71853,2024-12-18 19:03:39.662673+00:00,True,262800,8,9,5031,4,4.4064426,2.9315023,[172736 162864  21811],[<NA> <NA> <NA>],[<NA> <NA> <NA>],262800
260628,2020-09-28 22:41:05.271943+00:00,True,288.27762,88889056280708012,864691135375888840,71854,2024-12-18 19:03:39.663251+00:00,True,260628,8,9,5032,4,8.5602,1.841,[175328 160160  21416],[<NA> <NA> <NA>],[<NA> <NA> <NA>],260628
262863,2020-09-28 22:43:56.330048+00:00,True,185.78687,87904306312961552,864691135448256146,71879,2024-12-18 19:03:39.678342+00:00,True,262863,8,9,5063,4,3.7309885,6.3671155,[168144 163072  22156],[<NA> <NA> <NA>],[<NA> <NA> <NA>],262863
262699,2020-09-28 22:44:36.692791+00:00,True,267.73013,89030205951658890,864691135990004992,72047,2024-12-18 19:03:41.784010+00:00,True,262699,8,9,5253,4,2.8623059,7.029209,[176336 163104  20330],[<NA> <NA> <NA>],[<NA> <NA> <NA>],262699
262885,2020-09-28 22:44:13.366459+00:00,True,229.54147,88115000161884759,864691135389195393,72104,2024-12-18 19:03:41.816048+00:00,True,262885,8,9,5319,4,6.7229133,2.8382032,[170016 160336  21960],[<NA> <NA> <NA>],[<NA> <NA> <NA>],262885
298950,2020-09-28 22:44:19.475632+00:00,True,241.50508,91000462203198157,864691136211371452,72165,2024-12-18 19:03:41.849973+00:00,True,298950,8,9,5382,4,7.35635,6.63725,[190976 162720  21212],[<NA> <NA> <NA>],[<NA> <NA> <NA>],298950
262547,2020-09-28 22:42:15.428320+00:00,True,303.4659,89030274670913953,864691135102433056,72230,2024-12-18 19:03:41.886790+00:00,True,262547,8,9,5455,4,2.88442,5.805165,[176480 163584  20145],[<NA> <NA> <NA>],[<NA> <NA> <NA>],262547
262893,2020-09-28 22:44:38.518011+00:00,True,269.9962,88396475205406121,864691135124603687,72254,2024-12-18 19:03:41.900846+00:00,True,262893,8,9,5484,4,7.4022446,1.0499793,[172032 160176  22201],[<NA> <NA> <NA>],[<NA> <NA> <NA>],262893
298809,2020-09-28 22:43:00.523861+00:00,True,271.2414,90578112232378099,864691135504168285,72257,2024-12-18 19:03:41.902490+00:00,True,298809,8,9,5487,4,3.5574641,12.032562,[187728 161520  20934],[<NA> <NA> <NA>],[<NA> <NA> <NA>],298809
262959,2020-09-28 22:43:29.977243+00:00,True,236.11064,89381706343249088,864691135274860561,72262,2024-12-18 19:03:41.905273+00:00,True,262959,8,9,5493,4,7.12592,2.3875155,[179056 160704  22098],[<NA> <NA> <NA>],[<NA> <NA> <NA>],262959
262810,2020-09-28 22:44:38.047040+00:00,True,268.6491,88818893694743933,864691136239980604,72265,2024-12-18 19:03:41.907131+00:00,True,262810,8,9,5498,4,1.9316872,7.257071,[174816 161936  21221],[<NA> <NA> <NA>],[<NA> <NA> <NA>],262810
298895,2020-09-28 22:44:28.543951+00:00,True,254.7817,89945068479458956,864691135274860817,72278,2024-12-18 19:03:41.914319+00:00,True,298895,8,9,5513,4,8.16529,8.37501,[183280 163568  21184],[<NA> <NA> <NA>],[<NA> <NA> <NA>],298895
262820,2020-09-28 22:44:55.110428+00:00,True,295.83932,89100643549328291,864691135465100189,72329,2024-12-18 19:03:41.943116+00:00,True,262820,8,9,5576,4,6.8334947,3.8064275,[177072 163712  21174],[<NA> <NA> <NA>],[<NA> <NA> <NA>],262820
298714,2020-09-28 22:41:10.512017+00:00,True,240.71832,91282211923783175,864691135728030015,72497,2024-12-18 19:03:42.041165+00:00,True,298714,8,9,5763,4,12.784444,4.158875,[192576 164976  20306],[<NA> <NA> <NA>],[<NA> <NA> <NA>],298714
299060,2020-09-28 22:44:40.096538+00:00,True,271.8779,90366868694989123,864691135357351375,72522,2024-12-18 19:03:42.055546+00:00,True,299060,8,9,5791,4,3.3082905,6.638802,[186160 160464  21885],[<NA> <NA> <NA>],[<NA> <NA> <NA>],299060
301122,2020-09-28 22:43:18.694116+00:00,True,392.89948,91285854190229262,864691135430346544,72769,2024-12-18 19:03:42.199254+00:00,True,301122,8,9,7143,6,5.9093447,13.415039,[192896 192032  21367],[<NA> <NA> <NA>],[<NA> <NA> <NA>],301122
302955,2020-09-28 22:45:25.587619+00:00,True,612.8663,89949329020077684,864691135324963484,72778,2024-12-18 19:03:42.205235+00:00,True,302955,8,9,7155,6,5.3141117,10.886376,[182864 195440  20817],[<NA> <NA> <NA>],[<NA> <NA> <NA>],302955
303046,2020-09-28 22:45:23.531531+00:00,True,427.76166,90089860483870716,864691136362774498,72779,2024-12-18 19:03:42.205793+00:00,True,303046,8,9,7156,6,1.2324301,12.019506,[184352 194032  21557],[<NA> <NA> <NA>],[<NA> <NA> <NA>],303046
303138,2020-09-28 22:44:59.003714+00:00,True,303.32617,90019354368195581,864691136967478222,72781,2024-12-18 19:03:42.206909+00:00,True,303138,8,9,7158,6,3.1172,16.428816,[183680 193040  22367],[<NA> <NA> <NA>],[<NA> <NA> <NA>],303138
267194,2020-09-28 22:43:46.858914+00:00,True,610.60974,88894141588921425,864691135977666883,72793,2024-12-18 19:03:42.213751+00:00,True,267194,8,9,7174,6,12.4273,2.4753,[175264 198256  21776],[<NA> <NA> <NA>],[<NA> <NA> <NA>],267194
265045,2020-09-28 22:41:22.169095+00:00,True,368.40457,89245092023510260,864691136437631902,72876,2024-12-18 19:03:42.261484+00:00,True,265045,8,9,7273,6,10.658959,3.0174067,[178112 191344  22109],[<NA> <NA> <NA>],[<NA> <NA> <NA>],265045
303032,2020-09-28 22:45:25.399952+00:00,True,520.90533,89667716671269769,864691135756148685,72922,2024-12-18 19:03:42.288215+00:00,True,303032,8,9,7324,6,3.958986,14.873175,[181184 194560  21112],[<NA> <NA> <NA>],[<NA> <NA> <NA>],303032
267168,2020-09-28 22:45:17.118560+00:00,True,355.4694,88330710531955625,864691135212078784,72963,2024-12-18 19:03:42.312625+00:00,True,267168,8,9,7370,6,2.646361,7.2497225,[171232 194720  21159],[<NA> <NA> <NA>],[<NA> <NA> <NA>],267168
267183,2020-09-28 22:43:37.801280+00:00,True,455.04218,88401422940721723,864691134941063523,72966,2024-12-18 19:03:42.314283+00:00,True,267183,8,9,7373,6,7.24991,7.00059,[171952 196880  21777],[<NA> <NA> <NA>],[<NA> <NA> <NA>],267183
267260,2020-09-28 22:45:05.422628+00:00,True,316.22513,88119535714331821,864691135877954899,73003,2024-12-18 19:03:44.381204+00:00,True,267260,8,9,7414,6,3.9996426,9.006367,[169824 194160  22359],[<NA> <NA> <NA>],[<NA> <NA> <NA>],267260
267008,2020-09-28 22:45:25.180158+00:00,True,479.08963,88049510366229524,864691134887444730,73007,2024-12-18 19:03:44.383565+00:00,True,267008,8,9,7418,6,4.468774,10.654717,[169216 196416  20820],[<NA> <NA> <NA>],[<NA> <NA> <NA>],267008
303035,2020-09-28 22:43:28.265348+00:00,True,497.98776,89738016763137206,864691135456207722,73012,2024-12-18 19:03:44.386478+00:00,True,303035,8,9,7423,6,3.7923398,4.3210382,[181632 193824  21686],[<NA> <NA> <NA>],[<NA> <NA> <NA>],303035
301188,2020-09-28 22:41:00.735531+00:00,True,243.4841,89596935811480209,864691135294480310,73071,2024-12-18 19:03:44.420071+00:00,True,301188,8,9,7498,6,8.591956,5.6198926,[180288 191664  22600],[<NA> <NA> <NA>],[<NA> <NA> <NA>],301188
267007,2020-09-28 22:44:38.211122+00:00,True,269.14145,88049579018705047,864691135646292719,73096,2024-12-18 19:03:44.434081+00:00,True,267007,8,9,7526,6,4.0926704,12.82483,[169200 196928  20410],[<NA> <NA> <NA>],[<NA> <NA> <NA>],267007
302972,2020-09-28 22:45:24.922838+00:00,True,452.144,90371403979164500,864691135465503813,73102,2024-12-18 19:03:44.437572+00:00,True,302972,8,9,7533,6,3.434127,14.976035,[186272 194272  20412],[<NA> <NA> <NA>],[<NA> <NA> <NA>],302972
303090,2020-09-28 22:42:52.987151+00:00,True,342.24472,90863916669976858,864691136196979020,73200,2024-12-18 19:03:44.495069+00:00,True,303090,8,9,7646,6,2.0175586,4.8927126,[189520 193968  21684],[<NA> <NA> <NA>],[<NA> <NA> <NA>],303090
271577,2020-09-28 22:43:16.146247+00:00,True,256.30655,89390914685996280,864691136177127174,73336,2024-12-18 19:03:44.573687+00:00,True,271577,8,9,8424,8,6.8780704,2.930084,[179216 229440  21542],[<NA> <NA> <NA>],[<NA> <NA> <NA>],271577
307176,2020-09-28 22:45:22.875268+00:00,True,403.21402,89813058700181820,864691134990435194,73338,2024-12-18 19:03:44.574918+00:00,True,307176,8,9,8426,8,8.294602,5.8543887,[181984 229040  23735],[<NA> <NA> <NA>],[<NA> <NA> <NA>],307176
306954,2020-09-28 22:40:57.205519+00:00,True,263.0574,89602295863921793,864691136057790424,73430,2024-12-18 19:03:44.629817+00:00,True,306954,8,9,8530,8,3.5510752,2.0156558,[180544 231616  22405],[<NA> <NA> <NA>],[<NA> <NA> <NA>],306954
296680,2020-09-28 22:44:36.567745+00:00,True,267.39966,91210881240956787,864691136239902780,73864,2024-12-18 19:03:44.884883+00:00,True,296680,9,3,2002,2,4.969237,5.068622,[192304 157696  21191],[<NA> <NA> <NA>],[<NA> <NA> <NA>],296680
296546,2020-09-28 22:44:55.708382+00:00,True,298.08542,90929406197281411,864691136524297617,73888,2024-12-18 19:03:44.898105+00:00,True,296546,9,3,2031,2,2.906271,7.556817,[190032 157648  20811],[<NA> <NA> <NA>],[<NA> <NA> <NA>],296546
296386,2020-09-28 22:41:42.917749+00:00,True,284.70395,90014131419471437,864691136108378073,73889,2024-12-18 19:03:44.898650+00:00,True,296386,9,3,2032,2,13.348278,2.016415,[183824 154256  20271],[<NA> <NA> <NA>],[<NA> <NA> <NA>],296386
296615,2020-09-28 22:44:52.111935+00:00,True,292.16586,90014131553636285,864691134919403530,73890,2024-12-18 19:03:44.899198+00:00,True,296615,9,3,2033,2,12.586,-3.50997,[183600 154128  21236],[<NA> <NA> <NA>],[<NA> <NA> <NA>],296615
296783,2020-09-28 22:41:01.141030+00:00,True,293.16318,90858694057131474,864691135996177834,73891,2024-12-18 19:03:44.899736+00:00,True,296783,9,3,2034,2,10.44208,1.4017011,[189792 155248  22407],[<NA> <NA> <NA>],[<NA> <NA> <NA>],296783
296761,2020-09-28 22:44:15.531111+00:00,True,234.56071,90436206713993499,864691135939049988,73892,2024-12-18 19:03:44.900284+00:00,True,296761,9,3,2035,2,11.817243,0.19730616,[186720 153056  22293],[<NA> <NA> <NA>],[<NA> <NA> <NA>],296761
296779,2020-09-28 22:44:34.290250+00:00,True,263.45963,90718300099050675,864691135280682401,73893,2024-12-18 19:03:44.901013+00:00,True,296779,9,3,2036,2,6.661377,9.781773,[188592 157600  21926],[<NA> <NA> <NA>],[<NA> <NA> <NA>],296779
296503,2020-09-28 22:43:31.786587+00:00,True,322.36078,89803300132195636,864691135750958889,73911,2024-12-18 19:03:44.911008+00:00,True,296503,9,3,2058,2,10.3052,5.0542,[181856 156096  20986],[<NA> <NA> <NA>],[<NA> <NA> <NA>],296503
260651,2020-09-28 22:41:16.528490+00:00,True,323.83893,89521962661190141,864691135751110185,73912,2024-12-18 19:03:44.911529+00:00,True,260651,9,3,2059,2,1.5896249,10.453575,[180016 157312  21177],[<NA> <NA> <NA>],[<NA> <NA> <NA>],260651
296602,2020-09-28 22:44:13.902897+00:00,True,231.86128,89662494058008468,864691136034181307,73913,2024-12-18 19:03:44.912069+00:00,True,296602,9,3,2060,2,6.9097586,5.1483507,[180832 155424  21522],[<NA> <NA> <NA>],[<NA> <NA> <NA>],296602
296724,2020-09-28 22:44:04.816395+00:00,True,214.64137,89521687917427817,864691135347733151,73914,2024-12-18 19:03:44.912597+00:00,True,296724,9,3,2061,2,7.712708,3.9533362,[180144 154848  22152],[<NA> <NA> <NA>],[<NA> <NA> <NA>],296724
260742,2020-09-28 22:40:51.674113+00:00,True,224.40886,89240762696564988,864691136006519498,73915,2024-12-18 19:03:44.913154+00:00,True,260742,9,3,2062,2,8.45953,5.314703,[178096 158944  22197],[<NA> <NA> <NA>],[<NA> <NA> <NA>],260742
260855,2020-09-28 22:40:57.339909+00:00,True,253.88908,89521756703842154,864691134949081852,73916,2024-12-18 19:03:44.913684+00:00,True,260855,9,3,2063,2,2.425183,6.3978047,[180064 155744  22537],[<NA> <NA> <NA>],[<NA> <NA> <NA>],260855
260842,2020-09-28 22:44:06.310495+00:00,True,216.47491,89240144288331867,864691135465113157,73918,2024-12-18 19:03:44.914764+00:00,True,260842,9,3,2065,2,5.4252157,3.760677,[178016 154816  22629],[<NA> <NA> <NA>],[<NA> <NA> <NA>],260842
260263,2020-09-28 22:40:42.746658+00:00,True,274.3242,88044356338331571,864691135694415551,73933,2024-12-18 19:03:44.923142+00:00,True,260263,9,3,2087,2,5.4826484,3.0378869,[169440 158128  20266],[<NA> <NA> <NA>],[<NA> <NA> <NA>],260263
260617,2020-09-28 22:41:24.496258+00:00,True,243.63057,88396475071099877,864691136275894285,73936,2024-12-18 19:03:44.924755+00:00,True,260617,9,3,2090,2,6.7299633,13.099737,[171728 159968  21088],[<NA> <NA> <NA>],[<NA> <NA> <NA>],260617
260689,2020-09-28 22:41:56.196256+00:00,True,239.80933,87973850423757514,864691136975624220,73937,2024-12-18 19:03:44.925293+00:00,True,260689,9,3,2091,2,3.3738785,7.9671316,[168752 157248  22441],[<NA> <NA> <NA>],[<NA> <NA> <NA>],260689
260621,2020-09-28 22:41:51.539305+00:00,True,249.56404,88818275286496247,864691135782506832,74061,2024-12-18 19:03:47.041631+00:00,True,260621,9,3,2243,2,2.9063861,6.024813,[174976 156880  21677],[<NA> <NA> <NA>],[<NA> <NA> <NA>],260621
296687,2020-09-28 22:41:24.499033+00:00,True,280.61304,91281112613403048,864691135277501669,74121,2024-12-18 19:03:47.075539+00:00,True,296687,9,3,2307,2,3.316813,11.219586,[192880 156384  21831],[<NA> <NA> <NA>],[<NA> <NA> <NA>],296687
260817,2020-09-28 22:43:58.227026+00:00,True,195.36397,88607100468587301,864691136118337956,74147,2024-12-18 19:03:47.090140+00:00,True,260817,9,3,2341,2,2.82432,12.16148,[173104 156464  22608],[<NA> <NA> <NA>],[<NA> <NA> <NA>],260817
296513,2020-09-28 22:40:57.174169+00:00,True,293.75644,90084706389313776,864691135725842603,74153,2024-12-18 19:03:47.093429+00:00,True,296513,9,3,2347,2,7.643151,5.459376,[184160 155568  20856],[<NA> <NA> <NA>],[<NA> <NA> <NA>],296513
296619,2020-09-28 22:44:43.617497+00:00,True,276.68643,90084637737006373,864691135741963627,74259,2024-12-18 19:03:47.153407+00:00,True,296619,9,3,2462,2,7.3657165,8.023154,[184288 155056  21455],[<NA> <NA> <NA>],[<NA> <NA> <NA>],296619
296741,2020-09-28 22:44:04.745710+00:00,True,214.23112,90014269059801118,864691136523081105,74278,2024-12-18 19:03:47.164090+00:00,True,296741,9,3,2484,2,6.9786468,10.44158,[183520 154880  21847],[<NA> <NA> <NA>],[<NA> <NA> <NA>],296741
296734,2020-09-28 22:41:28.645395+00:00,True,258.0893,89803162961130659,864691135760106830,74292,2024-12-18 19:03:47.171644+00:00,True,296734,9,3,2500,2,4.5090275,4.4898534,[181920 154880  22579],[<NA> <NA> <NA>],[<NA> <NA> <NA>],296734
296533,2020-09-28 22:42:30.084993+00:00,True,278.92612,90577699915274813,864691136274488254,74298,2024-12-18 19:03:47.175072+00:00,True,296533,9,3,2506,2,8.90502,0.48803,[187456 158496  20752],[<NA> <NA> <NA>],[<NA> <NA> <NA>],296533
260303,2020-09-28 22:41:06.714455+00:00,True,310.56937,88396406217513570,864691134966714655,74309,2024-12-18 19:03:47.181132+00:00,True,260303,9,3,2518,2,2.5006588,9.955921,[171760 159584  20144],[<NA> <NA> <NA>],[<NA> <NA> <NA>],260303
260556,2020-09-28 22:41:26.340522+00:00,True,234.13211,89310787642426168,864691135990701056,74329,2024-12-18 19:03:47.192150+00:00,True,260556,9,3,2541,2,4.977001,0.12247604,[178416 156640  20968],[<NA> <NA> <NA>],[<NA> <NA> <NA>],260556
260612,2020-09-28 22:44:20.768554+00:00,True,242.72813,88396131540864276,864691135659566210,74339,2024-12-18 19:03:47.197725+00:00,True,260612,9,3,2554,2,2.1169162,6.022041,[171952 157568  21637],[<NA> <NA> <NA>],[<NA> <NA> <NA>],260612
260729,2020-09-28 22:43:27.899825+00:00,True,255.80847,89029175428032517,864691135611019015,74370,2024-12-18 19:03:47.215245+00:00,True,260729,9,3,2586,2,4.5497775,4.121052,[176544 155584  22495],[<NA> <NA> <NA>],[<NA> <NA> <NA>],260729
260632,2020-09-28 22:44:09.731013+00:00,True,223.09781,89099681543539838,864691136012739747,74382,2024-12-18 19:03:47.221772+00:00,True,260632,9,3,2599,2,3.4139743,7.137988,[176864 156672  21511],[<NA> <NA> <NA>],[<NA> <NA> <NA>],260632
260533,2020-09-28 22:42:33.676101+00:00,True,230.31808,88748181285875568,864691136177799686,74478,2024-12-18 19:03:47.275040+00:00,True,260533,9,3,2709,2,4.167731,5.0256586,[174272 159248  20540],[<NA> <NA> <NA>],[<NA> <NA> <NA>],260533
296550,2020-09-28 22:44:59.308405+00:00,True,304.6143,91069800088142351,864691135757040082,74598,2024-12-18 19:03:47.343693+00:00,True,296550,9,3,2848,2,10.347916,0.57141995,[191136 154912  20725],[<NA> <NA> <NA>],[<NA> <NA> <NA>],296550
296419,2020-09-28 22:43:41.636040+00:00,True,289.59866,90859106105350713,864691136118921124,75052,2024-12-18 19:03:49.501641+00:00,True,296419,9,3,4857,4,9.360566,4.86633,[189840 157952  20196],[<NA> <NA> <NA>],[<NA> <NA> <NA>],296419
296680,2020-09-28 22:44:36.567745+00:00,True,267.39966,91210881240956787,864691136239902780,75054,2024-12-18 19:03:49.502916+00:00,True,296680,9,3,4859,4,5.148887,4.647026,[192304 157696  21191],[<NA> <NA> <NA>],[<NA> <NA> <NA>],296680
296508,2020-09-28 22:40:52.915390+00:00,True,301.57816,89803781168041578,864691135294520844,75079,2024-12-18 19:03:49.516798+00:00,True,296508,9,3,4890,4,1.3691283,10.019374,[182160 159936  20563],[<NA> <NA> <NA>],[<NA> <NA> <NA>],296508
298805,2020-09-28 22:44:02.479936+00:00,True,208.91386,90437237237879675,864691136927801674,75080,2024-12-18 19:03:49.517343+00:00,True,298805,9,3,4891,4,3.6926382,4.003283,[186640 160640  20393],[<NA> <NA> <NA>],[<NA> <NA> <NA>],298805
298809,2020-09-28 22:43:00.523861+00:00,True,271.2414,90578112232378099,864691135504168285,75081,2024-12-18 19:03:49.517872+00:00,True,298809,9,3,4892,4,13.603928,-0.9523186,[187728 161520  20934],[<NA> <NA> <NA>],[<NA> <NA> <NA>],298809
296546,2020-09-28 22:44:55.708382+00:00,True,298.08542,90929406197281411,864691136524297617,75082,2024-12-18 19:03:49.518407+00:00,True,296546,9,3,4893,4,7.302874,4.83596,[190032 157648  20811],[<NA> <NA> <NA>],[<NA> <NA> <NA>],296546
296784,2020-09-28 22:43:02.136967+00:00,True,236.5078,90929406398758623,864691135101521952,75083,2024-12-18 19:03:49.519078+00:00,True,296784,9,3,4894,4,2.2389429,5.6978693,[190064 157424  22482],[<NA> <NA> <NA>],[<NA> <NA> <NA>],296784
296783,2020-09-28 22:41:01.141030+00:00,True,293.16318,90858694057131474,864691135996177834,75084,2024-12-18 19:03:49.519607+00:00,True,296783,9,3,4895,4,15.1913,-4.1017,[189792 155248  22407],[<NA> <NA> <NA>],[<NA> <NA> <NA>],296783
262691,2020-09-28 22:44:41.810306+00:00,True,274.25717,88748524883246710,864691135562004193,75099,2024-12-18 19:03:49.527841+00:00,True,262691,9,3,4914,4,3.6634016,3.5277996,[174400 161696  20530],[<NA> <NA> <NA>],[<NA> <NA> <NA>],262691
262699,2020-09-28 22:44:36.692791+00:00,True,267.73013,89030205951658890,864691135990004992,75100,2024-12-18 19:03:49.528392+00:00,True,262699,9,3,4915,4,9.46317,1.74953,[176336 163104  20330],[<NA> <NA> <NA>],[<NA> <NA> <NA>],262699
260552,2020-09-28 22:40:42.745779+00:00,True,230.1118,89170256379033022,864691135778954848,75101,2024-12-18 19:03:49.528923+00:00,True,260552,9,3,4916,4,14.29221,-0.4277977,[177408 157968  21002],[<NA> <NA> <NA>],[<NA> <NA> <NA>],260552
260648,2020-09-28 22:41:51.927066+00:00,True,235.5418,89451868861833821,864691135765013302,75102,2024-12-18 19:03:49.529466+00:00,True,260648,9,3,4917,4,2.5065875,13.465161,[179264 159232  21546],[<NA> <NA> <NA>],[<NA> <NA> <NA>],260648
262810,2020-09-28 22:44:38.047040+00:00,True,268.6491,88818893694743933,864691136239980604,75103,2024-12-18 19:03:49.530013+00:00,True,262810,9,3,4918,4,7.1543517,2.1072168,[174816 161936  21221],[<NA> <NA> <NA>],[<NA> <NA> <NA>],262810
260742,2020-09-28 22:40:51.674113+00:00,True,224.40886,89240762696564988,864691136006519498,75104,2024-12-18 19:03:49.530548+00:00,True,260742,9,3,4919,4,1.8026289,7.2351637,[178096 158944  22197],[<NA> <NA> <NA>],[<NA> <NA> <NA>],260742
296731,2020-09-28 22:42:39.591513+00:00,True,234.08968,89803712649970203,864691135466236229,75105,2024-12-18 19:03:49.531110+00:00,True,296731,9,3,4920,4,4.6944103,5.9515853,[181840 159280  22182],[<NA> <NA> <NA>],[<NA> <NA> <NA>],296731
260855,2020-09-28 22:40:57.339909+00:00,True,253.88908,89521756703842154,864691134949081852,75107,2024-12-18 19:03:49.532197+00:00,True,260855,9,3,4922,4,11.191846,1.5027983,[180064 155744  22537],[<NA> <NA> <NA>],[<NA> <NA> <NA>],260855
262654,2020-09-28 22:44:07.649412+00:00,True,220.43803,88255943607399568,864691135474504498,75128,2024-12-18 19:03:49.544169+00:00,True,262654,9,3,4946,4,2.5762122,8.164671,[170560 161920  20443],[<NA> <NA> <NA>],[<NA> <NA> <NA>],262654
260617,2020-09-28 22:41:24.496258+00:00,True,243.63057,88396475071099877,864691136275894285,75130,2024-12-18 19:03:49.545278+00:00,True,260617,9,3,4948,4,3.6459072,12.52652,[171728 159968  21088],[<NA> <NA> <NA>],[<NA> <NA> <NA>],260617
262893,2020-09-28 22:44:38.518011+00:00,True,269.9962,88396475205406121,864691135124603687,75131,2024-12-18 19:03:49.545821+00:00,True,262893,9,3,4949,4,1.8173677,6.797354,[172032 160176  22201],[<NA> <NA> <NA>],[<NA> <NA> <NA>],262893
296750,2020-09-28 22:41:14.919686+00:00,True,194.14565,90225856462565231,864691135480916422,75259,2024-12-18 19:03:49.617939+00:00,True,296750,9,3,5104,4,3.0900934,11.47638,[185056 158720  22583],[<NA> <NA> <NA>],[<NA> <NA> <NA>],296750
260625,2020-09-28 22:41:24.276910+00:00,True,252.38635,88888987628025797,864691136043283030,75263,2024-12-18 19:03:49.620322+00:00,True,260625,9,3,5108,4,1.5810369,9.047301,[175328 159648  21658],[<NA> <NA> <NA>],[<NA> <NA> <NA>],260625
296687,2020-09-28 22:41:24.499033+00:00,True,280.61304,91281112613403048,864691135277501669,75328,2024-12-18 19:03:49.656797+00:00,True,296687,9,3,5180,4,7.4404,3.9694,[192880 156384  21831],[<NA> <NA> <NA>],[<NA> <NA> <NA>],296687
260628,2020-09-28 22:41:05.271943+00:00,True,288.27762,88889056280708012,864691135375888840,75430,2024-12-18 19:03:49.714370+00:00,True,260628,9,3,5297,4,2.2012,6.8527355,[175328 160160  21416],[<NA> <NA> <NA>],[<NA> <NA> <NA>],260628
296779,2020-09-28 22:44:34.290250+00:00,True,263.45963,90718300099050675,864691135280682401,75461,2024-12-18 19:03:49.731845+00:00,True,296779,9,3,5332,4,4.21846,9.698012,[188592 157600  21926],[<NA> <NA> <NA>],[<NA> <NA> <NA>],296779
262698,2020-09-28 22:42:39.555705+00:00,True,262.65976,89029862421466994,864691135294441654,75465,2024-12-18 19:03:49.734060+00:00,True,262698,9,3,5337,4,2.2381017,9.373063,[176432 160720  20930],[<NA> <NA> <NA>],[<NA> <NA> <NA>],262698
262885,2020-09-28 22:44:13.366459+00:00,True,229.54147,88115000161884759,864691135389195393,75522,2024-12-18 19:03:49.766632+00:00,True,262885,9,3,5402,4,2.112054,5.9521832,[170016 160336  21960],[<NA> <NA> <NA>],[<NA> <NA> <NA>],262885
296533,2020-09-28 22:42:30.084993+00:00,True,278.92612,90577699915274813,864691136274488254,75530,2024-12-18 19:03:49.770972+00:00,True,296533,9,3,5411,4,6.4996166,3.0400386,[187456 158496  20752],[<NA> <NA> <NA>],[<NA> <NA> <NA>],296533
260303,2020-09-28 22:41:06.714455+00:00,True,310.56937,88396406217513570,864691134966714655,75543,2024-12-18 19:03:49.778204+00:00,True,260303,9,3,5427,4,8.076519,7.5913277,[171760 159584  20144],[<NA> <NA> <NA>],[<NA> <NA> <NA>],260303
298919,2020-09-28 22:44:30.362810+00:00,True,257.3438,90296568669974050,864691135725748139,75615,2024-12-18 19:03:49.818368+00:00,True,298919,9,3,5508,4,8.735627,6.247632,[185520 161008  21625],[<NA> <NA> <NA>],[<NA> <NA> <NA>],298919
299060,2020-09-28 22:44:40.096538+00:00,True,271.8779,90366868694989123,864691135357351375,75756,2024-12-18 19:03:49.896944+00:00,True,299060,9,3,5667,4,7.3436522,5.1847596,[186160 160464  21885],[<NA> <NA> <NA>],[<NA> <NA> <NA>],299060
298714,2020-09-28 22:41:10.512017+00:00,True,240.71832,91282211923783175,864691135728030015,76277,2024-12-18 19:03:52.098920+00:00,True,298714,9,3,7757,6,11.336357,6.731537,[192576 164976  20306],[<NA> <NA> <NA>],[<NA> <NA> <NA>],298714
298806,2020-09-28 22:45:09.829585+00:00,True,329.91345,90507674768271850,864691135136735001,76304,2024-12-18 19:03:52.113523+00:00,True,298806,9,3,7791,6,7.389601,0.932723,[187136 161232  20563],[<NA> <NA> <NA>],[<NA> <NA> <NA>],298806
298950,2020-09-28 22:44:19.475632+00:00,True,241.50508,91000462203198157,864691136211371452,76305,2024-12-18 19:03:52.114056+00:00,True,298950,9,3,7792,6,4.2280226,3.912017,[190976 162720  21212],[<NA> <NA> <NA>],[<NA> <NA> <NA>],298950
299068,2020-09-28 22:44:15.793697+00:00,True,235.6165,90507881127926748,864691136058745048,76306,2024-12-18 19:03:52.114615+00:00,True,299068,9,3,7793,6,9.209909,4.8176255,[187280 162544  22042],[<NA> <NA> <NA>],[<NA> <NA> <NA>],299068
299056,2020-09-28 22:41:32.054405+00:00,True,244.99864,90296774962545596,864691136101341045,76307,2024-12-18 19:03:52.115167+00:00,True,299056,9,3,7794,6,12.659711,1.4962181,[185696 162976  22576],[<NA> <NA> <NA>],[<NA> <NA> <NA>],299056
262699,2020-09-28 22:44:36.692791+00:00,True,267.73013,89030205951658890,864691135990004992,76320,2024-12-18 19:03:52.122343+00:00,True,262699,9,3,7811,6,2.5031633,6.4276714,[176336 163104  20330],[<NA> <NA> <NA>],[<NA> <NA> <NA>],262699
262547,2020-09-28 22:42:15.428320+00:00,True,303.4659,89030274670913953,864691135102433056,76321,2024-12-18 19:03:52.122872+00:00,True,262547,9,3,7812,6,1.9037652,7.627909,[176480 163584  20145],[<NA> <NA> <NA>],[<NA> <NA> <NA>],262547
262686,2020-09-28 22:44:02.393071+00:00,True,208.28308,88608199645116764,864691135165079085,76322,2024-12-18 19:03:52.123410+00:00,True,262686,9,3,7813,6,6.3668213,2.206085,[173344 165056  20390],[<NA> <NA> <NA>],[<NA> <NA> <NA>],262686
262698,2020-09-28 22:42:39.555705+00:00,True,262.65976,89029862421466994,864691135294441654,76323,2024-12-18 19:03:52.123932+00:00,True,262698,9,3,7814,6,9.9511,2.1375,[176432 160720  20930],[<NA> <NA> <NA>],[<NA> <NA> <NA>],262698
298863,2020-09-28 22:45:05.995994+00:00,True,318.85657,89663731008586818,864691136052688115,76324,2024-12-18 19:03:52.124466+00:00,True,298863,9,3,7815,6,11.257718,1.5482006,[180912 164960  21521],[<NA> <NA> <NA>],[<NA> <NA> <NA>],298863
262815,2020-09-28 22:44:43.949145+00:00,True,277.71454,89030206085817235,864691135060869787,76325,2024-12-18 19:03:52.125010+00:00,True,262815,9,3,7816,6,1.5755221,6.606587,[176352 163120  21342],[<NA> <NA> <NA>],[<NA> <NA> <NA>],262815
262959,2020-09-28 22:43:29.977243+00:00,True,236.11064,89381706343249088,864691135274860561,76326,2024-12-18 19:03:52.125577+00:00,True,262959,9,3,7817,6,10.42214,2.1303873,[179056 160704  22098],[<NA> <NA> <NA>],[<NA> <NA> <NA>],262959
263078,2020-09-28 22:41:20.755200+00:00,True,241.89928,89311681263608674,864691135305643175,76328,2024-12-18 19:03:52.126663+00:00,True,263078,9,3,7819,6,8.875329,-0.9784743,[178224 163456  22632],[<NA> <NA> <NA>],[<NA> <NA> <NA>],263078
262654,2020-09-28 22:44:07.649412+00:00,True,220.43803,88255943607399568,864691135474504498,76344,2024-12-18 19:03:52.135462+00:00,True,262654,9,3,7840,6,9.245046,2.7045581,[170560 161920  20443],[<NA> <NA> <NA>],[<NA> <NA> <NA>],262654
262655,2020-09-28 22:45:05.760338+00:00,True,318.1029,88256012393674444,864691135886300016,76345,2024-12-18 19:03:52.136151+00:00,True,262655,9,3,7841,6,6.8807197,4.8357034,[170784 162192  20696],[<NA> <NA> <NA>],[<NA> <NA> <NA>],262655
262863,2020-09-28 22:43:56.330048+00:00,True,185.78687,87904306312961552,864691135448256146,76349,2024-12-18 19:03:52.138346+00:00,True,262863,9,3,7845,6,1.1417419,7.218615,[168144 163072  22156],[<NA> <NA> <NA>],[<NA> <NA> <NA>],262863
262886,2020-09-28 22:44:02.308582+00:00,True,207.70471,88256218753380966,864691135886314096,76350,2024-12-18 19:03:52.138881+00:00,True,262886,9,3,7846,6,6.4473095,2.294446,[170848 163648  22182],[<NA> <NA> <NA>],[<NA> <NA> <NA>],262886
262892,2020-09-28 22:44:38.457538+00:00,True,269.8258,88326587430689074,864691136011768494,76351,2024-12-18 19:03:52.139471+00:00,True,262892,9,3,7847,6,5.3285537,4.1193967,[171264 163856  21889],[<NA> <NA> <NA>],[<NA> <NA> <NA>],262892
296750,2020-09-28 22:41:14.919686+00:00,True,194.14565,90225856462565231,864691135480916422,76496,2024-12-18 19:03:52.219864+00:00,True,296750,9,3,8014,6,8.325663,1.1013087,[185056 158720  22583],[<NA> <NA> <NA>],[<NA> <NA> <NA>],296750
260625,2020-09-28 22:41:24.276910+00:00,True,252.38635,88888987628025797,864691136043283030,76577,2024-12-18 19:03:52.264281+00:00,True,260625,9,3,8110,6,11.181988,0.5264541,[175328 159648  21658],[<NA> <NA> <NA>],[<NA> <NA> <NA>],260625
298916,2020-09-28 22:41:42.194582+00:00,True,233.41335,90155899901322754,864691135577816862,76598,2024-12-18 19:03:52.275636+00:00,True,298916,9,3,8134,6,1.3061123,6.852374,[184608 161808  21806],[<NA> <NA> <NA>],[<NA> <NA> <NA>],298916
299060,2020-09-28 22:44:40.096538+00:00,True,271.8779,90366868694989123,864691135357351375,76692,2024-12-18 19:03:52.328723+00:00,True,299060,9,3,8239,6,5.3382635,3.7464368,[186160 160464  21885],[<NA> <NA> <NA>],[<NA> <NA> <NA>],299060
298789,2020-09-28 22:44:19.169432+00:00,True,240.61412,89945205851390943,864691136229363025,76714,2024-12-18 19:03:52.340691+00:00,True,298789,9,3,8262,6,9.662964,5.834472,[182928 164912  20727],[<NA> <NA> <NA>],[<NA> <NA> <NA>],298789
298919,2020-09-28 22:44:30.362810+00:00,True,257.3438,90296568669974050,864691135725748139,76738,2024-12-18 19:03:52.354118+00:00,True,298919,9,3,8289,6,2.831379,6.345242,[185520 161008  21625],[<NA> <NA> <NA>],[<NA> <NA> <NA>],298919
298809,2020-09-28 22:43:00.523861+00:00,True,271.2414,90578112232378099,864691135504168285,76777,2024-12-18 19:03:52.376895+00:00,True,298809,9,3,8333,6,3.8345456,10.200425,[187728 161520  20934],[<NA> <NA> <NA>],[<NA> <NA> <NA>],298809
298895,2020-09-28 22:44:28.543951+00:00,True,254.7817,89945068479458956,864691135274860817,76784,2024-12-18 19:03:52.381016+00:00,True,298895,9,3,8340,6,5.118718,6.819806,[183280 163568  21184],[<NA> <NA> <NA>],[<NA> <NA> <NA>],298895
262800,2020-09-28 22:41:46.647281+00:00,True,287.28442,88537556224215968,864691135941300993,76792,2024-12-18 19:03:52.385432+00:00,True,262800,9,3,8351,6,1.7351636,7.109879,[172736 162864  21811],[<NA> <NA> <NA>],[<NA> <NA> <NA>],262800
262810,2020-09-28 22:44:38.047040+00:00,True,268.6491,88818893694743933,864691136239980604,76841,2024-12-18 19:03:52.416240+00:00,True,262810,9,3,8403,6,4.5170665,2.3390052,[174816 161936  21221],[<NA> <NA> <NA>],[<NA> <NA> <NA>],262810
296800,2020-09-28 22:40:53.208664+00:00,True,271.26398,91140581417423431,864691136905758130,77022,2024-12-18 19:03:54.537200+00:00,True,296800,9,3,8627,6,9.78922,3.04928,[191728 157904  22608],[<NA> <NA> <NA>],[<NA> <NA> <NA>],296800
262691,2020-09-28 22:44:41.810306+00:00,True,274.25717,88748524883246710,864691135562004193,77026,2024-12-18 19:03:54.539364+00:00,True,262691,9,3,8632,6,8.207698,0.6196589,[174400 161696  20530],[<NA> <NA> <NA>],[<NA> <NA> <NA>],262691
292656,2020-09-28 22:44:57.587518+00:00,True,301.37354,90361508441504986,864691136914445809,77469,2024-12-18 19:03:54.787647+00:00,True,292656,9,4,1915,2,6.483002,-2.2617974,[186000 120640  20761],[<NA> <NA> <NA>],[<NA> <NA> <NA>],292656
292659,2020-09-28 22:44:59.049946+00:00,True,303.5285,90361371002373602,864691135866947804,77470,2024-12-18 19:03:54.788240+00:00,True,292659,9,4,1916,2,9.267538,5.2258096,[186384 119648  20631],[<NA> <NA> <NA>],[<NA> <NA> <NA>],292659
292725,2020-09-28 22:44:50.031866+00:00,True,288.27008,90220358770161165,864691135272003237,77471,2024-12-18 19:03:54.788815+00:00,True,292725,9,4,1917,2,4.0877004,6.0807476,[185200 117744  21532],[<NA> <NA> <NA>],[<NA> <NA> <NA>],292725
292842,2020-09-28 22:45:03.386738+00:00,True,314.40503,90290727514762113,864691135405626862,77472,2024-12-18 19:03:54.789370+00:00,True,292842,9,4,1918,2,2.3485258,6.9050636,[185552 117744  21870],[<NA> <NA> <NA>],[<NA> <NA> <NA>],292842
292743,2020-09-28 22:45:11.826960+00:00,True,336.55505,90713214790649100,864691135801267554,77473,2024-12-18 19:03:54.789930+00:00,True,292743,9,4,1919,2,5.307158,3.6526108,[188944 119984  21398],[<NA> <NA> <NA>],[<NA> <NA> <NA>],292743
292945,2020-09-28 22:45:00.964419+00:00,True,307.65155,90290452770764125,864691135970226021,77475,2024-12-18 19:03:54.791023+00:00,True,292945,9,4,1921,2,8.88128,-2.23843,[185888 115520  22631],[<NA> <NA> <NA>],[<NA> <NA> <NA>],292945
256466,2020-09-28 22:43:39.368485+00:00,True,288.17947,89376208517215013,864691135464928318,77494,2024-12-18 19:03:54.803311+00:00,True,256466,9,4,1948,2,6.1630135,7.1461296,[179104 119680  20476],[<NA> <NA> <NA>],[<NA> <NA> <NA>],256466
256468,2020-09-28 22:43:35.864168+00:00,True,254.78693,89376208584040586,864691135817949519,77495,2024-12-18 19:03:54.803859+00:00,True,256468,9,4,1949,2,7.97307,1.55321,[179088 119536  20781],[<NA> <NA> <NA>],[<NA> <NA> <NA>],256468
256444,2020-09-28 22:45:19.683176+00:00,True,376.70126,88602564714895205,864691135774179147,77496,2024-12-18 19:03:54.804409+00:00,True,256444,9,4,1950,2,6.34601,5.95949,[173600 122832  20719],[<NA> <NA> <NA>],[<NA> <NA> <NA>],256444
256550,2020-09-28 22:42:25.921109+00:00,True,391.63165,89305839907142592,864691135060651419,77497,2024-12-18 19:03:54.804941+00:00,True,256550,9,4,1951,2,2.300507,4.0371523,[178448 119968  21422],[<NA> <NA> <NA>],[<NA> <NA> <NA>],256550
256561,2020-09-28 22:40:55.168516+00:00,True,285.9742,89516946139530726,864691136674080135,77498,2024-12-18 19:03:54.805495+00:00,True,256561,9,4,1952,2,6.8048573,4.622922,[180112 119520  21294],[<NA> <NA> <NA>],[<NA> <NA> <NA>],256561
292719,2020-09-28 22:44:29.145001+00:00,True,256.62717,90150471062313845,864691136108410329,77499,2024-12-18 19:03:54.806050+00:00,True,292719,9,4,1953,2,13.012969,-1.1476552,[184464 121424  21520],[<NA> <NA> <NA>],[<NA> <NA> <NA>],292719
256657,2020-09-28 22:41:59.869649+00:00,True,212.27159,89305771321490796,864691136145574196,77500,2024-12-18 19:03:54.806587+00:00,True,256657,9,4,1954,2,5.745562,5.3898354,[178560 119232  22114],[<NA> <NA> <NA>],[<NA> <NA> <NA>],256657
256664,2020-09-28 22:43:30.094255+00:00,True,298.07822,89376140065988251,864691135562975969,77502,2024-12-18 19:03:54.807695+00:00,True,256664,9,4,1956,2,5.9813914,4.128927,[178896 119456  22395],[<NA> <NA> <NA>],[<NA> <NA> <NA>],256664
256509,2020-09-28 22:45:19.316412+00:00,True,370.79907,87969314803969367,864691135304641703,77521,2024-12-18 19:03:54.818485+00:00,True,256509,9,4,1983,2,10.899634,2.367987,[168672 123472  21315],[<NA> <NA> <NA>],[<NA> <NA> <NA>],256509
256511,2020-09-28 22:42:35.112384+00:00,True,267.42422,88109708761918664,864691136195824204,77522,2024-12-18 19:03:54.819042+00:00,True,256511,9,4,1984,2,7.697514,2.2551897,[169536 120704  21696],[<NA> <NA> <NA>],[<NA> <NA> <NA>],256511
256597,2020-09-28 22:44:06.518224+00:00,True,217.22382,87969040060090183,864691135496381840,77523,2024-12-18 19:03:54.819577+00:00,True,256597,9,4,1985,2,10.0764,2.5397,[168576 121376  22182],[<NA> <NA> <NA>],[<NA> <NA> <NA>],256597
292676,2020-09-28 22:45:11.386711+00:00,True,333.4144,90924527114284237,864691135764583990,77813,2024-12-18 19:03:54.986502+00:00,True,292676,9,4,2311,2,6.5552063,5.230502,[190096 121488  20687],[<NA> <NA> <NA>],[<NA> <NA> <NA>],292676
292826,2020-09-28 22:44:40.366748+00:00,True,272.72742,89868446397156879,864691136814180211,77839,2024-12-18 19:03:55.001046+00:00,True,292826,9,4,2338,2,3.458646,4.919637,[182400 117248  22250],[<NA> <NA> <NA>],[<NA> <NA> <NA>],292826
256304,2020-09-28 22:41:24.100195+00:00,True,317.87598,88391183537481077,864691136111559352,77880,2024-12-18 19:03:55.024247+00:00,True,256304,9,4,2381,2,5.9227176,5.653424,[172032 120608  20309],[<NA> <NA> <NA>],[<NA> <NA> <NA>],256304
292837,2020-09-28 22:43:20.099015+00:00,True,250.39487,90149990093616639,864691135656578242,77891,2024-12-18 19:03:55.030568+00:00,True,292837,9,4,2392,2,4.9719024,3.8993802,[184672 117600  22514],[<NA> <NA> <NA>],[<NA> <NA> <NA>],292837
292747,2020-09-28 22:45:17.792811+00:00,True,363.36008,90994689767351820,864691136177629702,77903,2024-12-18 19:03:55.038837+00:00,True,292747,9,4,2406,2,5.3415494,7.04498,[190944 119728  21397],[<NA> <NA> <NA>],[<NA> <NA> <NA>],292747
256537,2020-09-28 22:45:05.332456+00:00,True,315.88205,88954271063892547,864691135566966807,77926,2024-12-18 19:03:55.052507+00:00,True,256537,9,4,2429,2,6.75121,1.76528,[175696 121744  21198],[<NA> <NA> <NA>],[<NA> <NA> <NA>],256537
256522,2020-09-28 22:45:17.504975+00:00,True,359.92667,88391252391222587,864691135717163802,77940,2024-12-18 19:03:55.060693+00:00,True,256522,9,4,2444,2,4.1747103,8.924825,[172016 121168  21400],[<NA> <NA> <NA>],[<NA> <NA> <NA>],256522
256620,2020-09-28 22:41:22.295630+00:00,True,292.8019,88742958807397049,864691136312150874,77991,2024-12-18 19:03:55.162778+00:00,True,256620,9,4,2501,2,5.836313,3.8279853,[174368 120240  22427],[<NA> <NA> <NA>],[<NA> <NA> <NA>],256620
292732,2020-09-28 22:43:51.879456+00:00,True,429.71677,90501971186083575,864691136118667428,78001,2024-12-18 19:03:57.048533+00:00,True,292732,9,4,2512,2,7.3067007,3.557778,[187280 118848  21755],[<NA> <NA> <NA>],[<NA> <NA> <NA>],292732
292727,2020-09-28 22:45:07.984426+00:00,True,324.2238,90361302349957438,864691136331249642,78014,2024-12-18 19:03:57.055832+00:00,True,292727,9,4,2526,2,2.4708927,10.166919,[186272 119424  21100],[<NA> <NA> <NA>],[<NA> <NA> <NA>],292727
292673,2020-09-28 22:45:13.489546+00:00,True,342.09595,90783514681151430,864691136813937267,78072,2024-12-18 19:03:57.087082+00:00,True,292673,9,4,2589,2,4.53299,6.362084,[189280 119376  20359],[<NA> <NA> <NA>],[<NA> <NA> <NA>],292673
292655,2020-09-28 22:45:02.948344+00:00,True,312.15042,90291620666751536,864691135343818161,78684,2024-12-18 19:03:57.428249+00:00,True,292655,9,4,4718,4,5.4777713,8.86674,[185872 124320  20463],[<NA> <NA> <NA>],[<NA> <NA> <NA>],292655
292682,2020-09-28 22:45:07.972448+00:00,True,324.14893,91135839505279120,864691135577617694,78685,2024-12-18 19:03:57.428777+00:00,True,292682,9,4,4719,4,5.135476,4.082395,[191648 122832  20723],[<NA> <NA> <NA>],[<NA> <NA> <NA>],292682
292720,2020-09-28 22:44:22.968480+00:00,True,246.62311,90150608434311499,864691135586240120,78686,2024-12-18 19:03:57.429315+00:00,True,292720,9,4,4720,4,10.160531,0.9237866,[184448 122160  21134],[<NA> <NA> <NA>],[<NA> <NA> <NA>],292720
292587,2020-09-28 22:42:52.912465+00:00,True,332.30618,90994827071958861,864691136904656818,78687,2024-12-18 19:03:57.429856+00:00,True,292587,9,4,4721,4,13.073942,-1.8425543,[190992 120752  20242],[<NA> <NA> <NA>],[<NA> <NA> <NA>],292587
292743,2020-09-28 22:45:11.826960+00:00,True,336.55505,90713214790649100,864691135801267554,78688,2024-12-18 19:03:57.430397+00:00,True,292743,9,4,4722,4,5.4338565,4.0362954,[188944 119984  21398],[<NA> <NA> <NA>],[<NA> <NA> <NA>],292743
292719,2020-09-28 22:44:29.145001+00:00,True,256.62717,90150471062313845,864691136108410329,78689,2024-12-18 19:03:57.430938+00:00,True,292719,9,4,4723,4,3.3101966,5.8071384,[184464 121424  21520],[<NA> <NA> <NA>],[<NA> <NA> <NA>],292719
292837,2020-09-28 22:43:20.099015+00:00,True,250.39487,90149990093616639,864691135656578242,78690,2024-12-18 19:03:57.431488+00:00,True,292837,9,4,4724,4,7.0863605,3.6824837,[184672 117600  22514],[<NA> <NA> <NA>],[<NA> <NA> <NA>],292837
292824,2020-09-28 22:44:55.653441+00:00,True,297.8847,89728052506249438,864691136275166398,78692,2024-12-18 19:03:57.433053+00:00,True,292824,9,4,4726,4,7.7670527,5.450652,[181328 119504  22321],[<NA> <NA> <NA>],[<NA> <NA> <NA>],292824
256331,2020-09-28 22:41:57.363732+00:00,True,390.15628,88743783172412796,864691135469753426,78715,2024-12-18 19:03:57.445472+00:00,True,256331,9,4,4755,4,8.830279,0.91329473,[174224 126496  20149],[<NA> <NA> <NA>],[<NA> <NA> <NA>],256331
256451,2020-09-28 22:44:52.091440+00:00,True,292.11343,88884245783044551,864691135271038885,78716,2024-12-18 19:03:57.446016+00:00,True,256451,9,4,4756,4,1.7263128,10.079576,[175344 124288  20315],[<NA> <NA> <NA>],[<NA> <NA> <NA>],256451
256465,2020-09-28 22:40:46.944041+00:00,True,371.07434,89376964498407119,864691134942472035,78717,2024-12-18 19:03:57.446558+00:00,True,256465,9,4,4757,4,8.3892,0.533489,[178896 125216  20864],[<NA> <NA> <NA>],[<NA> <NA> <NA>],256465
256444,2020-09-28 22:45:19.683176+00:00,True,376.70126,88602564714895205,864691135774179147,78718,2024-12-18 19:03:57.447099+00:00,True,256444,9,4,4758,4,5.0582175,6.423076,[173600 122832  20719],[<NA> <NA> <NA>],[<NA> <NA> <NA>],256444
256461,2020-09-28 22:45:00.853353+00:00,True,307.1045,89165583387831328,864691136138583677,78719,2024-12-18 19:03:57.447632+00:00,True,256461,9,4,4759,4,2.68376,8.68263,[177376 123408  20764],[<NA> <NA> <NA>],[<NA> <NA> <NA>],256461
256304,2020-09-28 22:41:24.100195+00:00,True,317.87598,88391183537481077,864691136111559352,78720,2024-12-18 19:03:57.448171+00:00,True,256304,9,4,4760,4,15.646405,-4.647671,[172032 120608  20309],[<NA> <NA> <NA>],[<NA> <NA> <NA>],256304
256550,2020-09-28 22:42:25.921109+00:00,True,391.63165,89305839907142592,864691135060651419,78721,2024-12-18 19:03:57.448699+00:00,True,256550,9,4,4761,4,8.982126,1.5531855,[178448 119968  21422],[<NA> <NA> <NA>],[<NA> <NA> <NA>],256550
292709,2020-09-28 22:44:53.428949+00:00,True,293.3678,89728464688927877,864691135361314119,78722,2024-12-18 19:03:57.449426+00:00,True,292709,9,4,4762,4,6.3700714,3.9539127,[181440 122864  21327],[<NA> <NA> <NA>],[<NA> <NA> <NA>],292709
292708,2020-09-28 22:44:41.913076+00:00,True,274.53717,89658164731009154,864691135993150913,78723,2024-12-18 19:03:57.449961+00:00,True,292708,9,4,4763,4,5.7962976,4.204242,[181136 123120  21543],[<NA> <NA> <NA>],[<NA> <NA> <NA>],292708
256664,2020-09-28 22:43:30.094255+00:00,True,298.07822,89376140065988251,864691135562975969,78725,2024-12-18 19:03:57.451067+00:00,True,256664,9,4,4765,4,5.9873724,5.548731,[178896 119456  22395],[<NA> <NA> <NA>],[<NA> <NA> <NA>],256664
256509,2020-09-28 22:45:19.316412+00:00,True,370.79907,87969314803969367,864691135304641703,78744,2024-12-18 19:03:57.461399+00:00,True,256509,9,4,4790,4,4.800612,5.3492684,[168672 123472  21315],[<NA> <NA> <NA>],[<NA> <NA> <NA>],256509
256521,2020-09-28 22:40:52.918412+00:00,True,342.82275,88391389896949075,864691135398805281,78745,2024-12-18 19:03:57.461928+00:00,True,256521,9,4,4791,4,2.8033864,10.084037,[172000 122128  21628],[<NA> <NA> <NA>],[<NA> <NA> <NA>],256521
292881,2020-09-28 22:45:11.493129+00:00,True,334.05533,91065264737038206,864691135861093992,78926,2024-12-18 19:03:57.561844+00:00,True,292881,9,4,4987,4,6.0102816,3.8242908,[191312 121536  21896],[<NA> <NA> <NA>],[<NA> <NA> <NA>],292881
256620,2020-09-28 22:41:22.295630+00:00,True,292.8019,88742958807397049,864691136312150874,79060,2024-12-18 19:03:59.683757+00:00,True,256620,9,4,5132,4,4.846531,6.5931797,[174368 120240  22427],[<NA> <NA> <NA>],[<NA> <NA> <NA>],256620
292822,2020-09-28 22:44:41.633888+00:00,True,273.76337,89587589895595217,864691135447994514,79069,2024-12-18 19:03:59.688786+00:00,True,292822,9,4,5141,4,3.7037046,6.6843476,[180768 121968  22131],[<NA> <NA> <NA>],[<NA> <NA> <NA>],292822
292747,2020-09-28 22:45:17.792811+00:00,True,363.36008,90994689767351820,864691136177629702,79104,2024-12-18 19:03:59.708107+00:00,True,292747,9,4,5178,4,6.5594506,6.119514,[190944 119728  21397],[<NA> <NA> <NA>],[<NA> <NA> <NA>],292747
292713,2020-09-28 22:43:04.595636+00:00,True,320.97418,89869202244320518,864691136034011579,79144,2024-12-18 19:03:59.730139+00:00,True,292713,9,4,5224,4,5.483872,6.051294,[182592 122624  21768],[<NA> <NA> <NA>],[<NA> <NA> <NA>],292713
292740,2020-09-28 22:41:25.978644+00:00,True,370.06885,90572683527737052,864691136421279639,79155,2024-12-18 19:03:59.736110+00:00,True,292740,9,4,5235,4,3.726558,3.3723998,[187824 121040  21834],[<NA> <NA> <NA>],[<NA> <NA> <NA>],292740
256522,2020-09-28 22:45:17.504975+00:00,True,359.92667,88391252391222587,864691135717163802,79179,2024-12-18 19:03:59.749314+00:00,True,256522,9,4,5262,4,6.888485,1.4815552,[172016 121168  21400],[<NA> <NA> <NA>],[<NA> <NA> <NA>],256522
256437,2020-09-28 22:45:13.591781+00:00,True,342.90894,88321295896427784,864691136604001745,79193,2024-12-18 19:03:59.756960+00:00,True,256437,9,4,5280,4,2.1235027,6.618384,[171552 124528  20568],[<NA> <NA> <NA>],[<NA> <NA> <NA>],256437
292676,2020-09-28 22:45:11.386711+00:00,True,333.4144,90924527114284237,864691135764583990,79218,2024-12-18 19:03:59.771085+00:00,True,292676,9,4,5308,4,5.222243,1.040308,[190096 121488  20687],[<NA> <NA> <NA>],[<NA> <NA> <NA>],292676
256597,2020-09-28 22:44:06.518224+00:00,True,217.22382,87969040060090183,864691135496381840,79319,2024-12-18 19:03:59.826618+00:00,True,256597,9,4,5428,4,5.085912,9.641281,[168576 121376  22182],[<NA> <NA> <NA>],[<NA> <NA> <NA>],256597
256371,2020-09-28 22:41:48.110518+00:00,True,289.96713,89306320808998073,864691135277309669,79410,2024-12-18 19:03:59.877786+00:00,True,256371,9,4,5534,4,4.8321805,9.753795,[178416 123344  20163],[<NA> <NA> <NA>],[<NA> <NA> <NA>],256371
292655,2020-09-28 22:45:02.948344+00:00,True,312.15042,90291620666751536,864691135343818161,79890,2024-12-18 19:04:00.145891+00:00,True,292655,9,4,7557,6,5.736291,4.8986397,[185872 124320  20463],[<NA> <NA> <NA>],[<NA> <NA> <NA>],292655
292643,2020-09-28 22:43:37.877054+00:00,True,325.3818,89799245615834818,864691136968542926,79891,2024-12-18 19:04:00.146449+00:00,True,292643,9,4,7558,6,2.2878463,10.5157795,[182224 125968  20346],[<NA> <NA> <NA>],[<NA> <NA> <NA>],292643
292637,2020-09-28 22:43:28.126391+00:00,True,365.39908,89728945658014978,864691135164887853,79892,2024-12-18 19:04:00.147200+00:00,True,292637,9,4,7559,6,4.4490724,10.896764,[181792 126416  20682],[<NA> <NA> <NA>],[<NA> <NA> <NA>],292637
292718,2020-09-28 22:44:09.846587+00:00,True,223.6896,90080377196136262,864691135732518585,79893,2024-12-18 19:04:00.147763+00:00,True,292718,9,4,7560,6,3.3276656,7.129881,[184128 123408  21604],[<NA> <NA> <NA>],[<NA> <NA> <NA>],292718
292856,2020-09-28 22:45:03.517654+00:00,True,315.20703,90643464655836537,864691135102381856,79894,2024-12-18 19:04:00.148325+00:00,True,292856,9,4,7561,6,7.38087,3.8396358,[187968 124368  22306],[<NA> <NA> <NA>],[<NA> <NA> <NA>],292856
256451,2020-09-28 22:44:52.091440+00:00,True,292.11343,88884245783044551,864691135271038885,79917,2024-12-18 19:04:00.161161+00:00,True,256451,9,4,7591,6,9.4311695,-1.2044047,[175344 124288  20315],[<NA> <NA> <NA>],[<NA> <NA> <NA>],256451
292708,2020-09-28 22:44:41.913076+00:00,True,274.53717,89658164731009154,864691135993150913,79918,2024-12-18 19:04:00.161704+00:00,True,292708,9,4,7592,6,4.8189735,5.7975636,[181136 123120  21543],[<NA> <NA> <NA>],[<NA> <NA> <NA>],292708
256551,2020-09-28 22:41:53.632833+00:00,True,267.23172,89377102071272275,864691135801163874,79919,2024-12-18 19:04:00.162250+00:00,True,256551,9,4,7593,6,8.07164,3.99926,[178736 126432  21628],[<NA> <NA> <NA>],[<NA> <NA> <NA>],256551
256652,2020-09-28 22:41:05.162368+00:00,True,215.14142,89236364649948938,864691135939477508,79920,2024-12-18 19:04:00.162790+00:00,True,256652,9,4,7594,6,9.582262,6.593107,[178192 126320  22102],[<NA> <NA> <NA>],[<NA> <NA> <NA>],256652
256675,2020-09-28 22:41:02.932206+00:00,True,332.57373,89517564749196973,864691136380312021,79921,2024-12-18 19:04:00.163339+00:00,True,256675,9,4,7595,6,6.90687,4.114349,[179984 124320  22475],[<NA> <NA> <NA>],[<NA> <NA> <NA>],256675
256509,2020-09-28 22:45:19.316412+00:00,True,370.79907,87969314803969367,864691135304641703,79945,2024-12-18 19:04:00.177158+00:00,True,256509,9,4,7626,6,9.863033,3.161663,[168672 123472  21315],[<NA> <NA> <NA>],[<NA> <NA> <NA>],256509
256516,2020-09-28 22:41:03.150150+00:00,True,259.58826,88251064725641695,864691136524172689,79947,2024-12-18 19:04:00.178251+00:00,True,256516,9,4,7628,6,4.0687237,7.9330606,[171024 125472  21780],[<NA> <NA> <NA>],[<NA> <NA> <NA>],256516
256525,2020-09-28 22:42:22.606967+00:00,True,292.35315,88462308329875985,864691135942611316,79948,2024-12-18 19:04:00.178791+00:00,True,256525,9,4,7629,6,4.3353834,7.8126774,[172224 126656  21141],[<NA> <NA> <NA>],[<NA> <NA> <NA>],256525
256535,2020-09-28 22:45:14.013990+00:00,True,345.9406,88813808453597919,864691135387558997,79949,2024-12-18 19:04:00.179342+00:00,True,256535,9,4,7630,6,11.047649,1.7623048,[174896 123888  21342],[<NA> <NA> <NA>],[<NA> <NA> <NA>],256535
256600,2020-09-28 22:43:14.471646+00:00,True,289.60718,88040027279617201,864691136906067890,79950,2024-12-18 19:04:00.179880+00:00,True,256600,9,4,7631,6,5.1725936,7.3565674,[169008 125872  22242],[<NA> <NA> <NA>],[<NA> <NA> <NA>],256600
292881,2020-09-28 22:45:11.493129+00:00,True,334.05533,91065264737038206,864691135861093992,80098,2024-12-18 19:04:02.198307+00:00,True,292881,9,4,7795,6,6.7388835,6.1903486,[191312 121536  21896],[<NA> <NA> <NA>],[<NA> <NA> <NA>],292881
292678,2020-09-28 22:44:51.773554+00:00,True,291.02423,90995376894956609,864691135431654960,80208,2024-12-18 19:04:02.259783+00:00,True,292678,9,4,7916,6,2.5528562,7.066876,[190720 125072  20809],[<NA> <NA> <NA>],[<NA> <NA> <NA>],292678
292822,2020-09-28 22:44:41.633888+00:00,True,273.76337,89587589895595217,864691135447994514,80271,2024-12-18 19:04:02.294126+00:00,True,292822,9,4,7982,6,7.8658648,6.9245253,[180768 121968  22131],[<NA> <NA> <NA>],[<NA> <NA> <NA>],292822
292713,2020-09-28 22:43:04.595636+00:00,True,320.97418,89869202244320518,864691136034011579,80279,2024-12-18 19:04:02.298592+00:00,True,292713,9,4,7991,6,5.2276554,6.9843297,[182592 122624  21768],[<NA> <NA> <NA>],[<NA> <NA> <NA>],292713
292860,2020-09-28 22:45:09.989405+00:00,True,331.06805,90643120991617407,864691135726939455,80280,2024-12-18 19:04:02.299131+00:00,True,292860,9,4,7993,6,10.1847,0.1737,[188400 121904  22011],[<NA> <NA> <NA>],[<NA> <NA> <NA>],292860
256465,2020-09-28 22:40:46.944041+00:00,True,371.07434,89376964498407119,864691134942472035,80282,2024-12-18 19:04:02.300188+00:00,True,256465,9,4,7995,6,3.4714947,9.561783,[178896 125216  20864],[<NA> <NA> <NA>],[<NA> <NA> <NA>],256465
258216,2020-09-28 22:45:15.386605+00:00,True,347.8007,88392145676956508,864691135838916755,80289,2024-12-18 19:04:02.303962+00:00,True,258216,9,4,8003,6,5.4863033,2.751687,[171648 127904  20594],[<NA> <NA> <NA>],[<NA> <NA> <NA>],258216
292871,2020-09-28 22:41:49.658793+00:00,True,362.73538,90994964779484105,864691135577644574,80290,2024-12-18 19:04:02.304525+00:00,True,292871,9,4,8005,6,2.6976824,6.094015,[190656 121840  22429],[<NA> <NA> <NA>],[<NA> <NA> <NA>],292871
256331,2020-09-28 22:41:57.363732+00:00,True,390.15628,88743783172412796,864691135469753426,80365,2024-12-18 19:04:02.345895+00:00,True,256331,9,4,8089,6,2.571423,9.4294405,[174224 126496  20149],[<NA> <NA> <NA>],[<NA> <NA> <NA>],256331
292747,2020-09-28 22:45:17.792811+00:00,True,363.36008,90994689767351820,864691136177629702,80441,2024-12-18 19:04:02.388340+00:00,True,292747,9,4,8173,6,15.566308,1.8376136,[190944 119728  21397],[<NA> <NA> <NA>],[<NA> <NA> <NA>],292747
258224,2020-09-28 22:43:41.359783+00:00,True,286.78455,88673551934622228,864691136091634487,80464,2024-12-18 19:04:02.401457+00:00,True,258224,9,4,8200,6,7.0642,7.0684,[173808 127488  20965],[<NA> <NA> <NA>],[<NA> <NA> <NA>],258224
256552,2020-09-28 22:43:42.946507+00:00,True,317.80618,89376827126485917,864691135567047191,80632,2024-12-18 19:04:02.494921+00:00,True,256552,9,4,8392,6,4.73905,4.549328,[178976 124432  21326],[<NA> <NA> <NA>],[<NA> <NA> <NA>],256552
294504,2020-09-28 22:44:48.052588+00:00,True,284.77734,90995789211688319,864691135738953860,81105,2024-12-18 19:04:04.802544+00:00,True,294504,9,6,1894,2,6.0084763,6.447635,[190864 127936  20727],[<NA> <NA> <NA>],[<NA> <NA> <NA>],294504
292878,2020-09-28 22:41:50.250357+00:00,True,255.33235,90995514535370826,864691135954640675,81107,2024-12-18 19:04:04.803611+00:00,True,292878,9,6,1896,2,4.335837,6.0397215,[190960 125888  22490],[<NA> <NA> <NA>],[<NA> <NA> <NA>],292878
294453,2020-09-28 22:44:45.723311+00:00,True,280.28372,89729495413849922,864691136620636045,81129,2024-12-18 19:04:04.815835+00:00,True,294453,9,6,1923,2,5.667936,5.261798,[181440 130432  20695],[<NA> <NA> <NA>],[<NA> <NA> <NA>],294453
294547,2020-09-28 22:45:21.233074+00:00,True,387.70624,90010764299362175,864691135015652246,81130,2024-12-18 19:04:04.816377+00:00,True,294547,9,6,1924,2,7.4494815,9.289169,[183728 129008  21304],[<NA> <NA> <NA>],[<NA> <NA> <NA>],294547
292825,2020-09-28 22:42:09.356353+00:00,True,332.5272,89728877140222276,864691136111251896,81131,2024-12-18 19:04:04.816933+00:00,True,292825,9,6,1925,2,3.3274755,8.368418,[181376 125680  22521],[<NA> <NA> <NA>],[<NA> <NA> <NA>],292825
258208,2020-09-28 22:45:07.564890+00:00,True,321.88303,88040576833940680,864691135504327861,81158,2024-12-18 19:04:04.831879+00:00,True,258208,9,6,1958,2,2.341895,9.824644,[169232 130208  20544],[<NA> <NA> <NA>],[<NA> <NA> <NA>],258208
258222,2020-09-28 22:45:15.541537+00:00,True,349.12125,88603595507012906,864691136137237899,81159,2024-12-18 19:04:04.832457+00:00,True,258222,9,6,1959,2,4.19341,7.4256926,[173376 130752  20700],[<NA> <NA> <NA>],[<NA> <NA> <NA>],258222
256525,2020-09-28 22:42:22.606967+00:00,True,292.35315,88462308329875985,864691135942611316,81160,2024-12-18 19:04:04.833028+00:00,True,256525,9,6,1960,2,11.397833,1.3496116,[172224 126656  21141],[<NA> <NA> <NA>],[<NA> <NA> <NA>],256525
258353,2020-09-28 22:44:02.531562+00:00,True,209.29495,88040714474248621,864691135183999490,81161,2024-12-18 19:04:04.833561+00:00,True,258353,9,6,1961,2,8.29652,-0.5536,[169328 130912  22110],[<NA> <NA> <NA>],[<NA> <NA> <NA>],258353
258375,2020-09-28 22:41:02.982496+00:00,True,365.3311,88884727087844075,864691135774053371,81162,2024-12-18 19:04:04.834113+00:00,True,258375,9,6,1962,2,3.8061569,7.215281,[175328 127936  22400],[<NA> <NA> <NA>],[<NA> <NA> <NA>],258375
258360,2020-09-28 22:44:44.078845+00:00,True,278.1582,88392214597937672,864691135997332650,81163,2024-12-18 19:04:04.834645+00:00,True,258360,9,6,1963,2,2.9098368,8.265699,[171712 128336  22290],[<NA> <NA> <NA>],[<NA> <NA> <NA>],258360
256652,2020-09-28 22:41:05.162368+00:00,True,215.14142,89236364649948938,864691135939477508,81322,2024-12-18 19:04:04.923387+00:00,True,256652,9,6,2141,2,4.307443,5.3687363,[178192 126320  22102],[<NA> <NA> <NA>],[<NA> <NA> <NA>],256652
294673,2020-09-28 22:44:46.372136+00:00,True,282.5149,90573576947672080,864691136331214058,81357,2024-12-18 19:04:04.943094+00:00,True,294673,9,6,2179,2,3.58339,4.84472,[187920 127824  22032],[<NA> <NA> <NA>],[<NA> <NA> <NA>],294673
294489,2020-09-28 22:42:37.487440+00:00,True,280.13412,90433114203028288,864691136091532855,81385,2024-12-18 19:04:04.959136+00:00,True,294489,9,6,2212,2,7.6824265,4.881119,[186848 130128  21012],[<NA> <NA> <NA>],[<NA> <NA> <NA>],294489
258290,2020-09-28 22:42:43.331999+00:00,True,338.93253,88251408322917335,864691135874782350,81439,2024-12-18 19:04:04.989288+00:00,True,258290,9,6,2274,2,2.679059,9.704388,[170816 127856  21691],[<NA> <NA> <NA>],[<NA> <NA> <NA>],258290
256551,2020-09-28 22:41:53.632833+00:00,True,267.23172,89377102071272275,864691135801163874,81446,2024-12-18 19:04:04.993295+00:00,True,256551,9,6,2283,2,6.201834,13.6622,[178736 126432  21628],[<NA> <NA> <NA>],[<NA> <NA> <NA>],256551
292856,2020-09-28 22:45:03.517654+00:00,True,315.20703,90643464655836537,864691135102381856,81457,2024-12-18 19:04:04.999311+00:00,True,292856,9,6,2294,2,6.8048663,5.305789,[187968 124368  22306],[<NA> <NA> <NA>],[<NA> <NA> <NA>],292856
258225,2020-09-28 22:43:16.108089+00:00,True,302.83548,88674101690450393,864691135763433270,81526,2024-12-18 19:04:05.038130+00:00,True,258225,9,6,2377,2,8.163212,0.28626487,[173696 131472  20938],[<NA> <NA> <NA>],[<NA> <NA> <NA>],258225
294536,2020-09-28 22:45:17.469344+00:00,True,359.5349,89588620553651755,864691135325263004,81534,2024-12-18 19:04:05.042658+00:00,True,294536,9,6,2387,2,4.5766497,7.375255,[180640 129520  21202],[<NA> <NA> <NA>],[<NA> <NA> <NA>],294536
258230,2020-09-28 22:44:55.809390+00:00,True,298.44128,88955576599984368,864691136298125851,81613,2024-12-18 19:04:05.087863+00:00,True,258230,9,6,2479,2,5.523401,10.322895,[175856 131472  20407],[<NA> <NA> <NA>],[<NA> <NA> <NA>],258230
294582,2020-09-28 22:41:54.237843+00:00,True,294.83154,90784683113427194,864691135801463650,81722,2024-12-18 19:04:05.147446+00:00,True,294582,9,6,2603,2,4.9948573,4.662967,[189472 127760  21804],[<NA> <NA> <NA>],[<NA> <NA> <NA>],294582
258348,2020-09-28 22:44:32.433948+00:00,True,260.69632,87970070852291569,864691135409962953,81741,2024-12-18 19:04:05.158166+00:00,True,258348,9,6,2623,2,4.7948313,4.75966,[168592 129152  22218],[<NA> <NA> <NA>],[<NA> <NA> <NA>],258348
292899,2020-09-28 22:42:43.463178+00:00,True,278.315,91206689486835668,864691136453384959,81757,2024-12-18 19:04:05.166745+00:00,True,292899,9,6,2640,2,2.6924355,11.318694,[192320 126576  22029],[<NA> <NA> <NA>],[<NA> <NA> <NA>],292899
258166,2020-09-28 22:41:10.597601+00:00,True,294.61545,89307489040220487,864691135465932357,81804,2024-12-18 19:04:05.193015+00:00,True,258166,9,6,2696,2,9.138954,2.8436697,[178720 132192  20263],[<NA> <NA> <NA>],[<NA> <NA> <NA>],258166
294499,2020-09-28 22:44:55.344603+00:00,True,296.7834,90785645051964842,864691135276234469,82299,2024-12-18 19:04:07.405311+00:00,True,294499,9,6,4654,4,6.2156568,4.9249234,[189312 134976  20835],[<NA> <NA> <NA>],[<NA> <NA> <NA>],294499
294493,2020-09-28 22:44:58.914739+00:00,True,302.97556,90574126502259119,864691136665051614,82300,2024-12-18 19:04:07.405848+00:00,True,294493,9,6,4655,4,7.848393,2.60778,[187920 132096  20564],[<NA> <NA> <NA>],[<NA> <NA> <NA>],294493
294576,2020-09-28 22:44:55.293087+00:00,True,296.5653,90644426661199216,864691136389921911,82302,2024-12-18 19:04:07.406954+00:00,True,294576,9,6,4657,4,4.4907904,11.057158,[188320 131408  21605],[<NA> <NA> <NA>],[<NA> <NA> <NA>],294576
294446,2020-09-28 22:44:07.010141+00:00,True,218.5026,89589445053451911,864691135717271834,82327,2024-12-18 19:04:07.420978+00:00,True,294446,9,6,4688,4,4.022493,4.4232116,[180736 135840  20436],[<NA> <NA> <NA>],[<NA> <NA> <NA>],294446
294449,2020-09-28 22:45:17.369867+00:00,True,358.3874,89659607705958153,864691134991010426,82328,2024-12-18 19:04:07.421533+00:00,True,294449,9,6,4689,4,13.1896,-2.5805,[181024 133952  20643],[<NA> <NA> <NA>],[<NA> <NA> <NA>],294449
258166,2020-09-28 22:41:10.597601+00:00,True,294.61545,89307489040220487,864691135465932357,82329,2024-12-18 19:04:07.422091+00:00,True,258166,9,6,4690,4,12.860718,-3.2904558,[178720 132192  20263],[<NA> <NA> <NA>],[<NA> <NA> <NA>],258166
294549,2020-09-28 22:44:49.679498+00:00,True,287.07208,90081888957765952,864691135646775791,82330,2024-12-18 19:04:07.422633+00:00,True,294549,9,6,4691,4,6.702223,-0.591901,[184048 134544  21291],[<NA> <NA> <NA>],[<NA> <NA> <NA>],294549
294557,2020-09-28 22:45:05.958346+00:00,True,318.6385,90222351568226732,864691135732210873,82331,2024-12-18 19:04:07.423189+00:00,True,294557,9,6,4692,4,3.7914274,5.6597505,[184944 132544  21307],[<NA> <NA> <NA>],[<NA> <NA> <NA>],294557
294548,2020-09-28 22:45:05.600324+00:00,True,317.2162,90081476707791607,864691135470787666,82332,2024-12-18 19:04:07.423728+00:00,True,294548,9,6,4693,4,5.9455442,5.210435,[183936 131280  21625],[<NA> <NA> <NA>],[<NA> <NA> <NA>],294548
294657,2020-09-28 22:44:28.920541+00:00,True,256.01736,89941014164582084,864691135562798817,82333,2024-12-18 19:04:07.424277+00:00,True,294657,9,6,4694,4,5.11345,2.16122,[183104 133760  22248],[<NA> <NA> <NA>],[<NA> <NA> <NA>],294657
258402,2020-09-28 22:42:43.402554+00:00,True,307.9784,89448570394253033,864691135294442678,82334,2024-12-18 19:04:07.424813+00:00,True,258402,9,6,4695,4,7.6444726,4.304391,[179504 134464  22207],[<NA> <NA> <NA>],[<NA> <NA> <NA>],258402
258113,2020-09-28 22:43:32.150344+00:00,True,355.08206,88181726572292650,864691135518283475,82366,2024-12-18 19:04:07.442525+00:00,True,258113,9,6,4734,4,11.984706,1.1466491,[170320 132992  20225],[<NA> <NA> <NA>],[<NA> <NA> <NA>],258113
258229,2020-09-28 22:44:59.622041+00:00,True,305.963,88956126422782743,864691135448130450,82367,2024-12-18 19:04:07.443577+00:00,True,258229,9,6,4735,4,3.7682395,8.748008,[175888 135536  20806],[<NA> <NA> <NA>],[<NA> <NA> <NA>],258229
258209,2020-09-28 22:45:17.535862+00:00,True,360.34888,88111976370229530,864691135277186789,82368,2024-12-18 19:04:07.444142+00:00,True,258209,9,6,4736,4,8.21664,7.01596,[169728 137648  20522],[<NA> <NA> <NA>],[<NA> <NA> <NA>],258209
258301,2020-09-28 22:45:21.670906+00:00,True,398.34943,88674376635434834,864691135493686111,82369,2024-12-18 19:04:07.444680+00:00,True,258301,9,6,4737,4,3.217078,7.589633,[173632 133776  21477],[<NA> <NA> <NA>],[<NA> <NA> <NA>],258301
258299,2020-09-28 22:43:22.037565+00:00,True,307.0432,88533570494493324,864691135850033758,82370,2024-12-18 19:04:07.445231+00:00,True,258299,9,6,4738,4,2.0203075,11.716952,[172864 133024  21760],[<NA> <NA> <NA>],[<NA> <NA> <NA>],258299
258285,2020-09-28 22:44:52.024556+00:00,True,291.86227,88181932864912744,864691135741780116,82371,2024-12-18 19:04:07.445774+00:00,True,258285,9,6,4739,4,7.6037,1.19151,[170080 134848  21253],[<NA> <NA> <NA>],[<NA> <NA> <NA>],258285
258382,2020-09-28 22:41:55.706175+00:00,True,246.81563,89026220490459523,864691135741930603,82372,2024-12-18 19:04:07.446318+00:00,True,258382,9,6,4740,4,5.28658,4.90392,[176464 133552  22445],[<NA> <NA> <NA>],[<NA> <NA> <NA>],258382
258372,2020-09-28 22:43:24.388187+00:00,True,287.68372,88744676794369404,864691136314491965,82373,2024-12-18 19:04:07.446854+00:00,True,258372,9,6,4741,4,5.6743827,1.2205383,[174496 133136  22519],[<NA> <NA> <NA>],[<NA> <NA> <NA>],258372
258399,2020-09-28 22:41:32.402721+00:00,True,226.19243,89307351869365118,864691136011686318,82546,2024-12-18 19:04:07.543477+00:00,True,258399,9,6,4936,4,6.6358995,4.82625,[178320 131264  22063],[<NA> <NA> <NA>],[<NA> <NA> <NA>],258399
294691,2020-09-28 22:44:11.863352+00:00,True,227.49872,90714589247340842,864691136331247338,82619,2024-12-18 19:04:07.584179+00:00,True,294691,9,6,5016,4,10.856587,2.460514,[188816 129840  21956],[<NA> <NA> <NA>],[<NA> <NA> <NA>],294691
258284,2020-09-28 22:45:13.882459+00:00,True,345.17435,88181795426193124,864691135455400554,82684,2024-12-18 19:04:07.620165+00:00,True,258284,9,6,5093,4,2.836406,5.7859406,[170192 133552  21447],[<NA> <NA> <NA>],[<NA> <NA> <NA>],258284
258202,2020-09-28 22:45:17.956129+00:00,True,365.4828,87970689126320793,864691135276132325,82700,2024-12-18 19:04:07.629108+00:00,True,258202,9,6,5113,4,7.8764224,5.614475,[168992 133520  20745],[<NA> <NA> <NA>],[<NA> <NA> <NA>],258202
258352,2020-09-28 22:44:20.693118+00:00,True,242.4288,88041264229949195,864691136238679567,82771,2024-12-18 19:04:07.669929+00:00,True,258352,9,6,5189,4,6.9898257,4.4607077,[169152 135136  22028],[<NA> <NA> <NA>],[<NA> <NA> <NA>],258352
294545,2020-09-28 22:44:18.891984+00:00,True,239.6491,89941288908167187,864691136390474359,82831,2024-12-18 19:04:07.703002+00:00,True,294545,9,6,5258,4,8.287843,0.8329629,[182976 135728  21116],[<NA> <NA> <NA>],[<NA> <NA> <NA>],294545
258322,2020-09-28 22:41:40.615887+00:00,True,324.7661,89518732845960346,864691135619756943,82843,2024-12-18 19:04:07.709676+00:00,True,258322,9,6,5271,4,4.6689324,2.6049743,[179840 132976  21342],[<NA> <NA> <NA>],[<NA> <NA> <NA>],258322
294664,2020-09-28 22:43:08.922982+00:00,True,311.26306,90151845519437827,864691136042462038,82924,2024-12-18 19:04:07.754798+00:00,True,294664,9,6,5372,4,10.035833,1.047937,[184800 131296  22474],[<NA> <NA> <NA>],[<NA> <NA> <NA>],294664
258232,2020-09-28 22:45:01.535266+00:00,True,310.24316,89026220288670277,864691135294361782,82925,2024-12-18 19:04:07.755346+00:00,True,258232,9,6,5373,4,6.016699,8.490814,[176272 133792  20486],[<NA> <NA> <NA>],[<NA> <NA> <NA>],258232
294583,2020-09-28 22:45:13.880766+00:00,True,345.15027,90855876424176600,864691135743102827,82953,2024-12-18 19:04:07.770702+00:00,True,294583,9,6,5402,4,5.8933115,8.855597,[189792 134272  21227],[<NA> <NA> <NA>],[<NA> <NA> <NA>],294583
294481,2020-09-28 22:45:13.879076+00:00,True,345.135,90292995123238941,864691135389168001,82957,2024-12-18 19:04:07.772826+00:00,True,294481,9,6,5406,4,10.132619,0.31606352,[185456 134720  20827],[<NA> <NA> <NA>],[<NA> <NA> <NA>],294481
