unit_id,2158,2162,2196,2197,2199,2200,2201,2202,2205,2207,2237,2238,2239,2240,2241,2277,2278,2280,2448,2484,2541,2648,2678,2738,2757,2778,2842,2859,2860,2976,5404,5432,5435,5436,5437,5438,5439,5440,5441,5442,5444,5446,5474,5475,5476,5477,5479,5505,5506,5507,5508,5509,5735,5743,5875,5908,5940,6191,6216,8861,8868,8904,8906,8907,8908,8909,8910,8911,8912,8913,8914,8916,8955,8956,8957,8958,8959,8960,8962,8963,8964,9000,9001,9002,9004,9155,9330,9337,9390,9401,9427,9428,9446,9465,9553,9651,11878,11882,11883,11884,11886,11887,11888,11889,11929,11930,11931,11933,11934,11935,11936,11970,11971,11973,12246,12267,12284,12286,12290,12316,12346,12372,12562,12568,12619,12637
2158,1.0,0.28863187203776375,0.04078316415461215,0.2326872762681901,-0.05600664475371944,-0.020623989256851005,-0.30623835027576896,-0.1821559146247052,0.20184463731153812,0.581640419769824,-0.009008863050069326,-0.5576587218996988,-0.0903733234564422,-0.1764082122198892,0.04042449135826065,-0.020956603103966243,-0.07515850644859166,0.026420115200309804,0.0815212160351857,0.1605043190191063,0.050568267880426426,-0.07960621574317886,-0.19239753206849106,-0.04792008367232408,-0.2863177822505123,0.377975396887733,0.4090921450467165,0.055705656784043524,0.256298157364393,-0.2313018674374184,-0.36880735374273155,-0.4415828917116794,-0.656056137860801,0.4122411021923964,-0.1623615290252802,-0.0036606623430632678,0.018890753988339355,-0.5498324614353786,0.14130171433137967,-0.0365522053729239,0.1481249291241755,-0.16107880112974812,0.2437522554951301,-0.3275087924813913,0.09497551670139262,0.02060424350458938,-0.07850755874165322,0.05897329818375017,-0.28243658436931557,-0.40339116699266464,0.2730522050583263,0.3341566883756008,0.011865667546227561,-0.39182531883546556,0.09836639323077362,0.4124931033015671,0.16523686798121628,0.16566168422775795,0.1147342204357351,-0.18998502606039588,-0.10244513293463638,0.19234288582115028,-0.5591959782387592,-0.2699637641820104,0.49363448927341813,0.10181672233144713,-0.6031716579939865,0.03815586573744363,0.029719532476661092,-0.30118587496554594,-0.012967543124783262,-0.2767511264742725,0.2682400595740857,-0.15505984541426482,-0.03653767386182944,-0.2161546647995256,-0.38949011262955435,-0.27849424141852286,-0.47854499805769246,0.3544350523155605,0.04261049174041092,-0.04266898006627823,-0.4494989242844191,0.10897755744276072,0.152968772606849,0.05826390767320197,0.06332870504846554,-0.329860506290756,-0.6342410953066285,0.18497373371131615,-0.23159262012979145,-0.011433808662514226,0.05611572584818794,0.24172340614403276,0.4231480428272256,-0.18384073112591356,0.08563581481012948,-0.031221397527837938,-0.04495928151423114,0.5368322067096593,0.09538377824792071,-0.04662397008055798,0.03373803999692715,0.024384047356446763,-0.014177733180102169,-0.015995517463862286,-0.008824352945323584,0.07439972054733257,0.21537677112914125,0.09377525688051008,0.06350699648037701,-0.05278897403591305,-0.06327647241924622,0.19629081787979155,0.08746820430996999,-0.07066752955868812,0.14380854169681878,0.510884394855704,-0.07492785903474433,-0.1576626197075259,0.0389483233821822,-0.020610057746911145,-0.04375431356748645,0.19316506145190263,-0.04796506337142846,-0.3771650288402561
2162,0.28863187203776375,1.0,0.08207563468787064,-0.1382987214420743,-0.0497434757091582,0.057716357281475734,0.0514839413214476,-0.15756078809543073,0.08121101258864481,0.13501857514376642,-0.08239173832348444,-0.052876168872093524,-0.20893379788765726,-0.05237166468214355,-0.04706834252472651,0.01656560542257986,-0.013796328346682488,0.05385169292234116,0.1084211215454773,0.021289343052987023,0.1272465813376728,-0.24508309272214032,0.08649275281158797,-0.055422381223456794,-0.04274555918296603,0.18357129077188067,0.06593020756424549,-0.17658250430078376,0.16311928095262185,-0.01300795257967111,-0.30992037607891043,-0.037117810624879705,-0.28068490187320483,0.3075580885730554,-0.10406628757292644,-0.07573365164095472,0.006850559072300753,-0.24818357338971941,0.03534584110331062,0.012153147946936687,0.12313229095352207,-0.11637432968486065,0.07896825748767672,0.03641475573284254,0.04383397389401059,0.01945138614722431,-0.2778656176649638,0.10542654514513189,-0.10112822283055269,-0.08166677783602981,0.08283151191731138,0.20731249103873675,0.10024119182635859,-0.21592799674406804,-0.047089945273497795,0.18386004516238647,-0.026543351309264065,0.1718144009926483,-0.19351976444269278,-0.027788174312261483,-0.022483235582838594,0.16689699229161994,-0.004407134968736392,-0.030914906629708645,0.11443625230081242,0.10885872074617559,-0.115469384385944,0.10606824096792548,0.24253907562573726,-0.16583273986189595,0.020373361953557614,0.05166614200857604,0.3085773063206278,6.585089332506982e-05,-0.023285672860582265,0.1282315393318179,-0.21573483516163328,-0.20591588117612689,-0.14163575348214993,0.049746583906007384,-0.03690635053408788,-0.06834262010756947,-0.08497808804447657,0.11967411977280275,0.21351674433039178,0.025671658745306605,-0.06607923987874666,-0.30529955731864705,-0.3573328382490729,-0.11602951567101986,-0.05644998278044954,-0.019392913078164948,0.05414204651372467,0.23043225346349544,0.25018206449678676,0.28194496294515486,-0.05870255179610312,-0.11817604499010893,-0.027333794307060306,0.1532055141992831,0.07976650633807826,-0.06388616361940606,0.008280595555326765,0.02746243074738961,-0.013644006630227176,0.0933011882478807,-0.0004330661057764593,0.021694590863967782,0.23647666991993585,-0.03276075209276114,0.021589618184042814,0.01073194188580348,0.12663853763898988,0.06810323495871194,-0.03468975595355616,0.025032450930711506,0.02500594790804724,0.33613455598354464,0.002824627332959275,-0.09332432515346642,0.08127667899499035,-0.05668256409641972,0.04638049327507905,0.15594734572360477,-0.14579889393604958,0.09718541941006585
2196,0.04078316415461215,0.08207563468787064,1.0,0.14792590256195173,-0.07576091028854705,-0.01578357641116949,-0.12339686247848028,-0.20232374328278943,0.03297482142227292,0.21384439843900915,0.09993781966851001,-0.06475123036758011,0.082609190992531,-0.07990501597686049,0.12754674599028284,0.040779142168732414,-0.05475567832376707,0.016392700304716828,-0.0069252236270599754,0.024798243969524073,-0.03359432667600914,-0.07250368221082966,0.014131077767707311,-0.031308979392418855,-0.05719791268729931,0.14920267806339407,0.12080876338458582,-0.12453275398618956,-0.04356151371917107,0.008333083520848198,-0.2649819078243063,-0.2085515313553043,-0.055108987441443165,0.2942342467593477,-0.2529668954384921,0.07712731679377743,0.010619247004705056,-0.16235409024524602,0.30101248584410056,-0.06573566357225859,0.31076087861003243,-0.15935536664180736,-0.19677340695920603,-0.06677019176481892,-0.012869240458393766,-0.03475028578198814,-0.28636752414809563,-0.03279059801158435,-0.16155747164954024,0.18749200338705843,-0.18082005131523535,-0.07384852826653389,0.09791620839977846,-0.25523525750052034,-0.03071316231467998,0.34612916119813414,0.21626071380738895,0.27498020386135535,-0.0751613535444782,0.11639813091822544,-0.09498976980444761,-0.09850840703430645,0.02578356228893625,0.0646725120127606,0.08861123790045032,-0.03274617717238785,-0.2541111519669991,0.035640272964131865,-0.11474186718889469,-0.10482697880499352,-0.03218057675868674,0.07425489058137126,0.24397431937601358,0.1129172905133812,-0.02288644361159541,0.08251925247795726,-0.28478042404742265,-0.35058333889326293,-0.20258447582328704,-0.019467735315201337,-0.07691833378203604,0.24344865595793017,0.0013604603021377475,0.1063223243127823,-0.043870104123404294,0.030487154112124482,-0.11731890364375841,-0.2913618079188715,-0.2016686120840514,-0.12737953605690075,-0.2541851814682138,0.10509227157580094,0.11084586497493344,-0.19356103489301849,0.14169935295704658,0.21810620193573954,0.000920413580694958,-0.08546128448799069,-0.028510049282017957,0.09174552816901393,0.05927166494866589,-0.01925202646375654,0.030459165558697116,-0.007557945903407774,0.02871019089180122,-0.02752465495676428,-0.07744160030475353,-0.015415671739525195,0.2813190676343441,-0.0025293747658026453,-0.03881685274154534,0.04237092505451765,-0.0749123556404998,0.12735842560647584,-0.021427469344512357,0.05421499357321257,-0.04343861687938534,-0.025407975459780192,0.056588940485720676,-0.14488436302548732,0.021356119784894496,0.041958029343386036,-0.00733957351163399,0.26814175838618315,-0.014095504520305956,0.13594935762219562
2197,0.2326872762681901,-0.1382987214420743,0.14792590256195173,1.0,-0.013773662255962407,-0.039203834853807004,-0.385426424858763,-0.37618733787310726,0.1445784319275667,0.7285473547170808,0.00999578122001699,-0.6884042040900359,0.47246786582407135,-0.1855449459553236,-0.06386266848848651,0.18019782639226253,0.07754538188975847,-0.006402808921800153,0.14800502037052707,0.14911312564007892,-0.1702971799773214,0.23257820223561082,-0.5145241803997528,-0.12587639451118507,-0.18811178315323976,0.4065098863955552,0.7351868785826142,0.1883223892023729,0.08855629364723411,-0.23346589698740428,-0.44931858062110935,-0.6143751037925164,-0.4018758302271609,0.4493093262445621,-0.2644560643444066,0.19592643402506676,-0.07267347045983046,-0.25444621180644955,0.5210188951471707,-0.10638992053201009,0.21810863805296293,-0.13691757494477144,0.1794800362482203,-0.8070546804107886,0.003065671135210262,-0.23778522085616413,-0.12960521589542834,-0.07081565593729233,-0.2637881837536166,-0.2680622585952414,-0.24263342348579509,-0.05416588078395871,-0.1318343873031161,-0.2972908048782748,0.14688117139946127,0.5238295715682737,0.29032365350838446,0.32630297922993573,0.09890119923158519,-0.08142576632268013,-0.22805684841577717,-0.31055953062616365,-0.31496038286437583,-0.21923480521829028,0.5705346668669328,0.08439902902122756,-0.6669150845314175,0.04125637805544249,-0.24891484084805415,-0.49794927782617987,-0.025835689825793613,0.0854206675961245,-0.018594511997274157,0.17113121933425446,-0.07861440285215968,-0.4756171875334363,-0.40236488525082126,-0.4020756707807353,-0.4199262281330801,0.3344808067523367,-0.22329733017324446,0.5411369151661417,-0.2782074965091588,0.028457470367604907,-0.27427176396099306,0.007182939163791481,-0.16146717624080753,-0.1683945451179417,-0.22584177407832243,0.2139863438253609,-0.3689384436388344,0.05038747751121172,-0.018655565344536044,-0.1535638738492792,0.26566387916821754,-0.2850241174888907,0.1045752777748894,0.3255582042841904,0.03429935363099496,0.29458651993693125,0.06769583807781851,0.0765341728886887,0.04392526321599436,-0.09586250261406094,0.004796470422052065,0.12542345740366423,-0.11476679221582185,0.07712903858769343,0.45904634671931616,0.0038611242525052143,0.09604778945360595,-0.08856517582517574,-0.043508627551848915,0.20629062583876764,0.14512203235147014,-0.00457696667213435,0.028782557129862125,0.018150077025295693,-0.16989109371845426,-0.2797022576476376,0.009929299432740804,0.008798167348514997,0.04831844905653773,0.3898288846188884,0.22764425637712388,-0.16068113131034117
2199,-0.05600664475371944,-0.0497434757091582,-0.07576091028854705,-0.013773662255962407,1.0,-0.05034975707761296,-0.10010547805358619,-0.04906907156631257,0.0298906815367784,-0.0001773625404270517,-0.10248917316960988,0.028031302943231858,-0.08557188966092855,0.13427934101021963,-0.2296127513404777,-0.04284259305318084,-0.008299260397092556,0.035595369530452545,-0.06795616487750854,0.04191046135929505,0.01444428265543206,0.08878025628367345,-0.31380462704183243,0.038520829811197616,0.01872263043230479,-0.006141184532526954,-0.055235834747930646,0.04113663451047975,0.13361136663583487,-0.13201509982015017,0.13182691765222534,-0.07560079446910316,0.07589828033380555,-0.20396553651144939,-0.015638736414203054,0.07070564467680253,-0.1252164495035825,0.085408339934456,-0.17949374519190736,0.0829262687823647,-0.10789027713976636,-0.034513452716468884,0.06484998787155777,-0.05173358563912726,-0.024591087648227188,0.0012644285386417225,0.16503198788764714,-0.0035613451568780705,-0.0013118062081587064,-0.19712869515401887,-0.1649919997651344,0.043609210143759694,-0.029617454527580116,0.012917881808495011,0.009142486956423505,-0.07553477427110837,0.13832954559275235,-0.027224373352712678,-0.03590025577362094,-0.04044799239336857,-0.04168714560603592,-0.19786379539072577,0.0038926715670761156,0.1305491487334521,0.0320779586722133,-0.06985966922656184,-0.02746910204820349,-0.17442400598679428,0.11880754048146801,-0.024442264528142806,-0.13317079909293225,-0.0837377244320969,-0.07307158675033945,-0.03693244945699545,-0.004435175844781639,-0.011916966836720128,-0.0819878302516012,0.033163556170412875,0.009353374150334772,0.10238404795879598,-0.013006735668688315,-0.03334515579856783,0.023534325493466526,0.10762077804865068,-0.06725245627317097,-0.04857587333145896,-0.04103589602762044,0.07043137177711314,0.06921871716235914,0.2334891327050049,-0.07569757619908156,-0.010475069953264086,0.2661488453517334,0.14652537490556322,0.06913266265382871,0.015280865851177047,-0.01857994567876999,-0.0805889318168701,-0.09670877133714736,-0.19853443116141745,0.025500006066266904,-0.02297885834660814,0.033690124172898885,-0.002701068650320306,-0.05782901572293671,0.021320283026960804,0.05689729943688674,-0.10283399824128982,-0.09003183217952744,0.052157936801337575,-0.06326830332291461,0.07557258820721194,-0.07291341454387724,-0.0323577296027445,-0.08911885283400227,-0.003488779257970563,-0.09719966644354597,-0.12043567670109392,-0.08111822427491928,0.02111435991097598,-0.04440810534553188,-0.015257211215495645,-0.0818883134931847,-0.04763031162370885,0.000808731595800078,-0.05398857333771712
2200,-0.020623989256851005,0.057716357281475734,-0.01578357641116949,-0.039203834853807004,-0.05034975707761296,1.0,0.03803915953921539,0.030538709226757946,-0.009736647423707398,-0.029632828427731912,-0.0021181517930657363,0.06856684130363383,0.025182394302357476,-0.03204937927434546,0.055768306687536795,0.006346281529096608,-0.041904851411991836,0.001129310460194394,-0.020024490899585034,-0.002577454840008209,-0.0028589564811243246,-0.02462827976062771,0.07744201949079904,-0.007283656004060892,-0.02970637397765833,0.0632760694582965,0.07952826709978766,-0.030109945992267004,-0.018369290590058807,0.030192917800540182,0.0003500290685863883,-0.035373862290730494,0.03697246903941288,-0.06059337473393535,-0.0461849732034146,-0.004008888750675579,-0.0004648863208587616,-0.007815538229588312,-0.013384696687821817,0.007464332890482231,0.04945096714439673,0.05106219470998506,0.006460262873716591,0.05881078026390389,-0.015495739841049232,0.04895384463422882,-0.01807829872134389,0.009223450995298496,-0.07335453660058923,0.001977460704976531,0.03805559899383307,-0.026429832823189774,0.03178422651799062,-0.07325011526085366,0.007641809718231931,-0.026671567757135486,-0.1705205252911885,-0.0031230482926244206,-0.08540341978515052,-0.015320136049985745,-0.0025419358927581816,0.08476780880827761,-0.007366999433940691,-0.0007709989751296344,0.015531346026730019,-0.014177739311032389,0.003900629199893901,0.015956744101824547,0.07606480097833648,-0.05301425455344295,-0.007462925091352453,0.03478161361309246,0.06873127441555432,0.1492796458157765,0.03112311885642395,0.13155069498788347,-0.003718882868085005,-0.05577941725206476,0.06180121801023414,-0.05770680175659801,-0.037611169515453256,0.04392494087885501,0.003466658910664316,0.05877711122682965,0.03639644828990998,-0.0014044566096703326,-0.016068714566203717,-0.03307903726182658,-0.017126483000431812,-0.020520615669619952,0.009329190773003981,-0.004810078866942698,-0.0018598093120344482,0.13126524983511093,-0.021442339235496967,0.010715205703328822,-0.001415050495839876,-0.07238171888753943,-7.176019056905765e-05,0.06318539259660651,0.0003774236016977326,-0.011017397503836984,-0.00013822544152804832,-0.013184227787012275,-0.007659639910344999,0.03154427642693063,0.008311223329371354,0.015080131953294036,-0.0037158899872592054,-0.000928655720197643,-0.011029035905600325,-0.0009360259206445284,-0.0016981098085283252,0.044182415661402345,-0.003554400815936001,-0.004006071814272314,0.0030601840016559263,0.04123837442846595,0.00011950327165350962,-0.025183103023695235,0.006189508346793943,-0.002120528236767427,-0.010256530259805538,0.013442295766080942,-0.015473497298314483,0.010978886292549348
2201,-0.30623835027576896,0.0514839413214476,-0.12339686247848028,-0.385426424858763,-0.10010547805358619,0.03803915953921539,1.0,0.14622854644961022,-0.1140989825638411,-0.4512698907220408,0.08170875050063042,0.4328524700969757,0.033169057775764864,0.08718765587309431,0.009046752860839734,-0.020247985300374423,-0.055125819090976295,0.0012988646023855811,-0.055196523396955986,-0.07656606960346236,0.07597686980083987,0.011139296382531935,0.30792506571634504,0.009282029314663117,0.21589070837498534,-0.30773852170317956,-0.37367288519661435,-0.013182288158139408,-0.019185771102977305,0.18670852429458581,0.25703483899567936,0.4387986193325213,0.3145556845671136,-0.21251231090891165,0.23003750068968007,-0.05862348895449035,0.011199740412684022,0.31613042393610136,-0.2398547882095645,0.08126405177983731,-0.182932761034331,0.16279822521954143,-0.07865251254428124,0.3263480318295241,-0.09428615331754242,0.054438462248408134,0.08360927457394358,0.02546196803607815,0.2788855977708152,0.15565239970511066,0.06761703524898427,-0.04408220465483017,-0.03901257238054641,0.21599503352498897,-0.07560740154510696,-0.4142365772666221,-0.24536503035492707,-0.11742799784477946,-0.0997059136777814,0.08467839812407518,0.1693374961036269,0.03271039578161119,0.259681370404451,0.12606884878166216,-0.2881172488511105,-0.07845327645845869,0.48958620840471473,-0.015572935755018289,0.044500850747993446,0.2569002482185157,-0.10461993968452986,0.13650061625734652,-0.1095675976061233,0.0440325713631717,0.033346035940352535,0.0719613956218159,0.31327287092661465,0.34338091751041677,0.352316322387453,-0.2567363886521025,0.15076292138000114,-0.10456111007712425,0.34115577673760633,-0.044370971972306085,0.15064692310942493,-0.023900374926235323,0.04672377076184955,0.25625612933899483,0.38269407290155366,-0.1365746963527081,0.37006362742738175,-0.046859222545661425,-0.18177814061113282,-0.09256611137378098,-0.23189295100651355,0.07395130678843588,-0.12085512745837479,0.020410186149847912,0.02812354430760939,-0.2692283407371254,-0.04279675541590493,0.007824763902013795,-0.054720207588076365,0.05024435903121924,-0.03199267825600499,0.07254469378766307,0.061047968058021936,-0.027279740185359672,-0.2390307924035179,-0.066316093472399,-0.01260068548153958,-0.06869616590332818,0.08259824395618318,-0.1343105915058911,-0.03864587252594267,-0.017610881542682713,-0.013714072960847761,-0.18916259620030093,0.0069594916115984645,0.10833886757161705,0.014951390430630988,-0.04479010455858481,0.041273458627947644,-0.22430115859899177,-0.0649427691359543,0.2050472124488646
2202,-0.1821559146247052,-0.15756078809543073,-0.20232374328278943,-0.37618733787310726,-0.04906907156631257,0.030538709226757946,0.14622854644961022,1.0,-0.05341983997835816,-0.4218037241815976,-0.006948957329494401,0.2395998026638078,0.016890349620042582,0.06638922983821223,-0.0392365880143274,-0.08755960906953338,0.057091341362583106,-0.07353719311429885,-0.07993195084637877,-0.0794585767507863,0.03648524998307469,0.07531297452272191,0.14015292598414192,0.08119122951595795,0.16862789194600933,-0.4388872676083738,-0.4104429012844795,0.21985181143062404,-0.035558412302229975,0.1414771054771529,0.5122737375435652,0.3706152687031156,0.23763246599584772,-0.4687285520188073,0.41478820108651704,-0.044598248098606505,0.03448809103650776,0.27793213213011114,-0.435675616872,0.06255147666471302,-0.22752884915315696,0.20486796510275668,0.08496142663359231,0.2329980709475994,-0.02747394975732048,0.19378695013667338,0.4352540794036983,0.02090020256983201,0.3150724019438203,-0.0605807494820029,0.2862637237231,0.04031180234614606,-0.062393004566380236,0.41410362078350743,-0.0294739008718675,-0.5290339454479072,-0.29868120725987196,-0.33409403614801053,0.14628801444290784,0.011295039519486568,0.13794081712218403,0.1557609112386854,0.008606931365836864,-0.10207322055864622,-0.24524352481576003,-0.0943520569910384,0.38113826780234283,-0.14022196478130172,-0.10043251314807043,0.3500480752053369,-0.05575411056028889,-0.1381749322229942,-0.3798731812679779,-0.08984149893540204,0.027954938547066075,-0.013620116754687371,0.3220248182576824,0.4429547850344839,0.37842961020697563,-0.06102322628094663,0.254121659946803,-0.4011975582701079,0.09974137929730145,-0.1486429783457061,-0.0018037291704860446,-0.004648478267022675,0.24803933925300184,0.37622699990559005,0.3649284147124009,0.008976703383445785,0.3022338861600064,-0.004676070584208567,-0.014185074056054,-0.018745850164784014,-0.318461934300235,-0.2776515247621707,-0.07929041986250904,0.09654441983471893,0.00541637217381284,-0.12229438083278014,-0.060117844807357164,0.0027012632230957387,-0.04533027267970494,0.05578210717575349,8.594484194800611e-05,-0.09012655259068822,0.06502385733906443,-0.051074828515284165,-0.43276109672072566,0.03674071692242443,-0.02341882205701279,-0.01821458563320235,0.01358308182162279,-0.14471397004095346,-0.02282129911563533,0.01655868726492238,-0.05775817318157831,-0.21320320950484667,0.020823555001976378,0.22307263969877833,0.001293145166596215,-0.015638110635532103,0.01468957689854286,-0.4808729952710055,-0.07255759202527104,-0.0968086029953661
2205,0.20184463731153812,0.08121101258864481,0.03297482142227292,0.1445784319275667,0.0298906815367784,-0.009736647423707398,-0.1140989825638411,-0.05341983997835816,1.0,0.2281366657263627,-0.05023774395008849,-0.2368910610734675,-0.0329712551910751,-0.062246179786597085,-0.0004382211970383613,0.008168315229661756,0.04449759968128047,-0.010359290903434338,0.08323194677431041,0.0734936093050313,-0.034076998090817205,-0.09427652487704469,-0.1116259942304939,-0.009428890964793947,-0.034814080371814736,0.13465136500138508,0.1980006051793494,0.10795416282070378,0.16487710662157348,-0.0946598943199317,-0.05393891551043795,-0.20421094054347702,-0.18878825364857962,0.09362272676473968,0.07159225560068938,0.0038012214793857074,0.06713445790666138,-0.19089925832056004,0.04198426443727714,-0.03211876258951306,0.04747817286909852,-0.0026221260073554303,0.1544996837345803,-0.20381179572840863,0.014158914719376784,0.00033915908772199526,0.03401760463037809,0.008397867738258633,-0.132153458571044,-0.1618065176415602,0.22956977241896612,0.2077064982932043,-0.026572924938065557,-0.11040880595227169,0.025875530929843307,0.136729167176326,0.09161977702883611,0.0015033783816408735,0.07140408612106473,-0.06092713167614427,-0.040483486158877924,-0.006663126518720849,-0.26469411867985,-0.1456369552098832,0.2900559306368611,0.04990876347792485,-0.276815000174593,-0.013429100044303813,0.028878409852655065,-0.14182480042243759,-0.02598079888337422,-0.1917239721663415,0.07239342400012345,0.008108587951073868,-0.001957246007460527,-0.12131503085173843,-0.1255082704614746,-0.05084793516819474,-0.22287725599229607,0.24462619074111294,-0.03880937286481325,-0.0040474382263117675,-0.14463833106282503,0.08381723770379472,-0.045048548764904287,0.007572149893271892,0.05498408637355246,-0.05928277498361742,-0.21366054670667464,-0.003390613608466712,-0.12835952063694459,-0.003175006835621445,0.11550550192341168,0.13362923120207304,0.17788437664049694,-0.11110507570945101,-0.0005907515949883237,0.039534358856748775,-0.0012188892413084933,0.20760913253971247,0.004654066347913978,-0.004917608895964258,0.023335846746019476,-0.022043358597587673,-0.013345261222215942,0.04589141666227993,-0.00709310559024032,0.021932153883995744,0.07678336889192162,0.012173962807643617,-0.0030988733312229642,0.019178654574256923,-0.013337748107798959,0.07869611810793085,-0.008914224963447872,0.012912260480953211,-0.0018080473289436695,0.13079654855637451,-0.02062790007183881,-0.008675727178837125,-0.014745144691227804,-0.015483622041296772,-0.00945223632557289,0.10386349204812224,-0.005050227574596242,-0.23279516627481642
2207,0.581640419769824,0.13501857514376642,0.21384439843900915,0.7285473547170808,-0.0001773625404270517,-0.029632828427731912,-0.4512698907220408,-0.4218037241815976,0.2281366657263627,1.0,-0.05294238750502146,-0.696906200284649,0.1853501593938869,-0.14839549781303976,0.018753639825572935,0.11200980983003994,0.004927356179182958,0.05851099716634333,0.14195724478601107,0.18673596971295706,-0.10449496300177966,-0.053622006496223,-0.3422600521842428,-0.12615193713350617,-0.28479493579876874,0.5670829646692384,0.7369689686718381,-0.004032948608510925,0.21193644092629405,-0.2777938638124208,-0.6528272243994864,-0.7647629912062207,-0.6086454836913279,0.6162342368187068,-0.41299305866634756,0.15838834422762216,-0.06387110364409229,-0.5727656092971892,0.470964179972835,-0.07699797458740315,0.3747098836889702,-0.25318234940874285,0.18487420829450785,-0.6852713358283808,0.07266702239242065,-0.1289262512221243,-0.32437714104710347,0.0015926624791381672,-0.4432616427788603,-0.2787550722421614,0.006546580130169016,0.15780694439009083,0.049151277425368324,-0.5747911093939428,0.10863315167608946,0.7305305258546304,0.31902152423890434,0.44603192354355725,0.006242502825134015,-0.12692389636657556,-0.2544402985896006,-0.1367199895577794,-0.47400208491857604,-0.19813781714738635,0.6462411319445647,0.12404664785533698,-0.8465451332350254,0.043830346502354824,-0.0638185933766892,-0.6062068724442772,0.047920517745524645,-0.036180014871579326,0.3325358278965497,0.08299510270874211,-0.08549694233200592,-0.32112542178705666,-0.5554377979704488,-0.5915552760535566,-0.6475180230678266,0.346393962469597,-0.27092587787058625,0.4149560214695308,-0.41784204332443214,0.18666453006025582,-0.0282882044274188,0.03805804718916159,-0.24424039090564048,-0.5217239805664916,-0.6425952271839382,0.11379982902856832,-0.4917466946453764,0.10911043974956687,0.10582764161906995,0.0408377900591795,0.5284484906957186,-0.061100511386889225,0.08678446071633358,0.09877805639386888,-0.054721344648800074,0.514405936979232,0.1203923594799034,0.046701252146573204,0.06422165550382171,-0.061784225824457036,0.016794952293671922,0.04841718899913617,-0.11480796581306661,0.08915106526772706,0.5099405943809654,0.03282527269907401,0.09935689394321287,0.014550262879040607,-0.03574553962353055,0.22745209836222668,0.11972524459744989,-0.0040082502542993295,0.08974621084931149,0.35426959518346146,-0.07660444730639271,-0.2659560039267428,0.052009303166829744,-0.01093827519005963,0.03580676932257943,0.5151273267597252,0.09319918250635499,-0.16928246506606945
2237,-0.009008863050069326,-0.08239173832348444,0.09993781966851001,0.00999578122001699,-0.10248917316960988,-0.0021181517930657363,0.08170875050063042,-0.006948957329494401,-0.05023774395008849,-0.05294238750502146,1.0,0.04880651308557259,0.1204039383864809,-0.01638824863291029,0.05894018793854843,0.03336842915995566,-0.038341836880284356,0.029719661287273456,-0.04525583618861668,0.011535309548786524,-0.03805099725082545,0.045743938779370226,0.06576027922400232,-0.01829072179189873,0.032652975666047836,-0.10341565758799126,-0.13329826978612333,-0.022465241582193037,-0.17024284253217067,-0.007256315863821589,0.08094536998745934,0.04691450693529917,0.14160013721808368,0.032562198734252965,-0.11682202283509784,-0.01558801238708273,-0.02036199519196821,0.06585136332298226,0.05504788107969877,-0.013188022234001935,0.04971230940902811,-0.06595764782327514,-0.23798695049809773,0.034985203701998875,-0.03416615189317501,-0.03121780361363615,-0.03253132202249876,-0.007705197757969073,0.04293912686655603,0.13308384022297368,-0.014001980499338942,-0.26230897395382824,-0.03202968533521269,0.07222916306611672,-0.05152619407829676,0.02142032185340882,0.06565746445974142,-0.005868845959200081,0.05752533266955519,0.021346369985939636,0.01216137004529501,-0.06655004381235884,0.09899683296491027,0.015399292517093096,-0.1446625441021644,-0.007823601214525834,-0.002071448825721286,0.02619822541266767,-0.16248539191440217,0.08650391077005642,0.024861175192036986,-0.024921550211984445,-0.031645735331889635,-0.008040847473376307,0.03551514012846835,0.022919118822075493,-0.044621635677615554,0.04456572323087181,-0.02451920284433629,-0.15737105250367953,0.08137056528448415,0.11927864094584197,0.05433398698787307,-0.04851194657828684,-0.06616071485256375,0.008291371691423473,-0.0631439603165288,0.00741620482879491,0.13019272452125838,-0.05019105150768802,0.11056521041650236,0.017098080101321966,-0.09885803592331228,-0.22763798733155083,-0.04312809199933596,0.02233317574434576,0.013722818748802898,0.025148458114511787,0.0040067018670521815,0.022724384678915688,-0.0005719983252697458,0.027751763334565055,0.012627851781563632,-0.036284228241214835,-0.005330278271712612,0.031858185189112716,0.021834886721397297,-0.004188751507047309,0.022541500649510837,-0.037869124945077985,0.022338492090015708,-0.007568906786183961,-0.0141048504107158,-0.04256088697452509,-0.005142925473741145,-0.016409851029470738,-0.028800670878775317,-0.1473194916380282,0.03316124753871947,0.04509526492479744,0.027160712547988505,0.019380743514220557,-0.030652832401033458,0.04200816789273647,0.0037131923351402187,0.024620524485455923
2238,-0.5576587218996988,-0.052876168872093524,-0.06475123036758011,-0.6884042040900359,0.028031302943231858,0.06856684130363383,0.4328524700969757,0.2395998026638078,-0.2368910610734675,-0.696906200284649,0.04880651308557259,1.0,-0.20912781078670775,0.14477407862648894,0.05728734553009726,-0.08173254296845883,-0.11393748400029415,0.048490244215165346,-0.1846220415668638,-0.1847413092668474,0.04803201702385919,-0.05803279147916355,0.4904723626902274,0.1341595557237493,0.20761542030297161,-0.4630016599561096,-0.5890960498131526,-0.1644420221603032,-0.19671011115909892,0.2601912143240808,0.3493791265486216,0.5306578617317522,0.637420600071782,-0.38226883667437883,0.14674455178849702,-0.11620412766431838,-0.08636578408229453,0.4480060838483573,-0.29729669087276267,0.020277982532973086,-0.122033112783515,0.08787221372641169,-0.448482720711055,0.7794470970516153,-0.11581439716579639,0.1292984866262214,-0.11181344055264804,0.05346843990362017,0.2917463832294233,0.49711693225879966,0.047310987652713604,-0.2426295446740639,0.1578809098000996,0.2808283982071945,-0.21090512063916958,-0.3652900417136928,-0.22024101729190326,-0.15781314448692024,-0.11877603660651344,0.17523556365235554,0.20566992579032808,-0.012143800408565893,0.47527423337006386,0.3873062910525554,-0.6028143648366985,-0.11586734849318805,0.7050742400262601,0.06752281644086833,0.07220161202729358,0.34410730972397013,-0.028887951250145438,0.14256983016232863,-0.11934870874867307,0.03388938754204417,0.12995055737133374,0.40849954795504867,0.2978690797561804,0.3620828281425533,0.3467368604964591,-0.5113534069642675,0.12137780185392101,-0.041380886130761005,0.5236573531320016,-0.017691634399312775,-0.005010548699069686,-0.025448336095899308,-0.1376785095108237,0.14085349895333663,0.3831832170466603,-0.24961005031234543,0.3227297278477675,-0.059287419056466624,-0.16380796841074052,-0.21285115267207913,-0.3265303427717644,0.41629245279977395,-0.08156320590767369,-0.2690307279351135,0.05205635694011239,-0.46839919421462406,-0.04426096442381509,0.04716103801580769,-0.01113869569406258,-0.014732861694945178,-0.07028104721756423,-0.0974759133742727,0.09814783202832977,-0.02071347347170789,-0.34648992604083606,-0.10632941917515645,-0.14723234528986065,0.06030687895482522,-0.017040189310558528,-0.19744705100525048,-0.14581334661316717,-0.021297770928278774,-0.12449381857271123,-0.3287084899262712,0.17565385763251,0.1924032804993748,-0.06542707205972997,0.010335608690255455,0.019316012790769468,-0.19843838641122652,-0.05988671440014642,0.4848829212648251
2239,-0.0903733234564422,-0.20893379788765726,0.082609190992531,0.47246786582407135,-0.08557188966092855,0.025182394302357476,0.033169057775764864,0.016890349620042582,-0.0329712551910751,0.1853501593938869,0.1204039383864809,-0.20912781078670775,1.0,-0.08039992523420635,-0.049058854179412754,0.1436130369536145,0.030494937057135626,-0.022403719808389153,0.06157882913428224,0.1590519958205128,-0.11860869991711923,0.3723196683806712,-0.1810763287202269,-0.14190585291764032,-0.002124824165722113,-0.017577304943817585,0.20558816653255726,0.19213971109483483,-0.04735247437663138,0.04969240986581539,-0.041022233470210674,-0.0939193032368916,-0.005092383735020116,0.1356171457461279,-0.0006633083624929865,0.10571756036947211,0.05048945439071616,0.08241155030796253,0.16243003868515687,0.07017332279121724,-0.06152934709634137,0.12262635721577583,0.07536255456579412,-0.4553862328406747,-0.07955859629088742,-0.0016091010855153291,0.1505603227875988,-0.09140785501724066,0.12092175732698413,-0.09807427883784188,-0.19843051490744731,-0.11038682247207994,-0.07856352295267541,0.05890603513721147,0.15629640293252717,-0.02997331873201344,-0.015018894643986853,0.19278287449887005,0.0896702663023454,0.02974705687954011,0.01457387989983104,-0.1604876383575086,0.016199988766984433,-0.20672645575995552,0.20880677378209886,-0.0028560494834522204,-0.12166933717321704,-0.0581356222012231,-0.37146464045456046,-0.055562825781346414,-0.11986191250003364,0.14607331422648312,-0.32711123541002907,0.13265975575896968,-0.13010554570991215,-0.42835157900530874,-0.11360751011282828,-0.021812043992331914,0.03159960567309279,0.050761278166517855,0.06276614628513029,0.2798662239784982,0.00690704092823308,-0.011785927874762974,-0.2036972224427339,-0.04278949961205973,0.035780366914479736,0.19325093422805947,0.25976050589886795,0.048779232124696814,0.05926748604807349,0.11420170572729413,-0.19265917492858226,-0.41669372129789944,-0.0335899884657403,-0.2820978037468657,0.00628599479093576,0.4376120270746761,0.09265488010700604,-0.026678095577329038,0.08933400692521908,-0.05675354529441864,0.05462095199738421,-0.04723286745966764,-0.032497420734157914,0.09975533313646817,-0.13248018637618905,-0.03368101880919187,0.21498244749335255,-0.07289852866111365,-0.004867781736976888,-0.038562746340100096,-0.03462498776245972,-0.045170040587031966,0.12448652129001632,0.0030174629176445227,0.0313253878642776,-0.36525177738790954,-0.19117677047562137,-0.1290086364970479,0.05254112984531004,0.005089693096824118,0.1043004068882323,0.010960323597137714,0.12038314319129859,-0.022207446150357375
2240,-0.1764082122198892,-0.05237166468214355,-0.07990501597686049,-0.1855449459553236,0.13427934101021963,-0.03204937927434546,0.08718765587309431,0.06638922983821223,-0.062246179786597085,-0.14839549781303976,-0.01638824863291029,0.14477407862648894,-0.08039992523420635,1.0,-0.07074538519415324,-0.019515071847149592,0.025623802130430695,-0.025708922838392,0.019620373666179917,-0.02047313704723194,-0.0031304330101681057,-0.021983774171785486,0.05923857693837253,0.018997888994289867,0.06986299491323343,-0.11400704276012948,-0.1814318118930324,-0.007659406883651411,0.02551379211303124,0.05053958027755013,0.10428230607063921,0.09780905673904469,0.14248805610331214,-0.1560995496070867,0.06301112221417761,-0.034812883448484405,0.03276119679859422,0.124334926240051,-0.17225685381503097,0.02200310834592869,-0.0654698496547599,0.0844193924799311,0.028070319030373235,0.13641977417498152,-0.034694599549005466,0.015189713311035084,0.14552970929879286,-0.004494944632123994,0.04560597319824944,0.03158555134342475,-0.034440170804357455,0.04803512185763281,-0.02208226447196853,0.12874158064636698,0.04756229969003879,-0.17814032795503335,-0.05357621772139117,-0.09485648043180545,-0.03505200186663504,0.02822634656550143,0.07545886768903823,0.004972343915994,0.07921296030682262,0.062040594796678776,-0.10653092688446561,-0.0018666057363173967,0.17380662378410466,-0.022631073884389553,0.07788081359443734,0.05336108374478597,-0.002100838519758482,-0.04680706668471319,-0.08135275298010394,-0.07129336881976778,0.006804680476471944,0.029033175807485465,0.1589069628353183,0.1499584119553314,0.13622920333741656,-0.001987885380033539,0.003860506230173947,-0.10490886760242017,0.03149762029540804,-0.0011325006481222137,0.056418859386787285,-0.019462493630836485,0.0610807122643609,0.09608746332609132,0.1404201427441224,0.014009346946430124,0.07661626809540692,-0.017439362808246688,0.0629798122935593,0.039268646668032696,-0.03180370733648368,0.04514778639800037,-0.01685147222089994,0.003721027542444251,0.04920641214247147,-0.11033822350518951,-0.02716016093697749,-0.0055713767261463265,-0.021699512017473825,0.00671078747538404,-0.0011769700778025119,-0.08088068931715377,0.05136121501991927,-0.028782699975291415,-0.08700136215221965,0.005544296391593419,-0.01894835369350132,0.008232486489751032,0.018004796466492043,-0.10987224951065623,-0.025650736550340916,0.020051715523415094,-0.03590403552045324,-0.05859246774096727,0.002930414708988078,0.10738408696316676,0.012043558373636258,0.021406386678813567,0.03175124185414549,-0.12730909535127477,-0.007457863412438969,-0.017328905958204598
2241,0.04042449135826065,-0.04706834252472651,0.12754674599028284,-0.06386266848848651,-0.2296127513404777,0.055768306687536795,0.009046752860839734,-0.0392365880143274,-0.0004382211970383613,0.018753639825572935,0.05894018793854843,0.05728734553009726,-0.049058854179412754,-0.07074538519415324,1.0,-0.021461711827754963,-0.12218826276385995,-0.03112493359755973,0.0007632571599131857,0.007508995136961241,-0.07060225920950815,-0.0689588592320527,0.17005397289977495,-0.006868683544004907,-0.008431136782834055,-0.022375532391658733,0.008255922119746724,-0.04148943685380037,-0.03409364008926685,0.0711895159529576,-0.045721590034004,-0.10444467654604948,-0.018722102342952983,0.012968396393862158,-0.06953477059624213,-0.0030787793532343305,-0.018441947049425287,-0.06457182095492142,0.07748137433386647,-0.030246042371642856,0.08933173830266188,-0.011684801032533334,-0.1159652916534635,0.1071149563926274,0.01715171771630069,-0.08815313364180433,-0.09151781760897719,-0.013902887553260418,-0.09185441397132715,0.1976543389767857,0.1177225501005163,0.0583849208115003,0.032513488308832716,-0.0918079813163754,0.009120912113594967,0.11164031762932573,-0.04468498293236611,0.09072805308908877,-0.05438139860384155,-0.06567329310647096,-0.0018663388849529952,0.004526581747565247,-0.060416628403249836,0.14191803024098076,0.03463457591393276,-0.038228612981704345,-0.06103974978033391,0.044577022829083025,-0.0028695017850910672,0.002394101514424335,0.034162498806201355,-0.11127220289522746,0.14640982284014037,0.04527493897822336,0.026328826447020878,0.03621018067047404,-0.05781991905153562,-0.012073852686097637,-0.07380673166643033,-0.10331492597290134,0.037282569981618045,0.04253661736813884,0.03902749450977767,0.07572554990351447,-0.01844712134640902,0.05810625422582116,-0.02159209095490974,-0.10048719834243333,-0.1464606964834806,-0.017507179813530362,-0.008284867513901338,-0.014730227666716621,-0.08492342507962623,-0.040063497419534466,0.07451560543512269,0.0902941869983277,0.006332799555397881,-0.15933948828200242,-0.030585937086461956,0.10090990040717414,-0.01804475403251548,0.012754430777726006,-0.010124592842342439,-0.008596567536668572,0.031850697846197346,-0.0007703299638156768,-0.01893987578651682,-0.009803390577035598,0.024720188490746167,-0.012225839914832861,-0.055634567515620834,-0.010661698664486121,-0.05299540388518261,0.05835167973452133,-0.0065890050658489905,-0.04009320131839716,0.01358104548778777,0.04735161431370292,0.09782534411247026,-0.0884475512154365,0.017624385237685527,0.027786539302118628,-0.034904478727871974,0.16062169169336715,-0.007503004891983573,0.017057992963003324
2277,-0.020956603103966243,0.01656560542257986,0.040779142168732414,0.18019782639226253,-0.04284259305318084,0.006346281529096608,-0.020247985300374423,-0.08755960906953338,0.008168315229661756,0.11200980983003994,0.03336842915995566,-0.08173254296845883,0.1436130369536145,-0.019515071847149592,-0.021461711827754963,1.0,0.11477462290492975,0.012708806797196588,0.03270993369694905,0.06848812313895099,0.0028145461072698256,0.06325751816685755,-0.03623247112238023,-0.022450687013633373,-0.014022407154204776,0.10071331243873885,0.058219147981818896,-0.06027250890475512,0.03202458839477703,-0.03102287553712542,-0.16365160262266312,-0.03466597849780332,-0.027385569370748618,0.13172652909373006,-0.04705555016627434,0.0346526530591415,-0.005935212994151237,-0.034264960499698245,0.1690999633902141,0.00020331281649882713,0.06991336138724892,-0.07748081074981326,0.006076872008053331,-0.07292447582788145,-0.02875085873767412,-0.1040010879772526,-0.06535163721480745,-0.009618467576406244,-0.003251114311300158,0.03424989026047006,-0.1534725932142162,0.027774489097851542,-0.040336452166117635,-0.05388425876630685,-0.01907678111226599,0.12441817614063307,0.0793310767370229,0.14009949091293292,-0.09341264593716433,0.012484582549919944,-0.03222580158686511,-0.13343812095861315,0.07437838191382486,-0.04108371060124917,0.09488395726396831,0.05211308695134721,-0.08809473770971997,-0.006366434232870472,-0.010240718577699212,-0.043021684457172575,0.046493215074344646,0.13593822116048354,-0.0026249275884218906,0.06508932766798856,-0.015592542342164797,-0.00899583694781061,-0.11758922361501221,-0.11753091390656921,0.002473042889392259,-0.043002341437336014,-0.05871631466070787,0.15577534301971707,-0.10749453845583502,0.0014616755812202793,0.034493554917571716,0.0038922269696933178,-0.014982232711197786,-0.08864808960523368,-0.03921026938748595,-0.0338613466471863,-0.05489709729527297,0.02501556734565891,-0.06352141183496571,-0.08331074069325063,0.06469938402020413,0.11787180356862467,0.006681881137713414,0.14785262117139267,-0.009647040199457856,0.059585486626575854,-0.011638115477889654,-0.0019407101271025303,0.019250977190295726,-0.014009769008537032,-0.005193262761235768,0.11388017268402802,-0.013631154297406906,-0.003107312344171308,0.20968013814295366,0.006942843027291292,0.0019534752956929273,-0.021798080652473198,-0.040324138316152294,0.02762566382356245,0.03326635292671023,0.00844239515588134,0.04372538731894258,-0.061469538830739134,-0.05791071967487193,-0.0750896802820118,-0.0068015782729990365,-0.0032279094350337605,0.023665436830073182,0.13577003566660184,0.05400203362436252,0.07364336618704297
2278,-0.07515850644859166,-0.013796328346682488,-0.05475567832376707,0.07754538188975847,-0.008299260397092556,-0.041904851411991836,-0.055125819090976295,0.057091341362583106,0.04449759968128047,0.004927356179182958,-0.038341836880284356,-0.11393748400029415,0.030494937057135626,0.025623802130430695,-0.12218826276385995,0.11477462290492975,1.0,-0.058824247711295415,-0.0024618241325636615,-0.009009296366935768,0.00375293459869227,-0.10276295229997427,-0.055242399221140395,-0.09406613454759369,-0.032263279076926506,0.04222824186721125,0.03344207165615463,-0.00828729071607464,0.05652363063555354,0.007582799039676437,-0.021382602128331867,0.04309390060319838,-0.0950087377303561,0.004553766947707143,0.12129103586133315,0.023377124459028103,0.005731727404827049,-0.01676166370726566,0.008608626744063336,-0.05298646930550894,0.014668420665251175,-0.07106648411590796,0.14039292035632503,-0.06108113691657328,-0.08051957169009327,0.05589586000760228,0.06268534099298312,-0.02528320340144145,0.029098351180735945,-0.04758284466527965,-0.08220003561929326,0.010256423059484567,-0.056597113247847435,0.10541653130077601,0.04845107834008229,0.007931540022191465,-0.010424984447242436,0.024312557522339615,-0.04849356554041445,0.014293470769003615,-0.08582983904145901,0.032429042855612475,0.0073508574704435935,-0.099390413631616,0.009062845123833263,0.08102853594556862,-0.0249006582529014,0.08496535302056055,-0.035958156768952365,-0.07109846560540659,0.02037327062407132,0.04184334989720521,-0.0744435984485615,-0.09578003967371503,-0.014907504372736658,-0.07775576517237359,-0.08315803157611229,-0.04340614509679676,-0.03766349048024055,0.1305950988015987,-0.12344418911962249,-0.032676873453772994,-0.0724136422344678,-0.13128153320930622,-0.05308509123875441,-0.06203897852868073,-0.0016092744036394057,-0.06722204611098417,0.05518190304035245,-0.059711220446057804,-0.05958458502691823,0.041016372823866894,0.054580753451213604,-0.02129422500309706,0.013580822471562098,-0.010154608772749785,-0.02575906318663676,0.10263099970127101,-0.003970624133217555,0.056974328841919136,-0.03214592290980485,-0.006169062228081487,0.04411612371247466,-0.07426004209150963,0.03990695298011055,-0.06958019490431387,-0.02421353964010295,0.02435345787679007,0.07919933366106012,0.028338932655670803,0.02526024209086647,0.018519614338955735,-0.03811696916245702,-0.017428019068374583,-0.03267350051214915,0.06013821641050357,0.0875894260360213,0.01941377163107899,-0.062333731793496217,-0.08596049700355009,0.09498087007305203,0.0933948430478921,0.03300039429871544,-0.09712234073332705,-0.031245135438874232,-0.029667079907737766
2280,0.026420115200309804,0.05385169292234116,0.016392700304716828,-0.006402808921800153,0.035595369530452545,0.001129310460194394,0.0012988646023855811,-0.07353719311429885,-0.010359290903434338,0.05851099716634333,0.029719661287273456,0.048490244215165346,-0.022403719808389153,-0.025708922838392,-0.03112493359755973,0.012708806797196588,-0.058824247711295415,1.0,-0.002838834464849103,-0.006539631151082959,0.03639823609762251,0.053954503767390534,-0.05256350115408604,-0.05922202187330342,-0.03301737281042429,0.034177755360864,0.010971767394052376,-0.015533473162548782,-0.021421246689630923,-0.006098483754614458,-0.0751528091260172,-0.05334646456025244,0.026871754061022622,0.14181667371703427,-0.019186636275630196,-0.016117490998216636,0.01793313165757129,0.00626609179318202,0.06504860459000732,-0.0324897191715557,0.03072252327470796,-0.03973897140550762,-0.0927280586330063,-0.029347515656697368,-0.01934544230845357,-0.03983270583690639,-0.10899613972443827,-0.02798555597100948,-0.08519330885662262,0.007211642213962244,-0.05419640121058441,-0.10447123765926317,0.01748074919438671,-0.05324238878541812,-0.03284671855222831,0.08425286885612415,-0.07090127961124217,0.032330071588402946,-5.3402448660534175e-05,-0.015564902994300744,0.02605894426528331,0.00023403549918527843,0.14575912216063017,0.09831416490519436,-0.025843111374752866,-0.006035832324656068,-0.013516606203902602,0.04490494175455364,0.008962440062170422,-0.10590989864568923,-0.01950160457740427,0.044233973461569445,-0.007533427314464702,0.05244809985440876,0.008815806206446092,0.040068644844100526,0.011683559433764607,0.02149163402274137,-0.022533619452925438,0.03620103815751053,-0.028534644033497994,0.04944952990911301,0.1675765799217697,-0.04739698113234285,0.0050294476459996655,0.0216969659610133,-0.007987606649508308,-0.09974067026704321,-0.03169580901766706,-0.017491043713049916,-0.01615877934031822,-0.029617191721210724,0.035731749245243985,0.014936678380492046,-0.013707082669788437,0.07214863360285244,0.032593078046235166,-0.07900963546007041,-0.01724441233184737,-0.07668978238722804,0.003824890367514659,-0.02321304198414568,0.018930436336753308,-0.06290787388263563,-0.03394421907141688,-0.028235074794619022,-0.0029109009001843135,0.021873414049215625,0.04690114700853828,0.008849951697526148,-0.0026688865600654975,0.015905193510438044,0.015605241562129583,0.015644078395254914,0.003812585735788152,-0.029223876379432,-0.023177803376728465,-0.04151098939647496,0.009888332594170293,-0.017742840793454624,-0.013194151597586709,0.00782048629931837,-0.044877029268142035,0.11337081656150176,0.03508866590241403,0.07198334389144818
2448,0.0815212160351857,0.1084211215454773,-0.0069252236270599754,0.14800502037052707,-0.06795616487750854,-0.020024490899585034,-0.055196523396955986,-0.07993195084637877,0.08323194677431041,0.14195724478601107,-0.04525583618861668,-0.1846220415668638,0.06157882913428224,0.019620373666179917,0.0007632571599131857,0.03270993369694905,-0.0024618241325636615,-0.002838834464849103,1.0,0.022739066474301968,-0.053361761041529454,-0.09122228541092339,-0.06514310827560213,0.028524599071155846,-0.02658797506810098,0.14549795923470848,0.1471815318511828,0.05764806578433423,0.12757150356395713,-0.03558233422213376,-0.1014338555061163,-0.146965661183895,-0.22424565994309736,0.053128245911069516,0.03477251054867209,0.01868977454081537,-0.004206848796303344,-0.162276398555467,0.05442378877372914,0.008431215274895919,0.025639689895458805,-0.04054534818430896,0.11921081159744681,-0.19451526689803517,-0.014281378444386532,-0.11437027035222869,-0.005977749247817872,0.008611875374609045,-0.10118684032639096,-0.08941892572891876,0.0745215984897419,0.11785411934747683,-0.03525813523571318,-0.0981664549982558,0.04395367992986496,0.08631890647506406,-0.024690907698958802,0.09330053668018046,-0.005659640861047878,-0.0022718238007530976,-0.06267799479019578,0.026299038089257102,-0.18446829614282717,-0.15629346461455965,0.1929095712884897,0.03249908057990882,-0.17271163797414174,-0.009159096815404874,-0.005808265986341444,-0.11581303506221137,0.04000290696827823,-0.06098705766019339,0.16265957425617722,0.006054111013975823,-0.04816967998655006,-0.08247768020698702,-0.02483776959001079,-0.11118987791424656,-0.06660540733181383,0.10998887464199461,-0.06397449771411494,-0.08098331998536236,-0.12058381300492742,0.07570225360055831,0.15392495923629196,0.017192016738204103,0.05513269038840075,-0.058354230937265585,-0.10332640607379062,-0.003212938077206672,-0.08388303049845135,0.04081724328876804,0.016966326544106992,0.03960449751358966,0.19262819322866354,-0.06277958350143144,0.02031521935371105,0.09526665269330713,-0.05027677991585988,0.1819021817443988,0.011603445795823274,-0.02201652782558772,0.004126756359327028,0.03961438518751317,0.011652378552455834,0.05312007755784402,-0.035202500644828355,0.022136473042992308,0.07367469478451051,0.017850522231517747,-0.006399509795470129,-0.01307246950830853,-0.030991704961866432,0.01611436911744237,-0.01095698189955186,0.009338976919676889,0.06284179510618212,0.1793589912927346,-0.033877877582040056,-0.09563184066836763,0.0011483949426065062,-0.006150851130975684,-0.0013092548953236405,0.09494749606519952,-0.0156361079026931,-0.10001199523450648
2484,0.1605043190191063,0.021289343052987023,0.024798243969524073,0.14911312564007892,0.04191046135929505,-0.002577454840008209,-0.07656606960346236,-0.0794585767507863,0.0734936093050313,0.18673596971295706,0.011535309548786524,-0.1847413092668474,0.1590519958205128,-0.02047313704723194,0.007508995136961241,0.06848812313895099,-0.009009296366935768,-0.006539631151082959,0.022739066474301968,1.0,-0.028452140803591222,0.014210773151525542,-0.10165280366453729,-0.06567743281960607,-0.06486590049962103,0.06492978525437075,0.06816464331749754,-0.016798280710065904,0.06423355296630624,-0.032668891434910405,-0.12215485597071878,-0.15610627406137578,-0.14232853702207562,0.09194464711278258,-0.12097995130994464,0.0011472124693233186,-0.01759022411643443,-0.17018144088301626,0.08858113830958715,-0.036187792952715306,0.06732425351490597,-0.07429216724753068,0.11331027766043027,-0.1748646980979727,0.038456464375648196,0.002941119572211474,0.07308710023532386,-0.0054291466817492865,-0.02338731526973783,-0.0492176503104866,-0.05705662508762581,0.07356568332499777,-0.025388958036377272,-0.19073852567566776,0.05808461846109427,0.07176535976452558,-0.014473638373500915,0.16791022308237089,0.03918648019820973,-0.04389671529194313,-0.0036896289039852954,0.06794896666821157,-0.06040201871528115,-0.15047356419916058,0.18022932267701514,0.0045358612676078885,-0.18496825909853484,-0.047994217804856604,-0.06130105189063395,0.009562854852887487,-0.02544646783121616,-0.035469927105410276,-0.006404080014308413,-0.08190906828692997,-0.09533727350178718,-0.14058579670939153,-0.1563253281566635,-0.08234321886554899,-0.025835515701535052,0.027008623349565136,0.03655289700847384,0.05415986842437545,-0.04582117156479517,0.056704694126901295,0.12435114680252689,0.012069277117173769,0.0007307272742798071,-0.0702235734855383,-0.16239818166486,0.08951115883733411,-0.056128149863414224,0.09217921949745668,-0.04127262782256366,-0.11347602292047812,0.0887076863563617,-0.07627090097758779,0.01635895458703256,0.18393117476494933,0.008710047269474148,0.11853373260778953,0.017798831473551706,0.04013740427733288,0.03207001804210722,0.010894126470651695,0.0017240949690414012,-0.10352915091780111,-0.024891798426698215,0.00039145354067804584,0.1146627747423359,0.058434289927921414,-0.021481274524812115,-0.029623718667874423,-0.007831143768820102,0.038336063490792535,0.04449272917405628,-0.062009112632626116,0.0771357212120639,-0.056878160860422515,-0.017459454661984626,-0.07048664583670498,-0.031170478034879864,-0.03206825459164716,-0.021040079090686146,0.08284166598921017,-0.0030086898223510954,-0.039549207334229966
2541,0.050568267880426426,0.1272465813376728,-0.03359432667600914,-0.1702971799773214,0.01444428265543206,-0.0028589564811243246,0.07597686980083987,0.03648524998307469,-0.034076998090817205,-0.10449496300177966,-0.03805099725082545,0.04803201702385919,-0.11860869991711923,-0.0031304330101681057,-0.07060225920950815,0.0028145461072698256,0.00375293459869227,0.03639823609762251,-0.053361761041529454,-0.028452140803591222,1.0,0.01056713960931301,0.024140397757471923,0.03846552015546392,0.052485931511779334,-0.05601921643226715,-0.06153731367802996,-0.022587762873792078,-0.008836769415498644,0.028222686364389148,-0.011588075093996364,0.13459249283392935,-0.01130009833839504,0.07272403735627177,0.08815551829314944,-0.017267904166353355,0.015572643250640686,-0.016021593307860234,-0.11629196053572004,0.011706531716513325,-0.0509551369456596,0.10713618797356576,0.06696629726177222,0.09335669070228213,0.05539368232082109,0.06720489259167499,0.03151462501361615,0.042876242970342204,0.006771913902037508,-0.05198793644494447,0.045096601563316976,0.11172657096704364,0.02815889772125052,0.028514201600300257,-0.012501114262207343,-0.0729481867463457,-0.0962966420837481,-0.05649292786403199,-0.0034348916631864895,-0.04060057096110893,0.00011260475603523001,0.1613101479735615,0.03799055193347913,-0.07037141469146686,-0.10710277058667725,-0.019808644149302338,0.10919136060734268,0.024353233217283794,0.05844750224151426,-0.036607532294706945,0.04701599464578486,0.0006990988472221732,-0.0433127695983684,-0.10029448486116632,0.028338094275705192,0.07259085596011772,0.10489847768710325,0.09293365594281358,0.056092806557897536,-0.008241650617279474,-0.05407863231882458,-0.1805943052413651,-0.10322383637178323,-0.0161247454739022,0.0605228232072943,-0.0051777411418474206,-0.003924834191619619,-0.035101730327120814,-0.006902999394761175,-0.05450668441093421,0.05779705168555849,-0.01466781006966666,0.055913847485419166,0.13612830198459702,-0.05836362731985237,-0.0029243854033587056,0.01773931251388513,-0.03585891155842455,-0.0047534321725981035,-0.05693283581430747,-0.020941197432613985,-0.04140381721858316,-0.02781126864006109,0.02418429050447291,0.016635855676824223,-0.02280705048055947,0.01443387559616359,0.02507328841656511,-0.020397274026733175,-0.026032144490224018,-0.028111436076464456,-0.04677579744697999,0.05148260856041387,-0.06793409330258156,-0.012379541244370245,-0.032210979422735306,0.015285422232016243,0.02329869999073771,0.033051577216662534,0.07141847877131306,0.01709728539480328,0.005681605469126669,0.01868248834905952,-0.16272105680189825,-0.10024072837155688,0.0009857538709698108
2648,-0.07960621574317886,-0.24508309272214032,-0.07250368221082966,0.23257820223561082,0.08878025628367345,-0.02462827976062771,0.011139296382531935,0.07531297452272191,-0.09427652487704469,-0.053622006496223,0.045743938779370226,-0.05803279147916355,0.3723196683806712,-0.021983774171785486,-0.0689588592320527,0.06325751816685755,-0.10276295229997427,0.053954503767390534,-0.09122228541092339,0.014210773151525542,0.01056713960931301,1.0,-0.3260600180846025,0.0001958301329410528,0.14260142626752206,-0.24812281424610905,-0.06419395860002582,0.3497516510804311,0.03747272893214954,-0.08693339337760135,0.18680932186742077,0.003575792611807604,0.030939059947865617,0.04019473404944091,0.2180194000689716,0.10401874191867193,0.038681173394948434,0.2762357334720234,-0.07081758744966123,0.05173698466872901,-0.12383104364203727,0.14079580311316764,-0.12516026978119982,-0.18131514556883227,-0.11001249529436137,-0.034797105088697045,0.27586308897095624,-0.0012132178447053872,0.15280160187840397,-0.15016622966957824,-0.04830802985612425,-0.21998832170114563,-0.11294222014815714,0.3081112566293627,0.05523838965236428,-0.08225335329338283,0.04714209419149789,0.028476525802162537,0.27311236496507674,-0.09156167509762875,-0.08222021641326825,-0.19988591246706525,0.0011808672015644057,-0.019551707678258545,0.004727235253918024,0.014683060381722969,0.04905271064849842,-0.10123001631637438,-0.3686275230151079,0.07243551012841096,-0.16928054070012521,-0.14090031760298086,-0.5883656234587762,-0.031161783021000748,-0.033731578074968675,-0.34347580501595043,0.05016618443185628,0.3038113346789009,-0.03792643129813798,0.17766890292200013,0.20083575692375788,0.07197093107340717,0.044988062445244906,-0.1205470023844276,-0.18762839328695685,0.016257639794721498,0.1449922667960178,0.3386038795939502,0.37337158318305086,0.2714290807149369,0.05663555277792829,-0.03457056748046962,0.030164056788470638,-0.298946808442456,-0.29176698401495044,-0.3392084801495427,0.08209935210573546,0.3115913564088119,0.13119077876307494,0.03370840947478108,0.07825642815186738,-0.08258875469444273,-0.04286828409773244,-0.017545343970288525,-0.04501227284697587,-0.012072928959751374,-0.026333475270491728,-0.09613169873509222,-0.1506472951587427,0.08309308098227389,0.003208413444880351,-0.11545466084917615,-0.07533154503225953,-0.11015999894581736,0.01992521961639373,-0.04941210889047459,0.001411008588375061,-0.3615542509512901,-0.05520114491081166,0.051179537495004535,-0.047272938880304136,0.03041823983235027,0.005376584917987152,-0.2393557575152766,0.16717748859602846,-0.18013556688232318
2678,-0.19239753206849106,0.08649275281158797,0.014131077767707311,-0.5145241803997528,-0.31380462704183243,0.07744201949079904,0.30792506571634504,0.14015292598414192,-0.1116259942304939,-0.3422600521842428,0.06576027922400232,0.4904723626902274,-0.1810763287202269,0.05923857693837253,0.17005397289977495,-0.03623247112238023,-0.055242399221140395,-0.05256350115408604,-0.06514310827560213,-0.10165280366453729,0.024140397757471923,-0.3260600180846025,1.0,0.030317835694329113,0.03432550331083808,-0.06704067110624047,-0.2501021857543917,-0.2817941269722395,-0.11626468526210727,0.2603894071691219,0.1377328254453319,0.29738616173444976,0.32528701961630835,-0.071949292967097,0.005910175849545268,-0.12056513622298425,0.03208997925299375,0.10827015438233797,-0.13566548999281447,0.050182229495763495,-0.08441264566468665,0.07683675359743994,-0.09995649606302566,0.42164306029001314,0.00341918771210174,0.16975795346345424,-0.19260592064893367,0.040137126589531835,0.10317144620613108,0.36940698887025214,0.12795933855881786,-0.00756265843995078,0.22531969818650688,0.003564317856075749,-0.13161910229862947,-0.19601085994523723,-0.19481528890011676,-0.1225577855456875,-0.1757141266257764,0.13556277919338888,0.1639172366401689,0.2592555687011065,0.1548507316258103,0.17149378646156774,-0.3114665495430222,-0.04060145682642285,0.37873957174524925,0.05372706534635133,0.22441155803907645,0.1820783096692012,0.09095568308954403,0.10115962626721796,0.27086099343041964,0.04393365785910625,0.012565264330111712,0.4059647183062905,0.27587621976877064,0.05479612130524826,0.12726975169061297,-0.2434103424730689,0.074313832807741,-0.14670608780054142,0.16917728236448168,0.07853466022133697,0.25377396137990865,-0.0021499973860587903,-0.027045609014067853,-0.08248274977667552,0.03600328807591714,-0.2693886558762271,0.23454892603034075,-0.011703872283655617,-0.14151854163831645,0.02767322652546497,-0.0509809362416424,0.27789786668507954,-0.05394251139122637,-0.26448924133084845,0.015960443484389183,-0.23762920125200546,-0.023817165396491695,0.054424818556466935,0.047225418431096594,-0.0022598104655975225,-0.010911602337588658,0.01988837883089664,0.002635248406802436,-0.007496412802769049,-0.07293539563354536,-0.09811111508941239,-0.07218287986943503,0.019362551911476643,0.056378453642787194,-0.043184428011725666,-0.01977002815577431,-0.021383405420092073,0.008628563220780585,0.055166323661211734,0.15719917414442905,0.10501345337258723,0.00501228563660644,0.045520700383180575,0.06591135328763223,-0.05770400284637833,-0.13649200111537213,0.23478261087080618
2738,-0.04792008367232408,-0.055422381223456794,-0.031308979392418855,-0.12587639451118507,0.038520829811197616,-0.007283656004060892,0.009282029314663117,0.08119122951595795,-0.009428890964793947,-0.12615193713350617,-0.01829072179189873,0.1341595557237493,-0.14190585291764032,0.018997888994289867,-0.006868683544004907,-0.022450687013633373,-0.09406613454759369,-0.05922202187330342,0.028524599071155846,-0.06567743281960607,0.03846552015546392,0.0001958301329410528,0.030317835694329113,1.0,0.05609545279069734,-0.07510152508877935,-0.15556283279878458,0.09771367853639881,0.003989133377092384,0.061940794439141404,0.1170659272094474,0.05307721822853241,0.00654119977285501,-0.10734441134771741,0.15694476739281152,0.0034292482535780025,0.040415674832788795,-0.003820189515927257,-0.06818828745428815,0.017928590641269275,0.043839231194107195,0.028886153782911133,-0.08018903633556389,0.188516119059028,-0.021405434836779848,0.025430904681229136,0.02725143891039685,-0.009559831988264258,0.060430671295471985,-0.018704758174432404,0.05756430120335169,-0.029970304562217068,0.003412274397485064,0.0487731373725255,-0.06216699674626277,-0.026678583521455662,0.007296547680180595,-0.09590999474522326,0.04956965162561507,0.05540648998293023,-0.04130615583729201,0.01993342764831512,-0.0022839264542625854,0.029491078319277563,-0.11102342374688694,-0.023242556655945306,0.07238959938066866,0.006773052193346704,-0.13107632704623098,0.12939385392441047,-0.03373513504338556,-0.08105033934583132,-0.06428385333381641,-0.0837575097592156,0.006160406349115027,-0.006081523585306443,0.07515360095908599,0.0329687635836389,-0.014489348947867605,0.009906525370113477,0.05893630094817883,-0.19772336237751506,-0.06469657737154515,-0.02855234619044544,-0.001983304643508499,-0.014287889019813664,0.05284546389057176,-0.005308946614168053,0.015151394298308992,-0.05088119360959994,-0.017706312296135063,0.02762831217839578,0.00405511669625178,-0.05868938943859599,0.011587959504687622,0.005397585481412145,-0.011629023407725092,-0.04273813833748734,0.016065255590715085,0.0171718565959323,-0.010037772832238655,-0.0008208429553674478,-0.008660217862611006,0.021369512709780582,0.005668506431536713,-0.03675303748618517,0.01372959603723542,-0.006390822927339473,-0.05742080717201703,-9.081781311872136e-05,9.82587527682346e-06,-0.007930008648817183,-0.00893261205619087,-0.06155755638445721,-0.00931758956304708,0.012638430023140282,-0.016094461079792864,0.008563081537782907,0.00517324537613825,0.023314066258851986,0.017707479238162602,0.00703958448278538,-0.01975707191673336,-0.04674527931084716,0.0037630878346209197,-0.04431250458561607
2757,-0.2863177822505123,-0.04274555918296603,-0.05719791268729931,-0.18811178315323976,0.01872263043230479,-0.02970637397765833,0.21589070837498534,0.16862789194600933,-0.034814080371814736,-0.28479493579876874,0.032652975666047836,0.20761542030297161,-0.002124824165722113,0.06986299491323343,-0.008431136782834055,-0.014022407154204776,-0.032263279076926506,-0.03301737281042429,-0.02658797506810098,-0.06486590049962103,0.052485931511779334,0.14260142626752206,0.03432550331083808,0.05609545279069734,1.0,-0.2969167507898335,-0.30012393956523414,0.1289067768029575,5.6675543306950375e-05,0.061686202120122394,0.2569056135052822,0.2652895424029496,0.23139006790450756,-0.1362907792997961,0.31595637436799373,0.004942551818343097,0.04736130193779782,0.3000091652561508,-0.23362223362357856,0.047823749218656904,-0.17699062906043916,0.09273807965085665,-0.1488210997413592,0.10854488741744442,-0.061509241038435386,0.08198201745305508,0.10964788715343121,-0.007557667562956427,0.2289405108148821,0.030729716625150033,0.16690868622670565,-0.11857381704373376,-0.030269855820834912,0.39178458414786715,-0.14125621283703935,-0.20202637193591985,-0.07903720806810506,-0.10211355546584935,0.16236467996909143,0.15350064130767266,0.02397347943735133,-0.10821376776137699,0.1590420751139468,0.01784690460637944,-0.20053086337294584,-0.038974914473051646,0.30756506526253224,-0.075274239791487,-0.17410680305701506,0.20489147493917828,-0.08051566336466251,-0.10595096455387666,-0.27341329973306416,-0.1105613465246332,-0.03271844436446169,-0.03174239123900728,0.07154505565413727,0.258236778963866,0.12663841268562426,0.012278835024050527,0.1641785231152531,-0.16363767937505153,0.16044982460691642,-0.1345767806530274,-0.1592233992491353,-0.06234906113930398,0.10623400095104071,0.21734310012415234,0.3194298554450835,-0.0772352829067896,0.10996401513826871,0.033427412660284136,0.05117285175337558,-0.20943331450592442,-0.2568090979575236,-0.05704981762061909,-0.06961804865289317,0.11705773398631983,0.08187447857659255,-0.070573045654526,-0.011286963318496893,-0.006644617564458381,-0.0024294558619958858,0.13049434553290118,0.051926071751008294,-0.025077962440200444,0.02229174309871281,-0.04887192519451727,-0.19459722272417837,0.007120628926404186,0.006768050886501504,-0.002386187500784764,-0.021331712032032914,-0.09989931721774031,-0.0357920116681157,0.06434135985036597,-0.0736588246369052,-0.30662352611161775,0.040000738021532915,0.13045635081678128,0.04214946307322647,0.01926348537185072,-0.020969701323676353,-0.22110447711184014,0.008455013658702423,0.006872813816242248
2778,0.377975396887733,0.18357129077188067,0.14920267806339407,0.4065098863955552,-0.006141184532526954,0.0632760694582965,-0.30773852170317956,-0.4388872676083738,0.13465136500138508,0.5670829646692384,-0.10341565758799126,-0.4630016599561096,-0.017577304943817585,-0.11400704276012948,-0.022375532391658733,0.10071331243873885,0.04222824186721125,0.034177755360864,0.14549795923470848,0.06492978525437075,-0.05601921643226715,-0.24812281424610905,-0.06704067110624047,-0.07510152508877935,-0.2969167507898335,1.0,0.499569027885917,-0.2137524487019225,0.14413368556160297,-0.1717538106284965,-0.5066574834116669,-0.39475024993946345,-0.3882291146029902,0.48406932785632534,-0.35886531116288395,0.03886498339144167,0.013066787930618301,-0.47170641504901234,0.4439258579437813,-0.08183546274578037,0.22068215072224603,-0.23455966537559428,0.19001721638137178,-0.4081020996184144,0.10477291409597711,-0.12065358969168252,-0.36092988245228497,-0.0534813782178085,-0.39914272988621,-0.11621566792499233,-0.2383479210523951,0.09134834049913808,0.04290732950226523,-0.47992563746527606,0.02350720061374339,0.5133164778216418,0.20314325741964406,0.21093868123654483,-0.24318587932069352,0.040331995019014195,-0.18747674437694012,0.004556682195041176,-0.14059367518882018,-0.09290958169359105,0.4112934716397249,0.09997935892138117,-0.5086650582819556,0.08807354252710801,0.24723541639702984,-0.35058622259420513,0.11268769975509643,0.22983449963683023,0.5027514242221769,0.08366652021569831,-0.03447157960429272,-0.01373525145074019,-0.27722705430721806,-0.6115433188796889,-0.38935329330525353,0.2594515872108767,-0.1766139883084945,0.24858870510713976,-0.3145951033488622,0.13340769864296523,0.1495487043726892,0.06396063105089726,-0.14893586200828657,-0.4553646924422022,-0.5774475993502222,-0.02299890345246593,-0.4171414067844548,0.11110042363072924,0.06666741059111425,0.25660160705632173,0.38317537916703237,0.17486810687980195,0.09462474521708014,-0.14546447284244407,-0.10155367350684999,0.14877758582662376,0.010692276108495904,0.01224319436130832,0.05036064459118976,-0.15331843489148636,-0.047314812993856016,0.12660691304977692,-0.05133047411227001,0.09681266253754779,0.5008522735064155,-0.00911404649212627,0.013914391852668729,0.023287507239650344,0.05510180486710417,0.25111038054087986,0.13876071411866103,-0.016482496930478985,0.003000520389737801,0.4069454124628445,-0.10047345515749886,-0.26306547758420945,0.0814309936275805,-0.02062212543880932,0.04935667060257025,0.42216379253505043,0.0870892897255102,-0.02953021816331303
2842,0.4090921450467165,0.06593020756424549,0.12080876338458582,0.7351868785826142,-0.055235834747930646,0.07952826709978766,-0.37367288519661435,-0.4104429012844795,0.1980006051793494,0.7369689686718381,-0.13329826978612333,-0.5890960498131526,0.20558816653255726,-0.1814318118930324,0.008255922119746724,0.058219147981818896,0.03344207165615463,0.010971767394052376,0.1471815318511828,0.06816464331749754,-0.06153731367802996,-0.06419395860002582,-0.2501021857543917,-0.15556283279878458,-0.30012393956523414,0.499569027885917,1.0,0.0075095593639195055,0.14323314328008105,-0.14000459252821917,-0.5738271739503162,-0.6677588792148609,-0.4743568971631905,0.5123586163448269,-0.325241041189136,0.09547249182259374,-0.07990658153386572,-0.41238441816501936,0.3904495012392335,-0.12720546486967424,0.20565997080498466,-0.19979360336067634,0.292678827943897,-0.6130034745342304,0.07547188699275323,-0.15149949699294465,-0.33664354270623237,0.005972249089044362,-0.39839237716355536,-0.23709410627867283,-0.07953672658911612,0.1355315686155262,0.0773639824495981,-0.47882252185679464,0.1393571594178113,0.5735672556779107,0.12962880043478095,0.36545515418179114,-0.04465398764046184,-0.070285352269357,-0.15775797015534349,-0.11416415347737668,-0.4258805179342122,-0.20067821869743724,0.5952144331562227,0.06901518120327986,-0.6664944202023809,0.08787858396239555,0.05798835159165468,-0.6779202717763136,0.020868684595825977,0.08618913448314038,0.34611977232983804,0.1904023410801709,-0.03654294420825002,-0.20614846028117376,-0.43209238122635485,-0.5045275174385356,-0.558702304085725,0.31312812903661597,-0.37991850037595815,0.482143468456806,-0.29150470750408386,0.1472294654073606,-0.1405315696029143,0.03799997914837808,-0.2989584182917182,-0.4292727670302266,-0.46916956862693177,0.13183093549282135,-0.3949867666800086,0.01729711381605893,0.057858624382843074,0.15691299778616022,0.3484268161115887,-0.13183375821781146,0.08451948374840983,-0.017748010211668712,0.0026044332888900414,0.3271517770724792,0.11306907804633796,0.0629754323696629,-0.006722375372561539,-0.11518764061318662,-0.010118434545457976,0.15668739628055622,-0.09648574060071242,0.019234774247122707,0.4973878985289722,0.012065645182343427,0.06351544382756288,0.020887053725243826,0.015378979680868765,0.31739274631503334,0.1909845457937737,-0.024951054628330412,0.09725486164595827,0.3435185008059487,-0.07854015319516836,-0.24930613313259312,0.02676589111291647,0.00643721367629682,-0.0609628466386612,0.4332886668634212,0.11635524129414969,-0.088449256580543
2859,0.055705656784043524,-0.17658250430078376,-0.12453275398618956,0.1883223892023729,0.04113663451047975,-0.030109945992267004,-0.013182288158139408,0.21985181143062404,0.10795416282070378,-0.004032948608510925,-0.022465241582193037,-0.1644420221603032,0.19213971109483483,-0.007659406883651411,-0.04148943685380037,-0.06027250890475512,-0.00828729071607464,-0.015533473162548782,0.05764806578433423,-0.016798280710065904,-0.022587762873792078,0.3497516510804311,-0.2817941269722395,0.09771367853639881,0.1289067768029575,-0.2137524487019225,0.0075095593639195055,1.0,0.08777486826630253,-0.06543575042534865,0.27500809041404456,-0.040348472715888734,-0.11515438511076972,-0.13235147215230464,0.42111386437805226,0.11996999055106511,0.11911484353780923,0.10407666600189304,-0.1681237261937163,-0.014141276697738958,-0.18046996692187425,0.2877169541052152,0.12430559787099042,-0.22291873380459237,-0.005141360279310676,0.12603397559213328,0.4066465946303973,0.022818748154292134,0.10450002054187736,-0.405193101710574,0.3134076860605904,0.06980397468436819,-0.17583506643402896,0.33998607467533165,0.08700436757651626,-0.2155725648630207,0.045522531602240165,-0.2517416226678078,0.36639011929285126,-0.08661810960796278,-0.02223769215093095,0.013879765986506422,-0.33109211230667235,-0.3348502019568525,0.10329452979541491,-0.05609723547228346,-0.03517907410030355,-0.12115355089743297,-0.33311203624010716,-0.013232451696868285,-0.1316993360784963,-0.2947163562022655,-0.47869274131176714,-0.1284416470797836,-0.02399396268185332,-0.3707973406617491,0.1733270550272077,0.4005223034796701,0.04455918476236559,0.36988367011223017,0.16263190983896775,-0.22807864430552502,0.009862903826627311,-0.13189920998430693,-0.22502961204858568,-0.039226849268941155,0.2497975544876229,0.3943439643703359,0.23273518429957643,0.15281542361484907,0.06337812043413313,-0.002507187583654167,0.1289173834211382,-0.06388494472093226,-0.20399100777736254,-0.5561786430274687,0.003475557105801373,0.33404199321874856,0.09622546977153779,0.11288741280905233,-0.010154077454428371,-0.019546456246715947,-0.000991583115990112,0.04533546959970193,0.03670854045034404,-0.09210222726714512,0.13591270320219215,-0.03323648271014773,-0.274628191062212,0.041955163542657936,0.06377783335659848,-0.05730283282661955,-0.00799182297440225,-0.10385968346185302,0.044083591132198244,-0.03277244564937086,-0.008414363797276649,-0.21080038369166942,-0.09096368964920541,0.09309819086282331,0.0506218026677059,0.00079939132985455,-0.05915025960210269,-0.3042288455691876,0.07990646105987352,-0.3777048663732329
2860,0.256298157364393,0.16311928095262185,-0.04356151371917107,0.08855629364723411,0.13361136663583487,-0.018369290590058807,-0.019185771102977305,-0.035558412302229975,0.16487710662157348,0.21193644092629405,-0.17024284253217067,-0.19671011115909892,-0.04735247437663138,0.02551379211303124,-0.03409364008926685,0.03202458839477703,0.05652363063555354,-0.021421246689630923,0.12757150356395713,0.06423355296630624,-0.008836769415498644,0.03747272893214954,-0.11626468526210727,0.003989133377092384,5.6675543306950375e-05,0.14413368556160297,0.14323314328008105,0.08777486826630253,1.0,-0.0548672936483665,-0.09806759892630373,-0.15719096763358356,-0.2797283793901407,0.03439967585625515,0.13623418376375937,0.028801261754436876,0.01264326137838385,-0.17013753260234635,-0.08819096503991938,0.019255534363804012,-0.02389876667242628,-0.016195281637936747,0.33151637717329696,-0.20344439690038774,0.02549759236034689,-0.009810781998504346,0.07730713673976004,0.03222350253824892,-0.10024042467634472,-0.2685259963136664,0.19565610987067023,0.3544760688929493,-0.010388991390716952,-0.06175337855506661,0.034257391335062816,0.037597229635371064,0.05184199850540001,0.08565103428631353,0.041721288623920584,-0.08530306978681203,0.00474246402523345,0.029436412909914497,-0.3212665943269505,-0.10494366356981158,0.32458542817948977,0.03477198097720509,-0.19658424763427695,-0.05561895638616308,0.07322934828172019,-0.14284592744160254,0.013608271377506467,-0.2259254158972073,0.10880262121244734,-0.12084286678117474,-0.038860421328785914,-0.19813823044341933,-0.1044147707466161,0.014542962563060867,-0.2030317449709915,0.3110467650093167,0.051422059134430195,-0.1498391376544996,-0.19368240134430695,0.04913303277047226,0.11518406290876151,0.013758153058246661,0.09872865343127357,-0.02944173301128395,-0.1709746744806477,0.1003767517909264,-0.08894362473808165,-0.05579604118140795,0.17128394460082405,0.1984748355498524,0.2991073168606731,-0.18919640561964896,-0.0030433777219960913,0.1825625297992165,-0.01858066914949399,0.22021996881565473,-0.002828837031968307,-0.0037317073487934983,0.05212623937335457,0.02843707458103842,-0.020242060098714477,0.06637635273873496,0.0021400286370553538,0.028032013474667345,0.038301139495439084,0.04771016433697376,0.012528387825688854,0.008860898286379724,0.0031644017722542647,0.005865613031617973,0.03166163843991917,0.03422306382384834,0.0018284112354228224,0.26569749477701343,-0.10780199517764852,-0.015353715600940216,-0.009835983022867981,-0.07919407618106068,-0.042980019962986386,0.004266174176165268,-0.017931736891584237,-0.26132415605168763
2976,-0.2313018674374184,-0.01300795257967111,0.008333083520848198,-0.23346589698740428,-0.13201509982015017,0.030192917800540182,0.18670852429458581,0.1414771054771529,-0.0946598943199317,-0.2777938638124208,-0.007256315863821589,0.2601912143240808,0.04969240986581539,0.05053958027755013,0.0711895159529576,-0.03102287553712542,0.007582799039676437,-0.006098483754614458,-0.03558233422213376,-0.032668891434910405,0.028222686364389148,-0.08693339337760135,0.2603894071691219,0.061940794439141404,0.061686202120122394,-0.1717538106284965,-0.14000459252821917,-0.06543575042534865,-0.0548672936483665,1.0,0.11799774822480465,0.190848602913068,0.18405477265788234,-0.18802176543815688,0.113871891234883,-0.056233205146181825,0.0589737646968523,0.17950090805362937,-0.06852680349215103,0.053197911015200196,-0.09865048962663288,0.047742397290461036,-0.011209252830379799,0.16666515698030437,-0.0015854026088877402,0.10427266884319347,0.04240612315176652,0.03676810303209217,0.1310248938618919,0.21383179174231573,-0.021286641410320946,0.05125884179347299,0.037265722592989,0.07178811301464604,-0.06522720917290763,-0.239161441364639,-0.11929736940515852,-0.05440871663890815,-0.018153191153824345,0.18460905077528533,0.07549002258409611,0.099636361778608,0.12912299268132388,0.044272365053244785,-0.16801510580006784,-0.016429283545198133,0.2977635867182034,-0.006008515686818509,0.0515850271456205,0.14769776907747467,0.02006030484127869,0.016997695156786476,0.09033573661881734,0.03869419407899595,0.02326298097745077,0.06395905495836139,0.1941152080275802,0.10697876417770491,0.12007721977402372,-0.04545013397321689,0.06787073689488596,-0.09841971157838417,0.14331950176472014,-0.03131762313502621,0.013986275330921205,-0.034392633726195644,0.06286107466980746,0.12041092504462143,0.17904367356533765,-0.07266890974249061,0.1498876189557729,0.01702304448696339,-0.08051229340306464,-0.0517200899861254,-0.08924124782752807,0.06834525993614363,-0.010400046099956534,-0.021368306379251474,0.0136939288189238,-0.2601242166620875,-0.006191816277404103,-0.018501592180138186,0.021912444238010875,0.038847117933056854,-0.030219648462871306,0.019815165906530006,0.03446711051335707,-0.015133227633115786,-0.1110754672481629,-0.040065920512947356,-0.04964623887825007,0.01204336207899782,-0.001447825856215335,-0.11035145507044412,-0.03849675492349905,0.01119113091179104,-0.04291533312407517,-0.05250380102228031,0.048449174592631074,0.06536049824703667,-0.04412939104339031,-0.03782212636821643,0.022319769819645254,-0.13049348402166744,-0.04606933142472105,0.10389620965579574
5404,-0.36880735374273155,-0.30992037607891043,-0.2649819078243063,-0.44931858062110935,0.13182691765222534,0.0003500290685863883,0.25703483899567936,0.5122737375435652,-0.05393891551043795,-0.6528272243994864,0.08094536998745934,0.3493791265486216,-0.041022233470210674,0.10428230607063921,-0.045721590034004,-0.16365160262266312,-0.021382602128331867,-0.0751528091260172,-0.1014338555061163,-0.12215485597071878,-0.011588075093996364,0.18680932186742077,0.1377328254453319,0.1170659272094474,0.2569056135052822,-0.5066574834116669,-0.5738271739503162,0.27500809041404456,-0.09806759892630373,0.11799774822480465,1.0,0.566340178966648,0.45486556098581854,-0.7050435186263307,0.42557807711742585,-0.04910095876585109,0.01336325980656838,0.5238522656008083,-0.47583787985082554,0.09933727399951643,-0.4487896447713769,0.32035478134071854,0.04453956579993582,0.2787951949761022,-0.08724695772705703,0.11482633445953556,0.6398589914139055,0.027989746488161032,0.38385485891935034,-0.02347182764177376,0.1299882466471223,-0.13859322245803934,-0.1465979273237868,0.6381350412099169,-0.018375042501929603,-0.7717688632679217,-0.26067649620485633,-0.5586162800898067,0.22068563517588904,0.049032713204625704,0.2635488367393316,0.17680069720350092,0.13257480336737196,-0.009406614206342454,-0.38612463718958345,-0.15359186208344575,0.6353546980302814,-0.213578458995847,-0.05569838929704416,0.5390995507721625,-0.08268474280558842,-0.14891571667770925,-0.48882613134245795,0.011736625614009519,0.05437834507152134,0.050395920525904254,0.5303883483196749,0.6730135423098526,0.5988861795331036,-0.04311231598854521,0.4170607476954217,-0.42984783173359237,0.27968085288201433,-0.22753514913549552,-0.015151844693794676,0.003470101521383918,0.3638861795996331,0.7394952801813225,0.6973995987774348,0.12512969005206728,0.4402164798265639,-0.031269091610238844,-0.05107679500214091,0.004223701689386702,-0.44253130213786696,-0.3670507427349111,-0.10085603576801301,0.13138546212281807,0.01692696687298718,-0.326334575418344,-0.09997625381140476,0.016466671515593643,-0.06961236217817966,0.06103716663042895,0.010853160044589825,-0.11748259581581047,0.09312690380219861,-0.07064762575940854,-0.5968592265870272,0.06357137223053552,-0.008417365120397823,-0.024710284254382882,0.022908166010880443,-0.16719195005714152,-0.01206339729232818,0.012355044745412101,-0.10743994355700646,-0.3549968908105982,-0.006499603416525129,0.3077879133250116,0.025456552268699598,0.004832488310782805,-0.05308933206209594,-0.5829946694297331,-0.06836800160224198,-0.128837310870573
5432,-0.4415828917116794,-0.037117810624879705,-0.2085515313553043,-0.6143751037925164,-0.07560079446910316,-0.035373862290730494,0.4387986193325213,0.3706152687031156,-0.20421094054347702,-0.7647629912062207,0.04691450693529917,0.5306578617317522,-0.0939193032368916,0.09780905673904469,-0.10444467654604948,-0.03466597849780332,0.04309390060319838,-0.05334646456025244,-0.146965661183895,-0.15610627406137578,0.13459249283392935,0.003575792611807604,0.29738616173444976,0.05307721822853241,0.2652895424029496,-0.39475024993946345,-0.6677588792148609,-0.040348472715888734,-0.15719096763358356,0.190848602913068,0.566340178966648,1.0,0.48677914378998577,-0.4454864671721376,0.3347001773077784,-0.1499397529408847,0.04385748077948097,0.49227655917600827,-0.3860965794395815,0.09537074040495039,-0.3555650157791648,0.16037399818661516,-0.11254734659160254,0.5240637935482582,-0.05074996599429704,0.07264455686455912,0.23089180108352733,-0.022913405597548953,0.42207062774394793,0.19928796126224246,-0.07974883516364387,-0.15525068116892402,-0.09748970648542729,0.5844287939258987,-0.120038995588195,-0.6454170244803376,-0.3137642726670665,-0.39038629909471034,-0.026911917408809476,0.16178874328960866,0.2364048743701264,0.17195191188877185,0.5170865295887109,0.10873702620423074,-0.5998194732189519,-0.09217533208692869,0.7932435268589156,-0.0025751997191738926,0.0991170433307827,0.551012994429871,0.015334070434545872,0.18102920662221236,-0.2744548088069642,-0.06298526864800905,0.04671609391616207,0.26624179756411565,0.4464637961321683,0.4851516451594261,0.6366599257933877,-0.3558432669906297,0.30313875703263676,-0.3528892750488815,0.32374221984808504,-0.21696672065488637,0.042430643152202636,0.0011068874073444199,0.18973317477556817,0.4598677608258677,0.616302082694373,-0.12446940101721259,0.5079777940402179,-0.09108434063085923,-0.2318304497186672,-0.09835125357452601,-0.46226010186826355,0.08918557041812121,-0.11779803474849394,0.006810685490505627,0.038153661846347574,-0.5012115222879794,-0.12254992022168196,-0.019799927431088892,-0.048507631786848956,0.0243811644180914,-0.021164130685526517,0.016705087866806075,0.04809379691247992,-0.07024413323008812,-0.3948830647154745,-0.0513071740448015,-0.043821579837608815,0.02065530605023979,0.08607316557691819,-0.2175605739248727,-0.09892421938080452,0.01421225153915529,-0.04973869738816641,-0.3389794826465273,-0.00831066002730143,0.17021731483197922,0.034969728831307396,-0.03252576741107744,0.04194993560871386,-0.46204557877285024,-0.13970723214612132,0.246852884100975
5435,-0.656056137860801,-0.28068490187320483,-0.055108987441443165,-0.4018758302271609,0.07589828033380555,0.03697246903941288,0.3145556845671136,0.23763246599584772,-0.18878825364857962,-0.6086454836913279,0.14160013721808368,0.637420600071782,-0.005092383735020116,0.14248805610331214,-0.018722102342952983,-0.027385569370748618,-0.0950087377303561,0.026871754061022622,-0.22424565994309736,-0.14232853702207562,-0.01130009833839504,0.030939059947865617,0.32528701961630835,0.00654119977285501,0.23139006790450756,-0.3882291146029902,-0.4743568971631905,-0.11515438511076972,-0.2797283793901407,0.18405477265788234,0.45486556098581854,0.48677914378998577,1.0,-0.3825771112004731,0.07873387113421947,-0.0847270028744682,-0.0935247278620769,0.575134252819013,-0.2601574024536353,0.09149931078376573,-0.1742965367891347,0.06925821102990082,-0.33963693703025444,0.44254237093741644,-0.11520607650086112,-0.11184239902603399,0.10066882106588318,-0.021517157069942998,0.2896353552769352,0.4826162620476468,-0.18778709846609304,-0.42645083388182614,0.04302543514559465,0.4078933808621143,-0.18521800899820776,-0.4529869998293664,-0.14749652954259804,-0.2866598182988139,-0.10409311299622802,0.23181078352295414,0.20422410530613966,-0.05885099211511493,0.602164473236116,0.3618846163534829,-0.5898985863539876,-0.09693883762015602,0.6758296084943375,-0.01990313679575222,0.17593752096639267,0.4033080184866502,0.00735311704546262,0.2901251141345119,-0.22254681466618537,0.16534351300578995,0.10038927035343416,0.4192085538450901,0.38658698333377284,0.32842189078379175,0.4976196052874569,-0.4688203811141215,0.1802083059236489,0.09454493326778535,0.42962781704587394,-0.10601106507781488,-0.16964399970314867,-0.014366964646058723,-0.06393101295539716,0.35399592393700485,0.5722498016632948,-0.13979227898735155,0.37131364624784113,-0.047412563096998366,-0.2274242065607268,-0.15345276549986622,-0.4368720586649052,0.18740267429518762,-0.010487893232133543,-0.19997710538717475,0.016509248624465046,-0.5762140564818778,-0.060465412696315876,0.0032389756937763596,-0.040743579607196066,-0.04652314889983929,-0.03564379843322243,-0.0030973175519097996,0.029655795255786314,-0.02503874223754003,-0.2447563958571522,-0.09805585429399703,-0.0881597725863692,0.04137067244704485,0.05757736232132519,-0.16568188236650772,-0.08997782251993218,-0.008865289886815385,-0.19226961216816477,-0.5316756280040315,0.08216412036572808,0.2103427308217018,-0.05156509086133237,-0.006880443858306831,-0.022897719981678236,-0.23605210184745123,0.0015491997408729158,0.3981211604061564
5436,0.4122411021923964,0.3075580885730554,0.2942342467593477,0.4493093262445621,-0.20396553651144939,-0.06059337473393535,-0.21251231090891165,-0.4687285520188073,0.09362272676473968,0.6162342368187068,0.032562198734252965,-0.38226883667437883,0.1356171457461279,-0.1560995496070867,0.012968396393862158,0.13172652909373006,0.004553766947707143,0.14181667371703427,0.053128245911069516,0.09194464711278258,0.07272403735627177,0.04019473404944091,-0.071949292967097,-0.10734441134771741,-0.1362907792997961,0.48406932785632534,0.5123586163448269,-0.13235147215230464,0.03439967585625515,-0.18802176543815688,-0.7050435186263307,-0.4454864671721376,-0.3825771112004731,1.0,-0.329518598628409,0.0762444366076365,0.03579424993832058,-0.49135544064753395,0.48921119172111444,-0.04422469846258925,0.3168569656783538,-0.24900488509768828,-0.13562479266248653,-0.3223668915647241,0.09389988055510734,-0.14462810764957537,-0.6006403574316063,-0.019577262499662417,-0.32109283897560414,0.05748515780299237,-0.12686172055372572,-0.09949041966362307,0.07335289818636666,-0.39592291659802603,-0.08161956570630259,0.7554971591400775,0.18314441245785976,0.47139530999541346,-0.09223572947733291,0.0818776212524622,-0.34926078413212025,-0.10267141151496538,-0.0833515326351117,-0.08868436279075151,0.25442252419255196,0.1542259905208759,-0.5460686253404547,0.2011910665961291,-0.07125196329670189,-0.4726922218678663,0.024981385043394987,0.21234659112501883,0.33364197551658314,0.00820490016673448,-0.08319266984038795,-0.05255966464132514,-0.46751849491687564,-0.5885434069557971,-0.6333565425346607,0.07474446733789061,-0.23314794746859238,0.4079737356808063,-0.3153570120760539,0.08561159029979015,-0.022412889363840133,0.022030484227738806,-0.3558959565348425,-0.652343228540895,-0.554543615484589,-0.13529865790197784,-0.4156121402089108,0.10752759752647308,-0.04036841344699222,-0.11493632596973495,0.30944314666487127,0.23290873438414908,0.15127541413008208,-0.08088932894255117,0.07056711052513863,0.32887514046094346,0.17003124555592272,-0.09596288850906247,-0.015420021040830421,-0.12056972270159487,-0.0487419513919744,0.0896963675171342,-0.1253458089781803,0.08735828830184518,0.6038138054376547,-0.034818130186721814,0.02868516784760247,-0.06487261573887779,0.032745144550551,0.11747629376362001,0.07384830470406585,-0.08062244107333615,0.07493712208436751,0.17512716094189298,0.028272309822278963,-0.2654345404273618,0.12385013235369763,0.09886969222895865,0.03032094889937587,0.42822348789543646,-0.0543965657871337,0.1124038750564857
5437,-0.1623615290252802,-0.10406628757292644,-0.2529668954384921,-0.2644560643444066,-0.015638736414203054,-0.0461849732034146,0.23003750068968007,0.41478820108651704,0.07159225560068938,-0.41299305866634756,-0.11682202283509784,0.14674455178849702,-0.0006633083624929865,0.06301112221417761,-0.06953477059624213,-0.04705555016627434,0.12129103586133315,-0.019186636275630196,0.03477251054867209,-0.12097995130994464,0.08815551829314944,0.2180194000689716,0.005910175849545268,0.15694476739281152,0.31595637436799373,-0.35886531116288395,-0.325241041189136,0.42111386437805226,0.13623418376375937,0.113871891234883,0.42557807711742585,0.3347001773077784,0.07873387113421947,-0.329518598628409,1.0,0.008585832714804955,0.18141512420440248,0.25973556744095383,-0.46456765417284757,0.08370092857196543,-0.3119597388747685,0.3571167553767866,0.1775971378599597,0.11197223746358767,-0.013995230868202339,0.15033471731380196,0.4749833482315274,0.03350475456110373,0.2772289641916814,-0.23904668933613077,0.3477380173988786,0.11519971783181823,-0.11431096920090399,0.5489264642454884,-0.07034854918083108,-0.5221434140269134,-0.09798724337681422,-0.4029054432641203,0.21929538270791818,0.08455255356386533,0.07152523183054477,0.13835589726600736,-0.1446322584645648,-0.08318943416903048,-0.14782563384025513,0.004711535359810633,0.3425010079469017,-0.043551413008113736,-0.21580225142061238,0.27212173712320775,-0.10255979249158484,-0.2819113144794419,-0.46347534997574136,-0.2813150345884974,0.032417007626805334,-0.16662832817972373,0.4018064963520464,0.5525722855630643,0.2478801378386971,0.248577520476375,0.254319629080723,-0.5428882025282449,0.1297189620893473,-0.2285273721818445,-0.09332250607965396,-0.06384143700494435,0.3352960288225498,0.44077072445533055,0.3897264915369181,-0.006646191417667216,0.2067055995973575,-0.08604541258902426,0.14469490444577293,-0.004124710915145979,-0.37956343303489054,-0.43445159650987897,-0.06141977685115638,0.24074965723153421,0.06429336278081067,-0.10130013428531412,-0.041657544083702966,-0.03960701975585454,-0.04062869228150371,0.0617067203538977,0.0654381841056234,-0.05313648211769064,0.11972700942154087,-0.023513675910364608,-0.3838023816235718,0.013741527327779715,0.022148248697805458,-0.03378240177807855,0.03180607963690911,-0.18298494407725896,0.015219176265734432,0.07190083837330519,0.06496277736045393,-0.13633124396922644,-0.11736577396737255,0.14575578902944875,0.000985785467398464,0.020043972409309704,-0.07907597771149107,-0.5504899642453067,0.014765858564123152,-0.3015113364202333
5438,-0.0036606623430632678,-0.07573365164095472,0.07712731679377743,0.19592643402506676,0.07070564467680253,-0.004008888750675579,-0.05862348895449035,-0.044598248098606505,0.0038012214793857074,0.15838834422762216,-0.01558801238708273,-0.11620412766431838,0.10571756036947211,-0.034812883448484405,-0.0030787793532343305,0.0346526530591415,0.023377124459028103,-0.016117490998216636,0.01868977454081537,0.0011472124693233186,-0.017267904166353355,0.10401874191867193,-0.12056513622298425,0.0034292482535780025,0.004942551818343097,0.03886498339144167,0.09547249182259374,0.11996999055106511,0.028801261754436876,-0.056233205146181825,-0.04910095876585109,-0.1499397529408847,-0.0847270028744682,0.0762444366076365,0.008585832714804955,1.0,-0.022309339656296234,-0.04050406565653508,0.12680634864555285,-0.004709577053921408,0.08589187914182145,0.006071634050433326,0.007581662310074852,-0.12370403353486126,-0.008282637449764527,-0.002281757815868549,-0.006889773729895728,0.001668053213346132,-0.038042308876406104,-0.03026759545105239,0.006085385885123347,-0.0168874073766326,-0.01628934859306587,-0.07800184136327287,0.0005787836547200304,0.17256435842310455,0.1564543938175667,0.07779424983987775,0.06819765291582794,0.005386933874123896,-0.09154045831896178,-0.12407921267706463,-0.14371361821428083,0.024178828416089492,0.12836776986987547,0.0281324448638035,-0.15631753878538107,-0.008292224794513707,-0.16064604903019578,-0.02163989376225227,-0.07326598111860265,-0.07382780707777478,-0.08652771618136512,0.060524845363627386,0.005662569631169064,-0.10773202059829454,-0.10673049719642053,-0.07813179123512329,-0.1759158985795763,0.09980440923243575,0.010629118539188473,0.0663759062594931,-0.09169706312902674,0.01620086324616791,-0.010139255049322051,0.005605675797642673,-0.01881759213684492,-0.024533505571744163,-0.062463606514919785,0.017087594377612533,-0.0925555764608718,0.04486894903592543,0.023588826507116144,-0.126410672913064,0.051701743574348945,-0.01980837172589078,0.037722316889097184,0.09183842790734373,0.011587944588077683,0.14788971349293592,0.019806538475714987,-0.014082954424532366,-0.004287329698853797,-0.010459578631809078,-0.0014875743184341902,0.06186896051411349,-0.010776745586942535,-0.013310915735513712,0.030582421591157285,0.02586211217495214,0.010486691065489414,-0.0269655067273538,-0.02016009522330628,-0.028586940034193906,0.01703774891052279,-0.013503495130762138,0.015638292604956153,-0.056322555429002,-0.021085552970192278,-0.018563641797769193,4.191462504571214e-05,0.016762064290263036,0.005346517456310547,0.17922688971962963,0.045121355750048636,-0.08246532179265338
5439,0.018890753988339355,0.006850559072300753,0.010619247004705056,-0.07267347045983046,-0.1252164495035825,-0.0004648863208587616,0.011199740412684022,0.03448809103650776,0.06713445790666138,-0.06387110364409229,-0.02036199519196821,-0.08636578408229453,0.05048945439071616,0.03276119679859422,-0.018441947049425287,-0.005935212994151237,0.005731727404827049,0.01793313165757129,-0.004206848796303344,-0.01759022411643443,0.015572643250640686,0.038681173394948434,0.03208997925299375,0.040415674832788795,0.04736130193779782,0.013066787930618301,-0.07990658153386572,0.11911484353780923,0.01264326137838385,0.0589737646968523,0.01336325980656838,0.04385748077948097,-0.0935247278620769,0.03579424993832058,0.18141512420440248,-0.022309339656296234,1.0,-0.00244369619442167,-0.003288916200243252,0.019412439251035404,-0.017881804389430173,0.059182083886321735,0.048541309415221404,-0.039704513606260886,-0.02792132167848957,0.10848333920988878,0.12180581548089116,-0.0025329257360449412,0.07491706002507752,-0.08010895089068198,-0.007818038184188792,0.140689689082562,-0.04015446816877148,0.024120881780822175,0.02417822188640005,-0.07027366289123621,-0.11228827303926746,0.03384481761575468,0.05367585242729154,0.07301843914681111,-0.02173412959124977,0.014201097705169037,0.0147869151659791,-0.10176808298055058,0.030002754348705234,-0.00520250700988916,0.010640531955179198,-0.04733542125915097,-0.11052973471034257,0.11813207032597693,-0.013730342075657489,-0.04083587961981842,-0.051193038150257324,-0.10716795651587191,-0.023751619656241008,-0.04734051118557557,0.12037519602392141,-0.01302168463415031,0.018740219037723334,0.1103201513663323,0.125485520829225,-0.26398261771372583,0.015524840878196458,-0.04882536524654327,0.07569534647176637,-0.049505193545172174,0.19294191359055538,0.06267925997570557,0.002204516531984619,-0.0413091905767044,-0.08048553306428852,0.05438244430962336,0.06265338399657476,-0.03879386016029501,-0.08766860276702018,-0.09988371805890046,0.029792759177868344,0.12578551063846133,-0.017559034175562982,-0.025848418058125242,-0.02114750045376632,-0.09837073417960235,-0.02546923263389569,0.06571623289820759,0.010440794452924706,-0.11235156234342315,-0.027849165917047367,-0.0440193754800432,0.016264793785643165,0.041219920083865505,0.011595282029602163,-0.03896924819890861,-0.018726699304251845,-0.04690780555058467,-0.017953627733271013,0.04607523955206604,0.04355872461344666,-0.06263038794586731,-0.024330487168954088,-0.018065082930985122,-0.03023968403744616,-0.012509911998452278,-0.047364815391082025,-0.09128554068875384,0.0441230401312105,-0.14506567448344013
5440,-0.5498324614353786,-0.24818357338971941,-0.16235409024524602,-0.25444621180644955,0.085408339934456,-0.007815538229588312,0.31613042393610136,0.27793213213011114,-0.19089925832056004,-0.5727656092971892,0.06585136332298226,0.4480060838483573,0.08241155030796253,0.124334926240051,-0.06457182095492142,-0.034264960499698245,-0.01676166370726566,0.00626609179318202,-0.162276398555467,-0.17018144088301626,-0.016021593307860234,0.2762357334720234,0.10827015438233797,-0.003820189515927257,0.3000091652561508,-0.47170641504901234,-0.41238441816501936,0.10407666600189304,-0.17013753260234635,0.17950090805362937,0.5238522656008083,0.49227655917600827,0.575134252819013,-0.49135544064753395,0.25973556744095383,-0.04050406565653508,-0.00244369619442167,1.0,-0.29354970771367456,0.1114498027157501,-0.30433186475788654,0.15186843826651583,-0.1501470451830934,0.22900029611911496,-0.10394309309573903,-0.08637202219613908,0.3243249068323782,0.006196868007988748,0.33337139563998525,0.18812044804445505,-0.09880671167977327,-0.2067757965852648,-0.08193748217019536,0.5202444252079085,-0.06606356860007732,-0.530695394332676,-0.1797055880339896,-0.3393807250477032,0.0670317687455859,0.09621858977903633,0.20597625851298487,-0.030947071832532733,0.4011946699788932,0.18780199473857542,-0.4116112867811786,-0.037483088405600606,0.6341054369028718,-0.05839526806705594,0.01979526924162339,0.34476927587086814,-0.02277358694273192,0.0966066498759534,-0.4412303398699787,0.09453351507456761,0.04524219139316297,0.1274863548979574,0.4042562890246975,0.5065960324148714,0.4547586360626266,-0.1953558028837929,0.22360450839393556,-0.06802084938424813,0.37622140030183604,-0.15862149183492885,-0.14934570362191088,-0.053406393892519534,0.13018881107622407,0.5901829729685135,0.6729897233968629,0.053848849829471544,0.38589053306328863,-0.10027498664564469,-0.13087835333418701,-0.18219037813730143,-0.47909769832904564,-0.09225148792399193,-0.06065075616438326,0.05580847957471609,0.05272070480457665,-0.45727271998772684,-0.07567601473990851,-0.024681985731087784,-0.02080059794340877,0.02828952428841713,-0.017662880238905467,-0.008527083249510958,0.0746908347364558,-0.057157558971662185,-0.3928091077397788,-0.02836643219534485,-0.017559000680032237,-0.008825579272646631,-0.04653334452506986,-0.1635716199582462,-0.0856318479254857,0.042827387643301344,-0.1523368136087247,-0.46087728586469645,0.01040039747109437,0.17687295011536863,-0.04920972416153836,0.010118034690739205,0.07614338895772772,-0.401134098469915,0.01898256565344682,0.17977071436644676
5441,0.14130171433137967,0.03534584110331062,0.30101248584410056,0.5210188951471707,-0.17949374519190736,-0.013384696687821817,-0.2398547882095645,-0.435675616872,0.04198426443727714,0.470964179972835,0.05504788107969877,-0.29729669087276267,0.16243003868515687,-0.17225685381503097,0.07748137433386647,0.1690999633902141,0.008608626744063336,0.06504860459000732,0.05442378877372914,0.08858113830958715,-0.11629196053572004,-0.07081758744966123,-0.13566548999281447,-0.06818828745428815,-0.23362223362357856,0.4439258579437813,0.3904495012392335,-0.1681237261937163,-0.08819096503991938,-0.06852680349215103,-0.47583787985082554,-0.3860965794395815,-0.2601574024536353,0.48921119172111444,-0.46456765417284757,0.12680634864555285,-0.003288916200243252,-0.29354970771367456,1.0,-0.1478406300197254,0.33603262480345075,-0.24732127183520494,-0.17406711684399367,-0.3566574536647063,-0.02482982940367418,-0.11970014282199623,-0.3949238916834247,-0.040736256489054386,-0.31459901309005284,0.10207287276626485,-0.34208668757137484,-0.15418684148609332,0.013254301365994108,-0.495613226627046,0.023055761460680033,0.5931979590368096,0.25858679686838704,0.3912583193836953,-0.11116689570766498,0.017133462653014235,-0.15474842982792517,-0.24217237734055486,0.03121319403276044,0.0319253765771004,0.24389758383793386,0.01523639063591819,-0.4282079363644162,0.06843341260101903,-0.08124296001603847,-0.28231997556074634,0.07354165236772568,0.24868637698950663,0.31808814628618376,0.23208260859470836,-0.060414794126501956,-0.05759844482289086,-0.377160124033336,-0.5931158791696084,-0.3360179623570396,0.03531848264147153,-0.2443531731647453,0.49688466523575603,-0.1599626425394935,0.11945051915864582,-0.15235787821508548,0.09348839522543469,-0.2268987055563985,-0.3705887835509099,-0.3790721141498999,-0.1105770994354875,-0.32080451600194027,0.07229007747051601,-0.17885894412585163,-0.1522345322228751,0.3785636579892721,0.19637210872807107,0.08865333296135132,-0.10052172132528882,-0.018903865174437498,0.11111988875533645,0.037771296002557,0.03860799420785366,0.08932111181717638,-0.10046860058405553,-0.08894027260225558,0.0423437688566432,-0.1253917221383121,0.10187041972365282,0.5074455508351329,-0.0768747011098437,0.0420640659763225,-0.09780289350227471,0.010924551382183659,0.16615921638538947,0.05261747228051311,-0.03970911849844499,0.07427107196522836,0.09296462060015187,-0.02149607557855746,-0.3043587308128126,-0.0005618186695397271,0.08184389553058806,0.036647790489279436,0.5998881445393243,0.061765205598553655,0.14225880355327317
5442,-0.0365522053729239,0.012153147946936687,-0.06573566357225859,-0.10638992053201009,0.0829262687823647,0.007464332890482231,0.08126405177983731,0.06255147666471302,-0.03211876258951306,-0.07699797458740315,-0.013188022234001935,0.020277982532973086,0.07017332279121724,0.02200310834592869,-0.030246042371642856,0.00020331281649882713,-0.05298646930550894,-0.0324897191715557,0.008431215274895919,-0.036187792952715306,0.011706531716513325,0.05173698466872901,0.050182229495763495,0.017928590641269275,0.047823749218656904,-0.08183546274578037,-0.12720546486967424,-0.014141276697738958,0.019255534363804012,0.053197911015200196,0.09933727399951643,0.09537074040495039,0.09149931078376573,-0.04422469846258925,0.08370092857196543,-0.004709577053921408,0.019412439251035404,0.1114498027157501,-0.1478406300197254,1.0,-0.1428571493229074,0.07398084650824117,0.059771340484464586,0.003085158927741598,0.011805046810836554,0.0019801892050684946,0.10149133951152366,0.01621195866769347,0.09321980865908482,-0.02931941649441172,0.005414680485506511,0.023312197193716182,-0.02075654079657315,0.12644592193812568,-0.05673399075836446,-0.18650323145449843,-0.0006088712204479694,-0.10329961702221838,0.011542795792076377,0.06649123047562158,0.03185124828542167,0.02434207965470497,0.030513547150599202,-0.016513974173189734,-0.10463159562255292,0.005856482020087126,0.1244963536020242,-0.03440301069234988,0.06422325289297352,0.10734538426165767,0.008627495258681516,-0.0052937757777619145,-0.05959414973897396,-0.04761754412783215,-0.023168172467661365,0.02349822510561073,0.16323382355046726,0.08522062747293166,0.0701115712355235,0.00979741985394497,0.09181391723359009,-0.1518096848213006,0.004125027965926627,-0.02285014904825414,0.053630755126204604,-0.02634300010769478,0.09202277635533136,0.17324645274297892,0.12340145824266391,-0.015439560611240577,0.068916662277021,-0.014232051336851877,0.048190623484676,0.04056044680165166,-0.041946355653385274,-0.10530336007673514,-0.03557959184018776,0.03746670040673494,-0.0008365606121111158,-0.16758228012472456,-0.024761198834180903,0.00910428130747149,0.02162185906256127,0.011765829072933352,-0.0060744450354090285,0.06835863414953608,0.0062460786610074315,-0.013724051345302087,-0.062295140505300155,-0.016361330309387443,-0.004653093858111722,0.013745949013530323,0.03154762087692685,-0.0955630443923049,-0.02786857059489217,0.011824485100764752,-0.009881890407063918,-0.07668491875147981,0.007623452290042905,0.1094582173655444,-0.01923832636448255,-0.006437458416793555,0.024579686576948503,-0.1938310921051675,-0.050981411886989715,-0.02366533110022741
5444,0.1481249291241755,0.12313229095352207,0.31076087861003243,0.21810863805296293,-0.10789027713976636,0.04945096714439673,-0.182932761034331,-0.22752884915315696,0.04747817286909852,0.3747098836889702,0.04971230940902811,-0.122033112783515,-0.06152934709634137,-0.0654698496547599,0.08933173830266188,0.06991336138724892,0.014668420665251175,0.03072252327470796,0.025639689895458805,0.06732425351490597,-0.0509551369456596,-0.12383104364203727,-0.08441264566468665,0.043839231194107195,-0.17699062906043916,0.22068215072224603,0.20565997080498466,-0.18046996692187425,-0.02389876667242628,-0.09865048962663288,-0.4487896447713769,-0.3555650157791648,-0.1742965367891347,0.3168569656783538,-0.3119597388747685,0.08589187914182145,-0.017881804389430173,-0.30433186475788654,0.33603262480345075,-0.1428571493229074,1.0,-0.1773873007413048,-0.25738307450964415,-0.07852085458489605,0.07742289539203885,-0.07523700650891622,-0.39318002875220376,-0.0020304768574516204,-0.26475839240787846,0.1744885559724028,-0.09621357842841571,0.01368870145045738,0.07741151059872868,-0.437679450269415,-0.0310484866128275,0.49089208232459647,0.21735792728146733,0.34991254208459255,-0.17024875242789658,0.02348053019722908,-0.1884532229674224,-0.10768488968659254,-0.04191922751653623,0.04183918130419535,0.14329139445595432,0.05188794395465307,-0.4237199546411737,0.06693479941283935,-0.08949136706806286,-0.19801130132341352,0.060911798779588085,0.07982725872188244,0.23450469849279404,0.05697036023182064,0.03582520218822709,0.05248172453048444,-0.3446836296597708,-0.41021238517573694,-0.288312735075067,-0.06473661563976695,-0.1824238689141342,0.3242432676684697,-0.03337784690535066,0.18379147434280954,0.06972400140849823,0.02782099805494721,-0.15137288728197024,-0.48065157915303086,-0.4314176213058246,-0.11235150482835296,-0.33148699499145207,0.08497324329028598,-0.023792897488758697,-0.10121296441611166,0.25527047821481796,0.3124377904376808,0.06288344835220612,-0.07430830123702296,-0.007525279960203499,0.32204552872999753,0.07279631201750245,-0.025634351137320113,0.010102397044770346,-0.05186947086780927,0.0274384853960366,-0.08358679267386641,-0.0744126883133061,0.03340716285673116,0.2933420809750587,0.011876713878166,-0.04495013262537351,0.02797885528682235,-0.09143295798939939,0.1209683396247177,-0.03182185465972168,0.0010917281299903004,0.042146336523693456,0.14628325375509746,0.10003323973590976,-0.19242292989166196,-0.02687357055472656,0.06920315500735401,-0.053719032775881595,0.37050553007381265,-0.0056458144760185855,0.10289031730492945
5446,-0.16107880112974812,-0.11637432968486065,-0.15935536664180736,-0.13691757494477144,-0.034513452716468884,0.05106219470998506,0.16279822521954143,0.20486796510275668,-0.0026221260073554303,-0.25318234940874285,-0.06595764782327514,0.08787221372641169,0.12262635721577583,0.0844193924799311,-0.011684801032533334,-0.07748081074981326,-0.07106648411590796,-0.03973897140550762,-0.04054534818430896,-0.07429216724753068,0.10713618797356576,0.14079580311316764,0.07683675359743994,0.028886153782911133,0.09273807965085665,-0.23455966537559428,-0.19979360336067634,0.2877169541052152,-0.016195281637936747,0.047742397290461036,0.32035478134071854,0.16037399818661516,0.06925821102990082,-0.24900488509768828,0.3571167553767866,0.006071634050433326,0.059182083886321735,0.15186843826651583,-0.24732127183520494,0.07398084650824117,-0.1773873007413048,1.0,0.183016224681588,0.006676513403177548,0.013074002086193259,0.25478466687784884,0.34838381473645014,0.06998573546542027,0.11214665211884767,-0.16884370871846438,0.13235534130742455,0.19007551112846452,-0.022892430465450586,0.25841518750632714,0.08215364866046154,-0.4199361279426109,-0.16272733778522264,-0.2249947703759215,0.12396614087405491,-0.16427739326136484,0.1595215385624457,0.2260950908425733,-0.09638490304990659,-0.1889562266089153,-0.07084320003373984,-0.05481863094286269,0.24230979807076067,-0.0884627201946813,-0.14861720594203995,0.15796165498332654,-0.01849476913278689,-0.11153078404060862,-0.3201239049168297,-0.005649125782425105,-0.0552767953726636,-0.08517701920609728,0.2852700168784692,0.3536721379857024,0.319314695276687,0.057868928593116264,0.14138210778100543,-0.329040879686639,0.09180316455222451,0.0032374669682438866,0.1067937257148613,-0.02052978967190448,0.23663489307852756,0.3712513424983586,0.2846335482709178,0.09120785456067326,0.1624788023782335,-0.08049618139710456,0.07913229928786682,0.007896200195318304,-0.143930905282023,-0.328549392981843,-0.01050796147961896,0.19437392781732823,0.00464921292880372,-0.06262217080644798,-0.029747739484594974,-0.022971436148999876,-0.061714356294303364,0.09816748975298997,-0.0041327566313469405,-0.10736339775923402,0.05164097833196676,-0.020513768950718606,-0.26408566186400323,-0.008171693236161378,-0.028420770892420108,-0.032010227529887844,0.005967764518435075,-0.14460464943280846,0.03049024344276176,-0.017480900599147843,-9.329270865103561e-05,-0.14095401640555114,-0.05375427312346342,0.15618396667682272,0.04390979468808452,-0.04952012305271384,-0.008106763269181808,-0.30488524518990756,-0.04150598923634668,-0.17565557819102773
5474,0.2437522554951301,0.07896825748767672,-0.19677340695920603,0.1794800362482203,0.06484998787155777,0.006460262873716591,-0.07865251254428124,0.08496142663359231,0.1544996837345803,0.18487420829450785,-0.23798695049809773,-0.448482720711055,0.07536255456579412,0.028070319030373235,-0.1159652916534635,0.006076872008053331,0.14039292035632503,-0.0927280586330063,0.11921081159744681,0.11331027766043027,0.06696629726177222,-0.12516026978119982,-0.09995649606302566,-0.08018903633556389,-0.1488210997413592,0.19001721638137178,0.292678827943897,0.12430559787099042,0.33151637717329696,-0.011209252830379799,0.04453956579993582,-0.11254734659160254,-0.33963693703025444,-0.13562479266248653,0.1775971378599597,0.007581662310074852,0.048541309415221404,-0.1501470451830934,-0.17406711684399367,0.059771340484464586,-0.25738307450964415,0.183016224681588,1.0,-0.42925024604633993,0.08967357236919993,0.07829361741927597,0.3780698123990107,0.03604457657170063,-0.04652712962255195,-0.460287363371243,0.10395363895670866,0.5492379276345069,-0.07417007256157361,-0.06968366588547703,0.24951296694251893,-0.25274518172397936,-0.09262054136996614,-0.12946394800041094,0.026705954287540922,-0.20545097678615504,0.1469571837146431,0.3260838592359076,-0.4051731419678755,-0.33696028444181186,0.46078659864397786,-0.05230152574449488,-0.13683769681822197,-0.08749928860648727,0.25388180206807964,-0.18202136096797628,0.07176950427040402,-0.11589480541969581,0.12072333021531258,-0.03617118277406764,-0.06801995209190388,-0.2269414439182788,0.10462096832345741,0.07820918356314711,0.11242917908793106,0.43804397935473965,0.013173402578738527,-0.34621956564736023,-0.2896003015532061,0.028176160928242985,0.16808107219013135,-0.044568759637590064,0.2460748855259682,0.20745136355448193,-0.052460709455730205,0.2421125380748434,0.002445979958454449,-0.03127874189976453,0.21034120214808555,0.4543709091608623,0.14192020420712054,-0.49016647157857995,0.004304902886261823,0.2716820520909485,-0.056421416246310634,0.08230377921573737,0.008434258419453614,0.020374530156379782,0.08714358698050964,0.06376414804643513,0.052372048060975215,0.06075743729661237,-0.030742015406556057,-0.01815953248852387,0.038783415683152044,0.008047508669118185,0.011939494320277402,-0.05585683900216787,0.17082654502361713,0.09129430523960548,0.2017582349804372,0.008690197639751497,0.034554053231715655,0.33589145859908554,-0.16818822507188144,0.05072525621075849,0.013428767514873928,-0.11713769516569666,-0.0190074921612736,-0.1802799745369786,0.002088134889609117,-0.39964143252432943
5475,-0.3275087924813913,0.03641475573284254,-0.06677019176481892,-0.8070546804107886,-0.05173358563912726,0.05881078026390389,0.3263480318295241,0.2329980709475994,-0.20381179572840863,-0.6852713358283808,0.034985203701998875,0.7794470970516153,-0.4553862328406747,0.13641977417498152,0.1071149563926274,-0.07292447582788145,-0.06108113691657328,-0.029347515656697368,-0.19451526689803517,-0.1748646980979727,0.09335669070228213,-0.18131514556883227,0.42164306029001314,0.188516119059028,0.10854488741744442,-0.4081020996184144,-0.6130034745342304,-0.22291873380459237,-0.20344439690038774,0.16666515698030437,0.2787951949761022,0.5240637935482582,0.44254237093741644,-0.3223668915647241,0.11197223746358767,-0.12370403353486126,-0.039704513606260886,0.22900029611911496,-0.3566574536647063,0.003085158927741598,-0.07852085458489605,0.006676513403177548,-0.42925024604633993,1.0,-0.01560525778317134,0.0886966434699176,-0.13143336540794973,0.029811650933831587,0.24393433280305873,0.49011042226507706,0.13991449818544324,-0.15695033444191828,0.12213057857238488,0.21661603031548587,-0.2205069436924738,-0.2700036397580872,-0.22522368424837633,-0.1752553024525462,-0.13357618936312063,0.13855328002216719,0.1478039758963608,0.11157410219936138,0.37176182122756674,0.30902688370557146,-0.6174525144324812,-0.11842628618158609,0.5687045237027963,0.07901742956991815,0.08962008887043367,0.42934385283466164,-0.025780823532136052,0.014525122682584872,-0.011113470318676842,-0.14779611692559214,0.1335346102897339,0.49220669005603496,0.21807480283779593,0.27280583746521375,0.2830356967377407,-0.553819748824979,0.13479862570123455,-0.21834446902270782,0.2859549357553228,-0.014007667084196387,0.14720939906868596,-0.017926774457401578,-0.027507078061607515,-0.02068687728227874,0.17592744936078142,-0.28572342156581915,0.2611360707906898,-0.11233796028500051,-0.11885764677466949,-0.07834957318906002,-0.2710647213171161,0.4787753087746512,-0.11740682602128434,-0.35982153228336594,0.05601204852331495,-0.21705625168466275,-0.021192637348669965,-0.002344059614000094,-0.08027310681661369,0.02702351605366667,0.00806682834218823,-0.1427405628180198,0.08657755323844282,-0.05037469802521913,-0.35308581057418864,0.020183377505447297,-0.14140082295369844,0.07089748523681033,-0.022872233577183092,-0.13095346742204578,-0.20881040391304345,-0.011159895092738088,-0.08375685592498526,-0.1336982074319085,0.24229577947558217,0.158510973790101,-0.0676751418343385,0.07056993525820698,-0.03322267249420439,-0.20268786568344588,-0.1609392356823973,0.35568970055547927
5476,0.09497551670139262,0.04383397389401059,-0.012869240458393766,0.003065671135210262,-0.024591087648227188,-0.015495739841049232,-0.09428615331754242,-0.02747394975732048,0.014158914719376784,0.07266702239242065,-0.03416615189317501,-0.11581439716579639,-0.07955859629088742,-0.034694599549005466,0.01715171771630069,-0.02875085873767412,-0.08051957169009327,-0.01934544230845357,-0.014281378444386532,0.038456464375648196,0.05539368232082109,-0.11001249529436137,0.00341918771210174,-0.021405434836779848,-0.061509241038435386,0.10477291409597711,0.07547188699275323,-0.005141360279310676,0.02549759236034689,-0.0015854026088877402,-0.08724695772705703,-0.05074996599429704,-0.11520607650086112,0.09389988055510734,-0.013995230868202339,-0.008282637449764527,-0.02792132167848957,-0.10394309309573903,-0.02482982940367418,0.011805046810836554,0.07742289539203885,0.013074002086193259,0.08967357236919993,-0.01560525778317134,1.0,-0.10320986911788009,-0.05137324350581058,0.0025964133854059243,-0.042542099865969844,0.01837488028877692,0.027264370194925856,0.05818867040181278,-0.0031981703184222965,-0.1338536687730541,0.004362759389709961,0.051188344153531386,-0.04663438747194066,-0.06364975878467354,-0.023196487272595958,0.02123613363995353,-0.032832918032001626,0.10134671545928108,-0.09790444295549475,-0.06253464628035042,0.08939917331451643,0.012757484733672338,-0.10006212659280214,0.0005331518549597754,0.07807658991998458,0.009832807382762532,0.011293708221606023,0.011567332820345912,0.15697704821780653,-0.04763980196169172,-0.011291558952478502,0.017828534081310056,0.008289922976611195,-0.08736533662111468,-0.12247584879344729,0.10012415244146466,0.001230435700665253,-0.08977666448484424,-0.16170772205425907,0.0331905214878781,0.07796620485094337,-0.0007147690098014244,0.006169267080798629,-0.0710916814079396,-0.13290590159752555,-0.02039493197304663,-0.0873674785371638,0.023064174400656227,0.06206522546115826,0.10383480494162994,-0.009010475867855356,0.009088387740506588,-0.0088402594746178,-0.024324168062933704,-0.012773063301890047,0.030276470189869387,0.019465593002721535,-0.0032731650266487416,-0.0033586231182636344,-0.0163291888135631,-0.005291466728270781,-0.12085209985633301,-0.013372847031657266,0.017326467726335937,0.02094879767634851,-0.0025249101106805294,0.01656937319117577,0.013375581726544558,-0.005932166296550999,0.03364593180289994,-0.0018976745187937205,0.0022745028163925875,0.01048352665814352,0.0834449556102856,-0.0006541711735527858,-0.03270551188751724,0.004469995636955841,-0.015535037927833764,-0.01642906162577263,-0.045802816278197656,-0.010425864166673522,-0.012336522257846526
5477,0.02060424350458938,0.01945138614722431,-0.03475028578198814,-0.23778522085616413,0.0012644285386417225,0.04895384463422882,0.054438462248408134,0.19378695013667338,0.00033915908772199526,-0.1289262512221243,-0.03121780361363615,0.1292984866262214,-0.0016091010855153291,0.015189713311035084,-0.08815313364180433,-0.1040010879772526,0.05589586000760228,-0.03983270583690639,-0.11437027035222869,0.002941119572211474,0.06720489259167499,-0.034797105088697045,0.16975795346345424,0.025430904681229136,0.08198201745305508,-0.12065358969168252,-0.15149949699294465,0.12603397559213328,-0.009810781998504346,0.10427266884319347,0.11482633445953556,0.07264455686455912,-0.11184239902603399,-0.14462810764957537,0.15033471731380196,-0.002281757815868549,0.10848333920988878,-0.08637202219613908,-0.11970014282199623,0.0019801892050684946,-0.07523700650891622,0.25478466687784884,0.07829361741927597,0.0886966434699176,-0.10320986911788009,1.0,0.11003697908349601,0.001719262392334921,0.04504432418489954,-0.18362943522927466,0.3054435215776394,0.2194774634992659,0.11031675850879771,0.10925887146681228,-0.017401050484809926,-0.17030364761885525,-0.017020923004070668,-0.0707224965264907,0.12486329989984281,-0.1432188593139602,0.028837006521852407,0.08174793395720997,-0.13910726506316598,-0.21200670146881034,-0.03137628700284914,-0.012396518874063496,0.08556482344633057,-0.08467410810141279,-0.11166026068228795,-0.036448085649214874,0.01334973584081936,-0.12047932964215019,-0.12177678312433657,-0.10506318669675523,-0.016229620111423274,-0.09601738731322997,0.04020419806683083,0.1824008429929538,0.02896708672426772,0.1179649673549541,0.01448519957285432,-0.21362246998002826,-0.00017030080199290388,0.038274947754898564,0.06434169500678126,-0.0186159236995843,0.13377357785725702,0.05934394278017513,0.022721733761371484,-0.06100579646068184,0.05044209906559798,0.04226630838345265,0.21095624054421974,0.07125802683402613,-0.07040615012776907,-0.13960112759135104,6.711120874769017e-05,0.0334561668143634,0.010128088957029798,0.056362983022008636,-0.0065164978109965915,-0.030087264530704448,0.07401607910431009,0.07777063099324148,0.019099303967295995,-0.1360538415593917,0.050158089685200795,-0.07510391296454522,-0.16817510985795447,-0.021301256786527542,0.008229105128890534,-0.013154639857048208,0.08500357849168268,-0.11075437167380277,0.008870800803257944,-0.02726858079931397,0.08200724037200634,0.06707084231439014,0.00046734481319143055,0.22023129373674813,0.05398502959692352,0.020944318214628287,-0.05124543544575641,-0.23204419071145907,0.02185445655766736,-0.13039791182115298
5479,-0.07850755874165322,-0.2778656176649638,-0.28636752414809563,-0.12960521589542834,0.16503198788764714,-0.01807829872134389,0.08360927457394358,0.4352540794036983,0.03401760463037809,-0.32437714104710347,-0.03253132202249876,-0.11181344055264804,0.1505603227875988,0.14552970929879286,-0.09151781760897719,-0.06535163721480745,0.06268534099298312,-0.10899613972443827,-0.005977749247817872,0.07308710023532386,0.03151462501361615,0.27586308897095624,-0.19260592064893367,0.02725143891039685,0.10964788715343121,-0.36092988245228497,-0.33664354270623237,0.4066465946303973,0.07730713673976004,0.04240612315176652,0.6398589914139055,0.23089180108352733,0.10066882106588318,-0.6006403574316063,0.4749833482315274,-0.006889773729895728,0.12180581548089116,0.3243249068323782,-0.3949238916834247,0.10149133951152366,-0.39318002875220376,0.34838381473645014,0.3780698123990107,-0.13143336540794973,-0.05137324350581058,0.11003697908349601,1.0,0.0329831139171274,0.2447393163874332,-0.3442943076543744,0.13968118472839228,0.1996855645856751,-0.25657706348324166,0.44833796729968856,0.24637081921360351,-0.684114694165786,-0.1465137337421077,-0.4253950814442759,0.31904356279956103,-0.15509432502534545,0.20012709442103868,0.22562791515574146,-0.16386509807115876,-0.18375883655057768,0.038047145312453505,-0.08173470704044229,0.2787759302220201,-0.24726720918481365,-0.06376081969483718,0.3919663672261985,-0.05716041873078155,-0.29709424045062804,-0.5070491031189539,-0.12362460517928198,-0.07598384801239041,-0.28687303509431206,0.42899908121448166,0.5964654567534394,0.5224091570614428,0.2729967305095173,0.36654049306010994,-0.5103573666830823,-0.028597670670005196,-0.13810068806246276,-0.01746562556873183,-0.001731255837178087,0.5079731851304651,0.741141799832217,0.4855467817177361,0.32728821608571373,0.2737405738723671,-0.017649977517568128,0.09264862694037472,0.12182861573197568,-0.26636311873552304,-0.6286111216114342,-0.062174857680483794,0.38955204517714453,-0.028241192119519462,-0.11657166675052767,-0.12179993184624217,-0.046098300193316545,-0.03890083705730822,0.15876145647823334,-0.009572118790268893,-0.17335668548656324,0.10612018493652431,-0.09165312712260124,-0.46298840515401957,0.09825992648947324,-0.03434297126699874,-0.0724264105029399,0.014363993092967944,-0.0984168044100333,0.028250648048880042,0.005682372724589238,-0.031833156313789,-0.18285965929998205,-0.12518592331459463,0.18109012738398828,-0.016141583704872557,-0.0752298575008437,-0.027531819617120645,-0.5277847629286129,0.021513087407255948,-0.449150976940008
5505,0.05897329818375017,0.10542654514513189,-0.03279059801158435,-0.07081565593729233,-0.0035613451568780705,0.009223450995298496,0.02546196803607815,0.02090020256983201,0.008397867738258633,0.0015926624791381672,-0.007705197757969073,0.05346843990362017,-0.09140785501724066,-0.004494944632123994,-0.013902887553260418,-0.009618467576406244,-0.02528320340144145,-0.02798555597100948,0.008611875374609045,-0.0054291466817492865,0.042876242970342204,-0.0012132178447053872,0.040137126589531835,-0.009559831988264258,-0.007557667562956427,-0.0534813782178085,0.005972249089044362,0.022818748154292134,0.03222350253824892,0.03676810303209217,0.027989746488161032,-0.022913405597548953,-0.021517157069942998,-0.019577262499662417,0.03350475456110373,0.001668053213346132,-0.0025329257360449412,0.006196868007988748,-0.040736256489054386,0.01621195866769347,-0.0020304768574516204,0.06998573546542027,0.03604457657170063,0.029811650933831587,0.0025964133854059243,0.001719262392334921,0.0329831139171274,1.0,-0.057865418215158754,-0.08867396669733792,0.052062977357386464,0.13214677298651095,0.001356494676477232,-0.05391243108346382,0.05801626939700892,-0.04467223806888768,0.01766470459499381,0.007070488764624594,-0.00036249219665176633,0.0022579018043382935,0.007483645141725166,0.0675642876401301,-0.11919492822627,0.0977019238005311,0.07060254983182364,0.0016364505561676595,0.035011971754674104,0.00723881621228585,0.017768794586723115,-0.020326567783649045,0.003307042651596485,-0.042497190441010815,0.05297548556409706,0.09214733969611065,0.015521061381942435,0.016164850886067936,0.07821993748272019,0.036456337349532054,-0.0154747226318854,0.07277275599592872,-0.019406304522176062,-0.1258637980117941,0.08636401384813056,0.024330801124265593,0.09103428914811795,0.0017161349935662562,0.004832066115264657,-0.02225617109619718,0.016726697817690494,0.00502080751718859,0.0016520180622995571,-0.03141257724253333,0.013434970013160418,0.05699860456877445,0.03287605014688907,-0.005807182568544124,0.002781979864131454,-0.03923047282677825,-0.003107915188344306,0.05060230626765467,-0.0007541501898490936,0.0018958263697166965,0.0029643889558191193,-0.00667910394358905,-0.0004455409627477491,0.08201051634614556,0.0017870773281822552,0.006041785322118453,-0.04247133234533608,0.002529812056187182,-2.3261233836012158e-05,-0.008078171870622123,-0.0008287812224215183,-0.08873580935454553,0.001938363990966906,-0.001668173742555208,-0.0065809656589118646,0.08971418522178264,0.003105383837115669,0.0049168938625502034,0.00584761360381551,0.0005225970404316388,-0.011944753035232562,-0.04860055969097404,-0.0020521233896244745,-0.06678279120053518
5506,-0.28243658436931557,-0.10112822283055269,-0.16155747164954024,-0.2637881837536166,-0.0013118062081587064,-0.07335453660058923,0.2788855977708152,0.3150724019438203,-0.132153458571044,-0.4432616427788603,0.04293912686655603,0.2917463832294233,0.12092175732698413,0.04560597319824944,-0.09185441397132715,-0.003251114311300158,0.029098351180735945,-0.08519330885662262,-0.10118684032639096,-0.02338731526973783,0.006771913902037508,0.15280160187840397,0.10317144620613108,0.060430671295471985,0.2289405108148821,-0.39914272988621,-0.39839237716355536,0.10450002054187736,-0.10024042467634472,0.1310248938618919,0.38385485891935034,0.42207062774394793,0.2896353552769352,-0.32109283897560414,0.2772289641916814,-0.038042308876406104,0.07491706002507752,0.33337139563998525,-0.31459901309005284,0.09321980865908482,-0.26475839240787846,0.11214665211884767,-0.04652712962255195,0.24393433280305873,-0.042542099865969844,0.04504432418489954,0.2447393163874332,-0.057865418215158754,1.0,0.1102467152094404,0.056733198751325424,-0.12189284515821291,-0.09357625428664892,0.4253826286657101,-0.10526524178096164,-0.4393295995260857,-0.2108154034529574,-0.1725625293297611,0.08962133959976419,0.20563976237761727,0.17121802848913095,-0.007645935209818373,0.24702117159435208,-3.074018679446957e-05,-0.28352262311177634,-0.04038437441948956,0.4643748067275304,-0.0520276714059609,-0.13325223521346835,0.3514004022393185,-0.08389071899028587,-0.056398852592493304,-0.3620203656543122,-0.18162863783101424,-0.011088463065315171,-0.015733124582872387,0.2715977152079713,0.40523549935273845,0.33532232033518483,-0.16004081490427496,0.22865417023686802,-0.20389991912135985,0.12676247374395255,-0.1086760239180349,-0.014693252417289285,-0.022933595538382385,0.11273425392156677,0.33302848069061886,0.44731742038660505,0.036641326742202086,0.3351949842021275,0.018513472953390456,-0.17303676777246452,-0.22967301441455423,-0.38954433194986104,-0.09375137267030842,-0.02057403770481953,0.25308136170945256,0.10197838010865397,-0.28329967470088324,-0.03343656352472529,-0.002754609091014308,-0.05813264597853275,0.03070453450584181,0.03391832287992602,0.013124091309735221,0.03766570272286965,-0.036139329621408936,-0.2907313245501027,-0.01056587293403898,-0.00036728594452481396,0.0004725154691836542,0.02632180123700324,-0.16815349099514748,-0.05329982780656864,0.02966110727341315,-0.05483655166658244,-0.381548707363166,-0.019662276493261265,0.13249585900283475,0.03943415214220992,0.04566545411784964,0.021112520048436872,-0.3814152405180474,-0.0338912275503554,0.017232018565358713
5507,-0.40339116699266464,-0.08166677783602981,0.18749200338705843,-0.2680622585952414,-0.19712869515401887,0.001977460704976531,0.15565239970511066,-0.0605807494820029,-0.1618065176415602,-0.2787550722421614,0.13308384022297368,0.49711693225879966,-0.09807427883784188,0.03158555134342475,0.1976543389767857,0.03424989026047006,-0.04758284466527965,0.007211642213962244,-0.08941892572891876,-0.0492176503104866,-0.05198793644494447,-0.15016622966957824,0.36940698887025214,-0.018704758174432404,0.030729716625150033,-0.11621566792499233,-0.23709410627867283,-0.405193101710574,-0.2685259963136664,0.21383179174231573,-0.02347182764177376,0.19928796126224246,0.4826162620476468,0.05748515780299237,-0.23904668933613077,-0.03026759545105239,-0.08010895089068198,0.18812044804445505,0.10207287276626485,-0.02931941649441172,0.1744885559724028,-0.16884370871846438,-0.460287363371243,0.49011042226507706,0.01837488028877692,-0.18362943522927466,-0.3442943076543744,-0.08867396669733792,0.1102467152094404,1.0,-0.21178125891367805,-0.29248333703909096,0.10696549259015145,-0.07615482748136632,-0.2321053039489346,0.07062461582635023,-0.06666676699213009,0.16858807232495232,-0.24596440304797798,0.30133390508699287,0.007089943529147448,-0.05431246811080291,0.4741970315264415,0.31936365307840897,-0.40788766549326205,-0.026191388681883098,0.2633626592822595,0.15676407066833306,0.12635897776011681,0.24289294242881382,0.11062959111907167,0.25362953053291715,0.19085630260819816,0.08721149137386121,0.06309789482128572,0.44875340036593125,0.01972475729515064,-0.11893475231722875,0.05698440041715792,-0.5459133100104038,-0.018924546912713905,0.2743964171883114,0.17551834080971712,0.05146538657016672,-0.0840439904371077,0.031236385584292026,-0.1858442897423204,-0.17433562367989652,0.09209685484105674,-0.24955532376724457,0.02000816595622237,0.03730790785527601,-0.2306223498335558,-0.27489614934362566,-0.1024806183238907,0.5372770752371249,0.012202460619446187,-0.2894501875852604,0.07818923710753337,-0.24497251797881756,-0.027305274278955113,-0.04820803006647649,0.0035970307724175056,-0.04885157700370572,-0.05373456174458731,-0.0640482342538722,-0.07952396872479692,0.01898759982541998,0.08563696490856781,-0.06765679582799118,-0.13106538816266222,0.09065736804306389,0.004709745944318705,0.015319853130998663,-0.11038204303928648,-0.010469133533606258,-0.09117317389612362,-0.2526310293716153,0.17139181722211214,-0.04971410359804078,-0.050717203495559374,0.11450690800033768,0.05200342140989253,0.11179524644673094,-0.02231867990517678,0.5284259764608568
5508,0.2730522050583263,0.08283151191731138,-0.18082005131523535,-0.24263342348579509,-0.1649919997651344,0.03805559899383307,0.06761703524898427,0.2862637237231,0.22956977241896612,0.006546580130169016,-0.014001980499338942,0.047310987652713604,-0.19843051490744731,-0.034440170804357455,0.1177225501005163,-0.1534725932142162,-0.08220003561929326,-0.05419640121058441,0.0745215984897419,-0.05705662508762581,0.045096601563316976,-0.04830802985612425,0.12795933855881786,0.05756430120335169,0.16690868622670565,-0.2383479210523951,-0.07953672658911612,0.3134076860605904,0.19565610987067023,-0.021286641410320946,0.1299882466471223,-0.07974883516364387,-0.18778709846609304,-0.12686172055372572,0.3477380173988786,0.006085385885123347,-0.007818038184188792,-0.09880671167977327,-0.34208668757137484,0.005414680485506511,-0.09621357842841571,0.13235534130742455,0.10395363895670866,0.13991449818544324,0.027264370194925856,0.3054435215776394,0.13968118472839228,0.052062977357386464,0.056733198751325424,-0.21178125891367805,1.0,0.23042551606439493,0.08781474421233035,0.14770882890857115,-0.09541415706672413,-0.08525961268083165,0.00019401464392508285,-0.1361274727274566,0.3003228798944673,-0.1144143034966876,-0.03830919233075078,0.1704096869364876,-0.5108216026373421,-0.2996736490256609,0.09309895771789206,-0.027029624971254284,-0.08646031954866988,-0.10078377054959668,-0.18489627255079313,-0.09931304654495754,-0.013114398484162959,-0.5290957204740389,-0.14821792555049768,-0.30152563537408306,-0.045457780707000746,-0.16114651138901234,-0.03142730859406031,0.3315959928732484,-0.22265124233457656,0.15054960204635498,0.17278941166195572,-0.30618219619668713,-0.19650109757108983,0.006179151993042211,0.11677354658497176,-0.09740989165164042,0.0796458010497358,-0.01156108188899984,-0.11769188783558203,-0.010554186989927938,0.0791494956091269,-0.014956487971481216,0.16719907249051588,-0.015725084900859325,-0.07461065957092947,-0.27480817227998,-0.08157043542292265,0.07253024474735861,0.1452580791239203,0.3777518849016894,0.041348555481934446,0.0432894729791238,0.03281282535485445,0.09116239234360006,0.042125181900720676,-0.12167769283839117,0.10114573658704396,0.032423840370050645,-0.3987278836703723,0.035196988234594696,0.0005389216546296923,-0.008964630211756933,0.006487553476204415,-0.009367339218371098,0.026606345197173538,0.04343578102272267,0.05569816063861199,0.12632953471952746,0.1311726667459748,0.2896463407013618,0.00019434166512594933,-0.044249921928368796,-0.10607960006588203,-0.2886999207059673,0.03329859719336695,-0.3209289353324663
5509,0.3341566883756008,0.20731249103873675,-0.07384852826653389,-0.05416588078395871,0.043609210143759694,-0.026429832823189774,-0.04408220465483017,0.04031180234614606,0.2077064982932043,0.15780694439009083,-0.26230897395382824,-0.2426295446740639,-0.11038682247207994,0.04803512185763281,0.0583849208115003,0.027774489097851542,0.010256423059484567,-0.10447123765926317,0.11785411934747683,0.07356568332499777,0.11172657096704364,-0.21998832170114563,-0.00756265843995078,-0.029970304562217068,-0.11857381704373376,0.09134834049913808,0.1355315686155262,0.06980397468436819,0.3544760688929493,0.05125884179347299,-0.13859322245803934,-0.15525068116892402,-0.42645083388182614,-0.09949041966362307,0.11519971783181823,-0.0168874073766326,0.140689689082562,-0.2067757965852648,-0.15418684148609332,0.023312197193716182,0.01368870145045738,0.19007551112846452,0.5492379276345069,-0.15695033444191828,0.05818867040181278,0.2194774634992659,0.1996855645856751,0.13214677298651095,-0.12189284515821291,-0.29248333703909096,0.23042551606439493,1.0,0.03258892707145139,-0.2962718319182639,0.25441410748235976,-0.08981069396342162,-0.0322183546525886,0.12107764462294737,-0.030721836217199285,-0.22973070664301243,0.1091896798616039,0.27199819947493925,-0.4939883658475473,-0.15806844385563312,0.4708091871347645,0.05137230574126202,-0.21230639153270384,-0.07033304359329723,0.23368364316028287,-0.17619988517204202,0.08963552495098859,-0.23565231633757075,0.22593244728850376,-0.07909525452941962,-0.06229147802498211,-0.11661752525201947,-0.019666291615735153,-0.014678899120315798,-0.03947651860088555,0.25320338170589346,-0.05568737617305881,-0.3941320076588434,-0.2785372218672954,0.29466243700172495,0.25722000346354534,-0.0436436119150826,0.26871402842221603,-0.013807230974790382,-0.3246204946858282,0.1742838668837987,-0.08269429159670268,-0.05822918726820218,0.21055921846742265,0.37323057650808655,0.3346681301477441,-0.1665824731005791,0.06588634163753339,0.17658288266358466,-0.07771849491305374,0.21705714783244348,-0.0016780231517567598,-0.08211849519858097,0.021685745997432067,0.12447307423179228,0.03813864206952357,-0.058970016099287766,0.0529267932454588,-0.039456852448593815,-0.03541807095375878,0.10006937099999966,-0.027091028342480696,0.027895679486044492,0.00349399128092438,0.07917879490110673,0.07898689148962908,0.07872739339548432,0.09481370814902614,0.4603617701139148,-0.14323189275919213,0.0290784944245693,-0.07165289645165263,-0.002759956746900418,0.06822757303576918,0.009369355861529018,-0.06815159518025819,-0.2936950776951993
5735,0.011865667546227561,0.10024119182635859,0.09791620839977846,-0.1318343873031161,-0.029617454527580116,0.03178422651799062,-0.03901257238054641,-0.062393004566380236,-0.026572924938065557,0.049151277425368324,-0.03202968533521269,0.1578809098000996,-0.07856352295267541,-0.02208226447196853,0.032513488308832716,-0.040336452166117635,-0.056597113247847435,0.01748074919438671,-0.03525813523571318,-0.025388958036377272,0.02815889772125052,-0.11294222014815714,0.22531969818650688,0.003412274397485064,-0.030269855820834912,0.04290732950226523,0.0773639824495981,-0.17583506643402896,-0.010388991390716952,0.037265722592989,-0.1465979273237868,-0.09748970648542729,0.04302543514559465,0.07335289818636666,-0.11431096920090399,-0.01628934859306587,-0.04015446816877148,-0.08193748217019536,0.013254301365994108,-0.02075654079657315,0.07741151059872868,-0.022892430465450586,-0.07417007256157361,0.12213057857238488,-0.0031981703184222965,0.11031675850879771,-0.25657706348324166,0.001356494676477232,-0.09357625428664892,0.10696549259015145,0.08781474421233035,0.03258892707145139,1.0,-0.17901208708610195,-0.06421097674063472,0.12976534457790911,-0.0031526787451240986,0.1676909632309698,-0.14501855636281052,0.09300936235247491,-0.032978051908902385,0.0021321905234247857,-0.02226937590126042,0.17477429536687894,0.004287608197171281,-0.021779436567533082,-0.007708129512987988,0.044300779384117826,0.028212600375999066,-0.07511712206243998,0.01694709399906994,0.028072165770393426,0.1374369157996544,0.05800720787365317,0.041314970759939604,0.20081253463857215,-0.11111300577037568,-0.2063273110132877,-0.15181805163479614,-0.0713045292883778,-0.0912155130001146,0.07060163019576515,0.11469604953629785,0.047151675935684,0.14318242254906502,0.01449745700979829,-0.12045279724219647,-0.26663329923418616,-0.2152396084198958,-0.13434349527721384,-0.06480870945098481,0.05559024581657715,0.004368353848997715,-0.01775228301667075,0.04613476701706667,0.240159977159186,0.002670623275408117,-0.17171679949908217,-0.02865551668273408,-0.0527071248774447,0.0007276761356404865,0.009420254193909365,0.012913104759289123,-0.03884155711786462,-0.022046585389458737,-0.032137588012349616,-0.004799873581643185,-0.01952330728963472,0.10102781117623846,-0.01750315532115111,-0.01376199238737543,0.03562256434491463,0.0019601008706864433,0.019631060512498393,-0.03317308578508373,0.016518816528884716,0.004195184709020644,0.1361677735803649,0.042334502477566635,-0.018715325123033446,0.005519582778405475,-0.0005697318487078768,-0.020486909438928693,0.16482380413010495,-0.01971199427461954,0.14724387520786755
5743,-0.39182531883546556,-0.21592799674406804,-0.25523525750052034,-0.2972908048782748,0.012917881808495011,-0.07325011526085366,0.21599503352498897,0.41410362078350743,-0.11040880595227169,-0.5747911093939428,0.07222916306611672,0.2808283982071945,0.05890603513721147,0.12874158064636698,-0.0918079813163754,-0.05388425876630685,0.10541653130077601,-0.05324238878541812,-0.0981664549982558,-0.19073852567566776,0.028514201600300257,0.3081112566293627,0.003564317856075749,0.0487731373725255,0.39178458414786715,-0.47992563746527606,-0.47882252185679464,0.33998607467533165,-0.06175337855506661,0.07178811301464604,0.6381350412099169,0.5844287939258987,0.4078933808621143,-0.39592291659802603,0.5489264642454884,-0.07800184136327287,0.024120881780822175,0.5202444252079085,-0.495613226627046,0.12644592193812568,-0.437679450269415,0.25841518750632714,-0.06968366588547703,0.21661603031548587,-0.1338536687730541,0.10925887146681228,0.44833796729968856,-0.05391243108346382,0.4253826286657101,-0.07615482748136632,0.14770882890857115,-0.2962718319182639,-0.17901208708610195,1.0,-0.11550919034482483,-0.5864415163129635,-0.14877852030685051,-0.5291733248769249,0.3121395879225025,0.14867196689773715,0.10663683413049285,-0.0033922538885672376,0.22927394476723473,-0.10655719358467107,-0.4167739766865504,0.013856620701986707,0.5951388868211637,-0.03134043152485686,-0.201767601797714,0.38103778244199465,-0.11052004983286938,-0.11731010077794618,-0.6206861685114409,-0.1818331419746857,0.02441627501144881,-0.06777777923920383,0.411044812332516,0.6566480375184902,0.432805513932936,-0.009189883030478187,0.3507010741283004,-0.3334400517121947,0.2531706882471388,-0.31588933802163066,-0.15720196363721659,-0.06668289379103755,0.20103578407776215,0.5980887485134947,0.7063922388268378,0.008443349627918036,0.3962505413167628,-0.06761455294142157,-0.014544245168471456,-0.13096665469625976,-0.6351520564487859,-0.31746421561671145,-0.026032798068887624,0.21885843177270606,0.06716762439118457,-0.29120452231126775,-0.1406782543853466,-0.018320916783989883,-0.08139267972145528,0.0771632892902107,0.0670833431258028,0.001307891126621248,0.057293605499801954,-0.07882116153616447,-0.46164362350439214,-0.019841829962095214,0.013105658862875028,0.028341893721018634,0.09577410066416754,-0.2891088352564338,-0.07503556259155333,0.038135221809248054,-0.0993584829298653,-0.4586440353567677,-0.035193741767378627,0.2908205261066489,0.17363245383881576,0.05270657639985825,-0.0015568303987436212,-0.6447174028912614,-0.022842602827596502,-0.11845074639090146
5875,0.09836639323077362,-0.047089945273497795,-0.03071316231467998,0.14688117139946127,0.009142486956423505,0.007641809718231931,-0.07560740154510696,-0.0294739008718675,0.025875530929843307,0.10863315167608946,-0.05152619407829676,-0.21090512063916958,0.15629640293252717,0.04756229969003879,0.009120912113594967,-0.01907678111226599,0.04845107834008229,-0.03284671855222831,0.04395367992986496,0.05808461846109427,-0.012501114262207343,0.05523838965236428,-0.13161910229862947,-0.06216699674626277,-0.14125621283703935,0.02350720061374339,0.1393571594178113,0.08700436757651626,0.034257391335062816,-0.06522720917290763,-0.018375042501929603,-0.120038995588195,-0.18521800899820776,-0.08161956570630259,-0.07034854918083108,0.0005787836547200304,0.02417822188640005,-0.06606356860007732,0.023055761460680033,-0.05673399075836446,-0.0310484866128275,0.08215364866046154,0.24951296694251893,-0.2205069436924738,0.004362759389709961,-0.017401050484809926,0.24637081921360351,0.05801626939700892,-0.10526524178096164,-0.2321053039489346,-0.09541415706672413,0.25441410748235976,-0.06421097674063472,-0.11550919034482483,1.0,-0.05178911517342295,-0.041478088153731274,-0.0038806784641731737,0.11015438024826804,-0.24466620128857636,0.13121284739310915,0.1622544017985986,-0.22309293599399935,-0.16160558711436676,0.27654117497852976,0.00827547155694025,-0.12176614490088837,-0.047260677384496276,0.01783209207884961,-0.13037211687966843,-0.0012446333178471613,-0.09968266159502706,-0.08084637104951041,0.08969711448023322,-0.04902991353477907,-0.2125643898881018,-0.009057243613628375,0.0670541598873619,0.10376353221336171,0.17535166171718222,-0.04049394865266248,-0.04599738446860992,-0.11516015705294176,0.07996467639089265,0.053709491311558485,0.010185822851031869,0.10943811132445526,0.1476562233024443,0.00640065799142281,0.17493260472902644,0.021626412450803944,-0.054187037633323124,-0.00632262023099685,0.009720331097341196,0.14254178670245995,-0.19066157187692342,0.01815047180502972,0.14040856891413328,-0.01745993229308543,0.10401139800919167,0.01974126124923044,-0.0220208773224046,-0.018936487848632912,0.004420932627043019,0.014520816230395504,-0.04048852251579966,0.0369556682029106,0.03154888075201764,-0.052527147055183694,0.04760376862363059,-0.021325725717078133,0.026222162726162908,-0.04994039549399482,-0.015128862912805668,0.03214053474600171,-0.02136924951040532,0.011958982897850575,0.09572657053309665,-0.10639789783666462,-0.07083248734598012,0.03859022555587852,-0.01216451424752803,0.042338890118829034,0.08359599826290727,-0.015851418857822097,-0.15256314556877426
5908,0.4124931033015671,0.18386004516238647,0.34612916119813414,0.5238295715682737,-0.07553477427110837,-0.026671567757135486,-0.4142365772666221,-0.5290339454479072,0.136729167176326,0.7305305258546304,0.02142032185340882,-0.3652900417136928,-0.02997331873201344,-0.17814032795503335,0.11164031762932573,0.12441817614063307,0.007931540022191465,0.08425286885612415,0.08631890647506406,0.07176535976452558,-0.0729481867463457,-0.08225335329338283,-0.19601085994523723,-0.026678583521455662,-0.20202637193591985,0.5133164778216418,0.5735672556779107,-0.2155725648630207,0.037597229635371064,-0.239161441364639,-0.7717688632679217,-0.6454170244803376,-0.4529869998293664,0.7554971591400775,-0.5221434140269134,0.17256435842310455,-0.07027366289123621,-0.530695394332676,0.5931979590368096,-0.18650323145449843,0.49089208232459647,-0.4199361279426109,-0.25274518172397936,-0.2700036397580872,0.051188344153531386,-0.17030364761885525,-0.684114694165786,-0.04467223806888768,-0.4393295995260857,0.07062461582635023,-0.08525961268083165,-0.08981069396342162,0.12976534457790911,-0.5864415163129635,-0.05178911517342295,1.0,0.3600859250098662,0.5494804476198141,-0.07394401576536769,-0.020774386173177433,-0.3482008108274166,-0.29415611619931936,-0.18559687988592502,0.019683564172015944,0.35544601945282,0.13454130288182523,-0.7250096321595692,0.16692944756836245,-0.11160357987981953,-0.5451137748990386,0.06533930370266099,0.045651751700819206,0.4224892732931664,0.020695519537792077,-0.01846110055433481,-0.07507225261722138,-0.6487576086548658,-0.710261042320637,-0.7706702143989269,0.06502872759194207,-0.3441588611949315,0.5631154919108781,-0.32867153852079295,0.1409972472744574,-0.06743851930583647,0.044825373802794534,-0.4277321261889702,-0.7696265719086585,-0.7065272101623594,-0.13909286271389287,-0.541851433986717,0.08107995304141785,0.02766839339151349,-0.124711985149119,0.4696574928913035,0.3631129369102057,0.139221474268159,-0.19462269763751686,0.019357640423403433,0.49420485482827664,0.13779761129500445,0.010566865933892625,0.06721139909129653,-0.10085904576237119,-0.012471245696224497,0.06142571718864544,-0.09731742139280351,0.09267666969135535,0.5387442832443381,0.027966025716543295,0.06832518979779578,-0.013719265933403469,-0.118605914796281,0.215130537964295,-0.017827578616700306,-0.006473793555820988,0.04011790338520994,0.2942822984875235,0.039399434019956436,-0.31772768159226966,0.04578516457704813,0.10411550803116748,-0.002493811298371658,0.6636610817187896,0.07962576011501797,0.08961840386773202
5940,0.16523686798121628,-0.026543351309264065,0.21626071380738895,0.29032365350838446,0.13832954559275235,-0.1705205252911885,-0.24536503035492707,-0.29868120725987196,0.09161977702883611,0.31902152423890434,0.06565746445974142,-0.22024101729190326,-0.015018894643986853,-0.05357621772139117,-0.04468498293236611,0.0793310767370229,-0.010424984447242436,-0.07090127961124217,-0.024690907698958802,-0.014473638373500915,-0.0962966420837481,0.04714209419149789,-0.19481528890011676,0.007296547680180595,-0.07903720806810506,0.20314325741964406,0.12962880043478095,0.045522531602240165,0.05184199850540001,-0.11929736940515852,-0.26067649620485633,-0.3137642726670665,-0.14749652954259804,0.18314441245785976,-0.09798724337681422,0.1564543938175667,-0.11228827303926746,-0.1797055880339896,0.25858679686838704,-0.0006088712204479694,0.21735792728146733,-0.16272733778522264,-0.09262054136996614,-0.22522368424837633,-0.04663438747194066,-0.017020923004070668,-0.1465137337421077,0.01766470459499381,-0.2108154034529574,-0.06666676699213009,0.00019401464392508285,-0.0322183546525886,-0.0031526787451240986,-0.14877852030685051,-0.041478088153731274,0.3600859250098662,1.0,0.06731972366004421,0.1740749916903151,-0.02114891312259518,-0.19930337775322085,-0.21701298714245612,-0.1804848647055826,0.04738166891615949,0.15447406134275338,0.09985086235308159,-0.37619055638889454,0.026926028636816014,-0.12456502056211613,-0.14202099623924705,0.025629283444391613,-0.12287735798975158,0.0690108620649137,-0.12508921108106416,-0.021488794653179946,-0.10312250874062275,-0.2375221799322533,-0.2687036818125824,-0.34549674983941686,0.27023522465896993,0.010867680531729373,0.16103150654563309,-0.21083676603713847,0.0011538542047676728,-0.21006570953833195,-0.014850419209014025,-0.07095894810535562,-0.11853620836594954,-0.21343360557105118,0.01223762712421497,-0.25386863942841115,0.026195346640436736,0.0734031502048733,-0.06799183673999094,0.12171534050127958,-0.022013537459349215,0.07895245533547729,-0.02547142823586535,0.04334839619580633,0.1838585893002316,0.08152783622255394,-0.003068583026259925,0.11502947775601599,-0.03800573073934408,0.015776632206782017,0.14840162805548973,-0.05950763992733392,0.12181787895935899,0.16794963704144775,-0.013181262106760594,0.06731363843510979,0.025834990492528118,0.012382847976825626,0.015295558814961608,-0.004261983887401931,0.0575206581085197,-0.04506663171876864,0.1254339783753831,-0.08765102435859498,-0.08272677075392974,-0.013516025727668713,0.0575438098805399,-0.05195113843700286,0.1878863465109187,0.09089093322301707,-0.1832321834768216
6191,0.16566168422775795,0.1718144009926483,0.27498020386135535,0.32630297922993573,-0.027224373352712678,-0.0031230482926244206,-0.11742799784477946,-0.33409403614801053,0.0015033783816408735,0.44603192354355725,-0.005868845959200081,-0.15781314448692024,0.19278287449887005,-0.09485648043180545,0.09072805308908877,0.14009949091293292,0.024312557522339615,0.032330071588402946,0.09330053668018046,0.16791022308237089,-0.05649292786403199,0.028476525802162537,-0.1225577855456875,-0.09590999474522326,-0.10211355546584935,0.21093868123654483,0.36545515418179114,-0.2517416226678078,0.08565103428631353,-0.05440871663890815,-0.5586162800898067,-0.39038629909471034,-0.2866598182988139,0.47139530999541346,-0.4029054432641203,0.07779424983987775,0.03384481761575468,-0.3393807250477032,0.3912583193836953,-0.10329961702221838,0.34991254208459255,-0.2249947703759215,-0.12946394800041094,-0.1752553024525462,-0.06364975878467354,-0.0707224965264907,-0.4253950814442759,0.007070488764624594,-0.1725625293297611,0.16858807232495232,-0.1361274727274566,0.12107764462294737,0.1676909632309698,-0.5291733248769249,-0.0038806784641731737,0.5494804476198141,0.06731972366004421,1.0,-0.15133357288321914,0.08180339180934089,-0.20971854141847088,-0.2657005175926275,-0.033213496892274215,0.04979514768805829,0.27365290772415696,0.04223979496631838,-0.4116194379121564,-0.008742845152341059,-0.11103062795565692,-0.3168030819133744,-0.036327736910549885,0.10423736171113637,0.32155313409032404,0.06551723996889752,-0.09093073844858879,-0.045004195945867076,-0.5589044259581241,-0.5369018165854544,-0.44101501279769195,-0.12779487190676542,-0.23423540468784565,0.4115566151114181,-0.13895991337350472,0.23477044258010094,-0.023357006221986443,-0.019120405966236594,-0.26646506364254524,-0.534471051502797,-0.38863229407155336,-0.09033509760498326,-0.3398555235534225,0.10903934377022223,0.00842255816647064,-0.24631856774810498,0.40104396121109076,0.31224538618352576,0.0402540915829459,0.015140050235677067,0.024541811426606292,0.23424565772506017,0.08356039654094273,-0.028989714768951437,0.08003105327925786,-0.03886673925549096,0.03644524732593779,-0.06343446779588618,-0.11850314748183814,-0.01898815423275282,0.45687009077928653,0.010358746511147224,-0.015351966135101187,0.033949674448128395,-0.09008995019352298,0.10514552461614751,0.004128039703256863,0.04614551304222135,0.09341597793220892,0.045640293205450745,-0.008976454256070602,-0.20110558072858617,-0.06351283549642985,0.013853923935467995,0.0258827554369591,0.4306281852563258,0.034463421099547725,0.17845552412938231
6216,0.1147342204357351,-0.19351976444269278,-0.0751613535444782,0.09890119923158519,-0.03590025577362094,-0.08540341978515052,-0.0997059136777814,0.14628801444290784,0.07140408612106473,0.006242502825134015,0.05752533266955519,-0.11877603660651344,0.0896702663023454,-0.03505200186663504,-0.05438139860384155,-0.09341264593716433,-0.04849356554041445,-5.3402448660534175e-05,-0.005659640861047878,0.03918648019820973,-0.0034348916631864895,0.27311236496507674,-0.1757141266257764,0.04956965162561507,0.16236467996909143,-0.24318587932069352,-0.04465398764046184,0.36639011929285126,0.041721288623920584,-0.018153191153824345,0.22068563517588904,-0.026911917408809476,-0.10409311299622802,-0.09223572947733291,0.21929538270791818,0.06819765291582794,0.05367585242729154,0.0670317687455859,-0.11116689570766498,0.011542795792076377,-0.17024875242789658,0.12396614087405491,0.026705954287540922,-0.13357618936312063,-0.023196487272595958,0.12486329989984281,0.31904356279956103,-0.00036249219665176633,0.08962133959976419,-0.24596440304797798,0.3003228798944673,-0.030721836217199285,-0.14501855636281052,0.3121395879225025,0.11015438024826804,-0.07394401576536769,0.1740749916903151,-0.15133357288321914,1.0,-0.12037967935928326,-0.020307394637517972,0.027743877446871065,-0.27511586493264084,-0.22944521571590748,0.07216785371969263,-0.02059881369413663,-0.07750042285448942,-0.07382547879294306,-0.36175215751246337,0.046036849074162556,-0.04351901187651252,-0.34911588854430303,-0.35653152088443685,-0.13504561437950766,-0.03867736065607862,-0.3073477007114563,0.010720050613426655,0.28866284349083643,-0.07193158703614784,0.23440759807229383,0.22348060230018962,-0.16588593577012922,-0.18095668135024046,-0.12791730235567536,-0.21719306791647366,-0.042708896312397125,0.1947533813362454,0.3207310368752356,0.1781885816750918,0.21658591355107673,0.012840658249753811,-0.00893759940013916,0.112009948561143,-0.12723533247493032,-0.15342288771437296,-0.4806516290974578,0.017209718042077327,0.26098838105794225,0.1219788322528635,0.16816099184441308,-0.0012294310512982762,-0.024023825672540165,0.043747592949489864,0.1298993820099136,0.08861705485981444,-0.12030145973251193,0.022110981660561562,0.023759267992292034,-0.2768593009504534,0.06801049146036778,0.015671168586871658,-0.014963384852999775,-0.029024644423936062,-0.09898807722589266,-0.011305240976648144,-0.0551895484165615,-0.00903010078211066,-0.1517224980324591,-0.05337935764658169,0.17090968367470583,0.04710949651134357,-0.004366550574706451,-0.05211764386434796,-0.20574018324839868,0.06578339798252347,-0.3408170589282613
8861,-0.18998502606039588,-0.027788174312261483,0.11639813091822544,-0.08142576632268013,-0.04044799239336857,-0.015320136049985745,0.08467839812407518,0.011295039519486568,-0.06092713167614427,-0.12692389636657556,0.021346369985939636,0.17523556365235554,0.02974705687954011,0.02822634656550143,-0.06567329310647096,0.012484582549919944,0.014293470769003615,-0.015564902994300744,-0.0022718238007530976,-0.04389671529194313,-0.04060057096110893,-0.09156167509762875,0.13556277919338888,0.05540648998293023,0.15350064130767266,0.040331995019014195,-0.070285352269357,-0.08661810960796278,-0.08530306978681203,0.18460905077528533,0.049032713204625704,0.16178874328960866,0.23181078352295414,0.0818776212524622,0.08455255356386533,0.005386933874123896,0.07301843914681111,0.09621858977903633,0.017133462653014235,0.06649123047562158,0.02348053019722908,-0.16427739326136484,-0.20545097678615504,0.13855328002216719,0.02123613363995353,-0.1432188593139602,-0.15509432502534545,0.0022579018043382935,0.20563976237761727,0.30133390508699287,-0.1144143034966876,-0.22973070664301243,0.09300936235247491,0.14867196689773715,-0.24466620128857636,-0.020774386173177433,-0.02114891312259518,0.08180339180934089,-0.12037967935928326,1.0,-0.08660557861640661,-0.07403822203078857,0.3326602667933064,0.12487971150996355,-0.1623006380688251,0.04459850414113319,0.1860515394623266,0.055555825664168196,-0.024942977031947478,0.21109503973563942,-0.13758892902113654,0.1732801358103354,0.12319612273788355,-0.06762159928624073,-0.025692522412552384,0.17824066416670503,0.03348184307739274,-0.13253246059593396,-0.05504984318332845,-0.07018089272997077,0.11871534412189258,-0.005035166322714007,0.12465609689386101,0.01622938579811721,-0.1726872443321653,0.02028812972878691,-0.07992779010180617,-0.08613343101942902,0.090867112973195,-0.20501675131229208,-0.13066782871594365,0.1676949259416143,-0.05629067186563917,-0.16811810208077374,-0.18132525798203394,0.24769630846578208,-0.02221941438697698,-0.03545744887503794,0.08860042675376614,-0.27236286915659413,-0.10947666992167815,-0.03807645298379219,0.030309598817856,0.04602306126551277,0.028371297198118196,0.09565639674723374,-0.02132522475027113,0.06947627751284051,0.10766156333064648,-0.04603063509370987,-0.01148633717486612,0.07264797022564565,0.03647470805491735,-0.08807930412145488,-0.008402403368273947,0.15462897476745982,-0.06477611132434347,-0.22973720329210903,0.06568646619773792,0.06205851620649099,0.04947358331270632,0.060713403532447884,-0.0762563542022537,-0.10035911814617901,-0.023574570881775524,0.19322590026135433
8868,-0.10244513293463638,-0.022483235582838594,-0.09498976980444761,-0.22805684841577717,-0.04168714560603592,-0.0025419358927581816,0.1693374961036269,0.13794081712218403,-0.040483486158877924,-0.2544402985896006,0.01216137004529501,0.20566992579032808,0.01457387989983104,0.07545886768903823,-0.0018663388849529952,-0.03222580158686511,-0.08582983904145901,0.02605894426528331,-0.06267799479019578,-0.0036896289039852954,0.00011260475603523001,-0.08222021641326825,0.1639172366401689,-0.04130615583729201,0.02397347943735133,-0.18747674437694012,-0.15775797015534349,-0.02223769215093095,0.00474246402523345,0.07549002258409611,0.2635488367393316,0.2364048743701264,0.20422410530613966,-0.34926078413212025,0.07152523183054477,-0.09154045831896178,-0.02173412959124977,0.20597625851298487,-0.15474842982792517,0.03185124828542167,-0.1884532229674224,0.1595215385624457,0.1469571837146431,0.1478039758963608,-0.032832918032001626,0.028837006521852407,0.20012709442103868,0.007483645141725166,0.17121802848913095,0.007089943529147448,-0.03830919233075078,0.1091896798616039,-0.032978051908902385,0.10663683413049285,0.13121284739310915,-0.3482008108274166,-0.19930337775322085,-0.20971854141847088,-0.020307394637517972,-0.08660557861640661,1.0,0.12297937631119976,0.08744389695997837,-0.012997031770125537,-0.1250594344166901,-0.11719697728513628,0.26652706395253273,-0.0300667246789469,0.154579908472173,0.14549523679200083,0.002132411748874427,0.004376393450202111,-0.0692733847082528,0.059132688079835384,-0.011655130444976538,0.054306574948891455,0.17847658887716317,0.23848774573041506,0.3482019476512058,-0.09989078979410497,0.12414831320748478,-0.10456945847281202,0.2135761222771329,0.021049516109405447,0.050246720744882796,0.02383981851859279,0.1534284334665912,0.31506388492101406,0.25236008256986014,0.022865349455090504,0.29374292371421,-0.06979827283020212,-0.08699755864395664,0.02638997721178646,-0.05650639739412214,-0.0891764309525363,-0.025806441225220196,-0.022753864264311613,0.022238398961027583,-0.16774379892487837,-0.010219600731245023,-0.0224697424182044,-0.029941981497824725,0.037879349335402795,0.009628661505759263,-0.058293805079529006,0.04280846513985877,-0.06638542178014444,-0.18731815136582053,-0.024974230421462514,-0.058212178692884795,0.02703773291158979,0.023593399432128646,0.022991561978072513,-0.05252773268527119,-0.037738264538193345,-0.025773173272815135,-0.07496085235247574,0.040165452372416866,0.038468712963341756,0.001691203751144814,-0.01694235782149245,0.044194454752771714,-0.09860886214519464,-0.06852136380403769,0.049526954661112704
8904,0.19234288582115028,0.16689699229161994,-0.09850840703430645,-0.31055953062616365,-0.19786379539072577,0.08476780880827761,0.03271039578161119,0.1557609112386854,-0.006663126518720849,-0.1367199895577794,-0.06655004381235884,-0.012143800408565893,-0.1604876383575086,0.004972343915994,0.004526581747565247,-0.13343812095861315,0.032429042855612475,0.00023403549918527843,0.026299038089257102,0.06794896666821157,0.1613101479735615,-0.19988591246706525,0.2592555687011065,0.01993342764831512,-0.10821376776137699,0.004556682195041176,-0.11416415347737668,0.013879765986506422,0.029436412909914497,0.099636361778608,0.17680069720350092,0.17195191188877185,-0.05885099211511493,-0.10267141151496538,0.13835589726600736,-0.12407921267706463,0.014201097705169037,-0.030947071832532733,-0.24217237734055486,0.02434207965470497,-0.10768488968659254,0.2260950908425733,0.3260838592359076,0.11157410219936138,0.10134671545928108,0.08174793395720997,0.22562791515574146,0.0675642876401301,-0.007645935209818373,-0.05431246811080291,0.1704096869364876,0.27199819947493925,0.0021321905234247857,-0.0033922538885672376,0.1622544017985986,-0.29415611619931936,-0.21701298714245612,-0.2657005175926275,0.027743877446871065,-0.07403822203078857,0.12297937631119976,1.0,-0.10344122849959714,-0.17065525570144668,-0.01710527115500508,-0.07122045353024402,0.12313022441759142,0.04143675977627221,0.23786055798591435,0.11879925699634247,0.10654048577654403,-0.06347566130330402,0.08627471000949301,0.007930405461826422,0.019277625013575935,0.16336412572107945,0.23531068948535994,0.1701040044890362,0.21266364977048502,0.08908499522551848,0.13060345468753032,-0.4337537338537257,-0.11592803401361351,0.045868927046815285,0.2539035235890213,-0.025641541566849137,0.2612857696054182,0.1172266643770925,-0.07191221882388807,0.06951844264015547,0.1481369301904902,-0.025922564670150226,-0.013602456741522894,0.2984633937116557,-0.030859555215919657,-0.1471077316946744,-0.0066791358311853255,-0.011598927746196344,-0.03457808127165528,0.05590710017667406,-0.01211056774088494,-0.06538039458360166,-0.03271332631793916,0.012559874344912968,-0.029695912935216527,-0.13074310658071264,0.06137760410057539,0.009047459520469217,-0.15754047113654698,0.05041307212495167,-0.07626659951911263,-0.03746865206873058,0.016399776813734647,-0.00823428052972379,0.07851653540549991,-0.06476843883153403,0.015290022912758102,0.2518671220844293,0.035361648534119154,0.08733733524731718,0.01970172593745473,-0.05366647694293177,-0.02525698365677697,-0.20368981152399246,-0.19743921611058915,-0.10798998729462206
8906,-0.5591959782387592,-0.004407134968736392,0.02578356228893625,-0.31496038286437583,0.0038926715670761156,-0.007366999433940691,0.259681370404451,0.008606931365836864,-0.26469411867985,-0.47400208491857604,0.09899683296491027,0.47527423337006386,0.016199988766984433,0.07921296030682262,-0.060416628403249836,0.07437838191382486,0.0073508574704435935,0.14575912216063017,-0.18446829614282717,-0.06040201871528115,0.03799055193347913,0.0011808672015644057,0.1548507316258103,-0.0022839264542625854,0.1590420751139468,-0.14059367518882018,-0.4258805179342122,-0.33109211230667235,-0.3212665943269505,0.12912299268132388,0.13257480336737196,0.5170865295887109,0.602164473236116,-0.0833515326351117,-0.1446322584645648,-0.14371361821428083,0.0147869151659791,0.4011946699788932,0.03121319403276044,0.030513547150599202,-0.04191922751653623,-0.09638490304990659,-0.4051731419678755,0.37176182122756674,-0.09790444295549475,-0.13910726506316598,-0.16386509807115876,-0.11919492822627,0.24702117159435208,0.4741970315264415,-0.5108216026373421,-0.4939883658475473,-0.02226937590126042,0.22927394476723473,-0.22309293599399935,-0.18559687988592502,-0.1804848647055826,-0.033213496892274215,-0.27511586493264084,0.3326602667933064,0.08744389695997837,-0.10344122849959714,1.0,0.3445904868535782,-0.597844284796642,-0.054582538762077616,0.5777200614773651,0.0702509677232973,0.19833712584820629,0.38097770029880756,0.07006049385487788,0.49449501284359515,6.990960052050074e-05,0.14766843963391132,0.08585214501051842,0.420259393363953,0.18688024241899806,0.053345406242891885,0.43149387444531223,-0.4756453602786635,0.040057163764972356,0.17081460305918011,0.3881142976997119,-0.11223277490408798,-0.1316335199009712,0.0301898860846768,-0.14339866231809342,0.10492464984422073,0.3756806003305241,-0.25383132520498375,0.23084656564861433,0.04625070654590161,-0.26022030466675133,-0.13119929221809576,-0.3307401768802103,0.45925822584671655,-0.03625553146160942,-0.23396364046761622,-0.0047660659323743035,-0.5568412093787112,-0.10262249426181985,-0.10663433338760386,0.04202924523876942,-0.06564484535801204,-0.04911979750207079,0.0714647673304057,-0.03555904548436717,-0.019173217474633124,0.0827676416532257,-0.06478025420808659,-0.024383032894691372,0.013625789344579878,0.07817828234523877,-0.132339815850763,-0.09943012295595419,0.0012088322059625994,-0.12524676715229865,-0.39690456973157456,0.09978879488654352,0.019098086991302155,-0.0041653666719772215,-0.022462479184955617,0.003579827936416083,-0.01858942349040726,-0.022039497209588223,0.5468344137655061
8907,-0.2699637641820104,-0.030914906629708645,0.0646725120127606,-0.21923480521829028,0.1305491487334521,-0.0007709989751296344,0.12606884878166216,-0.10207322055864622,-0.1456369552098832,-0.19813781714738635,0.015399292517093096,0.3873062910525554,-0.20672645575995552,0.062040594796678776,0.14191803024098076,-0.04108371060124917,-0.099390413631616,0.09831416490519436,-0.15629346461455965,-0.15047356419916058,-0.07037141469146686,-0.019551707678258545,0.17149378646156774,0.029491078319277563,0.01784690460637944,-0.09290958169359105,-0.20067821869743724,-0.3348502019568525,-0.10494366356981158,0.044272365053244785,-0.009406614206342454,0.10873702620423074,0.3618846163534829,-0.08868436279075151,-0.08318943416903048,0.024178828416089492,-0.10176808298055058,0.18780199473857542,0.0319253765771004,-0.016513974173189734,0.04183918130419535,-0.1889562266089153,-0.33696028444181186,0.30902688370557146,-0.06253464628035042,-0.21200670146881034,-0.18375883655057768,0.0977019238005311,-3.074018679446957e-05,0.31936365307840897,-0.2996736490256609,-0.15806844385563312,0.17477429536687894,-0.10655719358467107,-0.16160558711436676,0.019683564172015944,0.04738166891615949,0.04979514768805829,-0.22944521571590748,0.12487971150996355,-0.012997031770125537,-0.17065525570144668,0.3445904868535782,1.0,-0.22310863823610097,-0.016695355988095278,0.2625705802340329,0.10789681404050752,0.17838882495012726,0.17759779655400973,0.07813630999149294,0.1503717058699798,0.14239825890424798,0.1447592799139875,0.11562535855214603,0.3571745358911093,0.09314962343371638,-0.06687151011878208,0.058798051222664904,-0.24518029440684216,-0.022186915100929638,0.1607741765827334,0.3065445407638207,0.03595023216064221,-0.03757963122974545,0.037391088353256316,-0.16055368720568336,-0.052160760846111646,0.005176587893700532,-0.06396822539907118,-0.0032566049469098975,-0.10051466304806739,-0.13763707434355685,0.061780488188899904,-0.05043521053224397,0.40203473600823003,-0.08757420234931775,-0.3121665849792645,-0.16250756558643767,-0.29939508175831586,-0.03572355806138251,-0.025977492734638934,0.01694672012006513,-0.10049582999965366,-0.04775476124513551,0.07717444137553531,0.03231541141899362,0.03524776801287919,-0.008827956120270918,-0.03258443086179982,-0.004473262579017112,-0.07149174609316218,-0.0826561690275743,-0.06785317558932516,-0.1771206093652027,0.03750778027579232,-0.06322367075483847,-0.02429216137228081,0.09320312862143731,-0.006847168380727627,-0.13681937738805908,0.010387653916815561,-0.03809251649443232,0.21737172411310307,-0.016121527636835362,0.24433276148272767
8908,0.49363448927341813,0.11443625230081242,0.08861123790045032,0.5705346668669328,0.0320779586722133,0.015531346026730019,-0.2881172488511105,-0.24524352481576003,0.2900559306368611,0.6462411319445647,-0.1446625441021644,-0.6028143648366985,0.20880677378209886,-0.10653092688446561,0.03463457591393276,0.09488395726396831,0.009062845123833263,-0.025843111374752866,0.1929095712884897,0.18022932267701514,-0.10710277058667725,0.004727235253918024,-0.3114665495430222,-0.11102342374688694,-0.20053086337294584,0.4112934716397249,0.5952144331562227,0.10329452979541491,0.32458542817948977,-0.16801510580006784,-0.38612463718958345,-0.5998194732189519,-0.5898985863539876,0.25442252419255196,-0.14782563384025513,0.12836776986987547,0.030002754348705234,-0.4116112867811786,0.24389758383793386,-0.10463159562255292,0.14329139445595432,-0.07084320003373984,0.46078659864397786,-0.6174525144324812,0.08939917331451643,-0.03137628700284914,0.038047145312453505,0.07060254983182364,-0.28352262311177634,-0.40788766549326205,0.09309895771789206,0.4708091871347645,0.004287608197171281,-0.4167739766865504,0.27654117497852976,0.35544601945282,0.15447406134275338,0.27365290772415696,0.07216785371969263,-0.1623006380688251,-0.1250594344166901,-0.01710527115500508,-0.597844284796642,-0.22310863823610097,1.0,0.09148950710530956,-0.6552290517366426,0.03967444146757639,-0.03730544219691622,-0.43287124676806976,0.0019501866533876801,-0.1949533387700067,0.18674063670352067,0.08019483060386251,-0.1108870123381223,-0.37961688343726846,-0.3360154018705909,-0.3195152290560194,-0.43530080804353366,0.4722438052383567,-0.07206751912188245,0.10518810010842397,-0.3595567640633306,0.24750786493298907,0.06325012241216812,0.04716665824220256,0.030690548023339276,-0.1928185923129222,-0.472277322506998,0.24045167630796,-0.3762971029466435,0.034680256691579564,0.18221229588521298,0.1822784514452136,0.44040586058444436,-0.2482006154547628,0.11966998597788592,0.3295720554731337,-0.07276691872150362,0.43748557392223963,-0.0011494021477120532,0.05572252187281699,0.02235333222449392,0.06967030643772609,-0.01166469204764926,0.0867513791215234,-0.03369526624271579,0.032292074789161795,0.305175036243366,0.011101575358945938,0.08095303656874735,-0.038651008638179545,-0.10803980207102726,0.2131596435896148,0.1805408307086424,-0.006093504506800473,0.07818872817683485,0.38507767450738406,-0.14757963879067168,-0.14452879605833643,-0.023784659820354614,-0.05404608288174997,-0.019081243123598025,0.3250565900760347,0.1428144798031916,-0.38147139291713134
8909,0.10181672233144713,0.10885872074617559,-0.03274617717238785,0.08439902902122756,-0.06985966922656184,-0.014177739311032389,-0.07845327645845869,-0.0943520569910384,0.04990876347792485,0.12404664785533698,-0.007823601214525834,-0.11586734849318805,-0.0028560494834522204,-0.0018666057363173967,-0.038228612981704345,0.05211308695134721,0.08102853594556862,-0.006035832324656068,0.03249908057990882,0.0045358612676078885,-0.019808644149302338,0.014683060381722969,-0.04060145682642285,-0.023242556655945306,-0.038974914473051646,0.09997935892138117,0.06901518120327986,-0.05609723547228346,0.03477198097720509,-0.016429283545198133,-0.15359186208344575,-0.09217533208692869,-0.09693883762015602,0.1542259905208759,0.004711535359810633,0.0281324448638035,-0.00520250700988916,-0.037483088405600606,0.01523639063591819,0.005856482020087126,0.05188794395465307,-0.05481863094286269,-0.05230152574449488,-0.11842628618158609,0.012757484733672338,-0.012396518874063496,-0.08173470704044229,0.0016364505561676595,-0.04038437441948956,-0.026191388681883098,-0.027029624971254284,0.05137230574126202,-0.021779436567533082,0.013856620701986707,0.00827547155694025,0.13454130288182523,0.09985086235308159,0.04223979496631838,-0.02059881369413663,0.04459850414113319,-0.11719697728513628,-0.07122045353024402,-0.054582538762077616,-0.016695355988095278,0.09148950710530956,1.0,-0.1215850069452741,0.04535774619910566,0.03096388477169818,-0.10736968237074598,0.00039737792869370535,0.006353954296034504,0.0936842263704152,-0.022942329880930954,-0.0009371668303130626,-0.03750507553800311,-0.058353962851482276,-0.07797373182032497,-0.11734988641177978,0.07891997681569844,-0.10159183885044984,0.01711877093984287,-0.10080518119680915,0.047268982096129133,0.026542147289006997,-0.026081269415307553,-0.04507521020375955,-0.09542705997547968,-0.10682010856906937,-0.04560042419908737,-0.06792398053542119,0.0155038182235524,0.006738295720927315,0.07470221493328336,0.002254840264414491,0.05213176040250972,-0.0026783492960575123,0.05938287441395661,0.0007955065682276248,0.10158717774218409,-0.012553928536305516,-0.002278290335648919,0.00545190955631022,-0.031198050503524102,0.019626660393062635,0.05831603138789044,-0.024847859089669425,0.035591183823937306,0.10863799184859395,0.010516352459886288,0.03893274606189268,0.016861158480968884,0.01194471177136544,-0.037628597213391006,-0.00818262065115375,0.020899091269973993,0.006398458791700833,0.16616540025461635,-0.011087792607099783,-0.060930464046099114,0.03340034865420075,0.03965761981062206,0.030171988095171944,-0.0542939120020793,-0.020802158586079575,-0.05827915879630425
8910,-0.6031716579939865,-0.115469384385944,-0.2541111519669991,-0.6669150845314175,-0.02746910204820349,0.003900629199893901,0.48958620840471473,0.38113826780234283,-0.276815000174593,-0.8465451332350254,-0.002071448825721286,0.7050742400262601,-0.12166933717321704,0.17380662378410466,-0.06103974978033391,-0.08809473770971997,-0.0249006582529014,-0.013516606203902602,-0.17271163797414174,-0.18496825909853484,0.10919136060734268,0.04905271064849842,0.37873957174524925,0.07238959938066866,0.30756506526253224,-0.5086650582819556,-0.6664944202023809,-0.03517907410030355,-0.19658424763427695,0.2977635867182034,0.6353546980302814,0.7932435268589156,0.6758296084943375,-0.5460686253404547,0.3425010079469017,-0.15631753878538107,0.010640531955179198,0.6341054369028718,-0.4282079363644162,0.1244963536020242,-0.4237199546411737,0.24230979807076067,-0.13683769681822197,0.5687045237027963,-0.10006212659280214,0.08556482344633057,0.2787759302220201,0.035011971754674104,0.4643748067275304,0.2633626592822595,-0.08646031954866988,-0.21230639153270384,-0.007708129512987988,0.5951388868211637,-0.12176614490088837,-0.7250096321595692,-0.37619055638889454,-0.4116194379121564,-0.07750042285448942,0.1860515394623266,0.26652706395253273,0.12313022441759142,0.5777200614773651,0.2625705802340329,-0.6552290517366426,-0.1215850069452741,1.0,-0.02098955248092482,0.18859043587314434,0.530025440002052,-0.006083944365700839,0.17149255528167795,-0.2615892926675416,0.01862622336298229,0.07676251190618,0.3330347064721508,0.5803561347829104,0.5706758655159341,0.6781388075935038,-0.33223854522303475,0.25417892420236055,-0.31689151454542874,0.4718868355567243,-0.18463653049081585,-0.00881447780206041,-0.0028495692119964787,0.1301883170122417,0.5386023541216536,0.6929617618580871,-0.13384209920531107,0.5482857378188108,-0.09916256522453443,-0.2213313632459756,-0.03572654374593304,-0.5181265154262237,0.0840442097427872,-0.12038856787362573,-0.11604442614803474,0.04171447425202967,-0.6355094664134365,-0.13985337645965099,-0.01002092587707674,-0.05214973678407175,0.09480653205790064,-0.029716781920864837,-0.03642534074481529,0.09408765857069218,-0.04208609990815149,-0.4538856783152285,-0.05415733909383514,-0.015658183334729125,-0.010214989255833036,0.11423947552238192,-0.253812612247317,-0.04906610194726491,0.039498670140316286,-0.11964009095900606,-0.3624553089857782,0.056081047314312606,0.24949114688170707,0.0004720093037897017,-0.032583454983689725,0.007929858905764637,-0.4912623059199931,-0.09339523300493792,0.28230919485076816
8911,0.03815586573744363,0.10606824096792548,0.035640272964131865,0.04125637805544249,-0.17442400598679428,0.015956744101824547,-0.015572935755018289,-0.14022196478130172,-0.013429100044303813,0.043830346502354824,0.02619822541266767,0.06752281644086833,-0.0581356222012231,-0.022631073884389553,0.044577022829083025,-0.006366434232870472,0.08496535302056055,0.04490494175455364,-0.009159096815404874,-0.047994217804856604,0.024353233217283794,-0.10123001631637438,0.05372706534635133,0.006773052193346704,-0.075274239791487,0.08807354252710801,0.08787858396239555,-0.12115355089743297,-0.05561895638616308,-0.006008515686818509,-0.213578458995847,-0.0025751997191738926,-0.01990313679575222,0.2011910665961291,-0.043551413008113736,-0.008292224794513707,-0.04733542125915097,-0.05839526806705594,0.06843341260101903,-0.03440301069234988,0.06693479941283935,-0.0884627201946813,-0.08749928860648727,0.07901742956991815,0.0005331518549597754,-0.08467410810141279,-0.24726720918481365,0.00723881621228585,-0.0520276714059609,0.15676407066833306,-0.10078377054959668,-0.07033304359329723,0.044300779384117826,-0.03134043152485686,-0.047260677384496276,0.16692944756836245,0.026926028636816014,-0.008742845152341059,-0.07382547879294306,0.055555825664168196,-0.0300667246789469,0.04143675977627221,0.0702509677232973,0.10789681404050752,0.03967444146757639,0.04535774619910566,-0.02098955248092482,1.0,0.07618658160011214,-0.13493240643190962,0.05145904710531423,0.10809276803178758,0.1080140488849053,0.021317063716438017,0.02512275006874158,0.05246750000304302,-0.06821276242291249,-0.06971133513953715,-0.09635827321401139,-0.08017582793799445,-0.07839537871500879,0.16658383429890813,0.014169825645523949,-0.013038959587685488,-0.04169021578680335,0.006010402327351549,-0.10344153573565348,-0.14189662165737413,-0.11283053320994811,-0.04779500662657671,0.0057615559302200805,0.027083597305466427,-0.14943508874642975,0.027238740037055734,0.03392666193842289,0.18773617743416174,-0.0012081720600694153,-0.07713614388077746,-0.004456704555216749,0.023449235728725024,0.002303841924662377,-0.005591540832643793,-0.00230230985864364,-0.016703059564824214,-0.005267600649396042,0.08985548832431973,-0.02662477124422839,0.013993724836832552,0.12628787450343865,-0.02655986820904685,-0.0009610641588056892,0.025861815272626112,0.0009035909749486761,0.04613485970167745,-0.028272324366449785,0.0018627918337127886,0.00341276522419963,0.1739084686130678,0.026704167339475823,-0.11630716594817456,0.01233963485148015,0.013978232361107703,-0.01819850673631266,0.16137828281443556,-0.020415267450510546,0.12860434832122536
8912,0.029719532476661092,0.24253907562573726,-0.11474186718889469,-0.24891484084805415,0.11880754048146801,0.07606480097833648,0.044500850747993446,-0.10043251314807043,0.028878409852655065,-0.0638185933766892,-0.16248539191440217,0.07220161202729358,-0.37146464045456046,0.07788081359443734,-0.0028695017850910672,-0.010240718577699212,-0.035958156768952365,0.008962440062170422,-0.005808265986341444,-0.06130105189063395,0.05844750224151426,-0.3686275230151079,0.22441155803907645,-0.13107632704623098,-0.17410680305701506,0.24723541639702984,0.05798835159165468,-0.33311203624010716,0.07322934828172019,0.0515850271456205,-0.05569838929704416,0.0991170433307827,0.17593752096639267,-0.07125196329670189,-0.21580225142061238,-0.16064604903019578,-0.11052973471034257,0.01979526924162339,-0.08124296001603847,0.06422325289297352,-0.08949136706806286,-0.14861720594203995,0.25388180206807964,0.08962008887043367,0.07807658991998458,-0.11166026068228795,-0.06376081969483718,0.017768794586723115,-0.13325223521346835,0.12635897776011681,-0.18489627255079313,0.23368364316028287,0.028212600375999066,-0.201767601797714,0.01783209207884961,-0.11160357987981953,-0.12456502056211613,-0.11103062795565692,-0.36175215751246337,-0.024942977031947478,0.154579908472173,0.23786055798591435,0.19833712584820629,0.17838882495012726,-0.03730544219691622,0.03096388477169818,0.18859043587314434,0.07618658160011214,1.0,-0.051065686087005985,0.18176924004117287,0.2945982395893241,0.5051166785109309,0.12041358621041166,0.0012815561317341365,0.4575196933764777,0.17867811183518534,-0.048563511358262854,0.19611876016853902,-0.041734163765372104,-0.09746874272843646,-0.02043808826787458,-0.05380218699512163,0.14747511139892874,0.16271826219468,0.06501970478349402,-0.03341398582099262,-0.012041612982639983,-0.133646184072285,0.02537183733596276,0.17740827779245305,-0.04507365417280262,-0.033806549816374196,0.6084340946161922,0.10074740086074652,0.28165899595140065,0.016919393754821987,-0.41641268306719276,-0.1592275433808837,-0.2639277397088829,-0.04858887786416056,0.04484616678417138,0.04244254464234385,-0.01790339091845857,-0.1087395868392111,0.1684150051871723,0.06060615991063663,-0.04271521095782765,0.09741441919070158,0.04451134661246673,-0.04557461810436073,0.05305445868954694,0.11136401090209232,0.10343680323588202,0.0729285091701801,-0.014248010206596832,-0.056246347486113124,0.38910081144691727,-0.01964439260586866,-0.0475692664420784,-0.0010100956033651353,-0.07646068978180363,0.0543336804073757,0.059476524659019835,-0.11167648017925051,0.1968968726442276
8913,-0.30118587496554594,-0.16583273986189595,-0.10482697880499352,-0.49794927782617987,-0.024442264528142806,-0.05301425455344295,0.2569002482185157,0.3500480752053369,-0.14182480042243759,-0.6062068724442772,0.08650391077005642,0.34410730972397013,-0.055562825781346414,0.05336108374478597,0.002394101514424335,-0.043021684457172575,-0.07109846560540659,-0.10590989864568923,-0.11581303506221137,0.009562854852887487,-0.036607532294706945,0.07243551012841096,0.1820783096692012,0.12939385392441047,0.20489147493917828,-0.35058622259420513,-0.6779202717763136,-0.013232451696868285,-0.14284592744160254,0.14769776907747467,0.5390995507721625,0.551012994429871,0.4033080184866502,-0.4726922218678663,0.27212173712320775,-0.02163989376225227,0.11813207032597693,0.34476927587086814,-0.28231997556074634,0.10734538426165767,-0.19801130132341352,0.15796165498332654,-0.18202136096797628,0.42934385283466164,0.009832807382762532,-0.036448085649214874,0.3919663672261985,-0.020326567783649045,0.3514004022393185,0.24289294242881382,-0.09931304654495754,-0.17619988517204202,-0.07511712206243998,0.38103778244199465,-0.13037211687966843,-0.5451137748990386,-0.14202099623924705,-0.3168030819133744,0.046036849074162556,0.21109503973563942,0.14549523679200083,0.11879925699634247,0.38097770029880756,0.17759779655400973,-0.43287124676806976,-0.10736968237074598,0.530025440002052,-0.13493240643190962,-0.051065686087005985,1.0,-0.044322800650752815,-0.021911247387456142,-0.26893338655769716,-0.06937445887857699,-0.00048696914895579547,0.19041880257603735,0.4112400724545624,0.3197387840517565,0.5373184739803695,-0.21262926863778758,0.4223031977821732,-0.39533971074009455,0.2825401902844083,-0.09312558059129437,0.05861658094038015,0.027182602585416084,0.37160782199177966,0.44698099220207904,0.4266089144707539,-0.04581877296367855,0.25953631011158684,-0.01577157446653817,-0.14170645895868686,-0.15093421589429046,-0.3519527567578825,0.02755572747280077,-0.10890910290800848,0.07195237029800386,-0.022525628525442442,-0.3379582217909399,-0.11421895131562841,-0.028144414271544925,-0.05332902618406891,0.09689979089615856,-0.034554051004298245,-0.10290508964034403,-0.018584478055513463,-0.01935305257718612,-0.3344893011851875,0.05387899776235842,-0.05178564124159499,-0.004259773454198993,0.01500660621761877,-0.20381502335939836,-0.12607979526771637,0.01652542967442225,-0.1033515773350253,-0.3333315239814813,0.028051530688101237,0.127692829436063,-0.04899372237729556,-0.01692506375821895,0.021606218651886538,-0.34450574559579883,-0.059651830226779126,0.013352076557120172
8914,-0.012967543124783262,0.020373361953557614,-0.03218057675868674,-0.025835689825793613,-0.13317079909293225,-0.007462925091352453,-0.10461993968452986,-0.05575411056028889,-0.02598079888337422,0.047920517745524645,0.024861175192036986,-0.028887951250145438,-0.11986191250003364,-0.002100838519758482,0.034162498806201355,0.046493215074344646,0.02037327062407132,-0.01950160457740427,0.04000290696827823,-0.02544646783121616,0.04701599464578486,-0.16928054070012521,0.09095568308954403,-0.03373513504338556,-0.08051566336466251,0.11268769975509643,0.020868684595825977,-0.1316993360784963,0.013608271377506467,0.02006030484127869,-0.08268474280558842,0.015334070434545872,0.00735311704546262,0.024981385043394987,-0.10255979249158484,-0.07326598111860265,-0.013730342075657489,-0.02277358694273192,0.07354165236772568,0.008627495258681516,0.060911798779588085,-0.01849476913278689,0.07176950427040402,-0.025780823532136052,0.011293708221606023,0.01334973584081936,-0.05716041873078155,0.003307042651596485,-0.08389071899028587,0.11062959111907167,-0.013114398484162959,0.08963552495098859,0.01694709399906994,-0.11052004983286938,-0.0012446333178471613,0.06533930370266099,0.025629283444391613,-0.036327736910549885,-0.04351901187651252,-0.13758892902113654,0.002132411748874427,0.10654048577654403,0.07006049385487788,0.07813630999149294,0.0019501866533876801,0.00039737792869370535,-0.006083944365700839,0.05145904710531423,0.18176924004117287,-0.044322800650752815,1.0,0.006433477956236373,0.10865920774542921,0.014209595372745696,0.015161585537302156,0.12231964379063137,0.09340521476552126,-0.05070583617169946,0.016602433064845004,-0.08219281384041704,-0.046152687118519005,-0.016800527169739555,-0.20452304849317807,-0.05724186709306719,0.0838096049775475,0.032139507882514885,-0.04007165132983904,-0.10602761103328022,-0.11738446568786397,0.005038557842891597,-0.028512606679740204,-0.08158241965569506,-0.053977375054744106,0.17139803042035417,0.10049368238336907,0.0718811457200441,0.06565285310359925,-0.12693699209447476,-0.08981203003025295,-0.013553050455232545,-0.01628665740401086,-0.04356304328512205,0.02188167146811221,-0.05034268876966482,-0.0625519044048434,-0.034520562666003556,0.01665863839840242,0.05610447527935291,0.025425174356121114,0.03310026902165712,0.018203591538615418,0.01905709228566062,0.06382219845998467,0.04912146109741553,-0.015285836801574684,-0.06322035249530064,-0.005161096812310949,0.13210987221213136,0.023484342588637845,-0.022291158355879567,-0.04735790005387339,0.01467749813943326,-0.06620391145413321,0.13211897039024245,0.011254966791470585,0.04346845411546415
8916,-0.2767511264742725,0.05166614200857604,0.07425489058137126,0.0854206675961245,-0.0837377244320969,0.03478161361309246,0.13650061625734652,-0.1381749322229942,-0.1917239721663415,-0.036180014871579326,-0.024921550211984445,0.14256983016232863,0.14607331422648312,-0.04680706668471319,-0.11127220289522746,0.13593822116048354,0.04184334989720521,0.044233973461569445,-0.06098705766019339,-0.035469927105410276,0.0006990988472221732,-0.14090031760298086,0.10115962626721796,-0.08105033934583132,-0.10595096455387666,0.22983449963683023,0.08618913448314038,-0.2947163562022655,-0.2259254158972073,0.016997695156786476,-0.14891571667770925,0.18102920662221236,0.2901251141345119,0.21234659112501883,-0.2819113144794419,-0.07382780707777478,-0.04083587961981842,0.0966066498759534,0.24868637698950663,-0.0052937757777619145,0.07982725872188244,-0.11153078404060862,-0.11589480541969581,0.014525122682584872,0.011567332820345912,-0.12047932964215019,-0.29709424045062804,-0.042497190441010815,-0.056398852592493304,0.25362953053291715,-0.5290957204740389,-0.23565231633757075,0.028072165770393426,-0.11731010077794618,-0.09968266159502706,0.045651751700819206,-0.12287735798975158,0.10423736171113637,-0.34911588854430303,0.1732801358103354,0.004376393450202111,-0.06347566130330402,0.49449501284359515,0.1503717058699798,-0.1949533387700067,0.006353954296034504,0.17149255528167795,0.10809276803178758,0.2945982395893241,-0.021911247387456142,0.006433477956236373,1.0,0.21014091065808171,0.3486691407456164,0.03253677069855906,0.29854346225665623,0.03814470982828702,-0.2658035328683086,0.2377215482580948,-0.29928113441751175,-0.1838823078016992,0.35557456342979615,0.19546549585501935,-0.025960383146890437,-0.057158510046482126,0.0500481294852312,-0.17890379292185735,-0.10049160448347157,0.1048243056982884,-0.18505417051826026,0.016694577807254765,0.045084198382183395,-0.2114634646529292,0.0015271079485635517,-0.07196756692243086,0.31908322237900505,-0.02972215224018777,-0.17443059739733813,-0.03296200703167898,-0.33148699876066046,0.015700245455243605,-0.026360045118381966,-0.05920970982782175,-0.13509048372305263,-0.11837181852294361,0.07436086076384078,-0.10473341320527053,-0.025769223260772106,0.34402863007564477,-0.0836857504698473,-0.001137943297195111,0.010765343764607705,0.10688388714558889,-0.005696587967215988,0.02290931845839951,-0.0035611461333028677,-0.0314098218133241,-0.1015008909938208,-0.053262438262989986,-0.09878277544807794,0.06818571430299958,-0.03159252399246958,0.10147327672776672,0.1669236312927686,0.03389468775620808,0.44038919077924316
8955,0.2682400595740857,0.3085773063206278,0.24397431937601358,-0.018594511997274157,-0.07307158675033945,0.06873127441555432,-0.1095675976061233,-0.3798731812679779,0.07239342400012345,0.3325358278965497,-0.031645735331889635,-0.11934870874867307,-0.32711123541002907,-0.08135275298010394,0.14640982284014037,-0.0026249275884218906,-0.0744435984485615,-0.007533427314464702,0.16265957425617722,-0.006404080014308413,-0.0433127695983684,-0.5883656234587762,0.27086099343041964,-0.06428385333381641,-0.27341329973306416,0.5027514242221769,0.34611977232983804,-0.47869274131176714,0.10880262121244734,0.09033573661881734,-0.48882613134245795,-0.2744548088069642,-0.22254681466618537,0.33364197551658314,-0.46347534997574136,-0.08652771618136512,-0.051193038150257324,-0.4412303398699787,0.31808814628618376,-0.05959414973897396,0.23450469849279404,-0.3201239049168297,0.12072333021531258,-0.011113470318676842,0.15697704821780653,-0.12177678312433657,-0.5070491031189539,0.05297548556409706,-0.3620203656543122,0.19085630260819816,-0.14821792555049768,0.22593244728850376,0.1374369157996544,-0.6206861685114409,-0.08084637104951041,0.4224892732931664,0.0690108620649137,0.32155313409032404,-0.35653152088443685,0.12319612273788355,-0.0692733847082528,0.08627471000949301,6.990960052050074e-05,0.14239825890424798,0.18674063670352067,0.0936842263704152,-0.2615892926675416,0.1080140488849053,0.5051166785109309,-0.26893338655769716,0.10865920774542921,0.21014091065808171,1.0,0.1339401612088427,0.017922155578020987,0.3919265705728213,-0.24186661335050552,-0.5817820446378074,-0.2884231186974655,-0.04737025195918082,-0.3113965172163724,0.12621125856202273,-0.19017982326929123,0.23929668571061294,0.19401999741039086,0.08730296331926596,-0.25012105053110606,-0.5648653829559073,-0.5801937435150231,-0.2269135365483373,-0.25513725830265654,0.08612910185962347,0.024983793893774815,0.4097756541250205,0.4709379115375824,0.42442196797653986,-0.020552619698443686,-0.43792746486383727,-0.11722779337848543,0.06820569972776543,0.00321091059081156,0.05357512116370987,0.11171669693191032,-0.007989930468106385,-0.026441113833266455,0.10714791309096607,-0.08247380872614944,0.04403376767721218,0.4513191356964836,-0.046354442498910825,-0.021148374364188975,0.07688174529005262,0.09041925975089765,0.21231915700698595,0.06783329256879408,0.01773914710193566,0.025504430068682294,0.5605744497794656,0.06880039219680749,-0.14094376554325852,-0.032012789496525806,-0.03169541944044591,-0.06510351399425698,0.4455311711926115,-0.12907232566417545,0.16445755898214953
8956,-0.15505984541426482,6.585089332506982e-05,0.1129172905133812,0.17113121933425446,-0.03693244945699545,0.1492796458157765,0.0440325713631717,-0.08984149893540204,0.008108587951073868,0.08299510270874211,-0.008040847473376307,0.03388938754204417,0.13265975575896968,-0.07129336881976778,0.04527493897822336,0.06508932766798856,-0.09578003967371503,0.05244809985440876,0.006054111013975823,-0.08190906828692997,-0.10029448486116632,-0.031161783021000748,0.04393365785910625,-0.0837575097592156,-0.1105613465246332,0.08366652021569831,0.1904023410801709,-0.1284416470797836,-0.12084286678117474,0.03869419407899595,0.011736625614009519,-0.06298526864800905,0.16534351300578995,0.00820490016673448,-0.2813150345884974,0.060524845363627386,-0.10716795651587191,0.09453351507456761,0.23208260859470836,-0.04761754412783215,0.05697036023182064,-0.005649125782425105,-0.03617118277406764,-0.14779611692559214,-0.04763980196169172,-0.10506318669675523,-0.12362460517928198,0.09214733969611065,-0.18162863783101424,0.08721149137386121,-0.30152563537408306,-0.07909525452941962,0.05800720787365317,-0.1818331419746857,0.08969711448023322,0.020695519537792077,-0.12508921108106416,0.06551723996889752,-0.13504561437950766,-0.06762159928624073,0.059132688079835384,0.007930405461826422,0.14766843963391132,0.1447592799139875,0.08019483060386251,-0.022942329880930954,0.01862622336298229,0.021317063716438017,0.12041358621041166,-0.06937445887857699,0.014209595372745696,0.3486691407456164,0.1339401612088427,1.0,0.029569638434543213,0.13799807671585299,0.028118802786907454,-0.1174853650501982,0.12154511013821749,-0.07080257212328044,-0.1024999732347037,0.2825959507673725,0.24067444656999742,0.14260003797176396,-0.06264239415480868,0.08493047771320149,-0.0780832212416089,0.058745776436651735,0.0791877798701863,-0.005237686658585792,0.06443595468149127,-0.0324864251135106,-0.1547671617430733,0.05169470405304738,0.16123604209779596,0.10495424161398981,0.020618253027741864,-0.081013189416074,-0.03405243008382198,-0.0974514580814797,-0.06466761998153062,-0.015690593165485225,-0.04319323274705524,-0.09194087693189307,-0.10385785131202141,0.1270338655507648,-0.029017561613161706,0.003391144187950691,0.18083777934602088,-0.031117329323773674,-0.012696612185422392,-0.06705231689871409,0.03848554802517183,0.04005248570376219,0.043910538542635685,-0.04340607807761555,0.06106836082263304,-0.03249496977386524,-0.015119407540950149,-0.033806893955110454,0.017336507195242733,-0.07997644076127995,0.06650206578134042,0.29943596566151987,-0.003407991285793691,0.28786307838644515
8957,-0.03653767386182944,-0.023285672860582265,-0.02288644361159541,-0.07861440285215968,-0.004435175844781639,0.03112311885642395,0.033346035940352535,0.027954938547066075,-0.001957246007460527,-0.08549694233200592,0.03551514012846835,0.12995055737133374,-0.13010554570991215,0.006804680476471944,0.026328826447020878,-0.015592542342164797,-0.014907504372736658,0.008815806206446092,-0.04816967998655006,-0.09533727350178718,0.028338094275705192,-0.033731578074968675,0.012565264330111712,0.006160406349115027,-0.03271844436446169,-0.03447157960429272,-0.03654294420825002,-0.02399396268185332,-0.038860421328785914,0.02326298097745077,0.05437834507152134,0.04671609391616207,0.10038927035343416,-0.08319266984038795,0.032417007626805334,0.005662569631169064,-0.023751619656241008,0.04524219139316297,-0.060414794126501956,-0.023168172467661365,0.03582520218822709,-0.0552767953726636,-0.06801995209190388,0.1335346102897339,-0.011291558952478502,-0.016229620111423274,-0.07598384801239041,0.015521061381942435,-0.011088463065315171,0.06309789482128572,-0.045457780707000746,-0.06229147802498211,0.041314970759939604,0.02441627501144881,-0.04902991353477907,-0.01846110055433481,-0.021488794653179946,-0.09093073844858879,-0.03867736065607862,-0.025692522412552384,-0.011655130444976538,0.019277625013575935,0.08585214501051842,0.11562535855214603,-0.1108870123381223,-0.0009371668303130626,0.07676251190618,0.02512275006874158,0.0012815561317341365,-0.00048696914895579547,0.015161585537302156,0.03253677069855906,0.017922155578020987,0.029569638434543213,1.0,0.11685373698086282,0.03986340575602496,0.036040978414347925,0.046209871299560536,-0.07854727348468493,-0.02064385572381838,0.031222140239308378,0.10514949178472892,0.004816937933578686,-0.02183604611886068,0.014164861199718003,-0.050152583149406044,-0.025877911883087377,0.0008447453070367561,-0.02080365569931293,0.013352575823041828,-0.03940835895405825,0.006997280099079041,0.11629809296760346,-0.10449392603330003,-0.003535337056030974,0.0034315938823234423,-0.07331580822605718,-0.009695276951963918,-0.06418461922743465,-0.007791916800896388,0.00522619932212223,-0.007434136995366165,-0.011558029271071213,-0.013469931801369342,-0.061899514373573425,-0.008780604406563268,0.006470469216990418,-0.016070820963881283,-0.004765613806808722,0.0019743941601955035,9.184905157685635e-05,0.005221485351280281,0.04310391410361596,-0.0006978519885664012,-0.004732220585180408,0.009547002003437884,0.039139408107084134,0.010619940725952395,0.041476538691931956,-0.0015396396587872036,-0.0010908340175217778,0.017060217660933828,0.015554561970992243,-0.008640774715323443,0.06307229581276022
8958,-0.2161546647995256,0.1282315393318179,0.08251925247795726,-0.4756171875334363,-0.011916966836720128,0.13155069498788347,0.0719613956218159,-0.013620116754687371,-0.12131503085173843,-0.32112542178705666,0.022919118822075493,0.40849954795504867,-0.42835157900530874,0.029033175807485465,0.03621018067047404,-0.00899583694781061,-0.07775576517237359,0.040068644844100526,-0.08247768020698702,-0.14058579670939153,0.07259085596011772,-0.34347580501595043,0.4059647183062905,-0.006081523585306443,-0.03174239123900728,-0.01373525145074019,-0.20614846028117376,-0.3707973406617491,-0.19813823044341933,0.06395905495836139,0.050395920525904254,0.26624179756411565,0.4192085538450901,-0.05255966464132514,-0.16662832817972373,-0.10773202059829454,-0.04734051118557557,0.1274863548979574,-0.05759844482289086,0.02349822510561073,0.05248172453048444,-0.08517701920609728,-0.2269414439182788,0.49220669005603496,0.017828534081310056,-0.09601738731322997,-0.28687303509431206,0.016164850886067936,-0.015733124582872387,0.44875340036593125,-0.16114651138901234,-0.11661752525201947,0.20081253463857215,-0.06777777923920383,-0.2125643898881018,-0.07507225261722138,-0.10312250874062275,-0.045004195945867076,-0.3073477007114563,0.17824066416670503,0.054306574948891455,0.16336412572107945,0.420259393363953,0.3571745358911093,-0.37961688343726846,-0.03750507553800311,0.3330347064721508,0.05246750000304302,0.4575196933764777,0.19041880257603735,0.12231964379063137,0.29854346225665623,0.3919265705728213,0.13799807671585299,0.11685373698086282,1.0,0.14749325062144902,-0.13469180480799753,0.18010501080613023,-0.4334319789125675,-0.07734291177969178,-0.032843601118682064,0.16712996183046824,0.103023791520895,0.04212062126623735,0.02942327790130573,-0.12691439495590606,-0.15581066598719362,-0.039161566981110875,-0.24901086346937124,0.02411046235931106,-0.1067794546571083,-0.07287236071693125,0.23981678336211715,-0.0958167586417092,0.4536661978289991,-0.0030124712535718806,-0.5335165869901035,-0.0799002567287961,-0.2748622831012454,-0.029147709490829617,-0.021359166713566687,-0.05169404347833483,-0.06894043991646313,-0.0694395786197653,0.0004929927167241142,-0.03225676119196377,-0.0013717685619650418,0.030039672911840353,-0.08022910358993582,-0.12849490287022078,0.06676581916649206,0.009061490732529872,-0.03727821623247848,-0.07344593625745541,-0.027093677073877463,-0.0670727235194142,0.007869654570627091,0.13245942039347663,0.11973222016070804,0.0010906441332334705,-0.020734196712110926,-0.08461793454382903,0.07123984325428033,-0.12091043140332411,0.35254480181615655
8959,-0.38949011262955435,-0.21573483516163328,-0.28478042404742265,-0.40236488525082126,-0.0819878302516012,-0.003718882868085005,0.31327287092661465,0.3220248182576824,-0.1255082704614746,-0.5554377979704488,-0.044621635677615554,0.2978690797561804,-0.11360751011282828,0.1589069628353183,-0.05781991905153562,-0.11758922361501221,-0.08315803157611229,0.011683559433764607,-0.02483776959001079,-0.1563253281566635,0.10489847768710325,0.05016618443185628,0.27587621976877064,0.07515360095908599,0.07154505565413727,-0.27722705430721806,-0.43209238122635485,0.1733270550272077,-0.1044147707466161,0.1941152080275802,0.5303883483196749,0.4464637961321683,0.38658698333377284,-0.46751849491687564,0.4018064963520464,-0.10673049719642053,0.12037519602392141,0.4042562890246975,-0.377160124033336,0.16323382355046726,-0.3446836296597708,0.2852700168784692,0.10462096832345741,0.21807480283779593,0.008289922976611195,0.04020419806683083,0.42899908121448166,0.07821993748272019,0.2715977152079713,0.01972475729515064,-0.03142730859406031,-0.019666291615735153,-0.11111300577037568,0.411044812332516,-0.009057243613628375,-0.6487576086548658,-0.2375221799322533,-0.5589044259581241,0.010720050613426655,0.03348184307739274,0.17847658887716317,0.23531068948535994,0.18688024241899806,0.09314962343371638,-0.3360154018705909,-0.058353962851482276,0.5803561347829104,-0.06821276242291249,0.17867811183518534,0.4112400724545624,0.09340521476552126,0.03814470982828702,-0.24186661335050552,0.028118802786907454,0.03986340575602496,0.14749325062144902,1.0,0.516257683132172,0.5302722235658872,0.04226228256355875,0.18928564236873105,-0.4653242000133162,0.2647704955216076,-0.1251229889139155,0.15139956175432,0.015314707448567291,0.28145475317197804,0.508819417143099,0.45753367686213314,-0.049522661861653085,0.3236137964032667,-0.09242634353698594,0.02534455570489562,0.25018734157815137,-0.4056312146261438,-0.18984505555095776,-0.014647733260437598,-0.001710161589717643,-0.005055272347011543,-0.45879827162599857,-0.15383509113957344,-0.016534816206381583,-0.09155467392536257,0.018353631440175516,-0.062160908533698565,0.01730781890413046,0.10446057060664482,-0.016822145534054474,-0.43011415185383056,0.008359344608175655,0.05364812259526909,-0.02189775926975368,0.12400729166648812,-0.22695384667695048,-0.023701623291117312,-0.010353527453375744,-0.05432020435295592,-0.12653113219491863,-0.007876873396380641,0.2270524162840396,-0.026878142058487046,-0.05958915497952462,0.03558900574201565,-0.5141383288208299,-0.03875813445683187,-0.09439961126179558
8960,-0.27849424141852286,-0.20591588117612689,-0.35058333889326293,-0.4020756707807353,0.033163556170412875,-0.05577941725206476,0.34338091751041677,0.4429547850344839,-0.05084793516819474,-0.5915552760535566,0.04456572323087181,0.3620828281425533,-0.021812043992331914,0.1499584119553314,-0.012073852686097637,-0.11753091390656921,-0.04340614509679676,0.02149163402274137,-0.11118987791424656,-0.08234321886554899,0.09293365594281358,0.3038113346789009,0.05479612130524826,0.0329687635836389,0.258236778963866,-0.6115433188796889,-0.5045275174385356,0.4005223034796701,0.014542962563060867,0.10697876417770491,0.6730135423098526,0.4851516451594261,0.32842189078379175,-0.5885434069557971,0.5525722855630643,-0.07813179123512329,-0.01302168463415031,0.5065960324148714,-0.5931158791696084,0.08522062747293166,-0.41021238517573694,0.3536721379857024,0.07820918356314711,0.27280583746521375,-0.08736533662111468,0.1824008429929538,0.5964654567534394,0.036456337349532054,0.40523549935273845,-0.11893475231722875,0.3315959928732484,-0.014678899120315798,-0.2063273110132877,0.6566480375184902,0.0670541598873619,-0.710261042320637,-0.2687036818125824,-0.5369018165854544,0.28866284349083643,-0.13253246059593396,0.23848774573041506,0.1701040044890362,0.053345406242891885,-0.06687151011878208,-0.3195152290560194,-0.07797373182032497,0.5706758655159341,-0.06971133513953715,-0.048563511358262854,0.3197387840517565,-0.05070583617169946,-0.2658035328683086,-0.5817820446378074,-0.1174853650501982,0.036040978414347925,-0.13469180480799753,0.516257683132172,1.0,0.5291019860035885,0.017196594202915826,0.31715265231488704,-0.3979278039093501,0.25975856793203134,-0.2240852511271918,0.0061956179091311745,-0.05719469959599778,0.2874479765546267,0.6928903419981365,0.6520761060624152,0.13533495780726307,0.57901860050876,-0.14822706055685592,-0.02827915512843383,0.03632041051927736,-0.4831086238789863,-0.4368996952201204,-0.06403636713023847,0.22038418449303376,0.10260064929718699,-0.19451421012146217,-0.06811634142250617,-0.0006045736353626248,-0.04061698496444299,0.10385728919363273,0.010535055544831924,-0.09775869187574061,0.21879412366779377,-0.08726145616774668,-0.6517547845862918,0.06451361552993362,-0.06542700417989147,-0.08133510184348534,0.0505501767437316,-0.19575317508864665,-0.005272283101933425,-0.0631170084533295,-0.045103524075843275,-0.26478241882086395,-0.0043547004637350985,0.2989713085657704,-0.02819242384681395,-0.09772809151333675,-0.02687127944296189,-0.6288515234755154,-0.015471988577425424,-0.14818359196683933
8962,-0.47854499805769246,-0.14163575348214993,-0.20258447582328704,-0.4199262281330801,0.009353374150334772,0.06180121801023414,0.352316322387453,0.37842961020697563,-0.22287725599229607,-0.6475180230678266,-0.02451920284433629,0.3467368604964591,0.03159960567309279,0.13622920333741656,-0.07380673166643033,0.002473042889392259,-0.03766349048024055,-0.022533619452925438,-0.06660540733181383,-0.025835515701535052,0.056092806557897536,-0.03792643129813798,0.12726975169061297,-0.014489348947867605,0.12663841268562426,-0.38935329330525353,-0.558702304085725,0.04455918476236559,-0.2030317449709915,0.12007721977402372,0.5988861795331036,0.6366599257933877,0.4976196052874569,-0.6333565425346607,0.2478801378386971,-0.1759158985795763,0.018740219037723334,0.4547586360626266,-0.3360179623570396,0.0701115712355235,-0.288312735075067,0.319314695276687,0.11242917908793106,0.2830356967377407,-0.12247584879344729,0.02896708672426772,0.5224091570614428,-0.0154747226318854,0.33532232033518483,0.05698440041715792,-0.22265124233457656,-0.03947651860088555,-0.15181805163479614,0.432805513932936,0.10376353221336171,-0.7706702143989269,-0.34549674983941686,-0.44101501279769195,-0.07193158703614784,-0.05504984318332845,0.3482019476512058,0.21266364977048502,0.43149387444531223,0.058798051222664904,-0.43530080804353366,-0.11734988641177978,0.6781388075935038,-0.09635827321401139,0.19611876016853902,0.5373184739803695,0.016602433064845004,0.2377215482580948,-0.2884231186974655,0.12154511013821749,0.046209871299560536,0.18010501080613023,0.5302722235658872,0.5291019860035885,1.0,-0.2941083129015888,0.2052875135663111,-0.30229386772224787,0.4042896749242713,-0.19073966273626652,0.09973800177134436,0.0011521492697152457,0.32848411524672444,0.6282271117183496,0.6089443900972715,0.0325876985946037,0.548163432642209,-0.10651933390719893,-0.23196861702401125,0.08670162747789552,-0.3718752711856913,-0.13581555592472672,-0.08133332003259273,0.1188416585449395,-0.07225368276935117,-0.4419495695788983,-0.13666133930562718,-0.004912113648103493,-0.07667837683583513,0.02685797589620905,0.04413560236063734,-0.11559787708816084,0.05666791987341022,-0.06275048791793078,-0.36412135019057246,0.007464788440498413,-0.08642049851028334,-0.017275152437998608,0.1500212966780251,-0.13348202339422288,-0.03852145825920833,-0.027583758688797297,-0.09027909638784451,-0.2698925457242948,-0.02328258726413678,0.11771712603908374,0.009927200262282476,-0.12876792216336277,0.06646366927228466,-0.3784314061431058,-0.13553106266646378,0.10526278199228514
8963,0.3544350523155605,0.049746583906007384,-0.019467735315201337,0.3344808067523367,0.10238404795879598,-0.05770680175659801,-0.2567363886521025,-0.06102322628094663,0.24462619074111294,0.346393962469597,-0.15737105250367953,-0.5113534069642675,0.050761278166517855,-0.001987885380033539,-0.10331492597290134,-0.043002341437336014,0.1305950988015987,0.03620103815751053,0.10998887464199461,0.027008623349565136,-0.008241650617279474,0.17766890292200013,-0.2434103424730689,0.009906525370113477,0.012278835024050527,0.2594515872108767,0.31312812903661597,0.36988367011223017,0.3110467650093167,-0.04545013397321689,-0.04311231598854521,-0.3558432669906297,-0.4688203811141215,0.07474446733789061,0.248577520476375,0.09980440923243575,0.1103201513663323,-0.1953558028837929,0.03531848264147153,0.00979741985394497,-0.06473661563976695,0.057868928593116264,0.43804397935473965,-0.553819748824979,0.10012415244146466,0.1179649673549541,0.2729967305095173,0.07277275599592872,-0.16004081490427496,-0.5459133100104038,0.15054960204635498,0.25320338170589346,-0.0713045292883778,-0.009189883030478187,0.17535166171718222,0.06502872759194207,0.27023522465896993,-0.12779487190676542,0.23440759807229383,-0.07018089272997077,-0.09989078979410497,0.08908499522551848,-0.4756453602786635,-0.24518029440684216,0.4722438052383567,0.07891997681569844,-0.33223854522303475,-0.08017582793799445,-0.041734163765372104,-0.21262926863778758,-0.08219281384041704,-0.29928113441751175,-0.04737025195918082,-0.07080257212328044,-0.07854727348468493,-0.4334319789125675,0.04226228256355875,0.017196594202915826,-0.2941083129015888,1.0,0.06453125475808658,-0.24858837721595864,-0.23014589661955626,-0.03393910859555465,-0.023712857940741794,0.012336170452351912,0.21311596612138242,0.13710480938593497,-0.1425087252706409,0.2781602258564253,-0.21934713383496607,0.08318275757257088,0.357880479550356,0.29559823130152774,0.12319312678047827,-0.43591037609473415,-0.027031477893319385,0.1997534022846764,0.020354360557146275,0.21974732579767006,-0.03853031615800445,-0.041233680739446985,0.08758448102904934,0.01859174434345139,0.03344278496062091,0.07299398676755026,0.03618370756368848,0.04588815289829184,0.07245636679342396,0.10776682994439614,0.14506058405232117,-0.0475498923435323,-0.013683151771420756,0.027743284826558245,0.164473942141687,0.08051093333374465,0.08926473929259823,0.2823519600027881,-0.15643219793801572,-0.020461635121522815,0.07882646488980061,-0.047361338744688154,-0.055413705829971446,-0.09946969971860155,0.12391723059431137,-0.5598558584122393
8964,0.04261049174041092,-0.03690635053408788,-0.07691833378203604,-0.22329733017324446,-0.013006735668688315,-0.037611169515453256,0.15076292138000114,0.254121659946803,-0.03880937286481325,-0.27092587787058625,0.08137056528448415,0.12137780185392101,0.06276614628513029,0.003860506230173947,0.037282569981618045,-0.05871631466070787,-0.12344418911962249,-0.028534644033497994,-0.06397449771411494,0.03655289700847384,-0.05407863231882458,0.20083575692375788,0.074313832807741,0.05893630094817883,0.1641785231152531,-0.1766139883084945,-0.37991850037595815,0.16263190983896775,0.051422059134430195,0.06787073689488596,0.4170607476954217,0.30313875703263676,0.1802083059236489,-0.23314794746859238,0.254319629080723,0.010629118539188473,0.125485520829225,0.22360450839393556,-0.2443531731647453,0.09181391723359009,-0.1824238689141342,0.14138210778100543,0.013173402578738527,0.13479862570123455,0.001230435700665253,0.01448519957285432,0.36654049306010994,-0.019406304522176062,0.22865417023686802,-0.018924546912713905,0.17278941166195572,-0.05568737617305881,-0.0912155130001146,0.3507010741283004,-0.04049394865266248,-0.3441588611949315,0.010867680531729373,-0.23423540468784565,0.22348060230018962,0.11871534412189258,0.12414831320748478,0.13060345468753032,0.040057163764972356,-0.022186915100929638,-0.07206751912188245,-0.10159183885044984,0.25417892420236055,-0.07839537871500879,-0.09746874272843646,0.4223031977821732,-0.046152687118519005,-0.1838823078016992,-0.3113965172163724,-0.1024999732347037,-0.02064385572381838,-0.07734291177969178,0.18928564236873105,0.31715265231488704,0.2052875135663111,0.06453125475808658,1.0,-0.2985321402088532,0.04049555768388256,-0.06613998241281978,0.04932158665627607,0.023542449761049713,0.2743165592670559,0.4142560215354962,0.25011010973105297,0.09253212094828882,0.21109815103500384,-0.02357760557855582,-0.1290849791979162,-0.16422446980647565,-0.2058842449245955,-0.20152260208255215,-0.031241982864281957,0.20352780573279616,0.00836911223912504,-0.12482957464374127,-0.041927928512687354,-0.03494419195203689,-0.04595363535160559,0.0682602310365429,-0.0184035630655527,0.01111246726093105,-0.0051461572938528155,-0.003053828453656249,-0.2499830683921213,0.039038215711173545,-0.026154900431701805,-0.032690180320635275,0.0003602824057934045,-0.04472594457859964,-0.05980708977555034,-0.007447444605937803,-0.04286564260475073,-0.27513799546982676,0.015748461124597653,0.05741566359189707,-0.022198002219948935,0.022830848109590556,-0.008729227133738452,-0.2923231456250628,-0.005136325497083994,-0.16748538524452372
9000,-0.04266898006627823,-0.06834262010756947,0.24344865595793017,0.5411369151661417,-0.03334515579856783,0.04392494087885501,-0.10456111007712425,-0.4011975582701079,-0.0040474382263117675,0.4149560214695308,0.11927864094584197,-0.041380886130761005,0.2798662239784982,-0.10490886760242017,0.04253661736813884,0.15577534301971707,-0.032676873453772994,0.04944952990911301,-0.08098331998536236,0.05415986842437545,-0.1805943052413651,0.07197093107340717,-0.14670608780054142,-0.19772336237751506,-0.16363767937505153,0.24858870510713976,0.482143468456806,-0.22807864430552502,-0.1498391376544996,-0.09841971157838417,-0.42984783173359237,-0.3528892750488815,0.09454493326778535,0.4079737356808063,-0.5428882025282449,0.0663759062594931,-0.26398261771372583,-0.06802084938424813,0.49688466523575603,-0.1518096848213006,0.3242432676684697,-0.329040879686639,-0.34621956564736023,-0.21834446902270782,-0.08977666448484424,-0.21362246998002826,-0.5103573666830823,-0.1258637980117941,-0.20389991912135985,0.2743964171883114,-0.30618219619668713,-0.3941320076588434,0.07060163019576515,-0.3334400517121947,-0.04599738446860992,0.5631154919108781,0.16103150654563309,0.4115566151114181,-0.16588593577012922,-0.005035166322714007,-0.10456945847281202,-0.4337537338537257,0.17081460305918011,0.1607741765827334,0.10518810010842397,0.01711877093984287,-0.31689151454542874,0.16658383429890813,-0.02043808826787458,-0.39533971074009455,-0.016800527169739555,0.35557456342979615,0.12621125856202273,0.2825959507673725,0.031222140239308378,-0.032843601118682064,-0.4653242000133162,-0.3979278039093501,-0.30229386772224787,-0.24858837721595864,-0.2985321402088532,1.0,0.08708626475138005,0.02825093837823283,-0.2625577921489384,0.0689167024905232,-0.5250988281455032,-0.3599477987641369,-0.15214079280489343,-0.055396344246979055,-0.12978103693209356,0.007915565811826383,-0.2946776228717182,-0.31690224364682584,0.1599223033719029,0.30113764101719426,0.04704746867423645,-0.10491777504940952,0.03455752183074241,0.07213049045215486,0.15067187547004812,0.09706084772599984,0.0021544936861027843,-0.24050283350139634,-0.05366512713890261,0.09123071607021126,-0.07154287947836652,0.05417528626477593,0.39295493055424013,-0.031272187553894416,0.0012325603228607153,0.015808067268847634,-0.09356061453023899,0.19859338622978445,0.015722938632372802,-0.031997634653567635,-0.10074726713135705,-0.10275549051261773,0.024355390677068434,-0.2632214699120426,-0.03762728854885942,0.004111098635585449,0.0664736250613525,0.49029920493003565,0.14284235878295826,0.39878966501929325
9001,-0.4494989242844191,-0.08497808804447657,0.0013604603021377475,-0.2782074965091588,0.023534325493466526,0.003466658910664316,0.34115577673760633,0.09974137929730145,-0.14463833106282503,-0.41784204332443214,0.05433398698787307,0.5236573531320016,0.00690704092823308,0.03149762029540804,0.03902749450977767,-0.10749453845583502,-0.0724136422344678,0.1675765799217697,-0.12058381300492742,-0.04582117156479517,-0.10322383637178323,0.044988062445244906,0.16917728236448168,-0.06469657737154515,0.16044982460691642,-0.3145951033488622,-0.29150470750408386,0.009862903826627311,-0.19368240134430695,0.14331950176472014,0.27968085288201433,0.32374221984808504,0.42962781704587394,-0.3153570120760539,0.1297189620893473,-0.09169706312902674,0.015524840878196458,0.37622140030183604,-0.1599626425394935,0.004125027965926627,-0.03337784690535066,0.09180316455222451,-0.2896003015532061,0.2859549357553228,-0.16170772205425907,-0.00017030080199290388,-0.028597670670005196,0.08636401384813056,0.12676247374395255,0.17551834080971712,-0.19650109757108983,-0.2785372218672954,0.11469604953629785,0.2531706882471388,-0.11516015705294176,-0.32867153852079295,-0.21083676603713847,-0.13895991337350472,-0.18095668135024046,0.12465609689386101,0.2135761222771329,-0.11592803401361351,0.3881142976997119,0.3065445407638207,-0.3595567640633306,-0.10080518119680915,0.4718868355567243,0.014169825645523949,-0.05380218699512163,0.2825401902844083,-0.20452304849317807,0.19546549585501935,-0.19017982326929123,0.24067444656999742,0.10514949178472892,0.16712996183046824,0.2647704955216076,0.25975856793203134,0.4042896749242713,-0.23014589661955626,0.04049555768388256,0.08708626475138005,1.0,-0.10789765905312623,-0.02704594622422225,-0.009782263016372634,0.0331083906793035,0.22717543418498412,0.3973131533354284,-0.2101198597893319,0.2857100111657959,-0.10065717193413945,-0.14508513479368834,-0.17398523989784123,-0.33382594514027664,0.15499474942890779,-0.09458731601879401,-0.04904221710922221,-0.02193962101522662,-0.3693801113782236,-0.08930635768651822,-0.029733294687101782,-0.10972274473918846,-0.0722396920059505,-0.02321923136179336,0.007955211021028082,0.03924767873294191,-0.06773525138176756,-0.20414586946472774,-0.1458262096044162,0.050893559577722965,-0.008764188878631354,-0.02003174038530882,-0.13130719572831284,-0.04851166743065806,-0.04251617428945425,-0.05705941761762708,-0.2770634236995494,0.10756265924060748,0.07817443528186226,-0.10270759197704112,-0.05528486051947331,-0.007351484919844407,-0.12040962496994174,-0.017826062840040617,0.2808233710214412
9002,0.10897755744276072,0.11967411977280275,0.1063223243127823,0.028457470367604907,0.10762077804865068,0.05877711122682965,-0.044370971972306085,-0.1486429783457061,0.08381723770379472,0.18666453006025582,-0.04851194657828684,-0.017691634399312775,-0.011785927874762974,-0.0011325006481222137,0.07572554990351447,0.0014616755812202793,-0.13128153320930622,-0.04739698113234285,0.07570225360055831,0.056704694126901295,-0.0161247454739022,-0.1205470023844276,0.07853466022133697,-0.02855234619044544,-0.1345767806530274,0.13340769864296523,0.1472294654073606,-0.13189920998430693,0.04913303277047226,-0.03131762313502621,-0.22753514913549552,-0.21696672065488637,-0.10601106507781488,0.08561159029979015,-0.2285273721818445,0.01620086324616791,-0.04882536524654327,-0.15862149183492885,0.11945051915864582,-0.02285014904825414,0.18379147434280954,0.0032374669682438866,0.028176160928242985,-0.014007667084196387,0.0331905214878781,0.038274947754898564,-0.13810068806246276,0.024330801124265593,-0.1086760239180349,0.05146538657016672,0.006179151993042211,0.29466243700172495,0.047151675935684,-0.31588933802163066,0.07996467639089265,0.1409972472744574,0.0011538542047676728,0.23477044258010094,-0.12791730235567536,0.01622938579811721,0.021049516109405447,0.045868927046815285,-0.11223277490408798,0.03595023216064221,0.24750786493298907,0.047268982096129133,-0.18463653049081585,-0.013038959587685488,0.14747511139892874,-0.09312558059129437,-0.05724186709306719,-0.025960383146890437,0.23929668571061294,0.14260003797176396,0.004816937933578686,0.103023791520895,-0.1251229889139155,-0.2240852511271918,-0.19073966273626652,-0.03393910859555465,-0.06613998241281978,0.02825093837823283,-0.10789765905312623,1.0,0.10593900525983294,0.007594506214338088,-0.11449497994306941,-0.1802416765844988,-0.28854737943949743,-0.03778832271348373,-0.1464086928139005,5.098390737397819e-05,0.09824929040336398,0.07795579338293729,0.219862466827028,0.22369047132338762,0.02858568711470732,-0.033289994994777826,-0.012456747706179062,0.016730996213753388,0.018264043631087995,0.04360923592541577,0.0027840117319335106,0.05435831977389359,-0.024881765846556877,0.0390215622584945,-0.037624304174900494,-0.05634198787511859,0.14734662344696567,0.016491558996076065,-0.09088006641082223,-0.011173132658006655,-0.09160889352317443,0.08312762907565581,0.03707630563357536,0.027851046675161282,-0.005032398323928549,0.08335422405560299,0.02251258009537752,-0.08858277728438631,-0.03582625424152193,0.0028299144313718785,0.02781135670070621,0.22156400455142564,-0.017378931710993424,0.03027825692180461
9004,0.152968772606849,0.21351674433039178,-0.043870104123404294,-0.27427176396099306,-0.06725245627317097,0.03639644828990998,0.15064692310942493,-0.0018037291704860446,-0.045048548764904287,-0.0282882044274188,-0.06616071485256375,-0.005010548699069686,-0.2036972224427339,0.056418859386787285,-0.01844712134640902,0.034493554917571716,-0.05308509123875441,0.0050294476459996655,0.15392495923629196,0.12435114680252689,0.0605228232072943,-0.18762839328695685,0.25377396137990865,-0.001983304643508499,-0.1592233992491353,0.1495487043726892,-0.1405315696029143,-0.22502961204858568,0.11518406290876151,0.013986275330921205,-0.015151844693794676,0.042430643152202636,-0.16964399970314867,-0.022412889363840133,-0.09332250607965396,-0.010139255049322051,0.07569534647176637,-0.14934570362191088,-0.15235787821508548,0.053630755126204604,0.06972400140849823,0.1067937257148613,0.16808107219013135,0.14720939906868596,0.07796620485094337,0.06434169500678126,-0.01746562556873183,0.09103428914811795,-0.014693252417289285,-0.0840439904371077,0.11677354658497176,0.25722000346354534,0.14318242254906502,-0.15720196363721659,0.053709491311558485,-0.06743851930583647,-0.21006570953833195,-0.023357006221986443,-0.21719306791647366,-0.1726872443321653,0.050246720744882796,0.2539035235890213,-0.1316335199009712,-0.03757963122974545,0.06325012241216812,0.026542147289006997,-0.00881447780206041,-0.04169021578680335,0.16271826219468,0.05861658094038015,0.0838096049775475,-0.057158510046482126,0.19401999741039086,-0.06264239415480868,-0.02183604611886068,0.04212062126623735,0.15139956175432,0.0061956179091311745,0.09973800177134436,-0.023712857940741794,0.04932158665627607,-0.2625577921489384,-0.02704594622422225,0.10593900525983294,1.0,-0.05583064229346829,0.10600802875215518,-0.15950427757715838,-0.2342436073712505,0.003040995988633693,0.042119845823243234,0.05176133896106676,0.06648292736683929,0.19389702789254523,0.1150342927391074,0.15633002204751265,0.053522005798551764,0.009062658757293547,-0.09296468525054126,0.12059299168196061,-0.04921755662711171,0.06385515001470692,-0.07369225179141387,0.006976875726413692,0.03084495501190417,-0.00046313333403506617,0.025300625586145636,-0.004311083666540039,-0.08554910509616553,0.16624098736244122,-0.042555489725649244,-0.044027590894602175,0.005259406030775735,0.01960845977108902,0.025949837997064754,-0.1095143328793271,0.06087668204161326,0.2890322971255028,0.06477009160185744,0.029120305524778706,-0.004783078048970699,-0.09089843132084978,0.02382159356137084,-0.03374516041463999,-0.16348977497965736,-0.0866458861238634
9155,0.05826390767320197,0.025671658745306605,0.030487154112124482,0.007182939163791481,-0.04857587333145896,-0.0014044566096703326,-0.023900374926235323,-0.004648478267022675,0.007572149893271892,0.03805804718916159,0.008291371691423473,-0.025448336095899308,-0.04278949961205973,-0.019462493630836485,0.05810625422582116,0.0038922269696933178,-0.06203897852868073,0.0216969659610133,0.017192016738204103,0.012069277117173769,-0.0051777411418474206,0.016257639794721498,-0.0021499973860587903,-0.014287889019813664,-0.06234906113930398,0.06396063105089726,0.03799997914837808,-0.039226849268941155,0.013758153058246661,-0.034392633726195644,0.003470101521383918,0.0011068874073444199,-0.014366964646058723,0.022030484227738806,-0.06384143700494435,0.005605675797642673,-0.049505193545172174,-0.053406393892519534,0.09348839522543469,-0.02634300010769478,0.02782099805494721,-0.02052978967190448,-0.044568759637590064,-0.017926774457401578,-0.0007147690098014244,-0.0186159236995843,-0.001731255837178087,0.0017161349935662562,-0.022933595538382385,0.031236385584292026,-0.09740989165164042,-0.0436436119150826,0.01449745700979829,-0.06668289379103755,0.010185822851031869,0.044825373802794534,-0.014850419209014025,-0.019120405966236594,-0.042708896312397125,0.02028812972878691,0.02383981851859279,-0.025641541566849137,0.0301898860846768,0.037391088353256316,0.04716665824220256,-0.026081269415307553,-0.0028495692119964787,0.006010402327351549,0.06501970478349402,0.027182602585416084,0.032139507882514885,0.0500481294852312,0.08730296331926596,0.08493047771320149,0.014164861199718003,0.02942327790130573,0.015314707448567291,-0.05719469959599778,0.0011521492697152457,0.012336170452351912,0.023542449761049713,0.0689167024905232,-0.009782263016372634,0.007594506214338088,-0.05583064229346829,1.0,-0.03736775530940397,-0.026324733147405785,-0.07262461999404042,0.028053877620204417,-0.038934719046565,0.00624778375041078,-0.032152934049520535,0.0869104115569725,0.09072023768123126,0.03920048407523264,0.0012317526195587505,-0.053577854704796105,-0.0008922323463127891,0.048770354228197886,-1.2476211261706029e-09,-0.0010729765641604883,-0.0004846761225983197,-0.01844917357508241,2.0066246123724385e-10,-0.0462910241545205,1.703710052287142e-09,-0.004192736834751013,0.04281637157107868,4.662669251334426e-11,5.9067667615434746e-05,0.009679119350972163,2.0065408691502832e-05,0.0742829085815134,1.7187319484354226e-10,-0.0004353849626977777,0.00013950535051081484,0.04126925692403416,0.00017401679047573926,-0.04905444132469445,0.004787194350041666,-0.001707332234639347,-0.005456923605953421,0.09427393835941075,0.0009565904595686893,0.007822535246266877
9330,0.06332870504846554,-0.06607923987874666,-0.11731890364375841,-0.16146717624080753,-0.04103589602762044,-0.016068714566203717,0.04672377076184955,0.24803933925300184,0.05498408637355246,-0.24424039090564048,-0.0631439603165288,-0.1376785095108237,0.035780366914479736,0.0610807122643609,-0.02159209095490974,-0.014982232711197786,-0.0016092744036394057,-0.007987606649508308,0.05513269038840075,0.0007307272742798071,-0.003924834191619619,0.1449922667960178,-0.027045609014067853,0.05284546389057176,0.10623400095104071,-0.14893586200828657,-0.2989584182917182,0.2497975544876229,0.09872865343127357,0.06286107466980746,0.3638861795996331,0.18973317477556817,-0.06393101295539716,-0.3558959565348425,0.3352960288225498,-0.01881759213684492,0.19294191359055538,0.13018881107622407,-0.2268987055563985,0.09202277635533136,-0.15137288728197024,0.23663489307852756,0.2460748855259682,-0.027507078061607515,0.006169267080798629,0.13377357785725702,0.5079731851304651,0.004832066115264657,0.11273425392156677,-0.1858442897423204,0.0796458010497358,0.26871402842221603,-0.12045279724219647,0.20103578407776215,0.10943811132445526,-0.4277321261889702,-0.07095894810535562,-0.26646506364254524,0.1947533813362454,-0.07992779010180617,0.1534284334665912,0.2612857696054182,-0.14339866231809342,-0.16055368720568336,0.030690548023339276,-0.04507521020375955,0.1301883170122417,-0.10344153573565348,-0.03341398582099262,0.37160782199177966,-0.04007165132983904,-0.17890379292185735,-0.25012105053110606,-0.0780832212416089,-0.050152583149406044,-0.12691439495590606,0.28145475317197804,0.2874479765546267,0.32848411524672444,0.21311596612138242,0.2743165592670559,-0.5250988281455032,0.0331083906793035,-0.11449497994306941,0.10600802875215518,-0.03736775530940397,1.0,0.42822703546100355,0.21136302571976914,0.15007783416949805,0.09613876384764873,0.0029706628876089887,0.15407873487569998,0.13657652550513388,-0.10713188082981435,-0.3469589525503942,0.007495293938190888,0.22385138973850782,-0.027372180370274772,0.04456369364114356,-0.07732707357254705,-0.13780574392017886,-0.040921449764066906,0.11701427630685166,0.014282065800846585,-0.13391856464794985,0.0019012742936355654,-0.03941347112733349,-0.23430613463886973,0.031096001185278013,0.026711673928967592,-0.06765309259662884,0.008992920833961165,-0.061373777144871106,-0.0014717441277007984,0.035621526535098244,0.055436258842360475,-0.011121468896626874,-0.03410872654799546,0.09716088639530412,0.0013746347082341066,-0.03834683804960687,0.0018231084063707855,-0.31254414892396265,0.011619472804893546,-0.3377668476713339
9337,-0.329860506290756,-0.30529955731864705,-0.2913618079188715,-0.1683945451179417,0.07043137177711314,-0.03307903726182658,0.25625612933899483,0.37622699990559005,-0.05928277498361742,-0.5217239805664916,0.00741620482879491,0.14085349895333663,0.19325093422805947,0.09608746332609132,-0.10048719834243333,-0.08864808960523368,-0.06722204611098417,-0.09974067026704321,-0.058354230937265585,-0.0702235734855383,-0.035101730327120814,0.3386038795939502,-0.08248274977667552,-0.005308946614168053,0.21734310012415234,-0.4553646924422022,-0.4292727670302266,0.3943439643703359,-0.02944173301128395,0.12041092504462143,0.7394952801813225,0.4598677608258677,0.35399592393700485,-0.652343228540895,0.44077072445533055,-0.024533505571744163,0.06267925997570557,0.5901829729685135,-0.3705887835509099,0.17324645274297892,-0.48065157915303086,0.3712513424983586,0.20745136355448193,-0.02068687728227874,-0.0710916814079396,0.05934394278017513,0.741141799832217,-0.02225617109619718,0.33302848069061886,-0.17433562367989652,-0.01156108188899984,-0.013807230974790382,-0.26663329923418616,0.5980887485134947,0.1476562233024443,-0.7696265719086585,-0.11853620836594954,-0.534471051502797,0.3207310368752356,-0.08613343101942902,0.31506388492101406,0.1172266643770925,0.10492464984422073,-0.052160760846111646,-0.1928185923129222,-0.09542705997547968,0.5386023541216536,-0.14189662165737413,-0.012041612982639983,0.44698099220207904,-0.10602761103328022,-0.10049160448347157,-0.5648653829559073,0.058745776436651735,-0.025877911883087377,-0.15581066598719362,0.508819417143099,0.6928903419981365,0.6282271117183496,0.13710480938593497,0.4142560215354962,-0.3599477987641369,0.22717543418498412,-0.1802416765844988,-0.15950427757715838,-0.026324733147405785,0.42822703546100355,1.0,0.7318971162597426,0.24932807051923747,0.4763543637687508,-0.10516541687894354,-0.06181434056579587,0.029035082535577204,-0.42756709697515777,-0.5564133095081841,-0.08274969151801342,0.32772232773529814,-0.014728800828257041,-0.3538771451480292,-0.11448038919090574,0.0015637145705503417,0.020469562868341905,0.1048369874847538,0.002652990943691462,0.007610924230941155,0.12449581373406457,-0.06362853141786629,-0.49577141924410023,-0.012102826984841783,0.01646473478117954,-0.08725196067950891,0.03894561975415959,-0.12984025376738006,0.02693141531890428,0.012469733918700241,-0.05508842275112429,-0.3287056487390547,-0.09403596916771913,0.20006858950688627,0.0042903316001138905,-0.07022570407482866,0.015195878785088981,-0.5099223569405964,0.034412984277599576,-0.20221811583378466
9390,-0.6342410953066285,-0.3573328382490729,-0.2016686120840514,-0.22584177407832243,0.06921871716235914,-0.017126483000431812,0.38269407290155366,0.3649284147124009,-0.21366054670667464,-0.6425952271839382,0.13019272452125838,0.3831832170466603,0.25976050589886795,0.1404201427441224,-0.1464606964834806,-0.03921026938748595,0.05518190304035245,-0.03169580901766706,-0.10332640607379062,-0.16239818166486,-0.006902999394761175,0.37337158318305086,0.03600328807591714,0.015151394298308992,0.3194298554450835,-0.5774475993502222,-0.46916956862693177,0.23273518429957643,-0.1709746744806477,0.17904367356533765,0.6973995987774348,0.616302082694373,0.5722498016632948,-0.554543615484589,0.3897264915369181,-0.062463606514919785,0.002204516531984619,0.6729897233968629,-0.3790721141498999,0.12340145824266391,-0.4314176213058246,0.2846335482709178,-0.052460709455730205,0.17592744936078142,-0.13290590159752555,0.022721733761371484,0.4855467817177361,0.016726697817690494,0.44731742038660505,0.09209685484105674,-0.11769188783558203,-0.3246204946858282,-0.2152396084198958,0.7063922388268378,0.00640065799142281,-0.7065272101623594,-0.21343360557105118,-0.38863229407155336,0.1781885816750918,0.090867112973195,0.25236008256986014,-0.07191221882388807,0.3756806003305241,0.005176587893700532,-0.472277322506998,-0.10682010856906937,0.6929617618580871,-0.11283053320994811,-0.133646184072285,0.4266089144707539,-0.11738446568786397,0.1048243056982884,-0.5801937435150231,0.0791877798701863,0.0008447453070367561,-0.039161566981110875,0.45753367686213314,0.6520761060624152,0.6089443900972715,-0.1425087252706409,0.25011010973105297,-0.15214079280489343,0.3973131533354284,-0.28854737943949743,-0.2342436073712505,-0.07262461999404042,0.21136302571976914,0.7318971162597426,1.0,0.05083884762384403,0.49999999175984217,-0.05526830001126044,-0.1193072449137404,-0.27867000410814935,-0.5725413843947429,-0.30688048799600764,-0.13733785616865596,0.21324692602875864,0.1561583415459475,-0.46624096017314903,-0.0829072713846917,-0.03643979608029397,-0.03194824563117486,0.06647278240637158,0.0018209188265822646,-0.0018098677782045788,0.019005280264215163,-0.08808743515517606,-0.4383624459810026,-0.02722758018113824,0.01665916366263816,0.031654474495723624,0.05450954530304819,-0.23792180375643734,-0.02224634550584518,0.011564124084434009,-0.09332662970323313,-0.581493230416342,-0.08977055297058162,0.24416279568772134,0.002770207616182149,-0.010282254581315447,0.04644711247553643,-0.5699670319130999,0.043797744246795785,0.09084960875994648
9401,0.18497373371131615,-0.11602951567101986,-0.12737953605690075,0.2139863438253609,0.2334891327050049,-0.020520615669619952,-0.1365746963527081,0.008976703383445785,-0.003390613608466712,0.11379982902856832,-0.05019105150768802,-0.24961005031234543,0.048779232124696814,0.014009346946430124,-0.017507179813530362,-0.0338613466471863,-0.059711220446057804,-0.017491043713049916,-0.003212938077206672,0.08951115883733411,-0.05450668441093421,0.2714290807149369,-0.2693886558762271,-0.05088119360959994,-0.0772352829067896,-0.02299890345246593,0.13183093549282135,0.15281542361484907,0.1003767517909264,-0.07266890974249061,0.12512969005206728,-0.12446940101721259,-0.13979227898735155,-0.13529865790197784,-0.006646191417667216,0.017087594377612533,-0.0413091905767044,0.053848849829471544,-0.1105770994354875,-0.015439560611240577,-0.11235150482835296,0.09120785456067326,0.2421125380748434,-0.28572342156581915,-0.02039493197304663,-0.06100579646068184,0.32728821608571373,0.00502080751718859,0.036641326742202086,-0.24955532376724457,-0.010554186989927938,0.1742838668837987,-0.13434349527721384,0.008443349627918036,0.17493260472902644,-0.13909286271389287,0.01223762712421497,-0.09033509760498326,0.21658591355107673,-0.20501675131229208,0.022865349455090504,0.06951844264015547,-0.25383132520498375,-0.06396822539907118,0.24045167630796,-0.04560042419908737,-0.13384209920531107,-0.04779500662657671,0.02537183733596276,-0.04581877296367855,0.005038557842891597,-0.18505417051826026,-0.2269135365483373,-0.005237686658585792,-0.02080365569931293,-0.24901086346937124,-0.049522661861653085,0.13533495780726307,0.0325876985946037,0.2781602258564253,0.09253212094828882,-0.055396344246979055,-0.2101198597893319,-0.03778832271348373,0.003040995988633693,0.028053877620204417,0.15007783416949805,0.24932807051923747,0.05083884762384403,1.0,-0.039937679673574755,-0.03639608461004886,0.08787696474143208,0.10254393397821669,-0.004640289253307581,-0.3407489374084245,0.07484558445918207,0.21269253295061197,-0.07424033328040856,0.048569554708491294,-0.036390570686994486,-0.016055453850440302,0.014402113163449217,-0.014783731485431252,0.01995634964067755,-0.0645640066712433,0.047893479569887744,-0.05385533646149979,-0.09838946605863669,0.12725856044536538,-0.05152981138421111,-0.11834344977968186,-0.06719344061140975,0.055892554697246855,0.11646958073452175,-0.07702301513358518,0.04391091566765338,-0.00998046124327775,-0.0964511324536006,0.021856999578218465,-0.024013686201489127,-0.017825744128562054,-0.0003041389443903823,-0.04187167654211736,0.04439765288014911,-0.24225758350479254
9427,-0.23159262012979145,-0.05644998278044954,-0.2541851814682138,-0.3689384436388344,-0.07569757619908156,0.009329190773003981,0.37006362742738175,0.3022338861600064,-0.12835952063694459,-0.4917466946453764,0.11056521041650236,0.3227297278477675,0.05926748604807349,0.07661626809540692,-0.008284867513901338,-0.05489709729527297,-0.05958458502691823,-0.01615877934031822,-0.08388303049845135,-0.056128149863414224,0.05779705168555849,0.05663555277792829,0.23454892603034075,-0.017706312296135063,0.10996401513826871,-0.4171414067844548,-0.3949867666800086,0.06337812043413313,-0.08894362473808165,0.1498876189557729,0.4402164798265639,0.5079777940402179,0.37131364624784113,-0.4156121402089108,0.2067055995973575,-0.0925555764608718,-0.08048553306428852,0.38589053306328863,-0.32080451600194027,0.068916662277021,-0.33148699499145207,0.1624788023782335,0.002445979958454449,0.2611360707906898,-0.0873674785371638,0.05044209906559798,0.2737405738723671,0.0016520180622995571,0.3351949842021275,0.02000816595622237,0.0791494956091269,-0.08269429159670268,-0.06480870945098481,0.3962505413167628,0.021626412450803944,-0.541851433986717,-0.25386863942841115,-0.3398555235534225,0.012840658249753811,-0.13066782871594365,0.29374292371421,0.1481369301904902,0.23084656564861433,-0.0032566049469098975,-0.3762971029466435,-0.06792398053542119,0.5482857378188108,0.0057615559302200805,0.17740827779245305,0.25953631011158684,-0.028512606679740204,0.016694577807254765,-0.25513725830265654,0.06443595468149127,0.013352575823041828,0.02411046235931106,0.3236137964032667,0.57901860050876,0.548163432642209,-0.21934713383496607,0.21109815103500384,-0.12978103693209356,0.2857100111657959,-0.1464086928139005,0.042119845823243234,-0.038934719046565,0.09613876384764873,0.4763543637687508,0.49999999175984217,-0.039937679673574755,1.0,-0.10831511083305605,-0.3784003000886084,-0.0020201739173146714,-0.24717931169735552,-0.11115929374089835,-0.10082291144263932,0.029214853242719167,0.01520434582712963,-0.2952919156565176,-0.008840511049994079,0.07106262042566311,-0.03470310077827348,0.05234429658791649,0.007497283459948128,0.11324813007846779,0.07837975805968604,-0.05736664033661147,-0.32137649233136617,-0.03546810037580325,-0.004461024587151581,-0.007899072938512199,0.09664356058322177,-0.16468900995904356,-0.031116176836319488,-0.03454530189219266,-0.022888490775155635,-0.14032430385833103,-0.027485848967491153,0.04976059482948436,-0.010144583286271243,0.007576047633476909,0.08583600914784023,-0.2886053169417152,-0.11641834473534696,0.1363328393994509
9428,-0.011433808662514226,-0.019392913078164948,0.10509227157580094,0.05038747751121172,-0.010475069953264086,-0.004810078866942698,-0.046859222545661425,-0.004676070584208567,-0.003175006835621445,0.10911043974956687,0.017098080101321966,-0.059287419056466624,0.11420170572729413,-0.017439362808246688,-0.014730227666716621,0.02501556734565891,0.041016372823866894,-0.029617191721210724,0.04081724328876804,0.09217921949745668,-0.01466781006966666,-0.03457056748046962,-0.011703872283655617,0.02762831217839578,0.033427412660284136,0.11110042363072924,0.01729711381605893,-0.002507187583654167,-0.05579604118140795,0.01702304448696339,-0.031269091610238844,-0.09108434063085923,-0.047412563096998366,0.10752759752647308,-0.08604541258902426,0.04486894903592543,0.05438244430962336,-0.10027498664564469,0.07229007747051601,-0.014232051336851877,0.08497324329028598,-0.08049618139710456,-0.03127874189976453,-0.11233796028500051,0.023064174400656227,0.04226630838345265,-0.017649977517568128,-0.03141257724253333,0.018513472953390456,0.03730790785527601,-0.014956487971481216,-0.05822918726820218,0.05559024581657715,-0.06761455294142157,-0.054187037633323124,0.08107995304141785,0.026195346640436736,0.10903934377022223,-0.00893759940013916,0.1676949259416143,-0.06979827283020212,-0.025922564670150226,0.04625070654590161,-0.10051466304806739,0.034680256691579564,0.0155038182235524,-0.09916256522453443,0.027083597305466427,-0.04507365417280262,-0.01577157446653817,-0.08158241965569506,0.045084198382183395,0.08612910185962347,-0.0324864251135106,-0.03940835895405825,-0.1067794546571083,-0.09242634353698594,-0.14822706055685592,-0.10651933390719893,0.08318275757257088,-0.02357760557855582,0.007915565811826383,-0.10065717193413945,5.098390737397819e-05,0.05176133896106676,0.00624778375041078,0.0029706628876089887,-0.10516541687894354,-0.05526830001126044,-0.03639608461004886,-0.10831511083305605,1.0,0.06583710169190136,-0.07499791547202789,0.05215378545024479,0.06447879571315418,0.004429524871580681,0.08248178157014831,0.03918038917326633,0.004507073211715498,-0.030412901726568485,0.006524183045763169,0.008449387493421221,0.001168918071475192,0.01425118453651806,-0.053801760240907506,-0.020439038409463428,0.034178481087123624,0.15269184946739375,-0.00859164481844062,0.003823950098866074,0.022079495266476554,0.0025983224326353,-0.016556730762951378,-0.0020139207309612583,0.05044100166999665,-0.013932711028137175,-0.053720271409522645,0.021588318029488456,0.00032511819303460116,0.014998979531257587,0.010693418768054953,-0.02200377283860419,0.05487839162905094,0.03588086571276207,0.04161608069107199
9446,0.05611572584818794,0.05414204651372467,0.11084586497493344,-0.018655565344536044,0.2661488453517334,-0.0018598093120344482,-0.18177814061113282,-0.014185074056054,0.11550550192341168,0.10582764161906995,-0.09885803592331228,-0.16380796841074052,-0.19265917492858226,0.0629798122935593,-0.08492342507962623,-0.06352141183496571,0.054580753451213604,0.035731749245243985,0.016966326544106992,-0.04127262782256366,0.055913847485419166,0.030164056788470638,-0.14151854163831645,0.00405511669625178,0.05117285175337558,0.06666741059111425,0.057858624382843074,0.1289173834211382,0.17128394460082405,-0.08051229340306464,-0.05107679500214091,-0.2318304497186672,-0.2274242065607268,-0.04036841344699222,0.14469490444577293,0.023588826507116144,0.06265338399657476,-0.13087835333418701,-0.17885894412585163,0.048190623484676,-0.023792897488758697,0.07913229928786682,0.21034120214808555,-0.11885764677466949,0.06206522546115826,0.21095624054421974,0.09264862694037472,0.013434970013160418,-0.17303676777246452,-0.2306223498335558,0.16719907249051588,0.21055921846742265,0.004368353848997715,-0.014544245168471456,-0.00632262023099685,0.02766839339151349,0.0734031502048733,0.00842255816647064,0.112009948561143,-0.05629067186563917,-0.08699755864395664,-0.013602456741522894,-0.26022030466675133,-0.13763707434355685,0.18221229588521298,0.006738295720927315,-0.2213313632459756,-0.14943508874642975,-0.033806549816374196,-0.14170645895868686,-0.053977375054744106,-0.2114634646529292,0.024983793893774815,-0.1547671617430733,0.006997280099079041,-0.07287236071693125,0.02534455570489562,-0.02827915512843383,-0.23196861702401125,0.357880479550356,-0.1290849791979162,-0.2946776228717182,-0.14508513479368834,0.09824929040336398,0.06648292736683929,-0.032152934049520535,0.15407873487569998,-0.06181434056579587,-0.1193072449137404,0.08787696474143208,-0.3784003000886084,0.06583710169190136,1.0,0.24349601136511365,-0.02261070526367869,-0.14547512752456687,0.005004620944872978,0.006270862398268226,0.04378082709813044,0.1200191430141911,-0.07437713572131506,-0.036301301181376464,0.041822232553260584,0.0966164252456191,0.009786451884942707,-0.12927120352709365,0.06377238251771632,-0.11424569696164306,-0.04502380579240751,-0.020711302483654055,0.10027736980982882,0.1307656892055632,-0.030570960497895743,0.03470080936580737,0.01917063601978501,0.044863458886742306,0.006194928477659293,0.10129839356843214,0.009449521639177694,0.20241209289693146,0.040204187699547804,-0.08287652980296736,-0.09484890091233152,-0.2032083079990515,0.027579251580116537,-0.2798642337622355
9465,0.24172340614403276,0.23043225346349544,-0.19356103489301849,-0.1535638738492792,0.14652537490556322,0.13126524983511093,-0.09256611137378098,-0.018745850164784014,0.13362923120207304,0.0408377900591795,-0.22763798733155083,-0.21285115267207913,-0.41669372129789944,0.039268646668032696,-0.040063497419534466,-0.08331074069325063,-0.02129422500309706,0.014936678380492046,0.03960449751358966,-0.11347602292047812,0.13612830198459702,-0.298946808442456,0.02767322652546497,-0.05868938943859599,-0.20943331450592442,0.25660160705632173,0.15691299778616022,-0.06388494472093226,0.1984748355498524,-0.0517200899861254,0.004223701689386702,-0.09835125357452601,-0.15345276549986622,-0.11493632596973495,-0.004124710915145979,-0.126410672913064,-0.03879386016029501,-0.18219037813730143,-0.1522345322228751,0.04056044680165166,-0.10121296441611166,0.007896200195318304,0.4543709091608623,-0.07834957318906002,0.10383480494162994,0.07125802683402613,0.12182861573197568,0.05699860456877445,-0.22967301441455423,-0.27489614934362566,-0.015725084900859325,0.37323057650808655,-0.01775228301667075,-0.13096665469625976,0.009720331097341196,-0.124711985149119,-0.06799183673999094,-0.24631856774810498,-0.12723533247493032,-0.16811810208077374,0.02638997721178646,0.2984633937116557,-0.13119929221809576,0.061780488188899904,0.1822784514452136,0.07470221493328336,-0.03572654374593304,0.027238740037055734,0.6084340946161922,-0.15093421589429046,0.17139803042035417,0.0015271079485635517,0.4097756541250205,0.05169470405304738,0.11629809296760346,0.23981678336211715,0.25018734157815137,0.03632041051927736,0.08670162747789552,0.29559823130152774,-0.16422446980647565,-0.31690224364682584,-0.17398523989784123,0.07795579338293729,0.19389702789254523,0.0869104115569725,0.13657652550513388,0.029035082535577204,-0.27867000410814935,0.10254393397821669,-0.0020201739173146714,-0.07499791547202789,0.24349601136511365,1.0,0.1291912178617337,-0.08912905033112602,0.033392082690000026,-0.2710907693007142,-0.2737959090600192,-0.010608177723206418,-0.07498628630352704,-0.042109065528976856,0.07019138182220451,0.04226518988936038,-0.03775113164577001,0.11581811134407062,0.06725699498628124,-0.06250638684655263,0.045589566261393794,0.07476172606220018,0.026907219177068523,-0.015462557145156758,0.16300428456470162,0.08595959721285608,0.08375215791451111,-0.031949350518128826,0.04028943316395906,0.5801750343739368,-0.06761554010801438,0.10745647255981447,0.006012938106057279,-0.1406108984931084,-0.08553198094070077,-0.05275252654793026,-0.11141891323743582,-0.24007253434794149
9553,0.4231480428272256,0.25018206449678676,0.14169935295704658,0.26566387916821754,0.06913266265382871,-0.021442339235496967,-0.23189295100651355,-0.318461934300235,0.17788437664049694,0.5284484906957186,-0.04312809199933596,-0.3265303427717644,-0.0335899884657403,-0.03180370733648368,0.07451560543512269,0.06469938402020413,0.013580822471562098,-0.013707082669788437,0.19262819322866354,0.0887076863563617,-0.05836362731985237,-0.29176698401495044,-0.0509809362416424,0.011587959504687622,-0.2568090979575236,0.38317537916703237,0.3484268161115887,-0.20399100777736254,0.2991073168606731,-0.08924124782752807,-0.44253130213786696,-0.46226010186826355,-0.4368720586649052,0.30944314666487127,-0.37956343303489054,0.051701743574348945,-0.08766860276702018,-0.47909769832904564,0.3785636579892721,-0.041946355653385274,0.25527047821481796,-0.143930905282023,0.14192020420712054,-0.2710647213171161,-0.009010475867855356,-0.07040615012776907,-0.26636311873552304,0.03287605014688907,-0.38954433194986104,-0.1024806183238907,-0.07461065957092947,0.3346681301477441,0.04613476701706667,-0.6351520564487859,0.14254178670245995,0.4696574928913035,0.12171534050127958,0.40104396121109076,-0.15342288771437296,-0.18132525798203394,-0.05650639739412214,-0.030859555215919657,-0.3307401768802103,-0.05043521053224397,0.44040586058444436,0.002254840264414491,-0.5181265154262237,0.03392666193842289,0.10074740086074652,-0.3519527567578825,0.10049368238336907,-0.07196756692243086,0.4709379115375824,0.16123604209779596,-0.10449392603330003,-0.0958167586417092,-0.4056312146261438,-0.4831086238789863,-0.3718752711856913,0.12319312678047827,-0.2058842449245955,0.1599223033719029,-0.33382594514027664,0.219862466827028,0.1150342927391074,0.09072023768123126,-0.10713188082981435,-0.42756709697515777,-0.5725413843947429,-0.004640289253307581,-0.24717931169735552,0.05215378545024479,-0.02261070526367869,0.1291912178617337,1.0,0.18505743652338036,0.02334544910698581,-0.04626950168889235,-0.12489932929009362,0.40132619000312203,0.04941868605229835,0.01076818303336836,0.029144394900189004,0.0013705750741853822,0.015961211427121112,0.01154462152365884,-0.07868518564529409,0.09703753689478314,0.36695490574760603,0.033960130010524045,-0.03617792008726775,0.0031130381856875862,-0.06966526610880784,0.12918736900292002,-0.03127700248922138,-0.01642928743340003,0.12711157619504268,0.4428211258743338,-0.07845938605607411,-0.2580070614091905,0.019266777435530267,-0.01985783475086667,0.030072093657469875,0.5822365708069454,-0.06795484869853259,-0.020543273679649917
9651,-0.18384073112591356,0.28194496294515486,0.21810620193573954,-0.2850241174888907,0.015280865851177047,0.010715205703328822,0.07395130678843588,-0.2776515247621707,-0.11110507570945101,-0.061100511386889225,0.02233317574434576,0.41629245279977395,-0.2820978037468657,0.04514778639800037,0.0902941869983277,0.11787180356862467,-0.010154608772749785,0.07214863360285244,-0.06277958350143144,-0.07627090097758779,-0.0029243854033587056,-0.3392084801495427,0.27789786668507954,0.005397585481412145,-0.05704981762061909,0.17486810687980195,-0.13183375821781146,-0.5561786430274687,-0.18919640561964896,0.06834525993614363,-0.3670507427349111,0.08918557041812121,0.18740267429518762,0.23290873438414908,-0.43445159650987897,-0.01980837172589078,-0.09988371805890046,-0.09225148792399193,0.19637210872807107,-0.10530336007673514,0.3124377904376808,-0.328549392981843,-0.49016647157857995,0.4787753087746512,0.009088387740506588,-0.13960112759135104,-0.6286111216114342,-0.005807182568544124,-0.09375137267030842,0.5372770752371249,-0.27480817227998,-0.1665824731005791,0.240159977159186,-0.31746421561671145,-0.19066157187692342,0.3631129369102057,-0.022013537459349215,0.31224538618352576,-0.4806516290974578,0.24769630846578208,-0.0891764309525363,-0.1471077316946744,0.45925822584671655,0.40203473600823003,-0.2482006154547628,0.05213176040250972,0.0840442097427872,0.18773617743416174,0.28165899595140065,0.02755572747280077,0.0718811457200441,0.31908322237900505,0.42442196797653986,0.10495424161398981,-0.003535337056030974,0.4536661978289991,-0.18984505555095776,-0.4368996952201204,-0.13581555592472672,-0.43591037609473415,-0.20152260208255215,0.30113764101719426,0.15499474942890779,0.22369047132338762,0.15633002204751265,0.03920048407523264,-0.3469589525503942,-0.5564133095081841,-0.30688048799600764,-0.3407489374084245,-0.11115929374089835,0.06447879571315418,-0.14547512752456687,-0.08912905033112602,0.18505743652338036,1.0,-0.034955472887708186,-0.42759650373037134,-0.05835600326174603,-0.15991957808450696,-0.023003152082634322,0.020657463604508788,-0.021344524865813935,-0.08731968190949731,-0.042234584628287955,0.0959540197912491,-0.03502687949372327,0.044242724226386344,0.28090895850883124,-0.012099403348811372,-0.07928583842633682,0.10147338759139835,-0.055074040575667095,-0.029225242021105567,-0.1573502952975907,0.07125563644148841,-0.029239654794435715,0.03258354094670515,0.16420590475426866,-0.17906099646744972,0.0010855252107006082,0.03847021514330924,0.08057400094022481,0.42647440035772505,-0.06435003329749718,0.5872942480163686
11878,0.08563581481012948,-0.05870255179610312,0.000920413580694958,0.1045752777748894,-0.01857994567876999,-0.001415050495839876,-0.12085512745837479,-0.07929041986250904,-0.0005907515949883237,0.08678446071633358,0.013722818748802898,-0.08156320590767369,0.00628599479093576,-0.01685147222089994,0.006332799555397881,0.006681881137713414,-0.02575906318663676,0.032593078046235166,0.02031521935371105,0.01635895458703256,0.01773931251388513,0.08209935210573546,-0.05394251139122637,-0.011629023407725092,-0.06961804865289317,0.09462474521708014,0.08451948374840983,0.003475557105801373,-0.0030433777219960913,-0.010400046099956534,-0.10085603576801301,-0.11779803474849394,-0.010487893232133543,0.15127541413008208,-0.06141977685115638,0.037722316889097184,0.029792759177868344,-0.06065075616438326,0.08865333296135132,-0.03557959184018776,0.06288344835220612,-0.01050796147961896,0.004304902886261823,-0.11740682602128434,-0.0088402594746178,6.711120874769017e-05,-0.062174857680483794,0.002781979864131454,-0.02057403770481953,0.012202460619446187,-0.08157043542292265,0.06588634163753339,0.002670623275408117,-0.026032798068887624,0.01815047180502972,0.139221474268159,0.07895245533547729,0.0402540915829459,0.017209718042077327,-0.02221941438697698,-0.025806441225220196,-0.0066791358311853255,-0.03625553146160942,-0.08757420234931775,0.11966998597788592,-0.0026783492960575123,-0.12038856787362573,-0.0012081720600694153,0.016919393754821987,-0.10890910290800848,0.06565285310359925,-0.02972215224018777,-0.020552619698443686,0.020618253027741864,0.0034315938823234423,-0.0030124712535718806,-0.014647733260437598,-0.06403636713023847,-0.08133332003259273,-0.027031477893319385,-0.031241982864281957,0.04704746867423645,-0.09458731601879401,0.02858568711470732,0.053522005798551764,0.0012317526195587505,0.007495293938190888,-0.08274969151801342,-0.13733785616865596,0.07484558445918207,-0.10082291144263932,0.004429524871580681,0.005004620944872978,0.033392082690000026,0.02334544910698581,-0.034955472887708186,1.0,0.045517727131627925,-0.0055891849634931365,0.06821880955580853,-1.604602598607543e-05,-0.0005968520810338365,0.0009533564414826913,-0.018221144311373356,-0.0002763886390520138,-0.042920273995056824,-0.0025918216344874997,-0.0017361665560735938,0.06671162677478462,-0.0019670938377040373,0.0022853227137247106,0.00555433663516676,-0.00014524174943379868,0.02599057749326181,-0.0027852261255807654,0.0006613554014697179,0.00046908058392690116,0.005113106311591436,-0.00047170318857051735,-0.007793447644080358,-0.00034004465382553696,0.00032123061157304095,0.0006230959054912083,0.09225350546820947,-0.0003591472152909321,-0.06792906556934655
11882,-0.031221397527837938,-0.11817604499010893,-0.08546128448799069,0.3255582042841904,-0.0805889318168701,-0.07238171888753943,0.020410186149847912,0.09654441983471893,0.039534358856748775,0.09877805639386888,0.025148458114511787,-0.2690307279351135,0.4376120270746761,0.003721027542444251,-0.15933948828200242,0.14785262117139267,0.10263099970127101,-0.07900963546007041,0.09526665269330713,0.18393117476494933,-0.03585891155842455,0.3115913564088119,-0.26448924133084845,-0.04273813833748734,0.11705773398631983,-0.14546447284244407,-0.017748010211668712,0.33404199321874856,0.1825625297992165,-0.021368306379251474,0.13138546212281807,0.006810685490505627,-0.19997710538717475,-0.08088932894255117,0.24074965723153421,0.09183842790734373,0.12578551063846133,0.05580847957471609,-0.10052172132528882,0.03746670040673494,-0.07430830123702296,0.19437392781732823,0.2716820520909485,-0.35982153228336594,-0.024324168062933704,0.0334561668143634,0.38955204517714453,-0.03923047282677825,0.25308136170945256,-0.2894501875852604,0.07253024474735861,0.17658288266358466,-0.17171679949908217,0.21885843177270606,0.14040856891413328,-0.19462269763751686,-0.02547142823586535,0.015140050235677067,0.26098838105794225,-0.03545744887503794,-0.022753864264311613,-0.011598927746196344,-0.23396364046761622,-0.3121665849792645,0.3295720554731337,0.05938287441395661,-0.11604442614803474,-0.07713614388077746,-0.41641268306719276,0.07195237029800386,-0.12693699209447476,-0.17443059739733813,-0.43792746486383727,-0.081013189416074,-0.07331580822605718,-0.5335165869901035,-0.001710161589717643,0.22038418449303376,0.1188416585449395,0.1997534022846764,0.20352780573279616,-0.10491777504940952,-0.04904221710922221,-0.033289994994777826,0.009062658757293547,-0.053577854704796105,0.22385138973850782,0.32772232773529814,0.21324692602875864,0.21269253295061197,0.029214853242719167,0.08248178157014831,0.006270862398268226,-0.2710907693007142,-0.04626950168889235,-0.42759650373037134,0.045517727131627925,1.0,0.06969670068699216,0.1640229352776756,-0.03546356015812393,0.009709109957655447,0.01922964711619349,0.12224210315915507,0.0543563603677498,-0.03609019076636582,0.011288933329499033,-0.030571527508638823,-0.08741834202287285,0.047389740655013425,0.016446634217668017,-0.10693831801684459,-0.055175990995449314,-0.04370595638490501,0.03994189110814564,0.035103458451240736,0.03161664068596054,-0.1791653910433822,-0.12888491116107306,0.006408740905062811,0.013262923031633041,-0.05515832031213837,0.08532216452361105,-0.17316609603752273,0.04878628287081341,-0.2611594410697963
11883,-0.04495928151423114,-0.027333794307060306,-0.028510049282017957,0.03429935363099496,-0.09670877133714736,-7.176019056905765e-05,0.02812354430760939,0.00541637217381284,-0.0012188892413084933,-0.054721344648800074,0.0040067018670521815,0.05205635694011239,0.09265488010700604,0.04920641214247147,-0.030585937086461956,-0.009647040199457856,-0.003970624133217555,-0.01724441233184737,-0.05027677991585988,0.008710047269474148,-0.0047534321725981035,0.13119077876307494,0.015960443484389183,0.016065255590715085,0.08187447857659255,-0.10155367350684999,0.0026044332888900414,0.09622546977153779,-0.01858066914949399,0.0136939288189238,0.01692696687298718,0.038153661846347574,0.016509248624465046,0.07056711052513863,0.06429336278081067,0.011587944588077683,-0.017559034175562982,0.05272070480457665,-0.018903865174437498,-0.0008365606121111158,-0.007525279960203499,0.00464921292880372,-0.056421416246310634,0.05601204852331495,-0.012773063301890047,0.010128088957029798,-0.028241192119519462,-0.003107915188344306,0.10197838010865397,0.07818923710753337,0.1452580791239203,-0.07771849491305374,-0.02865551668273408,0.06716762439118457,-0.01745993229308543,0.019357640423403433,0.04334839619580633,0.024541811426606292,0.1219788322528635,0.08860042675376614,0.022238398961027583,-0.03457808127165528,-0.0047660659323743035,-0.16250756558643767,-0.07276691872150362,0.0007955065682276248,0.04171447425202967,-0.004456704555216749,-0.1592275433808837,-0.022525628525442442,-0.08981203003025295,-0.03296200703167898,-0.11722779337848543,-0.03405243008382198,-0.009695276951963918,-0.0799002567287961,-0.005055272347011543,0.10260064929718699,-0.07225368276935117,0.020354360557146275,0.00836911223912504,0.03455752183074241,-0.02193962101522662,-0.012456747706179062,-0.09296468525054126,-0.0008922323463127891,-0.027372180370274772,-0.014728800828257041,0.1561583415459475,-0.07424033328040856,0.01520434582712963,0.03918038917326633,0.04378082709813044,-0.2737959090600192,-0.12489932929009362,-0.05835600326174603,-0.0055891849634931365,0.06969670068699216,1.0,0.07488539955192335,0.0024109046197936675,0.0012800419027378495,-0.001953281802375409,0.02039462290464332,-0.001061419768422461,-0.02319390382121493,0.0039301677506659765,-0.0038432747165545724,-0.07175168727500303,0.00477256780830313,-0.008640980976426706,-0.0037647130129964805,-0.010565470772820005,-0.04069541153171064,-0.0005732627669116035,-0.0006012848402387575,-0.007101289279798657,-0.1330491856419473,-0.004445518422636009,0.04168364805425185,-0.006512829478623499,-0.0040169912409132565,-0.0011579759016937976,-0.14441257663994217,0.009774614903710576,0.026327059824519723
11884,0.5368322067096593,0.1532055141992831,0.09174552816901393,0.29458651993693125,-0.19853443116141745,0.06318539259660651,-0.2692283407371254,-0.12229438083278014,0.20760913253971247,0.514405936979232,0.022724384678915688,-0.46839919421462406,-0.026678095577329038,-0.11033822350518951,0.10090990040717414,0.059585486626575854,0.056974328841919136,-0.07668978238722804,0.1819021817443988,0.11853373260778953,-0.05693283581430747,0.03370840947478108,-0.23762920125200546,0.0171718565959323,-0.070573045654526,0.14877758582662376,0.3271517770724792,0.11288741280905233,0.22021996881565473,-0.2601242166620875,-0.326334575418344,-0.5012115222879794,-0.5762140564818778,0.32887514046094346,-0.10130013428531412,0.14788971349293592,-0.025848418058125242,-0.45727271998772684,0.11111988875533645,-0.16758228012472456,0.32204552872999753,-0.06262217080644798,0.08230377921573737,-0.21705625168466275,0.030276470189869387,0.056362983022008636,-0.11657166675052767,0.05060230626765467,-0.28329967470088324,-0.24497251797881756,0.3777518849016894,0.21705714783244348,-0.0527071248774447,-0.29120452231126775,0.10401139800919167,0.49420485482827664,0.1838585893002316,0.23424565772506017,0.16816099184441308,-0.27236286915659413,-0.16774379892487837,0.05590710017667406,-0.5568412093787112,-0.29939508175831586,0.43748557392223963,0.10158717774218409,-0.6355094664134365,0.023449235728725024,-0.2639277397088829,-0.3379582217909399,-0.013553050455232545,-0.33148699876066046,0.06820569972776543,-0.0974514580814797,-0.06418461922743465,-0.2748622831012454,-0.45879827162599857,-0.19451421012146217,-0.4419495695788983,0.21974732579767006,-0.12482957464374127,0.07213049045215486,-0.3693801113782236,0.016730996213753388,0.12059299168196061,0.048770354228197886,0.04456369364114356,-0.3538771451480292,-0.46624096017314903,0.048569554708491294,-0.2952919156565176,0.004507073211715498,0.1200191430141911,-0.010608177723206418,0.40132619000312203,-0.15991957808450696,0.06821880955580853,0.1640229352776756,0.07488539955192335,1.0,0.12104766059931703,-0.030525822708507174,-0.034963470716170876,0.034133803135758714,0.15635789185300003,-0.10743351946204036,-0.07772472631660161,0.035751282713664144,0.06502393117530081,0.16172291496106456,-0.015514171630686005,-0.09106653285110368,-0.14185539816256573,0.15800954507650125,-0.01638379208928661,0.035345063667357235,0.1203472417509246,0.3943580888005653,0.01567052418604267,-0.08875396312058631,0.038710825027910865,0.0014527913681500124,-0.04173810561823684,0.20634786706353242,-0.003143710958214449,-0.3369507101160129
11886,0.09538377824792071,0.07976650633807826,0.05927166494866589,0.06769583807781851,0.025500006066266904,0.0003774236016977326,-0.04279675541590493,-0.060117844807357164,0.004654066347913978,0.1203923594799034,-0.0005719983252697458,-0.04426096442381509,0.08933400692521908,-0.02716016093697749,-0.01804475403251548,-0.011638115477889654,-0.03214592290980485,0.003824890367514659,0.011603445795823274,0.017798831473551706,-0.020941197432613985,0.07825642815186738,-0.023817165396491695,-0.010037772832238655,-0.011286963318496893,0.010692276108495904,0.11306907804633796,-0.010154077454428371,-0.002828837031968307,-0.006191816277404103,-0.09997625381140476,-0.12254992022168196,-0.060465412696315876,0.17003124555592272,-0.041657544083702966,0.019806538475714987,-0.02114750045376632,-0.07567601473990851,0.037771296002557,-0.024761198834180903,0.07279631201750245,-0.029747739484594974,0.008434258419453614,-0.021192637348669965,0.019465593002721535,-0.0065164978109965915,-0.12179993184624217,-0.0007541501898490936,-0.03343656352472529,-0.027305274278955113,0.041348555481934446,-0.0016780231517567598,0.0007276761356404865,-0.1406782543853466,0.01974126124923044,0.13779761129500445,0.08152783622255394,0.08356039654094273,-0.0012294310512982762,-0.10947666992167815,-0.010219600731245023,-0.01211056774088494,-0.10262249426181985,-0.03572355806138251,-0.0011494021477120532,-0.012553928536305516,-0.13985337645965099,0.002303841924662377,-0.04858887786416056,-0.11421895131562841,-0.01628665740401086,0.015700245455243605,0.00321091059081156,-0.06466761998153062,-0.007791916800896388,-0.029147709490829617,-0.15383509113957344,-0.06811634142250617,-0.13666133930562718,-0.03853031615800445,-0.041927928512687354,0.15067187547004812,-0.08930635768651822,0.018264043631087995,-0.04921755662711171,-1.2476211261706029e-09,-0.07732707357254705,-0.11448038919090574,-0.0829072713846917,-0.036390570686994486,-0.008840511049994079,-0.030412901726568485,-0.07437713572131506,-0.07498628630352704,0.04941868605229835,-0.023003152082634322,-1.604602598607543e-05,-0.03546356015812393,0.0024109046197936675,0.12104766059931703,1.0,-0.0007234992843170717,0.0008021170532211686,-0.01244012183330278,-2.3120272069314785e-12,-0.03315704097782378,-5.189124273681896e-12,0.001645939956983945,0.05895961422101112,2.721714007855138e-12,0.0009723191213241253,-0.0004094815187670548,9.136626057932421e-05,-0.02204911149856318,-1.7999248206758922e-12,-0.00013748035708931625,-1.817280051229495e-06,0.06643117044579616,0.003163032274418968,-0.06029159965777494,-6.236035974165437e-05,-0.0037398490168454035,-0.003163412342268857,0.037325098989593825,-0.0010336660200537704,0.05537822059886599
11887,-0.04662397008055798,-0.06388616361940606,-0.01925202646375654,0.0765341728886887,-0.02297885834660814,-0.011017397503836984,0.007824763902013795,0.0027012632230957387,-0.004917608895964258,0.046701252146573204,0.027751763334565055,0.04716103801580769,-0.05675354529441864,-0.0055713767261463265,0.012754430777726006,-0.0019407101271025303,-0.006169062228081487,-0.02321304198414568,-0.02201652782558772,0.04013740427733288,-0.04140381721858316,-0.08258875469444273,0.054424818556466935,-0.0008208429553674478,-0.006644617564458381,0.01224319436130832,0.0629754323696629,-0.019546456246715947,-0.0037317073487934983,-0.018501592180138186,0.016466671515593643,-0.019799927431088892,0.0032389756937763596,-0.09596288850906247,-0.03960701975585454,-0.014082954424532366,-0.09837073417960235,-0.024681985731087784,0.03860799420785366,0.00910428130747149,-0.025634351137320113,-0.022971436148999876,0.020374530156379782,-0.002344059614000094,-0.0032731650266487416,-0.030087264530704448,-0.046098300193316545,0.0018958263697166965,-0.002754609091014308,-0.04820803006647649,0.0432894729791238,-0.08211849519858097,0.009420254193909365,-0.018320916783989883,-0.0220208773224046,0.010566865933892625,-0.003068583026259925,-0.028989714768951437,-0.024023825672540165,-0.03807645298379219,-0.0224697424182044,-0.06538039458360166,-0.10663433338760386,-0.025977492734638934,0.05572252187281699,-0.002278290335648919,-0.01002092587707674,-0.005591540832643793,0.04484616678417138,-0.028144414271544925,-0.04356304328512205,-0.026360045118381966,0.05357512116370987,-0.015690593165485225,0.00522619932212223,-0.021359166713566687,-0.016534816206381583,-0.0006045736353626248,-0.004912113648103493,-0.041233680739446985,-0.03494419195203689,0.09706084772599984,-0.029733294687101782,0.04360923592541577,0.06385515001470692,-0.0010729765641604883,-0.13780574392017886,0.0015637145705503417,-0.03643979608029397,-0.016055453850440302,0.07106262042566311,0.006524183045763169,-0.036301301181376464,-0.042109065528976856,0.01076818303336836,0.020657463604508788,-0.0005968520810338365,0.009709109957655447,0.0012800419027378495,-0.030525822708507174,-0.0007234992843170717,1.0,-0.0005665738255337871,0.0007051399239666939,0.00043229901707266444,0.03759399250484354,0.0008686903580637599,-0.006408961566028005,0.032816976909357046,9.881301196110022e-06,-0.0007729313263943866,0.006838960943517548,-0.0002514403824071821,0.053983337715921856,-0.0007370538566019541,0.0006705568311024357,-0.0012264577422093942,0.02041931595210177,-0.005442708989060575,-0.016876273016411446,0.002310678627253624,4.793294376888383e-05,-0.012831482236619732,0.06686625388678463,0.0018972931076580467,0.03766506892526628
11888,0.03373803999692715,0.008280595555326765,0.030459165558697116,0.04392526321599436,0.033690124172898885,-0.00013822544152804832,-0.054720207588076365,-0.04533027267970494,0.023335846746019476,0.06422165550382171,0.012627851781563632,-0.01113869569406258,0.05462095199738421,-0.021699512017473825,-0.010124592842342439,0.019250977190295726,0.04411612371247466,0.018930436336753308,0.004126756359327028,0.03207001804210722,-0.02781126864006109,-0.04286828409773244,0.047225418431096594,-0.008660217862611006,-0.0024294558619958858,0.05036064459118976,-0.006722375372561539,-0.000991583115990112,0.05212623937335457,0.021912444238010875,-0.06961236217817966,-0.048507631786848956,-0.040743579607196066,-0.015420021040830421,-0.04062869228150371,-0.004287329698853797,-0.02546923263389569,-0.02080059794340877,0.08932111181717638,0.02162185906256127,0.010102397044770346,-0.061714356294303364,0.08714358698050964,-0.08027310681661369,-0.0033586231182636344,0.07401607910431009,-0.03890083705730822,0.0029643889558191193,-0.05813264597853275,0.0035970307724175056,0.03281282535485445,0.021685745997432067,0.012913104759289123,-0.08139267972145528,-0.018936487848632912,0.06721139909129653,0.11502947775601599,0.08003105327925786,0.043747592949489864,0.030309598817856,-0.029941981497824725,-0.03271332631793916,0.04202924523876942,0.01694672012006513,0.02235333222449392,0.00545190955631022,-0.05214973678407175,-0.00230230985864364,0.04244254464234385,-0.05332902618406891,0.02188167146811221,-0.05920970982782175,0.11171669693191032,-0.04319323274705524,-0.007434136995366165,-0.05169404347833483,-0.09155467392536257,-0.04061698496444299,-0.07667837683583513,0.08758448102904934,-0.04595363535160559,0.0021544936861027843,-0.10972274473918846,0.0027840117319335106,-0.07369225179141387,-0.0004846761225983197,-0.040921449764066906,0.020469562868341905,-0.03194824563117486,0.014402113163449217,-0.03470310077827348,0.008449387493421221,0.041822232553260584,0.07019138182220451,0.029144394900189004,-0.021344524865813935,0.0009533564414826913,0.01922964711619349,-0.001953281802375409,-0.034963470716170876,0.0008021170532211686,-0.0005665738255337871,1.0,-0.005008718612881605,0.0007745568923395176,0.06779735883277474,0.0015785534188275873,-0.00197451565882149,0.07552618240603326,0.0012627610849212177,-0.002850627622605629,0.002149675806860192,-0.0002137299838756065,0.008805493697489944,0.002138828872275355,-0.0014293352366189815,0.0004407053636461261,0.0886431867268349,-0.003906072112929815,0.009919159966474128,0.0027418846865801677,-0.0024873236979832277,-0.007422421544957133,0.010425558036755714,-0.00013159091382875462,-0.04223954644043773
11889,0.024384047356446763,0.02746243074738961,-0.007557945903407774,-0.09586250261406094,-0.002701068650320306,-0.013184227787012275,0.05024435903121924,0.05578210717575349,-0.022043358597587673,-0.061784225824457036,-0.036284228241214835,-0.014732861694945178,-0.04723286745966764,0.00671078747538404,-0.008596567536668572,-0.014009769008537032,-0.07426004209150963,-0.06290787388263563,0.03961438518751317,0.010894126470651695,0.02418429050447291,-0.017545343970288525,-0.0022598104655975225,0.021369512709780582,0.13049434553290118,-0.15331843489148636,-0.11518764061318662,0.04533546959970193,0.02843707458103842,0.038847117933056854,0.06103716663042895,0.0243811644180914,-0.04652314889983929,-0.12056972270159487,0.0617067203538977,-0.010459578631809078,0.06571623289820759,0.02828952428841713,-0.10046860058405553,0.011765829072933352,-0.05186947086780927,0.09816748975298997,0.06376414804643513,0.02702351605366667,-0.0163291888135631,0.07777063099324148,0.15876145647823334,-0.00667910394358905,0.03070453450584181,-0.04885157700370572,0.09116239234360006,0.12447307423179228,-0.03884155711786462,0.0771632892902107,0.004420932627043019,-0.10085904576237119,-0.03800573073934408,-0.03886673925549096,0.1298993820099136,0.04602306126551277,0.037879349335402795,0.012559874344912968,-0.06564484535801204,-0.10049582999965366,0.06967030643772609,-0.031198050503524102,0.09480653205790064,-0.016703059564824214,-0.01790339091845857,0.09689979089615856,-0.05034268876966482,-0.13509048372305263,-0.007989930468106385,-0.09194087693189307,-0.011558029271071213,-0.06894043991646313,0.018353631440175516,0.10385728919363273,0.02685797589620905,0.01859174434345139,0.0682602310365429,-0.24050283350139634,-0.0722396920059505,0.05435831977389359,0.006976875726413692,-0.01844917357508241,0.11701427630685166,0.1048369874847538,0.06647278240637158,-0.014783731485431252,0.05234429658791649,0.001168918071475192,0.0966164252456191,0.04226518988936038,0.0013705750741853822,-0.08731968190949731,-0.018221144311373356,0.12224210315915507,0.02039462290464332,0.034133803135758714,-0.01244012183330278,0.0007051399239666939,-0.005008718612881605,1.0,0.007433113883874641,-0.005197248015072629,0.014936592187682493,-0.0013707422614713163,-0.10422765481657888,0.00016990264965220338,0.009613228253889727,-0.007808474341987797,-0.0029447522218058546,-0.07696266918783175,-0.012673184905834398,0.014359228561925492,-0.021989565696942458,0.0543685071951074,0.008435509988975147,0.05345702182835764,0.008799493130207905,0.0007015176673203383,-0.014548268382425383,-0.06714933222289875,-0.0005210407763966046,-0.10261595494472045
11929,-0.014177733180102169,-0.013644006630227176,0.02871019089180122,0.004796470422052065,-0.05782901572293671,-0.007659639910344999,-0.03199267825600499,8.594484194800611e-05,-0.013345261222215942,0.016794952293671922,-0.005330278271712612,-0.07028104721756423,-0.032497420734157914,-0.0011769700778025119,0.031850697846197346,-0.005193262761235768,0.03990695298011055,-0.03394421907141688,0.011652378552455834,0.0017240949690414012,0.016635855676824223,-0.04501227284697587,-0.010911602337588658,0.005668506431536713,0.051926071751008294,-0.047314812993856016,-0.010118434545457976,0.03670854045034404,-0.020242060098714477,-0.030219648462871306,0.010853160044589825,-0.021164130685526517,-0.03564379843322243,-0.0487419513919744,0.0654381841056234,-0.0014875743184341902,0.010440794452924706,-0.017662880238905467,-0.08894027260225558,-0.0060744450354090285,0.0274384853960366,-0.0041327566313469405,0.052372048060975215,0.00806682834218823,-0.005291466728270781,0.019099303967295995,-0.009572118790268893,-0.0004455409627477491,0.03391832287992602,-0.05373456174458731,0.042125181900720676,0.03813864206952357,-0.022046585389458737,0.0670833431258028,0.014520816230395504,-0.012471245696224497,0.015776632206782017,0.03644524732593779,0.08861705485981444,0.028371297198118196,0.009628661505759263,-0.029695912935216527,-0.04911979750207079,-0.04775476124513551,-0.01166469204764926,0.019626660393062635,-0.029716781920864837,-0.005267600649396042,-0.1087395868392111,-0.034554051004298245,-0.0625519044048434,-0.11837181852294361,-0.026441113833266455,-0.10385785131202141,-0.013469931801369342,-0.0694395786197653,-0.062160908533698565,0.010535055544831924,0.04413560236063734,0.03344278496062091,-0.0184035630655527,-0.05366512713890261,-0.02321923136179336,-0.024881765846556877,0.03084495501190417,2.0066246123724385e-10,0.014282065800846585,0.002652990943691462,0.0018209188265822646,0.01995634964067755,0.007497283459948128,0.01425118453651806,0.009786451884942707,-0.03775113164577001,0.015961211427121112,-0.042234584628287955,-0.0002763886390520138,0.0543563603677498,-0.001061419768422461,0.15635789185300003,-2.3120272069314785e-12,0.00043229901707266444,0.0007745568923395176,0.007433113883874641,1.0,-0.031440815444391715,2.559318316212481e-12,-0.0027249717010195103,-0.015919073426621477,6.57150312932655e-12,0.0012352113197455748,-0.0032519670036504447,0.00010703280749608875,-0.02869215765013202,9.81665025492336e-12,-0.00035704579149536324,-3.1303379122134424e-05,-0.04267993057089884,-0.0006991053780972986,0.03086284709207799,-0.0010741820026793254,0.002171066457719323,-0.0007407645389762127,-0.012782391810603963,-0.0009354618567839099,-0.07931134936232632
11930,-0.015995517463862286,0.0933011882478807,-0.02752465495676428,0.12542345740366423,0.021320283026960804,0.03154427642693063,0.07254469378766307,-0.09012655259068822,0.04589141666227993,0.04841718899913617,0.031858185189112716,-0.0974759133742727,0.09975533313646817,-0.08088068931715377,-0.0007703299638156768,0.11388017268402802,-0.06958019490431387,-0.028235074794619022,0.05312007755784402,-0.10352915091780111,-0.02280705048055947,-0.012072928959751374,0.01988837883089664,-0.03675303748618517,-0.025077962440200444,0.12660691304977692,0.15668739628055622,-0.09210222726714512,0.06637635273873496,0.019815165906530006,-0.11748259581581047,0.016705087866806075,-0.0030973175519097996,0.0896963675171342,-0.05313648211769064,0.06186896051411349,-0.11235156234342315,-0.008527083249510958,0.0423437688566432,0.06835863414953608,-0.08358679267386641,-0.10736339775923402,0.06075743729661237,-0.1427405628180198,-0.12085209985633301,-0.1360538415593917,-0.17335668548656324,0.08201051634614556,0.013124091309735221,-0.0640482342538722,-0.12167769283839117,-0.058970016099287766,-0.032137588012349616,0.001307891126621248,-0.04048852251579966,0.06142571718864544,0.14840162805548973,-0.06343446779588618,-0.12030145973251193,0.09565639674723374,-0.058293805079529006,-0.13074310658071264,0.0714647673304057,0.07717444137553531,0.0867513791215234,0.05831603138789044,-0.03642534074481529,0.08985548832431973,0.1684150051871723,-0.10290508964034403,-0.034520562666003556,0.07436086076384078,0.10714791309096607,0.1270338655507648,-0.061899514373573425,0.0004929927167241142,0.01730781890413046,-0.09775869187574061,-0.11559787708816084,0.07299398676755026,0.01111246726093105,0.09123071607021126,0.007955211021028082,0.0390215622584945,-0.00046313333403506617,-0.0462910241545205,-0.13391856464794985,0.007610924230941155,-0.0018098677782045788,-0.0645640066712433,0.11324813007846779,-0.053801760240907506,-0.12927120352709365,0.11581811134407062,0.01154462152365884,0.0959540197912491,-0.042920273995056824,-0.03609019076636582,-0.02319390382121493,-0.10743351946204036,-0.03315704097782378,0.03759399250484354,0.06779735883277474,-0.005197248015072629,-0.031440815444391715,1.0,0.03318974463383646,0.008455999967787892,0.1934839006281222,-0.025354893325753493,0.10059050382789139,-0.04636608386894569,0.05544084047250393,0.02194600525543728,0.030267178974587534,0.013199941851082425,0.042329877708894695,0.12237948483312318,-0.08183035045078227,-0.026887827683335253,0.06446774273146447,0.03166418495280896,-0.027168553965844434,0.12779568543462788,-0.02261324055647774,0.060493701173793275
11931,-0.008824352945323584,-0.0004330661057764593,-0.07744160030475353,-0.11476679221582185,0.05689729943688674,0.008311223329371354,0.061047968058021936,0.06502385733906443,-0.00709310559024032,-0.11480796581306661,0.021834886721397297,0.09814783202832977,-0.13248018637618905,0.05136121501991927,-0.01893987578651682,-0.013631154297406906,-0.02421353964010295,-0.0029109009001843135,-0.035202500644828355,-0.024891798426698215,0.01443387559616359,-0.026333475270491728,0.002635248406802436,0.01372959603723542,0.02229174309871281,-0.05133047411227001,-0.09648574060071242,0.13591270320219215,0.0021400286370553538,0.03446711051335707,0.09312690380219861,0.04809379691247992,0.029655795255786314,-0.1253458089781803,0.11972700942154087,-0.010776745586942535,-0.027849165917047367,0.0746908347364558,-0.1253917221383121,0.0062460786610074315,-0.0744126883133061,0.05164097833196676,-0.030742015406556057,0.08657755323844282,-0.013372847031657266,0.050158089685200795,0.10612018493652431,0.0017870773281822552,0.03766570272286965,-0.07952396872479692,0.10114573658704396,0.0529267932454588,-0.004799873581643185,0.057293605499801954,0.0369556682029106,-0.09731742139280351,-0.05950763992733392,-0.11850314748183814,0.022110981660561562,-0.02132522475027113,0.04280846513985877,0.06137760410057539,-0.03555904548436717,0.03231541141899362,-0.03369526624271579,-0.024847859089669425,0.09408765857069218,-0.02662477124422839,0.06060615991063663,-0.018584478055513463,0.01665863839840242,-0.10473341320527053,-0.08247380872614944,-0.029017561613161706,-0.008780604406563268,-0.03225676119196377,0.10446057060664482,0.21879412366779377,0.05666791987341022,0.03618370756368848,-0.0051461572938528155,-0.07154287947836652,0.03924767873294191,-0.037624304174900494,0.025300625586145636,1.703710052287142e-09,0.0019012742936355654,0.12449581373406457,0.019005280264215163,0.047893479569887744,0.07837975805968604,-0.020439038409463428,0.06377238251771632,0.06725699498628124,-0.07868518564529409,-0.03502687949372327,-0.0025918216344874997,0.011288933329499033,0.0039301677506659765,-0.07772472631660161,-5.189124273681896e-12,0.0008686903580637599,0.0015785534188275873,0.014936592187682493,2.559318316212481e-12,0.03318974463383646,1.0,0.0007906909126444721,-0.15373274173181667,-1.1553637663031446e-11,0.00263987595259614,0.00011350304175155759,0.00016084581945920273,-0.0006787527716962099,-2.0268533374886045e-11,0.0004909887780016586,-0.00029354583576876657,0.02372672521007163,0.0018559791350892362,0.07985301572207658,-0.010073085603475444,0.0041803711466324766,0.023047843505478883,-0.01465131499524731,0.00013939022266192062,-0.06281904761322463
11933,0.07439972054733257,0.021694590863967782,-0.015415671739525195,0.07712903858769343,-0.10283399824128982,0.015080131953294036,-0.027279740185359672,-0.051074828515284165,0.021932153883995744,0.08915106526772706,-0.004188751507047309,-0.02071347347170789,-0.03368101880919187,-0.028782699975291415,-0.009803390577035598,-0.003107312344171308,0.02435345787679007,0.021873414049215625,0.022136473042992308,0.00039145354067804584,0.02507328841656511,-0.09613169873509222,-0.007496412802769049,-0.006390822927339473,-0.04887192519451727,0.09681266253754779,0.019234774247122707,-0.03323648271014773,0.028032013474667345,-0.015133227633115786,-0.07064762575940854,-0.07024413323008812,-0.02503874223754003,0.08735828830184518,-0.023513675910364608,-0.013310915735513712,-0.0440193754800432,-0.057157558971662185,0.10187041972365282,-0.013724051345302087,0.03340716285673116,-0.020513768950718606,-0.01815953248852387,-0.05037469802521913,0.017326467726335937,-0.07510391296454522,-0.09165312712260124,0.006041785322118453,-0.036139329621408936,0.01898759982541998,0.032423840370050645,-0.039456852448593815,-0.01952330728963472,-0.07882116153616447,0.03154888075201764,0.09267666969135535,0.12181787895935899,-0.01898815423275282,0.023759267992292034,0.06947627751284051,-0.06638542178014444,0.009047459520469217,-0.019173217474633124,0.03524776801287919,0.032292074789161795,0.035591183823937306,-0.04208609990815149,0.013993724836832552,-0.04271521095782765,-0.01935305257718612,0.05610447527935291,-0.025769223260772106,0.04403376767721218,0.003391144187950691,0.006470469216990418,-0.0013717685619650418,-0.016822145534054474,-0.08726145616774668,-0.06275048791793078,0.04588815289829184,-0.003053828453656249,0.05417528626477593,-0.06773525138176756,-0.05634198787511859,-0.004311083666540039,-0.004192736834751013,-0.03941347112733349,-0.06362853141786629,-0.08808743515517606,-0.05385533646149979,-0.05736664033661147,0.034178481087123624,-0.11424569696164306,-0.06250638684655263,0.09703753689478314,0.044242724226386344,-0.0017361665560735938,-0.030571527508638823,-0.0038432747165545724,0.035751282713664144,0.001645939956983945,-0.006408961566028005,-0.00197451565882149,-0.0013707422614713163,-0.0027249717010195103,0.008455999967787892,0.0007906909126444721,1.0,-0.017320572980895246,-0.003657829721213539,-0.0021144010210290714,-0.0002359622835135582,0.006641361102351657,-0.004323994037927972,0.002623912837637563,-0.004566741603815906,0.0036992057847597543,0.05786660177857941,-0.0036637356046422503,-0.07061275384642297,0.004685082225751463,-0.00668217030597902,0.001052147965573376,0.06896470395591006,-0.011536298972429387,-0.04037207548220698
11934,0.21537677112914125,0.23647666991993585,0.2813190676343441,0.45904634671931616,-0.09003183217952744,-0.0037158899872592054,-0.2390307924035179,-0.43276109672072566,0.07678336889192162,0.5099405943809654,0.022541500649510837,-0.34648992604083606,0.21498244749335255,-0.08700136215221965,0.024720188490746167,0.20968013814295366,0.07919933366106012,0.04690114700853828,0.07367469478451051,0.1146627747423359,-0.020397274026733175,-0.1506472951587427,-0.07293539563354536,-0.05742080717201703,-0.19459722272417837,0.5008522735064155,0.4973878985289722,-0.274628191062212,0.038301139495439084,-0.1110754672481629,-0.5968592265870272,-0.3948830647154745,-0.2447563958571522,0.6038138054376547,-0.3838023816235718,0.030582421591157285,0.016264793785643165,-0.3928091077397788,0.5074455508351329,-0.062295140505300155,0.2933420809750587,-0.26408566186400323,0.038783415683152044,-0.35308581057418864,0.02094879767634851,-0.16817510985795447,-0.46298840515401957,-0.04247133234533608,-0.2907313245501027,0.08563696490856781,-0.3987278836703723,-0.03541807095375878,0.10102781117623846,-0.46164362350439214,-0.052527147055183694,0.5387442832443381,0.16794963704144775,0.45687009077928653,-0.2768593009504534,0.10766156333064648,-0.18731815136582053,-0.15754047113654698,0.0827676416532257,-0.008827956120270918,0.305175036243366,0.10863799184859395,-0.4538856783152285,0.12628787450343865,0.09741441919070158,-0.3344893011851875,0.025425174356121114,0.34402863007564477,0.4513191356964836,0.18083777934602088,-0.016070820963881283,0.030039672911840353,-0.43011415185383056,-0.6517547845862918,-0.36412135019057246,0.07245636679342396,-0.2499830683921213,0.39295493055424013,-0.20414586946472774,0.14734662344696567,-0.08554910509616553,0.04281637157107868,-0.23430613463886973,-0.49577141924410023,-0.4383624459810026,-0.09838946605863669,-0.32137649233136617,0.15269184946739375,-0.04502380579240751,0.045589566261393794,0.36695490574760603,0.28090895850883124,0.06671162677478462,-0.08741834202287285,-0.07175168727500303,0.06502393117530081,0.05895961422101112,0.032816976909357046,0.07552618240603326,-0.10422765481657888,-0.015919073426621477,0.1934839006281222,-0.15373274173181667,-0.017320572980895246,1.0,-0.07276732484302618,0.03559865478159581,0.0034951113736167356,0.05277084784687789,0.17747323228695852,0.1400193141010384,-0.012776085067773198,0.07758222296600278,0.1544387833217738,-0.05621186250957613,-0.2888379902818321,0.04667837836026508,0.04112938799273622,-0.0003737218381876369,0.5000241934623175,0.02307231282503675,0.18271137616138497
11935,0.09377525688051008,-0.03276075209276114,-0.0025293747658026453,0.0038611242525052143,0.052157936801337575,-0.000928655720197643,-0.066316093472399,0.03674071692242443,0.012173962807643617,0.03282527269907401,-0.037869124945077985,-0.10632941917515645,-0.07289852866111365,0.005544296391593419,-0.012225839914832861,0.006942843027291292,0.028338932655670803,0.008849951697526148,0.017850522231517747,0.058434289927921414,-0.026032144490224018,0.08309308098227389,-0.09811111508941239,-9.081781311872136e-05,0.007120628926404186,-0.00911404649212627,0.012065645182343427,0.041955163542657936,0.04771016433697376,-0.040065920512947356,0.06357137223053552,-0.0513071740448015,-0.09805585429399703,-0.034818130186721814,0.013741527327779715,0.02586211217495214,0.041219920083865505,-0.02836643219534485,-0.0768747011098437,-0.016361330309387443,0.011876713878166,-0.008171693236161378,0.008047508669118185,0.020183377505447297,-0.0025249101106805294,-0.021301256786527542,0.09825992648947324,0.002529812056187182,-0.01056587293403898,-0.06765679582799118,0.035196988234594696,0.10006937099999966,-0.01750315532115111,-0.019841829962095214,0.04760376862363059,0.027966025716543295,-0.013181262106760594,0.010358746511147224,0.06801049146036778,-0.04603063509370987,-0.024974230421462514,0.05041307212495167,-0.06478025420808659,-0.03258443086179982,0.011101575358945938,0.010516352459886288,-0.05415733909383514,-0.02655986820904685,0.04451134661246673,0.05387899776235842,0.03310026902165712,-0.0836857504698473,-0.046354442498910825,-0.031117329323773674,-0.004765613806808722,-0.08022910358993582,0.008359344608175655,0.06451361552993362,0.007464788440498413,0.10776682994439614,0.039038215711173545,-0.031272187553894416,-0.1458262096044162,0.016491558996076065,0.16624098736244122,4.662669251334426e-11,0.031096001185278013,-0.012102826984841783,-0.02722758018113824,0.12725856044536538,-0.03546810037580325,-0.00859164481844062,-0.020711302483654055,0.07476172606220018,0.033960130010524045,-0.012099403348811372,-0.0019670938377040373,0.047389740655013425,0.00477256780830313,0.16172291496106456,2.721714007855138e-12,9.881301196110022e-06,0.0012627610849212177,0.00016990264965220338,6.57150312932655e-12,-0.025354893325753493,-1.1553637663031446e-11,-0.003657829721213539,-0.07276732484302618,1.0,0.002484711297697991,0.002261998052632856,0.0001985962689457315,0.03353006241090586,9.636262081852288e-12,-0.0005287850526504394,-0.00022279009230579558,0.162721130500793,-0.0018360956140128027,-0.040644935180055165,-0.0076450877619806,-0.00627443134180091,0.004570321072184535,-0.059678412909165014,0.00037546001463504604,-0.07069141814823818
11936,0.06350699648037701,0.021589618184042814,-0.03881685274154534,0.09604778945360595,-0.06326830332291461,-0.011029035905600325,-0.01260068548153958,-0.02341882205701279,-0.0030988733312229642,0.09935689394321287,0.022338492090015708,-0.14723234528986065,-0.004867781736976888,-0.01894835369350132,-0.055634567515620834,0.0019534752956929273,0.02526024209086647,-0.0026688865600654975,-0.006399509795470129,-0.021481274524812115,-0.028111436076464456,0.003208413444880351,-0.07218287986943503,9.82587527682346e-06,0.006768050886501504,0.013914391852668729,0.06351544382756288,0.06377783335659848,0.012528387825688854,-0.04964623887825007,-0.008417365120397823,-0.043821579837608815,-0.0881597725863692,0.02868516784760247,0.022148248697805458,0.010486691065489414,0.011595282029602163,-0.017559000680032237,0.0420640659763225,-0.004653093858111722,-0.04495013262537351,-0.028420770892420108,0.011939494320277402,-0.14140082295369844,0.01656937319117577,0.008229105128890534,-0.03434297126699874,-2.3261233836012158e-05,-0.00036728594452481396,-0.13106538816266222,0.0005389216546296923,-0.027091028342480696,-0.01376199238737543,0.013105658862875028,-0.021325725717078133,0.06832518979779578,0.06731363843510979,-0.015351966135101187,0.015671168586871658,-0.01148633717486612,-0.058212178692884795,-0.07626659951911263,-0.024383032894691372,-0.004473262579017112,0.08095303656874735,0.03893274606189268,-0.015658183334729125,-0.0009610641588056892,-0.04557461810436073,-0.05178564124159499,0.018203591538615418,-0.001137943297195111,-0.021148374364188975,-0.012696612185422392,0.0019743941601955035,-0.12849490287022078,0.05364812259526909,-0.06542700417989147,-0.08642049851028334,0.14506058405232117,-0.026154900431701805,0.0012325603228607153,0.050893559577722965,-0.09088006641082223,-0.042555489725649244,5.9067667615434746e-05,0.026711673928967592,0.01646473478117954,0.01665916366263816,-0.05152981138421111,-0.004461024587151581,0.003823950098866074,0.10027736980982882,0.026907219177068523,-0.03617792008726775,-0.07928583842633682,0.0022853227137247106,0.016446634217668017,-0.008640980976426706,-0.015514171630686005,0.0009723191213241253,-0.0007729313263943866,-0.002850627622605629,0.009613228253889727,0.0012352113197455748,0.10059050382789139,0.00263987595259614,-0.0021144010210290714,0.03559865478159581,0.002484711297697991,1.0,-0.005474791154288641,-0.00257701210217537,-0.024227765291088145,0.002568526350696324,-0.002255978938952535,0.0007477812096401728,0.09460834107882472,-0.0069254261384934035,0.016694676930846773,0.007018847510142686,-0.0027273062326781746,-0.018130482659748287,-0.06666465365079578,-0.0013520534823855122,-0.07060475117567594
11970,-0.05278897403591305,0.01073194188580348,0.04237092505451765,-0.08856517582517574,0.07557258820721194,-0.0009360259206445284,-0.06869616590332818,-0.01821458563320235,0.019178654574256923,0.014550262879040607,-0.007568906786183961,0.06030687895482522,-0.038562746340100096,0.008232486489751032,-0.010661698664486121,-0.021798080652473198,0.018519614338955735,0.015905193510438044,-0.01307246950830853,-0.029623718667874423,-0.04677579744697999,-0.11545466084917615,0.019362551911476643,-0.007930008648817183,-0.002386187500784764,0.023287507239650344,0.020887053725243826,-0.05730283282661955,0.008860898286379724,0.01204336207899782,-0.024710284254382882,0.02065530605023979,0.04137067244704485,-0.06487261573887779,-0.03378240177807855,-0.0269655067273538,-0.03896924819890861,-0.008825579272646631,-0.09780289350227471,0.013745949013530323,0.02797885528682235,-0.032010227529887844,-0.05585683900216787,0.07089748523681033,0.013375581726544558,-0.013154639857048208,-0.0724264105029399,-0.008078171870622123,0.0004725154691836542,0.09065736804306389,-0.008964630211756933,0.027895679486044492,0.03562256434491463,0.028341893721018634,0.026222162726162908,-0.013719265933403469,0.025834990492528118,0.033949674448128395,-0.014963384852999775,0.07264797022564565,0.02703773291158979,-0.03746865206873058,0.013625789344579878,-0.07149174609316218,-0.038651008638179545,0.016861158480968884,-0.010214989255833036,0.025861815272626112,0.05305445868954694,-0.004259773454198993,0.01905709228566062,0.010765343764607705,0.07688174529005262,-0.06705231689871409,9.184905157685635e-05,0.06676581916649206,-0.02189775926975368,-0.08133510184348534,-0.017275152437998608,-0.0475498923435323,-0.032690180320635275,0.015808067268847634,-0.008764188878631354,-0.011173132658006655,-0.044027590894602175,0.009679119350972163,-0.06765309259662884,-0.08725196067950891,0.031654474495723624,-0.11834344977968186,-0.007899072938512199,0.022079495266476554,0.1307656892055632,-0.015462557145156758,0.0031130381856875862,0.10147338759139835,0.00555433663516676,-0.10693831801684459,-0.0037647130129964805,-0.09106653285110368,-0.0004094815187670548,0.006838960943517548,0.002149675806860192,-0.007808474341987797,-0.0032519670036504447,-0.04636608386894569,0.00011350304175155759,-0.0002359622835135582,0.0034951113736167356,0.002261998052632856,-0.005474791154288641,1.0,0.0030027924700073176,0.016022604751332128,0.0039136199043415636,-0.003759284268419553,-0.004925561167276375,-0.028893879647785788,0.009581963349604466,0.051957461477670885,0.006347291451235153,0.000337565309995401,-0.019461405016549194,-0.0068102739027226375,0.004767992235034866,0.026712477500630542
11971,-0.06327647241924622,0.12663853763898988,-0.0749123556404998,-0.043508627551848915,-0.07291341454387724,-0.0016981098085283252,0.08259824395618318,0.01358308182162279,-0.013337748107798959,-0.03574553962353055,-0.0141048504107158,-0.017040189310558528,-0.03462498776245972,0.018004796466492043,-0.05299540388518261,-0.040324138316152294,-0.03811696916245702,0.015605241562129583,-0.030991704961866432,-0.007831143768820102,0.05148260856041387,-0.07533154503225953,0.056378453642787194,-0.00893261205619087,-0.021331712032032914,0.05510180486710417,0.015378979680868765,-0.00799182297440225,0.0031644017722542647,-0.001447825856215335,0.022908166010880443,0.08607316557691819,0.05757736232132519,0.032745144550551,0.03180607963690911,-0.02016009522330628,-0.018726699304251845,-0.04653334452506986,0.010924551382183659,0.03154762087692685,-0.09143295798939939,0.005967764518435075,0.17082654502361713,-0.022872233577183092,-0.005932166296550999,0.08500357849168268,0.014363993092967944,-0.0008287812224215183,0.02632180123700324,0.004709745944318705,0.006487553476204415,0.00349399128092438,0.0019601008706864433,0.09577410066416754,-0.04994039549399482,-0.118605914796281,0.012382847976825626,-0.09008995019352298,-0.029024644423936062,0.03647470805491735,0.023593399432128646,0.016399776813734647,0.07817828234523877,-0.0826561690275743,-0.10803980207102726,0.01194471177136544,0.11423947552238192,0.0009035909749486761,0.11136401090209232,0.01500660621761877,0.06382219845998467,0.10688388714558889,0.09041925975089765,0.03848554802517183,0.005221485351280281,0.009061490732529872,0.12400729166648812,0.0505501767437316,0.1500212966780251,-0.013683151771420756,0.0003602824057934045,-0.09356061453023899,-0.02003174038530882,-0.09160889352317443,0.005259406030775735,2.0065408691502832e-05,0.008992920833961165,0.03894561975415959,0.05450954530304819,-0.06719344061140975,0.09664356058322177,0.0025983224326353,-0.030570960497895743,0.16300428456470162,-0.06966526610880784,-0.055074040575667095,-0.00014524174943379868,-0.055175990995449314,-0.010565470772820005,-0.14185539816256573,9.136626057932421e-05,-0.0002514403824071821,-0.0002137299838756065,-0.0029447522218058546,0.00010703280749608875,0.05544084047250393,0.00016084581945920273,0.006641361102351657,0.05277084784687789,0.0001985962689457315,-0.00257701210217537,0.0030027924700073176,1.0,0.006747179899037574,0.00018898655196562868,-2.025825997781449e-05,-1.2734836874240035e-06,0.06259520799454873,0.005035765474492745,0.03295585584934698,-0.0007520532330500682,0.0053891962740076765,-0.046666662128738184,-0.08930757737015564,-0.00026930434966676944,0.06034152249203543
11973,0.19629081787979155,0.06810323495871194,0.12735842560647584,0.20629062583876764,-0.0323577296027445,0.044182415661402345,-0.1343105915058911,-0.14471397004095346,0.07869611810793085,0.22745209836222668,-0.04256088697452509,-0.19744705100525048,-0.045170040587031966,-0.10987224951065623,0.05835167973452133,0.02762566382356245,-0.017428019068374583,0.015644078395254914,0.01611436911744237,0.038336063490792535,-0.06793409330258156,-0.11015999894581736,-0.043184428011725666,-0.06155755638445721,-0.09989931721774031,0.25111038054087986,0.31739274631503334,-0.10385968346185302,0.005865613031617973,-0.11035145507044412,-0.16719195005714152,-0.2175605739248727,-0.16568188236650772,0.11747629376362001,-0.18298494407725896,-0.028586940034193906,-0.04690780555058467,-0.1635716199582462,0.16615921638538947,-0.0955630443923049,0.1209683396247177,-0.14460464943280846,0.09129430523960548,-0.13095346742204578,0.03364593180289994,-0.11075437167380277,-0.0984168044100333,-0.08873580935454553,-0.16815349099514748,0.015319853130998663,-0.009367339218371098,0.07917879490110673,0.019631060512498393,-0.2891088352564338,-0.015128862912805668,0.215130537964295,0.015295558814961608,0.10514552461614751,-0.09898807722589266,-0.08807930412145488,0.022991561978072513,-0.00823428052972379,-0.132339815850763,-0.06785317558932516,0.2131596435896148,-0.037628597213391006,-0.253812612247317,0.04613485970167745,0.10343680323588202,-0.20381502335939836,0.04912146109741553,-0.005696587967215988,0.21231915700698595,0.04005248570376219,0.04310391410361596,-0.03727821623247848,-0.22695384667695048,-0.19575317508864665,-0.13348202339422288,0.027743284826558245,-0.04472594457859964,0.19859338622978445,-0.13130719572831284,0.08312762907565581,0.01960845977108902,0.0742829085815134,-0.061373777144871106,-0.12984025376738006,-0.23792180375643734,0.055892554697246855,-0.16468900995904356,-0.016556730762951378,0.03470080936580737,0.08595959721285608,0.12918736900292002,-0.029225242021105567,0.02599057749326181,-0.04370595638490501,-0.04069541153171064,0.15800954507650125,-0.02204911149856318,0.053983337715921856,0.008805493697489944,-0.07696266918783175,-0.02869215765013202,0.02194600525543728,-0.0006787527716962099,-0.004323994037927972,0.17747323228695852,0.03353006241090586,-0.024227765291088145,0.016022604751332128,0.006747179899037574,1.0,0.037203935659159054,-0.037500577234043174,-0.028217577076785436,0.13859115038207306,0.007448003233815925,-0.13848259677767913,-0.013676140986630496,-0.05458858952512932,-0.033084483654853045,0.22586188896173476,0.011095665068889992,-0.0258257762524734
12246,0.08746820430996999,-0.03468975595355616,-0.021427469344512357,0.14512203235147014,-0.08911885283400227,-0.003554400815936001,-0.03864587252594267,-0.02282129911563533,-0.008914224963447872,0.11972524459744989,-0.005142925473741145,-0.14581334661316717,0.12448652129001632,-0.025650736550340916,-0.0065890050658489905,0.03326635292671023,-0.03267350051214915,0.003812585735788152,-0.01095698189955186,0.04449272917405628,-0.012379541244370245,0.01992521961639373,-0.01977002815577431,-0.00931758956304708,-0.0357920116681157,0.13876071411866103,0.1909845457937737,0.044083591132198244,0.03166163843991917,-0.03849675492349905,-0.01206339729232818,-0.09892421938080452,-0.08997782251993218,0.07384830470406585,0.015219176265734432,0.01703774891052279,-0.017953627733271013,-0.0856318479254857,0.05261747228051311,-0.02786857059489217,-0.03182185465972168,0.03049024344276176,0.2017582349804372,-0.20881040391304345,-0.0018976745187937205,0.008870800803257944,0.028250648048880042,0.001938363990966906,-0.05329982780656864,-0.11038204303928648,0.026606345197173538,0.07898689148962908,-0.03317308578508373,-0.07503556259155333,0.03214053474600171,-0.017827578616700306,-0.004261983887401931,0.004128039703256863,-0.011305240976648144,-0.008402403368273947,-0.05252773268527119,0.07851653540549991,-0.09943012295595419,-0.1771206093652027,0.1805408307086424,-0.00818262065115375,-0.04906610194726491,-0.028272324366449785,0.0729285091701801,-0.12607979526771637,-0.015285836801574684,0.02290931845839951,0.06783329256879408,0.043910538542635685,-0.0006978519885664012,-0.07344593625745541,-0.023701623291117312,-0.005272283101933425,-0.03852145825920833,0.164473942141687,-0.05980708977555034,0.015722938632372802,-0.04851166743065806,0.03707630563357536,0.025949837997064754,1.7187319484354226e-10,-0.0014717441277007984,0.02693141531890428,-0.02224634550584518,0.11646958073452175,-0.031116176836319488,-0.0020139207309612583,0.01917063601978501,0.08375215791451111,-0.03127700248922138,-0.1573502952975907,-0.0027852261255807654,0.03994189110814564,-0.0005732627669116035,-0.01638379208928661,-1.7999248206758922e-12,-0.0007370538566019541,0.002138828872275355,-0.012673184905834398,9.81665025492336e-12,0.030267178974587534,-2.0268533374886045e-11,0.002623912837637563,0.1400193141010384,9.636262081852288e-12,0.002568526350696324,0.0039136199043415636,0.00018898655196562868,0.037203935659159054,1.0,-0.0005413524060720795,-0.0003154505114850436,0.10881349622273127,-0.00453114016844172,-0.03607229568027888,-0.010824749059379362,-0.008499696067876001,0.010640304985602476,-0.019531197807577443,6.227702975618656e-05,-0.050800819741537266
12267,-0.07066752955868812,0.025032450930711506,0.05421499357321257,-0.00457696667213435,-0.003488779257970563,-0.004006071814272314,-0.017610881542682713,0.01655868726492238,0.012912260480953211,-0.0040082502542993295,-0.016409851029470738,-0.021297770928278774,0.0030174629176445227,0.020051715523415094,-0.04009320131839716,0.00844239515588134,0.06013821641050357,-0.029223876379432,0.009338976919676889,-0.062009112632626116,-0.032210979422735306,-0.04941210889047459,-0.021383405420092073,0.012638430023140282,0.06434135985036597,-0.016482496930478985,-0.024951054628330412,-0.03277244564937086,0.03422306382384834,0.01119113091179104,0.012355044745412101,0.01421225153915529,-0.008865289886815385,-0.08062244107333615,0.07190083837330519,-0.013503495130762138,0.04607523955206604,0.042827387643301344,-0.03970911849844499,0.011824485100764752,0.0010917281299903004,-0.017480900599147843,0.008690197639751497,-0.011159895092738088,0.0022745028163925875,-0.02726858079931397,0.005682372724589238,-0.001668173742555208,0.02966110727341315,-0.010469133533606258,0.04343578102272267,0.07872739339548432,0.016518816528884716,0.038135221809248054,-0.02136924951040532,-0.006473793555820988,0.0575206581085197,0.04614551304222135,-0.0551895484165615,0.15462897476745982,-0.037738264538193345,-0.06476843883153403,0.0012088322059625994,0.03750778027579232,-0.006093504506800473,0.020899091269973993,0.039498670140316286,0.0018627918337127886,-0.014248010206596832,0.01652542967442225,-0.06322035249530064,-0.0035611461333028677,0.01773914710193566,-0.04340607807761555,-0.004732220585180408,-0.027093677073877463,-0.010353527453375744,-0.0631170084533295,-0.027583758688797297,0.08051093333374465,-0.007447444605937803,-0.031997634653567635,-0.04251617428945425,0.027851046675161282,-0.1095143328793271,-0.0004353849626977777,0.035621526535098244,0.012469733918700241,0.011564124084434009,-0.07702301513358518,-0.03454530189219266,0.05044100166999665,0.044863458886742306,-0.031949350518128826,-0.01642928743340003,0.07125563644148841,0.0006613554014697179,0.035103458451240736,-0.0006012848402387575,0.035345063667357235,-0.00013748035708931625,0.0006705568311024357,-0.0014293352366189815,0.014359228561925492,-0.00035704579149536324,0.013199941851082425,0.0004909887780016586,-0.004566741603815906,-0.012776085067773198,-0.0005287850526504394,-0.002255978938952535,-0.003759284268419553,-2.025825997781449e-05,-0.037500577234043174,-0.0005413524060720795,1.0,-0.0005051790013776884,-0.015549632976099334,0.0016387843663583012,0.02750606913605821,0.002885673193886372,0.0009604399000574031,0.01357835383909159,-0.048963105745072975,-0.001003497109329473,-0.009260756613511669
12284,0.14380854169681878,0.02500594790804724,-0.04343861687938534,0.028782557129862125,-0.09719966644354597,0.0030601840016559263,-0.013714072960847761,-0.05775817318157831,-0.0018080473289436695,0.08974621084931149,-0.028800670878775317,-0.12449381857271123,0.0313253878642776,-0.03590403552045324,0.01358104548778777,0.04372538731894258,0.0875894260360213,-0.023177803376728465,0.06284179510618212,0.0771357212120639,0.015285422232016243,0.001411008588375061,0.008628563220780585,-0.016094461079792864,-0.0736588246369052,0.003000520389737801,0.09725486164595827,-0.008414363797276649,0.0018284112354228224,-0.04291533312407517,-0.10743994355700646,-0.04973869738816641,-0.19226961216816477,0.07493712208436751,0.06496277736045393,0.015638292604956153,0.04355872461344666,-0.1523368136087247,0.07427107196522836,-0.009881890407063918,0.042146336523693456,-9.329270865103561e-05,0.034554053231715655,-0.08375685592498526,0.01048352665814352,0.08200724037200634,-0.031833156313789,-0.0065809656589118646,-0.05483655166658244,-0.09117317389612362,0.05569816063861199,0.09481370814902614,0.004195184709020644,-0.0993584829298653,0.011958982897850575,0.04011790338520994,-0.04506663171876864,0.09341597793220892,-0.00903010078211066,-0.06477611132434347,-0.025773173272815135,0.015290022912758102,-0.12524676715229865,-0.06322367075483847,0.07818872817683485,0.006398458791700833,-0.11964009095900606,0.00341276522419963,-0.056246347486113124,-0.1033515773350253,-0.005161096812310949,-0.0314098218133241,0.025504430068682294,0.06106836082263304,0.009547002003437884,-0.0670727235194142,-0.05432020435295592,-0.045103524075843275,-0.09027909638784451,0.08926473929259823,-0.04286564260475073,-0.10074726713135705,-0.05705941761762708,-0.005032398323928549,0.06087668204161326,0.00013950535051081484,0.055436258842360475,-0.05508842275112429,-0.09332662970323313,0.04391091566765338,-0.022888490775155635,-0.013932711028137175,0.006194928477659293,0.04028943316395906,0.12711157619504268,-0.029239654794435715,0.00046908058392690116,0.03161664068596054,-0.007101289279798657,0.1203472417509246,-1.817280051229495e-06,-0.0012264577422093942,0.0004407053636461261,-0.021989565696942458,-3.1303379122134424e-05,0.042329877708894695,-0.00029354583576876657,0.0036992057847597543,0.07758222296600278,-0.00022279009230579558,0.0007477812096401728,-0.004925561167276375,-1.2734836874240035e-06,-0.028217577076785436,-0.0003154505114850436,-0.0005051790013776884,1.0,0.14995436311966298,-0.0020256230776322494,-0.059869953949799055,0.0018601556150757207,-0.007899754022113355,0.009640765226311519,0.1038048238030193,-0.00447108150852434,-0.07159544323064577
12286,0.510884394855704,0.33613455598354464,-0.025407975459780192,0.018150077025295693,-0.12043567670109392,0.04123837442846595,-0.18916259620030093,-0.21320320950484667,0.13079654855637451,0.35426959518346146,-0.1473194916380282,-0.3287084899262712,-0.36525177738790954,-0.05859246774096727,0.04735161431370292,-0.061469538830739134,0.01941377163107899,-0.04151098939647496,0.1793589912927346,-0.056878160860422515,0.02329869999073771,-0.3615542509512901,0.055166323661211734,0.008563081537782907,-0.30662352611161775,0.4069454124628445,0.3435185008059487,-0.21080038369166942,0.26569749477701343,-0.05250380102228031,-0.3549968908105982,-0.3389794826465273,-0.5316756280040315,0.17512716094189298,-0.13633124396922644,-0.056322555429002,-0.06263038794586731,-0.46087728586469645,0.09296462060015187,-0.07668491875147981,0.14628325375509746,-0.14095401640555114,0.33589145859908554,-0.1336982074319085,0.0834449556102856,0.06707084231439014,-0.18285965929998205,0.08971418522178264,-0.381548707363166,-0.2526310293716153,0.12632953471952746,0.4603617701139148,0.1361677735803649,-0.4586440353567677,0.09572657053309665,0.2942822984875235,0.1254339783753831,0.045640293205450745,-0.1517224980324591,-0.22973720329210903,-0.07496085235247574,0.2518671220844293,-0.39690456973157456,-0.02429216137228081,0.38507767450738406,0.16616540025461635,-0.3624553089857782,0.1739084686130678,0.38910081144691727,-0.3333315239814813,0.13210987221213136,-0.1015008909938208,0.5605744497794656,-0.03249496977386524,0.039139408107084134,0.007869654570627091,-0.12653113219491863,-0.26478241882086395,-0.2698925457242948,0.2823519600027881,-0.27513799546982676,-0.10275549051261773,-0.2770634236995494,0.08335422405560299,0.2890322971255028,0.04126925692403416,-0.011121468896626874,-0.3287056487390547,-0.581493230416342,-0.00998046124327775,-0.14032430385833103,-0.053720271409522645,0.10129839356843214,0.5801750343739368,0.4428211258743338,0.03258354094670515,0.005113106311591436,-0.1791653910433822,-0.1330491856419473,0.3943580888005653,0.06643117044579616,0.02041931595210177,0.0886431867268349,0.0543685071951074,-0.04267993057089884,0.12237948483312318,0.02372672521007163,0.05786660177857941,0.1544387833217738,0.162721130500793,0.09460834107882472,-0.028893879647785788,0.06259520799454873,0.13859115038207306,0.10881349622273127,-0.015549632976099334,0.14995436311966298,1.0,-0.01930833334456293,-0.17004140417455316,-0.034975413866603494,-0.042915016916373075,0.010441764819119346,0.2169064093568967,-0.09575000312258691,-0.19751145856035224
12290,-0.07492785903474433,0.002824627332959275,0.056588940485720676,-0.16989109371845426,-0.08111822427491928,0.00011950327165350962,0.0069594916115984645,0.020823555001976378,-0.02062790007183881,-0.07660444730639271,0.03316124753871947,0.17565385763251,-0.19117677047562137,0.002930414708988078,0.09782534411247026,-0.05791071967487193,-0.062333731793496217,0.009888332594170293,-0.033877877582040056,-0.017459454661984626,0.033051577216662534,-0.05520114491081166,0.15719917414442905,0.00517324537613825,0.040000738021532915,-0.10047345515749886,-0.07854015319516836,-0.09096368964920541,-0.10780199517764852,0.048449174592631074,-0.006499603416525129,-0.00831066002730143,0.08216412036572808,0.028272309822278963,-0.11736577396737255,-0.021085552970192278,-0.024330487168954088,0.01040039747109437,-0.02149607557855746,0.007623452290042905,0.10003323973590976,-0.05375427312346342,-0.16818822507188144,0.24229577947558217,-0.0006541711735527858,0.00046734481319143055,-0.12518592331459463,0.003105383837115669,-0.019662276493261265,0.17139181722211214,0.1311726667459748,-0.14323189275919213,0.042334502477566635,-0.035193741767378627,-0.10639789783666462,0.039399434019956436,-0.08765102435859498,-0.008976454256070602,-0.05337935764658169,0.06568646619773792,0.040165452372416866,0.035361648534119154,0.09978879488654352,0.09320312862143731,-0.14757963879067168,-0.011087792607099783,0.056081047314312606,0.026704167339475823,-0.01964439260586866,0.028051530688101237,0.023484342588637845,-0.053262438262989986,0.06880039219680749,-0.015119407540950149,0.010619940725952395,0.13245942039347663,-0.007876873396380641,-0.0043547004637350985,-0.02328258726413678,-0.15643219793801572,0.015748461124597653,0.024355390677068434,0.10756265924060748,0.02251258009537752,0.06477009160185744,0.00017401679047573926,-0.03410872654799546,-0.09403596916771913,-0.08977055297058162,-0.0964511324536006,-0.027485848967491153,0.021588318029488456,0.009449521639177694,-0.06761554010801438,-0.07845938605607411,0.16420590475426866,-0.00047170318857051735,-0.12888491116107306,-0.004445518422636009,0.01567052418604267,0.003163032274418968,-0.005442708989060575,-0.003906072112929815,0.008435509988975147,-0.0006991053780972986,-0.08183035045078227,0.0018559791350892362,-0.0036637356046422503,-0.05621186250957613,-0.0018360956140128027,-0.0069254261384934035,0.009581963349604466,0.005035765474492745,0.007448003233815925,-0.00453114016844172,0.0016387843663583012,-0.0020256230776322494,-0.01930833334456293,1.0,0.02849665171044576,0.011129331156032516,0.005000852356134359,-0.031469200956775994,-0.007038243031532753,-0.007667647721574942,0.10374760442350699
12316,-0.1576626197075259,-0.09332432515346642,-0.14488436302548732,-0.2797022576476376,0.02111435991097598,-0.025183103023695235,0.10833886757161705,0.22307263969877833,-0.008675727178837125,-0.2659560039267428,0.04509526492479744,0.1924032804993748,-0.1290086364970479,0.10738408696316676,-0.0884475512154365,-0.0750896802820118,-0.08596049700355009,-0.017742840793454624,-0.09563184066836763,-0.07048664583670498,0.07141847877131306,0.051179537495004535,0.10501345337258723,0.023314066258851986,0.13045635081678128,-0.26306547758420945,-0.24930613313259312,0.09309819086282331,-0.015353715600940216,0.06536049824703667,0.3077879133250116,0.17021731483197922,0.2103427308217018,-0.2654345404273618,0.14575578902944875,-0.018563641797769193,-0.018065082930985122,0.17687295011536863,-0.3043587308128126,0.1094582173655444,-0.19242292989166196,0.15618396667682272,0.05072525621075849,0.158510973790101,-0.03270551188751724,0.22023129373674813,0.18109012738398828,0.0049168938625502034,0.13249585900283475,-0.04971410359804078,0.2896463407013618,0.0290784944245693,-0.018715325123033446,0.2908205261066489,-0.07083248734598012,-0.31772768159226966,-0.08272677075392974,-0.20110558072858617,0.17090968367470583,0.06205851620649099,0.038468712963341756,0.08733733524731718,0.019098086991302155,-0.006847168380727627,-0.14452879605833643,-0.060930464046099114,0.24949114688170707,-0.11630716594817456,-0.0475692664420784,0.127692829436063,-0.022291158355879567,-0.09878277544807794,-0.14094376554325852,-0.033806893955110454,0.041476538691931956,0.11973222016070804,0.2270524162840396,0.2989713085657704,0.11771712603908374,-0.020461635121522815,0.05741566359189707,-0.2632214699120426,0.07817443528186226,-0.08858277728438631,0.029120305524778706,-0.04905444132469445,0.09716088639530412,0.20006858950688627,0.24416279568772134,0.021856999578218465,0.04976059482948436,0.00032511819303460116,0.20241209289693146,0.10745647255981447,-0.2580070614091905,-0.17906099646744972,-0.007793447644080358,0.006408740905062811,0.04168364805425185,-0.08875396312058631,-0.06029159965777494,-0.016876273016411446,0.009919159966474128,0.05345702182835764,0.03086284709207799,-0.026887827683335253,0.07985301572207658,-0.07061275384642297,-0.2888379902818321,-0.040644935180055165,0.016694676930846773,0.051957461477670885,0.03295585584934698,-0.13848259677767913,-0.03607229568027888,0.02750606913605821,-0.059869953949799055,-0.17004140417455316,0.02849665171044576,1.0,-0.0068956341910019064,-0.025172321773113685,-0.1104516513559374,-0.34051532376485705,0.027563533285214895,-0.10780105137114511
12346,0.0389483233821822,0.08127667899499035,0.021356119784894496,0.009929299432740804,-0.04440810534553188,0.006189508346793943,0.014951390430630988,0.001293145166596215,-0.014745144691227804,0.052009303166829744,0.027160712547988505,-0.06542707205972997,0.05254112984531004,0.012043558373636258,0.017624385237685527,-0.0068015782729990365,0.09498087007305203,-0.013194151597586709,0.0011483949426065062,-0.031170478034879864,0.01709728539480328,-0.047272938880304136,0.00501228563660644,0.017707479238162602,0.04214946307322647,0.0814309936275805,0.02676589111291647,0.0506218026677059,-0.009835983022867981,-0.04412939104339031,0.025456552268699598,0.034969728831307396,-0.05156509086133237,0.12385013235369763,0.000985785467398464,4.191462504571214e-05,-0.03023968403744616,-0.04920972416153836,-0.0005618186695397271,-0.01923832636448255,-0.02687357055472656,0.04390979468808452,0.013428767514873928,-0.0676751418343385,0.004469995636955841,0.05398502959692352,-0.016141583704872557,0.00584761360381551,0.03943415214220992,-0.050717203495559374,0.00019434166512594933,-0.07165289645165263,0.005519582778405475,0.17363245383881576,0.03859022555587852,0.04578516457704813,-0.013516025727668713,-0.06351283549642985,0.04710949651134357,0.04947358331270632,0.001691203751144814,0.01970172593745473,-0.0041653666719772215,-0.13681937738805908,-0.023784659820354614,0.03340034865420075,0.0004720093037897017,0.01233963485148015,-0.0010100956033651353,-0.04899372237729556,-0.04735790005387339,0.06818571430299958,-0.032012789496525806,0.017336507195242733,-0.0015396396587872036,0.0010906441332334705,-0.026878142058487046,-0.02819242384681395,0.009927200262282476,0.07882646488980061,-0.022198002219948935,-0.03762728854885942,-0.10270759197704112,-0.03582625424152193,-0.004783078048970699,0.004787194350041666,0.0013746347082341066,0.0042903316001138905,0.002770207616182149,-0.024013686201489127,-0.010144583286271243,0.014998979531257587,0.040204187699547804,0.006012938106057279,0.019266777435530267,0.0010855252107006082,-0.00034004465382553696,0.013262923031633041,-0.006512829478623499,0.038710825027910865,-6.236035974165437e-05,0.002310678627253624,0.0027418846865801677,0.008799493130207905,-0.0010741820026793254,0.06446774273146447,-0.010073085603475444,0.004685082225751463,0.04667837836026508,-0.0076450877619806,0.007018847510142686,0.006347291451235153,-0.0007520532330500682,-0.013676140986630496,-0.010824749059379362,0.002885673193886372,0.0018601556150757207,-0.034975413866603494,0.011129331156032516,-0.0068956341910019064,1.0,0.004411098469390848,0.013019216155782123,0.016217059609762097,-0.0033701649004828174,-0.011276213265203804
12372,-0.020610057746911145,-0.05668256409641972,0.041958029343386036,0.008798167348514997,-0.015257211215495645,-0.002120528236767427,-0.04479010455858481,-0.015638110635532103,-0.015483622041296772,-0.01093827519005963,0.019380743514220557,0.010335608690255455,0.005089693096824118,0.021406386678813567,0.027786539302118628,-0.0032279094350337605,0.0933948430478921,0.00782048629931837,-0.006150851130975684,-0.03206825459164716,0.005681605469126669,0.03041823983235027,0.045520700383180575,0.00703958448278538,0.01926348537185072,-0.02062212543880932,0.00643721367629682,0.00079939132985455,-0.07919407618106068,-0.03782212636821643,0.004832488310782805,-0.03252576741107744,-0.006880443858306831,0.09886969222895865,0.020043972409309704,0.016762064290263036,-0.012509911998452278,0.010118034690739205,0.08184389553058806,-0.006437458416793555,0.06920315500735401,-0.04952012305271384,-0.11713769516569666,0.07056993525820698,-0.015535037927833764,0.020944318214628287,-0.0752298575008437,0.0005225970404316388,0.04566545411784964,0.11450690800033768,-0.044249921928368796,-0.002759956746900418,-0.0005697318487078768,0.05270657639985825,-0.01216451424752803,0.10411550803116748,0.0575438098805399,0.013853923935467995,-0.004366550574706451,0.060713403532447884,-0.01694235782149245,-0.05366647694293177,-0.022462479184955617,0.010387653916815561,-0.05404608288174997,0.03965761981062206,-0.032583454983689725,0.013978232361107703,-0.07646068978180363,-0.01692506375821895,0.01467749813943326,-0.03159252399246958,-0.03169541944044591,-0.07997644076127995,-0.0010908340175217778,-0.020734196712110926,-0.05958915497952462,-0.09772809151333675,-0.12876792216336277,-0.047361338744688154,0.022830848109590556,0.004111098635585449,-0.05528486051947331,0.0028299144313718785,-0.09089843132084978,-0.001707332234639347,-0.03834683804960687,-0.07022570407482866,-0.010282254581315447,-0.017825744128562054,0.007576047633476909,0.010693418768054953,-0.08287652980296736,-0.1406108984931084,-0.01985783475086667,0.03847021514330924,0.00032123061157304095,-0.05515832031213837,-0.0040169912409132565,0.0014527913681500124,-0.0037398490168454035,4.793294376888383e-05,-0.0024873236979832277,0.0007015176673203383,0.002171066457719323,0.03166418495280896,0.0041803711466324766,-0.00668217030597902,0.04112938799273622,-0.00627443134180091,-0.0027273062326781746,0.000337565309995401,0.0053891962740076765,-0.05458858952512932,-0.008499696067876001,0.0009604399000574031,-0.007899754022113355,-0.042915016916373075,0.005000852356134359,-0.025172321773113685,0.004411098469390848,1.0,-0.0065366498157045675,0.03523643921593258,-0.0009299573965115375,-0.014074778477436772
12562,-0.04375431356748645,0.04638049327507905,-0.00733957351163399,0.04831844905653773,-0.0818883134931847,-0.010256530259805538,0.041273458627947644,0.01468957689854286,-0.00945223632557289,0.03580676932257943,-0.030652832401033458,0.019316012790769468,0.1043004068882323,0.03175124185414549,-0.034904478727871974,0.023665436830073182,0.03300039429871544,-0.044877029268142035,-0.0013092548953236405,-0.021040079090686146,0.01868248834905952,0.005376584917987152,0.06591135328763223,-0.01975707191673336,-0.020969701323676353,0.04935667060257025,-0.0609628466386612,-0.05915025960210269,-0.042980019962986386,0.022319769819645254,-0.05308933206209594,0.04194993560871386,-0.022897719981678236,0.03032094889937587,-0.07907597771149107,0.005346517456310547,-0.047364815391082025,0.07614338895772772,0.036647790489279436,0.024579686576948503,-0.053719032775881595,-0.008106763269181808,-0.0190074921612736,-0.03322267249420439,-0.01642906162577263,-0.05124543544575641,-0.027531819617120645,-0.011944753035232562,0.021112520048436872,0.05200342140989253,-0.10607960006588203,0.06822757303576918,-0.020486909438928693,-0.0015568303987436212,0.042338890118829034,-0.002493811298371658,-0.05195113843700286,0.0258827554369591,-0.05211764386434796,-0.0762563542022537,0.044194454752771714,-0.02525698365677697,0.003579827936416083,-0.03809251649443232,-0.019081243123598025,0.030171988095171944,0.007929858905764637,-0.01819850673631266,0.0543336804073757,0.021606218651886538,-0.06620391145413321,0.10147327672776672,-0.06510351399425698,0.06650206578134042,0.017060217660933828,-0.08461793454382903,0.03558900574201565,-0.02687127944296189,0.06646366927228466,-0.055413705829971446,-0.008729227133738452,0.0664736250613525,-0.007351484919844407,0.02781135670070621,0.02382159356137084,-0.005456923605953421,0.0018231084063707855,0.015195878785088981,0.04644711247553643,-0.0003041389443903823,0.08583600914784023,-0.02200377283860419,-0.09484890091233152,-0.08553198094070077,0.030072093657469875,0.08057400094022481,0.0006230959054912083,0.08532216452361105,-0.0011579759016937976,-0.04173810561823684,-0.003163412342268857,-0.012831482236619732,-0.007422421544957133,-0.014548268382425383,-0.0007407645389762127,-0.027168553965844434,0.023047843505478883,0.001052147965573376,-0.0003737218381876369,0.004570321072184535,-0.018130482659748287,-0.019461405016549194,-0.046666662128738184,-0.033084483654853045,0.010640304985602476,0.01357835383909159,0.009640765226311519,0.010441764819119346,-0.031469200956775994,-0.1104516513559374,0.013019216155782123,-0.0065366498157045675,1.0,-0.016918455654794433,0.025061361566545242,0.052782247286936444
12568,0.19316506145190263,0.15594734572360477,0.26814175838618315,0.3898288846188884,-0.04763031162370885,0.013442295766080942,-0.22430115859899177,-0.4808729952710055,0.10386349204812224,0.5151273267597252,0.04200816789273647,-0.19843838641122652,0.010960323597137714,-0.12730909535127477,0.16062169169336715,0.13577003566660184,-0.09712234073332705,0.11337081656150176,0.09494749606519952,0.08284166598921017,-0.16272105680189825,-0.2393557575152766,-0.05770400284637833,-0.04674527931084716,-0.22110447711184014,0.42216379253505043,0.4332886668634212,-0.3042288455691876,0.004266174176165268,-0.13049348402166744,-0.5829946694297331,-0.46204557877285024,-0.23605210184745123,0.42822348789543646,-0.5504899642453067,0.17922688971962963,-0.09128554068875384,-0.401134098469915,0.5998881445393243,-0.1938310921051675,0.37050553007381265,-0.30488524518990756,-0.1802799745369786,-0.20268786568344588,-0.045802816278197656,-0.23204419071145907,-0.5277847629286129,-0.04860055969097404,-0.3814152405180474,0.11179524644673094,-0.2886999207059673,0.009369355861529018,0.16482380413010495,-0.6447174028912614,0.08359599826290727,0.6636610817187896,0.1878863465109187,0.4306281852563258,-0.20574018324839868,-0.10035911814617901,-0.09860886214519464,-0.20368981152399246,-0.01858942349040726,0.21737172411310307,0.3250565900760347,-0.0542939120020793,-0.4912623059199931,0.16137828281443556,0.059476524659019835,-0.34450574559579883,0.13211897039024245,0.1669236312927686,0.4455311711926115,0.29943596566151987,0.015554561970992243,0.07123984325428033,-0.5141383288208299,-0.6288515234755154,-0.3784314061431058,-0.09946969971860155,-0.2923231456250628,0.49029920493003565,-0.12040962496994174,0.22156400455142564,-0.03374516041463999,0.09427393835941075,-0.31254414892396265,-0.5099223569405964,-0.5699670319130999,-0.04187167654211736,-0.2886053169417152,0.05487839162905094,-0.2032083079990515,-0.05275252654793026,0.5822365708069454,0.42647440035772505,0.09225350546820947,-0.17316609603752273,-0.14441257663994217,0.20634786706353242,0.037325098989593825,0.06686625388678463,0.010425558036755714,-0.06714933222289875,-0.012782391810603963,0.12779568543462788,-0.01465131499524731,0.06896470395591006,0.5000241934623175,-0.059678412909165014,-0.06666465365079578,-0.0068102739027226375,-0.08930757737015564,0.22586188896173476,-0.019531197807577443,-0.048963105745072975,0.1038048238030193,0.2169064093568967,-0.007038243031532753,-0.34051532376485705,0.016217059609762097,0.03523643921593258,-0.016918455654794433,1.0,0.0817673464127473,0.21321673497585872
12619,-0.04796506337142846,-0.14579889393604958,-0.014095504520305956,0.22764425637712388,0.000808731595800078,-0.015473497298314483,-0.0649427691359543,-0.07255759202527104,-0.005050227574596242,0.09319918250635499,0.0037131923351402187,-0.05988671440014642,0.12038314319129859,-0.007457863412438969,-0.007503004891983573,0.05400203362436252,-0.031245135438874232,0.03508866590241403,-0.0156361079026931,-0.0030086898223510954,-0.10024072837155688,0.16717748859602846,-0.13649200111537213,0.0037630878346209197,0.008455013658702423,0.0870892897255102,0.11635524129414969,0.07990646105987352,-0.017931736891584237,-0.04606933142472105,-0.06836800160224198,-0.13970723214612132,0.0015491997408729158,-0.0543965657871337,0.014765858564123152,0.045121355750048636,0.0441230401312105,0.01898256565344682,0.061765205598553655,-0.050981411886989715,-0.0056458144760185855,-0.04150598923634668,0.002088134889609117,-0.1609392356823973,-0.010425864166673522,0.02185445655766736,0.021513087407255948,-0.0020521233896244745,-0.0338912275503554,-0.02231867990517678,0.03329859719336695,-0.06815159518025819,-0.01971199427461954,-0.022842602827596502,-0.015851418857822097,0.07962576011501797,0.09089093322301707,0.034463421099547725,0.06578339798252347,-0.023574570881775524,-0.06852136380403769,-0.19743921611058915,-0.022039497209588223,-0.016121527636835362,0.1428144798031916,-0.020802158586079575,-0.09339523300493792,-0.020415267450510546,-0.11167648017925051,-0.059651830226779126,0.011254966791470585,0.03389468775620808,-0.12907232566417545,-0.003407991285793691,-0.008640774715323443,-0.12091043140332411,-0.03875813445683187,-0.015471988577425424,-0.13553106266646378,0.12391723059431137,-0.005136325497083994,0.14284235878295826,-0.017826062840040617,-0.017378931710993424,-0.16348977497965736,0.0009565904595686893,0.011619472804893546,0.034412984277599576,0.043797744246795785,0.04439765288014911,-0.11641834473534696,0.03588086571276207,0.027579251580116537,-0.11141891323743582,-0.06795484869853259,-0.06435003329749718,-0.0003591472152909321,0.04878628287081341,0.009774614903710576,-0.003143710958214449,-0.0010336660200537704,0.0018972931076580467,-0.00013159091382875462,-0.0005210407763966046,-0.0009354618567839099,-0.02261324055647774,0.00013939022266192062,-0.011536298972429387,0.02307231282503675,0.00037546001463504604,-0.0013520534823855122,0.004767992235034866,-0.00026930434966676944,0.011095665068889992,6.227702975618656e-05,-0.001003497109329473,-0.00447108150852434,-0.09575000312258691,-0.007667647721574942,0.027563533285214895,-0.0033701649004828174,-0.0009299573965115375,0.025061361566545242,0.0817673464127473,1.0,-0.0266533432167804
12637,-0.3771650288402561,0.09718541941006585,0.13594935762219562,-0.16068113131034117,-0.05398857333771712,0.010978886292549348,0.2050472124488646,-0.0968086029953661,-0.23279516627481642,-0.16928246506606945,0.024620524485455923,0.4848829212648251,-0.022207446150357375,-0.017328905958204598,0.017057992963003324,0.07364336618704297,-0.029667079907737766,0.07198334389144818,-0.10001199523450648,-0.039549207334229966,0.0009857538709698108,-0.18013556688232318,0.23478261087080618,-0.04431250458561607,0.006872813816242248,-0.02953021816331303,-0.088449256580543,-0.3777048663732329,-0.26132415605168763,0.10389620965579574,-0.128837310870573,0.246852884100975,0.3981211604061564,0.1124038750564857,-0.3015113364202333,-0.08246532179265338,-0.14506567448344013,0.17977071436644676,0.14225880355327317,-0.02366533110022741,0.10289031730492945,-0.17565557819102773,-0.39964143252432943,0.35568970055547927,-0.012336522257846526,-0.13039791182115298,-0.449150976940008,-0.06678279120053518,0.017232018565358713,0.5284259764608568,-0.3209289353324663,-0.2936950776951993,0.14724387520786755,-0.11845074639090146,-0.15256314556877426,0.08961840386773202,-0.1832321834768216,0.17845552412938231,-0.3408170589282613,0.19322590026135433,0.049526954661112704,-0.10798998729462206,0.5468344137655061,0.24433276148272767,-0.38147139291713134,-0.05827915879630425,0.28230919485076816,0.12860434832122536,0.1968968726442276,0.013352076557120172,0.04346845411546415,0.44038919077924316,0.16445755898214953,0.28786307838644515,0.06307229581276022,0.35254480181615655,-0.09439961126179558,-0.14818359196683933,0.10526278199228514,-0.5598558584122393,-0.16748538524452372,0.39878966501929325,0.2808233710214412,0.03027825692180461,-0.0866458861238634,0.007822535246266877,-0.3377668476713339,-0.20221811583378466,0.09084960875994648,-0.24225758350479254,0.1363328393994509,0.04161608069107199,-0.2798642337622355,-0.24007253434794149,-0.020543273679649917,0.5872942480163686,-0.06792906556934655,-0.2611594410697963,0.026327059824519723,-0.3369507101160129,0.05537822059886599,0.03766506892526628,-0.04223954644043773,-0.10261595494472045,-0.07931134936232632,0.060493701173793275,-0.06281904761322463,-0.04037207548220698,0.18271137616138497,-0.07069141814823818,-0.07060475117567594,0.026712477500630542,0.06034152249203543,-0.0258257762524734,-0.050800819741537266,-0.009260756613511669,-0.07159544323064577,-0.19751145856035224,0.10374760442350699,-0.10780105137114511,-0.011276213265203804,-0.014074778477436772,0.052782247286936444,0.21321673497585872,-0.0266533432167804,1.0
