unit_id,2158,2162,2196,2197,2199,2200,2201,2202,2205,2207,2237,2238,2239,2240,2241,2277,2278,2280,2448,2484,2541,2648,2678,2738,2757,2778,2842,2859,2860,2976,5404,5432,5435,5436,5437,5438,5439,5440,5441,5442,5444,5446,5474,5475,5476,5477,5479,5505,5506,5507,5508,5509,5735,5743,5875,5908,5940,6191,6216,8861,8868,8904,8906,8907,8908,8909,8910,8911,8912,8913,8914,8916,8955,8956,8957,8958,8959,8960,8962,8963,8964,9000,9001,9002,9004,9155,9330,9337,9390,9401,9427,9428,9446,9465,9553,9651,11878,11882,11883,11884,11886,11887,11888,11889,11929,11930,11931,11933,11934,11935,11936,11970,11971,11973,12246,12267,12284,12286,12290,12316,12346,12372,12562,12568,12619,12637
2158,1.3797076726125501,0.0,0.1469747498211464,0.13391448622247948,0.06508086499972524,0.0009930517893940994,0.0,0.007376291863440359,0.0,0.0,0.010815707595552834,0.0,0.07248326669422687,0.0,0.0479413653284028,0.023039161804841755,0.011573106619051029,0.1272692471105738,0.0,0.11127832104686429,0.0,0.20669184036272648,0.15009889975785268,0.0005380719389472111,0.009589648926549767,0.0,5.4719180231919764e-05,0.0,0.019130365845427117,0.001201795328797349,0.05018765523146661,0.06572705798553811,0.11203755530212747,0.0,0.0,0.0,0.0,0.04996969049687612,0.0,0.0,0.12871548855501214,0.2854567676157625,0.00807051612967903,0.10222157613668427,0.0,0.06641262401111869,0.01757823265405849,0.06548754335157235,0.0,0.0,0.14966039195692826,0.0,0.0,0.03025290617753968,0.6860702977295929,0.15799764720160203,0.007745094634567266,0.1100423881554202,0.021128392801142398,0.19669000738903467,0.03763232806816203,0.20085445225922005,0.0,0.01273168955819198,0.15384009289485326,0.0012970472351269868,0.03794588248179963,0.0,0.1894932079476637,0.0,0.0,0.20333088923288484,0.0,0.0,0.0,0.0,0.0,0.01433580597078093,0.005782882845995555,0.0,0.0,0.0,0.13178579752055197,0.0,0.0,0.0,0.019614394149577375,0.0,0.0,0.03247065428597634,0.33296643689304345,0.0,0.0,0.0,0.0,0.017552066527544298,0.0,0.0,0.000709322706710071,0.0023863642490031672,0.0,0.0,0.026886348020587855,0.0,0.0,0.018395462484913156,0.0,0.0,0.0,0.0,0.03426861846112763,0.05698806712978304,0.002905385806684451,0.4629734782469782,0.0,0.0,0.0,0.0,0.0,0.0,0.0,0.0,0.004386654281925567,0.05966948710659643,0.02350911624576363,0.0
2162,0.0,0.6327518046616138,0.0,0.0,0.0,0.0,0.2710121425344998,0.0,0.0,0.06863442539216512,0.0,0.011453670186149753,0.0,0.0,0.0,0.014942254366836875,0.03108853336240647,0.0,0.0,0.0,0.0,0.0,0.0,0.0,0.0,0.0,0.0,0.0,0.0,0.0,0.0,0.29283996130173007,0.0,0.0,0.0,0.0,0.0,0.0,0.0,0.0,0.0,0.0,0.0,0.06085637539946229,0.00638394939675297,0.0,0.0,0.0,0.0,0.0,0.0,0.0,0.0,0.0,0.0,0.05214869607461771,0.0,0.0,0.0,0.0,0.0,0.0,0.22698441457446217,0.4339013128988462,0.0,0.0,0.35161778472962957,0.0,0.5428296703365612,0.0,0.0,0.0,0.0,0.0,0.0,0.0,0.1663120577514835,0.0,0.0,0.0,0.0,0.0,0.0,0.0,0.0,0.0,0.0,0.0,0.0,0.0,0.08980788833291006,0.0,0.0,0.0,0.1342308779269439,0.0,0.0,0.0,0.0,0.0,0.0,0.0,0.0,0.0,0.0,0.027818961011734023,0.0,0.0,0.0,0.0,0.0,0.0,0.0,0.0,0.0,0.0,0.0,0.0,0.005448679260229285,0.0,0.0,0.0,0.0,0.0,0.0,0.0
2196,0.1469747498211464,0.0,0.4202697180076508,0.22852551385705974,0.11206386779681923,0.0,0.0,0.018521935849428618,0.0038933484871351703,0.0,0.00056876421987565,0.318087762610727,0.09879922918589518,0.0057019412437965275,0.08255106667964272,0.0,0.022605641781045488,0.2191471192471132,0.0,0.1689170735396027,0.0,0.2987310102309536,0.003435959191303584,0.0,0.06578306070209645,0.0013953390959139539,0.0,0.0,0.006790109830433273,0.06971652532897778,0.09421287241430426,0.11452683889814709,0.19415852472151104,0.0,0.0,0.0,0.0,0.08149136107399906,0.0,0.0,0.22163742742037582,0.020483798606192264,0.0,0.1910189385716159,0.0,0.03555555503291135,0.010938972119252226,0.06416517442172485,0.0,0.08001118473054444,0.0,0.0,0.00700013690616295,0.004454749261769734,0.0,0.003714013692333932,0.06202061040207576,0.1315971289396577,0.0,0.0,0.0,0.2760533102701788,0.0,0.0,0.009077878223203741,0.0,0.0,0.0028517700173296356,0.0,0.0,0.002578804625242668,0.0,0.002675779172431459,0.0,0.0,0.0,0.0,0.0,0.0,0.0,0.0,0.0,0.0048325818235439655,0.0,0.0,0.0,0.0,0.0,0.0,0.005828380831040244,0.0,0.0,0.0,0.0,0.0,0.0068664464645839755,0.0,0.0,0.0,0.0,0.0,0.0,0.0,0.0,0.0,0.0018397804375754356,0.0,0.0,0.0,0.0,0.0,0.09812873908260483,0.0,0.7136587401207367,0.0,0.0007817411773379945,0.0,0.0,0.0005152385032454964,0.0,0.0,0.0,0.0,0.08889265937762358,0.040480754135588604,0.0
2197,0.13391448622247948,0.0,0.22852551385705974,0.4537606710822314,0.1027053679999323,0.013053114076146885,0.0029234904243414317,0.015796931932969598,0.0,0.0,0.2991910003767098,0.19474551740904011,0.02044395268462009,0.01015263723295649,0.0756571930703993,0.04915372168416672,0.24872631522145588,0.20084605297764538,0.0,0.15481073909398776,0.0,0.2737838604177864,0.44611971177646353,0.025204161073898466,0.10040799560289478,0.0,0.000719253224604012,0.023940699705979673,0.0,0.015796931932969598,0.07995601518668922,0.440029489534832,0.1768086264244697,0.052949791628667364,0.0,0.0,0.0,0.16707289079760942,0.007367948877318579,0.0,0.20312839448875497,0.0,0.0,0.16864332001117494,0.0,0.00664853802544641,0.015950528446698784,0.05880671425433476,0.0,0.0,0.0,0.002093132493867341,0.0,0.12185677708565848,0.032526229157092544,0.2322516198126795,0.18389664053263063,0.0,0.003166416562753757,0.0,0.07352150121412936,0.25299998452938405,0.0,0.0,0.018902121561134636,0.017048965323946952,0.015467693606150298,0.0,0.0,0.0,0.0,0.0,0.0,0.0,0.0,0.0,0.0,0.0,0.12768822038933722,0.0,0.0,0.5106816115139604,0.0,0.0,0.0,0.0,0.006859544642056781,0.0,0.0,0.005341650345150143,0.0,0.0,0.0,0.0,0.0,0.0,0.0,0.0,0.00932365291153349,0.03136743229523052,0.0,0.001407296250112781,0.0,0.02465281466715425,0.0,0.16199158440400305,0.0,0.0,0.1326148944328808,0.0,0.0018647305823066979,0.08993396762925514,0.0,0.6540608045347933,0.0,0.0,0.0,0.0,0.0,0.0,0.0,0.0,0.05766013350575496,0.0451612256453603,0.0371001896699519,0.08154148654527323
2199,0.06508086499972524,0.0,0.11206386779681923,0.1027053679999323,0.09957627532246019,0.0,0.0,0.0,0.0,0.0,0.0,0.10241539012197486,0.01002526314119441,0.0,0.06006481629513618,0.0,0.0,0.0984904711448458,0.0,0.07591576934472156,0.0,0.13425756197162492,0.032743608418972725,0.0,0.0,0.0,0.0,0.0,0.0,0.0,0.046266282867871086,0.05086451798002675,0.11016602422910882,0.0,0.0,0.0,0.0,0.039814137159458717,0.0,0.0,0.09960968104421905,0.0,0.008718307906354647,0.07910670820676444,0.0,0.0,0.0,0.028837514641297936,0.0,0.013604933364695572,0.0,0.0,0.0,0.0,0.0,0.0,0.02299056756988682,0.0,0.0,0.0,0.0,0.12406560799435362,0.0,0.0,0.0,0.0,0.011595692354759926,0.0,0.0,0.0,0.0,0.0,0.021836443230616624,0.0,0.0,0.0,0.0,0.0,0.0,0.0,0.0,0.0,0.0,0.0,0.03474354942008706,0.0,0.0,0.0,0.0,0.018318033718975932,0.0,0.0,0.0,0.0,0.0,0.0,0.0,0.0,0.0,0.0,0.0,0.0,0.0,0.0,0.0,0.0,0.0,0.0,0.0,0.0,0.0,0.044101632630622445,0.0,0.3207369815884739,0.0,0.0,0.0,0.0,0.0,0.01410228117300516,0.0,0.0015047099018342973,0.0,0.050053131617184506,0.01819311410896088,0.0
2200,0.0009930517893940994,0.0,0.0,0.013053114076146885,0.0,0.04371744994175957,0.0,0.013086215802460022,0.06811887163438331,0.0,0.0,0.013784369491312055,0.03009007720953268,0.0,0.0,0.03129216527468518,0.1260182720741112,0.0,0.0,0.0,0.035403309610052086,0.012981821514577233,0.0,0.005859005557425186,0.0,0.0,0.0005958310736364597,0.007275523002725198,0.22683818150597407,0.013086215802460022,0.0,0.0,0.00570386654828617,0.07695484829641776,0.00704242605039157,0.0,0.0004984849764584394,0.028787467983657836,0.18189398609068588,0.0,0.0,0.005212609907981823,0.0,0.05531334496014999,0.0,0.0,0.0,0.0,0.0,0.0,0.0,0.0,0.0,0.0,0.07390293668489005,0.0,0.1981789996004155,0.0016097572169708838,0.0,0.0,0.0,0.05956767115045708,0.01244070962117269,0.0676030476584275,0.011691833729245597,0.023781946528763608,0.0,0.004260192176500687,0.03749220868586033,0.0,0.0,0.0,0.0,0.0,0.0,0.0,0.0,0.0,0.0,0.0,0.0072227291269829205,0.008952024108670326,0.021352336112832288,0.002954205223451036,0.0,0.0,0.005682463017088458,0.0,0.0,0.0,0.0847000217446191,0.0,0.002679415858689671,0.0,0.0,0.0,0.0,0.015399711217211958,0.007723736139731883,0.02598485515581227,0.0,0.0,0.0,0.0,0.0,0.0,0.0,0.003260351155485219,0.0,0.0,0.0015447472279463768,0.0,0.0,0.06743094119978037,0.0,0.0,0.0,0.0,0.0,0.0,0.0,0.0,0.04776579106985618,0.1331981941386987,0.0,0.0
2201,0.0,0.2710121425344998,0.0,0.0029234904243414317,0.0,0.0,0.33140518383830275,0.0,0.0,0.0,0.0,0.027035958816250767,0.0,0.0,0.0,0.0003790485435571627,0.0,0.0,0.0,0.0,0.0,0.10761546866213814,0.0,0.0,0.0,0.0,0.009689460764565396,0.0,0.0,0.0,0.0,0.015503137223304637,0.0,0.0,0.0,0.0,0.0,0.0,0.0,0.0,0.0,0.0,0.0,0.0,0.024807649680847536,0.005695928889425367,0.0,0.0,0.0,0.0,0.0,0.12259258117341905,0.0,0.0,0.0,0.03532568943957496,0.0,0.0,0.0,0.0011967062198539687,0.0,0.04305197013377853,0.1537599506880856,0.29392610325206187,0.0,0.0,0.23818698452243653,0.0,0.3677145124675447,0.0,0.0,0.0,0.006885159073132422,0.0,0.0,0.0,0.11266030686134716,0.0,0.0,0.0,0.0,0.007343989532558595,0.054769801103179576,0.0,0.0,0.0,0.003917983377330117,0.0,0.0,0.0,0.0,0.0,0.0,0.0,0.09092841554588149,0.0,0.0,0.0,0.0,0.0,0.0,0.0,0.0,0.0,0.0,0.0019339852484808828,0.0,0.0,0.0,0.0,0.0,0.0,0.0,0.0,0.0,0.0,0.0,0.0,0.0,0.0,0.0,0.0,0.0,0.15614211529630143,0.0,0.0
2202,0.007376291863440359,0.0,0.018521935849428618,0.015796931932969598,0.0,0.013086215802460022,0.0,0.07862135132992544,0.0,0.0,0.0,0.6998193024173848,0.0,0.0,0.0,0.03786990613854757,0.15250782722438355,0.0,0.0,0.0,0.0,0.0,0.0,0.007090592439904358,0.00435417180559448,0.0,0.0007210771972784093,0.0,0.0,0.1852340628665872,0.03288217404677401,0.0035682309874691385,0.0,0.0,0.0,0.0,0.0,0.034838711253692034,0.0,0.0,0.0,0.0,0.0,0.0,0.0,0.0,0.0,0.0,0.0,0.0,0.06795317159827771,0.0,0.01849846064556369,0.0,0.0326087132547014,0.0,0.0,0.0,0.0,0.0,0.0,0.0,0.0,0.0,0.0,0.017092200231784517,0.0,0.0,0.0,0.0,0.0,0.0,0.0,0.0,0.0,0.0,0.0,0.0,0.0,0.0,0.0,0.0,0.012770510902521126,0.0,0.0,0.0,0.006876939937007052,0.0,0.0,0.0,0.0,0.0,0.0,0.0,0.0,0.0,0.0,0.0,0.009347297001757158,0.031446977770197296,0.0,0.0,0.0,0.0,0.0,0.0,0.0,0.0,0.0,0.0,0.0018694594003514314,0.0,0.0,0.0,0.0,0.0020658179401137114,0.0,0.0,0.0013615618241658554,0.0,0.0,0.0,0.057806355315152484,0.08154927783595645,0.0,0.0
2205,0.0,0.0,0.0038933484871351703,0.0,0.0,0.06811887163438331,0.0,0.0,0.28924020486062935,0.0,0.0,0.007218878518003637,0.2665269149145227,0.0,0.0,0.0,0.0,0.0,0.0,0.0,0.0,0.0,0.0,2.229299935374509e-05,0.0,0.0,0.0,0.0,0.9190473294894251,0.01907618710154317,0.026484533595872474,0.0,0.004210674696117974,0.0,0.0,0.0,0.0,0.0,0.00016213090439087336,0.0,0.0,0.0,0.0,0.013940274118610695,0.0,0.0,0.0,0.0,0.0,0.27188753682730465,0.0008040679539634876,0.0,0.0,0.0,0.19025344426198873,0.0,1.0136865048504622,0.006522019624568615,0.0,0.0,0.0,0.0,0.0,0.0,0.0080918183290615,0.03913211774741168,0.0,0.009837585360271392,0.15190173911922628,0.0,0.008763085309602046,0.0,0.009092616372776495,0.0,0.0,0.0,0.0,0.0,0.0,0.0,0.0,0.006856482169418287,0.0,0.0,0.0,0.0,0.0,0.0,0.0,0.0,0.0,0.0,0.0,0.0,0.0,0.0,0.0,0.0,0.0,0.0,0.0,0.0,0.0,0.0,0.0,0.0,0.0,0.0,0.0,0.0,0.0,0.0,0.0,0.2732001553847075,0.0,0.0,0.0,0.0,0.0,0.0,0.0,0.0,0.0,0.07529878243988021,0.0,0.0
2207,0.0,0.06863442539216512,0.0,0.0,0.0,0.0,0.0,0.0,0.0,0.27298538823184254,0.0,0.0,0.0,0.0,0.0,0.0,0.0,0.0,0.0,0.0,0.0,0.0,0.0,0.0,0.0,0.0,0.0,0.0,0.0,0.0,0.0,0.0,0.0,0.0,0.0,0.0,0.0,0.0,0.0,0.0,0.0,0.0,0.0,0.0,0.02539141100937934,0.0,0.0,0.0,0.0,0.0,0.0,0.0,0.0,0.0,0.0,0.0,0.0,0.0,0.0,0.0,0.0,0.0,0.0,0.0,0.0,0.0,0.0,0.0,0.0,0.0,0.0,0.0,0.0,0.0,0.0,0.0,0.0,0.0,0.0,0.0,0.0,0.0,0.0,0.0,0.0,0.0,0.0,0.0,0.0,0.0,0.0,0.0,0.0,0.0,0.0,0.0,0.0,0.0,0.0,0.0,0.0,0.0,0.0,0.0,0.0,0.0,0.0,0.0,0.0,0.0,0.0,0.0,0.0,0.0,0.0,0.0,0.0,0.0,0.0,0.0,0.0,0.0,0.0,0.0,0.0,0.0
2237,0.010815707595552834,0.0,0.00056876421987565,0.2991910003767098,0.0,0.0,0.0,0.0,0.0,0.0,1.5558840673235295,0.1313502621195414,0.014319378957620772,0.0,0.0,0.0,0.06151262275316552,0.0,0.0,0.0,0.0,0.0,0.5743106955966806,0.0,0.07688151783945263,0.1979348799984014,0.0,0.016147314831903205,0.010741104861351866,0.0,0.0,0.4071607926194855,0.0,0.035713114746525644,0.0,0.0,0.0,0.0,0.0,0.0,0.0,0.007965986732709249,0.0,0.0,0.0011457475758766705,0.01948745916234802,0.015374040490683402,0.0,0.0,0.0,0.0,0.012705545949858949,0.0,0.0,0.0,0.1566470517316637,1.1162729655947508,0.0,0.0,0.0,0.0495881424352096,0.0,0.0,0.0,0.15267966346485673,0.0,0.03636150325500215,0.0,0.0,0.0,0.0,0.09969401163268347,0.10255838057237515,0.0,0.0,0.0,0.0,0.0,0.08216429439994584,0.0,0.0,3.0998939149094644,0.0,0.0,0.0,0.0,0.0,0.0,0.0,0.0,0.0,0.0,0.0,0.0,0.0,0.0,0.0,0.0,0.0,0.0,0.0,0.0,0.0,0.0,0.0,0.6308692509389148,0.0,0.0,0.8049870898232063,0.0,0.0,0.0,0.0,0.016485673022094492,0.0,0.0,0.0,0.0,0.0,0.0,0.0,0.0,0.0,0.028475253401799582,0.0,0.05499739236021827
2238,0.0,0.011453670186149753,0.318087762610727,0.19474551740904011,0.10241539012197486,0.013784369491312055,0.027035958816250767,0.6998193024173848,0.007218878518003637,0.0,0.1313502621195414,16.574356138537283,0.09023629672958178,0.28807846937612525,0.0,0.00202172734139186,0.5669925118997375,0.0,0.0,0.002910925279251139,0.0,0.035244669023741855,1.6530626517518603,0.007058458995381334,0.028198617546182653,0.07049654386545663,0.005280963846909392,0.1313553512284848,0.0,2.4220125113879365,0.029242222652293072,0.8904277345463554,0.1651419905399482,0.1306148183226795,0.10320195019008226,0.0,0.0,0.10179805418532545,0.4318151272638684,0.20489220984216894,0.0,0.13291392461966672,0.050350833231281665,0.7437820541656696,0.004516471596344093,0.03785480769807617,0.03934624313211347,0.0,0.01648128197676724,0.0,0.2545857824015949,0.0017451590403184285,0.26832146758522735,0.5651663774799484,0.10837658318552863,1.12301024777217,0.0,0.0,0.0,0.0,0.1813604403061529,0.30506262737467815,0.12362733663433148,0.14035465225851187,0.04662713672104661,0.0,0.0,0.3811361140602822,0.0,0.0053750898441807604,0.0,0.0,0.0,0.0,0.09831802691348118,0.0,0.0,0.0,0.3005023353977862,0.0,0.0,0.1174928436485288,0.41340709963386496,0.01943949543646572,0.1848373375508152,0.0,0.0,0.0,0.016433881205414076,0.09066414217172436,0.1515174888758199,0.0,0.026626217991765164,0.0,0.0,0.34691262203421,0.032850198229519144,0.0,0.0,0.00015357399554802173,0.0,0.0,0.0,0.0,0.0,0.09295099857815764,0.0,0.03354927516379895,0.0,0.0,0.0,0.0,0.0,0.011654172071246466,0.0,0.029536737943755328,0.003721084401219867,0.0,0.019467395462929648,0.0,0.1276797085168567,0.026570868302460613,0.0,1.4035755260024596,0.0,0.20114387844173895
2239,0.07248326669422687,0.0,0.09879922918589518,0.02044395268462009,0.01002526314119441,0.03009007720953268,0.0,0.0,0.2665269149145227,0.0,0.014319378957620772,0.09023629672958178,2.8601804791812784,0.0,0.007385040176823117,0.0,0.09949757427928711,0.029290321487262364,0.0,0.02349089903720082,0.0,0.059968528552472936,0.29166825026296966,0.0,0.0,0.0265235013083792,0.0,0.0,0.5769196520665038,0.2085182112234179,0.2972285183699641,0.010124804761036056,0.08676770869376953,0.0,0.031016542737220692,0.0,0.0,0.007290238634116787,0.11435056657598434,0.06157875865124829,0.019827742657028948,0.4752856878673305,0.0,0.08109758563995971,0.0,0.9083344849454359,0.2754028500890351,0.005740233410868289,0.0,2.9719514980320416,0.0,0.0,0.0,0.0947096685271753,0.11661219136042178,0.10893359291483594,2.658384778208435,0.023337178673475227,0.03001063306638115,0.0,0.0,0.024695801874999,0.0,0.04218249812262014,0.2570461188757265,0.017285789035263455,0.04819570818466598,0.19376906151916493,0.06709939475939161,0.0,0.09578763637774412,0.1182976884797425,0.0993896784142331,0.0934851298354009,0.02954871761613532,0.0,0.0,0.014008537984813602,0.0,0.0,0.0,0.016658511321629516,0.12236717417995341,0.0,0.0,0.0,0.0,0.0,0.012468474538549629,0.0005214084848848157,0.0631551889600944,0.0,0.0,0.0,0.0,0.0,0.009872871350157571,0.0019328705985131953,0.0,0.0,0.0,0.0,0.0,0.0,0.0,0.0,0.0,0.0,0.0,0.0,0.0,0.012904111271375439,0.0,0.21845169025818215,0.0,0.0,0.0011183429493983798,0.0,0.0,0.0,0.038373142451231905,0.007985667623047806,0.0,0.37645316555058234,0.003621418931381811,0.0
2240,0.0,0.0,0.0057019412437965275,0.01015263723295649,0.0,0.0,0.0,0.0,0.0,0.0,0.0,0.28807846937612525,0.0,0.08780747444999125,0.01260182720741112,0.0,0.003911858432053128,0.0,0.0,0.0,0.0,0.0003958020703442196,0.0014919646112946815,0.013127469110355033,0.06654543624363221,0.007546686940318934,0.0,0.0,0.0,0.0,0.01390096863338649,0.03747025345922407,0.07827734107626164,0.0,0.0,0.0,0.0,0.1464788882127937,0.0,0.0,0.0,0.008683348430095366,0.0,0.08492595791534213,0.0,0.0,0.0,0.0,0.0962553727778212,0.07336470711867467,0.0,0.0,0.0,0.11231955048486175,0.0,0.020087230917688423,0.0,0.0,0.0022925309880869496,0.0,0.0,0.0795723166387214,0.0,0.0,0.0,0.0,0.011198831929900932,0.0,0.0,0.0,0.0,0.0,0.0,0.0,0.0,0.0,0.0,0.0,0.004248460204113513,0.0,0.0,0.0,0.0,0.0,0.0,0.0,0.0,0.0,0.006964839657186188,0.05871276840251271,0.0,0.0,0.0,0.0,0.0,0.14687669440126164,0.0,0.0,0.0,0.004034627555766884,0.0,0.0010189026613719775,0.0,0.01784899126439125,0.0,0.009950446484272374,0.0,0.0,0.0,0.0,0.0,0.0,0.0,0.0,0.0,0.0,0.0,0.0,0.0,0.0,0.0,0.0,0.0,0.0,0.0,0.0
2241,0.0479413653284028,0.0,0.08255106667964272,0.0756571930703993,0.06006481629513618,0.0,0.0,0.0,0.0,0.0,0.0,0.0,0.007385040176823117,0.01260182720741112,0.26548660872195295,0.0,0.0,0.07255231869677058,0.0,0.055922822051572674,0.0,0.10027787429303052,0.2770202634876022,0.0,0.0,0.0,0.0,0.0,0.0,0.0,0.07510608310455731,0.037468992441078805,0.06386919544848686,0.0,0.0,0.0,0.0,0.06767861867441859,0.0,0.0,0.07337677686377933,0.0,0.0,0.05827340491070403,0.0,0.0,0.0,0.021242954047821366,0.0,0.1151016154723939,0.0,0.0,0.0,0.0,0.0,0.0,0.0,0.0,0.0,0.0,0.0,0.3430730019273355,0.0,0.0,0.0,0.0,0.0,0.0,0.0,0.0,0.0,0.0,0.18474253600810886,0.0,0.0,0.0,0.0,0.0,0.0,0.0,0.0,0.0,0.0,0.0,0.0,0.0,0.0,0.0,0.02424796028798154,0.2063369988639221,0.0,0.0,0.0,0.0,0.0,0.0,0.0,0.0,0.0,0.0140464811200773,0.0,0.0,0.0,0.0,0.0,0.0,0.0,0.0,0.0,0.0,0.0,0.03248716011277057,0.0,0.2362686606689562,0.0,0.0,0.0,0.0,0.0,0.0,0.0,0.0,0.0,0.01631374670889667,0.013401830629674254,0.0
2277,0.023039161804841755,0.014942254366836875,0.0,0.04915372168416672,0.0,0.03129216527468518,0.0003790485435571627,0.03786990613854757,0.0,0.0,0.0,0.00202172734139186,0.0,0.0,0.0,0.1275528523432614,0.3701689942145732,0.0,0.0,0.021493074745116036,0.0,0.0,0.0,0.01695524465393656,0.0,0.0,0.0017242621681969384,0.0,0.0,0.03786990613854757,0.0,0.04239088137112475,0.0,0.0,0.0,0.0,0.0,0.08330740734862616,0.0,0.0,0.0,0.0,0.0,0.0,0.0,0.0,0.0,0.0,0.0,0.0,0.0,0.0,0.0,0.0,0.07797496693957266,0.0,0.0,0.17944889442520334,0.0,0.0,0.0,0.0,0.0,0.02076188688449436,0.0,0.040871399542445945,0.0,0.0,0.0,0.0,0.0,0.0,0.0,0.0,0.0,0.0,0.0,0.0,0.0,0.0,0.0,0.0,0.0,0.0,0.0,0.0,0.01644435215965599,0.0,0.0,0.04743100201137961,0.01585230414045531,0.0,0.0,0.0,0.0,0.0,0.0,0.0,0.022351546624775127,0.07519698900192204,0.0,0.0,0.0,0.0,0.0,0.03752592966215552,0.0,0.0,0.0,0.0,0.004470309324955025,0.0,0.0,0.0,0.0,0.0,0.0,0.0,0.0,0.0,0.0,0.0,0.13822835048378787,0.0,0.0,0.0
2278,0.011573106619051029,0.03108853336240647,0.022605641781045488,0.24872631522145588,0.0,0.1260182720741112,0.0,0.15250782722438355,0.0,0.0,0.06151262275316552,0.5669925118997375,0.09949757427928711,0.003911858432053128,0.0,0.3701689942145732,2.1175749999815006,0.0,0.0,0.05029233099661396,0.0,0.0,1.207957192632358,0.07526748216806031,0.04300195725341018,0.0,0.006943863971430618,0.02765657114825975,0.0,0.15250782722438355,0.0002904845370336481,0.4459075792507948,0.02878505853827314,0.06116820717224074,0.11379393965575685,0.0,0.0,0.3576990447351573,0.4195310090745199,0.22592103850528852,0.0,0.0,0.0,0.0028225414181769475,0.0,0.02763868045332384,0.11549485047008526,0.0,0.0,0.1667975047010472,0.0,0.0,0.0035660692420772595,0.5113338731495973,0.4335166235509071,0.8160611597703604,0.0,0.018550522680418093,0.0012200350555413221,0.0,0.08493288225605049,0.0,0.0,0.1547597579318293,0.021835947830630986,0.23042381904748405,0.017522274973862474,0.322277258957459,0.0,0.0,0.014708481869068285,0.0,0.08627404260808048,0.0,0.10840876166641399,0.0,0.0,0.0,0.14298914434577656,0.0,0.0024708749829169103,0.05000522418675512,0.0,0.0,0.0,0.0,0.07054991195481863,0.0,0.0,0.0,0.1866518638482136,0.0,0.0,0.0,0.0,0.0,0.036221732904508516,0.01216056092929396,0.09001305148150801,0.30282962319850193,0.0,0.0005422378024628098,0.0,0.009498844361000293,0.0,0.07206718700174322,0.0,0.0,0.0,0.0,0.0180026102963016,0.0,0.0,0.0,0.0,0.0,0.004102992753785036,0.0,0.0,0.0,0.14078393886424906,0.02929793263249627,0.5566664283763546,0.0,0.0,0.09419766138292704
2280,0.1272692471105738,0.0,0.2191471192471132,0.20084605297764538,0.0984904711448458,0.0,0.0,0.0,0.0,0.0,0.0,0.0,0.029290321487262364,0.0,0.07255231869677058,0.0,0.0,0.2681384510678056,0.0,0.1484575044963444,0.0,0.33646518803252673,0.0,0.0,0.0,0.0,0.0,0.0,0.0,0.0,0.07595175339822388,0.09946839071649677,0.1695526266848149,0.0,0.0,0.0,0.0,0.07162096672376968,0.0,0.0,0.19479226515313947,0.0,0.0,0.1546975627154505,0.0,0.0,0.0,0.056393361965204857,0.0,0.0,0.0,0.0,0.0,0.0,0.0,0.0,0.0,0.04548383236782638,0.0,0.0,0.0,0.242617188966736,0.0,0.0,0.0,0.0,0.10716183990256119,0.0,0.0,0.0,0.1042268652058254,0.0,0.0,0.0,0.0,0.0,0.0,0.0,0.0,0.0,0.0,0.03562995510348183,0.0,0.0,0.0,0.0,0.0,0.0,0.0,0.005122435851504983,0.0,0.0,0.0,0.0,0.014128694999512172,0.0,0.0,0.0042976849481410765,0.0,0.0,0.0,0.0,0.0,0.0,0.0,0.061347632039766634,0.0,0.0,0.0,0.0,0.0,0.08624319269988388,0.0,0.6272189862174602,0.0,0.0,0.0,0.0,0.0,0.0,0.0,0.0,0.0,0.04330786674454212,0.03557764536863461,0.0
2448,0.0,0.0,0.0,0.0,0.0,0.0,0.0,0.0,0.0,0.0,0.0,0.0,0.0,0.0,0.0,0.0,0.0,0.0,0.01875954769708591,0.0,0.0,0.0,0.0,0.0,0.0,0.0,0.0,0.0,0.0,0.0,0.0,0.0,0.0,0.0,0.0,0.0,0.046203513437872545,0.0,0.0,0.0,0.0,0.0,0.0,0.0,0.0,0.0,0.029825274658118166,0.0,0.0,0.0,0.0,0.0,0.0,0.0,0.0,0.0057711621326989645,0.0,0.0,0.0,0.0,0.003969099648575572,0.0,0.0,0.0,0.0,0.0,0.0,0.0,0.003398826710561841,0.0,0.0,0.0,0.0,0.0,0.0,0.0,0.0,0.0,0.0,0.0,0.0,0.0,0.0,0.0,0.0,0.0,0.06166931551680495,0.0,0.0,0.0,0.0,0.0,0.0,0.0,0.03412855537427884,0.0,0.0,0.024019896149138378,0.0,0.0,0.0,0.0,0.0,0.0,0.0,0.0,0.0,0.0,0.0,0.0,0.0,0.0,0.0,0.0,0.0,0.0,0.0,0.0,0.0,0.0,0.0,0.0,0.0,0.0,0.0,0.0
2484,0.11127832104686429,0.0,0.1689170735396027,0.15481073909398776,0.07591576934472156,0.0,0.0,0.0,0.0,0.0,0.0,0.002910925279251139,0.02349089903720082,0.0,0.055922822051572674,0.021493074745116036,0.05029233099661396,0.1484575044963444,0.0,0.24451838774344004,0.0,0.20237026362436888,0.0,0.0,0.0,0.07328458743008819,0.0,0.0,0.0,0.0,0.0674918303616516,0.1698473221217265,0.17389543806801147,0.0,0.0,0.0,0.0,0.05520494243601975,0.0001639323588841053,0.0,0.16962315362822497,0.0,0.0,0.2775009703600306,0.012150765520487014,0.0,0.162196612443514,0.04346761072172947,0.04433996506007703,0.0,0.0,0.004695040772985708,0.0,0.0,0.00021650105281472944,0.006743846227228961,0.0,0.11728754539084385,0.0,0.0,0.0,0.18700763985153634,0.0,0.013569940111164542,0.0,0.0,0.0,0.0,0.0,0.014460725580795981,0.02457710854207618,0.0,0.0007223269563330889,0.0,0.0,0.002245794503078164,0.0,0.0,0.0,0.005538549321260392,0.0,0.001140669726023873,0.05012425529239542,0.0,0.0,0.0,0.0072285613359047585,0.0,0.0006753540304220665,0.0349491741913989,0.0,0.0,0.0,0.0,0.0,0.0,0.0,0.0,0.0,0.00041316358802274234,0.0,0.0,0.0,0.0,0.0,0.019606614117984728,0.0,0.0,0.0,0.0,0.0,0.07787440074248798,0.0,0.6085504907859164,0.0,0.0,0.0,0.0,0.0,0.0,0.0,0.0,0.0,0.08444973216096568,0.027423001314121644,0.0
2541,0.0,0.0,0.0,0.0,0.0,0.035403309610052086,0.0,0.0,0.0,0.0,0.0,0.0,0.0,0.0,0.0,0.0,0.0,0.0,0.0,0.0,0.26593521592713004,0.0,0.0,0.0,0.0,0.0,0.0,0.0,0.0,0.0,0.0,0.0,0.042845118121593175,0.5780534199700005,0.0,0.0,0.0,0.0,0.0,0.0,0.0,0.0,0.0,0.0,0.0,0.0,0.0,0.0,0.0,0.0,0.0,0.0,0.0,0.0,0.0,0.0,0.0,0.0,0.0,0.0,0.0,0.21685211125909803,0.0,0.0,0.08782428427223121,0.0,0.0,0.0,0.0,0.0,0.0,0.0,0.0,0.0,0.0,0.0,0.0,0.0,0.0,0.0,0.0,0.0,0.0,0.007496527691773007,0.0,0.0,0.0,0.0,0.0,0.0,0.0,0.0,0.0,0.0,0.0,0.0,0.0,0.11567634701027839,0.0,0.0,0.0,0.0,0.0,0.0,0.0,0.0,0.0,0.0,0.0,0.0,0.0,0.0,0.0,0.0,0.0,0.0,0.0,0.0,0.0,0.0,0.0,0.0,0.0,0.0,0.0,0.0
2648,0.20669184036272648,0.0,0.2987310102309536,0.2737838604177864,0.13425756197162492,0.012981821514577233,0.10761546866213814,0.0,0.0,0.0,0.0,0.035244669023741855,0.059968528552472936,0.0003958020703442196,0.10027787429303052,0.0,0.0,0.33646518803252673,0.0,0.20237026362436888,0.0,1.0791603121115236,0.025414019263269402,0.0,0.0,0.0011743681841378927,0.0,0.0,0.0,0.0,0.12073784866354981,0.13559061577843537,0.3155891339695238,0.0,0.009150668243820893,0.03603926808252529,0.0006477129630415391,0.15990222370548093,0.23634632587579565,0.0,0.26553162256610263,0.04484540815451558,0.001418645413420142,0.2785830928150244,0.035955635557676995,0.008255548024315114,0.0,0.08183397520043059,0.0,0.0,0.0,0.17768286103094458,0.0,0.020487075001551832,0.1201633197892958,0.04697202518377586,0.0,0.15611840365153426,0.0,0.03457441536135375,0.0,0.40815336026798454,0.0,0.0912684513405696,0.0,0.0,0.3678215864189862,0.0,0.03266937723476099,0.0,0.0,0.03574175787296804,0.0,0.0,0.0,0.0,0.0,0.0007863348862957359,0.0,0.0,0.009384947400665705,0.010644209127797153,0.007201314336694626,0.0,0.0,0.0,0.003356109720891079,0.0,0.010744989247602896,0.013402753875102036,0.16858533569467404,0.0,0.0,0.0,0.0,0.0,0.0,0.014751345226916622,0.0,0.0004411762053924988,0.0,0.0,0.004726115862993959,0.0,0.0,0.0,0.0,0.0006986828661094199,0.0,0.0,0.005998843462462315,0.11756265001014153,0.0005107123488312511,0.8604996643912173,0.0,0.0,0.0,0.0,0.0,0.0,0.0,0.0,0.0,0.21775247821481536,0.048497767066818645,0.0
2678,0.15009889975785268,0.0,0.003435959191303584,0.44611971177646353,0.032743608418972725,0.0,0.0,0.0,0.0,0.0,0.5743106955966806,1.6530626517518603,0.29166825026296966,0.0014919646112946815,0.2770202634876022,0.0,1.207957192632358,0.0,0.0,0.0,0.0,0.025414019263269402,5.327522010441529,0.0026644863045770114,0.028731037421657345,0.0,0.0,0.11929665129169251,0.017308892689139155,0.0,0.00011078945133376348,1.5838157205729058,0.05935464915663241,0.2638491316239675,0.23464254399336867,0.0,0.0,0.05153424246515747,0.8650708776859743,0.6938740409670056,0.0,0.2433876710534913,0.006177018570933535,0.06262889402989669,0.0,0.22788577233015075,0.11973591345168595,0.02160191637377899,0.0,0.16411816765599158,0.0,0.0026172431604920042,0.0,0.7575482289665999,0.7696188410212288,2.1023306529552395,0.22994350624322607,0.14444765819895006,0.0004653156956018066,0.15054276688589444,0.3663580847886846,0.03544956195416582,0.0,0.3191138598309814,0.11125994621103333,0.0,0.002273030243197714,0.6645341231857264,0.14224791337635512,0.013599495223944127,0.0,0.15562557073854832,0.263415994409251,0.0,0.22353833346072471,0.0,0.0,0.0034238331507460166,0.6078935904049595,0.0,0.0,0.7416644444088755,0.0,0.0,0.0,0.0,0.014613061076379906,0.0,0.0,0.0,0.5717127167401755,0.0,0.0,0.0,0.0,0.0,0.07468903513028353,0.0,0.0,0.0,0.0,0.00020680697582302514,0.02718161767111915,0.0036228150586140656,0.0,0.12995413488728666,0.0,0.0,0.16582104881117196,0.0,0.02611996424280466,0.0,0.002223726685536073,0.023966832055222115,0.0,0.0,0.008460350882014418,0.0,0.0,0.011202063288898167,0.29029578963911973,0.06041219301688421,0.0,0.0,0.0,0.40632172015290036
2738,0.0005380719389472111,0.0,0.0,0.025204161073898466,0.0,0.005859005557425186,0.0,0.007090592439904358,2.229299935374509e-05,0.0,0.0,0.007058458995381334,0.0,0.013127469110355033,0.0,0.01695524465393656,0.07526748216806031,0.0,0.0,0.0,0.0,0.0,0.0026644863045770114,0.026640652145892188,0.11345187722476385,0.0,0.00032284316336832664,0.0,0.0,0.007090592439904358,0.0009748120626501261,0.0,0.0,0.0,0.0,0.0,0.0,0.09012248984197185,0.00015852799540440953,0.0,0.0,0.0,0.0,0.009471923875417058,0.0,0.0,0.0,0.0,0.0,0.0,0.0007861997772087434,0.0,0.0,0.15756212305968206,0.01459968527676766,0.0,0.0,0.0,0.00409421066313053,0.0,0.0,0.0,0.0,0.0,0.0,0.007652578687249224,0.019999894152038424,0.00014366599583524612,0.0,0.0,0.0,0.0,0.0,0.0,0.0,0.0,0.0,0.0,0.007587287220960149,0.0,0.0,0.0,0.0,0.0,0.0,0.0,0.0030789672061979296,0.0,0.0,0.0,0.0,0.0,0.0,0.0,0.0,0.0,0.0,0.0,0.00418500396958942,0.014079549069118688,0.0,0.0018196491836135688,0.0,0.031876354448659126,0.0,0.0,0.0,0.0,0.0,0.0,0.0008370007939178839,0.0,0.0,0.0,0.0,0.0,0.0,0.0,0.0,0.0,0.0,0.0,0.02588126026336085,0.0,0.0,0.0
2757,0.009589648926549767,0.0,0.06578306070209645,0.10040799560289478,0.0,0.0,0.0,0.00435417180559448,0.0,0.0,0.07688151783945263,0.028198617546182653,0.0,0.06654543624363221,0.0,0.0,0.04300195725341018,0.0,0.0,0.0,0.0,0.0,0.028731037421657345,0.11345187722476385,0.5904447359607867,0.0007387089331309169,0.0,0.0,0.005247614420603436,0.0,0.004717333772339453,0.008332447612994953,0.0,0.0,0.0,0.0,0.0,0.3606401668953512,0.0,0.0,0.0,0.0008499712662691537,0.04132661583379507,0.05363059505893146,0.0,0.0,0.0,0.0,0.0,0.0,0.10553849296325699,0.0006543107901230011,0.0,0.7648367787371294,0.0,0.001966242543000317,0.05748587656080652,0.05352453442564243,0.019812801843825705,0.0,0.0,0.0,0.0,0.0,0.0045800967172269285,0.0,0.09678396456249778,0.0,0.0,0.0,0.0,0.0,0.0,0.0,0.0,0.0,0.0,0.0,0.03671658119470875,0.0,0.0,0.15963847950858118,0.0,0.0,0.0,0.0,0.0,0.0,0.0,0.0,0.0,0.0,0.0,0.0,0.0,0.0036351775400738696,0.0,0.0,0.0,0.0,0.0,0.00880568970836698,0.0,0.15425681435550012,0.0,0.03346253512994984,0.0,0.0,0.04145526220279299,0.0,0.0,0.0,0.0,0.0,0.0,0.0,0.0,0.0,0.0,0.0,0.0,0.0,0.0,0.0009423858817719516,0.0,0.0
2778,0.0,0.0,0.0013953390959139539,0.0,0.0,0.0,0.0,0.0,0.0,0.0,0.1979348799984014,0.07049654386545663,0.0265235013083792,0.007546686940318934,0.0,0.0,0.0,0.0,0.0,0.07328458743008819,0.0,0.0011743681841378927,0.0,0.0,0.0007387089331309169,2.630494828630577,0.017770695548479157,0.0,0.0,0.0,0.0,0.4167637723092852,0.1367570125264407,0.0,0.0,0.0,0.0,0.0,0.0,0.0,0.0,0.002124928165672884,0.0,0.44983989545043673,0.013078694729950777,0.0,0.0,0.0,0.0,0.0,0.0,0.0,0.0,0.0058959916699893545,0.0,0.004915606357500792,0.0,0.0,0.0,0.0,0.0,0.0,0.0,0.023630579314969792,0.0,0.0,0.0,0.0,0.17744001370616633,0.0,0.0,1.1380059377829124,1.170702674607789,0.0,0.0,0.0,0.0,0.0,0.0,0.0,0.0,0.0,0.04964808583347189,0.0,0.0,0.0,0.0,0.0,0.0,0.0,0.0,0.0,0.0,0.0,0.0,0.009087943850184676,0.0,0.0,0.0,0.0,0.0,0.0,0.0,0.0,0.0,0.0024350035203204294,0.0,0.0,0.0,0.0,0.0,0.03608013858134049,0.0,0.2967157005711939,0.0,0.0,0.0,0.0,0.0,0.0,0.0,0.0,0.0,0.16164515344586397,0.0,0.0
2842,5.4719180231919764e-05,0.0,0.0,0.000719253224604012,0.0,0.0005958310736364597,0.009689460764565396,0.0007210771972784093,0.0,0.0,0.0,0.005280963846909392,0.0,0.0,0.0,0.0017242621681969384,0.006943863971430618,0.0,0.0,0.0,0.0,0.0,0.0,0.00032284316336832664,0.0,0.017770695548479157,0.49230185546041005,0.0,0.0,0.0007210771972784093,0.0,0.0030282450031228684,0.0,0.0,0.0,0.0,0.0,0.0015862482358342076,0.0,0.0,0.0,0.0,0.0,0.0,0.0,0.0,0.0068312280292412925,0.0,0.0,0.0,0.0,0.0,0.0,0.0,0.0014847137569594228,0.0,0.0,0.0,0.0,0.0,0.0,0.0,0.0,0.0,0.0,0.0007782283410761922,0.0,0.0,0.02441306359228625,0.0,0.0,0.0,0.0,0.0,0.0,0.0,0.0,0.0,0.0,0.0,0.0,0.0,0.0,0.0,0.0,0.0,0.0003131153091048742,0.0,0.0,0.0,0.0,0.0,0.0,0.0,0.0,0.0,0.0,0.0,0.00042559362402604263,0.0014318185494019006,0.0,0.0,0.0,0.0,0.0,0.0,0.0,0.0,0.0,0.0,8.511872480520853e-05,0.0,0.0,0.0,0.0,0.0,0.0,0.0,0.0,0.0,0.0,0.0,0.0026319925691553406,0.030499412706757302,0.0,0.0
2859,0.0,0.0,0.0,0.023940699705979673,0.0,0.007275523002725198,0.0,0.0,0.0,0.0,0.016147314831903205,0.1313553512284848,0.0,0.0,0.0,0.0,0.02765657114825975,0.0,0.0,0.0,0.0,0.0,0.11929665129169251,0.0,0.0,0.0,0.0,0.4812972428430607,0.0,0.0,0.14944756136764353,0.09390034257790969,0.0,0.016056904334524127,0.5056557561414737,0.013210459867040112,0.0,0.0,0.0,0.0,0.0,0.027340213221067056,0.0,0.01057579889341667,0.0,0.0020161540915534237,0.004836961609780636,0.0,0.0,0.0,0.0,0.0,0.0,0.0,0.0,0.07042977745830122,0.0,0.0,0.0,0.0,0.022295228653680464,0.16101499340504086,0.06525169918113653,0.0,0.005732025533833501,0.0,0.0,0.022344768652244343,0.0,0.0,0.002247134334857505,0.0,0.0,0.0,0.0,0.0,0.0,0.05369937684330117,0.03694172922909099,0.0,0.005421657442830806,0.038077309846171484,0.11199330707613744,0.010260352952561178,0.0,0.0,0.0,0.0,0.0,0.0,0.0,0.0,0.014053574347144401,0.0,0.0,0.007722294976137298,0.0,0.0,0.0,0.0,0.0,0.0,0.0,0.0,0.0,0.0,0.0,0.01710058825426863,0.0,0.0,0.0,0.0,0.0,0.0,0.0,0.0,0.0,0.0,0.0,0.0,0.0,0.0,0.0,0.0,0.0,0.024727271033177643
2860,0.019130365845427117,0.0,0.006790109830433273,0.0,0.0,0.22683818150597407,0.0,0.0,0.9190473294894251,0.0,0.010741104861351866,0.0,0.5769196520665038,0.0,0.0,0.0,0.0,0.0,0.0,0.0,0.0,0.0,0.017308892689139155,0.0,0.005247614420603436,0.0,0.0,0.0,3.1083004923748554,0.0,0.0,0.0,0.0,0.0,0.0,0.0,0.0,0.0,0.0,0.0,0.0,0.09510078681583711,0.055900056170414464,0.04325146995981338,0.0,0.17911367752128465,0.055105862438892,0.0,0.0,0.0,0.0,0.0,0.0,0.0,0.6335505020293695,0.0,2.6737947351980775,0.021718549293125177,0.0,0.0,0.0,0.0,0.0,0.0,0.15373600260241618,0.13031129575875106,0.03018242427049198,0.0,0.5058380070407359,0.0,0.0,0.0,0.0,0.0,0.0,0.0,0.0,0.0,0.0,0.0,0.0,0.022832321051746977,0.0,0.0,0.0,0.0,0.0,0.0,0.0,0.0,0.0,0.0,0.0,0.0,0.0,0.0,0.0,0.0,0.0,0.0,0.0,0.0,0.0,0.0,0.0,0.0,0.0,0.0,0.0,0.0,0.0,0.0,0.0,0.923450084270884,0.0,0.0,0.0,0.0,0.0,0.0,0.0,0.0,0.0,0.1726961084800517,0.0,0.0
2976,0.001201795328797349,0.0,0.06971652532897778,0.015796931932969598,0.0,0.013086215802460022,0.0,0.1852340628665872,0.01907618710154317,0.0,0.0,2.4220125113879365,0.2085182112234179,0.0,0.0,0.03786990613854757,0.15250782722438355,0.0,0.0,0.0,0.0,0.0,0.0,0.007090592439904358,0.0,0.0,0.0007210771972784093,0.0,0.0,0.6296108336435771,0.03818757012024786,0.012349330842003502,0.006071295710361986,0.0,0.0,0.0,0.0,0.034838711253692034,0.0,0.0,0.0,0.0,0.0,0.0013726407692992316,0.0,0.0,0.0,0.0,0.0,0.3920297233035767,0.0,0.0,0.06402153094407079,0.0,0.0326087132547014,0.0,0.30388154877255297,0.0,0.0,0.0,0.0,0.0,0.0,0.0,0.011667446539043471,0.017092200231784517,0.0,0.013972779113122948,0.0,0.0,0.012635334260985237,0.0,0.01311047914266574,0.0,0.0,0.0,0.0,0.0,0.0,0.0,0.0,0.0,0.04419760511874937,0.0,0.0,0.0,0.006876939937007052,0.0,0.0,0.0,0.0,0.0,0.0,0.0,0.0,0.0,0.0,0.0,0.009347297001757158,0.031446977770197296,0.0,0.0,0.0,0.0,0.0,0.0,0.0,0.0,0.0,0.0,0.0018694594003514314,0.0,0.0,0.0,0.0,0.00714961259273887,0.0,0.0,0.004712244663396073,0.0,0.0,0.0,0.057806355315152484,0.32416491304819206,0.0,0.0
5404,0.05018765523146661,0.0,0.09421287241430426,0.07995601518668922,0.046266282867871086,0.0,0.0,0.03288217404677401,0.026484533595872474,0.0,0.0,0.029242222652293072,0.2972285183699641,0.01390096863338649,0.07510608310455731,0.0,0.0002904845370336481,0.07595175339822388,0.0,0.0674918303616516,0.0,0.12073784866354981,0.00011078945133376348,0.0009748120626501261,0.004717333772339453,0.0,0.0,0.14944756136764353,0.0,0.03818757012024786,0.3149760652282052,0.14569752984453552,0.16303499810557356,0.0,0.18538750175304822,0.004843322995959861,0.0,0.0913475239337319,0.0,0.0,0.07681484150502188,0.0,0.0,0.06330335859216271,0.013884507842954584,0.0,0.0,0.022238291432603752,0.050666650722126394,0.544276711176431,0.0,0.005364956662656331,0.0,0.017705572968548824,0.0,0.0,0.4470166559686437,0.0,0.00017023744961041707,0.0,0.0,0.36239992897615536,0.0,0.0,0.016198566212235657,0.0,0.000831596430438188,0.019399187892179655,0.0,0.016524066520981498,0.017542338673280845,0.0,0.01820200879052121,0.0,0.0,0.0,0.0,0.0,0.0003154797181272411,0.0,0.0,0.0,0.05727627733051899,0.0,0.0,0.0,0.0,0.0,0.03303838266951838,0.21864629237981353,0.0,0.0,0.0,0.0,0.0,0.0,0.0,0.0,0.0,0.015358255245686457,0.0,7.566108871574091e-05,0.0,0.0013254201433953899,0.0,0.0,0.0,0.00051375230328858,0.0,0.0,0.0,0.03400934412318922,0.0,0.28316619570943696,0.0,0.0,0.0,0.0,0.0,0.0154090562623956,0.0,0.0016441424796104483,0.0,0.07820755723283007,0.014029772629652573,0.0
5432,0.06572705798553811,0.29283996130173007,0.11452683889814709,0.440029489534832,0.05086451798002675,0.0,0.015503137223304637,0.0035682309874691385,0.0,0.0,0.4071607926194855,0.8904277345463554,0.010124804761036056,0.03747025345922407,0.037468992441078805,0.04239088137112475,0.4459075792507948,0.09946839071649677,0.0,0.1698473221217265,0.0,0.13559061577843537,1.5838157205729058,0.0,0.008332447612994953,0.4167637723092852,0.0030282450031228684,0.09390034257790969,0.0,0.012349330842003502,0.14569752984453552,3.2499819046085423,0.08756392906159688,0.20767996067044533,0.0,0.0,0.0,0.05299054953657674,0.0,0.012259460780972394,0.10059871333827514,0.0,0.0,0.10440971283688844,0.14698323917544573,0.026076931998597584,0.10572691384415846,0.02912384457390657,0.6488719062715788,0.0,0.0,0.05723900974069025,0.00134856883363342,0.0,0.0,0.9109385662290367,0.12098208085646972,0.0,0.0,0.0,0.28836643187686833,0.1407333968066233,0.0,0.0,0.07413800397807564,0.0,0.0,0.0,0.0,0.21951308472741324,0.0,0.20991172634665745,0.2159428271036392,0.0,0.0,0.0,0.0,0.0,0.4778042338397746,0.0,0.0,0.33596766007876777,0.597313468020759,0.0,0.0,0.0,0.0,0.0,0.0,0.0026454359233110836,0.25478321055496256,0.0,0.0,0.0,0.0,0.1383055878451852,0.0,0.0,0.0,0.004915854057493611,0.0,0.0,0.0,0.0,0.0,0.07958142524300281,0.0,0.0,0.08724480139812084,0.0,0.0,0.04453952118156479,0.0,0.6969678926909538,0.0,0.00015060159563418904,0.0,0.0,0.002294399997123678,0.0,0.0,0.0,0.0,0.07706586292956318,0.01837375495826971,0.31982246195589414
5435,0.11203755530212747,0.0,0.19415852472151104,0.1768086264244697,0.11016602422910882,0.00570386654828617,0.0,0.0,0.004210674696117974,0.0,0.0,0.1651419905399482,0.08676770869376953,0.07827734107626164,0.06386919544848686,0.0,0.02878505853827314,0.1695526266848149,0.0,0.17389543806801147,0.042845118121593175,0.3155891339695238,0.05935464915663241,0.0,0.0,0.1367570125264407,0.0,0.0,0.0,0.006071295710361986,0.16303499810557356,0.08756392906159688,1.1271998567098076,0.0931308287729445,0.008973213717146966,0.0,0.0,0.7921039767557677,0.03308209045916042,0.0178149888108315,0.17147936107896056,0.0,0.031943233446720364,0.39020526648828435,0.0,0.0,0.0,0.04964415641085853,0.0,0.43956197831656657,0.0,0.0,0.0,0.10881458432737681,0.009423138235922222,0.03151493764095447,0.14643298490048803,0.0,0.0,0.0,0.0,0.2835537899027464,0.004070701681993853,0.012203570655319875,0.01672481610607103,0.0,0.0,0.028497354996613416,0.00481082926053819,0.0,0.0027889893282405033,0.0,0.0028938677570183495,0.0,0.00854856585672987,0.182854499108296,0.0,0.0,0.0,0.0,0.0,0.003943158703873033,0.0,0.0012077739058967624,0.0,0.0,0.0,0.0,0.039383398131036376,0.004509378369276992,0.012117630016902128,0.0,0.0,0.0,0.0,0.0,0.002856262394472133,0.018636744796100405,0.0,0.0,0.0,0.0,0.0,0.0,0.0,0.0,0.0,0.0027562253746448474,0.09254958948070323,0.0,0.0,0.09719283843700852,0.0,0.7270837532179208,0.0,0.0,0.00032354122698445396,0.0,0.0,0.04867737207979387,0.011101508350904078,0.007504150096097496,0.0,0.18396730258512767,0.031319682492069296,0.0
5436,0.0,0.0,0.0,0.052949791628667364,0.0,0.07695484829641776,0.0,0.0,0.0,0.0,0.035713114746525644,0.1306148183226795,0.0,0.0,0.0,0.0,0.06116820717224074,0.0,0.0,0.0,0.5780534199700005,0.0,0.2638491316239675,0.0,0.0,0.0,0.0,0.016056904334524127,0.0,0.0,0.0,0.20767996067044533,0.0931308287729445,1.7025784320118948,0.0,0.0,0.0,0.0,0.0,0.0,0.0,0.0,0.0,0.05774005053071097,0.0,0.004459140307096988,0.010697937508057795,0.0,0.0,0.0,0.0,0.0,0.0,0.0,0.0,0.15576996857527145,0.0,0.0,0.0,0.0,0.04931049326144023,0.47136331344467314,0.0,0.0,0.20357791368026926,0.0,0.0,0.0,0.0,0.0,0.0,0.0,0.0,0.0,0.0,0.0,0.0,0.0,0.08170424795873674,0.0,0.0,0.0,0.0,0.0162949215094424,0.0,0.0,0.0,0.0,0.0,0.0,0.0,0.0,0.0,0.0,0.0,0.0,0.0,0.2514413435836586,0.0,0.0,0.0,0.0,0.0,0.0,0.0,0.025749269944459863,0.0,0.0,0.0,0.0,0.0,0.0,0.0,0.0,0.0,0.0,0.0,0.0,0.0,0.0,0.0,0.0,0.0,0.0,0.0,0.05468945623278144
5437,0.0,0.0,0.0,0.0,0.0,0.00704242605039157,0.0,0.0,0.0,0.0,0.0,0.10320195019008226,0.031016542737220692,0.0,0.0,0.0,0.11379393965575685,0.0,0.0,0.0,0.0,0.009150668243820893,0.23464254399336867,0.0,0.0,0.0,0.0,0.5056557561414737,0.0,0.0,0.18538750175304822,0.0,0.008973213717146966,0.0,1.2655576529580248,0.016387381161307526,0.00035137369890488724,0.0,0.25899511249195406,0.0704267375038439,0.0,0.0,0.0,0.03672976558978109,0.0,0.0,0.0,0.0,0.0,0.0,0.0,0.0,0.0,0.10831808095086093,0.0372518271019197,0.12458577797927436,0.0,0.0,0.0,0.0,0.0,0.0,0.0,0.09589576868370037,0.0,0.0,0.0,0.1004640208376343,0.0,0.0,0.0,0.10189988140055538,0.0,0.0,0.033794441861237236,0.0,0.0,0.0,0.0,0.0,0.005091180616047408,0.015588210911747512,0.0,0.0,0.0,0.0,0.0,0.0,0.0,0.0,0.10760739589419034,0.0,0.0,0.0,0.0,0.0,0.011291460468124803,0.0,0.0,0.0,0.0,0.0,0.0,0.0,0.0,0.0,0.0,0.0,0.0,0.0,0.0,0.0,0.0,0.0,0.0,0.0,0.0012790326901946677,0.06087738486248961,0.0,0.0,0.04388680918230454,0.0091330928034213,0.0,0.0861015083039912,0.0,0.0
5438,0.0,0.0,0.0,0.0,0.0,0.0,0.0,0.0,0.0,0.0,0.0,0.0,0.0,0.0,0.0,0.0,0.0,0.0,0.0,0.0,0.0,0.03603926808252529,0.0,0.0,0.0,0.0,0.0,0.013210459867040112,0.0,0.0,0.004843322995959861,0.0,0.0,0.0,0.016387381161307526,0.005288102110338824,0.0,0.0,0.0,0.0,0.0,0.0,0.0,0.0,0.0,0.0,0.0,0.0,0.0,0.0,0.0,0.0,0.0,0.0,0.0,0.002589027879491759,0.0,0.0,0.0,0.0,0.0,0.0,0.0,0.0,0.0,0.0,0.0,0.0,0.0,0.0,0.0,0.0,0.0,0.0,0.0,0.0,0.0,0.0,0.0,0.0,0.0,0.0,0.0,0.0,0.0,0.0,0.0,0.0,0.0,0.0,0.0,0.0,0.0,0.0,0.0,0.0,0.0,0.0,0.0,0.0,0.0,0.0,0.0,0.0,0.0,0.0,0.0,0.0,0.0,0.0,0.0,0.0,0.0,0.0,0.0,0.0,0.0,0.0,0.0,0.0,0.0,0.0,0.0,0.0,0.0,0.0
5439,0.0,0.0,0.0,0.0,0.0,0.0004984849764584394,0.0,0.0,0.0,0.0,0.0,0.0,0.0,0.0,0.0,0.0,0.0,0.0,0.046203513437872545,0.0,0.0,0.0006477129630415391,0.0,0.0,0.0,0.0,0.0,0.0,0.0,0.0,0.0,0.0,0.0,0.0,0.00035137369890488724,0.0,0.18664008683946412,0.0,0.009075389964184964,0.0,0.0,0.0,0.0007022294796429703,0.0025998478655417335,0.0,0.0,0.11927165611059891,0.0,0.0,0.0,0.0,0.0,0.0,0.0,0.0,0.023078951430961014,0.0,0.0,0.0,0.0,0.01587248043077951,0.0,0.0,0.0033729758385839625,0.0,0.0,0.0,0.0,0.01359195163325372,0.0,0.0,0.0,0.0,0.0,0.0,0.0,0.0,0.0,0.0,0.0,0.0003603697122804642,0.012685729950433398,0.0,0.0,0.0,0.0,0.24661638416443915,0.0,0.0,0.0,0.004226009577491611,0.0,0.0,0.0,0.0,0.0,0.0,0.09605587295178634,0.0005836712558071441,0.0,0.0,0.0,0.0,0.0,0.0,0.0,0.0,0.0,0.0,0.0,0.0,0.0,0.0,0.0,0.0,0.0,0.0,0.0,0.0,0.0,0.0,0.0,0.0,0.0060945344733246785,0.0,0.0
5440,0.04996969049687612,0.0,0.08149136107399906,0.16707289079760942,0.039814137159458717,0.028787467983657836,0.0,0.034838711253692034,0.0,0.0,0.0,0.10179805418532545,0.007290238634116787,0.1464788882127937,0.06767861867441859,0.08330740734862616,0.3576990447351573,0.07162096672376968,0.0,0.05520494243601975,0.0,0.15990222370548093,0.05153424246515747,0.09012248984197185,0.3606401668953512,0.0,0.0015862482358342076,0.0,0.0,0.034838711253692034,0.0913475239337319,0.05299054953657674,0.7921039767557677,0.0,0.0,0.0,0.0,1.2469226082846023,0.0,0.007492339310076244,0.07243484134563069,0.0,0.0,0.08763464740954681,0.0,0.0,0.026380589671612994,0.02097025887390838,0.0,0.47064153818377863,0.0,0.0,0.0,0.5446710833422711,0.07173367022050249,0.0,0.0,0.0,0.013014653022716384,0.0,0.0,0.22344023300447766,0.0,0.1936667501630399,0.0,0.03759995818273677,0.06357554710699947,0.0,0.0,0.029003957777381982,0.0,0.0,0.025661156301559657,0.0,0.0,0.0,0.0,0.0,0.024118424450827583,0.0,0.0,0.01902832470747611,0.0,0.0,0.0,0.0,0.015128108175085496,0.0,0.03641433090801617,0.0657950741517482,0.0,0.0,0.0,0.0,0.0,0.0,0.0,0.0,0.02056247713118417,0.07356846288094979,0.0,0.005784290232318392,0.0,0.10132836996257756,0.0,0.0,0.0,0.002018023100590152,0.0,0.0,0.004112495426236834,0.032070123397587386,0.0,0.2332356868477886,0.0,0.0,0.0,0.0,0.0,0.0,0.0,0.0,0.12716423357270895,0.01610432762405846,0.013229791725570606,0.0
5441,0.0,0.0,0.0,0.007367948877318579,0.0,0.18189398609068588,0.0,0.0,0.00016213090439087336,0.0,0.0,0.4318151272638684,0.11435056657598434,0.0,0.0,0.0,0.4195310090745199,0.0,0.0,0.0001639323588841053,0.0,0.23634632587579565,0.8650708776859743,0.00015852799540440953,0.0,0.0,0.0,0.0,0.0,0.0,0.0,0.0,0.03308209045916042,0.0,0.25899511249195406,0.0,0.009075389964184964,0.0,3.8033501738032345,0.2596465184367067,0.0007551246872004927,0.0,0.0,0.9523942675363625,0.0,0.0,0.0,0.0,0.0,0.001641575406957593,0.005717816561518135,0.0,0.0,0.399342829150667,0.13733856707321832,0.4593179330120402,0.0,0.0,0.0,0.0,0.0,0.0,0.002481514823517561,1.4086396397647463,0.0,0.0,0.0,0.3714316336688795,0.0,0.0,0.0,0.0,0.0012700254177285082,0.0,0.12459201551545718,0.0,0.0,0.0,0.0,0.0,0.13149660777893535,0.05747000124308491,0.0,0.0,0.0,0.0,0.0,0.0,0.0005827592694699456,0.0,1.718653654886797,0.0,0.0,0.0,0.0,0.0,0.041628911156849975,0.0,0.0,0.0,0.0,0.0,0.0,0.0,0.0,0.0,0.0,0.0,0.0,0.0,0.0,0.0,0.0,0.0,0.0,0.0,0.004715487281483891,0.0,0.0,0.0,0.161800157345916,0.03367152636934591,0.0,2.2268307154779077,0.0,0.0
5442,0.0,0.0,0.0,0.0,0.0,0.0,0.0,0.0,0.0,0.0,0.0,0.20489220984216894,0.06157875865124829,0.0,0.0,0.0,0.22592103850528852,0.0,0.0,0.0,0.0,0.0,0.6938740409670056,0.0,0.0,0.0,0.0,0.0,0.0,0.0,0.0,0.012259460780972394,0.0178149888108315,0.0,0.0704267375038439,0.0,0.0,0.007492339310076244,0.2596465184367067,0.18637834676068812,0.0,0.0,0.0,0.011190275021058082,0.0,0.018929143378533114,0.020210022559583343,0.0,0.0,0.0,0.0,0.0,0.0,0.2150495308568078,0.07395799363783945,0.24734663752054245,0.0,0.02626070287508841,0.0,0.0,0.0,0.007227052617766677,0.0,0.09578036300522769,0.0,0.0,0.0,0.1994564560179286,0.0,0.02221977022859521,0.0,0.0,0.0,0.0,0.06709386654591551,0.0,0.0,0.0,0.0,0.0,0.0,0.03094808746647788,0.0,0.0,0.0,0.0,0.0,0.0,0.0,0.0,0.09510585340659933,0.0,0.0,0.0,0.0,0.0,0.022417524895589746,0.0,0.0,0.0,0.0,0.0,0.001200489274289756,0.0,0.0,0.0,0.0,0.0,0.0,0.0,0.0,0.0,0.0,0.0,0.0,0.0,0.0025393302536597232,0.0,0.0,0.002036544304598693,0.08713076932869926,0.018132405092538963,0.0,0.0,0.0,0.0
5444,0.12871548855501214,0.0,0.22163742742037582,0.20312839448875497,0.09960968104421905,0.0,0.0,0.0,0.0,0.0,0.0,0.0,0.019827742657028948,0.0,0.07337677686377933,0.0,0.0,0.19479226515313947,0.0,0.16962315362822497,0.0,0.26553162256610263,0.0,0.0,0.0,0.0,0.0,0.0,0.0,0.0,0.07681484150502188,0.10059871333827514,0.17147936107896056,0.0,0.0,0.0,0.0,0.07243484134563069,0.0007551246872004927,0.0,0.6069826286450039,0.0,0.0,0.6290573930459844,0.0,0.0,0.0,0.057034195623900365,0.0,0.0018645054004950438,0.0,0.0,0.0,0.0,0.004547276468178359,0.14164426849385428,0.0,0.0,0.0,0.0,0.0,0.24537420247772163,0.002818510663748341,0.0,0.0,0.0,0.0,0.0,0.0,0.0,0.0,0.0,0.0,0.0,0.0,0.04716950963259641,0.0,0.0,0.0,0.11632883382772698,0.0,0.02395803870547703,0.0,0.0,0.0,0.0,0.0,0.0,0.014846687205970922,0.005180645349817539,0.0,0.0,0.0,0.0,0.0,0.0,0.0,0.0,0.0,0.0,0.0,0.0,0.0,0.0,0.0,0.0,0.0,0.0,0.0,0.0,0.0,0.0872232289805644,0.0,0.634346474697204,0.0,0.0,0.0,0.0,0.0,0.0,0.0,0.0,0.0,0.04717786387780878,0.035981936793278185,0.0
5446,0.2854567676157625,0.0,0.020483798606192264,0.0,0.0,0.005212609907981823,0.0,0.0,0.0,0.0,0.007965986732709249,0.13291392461966672,0.4752856878673305,0.008683348430095366,0.0,0.0,0.0,0.0,0.0,0.0,0.0,0.04484540815451558,0.2433876710534913,0.0,0.0008499712662691537,0.002124928165672884,0.0,0.027340213221067056,0.09510078681583711,0.0,0.0,0.0,0.0,0.0,0.0,0.0,0.0,0.0,0.0,0.0,0.0,0.6336928957479688,0.010899925593111424,0.022419303831901813,0.0,0.4979832939002556,0.1532088407222436,0.03811859693133824,0.0,0.0,0.0,0.0,0.0,0.04819374910290459,0.9232548403810894,0.21904538210460792,0.0,0.0,0.0,0.2656467580264013,0.0,0.17010932115958594,0.04675013102657202,0.0,0.09379130954470682,0.0,0.0,0.01600909823590999,0.25700541726327,0.0,0.0,0.2746158396573044,0.0,0.0,0.0,0.0,0.0,0.009669926242404413,0.0,0.0,0.0,0.027280810259152733,0.08023855080577148,0.007351116536897444,0.0,0.0,0.025786109688846457,0.0,0.0,0.0,0.4496997873272256,0.0,0.01006880204447771,0.0,0.0,0.010456745269595205,0.0,0.0,0.0,0.0,0.0,0.0,0.03631232354733692,0.0,0.0,0.009964666715678321,0.0,0.012251860894829072,0.0,0.0,0.04609111393658546,0.0,0.003923973213520113,0.04229171130127233,0.0,0.0,0.0,0.0,0.0,0.0,0.0,0.0,0.0,0.0,0.0,0.0
5474,0.00807051612967903,0.0,0.0,0.0,0.008718307906354647,0.0,0.0,0.0,0.0,0.0,0.0,0.050350833231281665,0.0,0.0,0.0,0.0,0.0,0.0,0.0,0.0,0.0,0.001418645413420142,0.006177018570933535,0.0,0.04132661583379507,0.0,0.0,0.0,0.055900056170414464,0.0,0.0,0.0,0.031943233446720364,0.0,0.0,0.0,0.0007022294796429703,0.0,0.0,0.0,0.0,0.010899925593111424,0.6075387601652457,0.0,0.0,0.0,0.0,0.0012058486014071208,0.0,0.0,0.0,0.0,0.0,0.0012925435988939073,0.029206362448787174,0.00675038775885751,0.0,0.0,0.0,0.008403503733662368,0.0,0.0017319296088837567,0.02069682060001694,0.0,0.04878934373563882,0.0,0.0,0.0,0.03240035252437796,0.0,0.0,0.008687232816346396,0.0,0.0,0.0,0.0,0.0,0.00019112306264132468,0.0,0.0,0.0,0.0048237096601647985,0.0,0.0,0.01573463538477552,0.0,0.0008157211127165817,0.0,0.0,0.007717960226262959,0.014225860951240869,0.0,0.0,0.0,0.0,0.0,0.0,0.0,0.00022193919356617333,0.0,0.0,0.0,0.0011487087166999206,0.0,0.0,0.0,0.0,0.0,0.4705533344681538,0.0,0.0014580522304595903,0.0,0.00012413147367426242,0.0013378614384892728,0.0,0.0,0.0,0.0,0.0,0.0,0.0,0.0,0.0,0.2212869206714458,0.0,0.0
5475,0.10222157613668427,0.06085637539946229,0.1910189385716159,0.16864332001117494,0.07910670820676444,0.05531334496014999,0.0,0.0,0.013940274118610695,0.0,0.0,0.7437820541656696,0.08109758563995971,0.08492595791534213,0.05827340491070403,0.0,0.0028225414181769475,0.1546975627154505,0.0,0.2775009703600306,0.0,0.2785830928150244,0.06262889402989669,0.009471923875417058,0.05363059505893146,0.44983989545043673,0.0,0.01057579889341667,0.04325146995981338,0.0013726407692992316,0.06330335859216271,0.10440971283688844,0.39020526648828435,0.05774005053071097,0.03672976558978109,0.0,0.0025998478655417335,0.08763464740954681,0.9523942675363625,0.011190275021058082,0.6290573930459844,0.022419303831901813,0.0,2.3451729111427237,0.0,0.0051896075859213684,0.0,0.04529466838694646,0.0,0.02876479217522428,0.0,0.0,0.0,0.1258645066740233,0.01415938728044061,0.21402046123663968,0.05295190833769692,0.007506559541482193,0.0016541405520478856,0.0,0.0,0.1948680613509422,0.013908737405888553,0.3525836232970853,0.0005822526103937241,0.001841604410249833,0.008080345315757726,0.0006972979979677479,0.007148678088220505,0.0,0.0014718108391516493,0.0,0.0006542657537606702,0.0,0.0,0.05400079395729062,0.0,0.02010336519449343,0.0030654112611363596,0.13317605876661312,0.03969983487186315,0.02775041566826655,0.0,0.0,0.0,0.0,0.0,0.0,0.019505417411827423,0.004114296880730066,0.44175287349396347,0.0,0.0,0.0,0.0,0.09877440289116031,0.0,0.0,0.0,0.0,0.0,0.0007351735786879491,0.00032912573591347295,0.012878665726658538,0.0,0.038637055534490386,0.0,0.0,0.0,0.0,0.0,0.13620763646054848,0.0,1.0671172060151883,0.0,0.0,0.0,0.0,0.002535682308310929,0.0005583383019960702,0.0,0.0,0.0,0.9927236206808855,0.028575661971616092,0.0
5476,0.0,0.00638394939675297,0.0,0.0,0.0,0.0,0.024807649680847536,0.0,0.0,0.02539141100937934,0.0011457475758766705,0.004516471596344093,0.0,0.0,0.0,0.0,0.0,0.0,0.0,0.012150765520487014,0.0,0.035955635557676995,0.0,0.0,0.0,0.013078694729950777,0.0,0.0,0.0,0.0,0.013884507842954584,0.14698323917544573,0.0,0.0,0.0,0.0,0.0,0.0,0.0,0.0,0.0,0.0,0.0,0.0,0.02957862176072297,0.0019030790448313724,0.0,0.0,0.06879606089657035,0.0,0.0,0.04824430241962091,0.0,0.0,0.0,0.0,0.0,0.0,0.0,0.0,0.0,0.014384186283014789,0.0,0.0,0.0,0.0,0.0,0.0,0.0,0.02243666534958034,0.0,0.00658735612722002,0.006776621439915199,0.0,0.0,0.0,0.0,0.0,0.0,0.0,0.0,0.0024537161288688764,0.07777072703640249,0.0,0.0,0.0,0.0,0.0,0.0,0.0,0.0,0.0,0.0,0.0,0.0,0.0,0.0,0.0,0.0,0.000641047581416581,0.0,0.0,0.0,0.0,0.0,0.0,0.0,0.0,0.0,0.0,0.0,0.0,0.0,0.048646769871590084,0.0,0.0,0.0,0.0,0.0,0.0,0.0,0.0,0.0,0.0,0.0,0.0
5477,0.06641262401111869,0.0,0.03555555503291135,0.00664853802544641,0.0,0.0,0.005695928889425367,0.0,0.0,0.0,0.01948745916234802,0.03785480769807617,0.9083344849454359,0.0,0.0,0.0,0.02763868045332384,0.0,0.0,0.0,0.0,0.008255548024315114,0.22788577233015075,0.0,0.0,0.0,0.0,0.0020161540915534237,0.17911367752128465,0.0,0.0,0.026076931998597584,0.0,0.004459140307096988,0.0,0.0,0.0,0.0,0.0,0.018929143378533114,0.0,0.4979832939002556,0.0,0.0051896075859213684,0.0019030790448313724,1.0355454099667911,0.2898981748551917,0.0,0.0,0.0,0.0,0.009404493181917273,0.011328356507964307,0.0,0.0,0.01955895438754816,0.0,0.012178676806041526,0.055712434684944356,0.0,0.0061915765750569654,0.003302662817895004,0.0,0.0,0.1782392289920887,0.0,0.0,0.0,0.0,0.0,0.0,0.0,0.0,0.0,0.0,0.0,0.0,0.026005774546114923,0.010259035638963002,0.0,0.0,0.0005633823745771196,0.0,0.0,0.0,0.0,0.0,0.0,0.0,0.0,0.0,0.0,0.0,0.0,0.0,0.0,0.0,0.0,0.0,0.0,0.0,0.0,0.0005567395111333268,0.0,0.0,0.0,0.0,0.0,0.0,0.0,0.0,0.0,0.0,0.0,0.0,0.0,0.0,0.0,0.0,0.0009444688135297509,0.0,0.0,0.0,0.0,0.0,0.006866975641841363
5479,0.01757823265405849,0.0,0.010938972119252226,0.015950528446698784,0.0,0.0,0.0,0.0,0.0,0.0,0.015374040490683402,0.03934624313211347,0.2754028500890351,0.0,0.0,0.0,0.11549485047008526,0.0,0.029825274658118166,0.162196612443514,0.0,0.0,0.11973591345168595,0.0,0.0,0.0,0.0068312280292412925,0.004836961609780636,0.055105862438892,0.0,0.0,0.10572691384415846,0.0,0.010697937508057795,0.0,0.0,0.11927165611059891,0.026380589671612994,0.0,0.020210022559583343,0.0,0.1532088407222436,0.0,0.0,0.0,0.2898981748551917,0.5756205556768906,0.0,0.0,0.0,0.0,0.0,0.0,0.0,0.0,0.061821864935109945,0.0,0.0,0.0,0.0,0.025100228408729566,0.025446512998691072,0.0,0.0,0.058166060741088564,0.0,0.0,0.0,0.008773871518380272,0.07823599769564198,0.04743597852941716,0.0,0.0,0.0,0.0,0.0,0.0,0.0,0.02461248460468702,0.0,0.0,0.0,0.0,0.0,0.0,0.0,0.17314747416242157,0.0,0.0,0.0,0.0,0.0,0.0,0.0,0.0,0.0,0.0,0.06200595106613708,0.0,0.0,0.0,0.0,0.0,0.0,0.0,0.0,0.0,0.0,0.0,0.0,0.0,0.0,0.0,0.0,0.0,0.0,0.0,0.0,0.0,0.0,0.0,0.0,0.0,0.0,0.0,0.016474582817870533
5505,0.06548754335157235,0.0,0.06416517442172485,0.05880671425433476,0.028837514641297936,0.0,0.0,0.0,0.0,0.0,0.0,0.0,0.005740233410868289,0.0,0.021242954047821366,0.0,0.0,0.056393361965204857,0.0,0.04346761072172947,0.0,0.08183397520043059,0.02160191637377899,0.0,0.0,0.0,0.0,0.0,0.0,0.0,0.022238291432603752,0.02912384457390657,0.04964415641085853,0.0,0.0,0.0,0.0,0.02097025887390838,0.0,0.0,0.057034195623900365,0.03811859693133824,0.0012058486014071208,0.04529466838694646,0.0,0.0,0.0,0.020728717603637727,0.0,0.0,0.0,0.0,0.0,0.00452020961441755,0.10213882182090143,0.023607070333833118,0.0,0.0,0.0,0.029388253057150687,0.0,0.07709389806511407,0.0,0.0,0.0,0.0,0.0,0.0,0.027768970649546837,0.0,0.0,0.03038049419202283,0.0,0.0,0.0,0.0,0.0,0.0006683846533513756,0.0,0.0,0.0,0.0,0.0,0.0,0.0,0.0,0.0028526932627574173,0.0,0.0,0.0014998234565214057,0.04974986801233949,0.0,0.0,0.0,0.0,0.0,0.0,0.0,0.0,0.0,0.0,0.0,0.004017198483544865,0.0,0.0,0.0,0.0,0.0,0.0,0.0,0.005099016943092968,0.025251573104342215,0.00043410549650656346,0.18832525744515793,0.0,0.0,0.0,0.0,0.0,0.0,0.0,0.0,0.0,0.012680325586953704,0.010416955643475945,0.0
5506,0.0,0.0,0.0,0.0,0.0,0.0,0.0,0.0,0.0,0.0,0.0,0.01648128197676724,0.0,0.0962553727778212,0.0,0.0,0.0,0.0,0.0,0.04433996506007703,0.0,0.0,0.0,0.0,0.0,0.0,0.0,0.0,0.0,0.0,0.050666650722126394,0.6488719062715788,0.0,0.0,0.0,0.0,0.0,0.0,0.0,0.0,0.0,0.0,0.0,0.0,0.06879606089657035,0.0,0.0,0.0,0.5626776118020955,0.0,0.0,0.026582712865753613,0.0,0.0,0.0,0.0,0.0,0.0,0.0,0.0,0.0,0.0,0.0,0.0,0.0,0.0,0.0,0.0,0.0,0.08187475562652113,0.0,0.0,0.0,0.0,0.0,0.0,0.0,0.0,0.0,0.0,0.0,0.0,0.28379704255478555,0.0,0.0,0.0,0.0,0.0,0.0,0.0,0.0,0.0,0.0,0.0,0.0,0.3552859851823825,0.0,0.0,0.0,0.002339278732186318,0.0,0.0,0.0,0.0,0.0,0.0,0.0,0.0,0.0,0.0,0.0,0.0,0.0,0.1775193565175026,0.0,0.0,0.0,0.0,0.0,0.0,0.0,0.0,0.0,0.0,0.0,0.0
5507,0.0,0.0,0.08001118473054444,0.0,0.013604933364695572,0.0,0.0,0.0,0.27188753682730465,0.0,0.0,0.0,2.9719514980320416,0.07336470711867467,0.1151016154723939,0.0,0.1667975047010472,0.0,0.0,0.0,0.0,0.0,0.16411816765599158,0.0,0.0,0.0,0.0,0.0,0.0,0.3920297233035767,0.544276711176431,0.0,0.43956197831656657,0.0,0.0,0.0,0.0,0.47064153818377863,0.001641575406957593,0.0,0.0018645054004950438,0.0,0.0,0.02876479217522428,0.0,0.0,0.0,0.0,0.0,7.344195675248073,0.0,0.0,0.0,0.080214659015555,0.0,1.182768208812565,4.331138363407654,0.0,0.0,0.0,0.0,0.032837115166262046,0.00612719709510509,0.0,0.16629283848385884,0.17463527291020065,0.09233870671408927,0.19915009616317333,0.06591340719377237,0.0,0.1800878703339527,0.0,0.9852978451143342,0.0,0.0,0.0,0.0,0.0,0.0,0.0,0.0,0.049049665169001416,0.0,0.0,0.0,0.0,0.0,0.0,0.0014389117764690013,0.0,0.0,0.0,0.0,0.0,0.0,0.0,0.0,0.09711484671654215,0.0,0.0,0.0,0.0,0.0,0.0,0.0,0.0,0.0,0.0,0.0,0.0,0.0,0.0,0.0,0.0,0.0,0.0,0.0,0.0,0.0,0.0,0.0,0.0,0.0,0.6348917186768525,0.0,0.0
5508,0.14966039195692826,0.0,0.0,0.0,0.0,0.0,0.0,0.06795317159827771,0.0008040679539634876,0.0,0.0,0.2545857824015949,0.0,0.0,0.0,0.0,0.0,0.0,0.0,0.0,0.0,0.0,0.0,0.0007861997772087434,0.10553849296325699,0.0,0.0,0.0,0.0,0.0,0.0,0.0,0.0,0.0,0.0,0.0,0.0,0.0,0.005717816561518135,0.0,0.0,0.0,0.0,0.0,0.0,0.0,0.0,0.0,0.0,0.0,1.7686959214815694,0.0,0.0,0.0,0.0,0.0,0.0,0.0,0.0,0.0,0.0,0.02407592138387789,0.0,0.0,0.0,0.0,0.0,0.00518177125887581,0.0,0.0,0.0,0.0,0.0,0.0,0.0,0.0,0.0,0.0,0.0,0.0,0.0,0.0,0.0,0.0,0.0,0.0,0.0,0.0,0.0,0.0,0.0,0.0,0.0,0.0,0.0,0.0,0.0,0.0,0.0,0.0,0.0,0.0,0.0,0.0,0.0,0.0,0.0,0.0,0.0,0.0,0.0,0.0,0.0,0.0,0.0,0.0,0.0,0.0,0.0,0.0,0.0,0.0,0.0,0.0147072996645571,0.0,0.0
5509,0.0,0.0,0.0,0.002093132493867341,0.0,0.0,0.12259258117341905,0.0,0.0,0.0,0.012705545949858949,0.0017451590403184285,0.0,0.0,0.0,0.0,0.0,0.0,0.0,0.004695040772985708,0.0,0.17768286103094458,0.0026172431604920042,0.0,0.0006543107901230011,0.0,0.0,0.0,0.0,0.0,0.005364956662656331,0.05723900974069025,0.0,0.0,0.0,0.0,0.0,0.0,0.0,0.0,0.0,0.0,0.0,0.0,0.04824430241962091,0.009404493181917273,0.0,0.0,0.026582712865753613,0.0,0.0,0.2299280700300372,0.0,0.0,0.0,0.0,0.009500195451870218,0.0,0.0,0.0,0.0,0.07108269212119196,0.0,0.0,0.0,0.0,0.0,0.0,0.0,0.008669499748678646,0.0,0.0,0.0,0.0,0.0,0.0,0.0,0.0,0.0,0.0,0.0,0.03850766606551401,0.030050512765225072,0.0,0.0,0.0,0.0,0.0007717431049005573,0.0,0.0,0.0,0.0,0.0,0.0,0.0,0.0,0.0,0.0,0.0,0.0002476999928193899,0.0,0.0,0.0,0.0,0.0,0.005369100007990764,0.0,0.0,0.006850953955942181,0.0,0.0,0.0,0.0,0.018797051727816882,0.0,0.0,0.0,0.0,0.0,0.0,0.0,0.0,0.0,0.0,0.0,0.0
5735,0.0,0.0,0.00700013690616295,0.0,0.0,0.0,0.0,0.01849846064556369,0.0,0.0,0.0,0.26832146758522735,0.0,0.0,0.0,0.0,0.0035660692420772595,0.0,0.0,0.0,0.0,0.0,0.0,0.0,0.0,0.0,0.0,0.0,0.0,0.06402153094407079,0.0,0.00134856883363342,0.0,0.0,0.0,0.0,0.0,0.0,0.0,0.0,0.0,0.0,0.0,0.0,0.0,0.011328356507964307,0.0,0.0,0.0,0.0,0.0,0.0,0.015918203597635853,0.0,0.0,0.0,0.0,0.0,0.0,0.0,0.0,0.011116809455005965,0.0,0.0,0.009591664303764067,0.0,0.02762893008087922,0.0,0.0,0.0,0.0,0.0,0.0,0.0,0.0,0.0,0.0,0.0,0.0,0.0,0.0,0.0,0.004826456878266977,0.0,0.013779201568734595,0.0,0.0,0.0,0.0,0.0,0.0,0.0,0.011249047473899772,0.003878981887551645,0.0,0.0,0.0,0.0,0.0,0.0,0.0,0.0,0.0,0.0,0.0,0.0,0.0,0.0,0.0,0.0,0.0,0.0,0.0,0.0,0.0,0.000780750377366717,0.0,0.0,0.0005145854759916999,0.0,0.0,0.0,0.0,0.030591219331368637,0.0,0.0
5743,0.03025290617753968,0.0,0.004454749261769734,0.12185677708565848,0.0,0.0,0.0,0.0,0.0,0.0,0.0,0.5651663774799484,0.0947096685271753,0.11231955048486175,0.0,0.0,0.5113338731495973,0.0,0.0,0.0,0.0,0.020487075001551832,0.7575482289665999,0.15756212305968206,0.7648367787371294,0.0058959916699893545,0.0,0.0,0.0,0.0,0.017705572968548824,0.0,0.10881458432737681,0.0,0.10831808095086093,0.0,0.0,0.5446710833422711,0.399342829150667,0.2150495308568078,0.0,0.04819374910290459,0.0012925435988939073,0.1258645066740233,0.0,0.0,0.0,0.00452020961441755,0.0,0.080214659015555,0.0,0.0,0.0,1.7418329248148499,0.22323137687416858,0.4926480387185564,0.0,0.0,0.027516046438697074,0.03150113399590008,0.0,0.00649226184815854,0.0,0.14731259009317085,0.0,0.055429223520427125,0.13997423010590362,0.3067690101070298,0.0309915475561271,0.0,0.0,0.03256471272870421,0.041490086569965286,0.0,0.10319204219036948,0.04399652902003295,0.0,0.0014584125213582368,0.05099203843996641,0.0,0.0025243781813658987,0.047598931347420576,0.0,0.0,0.0,0.0,0.003057788856811872,0.0,0.007073084554048261,0.021836735966971773,0.19960183339553242,0.0,0.0,0.0,0.0,0.029014102217996995,0.034478713091400805,0.005848140535012881,0.0,0.0,0.0,0.012229353972754256,0.004306016675172274,0.2142320758441415,0.0,0.08286647884322647,0.0,0.0004950059174683853,0.0,0.0,0.0054656129324656645,0.0,0.0004653156956018066,0.00501506916370836,0.0,0.0,0.003905553341326816,0.0,0.0,0.0,0.13400929902427638,0.0278880918279118,0.0,0.0,0.0,0.0
5875,0.6860702977295929,0.0,0.0,0.032526229157092544,0.0,0.07390293668489005,0.0,0.0326087132547014,0.19025344426198873,0.0,0.0,0.10837658318552863,0.11661219136042178,0.0,0.0,0.07797496693957266,0.4335166235509071,0.0,0.0,0.00021650105281472944,0.0,0.1201633197892958,0.7696188410212288,0.01459968527676766,0.0,0.0,0.0014847137569594228,0.0,0.6335505020293695,0.0326087132547014,0.0,0.0,0.009423138235922222,0.0,0.0372518271019197,0.0,0.0,0.07173367022050249,0.13733856707321832,0.07395799363783945,0.004547276468178359,0.9232548403810894,0.029206362448787174,0.01415938728044061,0.0,0.0,0.0,0.10213882182090143,0.0,0.0,0.0,0.0,0.0,0.22323137687416858,2.7113269023964155,0.7041840915453987,0.5535064857906858,0.004495991310574163,0.0,0.7118007762518702,0.0,0.1466993862427653,0.0,0.05066248485861079,0.0,0.062169162843223894,0.0,0.10550137174160581,0.7772951313532451,0.0,0.0,0.7358334402097295,0.0,0.0,0.035488923734842935,0.0005242795529834041,0.0,0.016188669471613463,0.0,0.0012929714443360497,0.0,0.021362660698896627,0.0,0.0,0.0,0.0,0.08325367896836551,0.0,0.00015766104542954163,0.0,1.2552767746833313,0.0,0.0,0.0,0.0,0.0,0.011857623838075848,0.0,0.019246289442066595,0.0647500166229526,0.0,0.0,0.09729891032938813,0.0,0.0,0.0,0.0,0.0,0.0,0.0,0.12735044767185624,0.0,0.010514290481563384,0.30165276675534525,0.0,0.0,0.0013431644701537243,0.0,0.0,0.0,0.04608733088214966,0.009591033794691438,0.1190245528495804,0.030857102755479086,0.0,0.0
5908,0.15799764720160203,0.05214869607461771,0.003714013692333932,0.2322516198126795,0.0,0.0,0.03532568943957496,0.0,0.0,0.0,0.1566470517316637,1.12301024777217,0.10893359291483594,0.020087230917688423,0.0,0.0,0.8160611597703604,0.0,0.0057711621326989645,0.006743846227228961,0.0,0.04697202518377586,2.1023306529552395,0.0,0.001966242543000317,0.004915606357500792,0.0,0.07042977745830122,0.0,0.0,0.0,0.9109385662290367,0.03151493764095447,0.15576996857527145,0.12458577797927436,0.002589027879491759,0.023078951430961014,0.0,0.4593179330120402,0.24734663752054245,0.14164426849385428,0.21904538210460792,0.00675038775885751,0.21402046123663968,0.0,0.01955895438754816,0.061821864935109945,0.023607070333833118,0.0,1.182768208812565,0.0,0.0,0.0,0.4926480387185564,0.7041840915453987,2.75432990674525,0.0,0.0,0.0,0.16451659309444158,0.21827129710886614,0.03390623337163286,0.029586795860486008,0.22599450407134064,0.05560707211527145,0.15506366330483753,0.12782259763544174,0.35284096107144347,0.22790588106593146,0.0,0.0,0.1700711978788729,0.6117729100652286,0.0,0.11868988764110024,0.016330916822035288,0.02167832056247319,0.0037416435006238763,0.3583761777018914,0.04027509558700501,0.0,0.06304224902245932,0.0,0.0,0.0,0.0,0.046773707562252194,0.0,0.004911023907633634,0.0,0.44674515425833244,0.0,0.0,0.0,0.017496626765515083,0.024189638198763158,0.03965688144129015,0.09822914765242134,0.0,0.0,0.0,0.0,0.022488434648079588,0.0,0.0,0.006481318012112156,0.0,0.0,0.0,0.0,0.02854449680888318,0.0,0.002430139593188703,0.026191504504367136,0.0,0.0,0.004492106924323131,0.0,0.0,0.0,0.15413541884083745,0.03207645100649486,0.0,0.04768690988123379,0.0,0.23988224327329244
5940,0.007745094634567266,0.0,0.06202061040207576,0.18389664053263063,0.02299056756988682,0.1981789996004155,0.0,0.0,1.0136865048504622,0.0,1.1162729655947508,0.0,2.658384778208435,0.0,0.0,0.0,0.0,0.0,0.0,0.0,0.0,0.0,0.22994350624322607,0.0,0.05748587656080652,0.0,0.0,0.0,2.6737947351980775,0.30388154877255297,0.4470166559686437,0.12098208085646972,0.14643298490048803,0.0,0.0,0.0,0.0,0.0,0.0,0.0,0.0,0.0,0.0,0.05295190833769692,0.0,0.0,0.0,0.0,0.0,4.331138363407654,0.0,0.009500195451870218,0.0,0.0,0.5535064857906858,0.0,6.623357440908191,0.01897458506812489,0.0,0.0,0.0,0.0,0.0,0.0,0.1289017702087029,0.11384751040874934,0.0,0.1543710490885522,0.45023883880705357,0.0,0.13959497889871594,0.0,0.14484437225563146,0.0,0.0,0.0,0.0,0.0,0.0,0.0,0.0,2.337801449429143,0.0,0.0,0.0,0.0,0.0,0.0,0.0,0.0,0.0,0.0,0.0,0.0,0.0,0.0,0.0,0.0,0.0,0.0,0.0,0.0,0.0,0.0,0.0,0.47171378641633144,0.0,0.0,0.6019052404149203,0.0,0.0,0.0,0.0,0.7948242856314537,0.0,0.0,0.0,0.0,0.0,0.04769729076275104,0.0,0.005089289088829515,0.0,0.6166710648323263,0.0,0.0
6191,0.1100423881554202,0.0,0.1315971289396577,0.0,0.0,0.0016097572169708838,0.0,0.0,0.006522019624568615,0.0,0.0,0.0,0.023337178673475227,0.0,0.0,0.17944889442520334,0.018550522680418093,0.04548383236782638,0.0,0.11728754539084385,0.0,0.15611840365153426,0.14444765819895006,0.0,0.05352453442564243,0.0,0.0,0.0,0.021718549293125177,0.0,0.0,0.0,0.0,0.0,0.0,0.0,0.0,0.0,0.0,0.02626070287508841,0.0,0.0,0.0,0.007506559541482193,0.0,0.012178676806041526,0.0,0.0,0.0,0.0,0.0,0.0,0.0,0.0,0.004495991310574163,0.0,0.01897458506812489,1.2003568673845033,0.0,0.0,0.0,0.0,0.0,0.11329745879742213,0.0,0.000924754145919444,0.22633386432059377,0.0,0.003589679555029181,0.0,0.0,0.0,0.0,0.0,0.0,0.0,0.0,0.0,0.0,0.0,0.0,0.00016202957257562908,0.0,0.0,0.0,0.0,0.0,0.0,0.0,0.25883061717854083,0.0,0.0,0.0,0.0,0.0,0.0,0.0,0.00907703379141004,0.0,0.0,0.0,0.0,0.0007723736139731884,0.0,0.0,0.16369855260906496,0.0,0.0,0.0,0.0,0.0,0.0,0.0,0.006456153944659822,0.0,0.0,0.0,0.0,0.0,0.001310276666561659,0.0,0.0,0.0,0.0010578028193352045,0.0,0.0
6216,0.021128392801142398,0.0,0.0,0.003166416562753757,0.0,0.0,0.0,0.0,0.0,0.0,0.0,0.0,0.03001063306638115,0.0022925309880869496,0.0,0.0,0.0012200350555413221,0.0,0.0,0.0,0.0,0.0,0.0004653156956018066,0.00409421066313053,0.019812801843825705,0.0,0.0,0.0,0.0,0.0,0.00017023744961041707,0.0,0.0,0.0,0.0,0.0,0.0,0.013014653022716384,0.0,0.0,0.0,0.0,0.0,0.0016541405520478856,0.0,0.055712434684944356,0.0,0.0,0.0,0.0,0.0,0.0,0.0,0.027516046438697074,0.0,0.0,0.0,0.0,0.1275987443964765,0.0,0.0,0.0,0.0,0.0,0.0,0.0,0.0034927050078403894,0.0,0.0,0.0,0.0,0.0,0.0,0.0,0.0,0.0,0.0,0.05922753402395373,0.0013250148161344127,0.0,0.0,0.0,0.0,0.0,0.0,0.0,0.0,0.0,0.0,0.0,0.0,0.0,0.0,0.0,0.0,0.0,0.0,0.0,0.0,0.0,0.0,0.0003177765726061118,0.0,0.005566764602260637,0.0,0.0,0.0,0.0,0.0,0.0,0.0,0.0,0.0,0.0,0.0,0.0,0.0,0.0,0.0,0.0,0.0,0.0,0.0,0.0,0.0,0.0
8861,0.19669000738903467,0.0,0.0,0.0,0.0,0.0,0.0011967062198539687,0.0,0.0,0.0,0.0,0.0,0.0,0.0,0.0,0.0,0.0,0.0,0.0,0.0,0.0,0.03457441536135375,0.15054276688589444,0.0,0.0,0.0,0.0,0.0,0.0,0.0,0.0,0.0,0.0,0.0,0.0,0.0,0.0,0.0,0.0,0.0,0.0,0.2656467580264013,0.008403503733662368,0.0,0.0,0.0,0.0,0.029388253057150687,0.0,0.0,0.0,0.0,0.0,0.03150113399590008,0.7118007762518702,0.16451659309444158,0.0,0.0,0.0,0.6082254746180656,0.0,0.0422095987536527,0.0,0.0,0.0,0.0,0.00726915035745539,0.0,0.19352068598091057,0.02571125925465267,0.0,0.21172027406695648,0.0003452037172655679,0.0418303137691933,0.0,0.0,0.0,0.0046579420695157135,0.0,0.08825663335060688,0.015924632538358574,0.0,0.029989004353371783,0.0,0.0013018323486246343,0.0,0.027775241963001403,0.0,0.22653646039653885,0.0,0.34670455404024175,0.14913705816755382,0.0,0.0,0.0,0.0,0.0,0.0,0.0,0.0,0.0,0.0,0.027995672438429493,0.0,0.0,0.0,0.0,0.0,0.0,0.0,0.03553481578805802,0.0,0.003025261344118453,0.03260559448660999,0.0,0.0,0.0,0.0,0.0,0.0,0.0,0.0,0.0,0.0,0.0,0.0
8868,0.03763232806816203,0.0,0.0,0.07352150121412936,0.0,0.0,0.0,0.0,0.0,0.0,0.0495881424352096,0.1813604403061529,0.0,0.0,0.0,0.0,0.08493288225605049,0.0,0.003969099648575572,0.0,0.0,0.0,0.3663580847886846,0.0,0.0,0.0,0.0,0.022295228653680464,0.0,0.0,0.0,0.28836643187686833,0.0,0.04931049326144023,0.0,0.0,0.01587248043077951,0.0,0.0,0.0,0.0,0.0,0.0,0.0,0.0,0.0061915765750569654,0.025100228408729566,0.0,0.0,0.0,0.0,0.0,0.0,0.0,0.0,0.21827129710886614,0.0,0.0,0.0,0.0,0.09294687775100437,0.0,0.003662762312001483,0.007231511217637426,0.0176029576169781,0.0,0.0,0.0,0.0011676127297882732,0.007257834971419777,0.0,0.0,0.0,0.0019928590331378185,0.0,0.0,0.0,0.0,0.11634897634077944,0.0,0.0,0.0,0.06612266865134242,0.0,0.0,0.0,0.021185510167668432,0.0,0.009293365957866027,0.0,0.0,0.0014647288711751312,0.0,0.0,0.001297385007844468,0.009098077031709104,0.0,0.0082516523789735,0.0,0.0,0.0,0.0,0.0,0.0,0.0,0.0,0.0,0.0,0.0,0.0,0.0,0.0,0.0,0.0,0.0,0.0,0.0,0.0,0.0,0.0,0.0,0.0,0.0,0.0,0.0,0.07593704902592287
8904,0.20085445225922005,0.0,0.2760533102701788,0.25299998452938405,0.12406560799435362,0.05956767115045708,0.04305197013377853,0.0,0.0,0.0,0.0,0.30506262737467815,0.024695801874999,0.0795723166387214,0.3430730019273355,0.0,0.0,0.242617188966736,0.0,0.18700763985153634,0.21685211125909803,0.40815336026798454,0.03544956195416582,0.0,0.0,0.0,0.0,0.16101499340504086,0.0,0.0,0.36239992897615536,0.1407333968066233,0.2835537899027464,0.47136331344467314,0.0,0.0,0.0,0.22344023300447766,0.0,0.007227052617766677,0.24537420247772163,0.17010932115958594,0.0017319296088837567,0.1948680613509422,0.014384186283014789,0.003302662817895004,0.025446512998691072,0.07709389806511407,0.0,0.032837115166262046,0.02407592138387789,0.07108269212119196,0.011116809455005965,0.00649226184815854,0.1466993862427653,0.03390623337163286,0.0,0.0,0.0,0.0422095987536527,0.0,2.675766179440927,0.27532601805489876,0.0,0.08706185243524256,0.0,0.04449563324647343,0.09428254366683002,0.03988386470743737,0.027976993607152795,0.0,0.04363472940324848,0.0,0.0,0.0,0.0,0.0,0.0009599838403527108,0.0,0.0,0.0,0.16492340655537568,0.4725497063375534,0.04940591405412861,0.02219102577033758,0.0,0.0040972506175878595,0.0,0.13910025445851215,1.1790511551657739,0.0714544672922327,0.0,0.07741457948309054,0.006246993818905013,0.0,0.0,0.0,0.09432620642010972,0.0,0.08057869919136543,0.0,0.0,0.005769799782738458,0.0,0.0,0.0,0.0,0.07215500790828827,0.0,0.0,0.007323588060422743,0.10863806430522124,0.0006234946591981524,0.7968095672966293,0.0,0.0,0.0,0.0,0.0,0.0,0.0,0.0,0.0,0.05455367160035408,0.04481613451900056,0.0
8906,0.0,0.22698441457446217,0.0,0.0,0.0,0.01244070962117269,0.1537599506880856,0.0,0.0,0.0,0.0,0.12362733663433148,0.0,0.0,0.0,0.0,0.0,0.0,0.0,0.0,0.0,0.0,0.0,0.0,0.0,0.0,0.0,0.06525169918113653,0.0,0.0,0.0,0.0,0.004070701681993853,0.0,0.0,0.0,0.0,0.0,0.002481514823517561,0.0,0.002818510663748341,0.04675013102657202,0.02069682060001694,0.013908737405888553,0.0,0.0,0.0,0.0,0.0,0.00612719709510509,0.0,0.0,0.0,0.0,0.0,0.029586795860486008,0.0,0.0,0.0,0.0,0.003662762312001483,0.27532601805489876,1.2185565793205457,0.33052904644551945,0.0,0.0,0.1994919221532641,0.03820821929237653,0.3110938970180187,0.084660254636681,0.0,0.0,0.0,0.0,0.0,0.0,0.09435788950100944,0.0,0.0,0.0,0.0,0.06510992471251918,0.19150186348488904,0.017544590491397387,0.0,0.0,0.0,0.0,0.002175154968762307,0.0,0.0,0.01708557988652189,0.024030772430641268,0.0,0.09129005753539779,0.0033995698105402992,0.0,0.0,0.0,0.0,0.0,0.0,0.0,0.0,0.0,0.0,0.0,0.029240984152328973,0.05996519586166046,0.0,0.0,0.0,0.0,0.0,0.0,0.0,0.0,0.0,0.0,0.0,0.0,0.0,0.0,0.037551825570495724,0.0,0.0
8907,0.01273168955819198,0.4339013128988462,0.0,0.0,0.0,0.0676030476584275,0.29392610325206187,0.0,0.0,0.0,0.0,0.14035465225851187,0.04218249812262014,0.0,0.0,0.02076188688449436,0.1547597579318293,0.0,0.0,0.013569940111164542,0.0,0.0912684513405696,0.3191138598309814,0.0,0.0,0.023630579314969792,0.0,0.0,0.0,0.0,0.0,0.0,0.012203570655319875,0.0,0.09589576868370037,0.0,0.0033729758385839625,0.1936667501630399,1.4086396397647463,0.09578036300522769,0.0,0.0,0.0,0.3525836232970853,0.0,0.0,0.0,0.0,0.0,0.0,0.0,0.0,0.0,0.14731259009317085,0.05066248485861079,0.22599450407134064,0.0,0.11329745879742213,0.0,0.0,0.007231511217637426,0.0,0.33052904644551945,1.6805115940106845,0.0,0.0,0.3813469180132621,0.13663106833918265,0.5887256867515297,0.16714750479090099,0.0,0.0,0.0,0.0,0.045960440931282646,0.0,0.18037367108930397,0.0,0.0,0.0,0.04887226693778039,0.06426043758714509,0.14490449579934309,0.0,0.0,0.0,0.0,0.0,0.0,0.029946197290976362,0.6382679596517054,0.03373261819484764,0.0,0.0,0.17545874027723812,0.006711881669064676,0.01535638623664973,0.0,0.0,0.0,0.0,0.0,0.0,0.0,0.0,0.01893960307368444,0.0,0.0,0.0,0.0,0.0,0.0,0.0,0.0,0.0,0.0,0.0017394844586647482,0.0,0.0,0.0,0.059686060487934164,0.012421006212652968,0.0,0.8265226113398191,0.0,0.0
8908,0.15384009289485326,0.0,0.009077878223203741,0.018902121561134636,0.0,0.011691833729245597,0.0,0.0,0.0080918183290615,0.0,0.15267966346485673,0.04662713672104661,0.2570461188757265,0.0,0.0,0.0,0.021835947830630986,0.0,0.0,0.0,0.08782428427223121,0.0,0.11125994621103333,0.0,0.0045800967172269285,0.0,0.0,0.005732025533833501,0.15373600260241618,0.011667446539043471,0.016198566212235657,0.07413800397807564,0.01672481610607103,0.20357791368026926,0.0,0.0,0.0,0.0,0.0,0.0,0.0,0.09379130954470682,0.04878934373563882,0.0005822526103937241,0.0,0.1782392289920887,0.058166060741088564,0.0,0.0,0.16629283848385884,0.0,0.0,0.009591664303764067,0.0,0.0,0.05560707211527145,0.1289017702087029,0.0,0.0,0.0,0.0176029576169781,0.08706185243524256,0.0,0.0,2.162480070057014,0.0,0.5642001335852317,0.005927032982725857,0.0,0.020121908916683136,0.005359709926444793,0.0,0.005561258906965697,0.0,0.0,0.0,0.0,0.0,0.04408123115848659,0.0,0.0,0.0,0.0,0.052885006821454514,0.019146578935866205,0.0,0.004332137765324136,0.0,0.005189540031377872,0.0,0.0,0.0,0.017994357382904485,0.005389951843749924,0.0,0.0,0.0,0.03820175657438206,0.0,0.0,0.0,0.0,0.0,0.0,0.0,0.0,0.0,0.0,0.0,0.0,0.0,0.0,0.0,0.2382161793443175,0.0,0.0,0.0,0.0,0.0,0.0,0.0,0.0,0.0,0.4978428029679646,0.0,0.019523150479495176
8909,0.0012970472351269868,0.0,0.0,0.017048965323946952,0.0,0.023781946528763608,0.0,0.017092200231784517,0.03913211774741168,0.0,0.0,0.0,0.017285789035263455,0.0,0.0,0.040871399542445945,0.23042381904748405,0.0,0.0,0.0,0.0,0.0,0.0,0.007652578687249224,0.0,0.0,0.0007782283410761922,0.0,0.13031129575875106,0.017092200231784517,0.0,0.0,0.0,0.0,0.0,0.0,0.0,0.03759995818273677,0.0,0.0,0.0,0.0,0.0,0.001841604410249833,0.0,0.0,0.0,0.0,0.0,0.17463527291020065,0.0,0.0,0.0,0.055429223520427125,0.062169162843223894,0.15506366330483753,0.11384751040874934,0.000924754145919444,0.0,0.0,0.0,0.0,0.0,0.0,0.0,0.06536623790963433,0.012105819230880875,0.0,0.021538077330175084,0.0,0.0,0.0,0.09032803579964961,0.0,0.0,0.0,0.0,0.0,0.0,0.0,0.0010384484426235441,0.0009721774354537745,0.0,0.0,0.0,0.0,0.007421992512115536,0.0,0.0,0.0,0.0,0.0,0.0,0.0,0.0,0.0,0.0,0.012731982294547127,0.010088145162098787,0.03393940265248949,0.0,0.0,0.0,0.0,0.0,0.030288079576520032,0.0,0.0,0.0,0.0,0.0020176290324197574,0.0,0.0,0.03873692366795893,0.0,0.0,0.0,0.0,0.0,0.0,0.0,0.0,0.06238797200960807,0.006346816916011227,0.0,0.0
8910,0.03794588248179963,0.35161778472962957,0.0,0.015467693606150298,0.011595692354759926,0.0,0.23818698452243653,0.0,0.0,0.0,0.03636150325500215,0.0,0.04819570818466598,0.011198831929900932,0.0,0.0,0.017522274973862474,0.10716183990256119,0.0,0.0,0.0,0.3678215864189862,0.002273030243197714,0.019999894152038424,0.09678396456249778,0.0,0.0,0.0,0.03018242427049198,0.0,0.000831596430438188,0.0,0.0,0.0,0.0,0.0,0.0,0.06357554710699947,0.0,0.0,0.0,0.0,0.0,0.008080345315757726,0.0,0.0,0.0,0.0,0.0,0.09233870671408927,0.0,0.0,0.02762893008087922,0.13997423010590362,0.0,0.12782259763544174,0.0,0.22633386432059377,0.0034927050078403894,0.00726915035745539,0.0,0.04449563324647343,0.1994919221532641,0.3813469180132621,0.5642001335852317,0.012105819230880875,1.5180877280828493,0.0,0.47708180555162627,0.0,0.0,0.0,0.04776110728817378,0.0,0.0,0.0,0.14616823864452644,0.014004507230384997,0.008526655666455937,0.0,0.0,0.0,0.0,0.0,0.08072897427337271,0.0,0.0005966417281584141,0.0,0.0007147270701897668,0.0,0.32443407286766207,0.0,0.045350434662602565,0.015525835549919357,0.11797275112552578,0.0,0.0,0.048928112027070585,0.0,0.0,0.0,0.001552313336817951,0.0,0.02719320327532875,0.0,0.22470442621328435,0.0,0.0,0.0,0.0,0.0,0.0,0.0,0.06317712166854948,0.0,0.0,0.0,0.0,0.0,0.0,0.0,0.0,0.0,0.10912411924567639,0.0,0.0
8911,0.0,0.0,0.0028517700173296356,0.0,0.0,0.004260192176500687,0.0,0.0,0.009837585360271392,0.0,0.0,0.3811361140602822,0.19376906151916493,0.0,0.0,0.0,0.322277258957459,0.0,0.0,0.0,0.0,0.0,0.6645341231857264,0.00014366599583524612,0.0,0.0,0.0,0.022344768652244343,0.0,0.013972779113122948,0.019399187892179655,0.0,0.028497354996613416,0.0,0.1004640208376343,0.0,0.0,0.0,0.3714316336688795,0.1994564560179286,0.0,0.01600909823590999,0.0,0.0006972979979677479,0.0,0.0,0.0,0.0,0.0,0.19915009616317333,0.00518177125887581,0.0,0.0,0.3067690101070298,0.10550137174160581,0.35284096107144347,0.1543710490885522,0.0,0.0,0.0,0.0,0.09428254366683002,0.03820821929237653,0.13663106833918265,0.005927032982725857,0.0,0.0,0.30565446147115777,0.0,0.0,0.006418717468472347,0.0,0.006660089852384259,0.0,0.09570966717545892,0.0,0.0,0.0,0.0,0.0,0.0,0.0664437891738516,0.06557782999895502,0.006007963325834301,0.0,0.0,0.0,0.0,0.0,0.0,0.1356688777170757,0.0,0.00822908916144577,0.0,0.0,0.0,0.031978688322965285,0.0,0.0,0.0,0.0,0.0,0.0,0.0,0.0,0.0,0.0,0.010013272209723836,0.0,0.0,0.0,0.0,0.0,0.0,0.0,0.0,0.0036223646949907575,0.0,0.0,0.0,0.12429238859687038,0.025865947900168378,0.0,0.022367174242503913,0.0,0.0
8912,0.1894932079476637,0.5428296703365612,0.0,0.0,0.0,0.03749220868586033,0.3677145124675447,0.0,0.15190173911922628,0.0,0.0,0.0,0.06709939475939161,0.0,0.0,0.0,0.0,0.0,0.003398826710561841,0.0,0.0,0.03266937723476099,0.14224791337635512,0.0,0.0,0.17744001370616633,0.02441306359228625,0.0,0.5058380070407359,0.0,0.0,0.0,0.00481082926053819,0.0,0.0,0.0,0.01359195163325372,0.0,0.0,0.0,0.0,0.25700541726327,0.03240035252437796,0.007148678088220505,0.0,0.0,0.008773871518380272,0.027768970649546837,0.0,0.06591340719377237,0.0,0.0,0.0,0.0309915475561271,0.7772951313532451,0.22790588106593146,0.45023883880705357,0.003589679555029181,0.0,0.19352068598091057,0.0011676127297882732,0.03988386470743737,0.3110938970180187,0.5887256867515297,0.0,0.021538077330175084,0.47708180555162627,0.0,1.48593854335119,0.0,0.0,0.20497685568516966,0.0,0.0,0.0,0.0,0.2256554140402615,0.012667659110048166,0.00533446704535838,0.0,0.0,0.15390191656124286,0.0,0.0,0.0,0.0,0.03692650693862318,0.0,0.0,0.0,0.32760125504857546,0.0,0.0,0.05251556228216439,0.18212704926574777,0.0,0.0,0.007066070140615239,0.0,0.0,0.0,0.0,0.02645312073314674,0.0,0.0,0.0159517556875723,0.0,0.0,0.07086795874559872,0.0,0.033576859935726566,0.0,0.002858570508041586,0.181176725725115,0.0,0.0,0.0,0.0,0.0,0.0,0.0,0.0,0.0,0.05589759042957684,0.0,0.0
8913,0.0,0.0,0.0,0.0,0.0,0.0,0.0,0.0,0.0,0.0,0.0,0.0053750898441807604,0.0,0.0,0.0,0.0,0.0,0.0,0.0,0.014460725580795981,0.0,0.0,0.013599495223944127,0.0,0.0,0.0,0.0,0.0,0.0,0.0,0.016524066520981498,0.21951308472741324,0.0,0.0,0.0,0.0,0.0,0.029003957777381982,0.0,0.02221977022859521,0.0,0.0,0.0,0.0,0.02243666534958034,0.0,0.07823599769564198,0.0,0.08187475562652113,0.0,0.0,0.008669499748678646,0.0,0.0,0.0,0.0,0.0,0.0,0.0,0.02571125925465267,0.007257834971419777,0.027976993607152795,0.084660254636681,0.16714750479090099,0.020121908916683136,0.0,0.0,0.0,0.0,0.421938878186536,0.0,0.0,0.0,0.0,0.0,0.0,0.0,0.0,0.0,0.0,0.08348367967078889,0.0,0.09255557931689323,0.016723465015201108,0.0,0.0,0.04035888573912146,0.0,0.0,0.0,0.0,0.03385540983674255,0.0,0.0,0.029987461857961955,0.006736313895629135,0.0,0.0,0.0,0.0007629159778837209,0.0,0.0,0.0,0.0,0.0,0.0,0.0,0.0,0.0,0.0,0.0,0.0,0.0,0.057894919321676,0.0,0.0,0.0,0.0,0.0,0.0,0.0,0.0,0.0,0.0,0.0,0.0
8914,0.0,0.0,0.002578804625242668,0.0,0.0,0.0,0.0,0.0,0.008763085309602046,0.0,0.0,0.0,0.09578763637774412,0.0,0.0,0.0,0.014708481869068285,0.1042268652058254,0.0,0.02457710854207618,0.0,0.0,0.0,0.0,0.0,0.0,0.0,0.002247134334857505,0.0,0.012635334260985237,0.017542338673280845,0.0,0.0027889893282405033,0.0,0.0,0.0,0.0,0.0,0.0,0.0,0.0,0.0,0.0,0.0014718108391516493,0.0,0.0,0.04743597852941716,0.0,0.0,0.1800878703339527,0.0,0.0,0.0,0.0,0.0,0.0,0.13959497889871594,0.0,0.0,0.0,0.0,0.0,0.0,0.0,0.005359709926444793,0.0,0.0,0.006418717468472347,0.0,0.0,0.21593478811296316,0.0022691120796749344,0.006022600143591811,0.0,0.0,0.0,0.0140464811200773,0.004271541339808047,0.0,0.0,0.0004312682056797232,0.06877069416548752,0.003810076253185524,0.0,0.0,0.0,0.002114063143260579,0.0,0.005342573590577924,0.0,0.0,0.0,0.0,0.0,0.027270316786729656,0.0006142734640109215,0.0,0.0,0.0,0.0,0.0,0.0,0.0,0.0,0.0,0.11840933362196054,0.0,0.0,0.0,0.0,0.0,0.0,0.0,0.0,0.0,0.0,0.0,0.0,0.0,0.0,0.0,0.0,0.0,0.02022623565002243,0.0,0.0
8916,0.20333088923288484,0.0,0.0,0.0,0.0,0.0,0.0,0.0,0.0,0.0,0.09969401163268347,0.0,0.1182976884797425,0.0,0.0,0.0,0.0,0.0,0.0,0.0,0.0,0.03574175787296804,0.15562557073854832,0.0,0.0,1.1380059377829124,0.0,0.0,0.0,0.0,0.0,0.20991172634665745,0.0,0.0,0.10189988140055538,0.0,0.0,0.0,0.0,0.0,0.0,0.2746158396573044,0.008687232816346396,0.0,0.00658735612722002,0.0,0.0,0.03038049419202283,0.0,0.0,0.0,0.0,0.0,0.03256471272870421,0.7358334402097295,0.1700711978788729,0.0,0.0,0.0,0.21172027406695648,0.0,0.04363472940324848,0.0,0.0,0.0,0.0,0.0,0.0,0.20497685568516966,0.0,0.0022691120796749344,0.9698333378308187,0.5896487069974994,0.038976967479182084,0.0,0.0,0.02002370712862083,0.005472447200449364,0.018822182017997468,0.0,0.0,0.0,0.05645020911355691,0.0,0.0,0.0,0.02055151077695662,0.0,0.0076160091610366154,0.0,0.3584104053372628,0.0,0.0,0.03203686404400609,0.0,0.0,0.0,0.0,0.0,0.0,0.0,0.0,0.028940895611028285,0.0,0.0,0.0,0.0,0.0,0.0,0.0,0.03673458448055048,0.0,0.0031274038138847035,0.033706463327424024,0.0,0.0,0.0,0.017781301611808062,0.0,0.0,0.0,0.0,0.0,0.0,0.0,0.09952506897849006
8955,0.0,0.0,0.002675779172431459,0.0,0.021836443230616624,0.0,0.006885159073132422,0.0,0.009092616372776495,0.0,0.10255838057237515,0.0,0.0993896784142331,0.0,0.18474253600810886,0.0,0.08627404260808048,0.0,0.0,0.0007223269563330889,0.0,0.0,0.263415994409251,0.0,0.0,1.170702674607789,0.0,0.0,0.0,0.01311047914266574,0.01820200879052121,0.2159428271036392,0.0028938677570183495,0.0,0.0,0.0,0.0,0.025661156301559657,0.0012700254177285082,0.0,0.0,0.0,0.0,0.0006542657537606702,0.006776621439915199,0.0,0.0,0.0,0.0,0.9852978451143342,0.0,0.0,0.0,0.041490086569965286,0.0,0.6117729100652286,0.14484437225563146,0.0,0.0,0.0003452037172655679,0.0,0.0,0.0,0.0,0.005561258906965697,0.09032803579964961,0.04776110728817378,0.006660089852384259,0.0,0.0,0.006022600143591811,0.5896487069974994,1.1751115881117966,0.0,0.0,0.0,0.0,0.0,0.0,0.0,0.0,0.0,0.015798981087455647,0.0,0.0,0.0,0.0011301875126913797,0.050570250388557315,0.0,0.0,0.0,0.0,0.0,0.0,0.0,0.0,0.0,0.05023150938928622,0.0,0.0,0.0,0.0,0.0,0.0,0.0,0.0,0.0,0.0,0.0,0.0,0.0,0.0,0.0,0.0,0.0,0.0,0.0,0.0,0.0,0.0,0.0,0.0,0.0,0.020986832255246116,0.0,0.0
8956,0.0,0.0,0.0,0.0,0.0,0.0,0.0,0.0,0.0,0.0,0.0,0.0,0.0934851298354009,0.0,0.0,0.0,0.0,0.0,0.0,0.0,0.0,0.0,0.0,0.0,0.0,0.0,0.0,0.0,0.0,0.0,0.0,0.0,0.0,0.0,0.0,0.0,0.0,0.0,0.0,0.0,0.0,0.0,0.0,0.0,0.0,0.0,0.0,0.0,0.0,0.0,0.0,0.0,0.0,0.0,0.0,0.0,0.0,0.0,0.0,0.0418303137691933,0.0019928590331378185,0.0,0.0,0.0,0.0,0.0,0.0,0.0,0.0,0.0,0.0,0.038976967479182084,0.0,0.3688402076030936,0.03371742968165157,0.14649641861683096,0.07422729982548702,0.0,0.0,0.009368689273864287,0.0,0.0,0.04320970999284215,0.0,0.0,0.0,0.0,0.0,0.02877292123862499,0.0,0.0,0.015831317195609162,0.0,0.0,0.0,0.0,0.0,0.0,0.0,0.0,0.0,0.0,0.0,0.0,0.0,0.0,0.0,0.0,0.0,0.0,0.0,0.0,0.0,0.0,0.0,0.0,0.0,0.0,0.0,0.0,0.0,0.0,0.0,0.0,0.0,0.0
8957,0.0,0.0,0.0,0.0,0.0,0.0,0.0,0.0,0.0,0.0,0.0,0.09831802691348118,0.02954871761613532,0.0,0.0,0.0,0.10840876166641399,0.0,0.0,0.0,0.0,0.0,0.22353833346072471,0.0,0.0,0.0,0.0,0.0,0.0,0.0,0.0,0.0,0.00854856585672987,0.0,0.033794441861237236,0.0,0.0,0.0,0.12459201551545718,0.06709386654591551,0.0,0.0,0.0,0.0,0.0,0.0,0.0,0.0,0.0,0.0,0.0,0.0,0.0,0.10319204219036948,0.035488923734842935,0.11868988764110024,0.0,0.0,0.0,0.0,0.0,0.0,0.0,0.045960440931282646,0.0,0.0,0.0,0.09570966717545892,0.0,0.0,0.0,0.0,0.0,0.03371742968165157,0.03561342675850642,0.014851798833095467,0.007525159559124813,0.0,0.0,0.0,0.0,0.01485051529676904,0.0,0.0,0.0,0.0,0.0,0.0,0.0,0.0,0.04563677585430178,0.0,0.0,0.0,0.0,0.0,0.01075710402906988,0.0,0.0,0.0,0.0,0.0,0.0,0.0,0.0,0.0,0.0,0.0,0.0,0.0,0.0,0.0,0.0,0.0,0.0,0.0,0.001218503819222075,0.0,0.0,0.0,0.041809912297057446,0.00870087883413263,0.0,0.0,0.0,0.0
8958,0.0,0.0,0.0,0.0,0.0,0.0,0.0,0.0,0.0,0.0,0.0,0.0,0.0,0.0,0.0,0.0,0.0,0.0,0.0,0.002245794503078164,0.0,0.0,0.0,0.0,0.0,0.0,0.0,0.0,0.0,0.0,0.0,0.0,0.182854499108296,0.0,0.0,0.0,0.0,0.0,0.0,0.0,0.04716950963259641,0.0,0.0,0.05400079395729062,0.0,0.0,0.0,0.0,0.0,0.0,0.0,0.0,0.0,0.04399652902003295,0.0005242795529834041,0.016330916822035288,0.0,0.0,0.0,0.0,0.0,0.0,0.0,0.0,0.0,0.0,0.0,0.0,0.0,0.0,0.0,0.0,0.0,0.14649641861683096,0.014851798833095467,0.44286828907981035,0.03269552084309402,0.0,0.0,0.013412166474829174,0.0,0.002762248988106592,0.0,0.0,0.0,0.0,0.0,0.0,0.0016354392025900216,0.0,0.0,0.0,0.0,0.0,0.0,0.0,0.0,0.0,0.0,0.0,0.0,0.0,0.0,0.0,0.0,0.0,0.0,0.0,0.0,0.0,0.0,0.0,0.0,0.0,0.0,0.0,0.0,0.0,0.0,0.0,0.0,0.0,0.0,0.0,0.0,0.0
8959,0.0,0.1663120577514835,0.0,0.0,0.0,0.0,0.11266030686134716,0.0,0.0,0.0,0.0,0.0,0.0,0.0,0.0,0.0,0.0,0.0,0.0,0.0,0.0,0.0,0.0,0.0,0.0,0.0,0.0,0.0,0.0,0.0,0.0,0.0,0.0,0.0,0.0,0.0,0.0,0.0,0.0,0.0,0.0,0.0,0.0,0.0,0.0,0.0,0.0,0.0,0.0,0.0,0.0,0.0,0.0,0.0,0.0,0.02167832056247319,0.0,0.0,0.0,0.0,0.0,0.0,0.09435788950100944,0.18037367108930397,0.0,0.0,0.14616823864452644,0.0,0.2256554140402615,0.0,0.0140464811200773,0.02002370712862083,0.0,0.07422729982548702,0.007525159559124813,0.03269552084309402,0.20965526678136473,0.0,0.0,0.0,0.0,0.0,0.03362189629805737,0.0,0.0,0.0,0.0,0.0,0.04714537014238711,0.0,0.0,0.0,0.0,0.0,0.055800052927858924,0.0,0.0,0.0,0.0,0.0,0.0,0.0,0.0,0.0,0.0,0.0,0.0,0.0,0.0,0.0,0.0,0.0,0.0,0.0,0.0,0.0,0.0,0.0,0.0,0.0,0.0,0.0,0.0,0.0,0.0,0.0
8960,0.01433580597078093,0.0,0.0,0.0,0.0,0.0,0.0,0.0,0.0,0.0,0.0,0.0,0.014008537984813602,0.0,0.0,0.0,0.0,0.0,0.0,0.0,0.0,0.0007863348862957359,0.0034238331507460166,0.0,0.0,0.0,0.0,0.05369937684330117,0.0,0.0,0.0,0.0,0.0,0.0,0.0,0.0,0.0,0.0,0.0,0.0,0.0,0.009669926242404413,0.00019112306264132468,0.02010336519449343,0.0,0.026005774546114923,0.0,0.0006683846533513756,0.0,0.0,0.0,0.0,0.0,0.0014584125213582368,0.016188669471613463,0.0037416435006238763,0.0,0.0,0.05922753402395373,0.0046579420695157135,0.0,0.0009599838403527108,0.0,0.0,0.0,0.0,0.014004507230384997,0.0,0.012667659110048166,0.0,0.004271541339808047,0.005472447200449364,0.0,0.0,0.0,0.0,0.0,0.1938959289518508,0.0007122725884427383,0.0,0.010305941010330529,0.0,0.0,0.0,0.0,0.0,0.0004521425596200481,0.0,0.0,0.0,0.007885191498687797,0.0,0.0,0.0012123450966733383,0.0,0.0146791857153721,0.0,0.014485585652802582,0.0,0.0,0.0,0.0,0.0006367128315422416,0.0,0.0,0.009653082642892694,0.0,0.0,0.0,0.0,0.000808177522026173,0.0,6.880430255087689e-05,0.0007415574830483397,0.0,0.0,0.0,0.0,0.0,0.0,0.0,0.0,0.0,0.0,0.0,0.0
8962,0.005782882845995555,0.0,0.0,0.12768822038933722,0.0,0.0,0.0,0.0,0.0,0.0,0.08216429439994584,0.3005023353977862,0.0,0.004248460204113513,0.0,0.0,0.14298914434577656,0.0,0.0,0.0,0.0,0.0,0.6078935904049595,0.007587287220960149,0.03671658119470875,0.0,0.0,0.03694172922909099,0.0,0.0,0.0003154797181272411,0.4778042338397746,0.0,0.08170424795873674,0.0,0.0,0.0,0.024118424450827583,0.0,0.0,0.0,0.0,0.0,0.0030654112611363596,0.0,0.010259035638963002,0.02461248460468702,0.0,0.0,0.0,0.0,0.0,0.0,0.05099203843996641,0.0,0.3583761777018914,0.0,0.0,0.0013250148161344127,0.0,0.11634897634077944,0.0,0.0,0.0,0.04408123115848659,0.0,0.008526655666455937,0.0,0.00533446704535838,0.0,0.0,0.018822182017997468,0.0,0.0,0.0,0.0,0.0,0.0007122725884427383,0.305669402284361,0.0,0.0,0.0,0.01016093518271594,0.004919017861947351,0.0,0.0,0.022862619264505026,0.0,0.02738751266060498,0.0015917989674914784,0.0,0.0,0.012473225874775527,0.03471950000260241,0.0,0.001353297651678154,0.0,0.0,0.0,0.0,0.0,0.0005888954738375167,0.0,0.010316186782760785,0.0,0.0,0.0,0.0,0.0,0.0,0.0,0.0,0.0,0.0,0.0,0.0,0.0,0.0,0.0,0.0,0.0,0.0,0.0,0.0,0.0,0.12582270167068973
8963,0.0,0.0,0.0,0.0,0.0,0.0,0.0,0.0,0.0,0.0,0.0,0.0,0.0,0.0,0.0,0.0,0.0,0.0,0.0,0.005538549321260392,0.0,0.0,0.0,0.0,0.0,0.0,0.0,0.0,0.0,0.0,0.0,0.0,0.0,0.0,0.0,0.0,0.0,0.0,0.0,0.0,0.11632883382772698,0.0,0.0,0.13317605876661312,0.0,0.0,0.0,0.0,0.0,0.0,0.0,0.0,0.0,0.0,0.0012929714443360497,0.04027509558700501,0.0,0.0,0.0,0.08825663335060688,0.0,0.0,0.0,0.0,0.0,0.0,0.0,0.0,0.0,0.0,0.0,0.0,0.0,0.009368689273864287,0.0,0.013412166474829174,0.0,0.0,0.0,0.056527446474954224,0.0,0.006812222684337695,0.006101582664029448,0.0,0.0,0.0,0.0,0.0,0.054770420353161625,0.0,0.0,0.03340206255443016,0.0,0.0,0.0,0.0,0.0,0.0,0.0,0.0,0.0,0.0,0.0,0.0,0.0,0.0,0.0,0.0,0.0,0.0,0.0,0.0,0.0,0.0,0.0,0.0,0.0,0.0,0.0,0.0,0.0,0.0,0.0,0.0,0.0,0.0
8964,0.0,0.0,0.0,0.0,0.0,0.0072227291269829205,0.0,0.0,0.0,0.0,0.0,0.0,0.0,0.0,0.0,0.0,0.0024708749829169103,0.0,0.0,0.0,0.0,0.009384947400665705,0.0,0.0,0.0,0.0,0.0,0.005421657442830806,0.0,0.0,0.0,0.0,0.0,0.0,0.005091180616047408,0.0,0.0003603697122804642,0.0,0.13149660777893535,0.0,0.0,0.0,0.0,0.03969983487186315,0.0,0.0,0.0,0.0,0.0,0.0,0.0,0.0,0.0,0.0025243781813658987,0.0,0.0,0.0,0.0,0.0,0.015924632538358574,0.0,0.0,0.0,0.04887226693778039,0.0,0.0010384484426235441,0.0,0.0,0.0,0.08348367967078889,0.0004312682056797232,0.0,0.0,0.0,0.0,0.0,0.0,0.010305941010330529,0.0,0.0,0.058027213636022715,0.0,0.0,0.0,0.0,0.0,0.024996847438999218,0.0,0.0,0.0,0.06123218132493164,0.0,0.0,0.0,0.0,0.0014820566115819058,0.0,0.0,0.0,0.0,0.0,0.0,0.0,0.0,0.0,0.0017023744961041705,0.0,0.0,0.0,0.0,0.0,0.0,0.0,0.0,0.0,0.0,0.0,0.0,0.0,0.0,0.0,0.0,0.0,0.08830591439008736,0.0,0.0
9000,0.0,0.0,0.0,0.5106816115139604,0.0,0.008952024108670326,0.007343989532558595,0.0,0.006856482169418287,0.0,3.0998939149094644,0.1174928436485288,0.016658511321629516,0.0,0.0,0.0,0.05000522418675512,0.03562995510348183,0.0,0.001140669726023873,0.0,0.010644209127797153,0.7416644444088755,0.0,0.15963847950858118,0.0,0.0,0.038077309846171484,0.022832321051746977,0.0,0.0,0.33596766007876777,0.003943158703873033,0.0,0.015588210911747512,0.0,0.012685729950433398,0.01902832470747611,0.05747000124308491,0.03094808746647788,0.02395803870547703,0.027280810259152733,0.0048237096601647985,0.02775041566826655,0.0024537161288688764,0.0005633823745771196,0.0,0.0,0.0,0.049049665169001416,0.0,0.03850766606551401,0.0,0.047598931347420576,0.021362660698896627,0.06304224902245932,2.337801449429143,0.00016202957257562908,0.0,0.0,0.0,0.16492340655537568,0.06510992471251918,0.06426043758714509,0.0,0.0009721774354537745,0.0,0.0664437891738516,0.15390191656124286,0.0,0.06877069416548752,0.0,0.0,0.0,0.01485051529676904,0.002762248988106592,0.0,0.0,0.0,0.006812222684337695,0.0,7.370374952380067,0.11174997561046415,0.010238059953207432,0.0,0.0,0.0,0.0,0.000830661925919824,0.0,0.021050671298850025,0.0,0.01402303969348412,0.0,0.009322358116116479,0.0,0.004961881219795687,0.0,0.004009317120136976,0.0,0.0,0.0,0.0,0.0,0.0,1.3504290605794935,0.0,0.017063433255345723,1.6714929498630364,0.0,0.0,0.0,0.0,0.006787238762334684,0.0,0.0,0.000562053801888361,0.0,0.0,0.0,0.019285471077294388,0.0040134154291090775,0.0,0.001112049117762651,0.0,0.0
9001,0.13178579752055197,0.0,0.0048325818235439655,0.0,0.0,0.021352336112832288,0.054769801103179576,0.012770510902521126,0.0,0.0,0.0,0.41340709963386496,0.12236717417995341,0.0,0.0,0.0,0.0,0.0,0.0,0.05012425529239542,0.0,0.007201314336694626,0.0,0.0,0.0,0.04964808583347189,0.0,0.11199330707613744,0.0,0.04419760511874937,0.05727627733051899,0.597313468020759,0.0,0.0,0.0,0.0,0.0,0.0,0.0,0.0,0.0,0.08023855080577148,0.0,0.0,0.07777072703640249,0.0,0.0,0.0,0.28379704255478555,0.0,0.0,0.030050512765225072,0.004826456878266977,0.0,0.0,0.0,0.0,0.0,0.0,0.029989004353371783,0.06612266865134242,0.4725497063375534,0.19150186348488904,0.14490449579934309,0.0,0.0,0.0,0.06557782999895502,0.0,0.09255557931689323,0.003810076253185524,0.05645020911355691,0.015798981087455647,0.04320970999284215,0.0,0.0,0.03362189629805737,0.0,0.01016093518271594,0.006101582664029448,0.0,0.11174997561046415,1.3782883403946045,0.03011226887707118,0.0,0.0,0.008990372571195,0.0,0.028449571416180444,0.0,0.0,0.010310523460197688,0.04124468343162476,0.0,0.0,0.030840225378695615,0.0,0.0,0.0,0.0026444451233398063,0.0,0.0,0.0,0.0,0.0,0.0,0.0,0.050187114795118636,0.0,0.0,0.0,0.0,0.0,0.20067732424617304,0.0,0.0005389951843749924,0.0,0.0,0.00035524682606533585,0.0,0.0,0.0,0.0,0.02111881131505652,0.0,0.0
9002,0.0,0.0,0.0,0.0,0.0,0.002954205223451036,0.0,0.0,0.0,0.0,0.0,0.01943949543646572,0.0,0.0,0.0,0.0,0.0,0.0,0.0,0.0,0.007496527691773007,0.0,0.0,0.0,0.0,0.0,0.0,0.010260352952561178,0.0,0.0,0.0,0.0,0.0012077739058967624,0.0162949215094424,0.0,0.0,0.0,0.0,0.0,0.0,0.0,0.007351116536897444,0.0,0.0,0.0,0.0,0.0,0.0,0.0,0.0,0.0,0.0,0.0,0.0,0.0,0.0,0.0,0.0,0.0,0.0,0.0,0.04940591405412861,0.017544590491397387,0.0,0.052885006821454514,0.0,0.0,0.006007963325834301,0.0,0.016723465015201108,0.0,0.0,0.0,0.0,0.0,0.0,0.0,0.0,0.004919017861947351,0.0,0.0,0.010238059953207432,0.03011226887707118,0.04676751506243171,0.0,0.0,0.0,0.0,0.0,0.000615455668522105,0.0,0.0,0.0037786633904597924,0.0,0.0,0.0,0.0,0.0032608352963802755,0.0,0.0,0.0,0.0,0.0,0.0,0.0,0.0,0.0,0.004597931116709924,0.0,0.0,0.0,0.0,0.0,0.0,0.0,0.0,0.0,0.0,0.0,0.0,0.0,0.0,0.0,0.0,0.0,0.0
9004,0.0,0.0,0.0,0.0,0.03474354942008706,0.0,0.0,0.0,0.0,0.0,0.0,0.1848373375508152,0.0,0.0,0.0,0.0,0.0,0.0,0.0,0.0,0.0,0.0,0.0,0.0,0.0,0.0,0.0,0.0,0.0,0.0,0.0,0.0,0.0,0.0,0.0,0.0,0.0,0.0,0.0,0.0,0.0,0.0,0.01573463538477552,0.0,0.0,0.0,0.0,0.0,0.0,0.0,0.0,0.0,0.013779201568734595,0.0,0.0,0.0,0.0,0.0,0.0,0.0013018323486246343,0.0,0.02219102577033758,0.0,0.0,0.019146578935866205,0.0,0.08072897427337271,0.0,0.0,0.0,0.0,0.0,0.0,0.0,0.0,0.0,0.0,0.0,0.0,0.0,0.0,0.0,0.0,0.0,0.09735082599606495,0.0,0.0,0.0,0.0,0.028332544428663863,0.0,0.0,0.022454995149048973,0.007743101775534128,0.0,0.0,0.0,0.0,0.0,0.0,0.0,0.0,0.0,0.0,0.0,0.0,0.0,0.0,0.0,0.0,0.0,0.0,0.0,0.0,0.0,0.0,0.0,0.0,0.0,0.0,0.0,0.0,0.0,0.050366134335383554,0.0,0.0
9155,0.0,0.0,0.0,0.0,0.0,0.0,0.0,0.0,0.0,0.0,0.0,0.0,0.0,0.0,0.0,0.0,0.0,0.0,0.0,0.0,0.0,0.0,0.0,0.0,0.0,0.0,0.0,0.0,0.0,0.0,0.0,0.0,0.0,0.0,0.0,0.0,0.0,0.0,0.0,0.0,0.0,0.0,0.0,0.0,0.0,0.0,0.0,0.0,0.0,0.0,0.0,0.0,0.0,0.0,0.0,0.0,0.0,0.0,0.0,0.0,0.0,0.0,0.0,0.0,0.0,0.0,0.0,0.0,0.0,0.0,0.0,0.0,0.0,0.0,0.0,0.0,0.0,0.0,0.0,0.0,0.0,0.0,0.0,0.0,0.0,0.0,0.0,0.0,0.0,0.0,0.0,0.0,0.0,0.0,0.0,0.0,0.0,0.0,0.0,0.0,0.0,0.0,0.0,0.0,0.0,0.0,0.0,0.0,0.0,0.0,0.0,0.0,0.0,0.0,0.0,0.0,0.0,0.0,0.0,0.0,0.0,0.0,0.0,0.0,0.0,0.0
9330,0.019614394149577375,0.0,0.0,0.006859544642056781,0.0,0.005682463017088458,0.003917983377330117,0.006876939937007052,0.0,0.0,0.0,0.0,0.0,0.0,0.0,0.01644435215965599,0.07054991195481863,0.0,0.06166931551680495,0.0072285613359047585,0.0,0.003356109720891079,0.014613061076379906,0.0030789672061979296,0.0,0.0,0.0003131153091048742,0.0,0.0,0.006876939937007052,0.0,0.0,0.0,0.0,0.0,0.0,0.24661638416443915,0.015128108175085496,0.0,0.0,0.0,0.025786109688846457,0.0008157211127165817,0.0,0.0,0.0,0.17314747416242157,0.0028526932627574173,0.0,0.0,0.0,0.0,0.0,0.003057788856811872,0.08325367896836551,0.046773707562252194,0.0,0.0,0.0,0.027775241963001403,0.021185510167668432,0.0040972506175878595,0.0,0.0,0.004332137765324136,0.007421992512115536,0.0005966417281584141,0.0,0.03692650693862318,0.04035888573912146,0.002114063143260579,0.02055151077695662,0.0011301875126913797,0.0,0.0,0.0,0.0,0.0004521425596200481,0.022862619264505026,0.0,0.024996847438999218,0.0,0.008990372571195,0.0,0.0,0.0,0.3540729082448213,0.0,0.007955223042112188,0.0,0.033654322478935544,0.0,0.0036230852767880507,0.0,0.0,0.0,0.0,0.1282088632560624,0.004058902155063184,0.013655306535962568,0.0,0.0,0.0027175166212215266,0.0,0.0,0.0,0.0,0.0,0.0,0.0,0.004261115421928468,0.0,0.0002936596005779694,0.003164997917340337,0.0,0.0,0.0,0.0,0.0,0.0,0.0,0.0,0.025101410613240747,0.0,0.0,0.0
9337,0.0,0.0,0.0,0.0,0.0,0.0,0.0,0.0,0.0,0.0,0.0,0.0,0.0,0.0,0.0,0.0,0.0,0.0,0.0,0.0,0.0,0.0,0.0,0.0,0.0,0.0,0.0,0.0,0.0,0.0,0.0,0.0,0.0,0.0,0.0,0.0,0.0,0.0,0.0,0.0,0.0,0.0,0.0,0.0,0.0,0.0,0.0,0.0,0.0,0.0,0.0,0.0007717431049005573,0.0,0.0,0.0,0.0,0.0,0.0,0.0,0.0,0.0,0.0,0.0,0.0,0.0,0.0,0.0,0.0,0.0,0.0,0.0,0.0,0.050570250388557315,0.0,0.0,0.0,0.0,0.0,0.0,0.0,0.0,0.0,0.0,0.0,0.0,0.0,0.0,0.23767499989636945,0.0,0.018811452104672156,0.0,0.0,0.0,0.0,0.0,0.003930751186050898,0.0,0.0,0.0,0.0,0.0,0.0,0.0,0.0,0.0,0.0,0.0,0.0,0.0,0.0,0.0,0.0,0.0,0.0,0.0,0.0,0.0,0.0,0.0,0.0,0.0,0.0,0.0,0.0,0.0,0.0
9390,0.0,0.0,0.0,0.0,0.0,0.0,0.0,0.0,0.0,0.0,0.0,0.016433881205414076,0.012468474538549629,0.006964839657186188,0.02424796028798154,0.0,0.0,0.0,0.0,0.0006753540304220665,0.0,0.010744989247602896,0.0,0.0,0.0,0.0,0.0,0.0,0.0,0.0,0.03303838266951838,0.0,0.039383398131036376,0.0,0.0,0.0,0.0,0.03641433090801617,0.0005827592694699456,0.0,0.014846687205970922,0.0,0.0,0.019505417411827423,0.0,0.0,0.0,0.0,0.0,0.0014389117764690013,0.0,0.0,0.0,0.007073084554048261,0.00015766104542954163,0.004911023907633634,0.0,0.0,0.0,0.22653646039653885,0.009293365957866027,0.13910025445851215,0.002175154968762307,0.0,0.005189540031377872,0.0,0.0007147270701897668,0.0,0.0,0.0,0.005342573590577924,0.0076160091610366154,0.0,0.02877292123862499,0.0,0.0016354392025900216,0.04714537014238711,0.0,0.02738751266060498,0.054770420353161625,0.0,0.000830661925919824,0.028449571416180444,0.0,0.0,0.0,0.007955223042112188,0.0,0.2058881326996616,0.11297289299319466,0.006044746774767981,0.08573616207367318,0.0043401542378190185,0.0,0.0,0.0,0.0,0.0,0.0,0.007763278065858325,0.0,0.0,0.0,0.0,0.0,0.0,0.0,0.0003257817860104112,0.0,0.0,0.0,0.0,0.0,0.0,0.0,0.0,0.0,0.0,0.0,0.0,0.0,0.0,0.0,0.0026068285017030075,0.0,0.0
9401,0.03247065428597634,0.0,0.005828380831040244,0.005341650345150143,0.018318033718975932,0.0,0.0,0.0,0.0,0.0,0.0,0.09066414217172436,0.0005214084848848157,0.05871276840251271,0.2063369988639221,0.04743100201137961,0.0,0.005122435851504983,0.0,0.0349491741913989,0.0,0.013402753875102036,0.0,0.0,0.0,0.0,0.0,0.0,0.0,0.0,0.21864629237981353,0.0026454359233110836,0.004509378369276992,0.0,0.0,0.0,0.0,0.0657950741517482,0.0,0.0,0.005180645349817539,0.0,0.007717960226262959,0.004114296880730066,0.0,0.0,0.0,0.0014998234565214057,0.0,0.0,0.0,0.0,0.0,0.021836735966971773,0.0,0.0,0.0,0.25883061717854083,0.0,0.0,0.0,1.1790511551657739,0.0,0.029946197290976362,0.0,0.0,0.0,0.0,0.0,0.0,0.0,0.0,0.0,0.0,0.0,0.0,0.0,0.0,0.0015917989674914784,0.0,0.0,0.0,0.0,0.000615455668522105,0.028332544428663863,0.0,0.0,0.018811452104672156,0.11297289299319466,1.0435122974267472,0.0,0.0,0.0,0.0,0.0,0.0012778842629552324,0.0,0.0,0.0,0.06544350904830341,0.0,0.0,0.0,0.0,0.0,0.04326795326842646,0.0,0.0,0.0,0.0,0.0,0.0022937019335075503,0.0,0.01668135601642181,0.0,0.0,0.0,0.0,0.0,0.0,0.0,0.0,0.0,0.02585678300043406,0.0009462139725700693,0.0
9427,0.33296643689304345,0.08980788833291006,0.0,0.0,0.0,0.0847000217446191,0.0,0.0,0.0,0.0,0.0,0.1515174888758199,0.0631551889600944,0.0,0.0,0.01585230414045531,0.1866518638482136,0.0,0.0,0.0,0.0,0.16858533569467404,0.5717127167401755,0.0,0.0,0.0,0.0,0.0,0.0,0.0,0.0,0.25478321055496256,0.012117630016902128,0.0,0.10760739589419034,0.0,0.004226009577491611,0.0,1.718653654886797,0.09510585340659933,0.0,0.4496997873272256,0.014225860951240869,0.44175287349396347,0.0,0.0,0.0,0.04974986801233949,0.0,0.0,0.0,0.0,0.0,0.19960183339553242,1.2552767746833313,0.44674515425833244,0.0,0.0,0.0,0.34670455404024175,0.0,0.0714544672922327,0.0,0.6382679596517054,0.0,0.0,0.32443407286766207,0.1356688777170757,0.32760125504857546,0.0,0.0,0.3584104053372628,0.0,0.0,0.04563677585430178,0.0,0.0,0.007885191498687797,0.0,0.0,0.06123218132493164,0.021050671298850025,0.0,0.0,0.0,0.0,0.033654322478935544,0.0,0.006044746774767981,0.0,1.8418382728203262,0.0,0.0,0.0,0.0,0.0,0.0152482426716029,0.02351343973654739,0.0,0.0,0.0,0.0,0.04739243962613386,0.0,0.0,0.25389375365801986,0.0,0.0,0.0,0.0,0.0601550691652471,0.0,0.005121309942446712,0.05519634049081457,0.0,0.0,0.0017272345681107711,0.0,0.0,0.0,0.059265736118300834,0.012333534337915975,0.0,1.0355521766802316,0.0,0.0
9428,0.0,0.0,0.0,0.0,0.0,0.0,0.0,0.0,0.0,0.0,0.0,0.0,0.0,0.0,0.0,0.0,0.0,0.0,0.0,0.0,0.0,0.0,0.0,0.0,0.0,0.0,0.0,0.0,0.0,0.0,0.0,0.0,0.0,0.0,0.0,0.0,0.0,0.0,0.0,0.0,0.0,0.0,0.0,0.0,0.0,0.0,0.0,0.0,0.0,0.0,0.0,0.0,0.0,0.0,0.0,0.0,0.0,0.0,0.0,0.14913705816755382,0.0014647288711751312,0.0,0.01708557988652189,0.03373261819484764,0.0,0.0,0.0,0.0,0.0,0.03385540983674255,0.0,0.0,0.0,0.015831317195609162,0.0,0.0,0.0,0.0,0.0,0.03340206255443016,0.0,0.0,0.010310523460197688,0.0,0.0,0.0,0.0,0.0,0.08573616207367318,0.0,0.0,0.06327566122932927,0.0,0.0,0.0060518737791068295,0.001359478892408056,0.0,0.0,0.0,0.0,0.0,0.0,0.0,0.0,0.0,0.0,0.0,0.0,0.0,0.0,0.0,0.0,0.0,0.0,0.0,0.0,0.0,0.0,0.0,0.0,0.0,0.0,0.0,0.0,0.0,0.0
9446,0.0,0.0,0.0,0.0,0.0,0.002679415858689671,0.0,0.0,0.0,0.0,0.0,0.026626217991765164,0.0,0.0,0.0,0.0,0.0,0.0,0.0,0.0,0.0,0.0,0.0,0.0,0.0,0.0,0.0,0.014053574347144401,0.0,0.0,0.0,0.0,0.0,0.0,0.0,0.0,0.0,0.0,0.0,0.0,0.0,0.01006880204447771,0.0,0.0,0.0,0.0,0.0,0.0,0.0,0.0,0.0,0.0,0.011249047473899772,0.0,0.0,0.0,0.0,0.0,0.0,0.0,0.0,0.07741457948309054,0.024030772430641268,0.0,0.017994357382904485,0.0,0.045350434662602565,0.00822908916144577,0.0,0.0,0.0,0.0,0.0,0.0,0.0,0.0,0.0,0.0,0.012473225874775527,0.0,0.0,0.01402303969348412,0.04124468343162476,0.0037786633904597924,0.022454995149048973,0.0,0.0036230852767880507,0.0,0.0043401542378190185,0.0,0.0,0.0,0.18297171750035246,0.00632130381675083,0.0,0.0,0.0,0.0,0.0,0.0,0.0,0.0,0.0,0.0,0.0,0.0,0.0,0.006297772317432987,0.0,0.0,0.0,0.0,0.0,0.0,0.0,0.0,0.0,0.0,0.0,0.06072117623974524,0.0,0.0,0.0,0.0,0.0,0.0
9465,0.0,0.0,0.0,0.0,0.0,0.0,0.0,0.0,0.0,0.0,0.0,0.0,0.0,0.0,0.0,0.0,0.0,0.0,0.0,0.0,0.0,0.0,0.0,0.0,0.0,0.0,0.0,0.0,0.0,0.0,0.0,0.0,0.0,0.0,0.0,0.0,0.0,0.0,0.0,0.0,0.0,0.0,0.0,0.0,0.0,0.0,0.0,0.0,0.0,0.0,0.0,0.0,0.003878981887551645,0.0,0.0,0.0,0.0,0.0,0.0,0.0,0.0,0.006246993818905013,0.0,0.0,0.005389951843749924,0.0,0.015525835549919357,0.0,0.05251556228216439,0.0,0.0,0.03203686404400609,0.0,0.0,0.0,0.0,0.0,0.0012123450966733383,0.03471950000260241,0.0,0.0,0.0,0.0,0.0,0.007743101775534128,0.0,0.0,0.0,0.0,0.0,0.0,0.0,0.00632130381675083,0.20829284926631458,0.0,0.0,0.0,0.0,0.0,0.0,0.0,0.0,0.0,0.0,0.0,0.0,0.0,0.0,0.0,0.0,0.0,0.0,0.0,0.0,0.0,0.0,0.0,0.0,0.0,0.0,0.0,0.0,0.0,0.0,0.0,0.0
9553,0.0,0.1342308779269439,0.0,0.0,0.0,0.0,0.09092841554588149,0.0,0.0,0.0,0.0,0.0,0.0,0.0,0.0,0.0,0.0,0.014128694999512172,0.03412855537427884,0.0,0.0,0.0,0.0,0.0,0.0,0.0,0.0,0.0,0.0,0.0,0.0,0.0,0.0,0.0,0.0,0.0,0.0,0.0,0.0,0.0,0.0,0.0,0.0,0.0,0.0,0.0,0.0,0.0,0.0,0.0,0.0,0.0,0.0,0.0,0.0,0.017496626765515083,0.0,0.0,0.0,0.0,0.001297385007844468,0.0,0.09129005753539779,0.17545874027723812,0.0,0.0,0.11797275112552578,0.0,0.18212704926574777,0.029987461857961955,0.027270316786729656,0.0,0.0,0.0,0.0,0.0,0.055800052927858924,0.0,0.0,0.0,0.0,0.009322358116116479,0.0,0.0,0.0,0.0,0.0,0.0,0.0,0.0,0.0,0.0060518737791068295,0.0,0.0,0.21573487170057673,0.001204159737819716,0.0,0.0,0.0,0.0,0.0,0.0,0.0,0.0,0.0,0.016051229752870447,0.0,0.0,0.0,0.0,0.0,0.0,0.0,0.0,0.0,0.0,0.0,0.0,0.0,0.0,0.0,0.0,0.0,0.0,0.0,0.0
9651,0.017552066527544298,0.0,0.0068664464645839755,0.0,0.0,0.0,0.0,0.0,0.0,0.0,0.0,0.34691262203421,0.0,0.14687669440126164,0.0,0.0,0.0,0.0,0.0,0.0,0.0,0.0,0.0,0.0,0.0036351775400738696,0.009087943850184676,0.0,0.007722294976137298,0.0,0.0,0.0,0.1383055878451852,0.0,0.0,0.0,0.0,0.0,0.0,0.0,0.0,0.0,0.010456745269595205,0.0,0.09877440289116031,0.0,0.0,0.0,0.0,0.3552859851823825,0.0,0.0,0.0,0.0,0.029014102217996995,0.0,0.024189638198763158,0.0,0.0,0.0,0.0,0.009098077031709104,0.0,0.0033995698105402992,0.006711881669064676,0.0,0.0,0.0,0.0,0.0,0.006736313895629135,0.0006142734640109215,0.0,0.0,0.0,0.0,0.0,0.0,0.0146791857153721,0.001353297651678154,0.0,0.0014820566115819058,0.0,0.030840225378695615,0.0,0.0,0.0,0.0,0.003930751186050898,0.0,0.0012778842629552324,0.0,0.001359478892408056,0.0,0.0,0.001204159737819716,0.6532580538944281,0.0,0.0,0.0,0.0,0.0,0.0,0.0,0.0,0.0,0.011982622261724979,0.0,0.0,0.0,0.0,0.0,0.0,0.0,0.0,0.0,0.0,0.0,0.0,0.0,0.0,0.0,0.0,0.0,0.0,0.0,0.0
11878,0.0,0.0,0.0,0.0,0.0,0.0,0.0,0.0,0.0,0.0,0.0,0.032850198229519144,0.009872871350157571,0.0,0.0,0.0,0.036221732904508516,0.0,0.0,0.0,0.0,0.0,0.07468903513028353,0.0,0.0,0.0,0.0,0.0,0.0,0.0,0.0,0.0,0.002856262394472133,0.0,0.011291460468124803,0.0,0.0,0.0,0.041628911156849975,0.022417524895589746,0.0,0.0,0.0,0.0,0.0,0.0,0.0,0.0,0.0,0.0,0.0,0.0,0.0,0.034478713091400805,0.011857623838075848,0.03965688144129015,0.0,0.0,0.0,0.0,0.0,0.0,0.0,0.01535638623664973,0.0,0.0,0.0,0.031978688322965285,0.0,0.0,0.0,0.0,0.0,0.0,0.01075710402906988,0.0,0.0,0.0,0.0,0.0,0.0,0.004961881219795687,0.0,0.0,0.0,0.0,0.0,0.0,0.0,0.0,0.0152482426716029,0.0,0.0,0.0,0.0,0.0,0.0035941831912622607,0.0,0.0,0.0,0.0,0.0,0.0,0.0,0.0,0.0,0.0,0.0,0.0,0.0,0.0,0.0,0.0,0.0,0.0,0.0,0.00040712871547041537,0.0,0.0,0.0,0.013969604049578628,0.002907153483905935,0.0,0.0,0.0,0.0
11882,0.0,0.0,0.0,0.0,0.0,0.015399711217211958,0.0,0.0,0.0,0.0,0.0,0.0,0.0019328705985131953,0.0,0.0,0.0,0.01216056092929396,0.0042976849481410765,0.024019896149138378,0.0,0.11567634701027839,0.014751345226916622,0.0,0.0,0.0,0.0,0.0,0.0,0.0,0.0,0.0,0.0,0.018636744796100405,0.2514413435836586,0.0,0.0,0.09605587295178634,0.0,0.0,0.0,0.0,0.0,0.0,0.0,0.0,0.0,0.06200595106613708,0.0,0.0,0.09711484671654215,0.0,0.0,0.0,0.005848140535012881,0.0,0.09822914765242134,0.0,0.00907703379141004,0.0,0.0,0.0082516523789735,0.09432620642010972,0.0,0.0,0.03820175657438206,0.012731982294547127,0.048928112027070585,0.0,0.007066070140615239,0.0,0.0,0.0,0.05023150938928622,0.0,0.0,0.0,0.0,0.014485585652802582,0.0,0.0,0.0,0.0,0.0,0.0032608352963802755,0.0,0.0,0.1282088632560624,0.0,0.0,0.0,0.02351343973654739,0.0,0.0,0.0,0.0,0.0,0.0,0.1297960234782338,0.0,0.0,0.0,0.0,0.0,0.0,0.0,0.016285508909715262,0.0,0.0,0.0,0.0,0.0,0.0,0.0,0.0,0.0,0.0,0.0,0.0,0.0,0.0,0.0,0.0,0.0,0.0,0.0,0.0
11883,0.000709322706710071,0.0,0.0,0.00932365291153349,0.0,0.007723736139731883,0.0,0.009347297001757158,0.0,0.0,0.0,0.0,0.0,0.0,0.0,0.022351546624775127,0.09001305148150801,0.0,0.0,0.0,0.0,0.0,0.0,0.00418500396958942,0.0,0.0,0.00042559362402604263,0.0,0.0,0.009347297001757158,0.0,0.0,0.0,0.0,0.0,0.0,0.0005836712558071441,0.02056247713118417,0.0,0.0,0.0,0.0,0.00022193919356617333,0.0,0.0,0.0,0.0,0.0,0.0,0.0,0.0,0.0,0.0,0.0,0.019246289442066595,0.0,0.0,0.0,0.0,0.0,0.0,0.0,0.0,0.0,0.0,0.010088145162098787,0.0,0.0,0.0,0.0,0.0,0.0,0.0,0.0,0.0,0.0,0.0,0.0,0.0,0.0,0.0,0.004009317120136976,0.0,0.0,0.0,0.0,0.004058902155063184,0.0,0.0,0.0,0.0,0.0,0.0,0.0,0.0,0.0,0.0,0.0,0.005701423325629724,0.018560610825580193,0.0,0.0,0.0,0.0,0.0,0.0,0.0,0.0,0.0,0.0,0.0011033908771045549,0.0,0.0,0.0,0.0,0.0,0.0,0.0,0.0,0.0,0.0,0.0,0.03411842219275442,0.0,0.0,0.0
11884,0.0023863642490031672,0.0,0.0,0.03136743229523052,0.0,0.02598485515581227,0.0,0.031446977770197296,0.0,0.0,0.0,0.00015357399554802173,0.0,0.004034627555766884,0.0140464811200773,0.07519698900192204,0.30282962319850193,0.0,0.0,0.00041316358802274234,0.0,0.0004411762053924988,0.0,0.014079549069118688,0.0,0.0,0.0014318185494019006,0.0,0.0,0.031446977770197296,0.015358255245686457,0.004915854057493611,0.0,0.0,0.0,0.0,0.0,0.07356846288094979,0.0,0.0,0.0,0.0,0.0,0.0,0.000641047581416581,0.0,0.0,0.0,0.002339278732186318,0.0,0.0,0.0002476999928193899,0.0,0.0,0.0647500166229526,0.0,0.0,0.0,0.0,0.0,0.0,0.08057869919136543,0.0,0.0,0.0,0.03393940265248949,0.0,0.0,0.0,0.0007629159778837209,0.0,0.0,0.0,0.0,0.0,0.0,0.0,0.0,0.0,0.0,0.0,0.0,0.0026444451233398063,0.0,0.0,0.0,0.013655306535962568,0.0,0.007763278065858325,0.06544350904830341,0.0,0.0,0.0,0.0,0.0,0.0,0.0,0.0,0.018560610825580193,0.07145929744209269,0.0,0.0,0.0,0.0,0.0,0.0,0.0,0.0,0.0,0.0,0.003712122165116038,0.0,0.0,0.0016541405520478856,0.0,0.0,0.0,0.0,0.0,0.0,0.0,0.0,0.11478412037705235,0.0,0.0,0.0
11886,0.0,0.0,0.0,0.0,0.0,0.0,0.0,0.0,0.0,0.0,0.0,0.0,0.0,0.0,0.0,0.0,0.0,0.0,0.0,0.0,0.0,0.0,0.0,0.0,0.0,0.0,0.0,0.0,0.0,0.0,0.0,0.0,0.0,0.0,0.0,0.0,0.0,0.0,0.0,0.0,0.0,0.0,0.0,0.0,0.0,0.0,0.0,0.0,0.0,0.0,0.0,0.0,0.0,0.0,0.0,0.0,0.0,0.0,0.0,0.0,0.0,0.0,0.0,0.0,0.0,0.0,0.0,0.0,0.0,0.0,0.0,0.0,0.0,0.0,0.0,0.0,0.0,0.0,0.0,0.0,0.0,0.0,0.0,0.0,0.0,0.0,0.0,0.0,0.0,0.0,0.0,0.0,0.0,0.0,0.0,0.0,0.0,0.0,0.0,0.0,0.0,0.0,0.0,0.0,0.0,0.0,0.0,0.0,0.0,0.0,0.0,0.0,0.0,0.0,0.0,0.0,0.0,0.0,0.0,0.0,0.0,0.0,0.0,0.0,0.0,0.0
11887,0.0,0.0,0.0,0.001407296250112781,0.0,0.0,0.0,0.0,0.0,0.0,0.0,0.0,0.0,0.0010189026613719775,0.0,0.0,0.0005422378024628098,0.0,0.0,0.0,0.0,0.0,0.00020680697582302514,0.0018196491836135688,0.00880568970836698,0.0,0.0,0.0,0.0,0.0,7.566108871574091e-05,0.0,0.0,0.0,0.0,0.0,0.0,0.005784290232318392,0.0,0.0,0.0,0.0,0.0,0.0007351735786879491,0.0,0.0,0.0,0.0,0.0,0.0,0.0,0.0,0.0,0.012229353972754256,0.0,0.0,0.0,0.0,0.0003177765726061118,0.0,0.0,0.0,0.0,0.0,0.0,0.0,0.001552313336817951,0.0,0.0,0.0,0.0,0.0,0.0,0.0,0.0,0.0,0.0,0.0,0.0005888954738375167,0.0,0.0,0.0,0.0,0.0,0.0,0.0,0.0,0.0,0.0,0.0,0.0,0.0,0.0,0.0,0.0,0.0,0.0,0.0,0.0,0.0,0.0,0.00014123403226938303,0.0,0.002474117601004728,0.0,0.0,0.0,0.0,0.0,0.0,0.0,0.0,0.0,0.0,0.0,0.0,0.0,0.0,0.0,0.0,0.0,0.0,0.0,0.0,0.0,0.0
11888,0.026886348020587855,0.0,0.0,0.0,0.0,0.0,0.0,0.0,0.0,0.0,0.0,0.0,0.0,0.0,0.0,0.0,0.0,0.0,0.0,0.0,0.0,0.004726115862993959,0.02718161767111915,0.0,0.0,0.0,0.0,0.0,0.0,0.0,0.0,0.0,0.0,0.0,0.0,0.0,0.0,0.0,0.0,0.001200489274289756,0.0,0.03631232354733692,0.0011487087166999206,0.00032912573591347295,0.0,0.0005567395111333268,0.0,0.004017198483544865,0.0,0.0,0.0,0.0,0.0,0.004306016675172274,0.09729891032938813,0.022488434648079588,0.0,0.0007723736139731884,0.0,0.027995672438429493,0.0,0.005769799782738458,0.0,0.0,0.0,0.0,0.0,0.0,0.02645312073314674,0.0,0.0,0.028940895611028285,0.0,0.0,0.0,0.0,0.0,0.0006367128315422416,0.0,0.0,0.0,0.0,0.0,0.0,0.0,0.0,0.0027175166212215266,0.0,0.0,0.0,0.04739243962613386,0.0,0.0,0.0,0.0,0.0,0.0,0.0,0.0,0.0,0.0,0.0,0.00386214954713051,0.0,0.0,0.0,0.0,0.0,0.0,0.0,0.004857396859188235,0.0,0.0004135351380119714,0.0044569898207956924,0.0,0.0,0.0,0.0,0.0,5.989836189996155e-05,0.0,0.0,0.0,0.0,0.0,0.0
11889,0.0,0.0,0.0,0.02465281466715425,0.0,0.0,0.0,0.0,0.0,0.0,0.0,0.0,0.0,0.01784899126439125,0.0,0.0,0.009498844361000293,0.0,0.0,0.0,0.0,0.0,0.0036228150586140656,0.031876354448659126,0.15425681435550012,0.0,0.0,0.0,0.0,0.0,0.0013254201433953899,0.0,0.0,0.0,0.0,0.0,0.0,0.10132836996257756,0.0,0.0,0.0,0.0,0.0,0.012878665726658538,0.0,0.0,0.0,0.0,0.0,0.0,0.0,0.0,0.0,0.2142320758441415,0.0,0.0,0.0,0.0,0.005566764602260637,0.0,0.0,0.0,0.0,0.0,0.0,0.0,0.02719320327532875,0.0,0.0,0.0,0.0,0.0,0.0,0.0,0.0,0.0,0.0,0.0,0.010316186782760785,0.0,0.0,0.0,0.0,0.0,0.0,0.0,0.0,0.0,0.0,0.0,0.0,0.0,0.0,0.0,0.0,0.0,0.0,0.0,0.0,0.0,0.0,0.002474117601004728,0.0,0.04334123868902925,0.0,0.0,0.0,0.0,0.0,0.0,0.0,0.0,0.0,0.0,0.0,0.0,0.0,0.0,0.0,0.0,0.0,0.0,0.0,0.0,0.0,0.0
11929,0.0,0.0,0.0,0.0,0.0,0.0,0.0,0.0,0.0,0.0,0.0,0.0,0.0,0.0,0.0,0.0,0.0,0.0,0.0,0.0,0.0,0.0,0.0,0.0,0.0,0.0,0.0,0.0,0.0,0.0,0.0,0.0,0.0,0.0,0.0,0.0,0.0,0.0,0.0,0.0,0.0,0.0,0.0,0.0,0.0,0.0,0.0,0.0,0.0,0.0,0.0,0.0,0.0,0.0,0.0,0.0,0.0,0.0,0.0,0.0,0.0,0.0,0.0,0.0,0.0,0.0,0.0,0.0,0.0,0.0,0.0,0.0,0.0,0.0,0.0,0.0,0.0,0.0,0.0,0.0,0.0,0.0,0.0,0.0,0.0,0.0,0.0,0.0,0.0,0.0,0.0,0.0,0.0,0.0,0.0,0.0,0.0,0.0,0.0,0.0,0.0,0.0,0.0,0.0,0.0,0.0,0.0,0.0,0.0,0.0,0.0,0.0,0.0,0.0,0.0,0.0,0.0,0.0,0.0,0.0,0.0,0.0,0.0,0.0,0.0,0.0
11930,0.018395462484913156,0.027818961011734023,0.0018397804375754356,0.16199158440400305,0.0,0.0,0.0019339852484808828,0.0,0.0,0.0,0.6308692509389148,0.09295099857815764,0.0,0.009950446484272374,0.0,0.03752592966215552,0.07206718700174322,0.061347632039766634,0.0,0.019606614117984728,0.0,0.0,0.12995413488728666,0.0,0.03346253512994984,0.0024350035203204294,0.0,0.0,0.0,0.0,0.0,0.07958142524300281,0.0,0.025749269944459863,0.0,0.0,0.0,0.0,0.0,0.0,0.0,0.009964666715678321,0.0,0.038637055534490386,0.0,0.0,0.0,0.0,0.0,0.0,0.0,0.005369100007990764,0.0,0.08286647884322647,0.0,0.006481318012112156,0.47171378641633144,0.16369855260906496,0.0,0.0,0.0,0.0,0.0,0.01893960307368444,0.0,0.030288079576520032,0.22470442621328435,0.0,0.0159517556875723,0.0,0.11840933362196054,0.0,0.0,0.0,0.0,0.0,0.0,0.009653082642892694,0.0,0.0,0.0017023744961041705,1.3504290605794935,0.0,0.0,0.0,0.0,0.0,0.0,0.0,0.04326795326842646,0.25389375365801986,0.0,0.0,0.0,0.016051229752870447,0.011982622261724979,0.0,0.016285508909715262,0.0,0.0,0.0,0.0,0.0,0.0,0.0,0.6590802760029196,0.0,0.0,0.3401708362205577,0.0,0.0,0.0,0.0,0.0,0.0,0.0,0.0,0.0,0.0011591233754889175,0.0,0.0,0.0,0.0,0.0,0.0,0.0
11931,0.0,0.0,0.0,0.0,0.0,0.0,0.0,0.0,0.0,0.0,0.0,0.0,0.0,0.0,0.0,0.0,0.0,0.0,0.0,0.0,0.0,0.0,0.0,0.0,0.0,0.0,0.0,0.0,0.0,0.0,0.0,0.0,0.0,0.0,0.0,0.0,0.0,0.0,0.0,0.0,0.0,0.0,0.0,0.0,0.0,0.0,0.0,0.0,0.0,0.0,0.0,0.0,0.0,0.0,0.0,0.0,0.0,0.0,0.0,0.0,0.0,0.0,0.0,0.0,0.0,0.0,0.0,0.0,0.0,0.0,0.0,0.0,0.0,0.0,0.0,0.0,0.0,0.0,0.0,0.0,0.0,0.0,0.0,0.0,0.0,0.0,0.0,0.0,0.0,0.0,0.0,0.0,0.0,0.0,0.0,0.0,0.0,0.0,0.0,0.0,0.0,0.0,0.0,0.0,0.0,0.0,0.0,0.0,0.0,0.0,0.0,0.0,0.0,0.0,0.0,0.0,0.0,0.0,0.0,0.0,0.0,0.0,0.0,0.0,0.0,0.0
11933,0.0,0.0,0.0,0.0,0.0,0.003260351155485219,0.0,0.0,0.0,0.0,0.0,0.03354927516379895,0.0,0.0,0.0,0.0,0.0,0.0,0.0,0.0,0.0,0.0006986828661094199,0.0,0.0,0.0,0.0,0.0,0.01710058825426863,0.0,0.0,0.00051375230328858,0.0,0.0027562253746448474,0.0,0.0,0.0,0.0,0.002018023100590152,0.0,0.0,0.0,0.012251860894829072,0.0,0.0,0.0,0.0,0.0,0.0,0.0,0.0,0.0,0.0,0.0,0.0004950059174683853,0.0,0.0,0.0,0.0,0.0,0.0,0.0,0.07215500790828827,0.029240984152328973,0.0,0.0,0.0,0.0,0.010013272209723836,0.0,0.0,0.0,0.0,0.0,0.0,0.0,0.0,0.0,0.0,0.0,0.0,0.0,0.017063433255345723,0.050187114795118636,0.004597931116709924,0.0,0.0,0.0,0.0,0.0003257817860104112,0.0,0.0,0.0,0.006297772317432987,0.0,0.0,0.0,0.0,0.0,0.0,0.0,0.0,0.0,0.0,0.0,0.0,0.0,0.0,0.007686018186279841,0.0,0.0,0.0,0.0,0.0,0.0,0.0,0.0,0.0,0.0,0.0,0.0,0.0,0.0,0.0,0.0,0.0,0.0
11934,0.0,0.0,0.0,0.1326148944328808,0.0,0.0,0.0,0.0,0.0,0.0,0.8049870898232063,0.0,0.0,0.0,0.0,0.0,0.0,0.0,0.0,0.0,0.0,0.0,0.16582104881117196,0.0,0.04145526220279299,0.0,0.0,0.0,0.0,0.0,0.0,0.08724480139812084,0.09254958948070323,0.0,0.0,0.0,0.0,0.0,0.0,0.0,0.0,0.0,0.4705533344681538,0.0,0.0,0.0,0.0,0.0,0.0,0.0,0.0,0.006850953955942181,0.0,0.0,0.0,0.0,0.6019052404149203,0.0,0.0,0.0,0.0,0.0,0.05996519586166046,0.0,0.0,0.0,0.0,0.0,0.07086795874559872,0.0,0.0,0.0,0.0,0.0,0.0,0.0,0.0,0.0,0.0,0.0,0.0,1.6714929498630364,0.0,0.0,0.0,0.0,0.0,0.0,0.0,0.0,0.0,0.0,0.0,0.0,0.0,0.0,0.0,0.0,0.0,0.0,0.0,0.0,0.0,0.0,0.0,0.3401708362205577,0.0,0.0,1.797397809117708,0.0,0.0,0.0,0.0,0.0,0.0,0.0,0.0,0.0,0.0,0.0,0.0,0.0,0.0,0.6013864890754129,0.0,0.0
11935,0.0,0.0,0.0,0.0,0.0,0.0,0.0,0.0,0.0,0.0,0.0,0.0,0.0,0.0,0.0,0.0,0.0,0.0,0.0,0.0,0.0,0.0,0.0,0.0,0.0,0.0,0.0,0.0,0.0,0.0,0.0,0.0,0.0,0.0,0.0,0.0,0.0,0.0,0.0,0.0,0.0,0.0,0.0,0.0,0.0,0.0,0.0,0.0,0.0,0.0,0.0,0.0,0.0,0.0,0.0,0.0,0.0,0.0,0.0,0.0,0.0,0.0,0.0,0.0,0.0,0.0,0.0,0.0,0.0,0.0,0.0,0.0,0.0,0.0,0.0,0.0,0.0,0.0,0.0,0.0,0.0,0.0,0.0,0.0,0.0,0.0,0.0,0.0,0.0,0.0,0.0,0.0,0.0,0.0,0.0,0.0,0.0,0.0,0.0,0.0,0.0,0.0,0.0,0.0,0.0,0.0,0.0,0.0,0.0,0.0,0.0,0.0,0.0,0.0,0.0,0.0,0.0,0.0,0.0,0.0,0.0,0.0,0.0,0.0,0.0,0.0
11936,0.03426861846112763,0.0,0.0,0.0018647305823066979,0.0,0.0015447472279463768,0.0,0.0018694594003514314,0.0,0.0,0.0,0.0,0.0,0.0,0.0,0.004470309324955025,0.0180026102963016,0.0,0.0,0.0,0.0,0.005998843462462315,0.02611996424280466,0.0008370007939178839,0.0,0.0,8.511872480520853e-05,0.0,0.0,0.0018694594003514314,0.0,0.0,0.0,0.0,0.0,0.0,0.0,0.004112495426236834,0.0,0.0,0.0,0.04609111393658546,0.0014580522304595903,0.0,0.0,0.0,0.0,0.005099016943092968,0.0,0.0,0.0,0.0,0.0,0.0054656129324656645,0.12735044767185624,0.02854449680888318,0.0,0.0,0.0,0.03553481578805802,0.0,0.007323588060422743,0.0,0.0,0.0,0.0020176290324197574,0.0,0.0,0.033576859935726566,0.0,0.0,0.03673458448055048,0.0,0.0,0.0,0.0,0.0,0.000808177522026173,0.0,0.0,0.0,0.0,0.0,0.0,0.0,0.0,0.004261115421928468,0.0,0.0,0.0,0.0601550691652471,0.0,0.0,0.0,0.0,0.0,0.0,0.0,0.0011033908771045549,0.003712122165116038,0.0,0.0,0.004857396859188235,0.0,0.0,0.0,0.0,0.0,0.0,0.0,0.006386156178507179,0.0,0.0005248988029654525,0.005657242654183211,0.0,0.0,0.0,0.0,0.0,0.0,0.0,0.0,0.006823684438550883,0.0,0.0,0.0
11970,0.05698806712978304,0.0,0.09812873908260483,0.08993396762925514,0.044101632630622445,0.0,0.0,0.0,0.0,0.0,0.0,0.0,0.012904111271375439,0.0,0.03248716011277057,0.0,0.0,0.08624319269988388,0.0,0.07787440074248798,0.0,0.11756265001014153,0.0,0.0,0.0,0.03608013858134049,0.0,0.0,0.0,0.0,0.03400934412318922,0.04453952118156479,0.09719283843700852,0.0,0.0,0.0,0.0,0.032070123397587386,0.0,0.0,0.0872232289805644,0.0,0.0,0.13620763646054848,0.0,0.0,0.0,0.025251573104342215,0.0,0.0,0.0,0.0,0.0,0.0,0.0,0.0,0.0,0.0,0.0,0.0,0.0,0.10863806430522124,0.0,0.0,0.0,0.0,0.0,0.0,0.0,0.0,0.0,0.0,0.0,0.0,0.0,0.0,0.0,0.0,0.0,0.0,0.0,0.0,0.0,0.0,0.0,0.0,0.0,0.0,0.0,0.0022937019335075503,0.0,0.0,0.0,0.0,0.0,0.0,0.0,0.0,0.0,0.0,0.0,0.0,0.0,0.0,0.0,0.0,0.0,0.0,0.0,0.0,0.0,0.04422953589964191,0.0,0.32700479346586636,0.0,0.0,0.0,0.0,0.0,0.0,0.0,0.0,0.0,0.0445346347362519,0.015930802519997896,0.0
11971,0.002905385806684451,0.0,0.0,0.0,0.0,0.0,0.0,0.0,0.0,0.0,0.0,0.0,0.0,0.0,0.0,0.0,0.0,0.0,0.0,0.0,0.0,0.0005107123488312511,0.002223726685536073,0.0,0.0,0.0,0.0,0.0,0.0,0.0,0.0,0.0,0.0,0.0,0.0,0.0,0.0,0.0,0.0,0.0,0.0,0.003923973213520113,0.00012413147367426242,0.0,0.0,0.0,0.0,0.00043410549650656346,0.0,0.0,0.0,0.0,0.0,0.0004653156956018066,0.010514290481563384,0.002430139593188703,0.0,0.0,0.0,0.003025261344118453,0.0,0.0006234946591981524,0.0,0.0,0.0,0.0,0.0,0.0,0.002858570508041586,0.0,0.0,0.0031274038138847035,0.0,0.0,0.0,0.0,0.0,6.880430255087689e-05,0.0,0.0,0.0,0.0,0.0,0.0,0.0,0.0,0.0002936596005779694,0.0,0.0,0.0,0.005121309942446712,0.0,0.0,0.0,0.0,0.0,0.0,0.0,0.0,0.0,0.0,0.0,0.0004135351380119714,0.0,0.0,0.0,0.0,0.0,0.0,0.0,0.0005248988029654525,0.0,4.4687330522734474e-05,0.00048163011785613824,0.0,0.0,0.0,0.0,0.0,0.0,0.0,0.0,0.0,0.0,0.0,0.0
11973,0.4629734782469782,0.0,0.7136587401207367,0.6540608045347933,0.3207369815884739,0.06743094119978037,0.0,0.0,0.2732001553847075,0.0,0.016485673022094492,0.011654172071246466,0.21845169025818215,0.0,0.2362686606689562,0.0,0.0,0.6272189862174602,0.0,0.6085504907859164,0.0,0.8604996643912173,0.023966832055222115,0.0,0.0,0.2967157005711939,0.0,0.0,0.923450084270884,0.0,0.28316619570943696,0.6969678926909538,0.7270837532179208,0.0,0.0,0.0,0.0,0.2332356868477886,0.0,0.0,0.634346474697204,0.04229171130127233,0.0013378614384892728,1.0671172060151883,0.048646769871590084,0.0,0.0,0.18832525744515793,0.1775193565175026,0.0,0.0,0.018797051727816882,0.0,0.00501506916370836,0.30165276675534525,0.026191504504367136,0.7948242856314537,0.006456153944659822,0.0,0.03260559448660999,0.0,0.7968095672966293,0.0,0.0,0.2382161793443175,0.03873692366795893,0.06317712166854948,0.0,0.181176725725115,0.057894919321676,0.0,0.033706463327424024,0.0,0.0,0.0,0.0,0.0,0.0007415574830483397,0.0,0.0,0.0,0.006787238762334684,0.20067732424617304,0.0,0.0,0.0,0.003164997917340337,0.0,0.0,0.01668135601642181,0.05519634049081457,0.0,0.0,0.0,0.0,0.0,0.0,0.0,0.0,0.0016541405520478856,0.0,0.0,0.0044569898207956924,0.0,0.0,0.0,0.0,0.0,0.0,0.0,0.005657242654183211,0.32700479346586636,0.00048163011785613824,2.8518982020759194,0.0,0.0,0.0,0.0,0.0,0.0,0.0,0.0,0.0,0.4415846401624768,0.1158595999686024,0.0
12246,0.0,0.0,0.0,0.0,0.0,0.0,0.0,0.0,0.0,0.0,0.0,0.0,0.0,0.0,0.0,0.0,0.0,0.0,0.0,0.0,0.0,0.0,0.0,0.0,0.0,0.0,0.0,0.0,0.0,0.0,0.0,0.0,0.0,0.0,0.0,0.0,0.0,0.0,0.0,0.0,0.0,0.0,0.0,0.0,0.0,0.0,0.0,0.0,0.0,0.0,0.0,0.0,0.0,0.0,0.0,0.0,0.0,0.0,0.0,0.0,0.0,0.0,0.0,0.0,0.0,0.0,0.0,0.0,0.0,0.0,0.0,0.0,0.0,0.0,0.0,0.0,0.0,0.0,0.0,0.0,0.0,0.0,0.0,0.0,0.0,0.0,0.0,0.0,0.0,0.0,0.0,0.0,0.0,0.0,0.0,0.0,0.0,0.0,0.0,0.0,0.0,0.0,0.0,0.0,0.0,0.0,0.0,0.0,0.0,0.0,0.0,0.0,0.0,0.0,0.0,0.0,0.0,0.0,0.0,0.0,0.0,0.0,0.0,0.0,0.0,0.0
12267,0.0,0.0,0.0007817411773379945,0.0,0.0,0.0,0.0,0.0020658179401137114,0.0,0.0,0.0,0.029536737943755328,0.0,0.0,0.0,0.0,0.0,0.0,0.0,0.0,0.0,0.0,0.0,0.0,0.0,0.0,0.0,0.0,0.0,0.00714961259273887,0.0,0.00015060159563418904,0.0,0.0,0.0,0.0,0.0,0.0,0.0,0.0,0.0,0.0,0.0,0.0,0.0,0.0,0.0,0.0,0.0,0.0,0.0,0.0,0.000780750377366717,0.0,0.0,0.0,0.0,0.0,0.0,0.0,0.0,0.0,0.0,0.0,0.0,0.0,0.0,0.0,0.0,0.0,0.0,0.0,0.0,0.0,0.0,0.0,0.0,0.0,0.0,0.0,0.0,0.0,0.0005389951843749924,0.0,0.0,0.0,0.0,0.0,0.0,0.0,0.0,0.0,0.0,0.0,0.0,0.0,0.0,0.0,0.0,0.0,0.0,0.0,0.0,0.0,0.0,0.0,0.0,0.0,0.0,0.0,0.0,0.0,0.0,0.0,0.0,8.719039747242524e-05,0.0,0.0,5.7466398334098455e-05,0.0,0.0,0.0,0.0,0.003416278300965025,0.0,0.0
12284,0.0,0.0,0.0,0.0,0.0,0.0,0.0,0.0,0.0,0.0,0.0,0.003721084401219867,0.0011183429493983798,0.0,0.0,0.0,0.004102992753785036,0.0,0.0,0.0,0.0,0.0,0.008460350882014418,0.0,0.0,0.0,0.0,0.0,0.0,0.0,0.0,0.0,0.00032354122698445396,0.0,0.0012790326901946677,0.0,0.0,0.0,0.004715487281483891,0.0025393302536597232,0.0,0.0,0.0,0.0,0.0,0.0,0.0,0.0,0.0,0.0,0.0,0.0,0.0,0.003905553341326816,0.0013431644701537243,0.004492106924323131,0.0,0.0,0.0,0.0,0.0,0.0,0.0,0.0017394844586647482,0.0,0.0,0.0,0.0036223646949907575,0.0,0.0,0.0,0.0,0.0,0.0,0.001218503819222075,0.0,0.0,0.0,0.0,0.0,0.0,0.000562053801888361,0.0,0.0,0.0,0.0,0.0,0.0,0.0,0.0,0.0017272345681107711,0.0,0.0,0.0,0.0,0.0,0.00040712871547041537,0.0,0.0,0.0,0.0,0.0,0.0,0.0,0.0,0.0,0.0,0.0,0.0,0.0,0.0,0.0,0.0,0.0,0.0,0.0,4.6117235026737315e-05,0.0,0.0,0.0,0.001582397626854924,0.0003293058813627962,0.0,0.0,0.0,0.0
12286,0.0,0.0,0.0,0.0,0.0,0.0,0.0,0.0,0.0,0.0,0.0,0.0,0.0,0.0,0.0,0.0,0.0,0.0,0.0,0.0,0.0,0.0,0.0,0.0,0.0,0.0,0.0,0.0,0.0,0.0,0.0,0.0,0.0,0.0,0.06087738486248961,0.0,0.0,0.0,0.0,0.0,0.0,0.0,0.0,0.0,0.0,0.0,0.0,0.0,0.0,0.0,0.0,0.0,0.0,0.0,0.0,0.0,0.0,0.0,0.0,0.0,0.0,0.0,0.0,0.0,0.0,0.0,0.0,0.0,0.0,0.0,0.0,0.017781301611808062,0.0,0.0,0.0,0.0,0.0,0.0,0.0,0.0,0.0,0.0,0.0,0.0,0.0,0.0,0.0,0.0,0.0,0.0,0.0,0.0,0.0,0.0,0.0,0.0,0.0,0.0,0.0,0.0,0.0,0.0,0.0,0.0,0.0,0.0,0.0,0.0,0.0,0.0,0.0,0.0,0.0,0.0,0.0,0.0,0.0,0.00879096281788481,0.0,0.0,0.0,0.0,0.0,0.0,0.0,0.008144555909350863
12290,0.0,0.005448679260229285,0.0005152385032454964,0.0,0.0,0.0,0.0,0.0013615618241658554,0.0,0.0,0.0,0.019467395462929648,0.0,0.0,0.0,0.0,0.0,0.0,0.0,0.0,0.0,0.0,0.0,0.0,0.0,0.0,0.0,0.0,0.0,0.004712244663396073,0.0,0.002294399997123678,0.0,0.0,0.0,0.0,0.0,0.0,0.0,0.0,0.0,0.0,0.0,0.002535682308310929,0.0,0.0,0.0,0.0,0.0,0.0,0.0,0.0,0.0005145854759916999,0.0,0.0,0.0,0.0,0.0,0.0,0.0,0.0,0.0,0.0,0.0,0.0,0.0,0.0,0.0,0.0,0.0,0.0,0.0,0.0,0.0,0.0,0.0,0.0,0.0,0.0,0.0,0.0,0.0,0.00035524682606533585,0.0,0.0,0.0,0.0,0.0,0.0,0.0,0.0,0.0,0.0,0.0,0.0,0.0,0.0,0.0,0.0,0.0,0.0,0.0,0.0,0.0,0.0,0.0011591233754889175,0.0,0.0,0.0,0.0,0.0,0.0,0.0,0.0,0.0,5.7466398334098455e-05,0.0,0.0,0.0002649038832297548,0.0,0.0,0.0,0.0,0.002251637971090585,0.0,0.0
12316,0.0,0.0,0.0,0.0,0.01410228117300516,0.0,0.0,0.0,0.0,0.0,0.0,0.0,0.0,0.0,0.0,0.0,0.0,0.0,0.0,0.0,0.0,0.0,0.011202063288898167,0.0,0.0,0.0,0.0,0.0,0.0,0.0,0.0154090562623956,0.0,0.04867737207979387,0.0,0.0,0.0,0.0,0.0,0.0,0.002036544304598693,0.0,0.0,0.0,0.0005583383019960702,0.0,0.0009444688135297509,0.0,0.0,0.0,0.0,0.0,0.0,0.0,0.0,0.0,0.0,0.04769729076275104,0.001310276666561659,0.0,0.0,0.0,0.0,0.0,0.0,0.0,0.0,0.0,0.0,0.0,0.0,0.0,0.0,0.0,0.0,0.0,0.0,0.0,0.0,0.0,0.0,0.0,0.0,0.0,0.0,0.0,0.0,0.0,0.0,0.0,0.0,0.0,0.0,0.06072117623974524,0.0,0.0,0.0,0.0,0.0,0.0,0.0,0.0,0.0,5.989836189996155e-05,0.0,0.0,0.0,0.0,0.0,0.0,0.0,0.0,0.0,0.0,0.0,0.0,0.0,0.0,0.0,0.0,0.0527706032020437,0.0,0.0031217404913216054,0.0,0.0,0.0,0.0
12346,0.0,0.0,0.0,0.0,0.0,0.0,0.0,0.0,0.0,0.0,0.0,0.1276797085168567,0.038373142451231905,0.0,0.0,0.0,0.14078393886424906,0.0,0.0,0.0,0.0,0.0,0.29029578963911973,0.0,0.0,0.0,0.0,0.0,0.0,0.0,0.0,0.0,0.011101508350904078,0.0,0.04388680918230454,0.0,0.0,0.0,0.161800157345916,0.08713076932869926,0.0,0.0,0.0,0.0,0.0,0.0,0.0,0.0,0.0,0.0,0.0,0.0,0.0,0.13400929902427638,0.04608733088214966,0.15413541884083745,0.0,0.0,0.0,0.0,0.0,0.0,0.0,0.059686060487934164,0.0,0.0,0.0,0.12429238859687038,0.0,0.0,0.0,0.0,0.0,0.0,0.041809912297057446,0.0,0.0,0.0,0.0,0.0,0.0,0.019285471077294388,0.0,0.0,0.0,0.0,0.0,0.0,0.0,0.0,0.059265736118300834,0.0,0.0,0.0,0.0,0.0,0.013969604049578628,0.0,0.0,0.0,0.0,0.0,0.0,0.0,0.0,0.0,0.0,0.0,0.0,0.0,0.0,0.0,0.0,0.0,0.0,0.0,0.001582397626854924,0.0,0.0,0.0,0.05429601857145959,0.011299308054260942,0.0,0.0,0.0,0.0
12372,0.0,0.0,0.0,0.0,0.0015047099018342973,0.0,0.0,0.0,0.0,0.0,0.0,0.026570868302460613,0.007985667623047806,0.0,0.0,0.0,0.02929793263249627,0.0,0.0,0.0,0.0,0.0,0.06041219301688421,0.0,0.0,0.0,0.0,0.0,0.0,0.0,0.0016441424796104483,0.0,0.007504150096097496,0.0,0.0091330928034213,0.0,0.0,0.0,0.03367152636934591,0.018132405092538963,0.0,0.0,0.0,0.0,0.0,0.0,0.0,0.0,0.0,0.0,0.0,0.0,0.0,0.0278880918279118,0.009591033794691438,0.03207645100649486,0.005089289088829515,0.0,0.0,0.0,0.0,0.0,0.0,0.012421006212652968,0.0,0.0,0.0,0.025865947900168378,0.0,0.0,0.0,0.0,0.0,0.0,0.00870087883413263,0.0,0.0,0.0,0.0,0.0,0.0,0.0040134154291090775,0.0,0.0,0.0,0.0,0.0,0.0,0.0,0.0,0.012333534337915975,0.0,0.0,0.0,0.0,0.0,0.002907153483905935,0.0,0.0,0.0,0.0,0.0,0.0,0.0,0.0,0.0,0.0,0.0,0.0,0.0,0.0,0.0,0.0,0.0,0.0,0.0,0.0003293058813627962,0.0,0.0,0.0031217404913216054,0.011299308054260942,0.0026845387449047995,0.0,0.0,0.0,0.0
12562,0.004386654281925567,0.0,0.0,0.05766013350575496,0.0,0.04776579106985618,0.0,0.057806355315152484,0.0,0.0,0.0,0.0,0.0,0.0,0.0,0.13822835048378787,0.5566664283763546,0.0,0.0,0.0,0.0,0.0,0.0,0.02588126026336085,0.0,0.0,0.0026319925691553406,0.0,0.0,0.057806355315152484,0.0,0.0,0.0,0.0,0.0,0.0,0.0,0.12716423357270895,0.0,0.0,0.0,0.0,0.0,0.0,0.0,0.0,0.0,0.0,0.0,0.0,0.0,0.0,0.0,0.0,0.1190245528495804,0.0,0.0,0.0,0.0,0.0,0.0,0.0,0.0,0.0,0.0,0.06238797200960807,0.0,0.0,0.0,0.0,0.0,0.0,0.0,0.0,0.0,0.0,0.0,0.0,0.0,0.0,0.0,0.0,0.0,0.0,0.0,0.0,0.025101410613240747,0.0,0.0,0.0,0.0,0.0,0.0,0.0,0.0,0.0,0.0,0.0,0.03411842219275442,0.11478412037705235,0.0,0.0,0.0,0.0,0.0,0.0,0.0,0.0,0.0,0.0,0.006823684438550883,0.0,0.0,0.0,0.0,0.0,0.0,0.0,0.0,0.0,0.0,0.0,0.21099807096061982,0.0,0.0,0.0
12568,0.05966948710659643,0.0,0.08889265937762358,0.0451612256453603,0.050053131617184506,0.1331981941386987,0.15614211529630143,0.08154927783595645,0.07529878243988021,0.0,0.028475253401799582,1.4035755260024596,0.37645316555058234,0.0,0.01631374670889667,0.0,0.0,0.04330786674454212,0.0,0.08444973216096568,0.0,0.21775247821481536,0.0,0.0,0.0009423858817719516,0.16164515344586397,0.030499412706757302,0.0,0.1726961084800517,0.32416491304819206,0.07820755723283007,0.07706586292956318,0.18396730258512767,0.0,0.0861015083039912,0.0,0.0060945344733246785,0.01610432762405846,2.2268307154779077,0.0,0.04717786387780878,0.0,0.2212869206714458,0.9927236206808855,0.0,0.0,0.0,0.012680325586953704,0.0,0.6348917186768525,0.0147072996645571,0.0,0.030591219331368637,0.0,0.030857102755479086,0.04768690988123379,0.6166710648323263,0.0010578028193352045,0.0,0.0,0.0,0.05455367160035408,0.037551825570495724,0.8265226113398191,0.4978428029679646,0.006346816916011227,0.10912411924567639,0.022367174242503913,0.05589759042957684,0.0,0.02022623565002243,0.0,0.020986832255246116,0.0,0.0,0.0,0.0,0.0,0.0,0.0,0.08830591439008736,0.001112049117762651,0.02111881131505652,0.0,0.050366134335383554,0.0,0.0,0.0,0.0026068285017030075,0.02585678300043406,1.0355521766802316,0.0,0.0,0.0,0.0,0.0,0.0,0.0,0.0,0.0,0.0,0.0,0.0,0.0,0.0,0.0,0.0,0.0,0.6013864890754129,0.0,0.0,0.0445346347362519,0.0,0.4415846401624768,0.0,0.003416278300965025,0.0,0.0,0.002251637971090585,0.0,0.0,0.0,0.0,2.900485096103791,0.007999809040819678,0.0
12619,0.02350911624576363,0.0,0.040480754135588604,0.0371001896699519,0.01819311410896088,0.0,0.0,0.0,0.0,0.0,0.0,0.0,0.003621418931381811,0.0,0.013401830629674254,0.0,0.0,0.03557764536863461,0.0,0.027423001314121644,0.0,0.048497767066818645,0.0,0.0,0.0,0.0,0.0,0.0,0.0,0.0,0.014029772629652573,0.01837375495826971,0.031319682492069296,0.0,0.0,0.0,0.0,0.013229791725570606,0.0,0.0,0.035981936793278185,0.0,0.0,0.028575661971616092,0.0,0.0,0.0,0.010416955643475945,0.0,0.0,0.0,0.0,0.0,0.0,0.0,0.0,0.0,0.0,0.0,0.0,0.0,0.04481613451900056,0.0,0.0,0.0,0.0,0.0,0.0,0.0,0.0,0.0,0.0,0.0,0.0,0.0,0.0,0.0,0.0,0.0,0.0,0.0,0.0,0.0,0.0,0.0,0.0,0.0,0.0,0.0,0.0009462139725700693,0.0,0.0,0.0,0.0,0.0,0.0,0.0,0.0,0.0,0.0,0.0,0.0,0.0,0.0,0.0,0.0,0.0,0.0,0.0,0.0,0.0,0.015930802519997896,0.0,0.1158595999686024,0.0,0.0,0.0,0.0,0.0,0.0,0.0,0.0,0.0,0.007999809040819678,0.00657188613675939,0.0
12637,0.0,0.0,0.0,0.08154148654527323,0.0,0.0,0.0,0.0,0.0,0.0,0.05499739236021827,0.20114387844173895,0.0,0.0,0.0,0.0,0.09419766138292704,0.0,0.0,0.0,0.0,0.0,0.40632172015290036,0.0,0.0,0.0,0.0,0.024727271033177643,0.0,0.0,0.0,0.31982246195589414,0.0,0.05468945623278144,0.0,0.0,0.0,0.0,0.0,0.0,0.0,0.0,0.0,0.0,0.0,0.006866975641841363,0.016474582817870533,0.0,0.0,0.0,0.0,0.0,0.0,0.0,0.0,0.23988224327329244,0.0,0.0,0.0,0.0,0.07593704902592287,0.0,0.0,0.0,0.019523150479495176,0.0,0.0,0.0,0.0,0.0,0.0,0.09952506897849006,0.0,0.0,0.0,0.0,0.0,0.0,0.12582270167068973,0.0,0.0,0.0,0.0,0.0,0.0,0.0,0.0,0.0,0.0,0.0,0.0,0.0,0.0,0.0,0.0,0.0,0.0,0.0,0.0,0.0,0.0,0.0,0.0,0.0,0.0,0.0,0.0,0.0,0.0,0.0,0.0,0.0,0.0,0.0,0.0,0.0,0.0,0.008144555909350863,0.0,0.0,0.0,0.0,0.0,0.0,0.0,0.19368055380809432
