pre_unit_id,2158,2162,2196,2197,2199,2200,2201,2202,2205,2207,2237,2238,2239,2240,2241,2277,2278,2280,2448,2484,2541,2648,2678,2738,2757,2778,2842,2859,2860,2976,5404,5432,5435,5436,5437,5438,5439,5440,5441,5442,5444,5446,5474,5475,5476,5477,5479,5505,5506,5507,5508,5509,5735,5743,5875,5908,5940,6191,6216,8861,8868,8904,8906,8907,8908,8909,8910,8911,8912,8913,8914,8916,8955,8956,8957,8958,8959,8960,8962,8963,8964,9000,9001,9002,9004,9155,9330,9337,9390,9401,9427,9428,9446,9465,9553,9651,11878,11882,11883,11884,11886,11887,11888,11889,11929,11930,11931,11933,11934,11935,11936,11970,11971,11973,12246,12267,12284,12286,12290,12316,12346,12372,12562,12568,12619,12637
2158,2.5815374849391466,0.0,0.0065279393507603825,0.005777328889176287,0.0027310750531455204,0.00017230921844467033,0.0,0.005982108802505766,0.0,0.0,0.0036716273811547204,0.0,0.028426528518895114,0.0,0.00201182739139514,0.012457298960162807,0.0020081056978128366,0.005340768992817907,0.0,0.011932789090204284,0.0,0.009342762682044647,0.0101303804251841,9.336346427971425e-05,0.008966982163039774,0.0,9.494589587767547e-06,0.0,0.005162306296584017,0.00020852931946467248,0.0021060914476029994,0.0027581921104107947,0.0047015812144221465,0.0,0.0,0.0,0.0,0.002444730960246727,0.0,0.0,0.005401459549554475,0.022165220400932127,0.0005012968456171182,0.004289660201678212,0.0,0.0425776626234058,0.00366124201632864,0.003316856985255657,0.0,0.0,0.13994277324124657,0.0,0.0,0.0018791470327133117,0.0428906415407185,0.00981395996048141,0.26914597745258434,0.06525830127014427,0.06986687290119008,0.012217320266040051,0.08806127869025865,0.009245555220370223,0.0,0.007550258103204554,0.05254521789668196,0.00022505693837671225,0.013341051796446363,0.0,0.13806209173223064,0.0,0.0,0.012629815956147851,0.0,0.0,0.0,0.0,0.0,0.03289072728519564,0.013532196493715423,0.0,0.0,0.0,0.3083844778844193,0.0,0.0,0.0,0.0012764753616099308,0.0,0.0,0.017390777803045113,0.020682075573460534,0.0,0.0,0.0,0.0,0.0410725963929855,0.0,0.0,0.00012307801317476452,0.00041406960146652923,0.0,0.0,0.001670034634255885,0.0,0.0,0.010909038353008249,0.0,0.0,0.0,0.0,0.0021443851212444814,0.002391466193108985,0.00018046686442216254,0.02538599657583002,0.0,0.0,0.0,0.0,0.0,0.0,0.0,0.0,0.0007611495986193653,0.01289807380381984,0.0009865443690795167,0.0
2162,0.0,0.7004040302729492,0.0,0.0,0.0,0.0,0.036459734565430384,0.0,0.0,0.3111331889275172,0.0,0.009730528109414863,0.0,0.0,0.0,0.012694273867808071,0.026411433439840346,0.0,0.0,0.0,0.0,0.0,0.0,0.0,0.0,0.0,0.0,0.0,0.0,0.0,0.0,0.4040294642944987,0.0,0.0,0.0,0.0,0.0,0.0,0.0,0.0,0.0,0.0,0.0,0.23103053851607053,0.028939683291795876,0.0,0.0,0.0,0.0,0.0,0.0,0.0,0.0,0.0,0.0,0.007015654719499605,0.0,0.0,0.0,0.0,0.0,0.0,0.030536607800962248,0.058373497762631864,0.0,0.0,0.04730375170586672,0.0,0.07302781901069862,0.0,0.0,0.0,0.0,0.0,0.0,0.0,0.022374250186512255,0.0,0.0,0.0,0.0,0.0,0.0,0.0,0.0,0.0,0.0,0.0,0.0,0.0,0.0762967823996977,0.0,0.0,0.0,0.018058313306305293,0.0,0.0,0.0,0.0,0.0,0.0,0.0,0.0,0.0,0.0,0.10560979850198685,0.0,0.0,0.0,0.0,0.0,0.0,0.0,0.0,0.0,0.0,0.0,0.0,0.020684953637630527,0.0,0.0,0.0,0.0,0.0,0.0,0.0
2196,0.0065279393507603825,0.0,0.41055797799198274,0.00958992063035597,0.004702685400696239,0.0,0.0,0.0018188090282115887,0.00019880279146359156,0.0,0.00011846375572417549,0.03987100456923795,0.010177232956405954,0.001484357398259273,0.003464200403917135,0.0,0.05621554917342281,0.009196362561361533,0.0,0.007088492225730311,0.0,0.012536047418026193,0.0007156509078679644,0.0,0.16234617627933606,0.00036324153854683114,0.0,0.0,0.001414262508405739,0.006581386815925647,0.004024487691473781,0.004881972962229185,0.008159006169465487,0.0,0.0,0.0,0.0,0.003419730565612679,0.0,0.0,0.009300866681377005,0.004349975007838842,0.0,0.01123316759512092,0.0,0.007405607523935273,0.0022783988087224983,0.0026926487093348202,0.0,0.004085544082504086,0.0,0.0,0.0006873964097029889,0.0011596822452865497,0.0,0.0009668503174160096,0.0031669064603259225,0.3272548041167114,0.0,0.0,0.0,0.011584392878310827,0.0,0.0,0.0015163814965468993,0.0,0.0,0.00014561754282480785,0.0,0.0,0.00013167933973326455,0.0,0.0001366310697789444,0.0,0.0,0.0,0.0,0.0,0.0,0.0,0.0,0.0,0.0004745477752264289,0.0,0.0,0.0,0.0,0.0,0.0,0.00024458411067450884,0.0,0.0,0.0,0.0,0.0,0.0017875071267255173,0.0,0.0,0.0,0.0,0.0,0.0,0.0,0.0,0.0,0.0004789406952691551,0.0,0.0,0.0,0.0,0.0,0.0041179070269926395,0.0,0.029948212606136,0.0,7.676508128662821e-05,0.0,0.0,5.059516721164132e-05,0.0,0.0,0.0,0.0,0.0055345032564087055,0.0016987478232302251,0.0
2197,0.005777328889176287,0.0,0.00958992063035597,3.4768938320483525,0.004309962204250505,0.002264908949111611,0.022382269024151767,0.002741002054741195,0.0,0.0,0.016069956852712473,0.01124585597801638,0.0008579168264725592,0.0022566957753900278,0.0031749036001051003,0.09367674966555158,0.03286294334852766,0.008428370532756543,0.0,0.006496529317801708,0.0,0.011489156930290472,0.025852175895267265,0.0052574237454643515,0.02017232343009743,0.0,0.00012480110535921122,0.0013824896433476963,0.0,0.002741002054741195,0.0034912399438499836,0.02364228532938512,0.007419655974314936,0.003057660780305739,0.0,0.0,0.0,0.021975106980288293,0.5591262554121011,0.0,0.008524147470628777,0.0,0.0,0.008397879685369765,0.0,0.00038392925338298417,0.0009210858769502088,0.00246778450560159,0.0,0.0,0.0,0.00011059642139539633,0.0,0.027085935185312486,0.005643783320133219,0.013411699030732947,0.009716685594024107,0.0,0.0007038209596513453,0.0,0.004245603313194794,0.010616975453496515,0.0,0.0,0.0010915298055821168,0.002958248423329451,0.0034381095290905005,0.0,0.0,0.0,0.0,0.0,0.0,0.0,0.0,0.0,0.0,0.0,0.008338988909324772,0.0,0.0,0.026983269750652312,0.0,0.0,0.0,0.0,0.0011902327640739589,0.0,0.0,0.00022415879076480172,0.0,0.0,0.0,0.0,0.0,0.0,0.0,0.0,0.0016177921065082936,0.0054427148726100445,0.0,0.00031280931540059794,0.0,0.005479748900142618,0.0,0.4500081270935971,0.0,0.0,0.007007073269836896,0.0,0.00032355842130165865,0.003774018913603752,0.0,0.027447225025555584,0.0,0.0,0.0,0.0,0.0,0.0,0.0,0.0,0.010004888612963433,0.0018951606855569596,0.0015568846922209864,0.004708728735437048
2199,0.0027310750531455204,0.0,0.004702685400696239,0.004309962204250505,2.2919271176400184,0.0,0.0,0.0,0.0,0.0,0.0,0.09716021197527809,0.00042070347507291045,0.0,0.01635890504248963,0.0,0.0,0.004133086871500137,0.0,0.003185754580837146,0.0,0.005634028960715129,0.02110550317564471,0.0,0.0,0.0,0.0,0.0,0.0,0.0,0.02103510691363519,0.0021344955409874984,0.06493984393112161,0.0,0.0,0.0,0.0,0.003592948361114075,0.0,0.0,0.004180053767767184,0.0,0.008270950715886669,0.003319660199981493,0.0,0.0,0.0,0.0012101470506254027,0.0,0.008769313407945576,0.0,0.0,0.0,0.0,0.0,0.0,0.06006715186867657,0.0,0.0,0.0,0.0,0.0052063304159854235,0.0,0.0,0.0,0.0,0.14283334049693874,0.0,0.0,0.0,0.0,0.0,0.014075086534492081,0.0,0.0,0.0,0.0,0.0,0.0,0.0,0.0,0.0,0.0,0.0,0.06409779929091122,0.0,0.0,0.0,0.0,0.015002995854377695,0.0,0.0,0.0,0.0,0.0,0.0,0.0,0.0,0.0,0.0,0.0,0.0,0.0,0.0,0.0,0.0,0.0,0.0,0.0,0.0,0.0,0.0018506955720547034,0.0,0.013459513315337367,0.0,0.0,0.0,0.0,0.0,0.03684484353588532,0.0,0.003931335662637888,0.0,0.027404430323430953,0.0007634618882558279,0.0
2200,0.00017230921844467033,0.0,0.0,0.002264908949111611,0.0,0.005731184143079702,0.0,0.0022706525897264332,0.004953543687468317,0.0,0.0,0.0034360122134475513,0.0021881236203783495,0.0,0.0,0.005429654927878722,0.02186603982062866,0.0,0.0,0.0,0.011553678080368661,0.0009724677886862635,0.0,0.0010166243888235548,0.0,0.0,0.00010338553106680219,0.0018135603454578386,0.016495470566610815,0.0022706525897264332,0.0,0.0,0.001861425912948284,0.025113797374694345,0.0005275478853657507,0.0,3.734149188582874e-05,0.004995052788023832,0.0136256720391907,0.0,0.0,0.0012993406277343232,0.0,0.004136497360794208,0.0,0.0,0.0,0.0,0.0,0.0,0.0,0.0,0.0,0.0,0.008090076965884367,0.0,0.014411400378568702,0.00011706011137826563,0.0,0.0,0.0,0.01707345982621769,0.0031010798302559895,0.005064141899580265,0.003815566526541502,0.003152980663927127,0.0,0.001061932673766187,0.002726400029963879,0.0,0.0,0.0,0.0,0.0,0.0,0.0,0.0,0.0,0.0,0.0,0.0005410543824308377,0.0019326831584921627,0.005322469607011789,0.0008133122483826628,0.0,0.0,0.0009859916388778357,0.0,0.0,0.0,0.006344875621281453,0.0,0.0006678945758937614,0.0,0.0,0.0,0.0,0.0050256122349587136,0.0013401828101252135,0.0045087578826355406,0.0,0.0,0.0,0.0,0.0,0.0,0.0,0.0008127035768618777,0.0,0.0,0.0002680365620250427,0.0,0.0,0.004903517998845126,0.0,0.0,0.0,0.0,0.0,0.0,0.0,0.0,0.008288073407188642,0.009953667070971197,0.0,0.0
2201,0.0,0.036459734565430384,0.0,0.022382269024151767,0.0,0.0,0.34630060617663316,0.0,0.0,0.0,0.0,0.045074927746945,0.0,0.0,0.0,0.0029019990640196773,0.0,0.0,0.0,0.0,0.0,0.12035525303133414,0.0,0.0,0.0,0.0,0.016154475853363156,0.0,0.0,0.0,0.0,0.025847161365381052,0.0,0.0,0.0,0.0,0.0,0.0,0.0,0.0,0.0,0.0,0.0,0.0,0.02774444038175301,0.006370226987418814,0.0,0.0,0.0,0.0,0.0,0.1371053930287095,0.0,0.0,0.0,0.004752426397808994,0.0,0.0,0.0,0.007777046316439929,0.0,0.048148568448053874,0.020685593407194357,0.039542389526171354,0.0,0.0,0.03204370900659114,0.0,0.04946927246522412,0.0,0.0,0.0,0.04474465003979138,0.0,0.0,0.0,0.015156386890309764,0.0,0.0,0.0,0.0,0.008213389110682125,0.35593303757843575,0.0,0.0,0.0,0.025461836570262242,0.0,0.0,0.0,0.0,0.0,0.0,0.0,0.012232757780718131,0.0,0.0,0.0,0.0,0.0,0.0,0.0,0.0,0.0,0.0,0.014806608484100398,0.0,0.0,0.0,0.0,0.0,0.0,0.0,0.0,0.0,0.0,0.0,0.0,0.0,0.0,0.0,0.0,0.0,0.26032346820285457,0.0,0.0
2202,0.005982108802505766,0.0,0.0018188090282115887,0.002741002054741195,0.0,0.0022706525897264332,0.0,0.1513975459825068,0.0,0.0,0.0,0.06872055252219983,0.0,0.0,0.0,0.006570990555575678,0.026462370640066936,0.0,0.0,0.0,0.0,0.0,0.0,0.0012303229848415675,0.004071450499869743,0.0,0.00012511759167880345,0.0,0.0,0.019382333193748474,0.4208122725952432,0.00035039159985825283,0.0,0.0,0.0,0.0,0.0,0.006045033272037005,0.0,0.0,0.0,0.0,0.0,0.0,0.0,0.0,0.0,0.0,0.0,0.0,0.0635408952205478,0.0,0.0018165038203177843,0.0,0.005658095534808113,0.0,0.0,0.0,0.0,0.0,0.0,0.0,0.0,0.0,0.0,0.002965750321275341,0.0,0.0,0.0,0.0,0.0,0.0,0.0,0.0,0.0,0.0,0.0,0.0,0.0,0.0,0.0,0.0,0.0012540330942295366,0.0,0.0,0.0,0.0011932511058256258,0.0,0.0,0.0,0.0,0.0,0.0,0.0,0.0,0.0,0.0,0.0,0.0016218947069474524,0.00545651719265893,0.0,0.0,0.0,0.0,0.0,0.0,0.0,0.0,0.0,0.0,0.00032437894138949045,0.0,0.0,0.0,0.0,0.00020285829465477797,0.0,0.0,0.00013370205784064913,0.0,0.0,0.0,0.010030260266250746,0.008515733145560993,0.0,0.0
2205,0.0,0.0,0.00019880279146359156,0.0,0.0,0.004953543687468317,0.0,0.0,0.020761678276859114,0.0,0.0,0.005246071239601519,0.016249673590057398,0.0,0.0,0.0,0.0,0.0,0.0,0.0,0.0,0.0,0.0,1.6200669184620074e-05,0.0,0.0,0.0,0.0,0.06683230341676773,0.0009740713575473155,0.0013523575469466889,0.0,0.00021500615377723854,0.0,0.0,0.0,0.0,0.0,0.00011782304861541874,0.0,0.0,0.0,0.0,0.0009931073694123959,0.0,0.0,0.0,0.0,0.0,0.013883165471581284,0.0005843286817270924,0.0,0.0,0.0,0.01383506105182436,0.0,0.06915010418543394,0.00047427545943845594,0.0,0.0,0.0,0.0,0.0,0.0,0.0004131857389979975,0.0028456527566307357,0.0,0.0006016028946167882,0.011046159204870018,0.0,0.0004474620823537892,0.0,0.00046428865091026876,0.0,0.0,0.0,0.0,0.0,0.0,0.0,0.0,0.0004985972778711973,0.0,0.0,0.0,0.0,0.0,0.0,0.0,0.0,0.0,0.0,0.0,0.0,0.0,0.0,0.0,0.0,0.0,0.0,0.0,0.0,0.0,0.0,0.0,0.0,0.0,0.0,0.0,0.0,0.0,0.0,0.0,0.01986687202314421,0.0,0.0,0.0,0.0,0.0,0.0,0.0,0.0,0.0,0.0048143320531489845,0.0,0.0
2207,0.0,0.3111331889275172,0.0,0.0,0.0,0.0,0.0,0.0,0.0,1.237495817672936,0.0,0.0,0.0,0.0,0.0,0.0,0.0,0.0,0.0,0.0,0.0,0.0,0.0,0.0,0.0,0.0,0.0,0.0,0.0,0.0,0.0,0.0,0.0,0.0,0.0,0.0,0.0,0.0,0.0,0.0,0.0,0.0,0.0,0.0,0.11510420075024468,0.0,0.0,0.0,0.0,0.0,0.0,0.0,0.0,0.0,0.0,0.0,0.0,0.0,0.0,0.0,0.0,0.0,0.0,0.0,0.0,0.0,0.0,0.0,0.0,0.0,0.0,0.0,0.0,0.0,0.0,0.0,0.0,0.0,0.0,0.0,0.0,0.0,0.0,0.0,0.0,0.0,0.0,0.0,0.0,0.0,0.0,0.0,0.0,0.0,0.0,0.0,0.0,0.0,0.0,0.0,0.0,0.0,0.0,0.0,0.0,0.0,0.0,0.0,0.0,0.0,0.0,0.0,0.0,0.0,0.0,0.0,0.0,0.0,0.0,0.0,0.0,0.0,0.0,0.0,0.0,0.0
2237,0.0036716273811547204,0.0,0.00011846375572417549,0.016069956852712473,0.0,0.0,0.0,0.0,0.0,0.0,0.08758735736619756,0.007585007090912859,0.002982479121714719,0.0,0.0,0.0,0.0035521336024345435,0.0,0.0,0.0,0.0,0.0,0.03187309936251924,0.0,0.0040622467853335415,0.03705275232584763,0.0,0.0009324495857322453,0.00336579155305105,0.0,0.0,0.027444107580350065,0.0,0.0020623044386805325,0.0,0.0,0.0,0.0,0.0,0.0,0.0,0.0016591773417322386,0.0,0.0,0.00021448014193982108,0.003383858795510521,0.0015826512656724578,0.0,0.0,0.0,0.0,0.0006713325210163356,0.0,0.0,0.0,0.00904580606831157,0.05898135720357806,0.0,0.0,0.0,0.0028635375820868204,0.0,0.0,0.0,0.04952826795348485,0.0,0.012784014143150065,0.0,0.0,0.0,0.0,0.018662387960251502,0.019198588315101062,0.0,0.0,0.0,0.0,0.0,0.0047446936579102796,0.0,0.0,0.1637914344642917,0.0,0.0,0.0,0.0,0.0,0.0,0.0,0.0,0.0,0.0,0.0,0.0,0.0,0.0,0.0,0.0,0.0,0.0,0.0,0.0,0.0,0.0,0.0,0.0333337147680152,0.0,0.0,0.042533710438677846,0.0,0.0,0.0,0.0,0.005796049618625456,0.0,0.0,0.0,0.0,0.0,0.0,0.0,0.0,0.0,0.010011358432171241,0.0,0.0031759023872698516
2238,0.0,0.009730528109414863,0.03987100456923795,0.01124585597801638,0.09716021197527809,0.0034360122134475513,0.045074927746945,0.06872055252219983,0.005246071239601519,0.0,0.007585007090912859,4.129949519573312,0.004171859631375372,0.07499400450028874,0.0,0.0017175695131133463,0.10287427993976965,0.0,0.0,0.0006973597573785833,0.0,0.02822263054471844,0.08759860896706806,0.005129491878721486,0.007340802857430078,0.018352007143575197,0.008804535672342758,0.021432213349362024,0.0,0.23783573477227532,0.02154939929362274,0.09910821805465941,0.11254204146195639,0.007542537846282889,0.0047712956479969626,0.0,0.0,0.08151612578652177,0.05489602011287398,0.009472701894952843,0.0,0.03402810273862076,0.04776721178386182,0.19362500376418962,0.001081994635549025,0.2265047516128151,0.00227210458770346,0.0,0.003948360640697446,0.0,0.1850114457166136,0.0004180813893156974,0.06627400551862112,0.09315502785063903,0.0050105324438683594,0.09868892801371991,0.0,0.0,0.0,0.0,0.010472915725750901,0.07604257229077088,0.03081642862658943,0.00648896208127587,0.0026925501095401757,0.0,0.0,0.057873628396090095,0.0,0.0012876906790923479,0.0,0.0,0.0,0.0,0.004545499121556542,0.0,0.0,0.0,0.01735293335580624,0.0,0.0,0.020079458202466517,0.07528449760005772,0.004845658249733726,0.17535289252908756,0.0,0.0,0.0,0.013159645714469873,0.08601194860919041,0.016766425730596335,0.0,0.006637083420847406,0.0,0.0,0.0903100005855441,0.0015187504457004417,0.0,0.0,3.679116225978138e-05,0.0,0.0,0.0,0.0,0.0,0.024197461270788034,0.0,0.008997067622782457,0.0,0.0,0.0,0.0,0.0,0.002791947517850227,0.0,0.0029004357899057964,0.0001720354487165102,0.0,0.0019116508615288203,0.0,0.005902966334085255,0.0012284406259913307,0.0,0.40842774776205976,0.0,0.011615338406297129
2239,0.028426528518895114,0.0,0.010177232956405954,0.0008579168264725592,0.00042070347507291045,0.0021881236203783495,0.0,0.0,0.016249673590057398,0.0,0.002982479121714719,0.004171859631375372,1.477694059111126,0.0,0.00030990828092841347,0.0,0.004600032676423581,0.0076150011289335285,0.0,0.002873689569854822,0.0,0.02443529636330222,0.02750268712374994,0.0,0.0,0.007088788591617953,0.0,0.0,0.06512766079770277,0.010647390697027807,0.015106794858491507,0.0004248806726977478,0.007616419733979347,0.0,0.0014339757640765465,0.0,0.0,0.00030592999747618735,0.005286725295840519,0.0028469468127356335,0.0008320579840330896,0.09899379331390087,0.0,0.01476085904066726,0.0,0.2300196718873766,0.05736165324503378,0.00024088506303229052,0.0,0.15175426907081793,0.0,0.0,0.0,0.004378675290870355,0.007617223424422323,0.0050362844581708106,0.14342413415659783,0.014555332908664327,0.09923845632118951,0.0,0.0,0.0010363428393048999,0.0,0.0019502070391441033,0.039632083022097656,0.0012570071861747966,0.033799388509033,0.009470028164088252,0.004879408236932082,0.0,0.004891123813477905,0.1966515299803859,0.005075051867745179,0.15540450577523088,0.0013661143758047548,0.0,0.0,0.04632310427622995,0.0,0.0,0.0,0.0008503863113834648,0.20341641777713113,0.0,0.0,0.0,0.0,0.0,0.20313519236650246,2.188055898724357e-05,0.3484612131060836,0.0,0.0,0.0,0.0,0.0,0.00045644862349478806,0.0013555116577293098,0.0,0.0,0.0,0.0,0.0,0.0,0.0,0.0,0.0,0.0,0.0,0.0,0.0,0.0014709853785160301,0.0,0.020522474715927976,0.0,0.0,5.17039148737459e-05,0.0,0.0,0.0,0.001774090579105406,0.0003691982671453418,0.0,0.023606667495700163,0.00015197042787503716,0.0
2240,0.0,0.0,0.001484357398259273,0.0022566957753900278,0.0,0.0,0.0,0.0,0.0,0.0,0.0,0.07499400450028874,0.0,0.04486991737357821,0.0032970192685081085,0.0,0.0008695153973276989,0.0,0.0,0.0,0.0,0.00010355379668059915,0.00033162912828312236,0.0029179319031252785,0.014906361896502305,0.001964590674166685,0.0,0.0,0.0,0.0,0.003615433256566347,0.03338650708555651,0.03738966312243007,0.0,0.0,0.0,0.0,0.05845879860228439,0.0,0.0,0.0,0.0022604919855843827,0.0,0.021906545431221097,0.0,0.0,0.0,0.0,0.08576485047710586,0.03504311268787921,0.0,0.0,0.0,0.025882743036807147,0.0,0.0052292067821029286,0.0,0.0,0.0005095764654106514,0.0,0.0,0.022391407428050705,0.0,0.0,0.0,0.0,0.0024892405909544128,0.0,0.0,0.0,0.0,0.0,0.0,0.0,0.0,0.0,0.0,0.0,0.000944334164074501,0.0,0.0,0.0,0.0,0.0,0.0,0.0,0.0,0.0,0.0018222127770731239,0.01536103658179791,0.0,0.0,0.0,0.0,0.0,0.107447154919759,0.0,0.0,0.0,0.001055580637131269,0.0,0.00022647842907140065,0.0,0.003967416766411502,0.0,0.002590349185197555,0.0,0.0,0.0,0.0,0.0,0.0,0.0,0.0,0.0,0.0,0.0,0.0,0.0,0.0,0.0,0.0,0.0,0.0,0.0,0.0
2241,0.00201182739139514,0.0,0.003464200403917135,0.0031749036001051003,0.01635890504248963,0.0,0.0,0.0,0.0,0.0,0.0,0.0,0.00030990828092841347,0.0032970192685081085,0.13785455380463488,0.0,0.0,0.003044609619762276,0.0,0.0023467638945363,0.0,0.00451078876770007,0.17855857472836686,0.0,0.0,0.0,0.0,0.0,0.0,0.0,0.013365282227600445,0.0015723612543066298,0.0026802281493120035,0.0,0.0,0.0,0.0,0.02211453451510038,0.0,0.0,0.0030792074563504835,0.0,0.0,0.002445404535021828,0.0,0.0,0.0,0.0008914463852833936,0.0,0.07419089184644789,0.0,0.0,0.0,0.0,0.0,0.0,0.0,0.0,0.0,0.0,0.0,0.06968255478140495,0.0,0.0,0.0,0.0,0.0,0.0,0.0,0.0,0.0,0.0,0.11907924534476601,0.0,0.0,0.0,0.0,0.0,0.0,0.0,0.0,0.0,0.0,0.0,0.0,0.0,0.0,0.0,0.006344000038699024,0.05356013805598908,0.0,0.0,0.0,0.0,0.0,0.0,0.0,0.0,0.0,0.0036749844403829363,0.0,0.0,0.0,0.0,0.0,0.0,0.0,0.0,0.0,0.0,0.0,0.001363301986411928,0.0,0.009914856617161048,0.0,0.0,0.0,0.0,0.0,0.0,0.0,0.0,0.0,0.0006845954899368752,0.0005623988756040568,0.0
2277,0.012457298960162807,0.012694273867808071,0.0,0.09367674966555158,0.0,0.005429654927878722,0.0029019990640196773,0.006570990555575678,0.0,0.0,0.0,0.0017175695131133463,0.0,0.0,0.0,0.04875070399699729,0.06793961615937182,0.0,0.0,0.012746011518375303,0.0,0.0,0.0,0.0029419864966363277,0.0,0.0,0.00029918506745454183,0.0,0.0,0.006570990555575678,0.0,0.03601340496633078,0.0,0.0,0.0,0.0,0.0,0.014455071129424067,0.0,0.0,0.0,0.0,0.0,0.0,0.0,0.0,0.0,0.0,0.0,0.0,0.0,0.0,0.0,0.0,0.013529813605999837,0.0,0.0,0.10641835579263031,0.0,0.0,0.0,0.0,0.0,0.012312396086237196,0.0,0.007091794191515065,0.0,0.0,0.0,0.0,0.0,0.0,0.0,0.0,0.0,0.0,0.0,0.0,0.0,0.0,0.0,0.0,0.0,0.0,0.0,0.0,0.00285333906924239,0.0,0.0,0.02812794842685329,0.013467411627080119,0.0,0.0,0.0,0.0,0.0,0.0,0.0,0.003878324948484802,0.013047793219545297,0.0,0.0,0.0,0.0,0.0,0.07542396914733794,0.0,0.0,0.0,0.0,0.0007756649896969601,0.0,0.0,0.0,0.0,0.0,0.0,0.0,0.0,0.0,0.0,0.0,0.023984669574272435,0.0,0.0,0.0
2278,0.0020081056978128366,0.026411433439840346,0.05621554917342281,0.03286294334852766,0.0,0.02186603982062866,0.0,0.026462370640066936,0.0,0.0,0.0035521336024345435,0.10287427993976965,0.004600032676423581,0.0008695153973276989,0.0,0.06793961615937182,0.6434638169084411,0.0,0.0,0.08769355682021264,0.0,0.0,0.06121931536707904,0.013400683417026266,0.030379201075674832,0.0,0.0012048634186877017,0.001597067907477569,0.0,0.026462370640066936,6.456797504908655e-05,0.09558518886874988,0.0013308084224962552,0.0035322448364634657,0.005260990979801453,0.0,0.0,0.06314897464354367,0.01939601406863139,0.010444919556518491,0.0,0.0,0.0,0.0006273854908936243,0.0,0.21027115650581552,0.170320317322418,0.0,0.0,0.03414804780141017,0.0,0.0,0.03749132663230344,0.25820310079175174,0.060011382780758196,0.06429157201685419,0.0,0.04613130784051151,0.0002711854952061635,0.0,0.004904569688467852,0.0,0.0,0.007154947732529976,0.0012609477625663498,0.1275055764085076,0.0036918822620657797,0.014899719242513751,0.0,0.0,0.025646834516599524,0.0,0.017662675087867393,0.0,0.005012020139067186,0.0,0.0,0.0,0.008629103848247891,0.0,0.005309730909587134,0.0023118720925324695,0.0,0.0,0.0,0.0,0.019034013671124943,0.0,0.0,0.0,0.03512456802557138,0.0,0.0,0.0,0.0,0.0,0.0016746252977959555,0.0024896020875717815,0.015618599871877617,0.05254543242610256,0.0,0.00012052688675829489,0.0,0.0021113727841051305,0.0,0.15486715152962474,0.0,0.0,0.0,0.0,0.003123719974375523,0.0,0.0,0.0,0.0,0.0,0.0001896920691308693,0.0,0.0,0.0,0.006508809122052952,0.0013545199311376136,0.09658988406479743,0.0,0.0,0.005439577493089853
2280,0.005340768992817907,0.0,0.009196362561361533,0.008428370532756543,0.004133086871500137,0.0,0.0,0.0,0.0,0.0,0.0,0.0,0.0076150011289335285,0.0,0.003044609619762276,0.0,0.0,0.11309909640953181,0.0,0.006229920069192641,0.0,0.06285529433682678,0.0,0.0,0.0,0.0,0.0,0.0,0.0,0.0,0.0031872646276202,0.004174124613486663,0.007115162789187706,0.0,0.0,0.0,0.0,0.0030055260559655843,0.0,0.0,0.008174327368078048,0.0,0.0,0.006491779946630475,0.0,0.0,0.0,0.002366509787889677,0.0,0.0,0.0,0.0,0.0,0.0,0.0,0.0,0.0,0.03189756472069047,0.0,0.0,0.0,0.010181268369038161,0.0,0.0,0.0,0.0,0.07515201657233543,0.0,0.0,0.0,0.17354660633491523,0.0,0.0,0.0,0.0,0.0,0.0,0.0,0.0,0.0,0.0,0.05932690942842501,0.0,0.0,0.0,0.0,0.0,0.0,0.0,0.0002149596008818038,0.0,0.0,0.0,0.0,0.023525480347742232,0.0,0.0,0.003013943123214848,0.0,0.0,0.0,0.0,0.0,0.0,0.0,0.10214903159717745,0.0,0.0,0.0,0.0,0.0,0.0036191380075736423,0.0,0.02632082603888196,0.0,0.0,0.0,0.0,0.0,0.0,0.0,0.0,0.0,0.0018173857165461594,0.001492992137033619,0.0
2448,0.0,0.0,0.0,0.0,0.0,0.0,0.0,0.0,0.0,0.0,0.0,0.0,0.0,0.0,0.0,0.0,0.0,0.0,0.07657048415358009,0.0,0.0,0.0,0.0,0.0,0.0,0.0,0.0,0.0,0.0,0.0,0.0,0.0,0.0,0.0,0.0,0.0,0.03436201408323433,0.0,0.0,0.0,0.0,0.0,0.0,0.0,0.0,0.0,0.022181354437832083,0.0,0.0,0.0,0.0,0.0,0.0,0.0,0.0,0.004292070877836725,0.0,0.0,0.0,0.0,0.0029518590227019365,0.0,0.0,0.0,0.0,0.0,0.0,0.0,0.002527741347026371,0.0,0.0,0.0,0.0,0.0,0.0,0.0,0.0,0.0,0.0,0.0,0.0,0.0,0.0,0.0,0.0,0.0,0.045864085447555665,0.0,0.0,0.0,0.0,0.0,0.0,0.0,0.321960139635257,0.0,0.0,0.017863836499454826,0.0,0.0,0.0,0.0,0.0,0.0,0.0,0.0,0.0,0.0,0.0,0.0,0.0,0.0,0.0,0.0,0.0,0.0,0.0,0.0,0.0,0.0,0.0,0.0,0.0,0.0,0.0,0.0
2484,0.011932789090204284,0.0,0.007088492225730311,0.006496529317801708,0.003185754580837146,0.0,0.0,0.0,0.0,0.0,0.0,0.0006973597573785833,0.002873689569854822,0.0,0.0023467638945363,0.012746011518375303,0.08769355682021264,0.006229920069192641,0.0,0.18854289684554443,0.0,0.008492333015016468,0.0,0.0,0.0,0.019586363854297004,0.0,0.0,0.0,0.0,0.004600540248288805,0.025539647065532328,0.0170315992009539,0.0,0.0,0.0,0.0,0.0023166385557104163,0.03563438112257799,0.0,0.017804287510414855,0.0,0.0,0.054511075807875176,0.0029109146001544735,0.0,0.2828184251455543,0.0018240892659072262,0.010622363788198936,0.0,0.0,0.0011247738022235213,0.0,0.0,0.00012785988453280575,0.00398273998537262,0.0,0.06955488789957172,0.0,0.0,0.0,0.007847650764142566,0.0,0.008047364791297222,0.0,0.0,0.0,0.0,0.0,0.0034643033108484465,0.04285452715556568,0.0,0.15701399182135925,0.0,0.0,0.001326307757467164,0.0,0.0,0.0,0.00327092301625715,0.0,0.0006736498394041854,0.012008085112538315,0.0,0.0,0.0,0.012604272692813437,0.0,0.00039884650548293135,0.01855007695441136,0.0,0.0,0.0,0.0,0.0,0.0,0.0,0.0,0.0,9.89800945956699e-05,0.0,0.0,0.0,0.0,0.0,0.011627286107166237,0.0,0.0,0.0,0.0,0.0,0.005836086410776603,0.0,0.05285277931712605,0.0,0.0,0.0,0.0,0.0,0.0,0.0,0.0,0.0,0.015049576629746247,0.0011507879431487374,0.0
2541,0.0,0.0,0.0,0.0,0.0,0.011553678080368661,0.0,0.0,0.0,0.0,0.0,0.0,0.0,0.0,0.0,0.0,0.0,0.0,0.0,0.0,0.0867865154104972,0.0,0.0,0.0,0.0,0.0,0.0,0.0,0.0,0.0,0.0,0.0,0.013982271927246772,0.18864459851779677,0.0,0.0,0.0,0.0,0.0,0.0,0.0,0.0,0.0,0.0,0.0,0.0,0.0,0.0,0.0,0.0,0.0,0.0,0.0,0.0,0.0,0.0,0.0,0.0,0.0,0.0,0.0,0.07076851040572026,0.0,0.0,0.028660978854701237,0.0,0.0,0.0,0.0,0.0,0.0,0.0,0.0,0.0,0.0,0.0,0.0,0.0,0.0,0.0,0.0,0.0,0.0,0.002446451154575744,0.0,0.0,0.0,0.0,0.0,0.0,0.0,0.0,0.0,0.0,0.0,0.0,0.0,0.03775034847279651,0.0,0.0,0.0,0.0,0.0,0.0,0.0,0.0,0.0,0.0,0.0,0.0,0.0,0.0,0.0,0.0,0.0,0.0,0.0,0.0,0.0,0.0,0.0,0.0,0.0,0.0,0.0,0.0
2648,0.009342762682044647,0.0,0.012536047418026193,0.011489156930290472,0.005634028960715129,0.0009724677886862635,0.12035525303133414,0.0,0.0,0.0,0.0,0.02822263054471844,0.02443529636330222,0.00010355379668059915,0.00451078876770007,0.0,0.0,0.06285529433682678,0.0,0.008492333015016468,0.0,1.9227627946161039,0.0015785815289159585,0.0,0.0,0.0031210026074494166,0.0,0.0,0.0,0.0,0.017333737388513085,0.0056899696738002435,0.07733390440375548,0.0,0.0006854762332140965,0.20715210891762162,4.852015506184117e-05,0.05372982545802025,0.017704694878948428,0.0,0.01114285727785881,0.0027855543916947634,8.811858614363405e-05,0.013921192760918587,0.0402121522978523,0.009232860142980071,0.0,0.003534077738688688,0.0,0.0,0.0,0.19871739597073862,0.0,0.01247723953777582,0.007463896013754787,0.11208011489993895,0.0,0.10948498895814728,0.0,0.0021475758280148525,0.0,0.08617481052412898,0.0,0.01568921721909811,0.0,0.0,0.25795128175623744,0.0,0.002029245155193401,0.0,0.0,0.0022200848360416146,0.0,0.0,0.0,0.0,0.0,4.884287346247144e-05,0.0,0.0,0.000703026076534337,0.011904296834096134,0.01913822353624642,0.0,0.0,0.0,0.00020846339807694,0.0,0.008193594148714746,0.001972712849972242,0.011879818082511477,0.0,0.0,0.0,0.0,0.0,0.0,0.010345038326754073,0.0,0.00011542504321364845,0.0,0.0,0.0002935607755527923,0.0,0.0,0.0,0.0,0.0005594794601375902,0.0,0.0,0.0003726157356930811,0.004933438125411072,3.1722691011708254e-05,0.03622120794963781,0.0,0.0,0.0,0.0,0.0,0.0,0.0,0.0,0.0,0.014366877114227038,0.0020351764189060796,0.0
2678,0.0101303804251841,0.0,0.0007156509078679644,0.025852175895267265,0.02110550317564471,0.0,0.0,0.0,0.0,0.0,0.03187309936251924,0.08759860896706806,0.02750268712374994,0.00033162912828312236,0.17855857472836686,0.0,0.06121931536707904,0.0,0.0,0.0,0.0,0.0015785815289159585,1.5239094838734613,0.0005922535050897841,0.0037028383683896412,0.0,0.0,0.006888954246213314,0.003605143157265497,0.0,2.462592536755859e-05,0.10643152064690826,0.002744120422994122,0.015236342143555223,0.010848137529653822,0.0,0.0,0.036199634536018745,0.039994485630453304,0.22294999462302856,0.0,0.022152017501105885,0.00038368301050040665,0.05346008592976939,0.0,0.11081776228687225,0.03606315598042972,0.001341794299578565,0.0,0.1057854242673353,0.0,0.00013828925226667374,0.0,0.03854365070716858,0.043891119539388124,0.11244187574552342,0.012149698592000623,0.12489556499325269,0.00010342888654374608,0.009350903084481338,0.021155866962841878,0.01110508024755099,0.0,0.0147534670403292,0.008994602248426194,0.0,0.0005052419021244105,0.03072314780933508,0.008835671613237934,0.028217689213291517,0.0,0.009666619390264529,0.1697896894985674,0.0,0.010334760880363161,0.0,0.0,0.0002126700115345111,0.03524555354172719,0.0,0.0,0.03850682420970071,0.0,0.0,0.0,0.0,0.0009076843791266762,0.0,0.0,0.0,0.03047923416118953,0.0,0.0,0.0,0.0,0.0,0.003453069129157414,0.0,0.0,0.0,0.0,4.59683940194427e-05,0.0069877240861014765,0.0008052677595191661,0.0,0.006866484709486065,0.0,0.0,0.008761611911467116,0.0,0.001622431015830291,0.0,0.00013812588378014638,0.0014886900807415777,0.0,0.0,0.00039114411374526457,0.0,0.0,0.009685778509680821,0.01342113240288439,0.00279301343721228,0.0,0.0,0.0,0.023463623740215954
2738,9.336346427971425e-05,0.0,0.0,0.0052574237454643515,0.0,0.0010166243888235548,0.0,0.0012303229848415675,1.6200669184620074e-05,0.0,0.0,0.005129491878721486,0.0,0.0029179319031252785,0.0,0.0029419864966363277,0.013400683417026266,0.0,0.0,0.0,0.0,0.0,0.0005922535050897841,0.005777793677982204,0.025217720890499777,0.0,5.601807856782853e-05,0.0,0.0,0.0012303229848415675,0.0002166781116182137,0.0,0.0,0.0,0.0,0.0,0.0,0.019271544725498822,0.00011520475864618722,0.0,0.0,0.0,0.0,0.0021053889845569764,0.0,0.0,0.0,0.0,0.0,0.0,0.0005713435999109348,0.0,0.0,0.035022405441223946,0.0025332619974562463,0.0,0.0,0.0,0.0009100480687964976,0.0,0.0,0.0,0.0,0.0,0.0,0.0013278359364226023,0.004445512590033684,0.00010440431252310716,0.0,0.0,0.0,0.0,0.0,0.0,0.0,0.0,0.0,0.0,0.0016864779687617633,0.0,0.0,0.0,0.0,0.0,0.0,0.0,0.0005342464900450314,0.0,0.0,0.0,0.0,0.0,0.0,0.0,0.0,0.0,0.0,0.0,0.0007261602777311106,0.0024430106486525226,0.0,0.000404465808353999,0.0,0.007085374249915589,0.0,0.0,0.0,0.0,0.0,0.0,0.00014523205554622213,0.0,0.0,0.0,0.0,0.0,0.0,0.0,0.0,0.0,0.0,0.0,0.004490782631854255,0.0,0.0,0.0
2757,0.008966982163039774,0.0,0.16234617627933606,0.02017232343009743,0.0,0.0,0.0,0.004071450499869743,0.0,0.0,0.0040622467853335415,0.007340802857430078,0.0,0.014906361896502305,0.0,0.0,0.030379201075674832,0.0,0.0,0.0,0.0,0.0,0.0037028383683896412,0.025217720890499777,0.2057310553491837,0.0001923043439365577,0.0,0.0,0.015035057887799604,0.0,0.0010485538831808638,0.0004402678235428797,0.0,0.0,0.0,0.0,0.0,0.08016194436917702,0.0,0.0,0.0,0.00022126870191218736,0.11840581482671401,0.012217378099823222,0.0,0.0,0.0,0.0,0.0,0.0,0.09868575911006924,3.4572313066668435e-05,0.0,0.17009520874210884,0.0,0.0005118619327496522,0.0030374246480001556,0.13310443145711498,0.004403926309359627,0.0,0.0,0.0,0.0,0.0,0.013122537929779753,0.0,0.021512830503260718,0.0,0.0,0.0,0.0,0.0,0.0,0.0,0.0,0.0,0.0,0.0,0.008161244390757721,0.0,0.0,0.008434938830857575,0.0,0.0,0.0,0.0,0.0,0.0,0.0,0.0,0.0,0.0,0.0,0.0,0.0,0.0009463273023840973,0.0,0.0,0.0,0.0,0.0,0.001957300581937612,0.0,0.03428771198001424,0.0,0.001970178016043422,0.0,0.0,0.002190402977866779,0.0,0.0,0.0,0.0,0.0,0.0,0.0,0.0,0.0,0.0,0.0,0.0,0.0,0.0,0.0008811956993706057,0.0,0.0
2778,0.0,0.0,0.00036324153854683114,0.0,0.0,0.0,0.0,0.0,0.0,0.0,0.03705275232584763,0.018352007143575197,0.007088788591617953,0.001964590674166685,0.0,0.0,0.0,0.0,0.0,0.019586363854297004,0.0,0.0031210026074494166,0.0,0.0,0.0001923043439365577,0.8616035023320345,0.048794849943658555,0.0,0.0,0.0,0.0,0.07801679438149867,0.03655028568626135,0.0,0.0,0.0,0.0,0.0,0.0,0.0,0.0,0.0005531717547804682,0.0,0.12009099191053577,0.002448288227815879,0.0,0.0,0.0,0.0,0.0,0.0,0.0,0.0,0.0015348735599380807,0.0,0.0012796548318741306,0.0,0.0,0.0,0.0,0.0,0.0,0.0,0.06280066222306752,0.0,0.0,0.0,0.0,0.4872155295876464,0.0,0.0,0.2130309329934914,0.2191516535630311,0.0,0.0,0.0,0.0,0.0,0.0,0.0,0.0,0.0,0.13194482568078836,0.0,0.0,0.0,0.0,0.0,0.0,0.0,0.0,0.0,0.0,0.0,0.0,0.0023658182559602435,0.0,0.0,0.0,0.0,0.0,0.0,0.0,0.0,0.0,0.0006338920966797642,0.0,0.0,0.0,0.0,0.0,0.00964293785295236,0.0,0.07930155407116346,0.0,0.0,0.0,0.0,0.0,0.0,0.0,0.0,0.0,0.04320200060749053,0.0,0.0
2842,9.494589587767547e-06,0.0,0.0,0.00012480110535921122,0.0,0.00010338553106680219,0.016154475853363156,0.00012511759167880345,0.0,0.0,0.0,0.008804535672342758,0.0,0.0,0.0,0.00029918506745454183,0.0012048634186877017,0.0,0.0,0.0,0.0,0.0,0.0,5.601807856782853e-05,0.0,0.048794849943658555,2.368682618342686,0.0,0.0,0.00012511759167880345,0.0,0.00504875472120354,0.0,0.0,0.0,0.0,0.0,0.0002752376026053948,0.0,0.0,0.0,0.0,0.0,0.0,0.0,0.0,0.40041609186502786,0.0,0.0,0.0,0.0,0.0,0.0,0.0,0.0002576198641480928,0.0,0.0,0.0,0.0,0.0,0.0,0.0,0.0,0.0,0.0,0.00013503416302602732,0.0,0.0,0.06703349181808185,0.0,0.0,0.0,0.0,0.0,0.0,0.0,0.0,0.0,0.0,0.0,0.0,0.0,0.0,0.0,0.0,0.0,5.4330151530003195e-05,0.0,0.0,0.0,0.0,0.0,0.0,0.0,0.0,0.0,0.0,0.0,7.384680790485869e-05,0.0002484417608799175,0.0,0.0,0.0,0.0,0.0,0.0,0.0,0.0,0.0,0.0,1.476936158097174e-05,0.0,0.0,0.0,0.0,0.0,0.0,0.0,0.0,0.0,0.0,0.0,0.000456689759171619,0.05084927201675578,0.0,0.0
2859,0.0,0.0,0.0,0.0013824896433476963,0.0,0.0018135603454578386,0.0,0.0,0.0,0.0,0.0009324495857322453,0.021432213349362024,0.0,0.0,0.0,0.0,0.001597067907477569,0.0,0.0,0.0,0.0,0.0,0.006888954246213314,0.0,0.0,0.0,0.0,0.484259775370415,0.0,0.0,0.1177060447434184,0.005422408397208902,0.0,0.000927228703393319,0.3982583490321283,0.010404659440148045,0.0,0.0,0.0,0.0,0.0,0.006815060101592277,0.0,0.057382464271818596,0.0,0.0001164256761580575,0.0002793172051325595,0.0,0.0,0.0,0.0,0.0,0.0,0.0,0.0,0.0040670673420236236,0.0,0.0,0.0,0.0,0.0012874695847792368,0.04013600217526066,0.016265207884619017,0.0,0.0003310039402879303,0.0,0.0,0.005569852001149716,0.0,0.0,0.012192564077991809,0.0,0.0,0.0,0.0,0.0,0.0,0.2913635749113757,0.0021332525236853047,0.0,0.029416979997694524,0.009491482491755127,0.0279164289074322,0.002557585102568747,0.0,0.0,0.0,0.0,0.0,0.0,0.0,0.0,0.003503116564730526,0.0,0.0,0.04189984322040042,0.0,0.0,0.0,0.0,0.0,0.0,0.0,0.0,0.0,0.0,0.0,0.004262641837614578,0.0,0.0,0.0,0.0,0.0,0.0,0.0,0.0,0.0,0.0,0.0,0.0,0.0,0.0,0.0,0.0,0.0,0.0014279113196963556
2860,0.005162306296584017,0.0,0.001414262508405739,0.0,0.0,0.016495470566610815,0.0,0.0,0.06683230341676773,0.0,0.00336579155305105,0.0,0.06512766079770277,0.0,0.0,0.0,0.0,0.0,0.0,0.0,0.0,0.0,0.003605143157265497,0.0,0.015035057887799604,0.0,0.0,0.0,0.25231381273119297,0.0,0.0,0.0,0.0,0.0,0.0,0.0,0.0,0.0,0.0,0.0,0.0,0.019807850045474598,0.16016050591552117,0.0031452083813586903,0.0,0.03730628298907277,0.011477598623130969,0.0,0.0,0.0,0.0,0.0,0.0,0.0,0.04607122835011679,0.0,0.1944359722106892,0.0015793535648882695,0.0,0.0,0.0,0.0,0.0,0.0,0.06478849101963677,0.009476121389329618,0.010611567295294496,0.0,0.036784089438637056,0.0,0.0,0.0,0.0,0.0,0.0,0.0,0.0,0.0,0.0,0.0,0.0,0.0016603460553953604,0.0,0.0,0.0,0.0,0.0,0.0,0.0,0.0,0.0,0.0,0.0,0.0,0.0,0.0,0.0,0.0,0.0,0.0,0.0,0.0,0.0,0.0,0.0,0.0,0.0,0.0,0.0,0.0,0.0,0.0,0.0,0.07096846600610689,0.0,0.0,0.0,0.0,0.0,0.0,0.0,0.0,0.0,0.01914957681538687,0.0,0.0
2976,0.00020852931946467248,0.0,0.006581386815925647,0.002741002054741195,0.0,0.0022706525897264332,0.0,0.019382333193748474,0.0009740713575473155,0.0,0.0,0.23783573477227532,0.010647390697027807,0.0,0.0,0.006570990555575678,0.026462370640066936,0.0,0.0,0.0,0.0,0.0,0.0,0.0012303229848415675,0.0,0.0,0.00012511759167880345,0.0,0.0,0.061722562697562516,0.0019499398947211023,0.0012126742372072675,0.00031001348556625814,0.0,0.0,0.0,0.0,0.006045033272037005,0.0,0.0,0.0,0.0,0.0,7.009000543237143e-05,0.0,0.0,0.0,0.0,0.0,0.020017885269447925,0.0,0.0,0.006286758545521886,0.0,0.005658095534808113,0.0,0.015516848894951151,0.0,0.0,0.0,0.0,0.0,0.0,0.0,0.0005957650461751571,0.002965750321275341,0.0,0.0007134803117090115,0.0,0.0,0.0006451874859031112,0.0,0.0006694494108604706,0.0,0.0,0.0,0.0,0.0,0.0,0.0,0.0,0.0,0.004340097270004957,0.0,0.0,0.0,0.0011932511058256258,0.0,0.0,0.0,0.0,0.0,0.0,0.0,0.0,0.0,0.0,0.0,0.0016218947069474524,0.00545651719265893,0.0,0.0,0.0,0.0,0.0,0.0,0.0,0.0,0.0,0.0,0.00032437894138949045,0.0,0.0,0.0,0.0,0.0007020745583831548,0.0,0.0,0.000462730958934352,0.0,0.0,0.0,0.010030260266250746,0.02975682940936436,0.0,0.0
5404,0.0021060914476029994,0.0,0.004024487691473781,0.0034912399438499836,0.02103510691363519,0.0,0.0,0.4208122725952432,0.0013523575469466889,0.0,0.0,0.02154939929362274,0.015106794858491507,0.003615433256566347,0.013365282227600445,0.0,6.456797504908655e-05,0.0031872646276202,0.0,0.004600540248288805,0.0,0.017333737388513085,2.462592536755859e-05,0.0002166781116182137,0.0010485538831808638,0.0,0.0,0.1177060447434184,0.0,0.0019499398947211023,1.3468780166989829,0.027153365825848992,0.11995101699200297,0.0,0.14601261724528417,0.003814638312276315,0.0,0.04208913926148085,0.0,0.0,0.003223483543843157,0.0,0.0,0.0027448358451573323,0.003326260927994261,0.0,0.0,0.0009332150541702278,0.012138024808337634,0.0277919456396046,0.0,0.001285263109735031,0.0,0.010388051503456487,0.0,0.0,0.08717612601088696,0.0,3.783983654039491e-05,0.0,0.0,0.07379841683045467,0.0,0.0,0.0008271338133077994,0.0,0.0001848445983381989,0.000990564476269069,0.0,0.0039586103779838955,0.0008957497405052792,0.0,0.0009294339229476783,0.0,0.0,0.0,0.0,0.0,7.012382406493817e-05,0.0,0.0,0.0,0.013721468959531193,0.0,0.0,0.0,0.0,0.0,0.012601587544042617,0.05676076155478718,0.0,0.0,0.0,0.0,0.0,0.0,0.0,0.0,0.0,0.0040077675149946266,0.0,1.6817705129064406e-05,0.0,0.0002946101559216461,0.0,0.0,0.0,0.00041139388874511713,0.0,0.0,0.0,0.0014271794222322559,0.0,0.01896240369802342,0.0,0.0,0.0,0.0,0.0,0.040259037531488594,0.0,0.004295629314774217,0.0,0.003838073078400254,0.0005887500424327449,0.0
5432,0.0027581921104107947,0.4040294642944987,0.004881972962229185,0.02364228532938512,0.0021344955409874984,0.0,0.025847161365381052,0.00035039159985825283,0.0,0.0,0.027444107580350065,0.09910821805465941,0.0004248806726977478,0.03338650708555651,0.0015723612543066298,0.03601340496633078,0.09558518886874988,0.004174124613486663,0.0,0.025539647065532328,0.0,0.0056899696738002435,0.10643152064690826,0.0,0.0004402678235428797,0.07801679438149867,0.00504875472120354,0.005422408397208902,0.0,0.0012126742372072675,0.027153365825848992,1.117104590084053,0.0036745618272980996,0.011992773740277721,0.0,0.0,0.0,0.034755972081275385,0.0,0.025437242231678026,0.00422155784773083,0.0,0.0,0.09642918515105157,0.035085900067972645,0.0015058494054515383,0.09317743169157672,0.0012221626950996974,0.23447585122991804,0.0,0.0,0.013455409676351922,0.00013242617778815502,0.0,0.0,0.0526034388720515,0.006392421518894088,0.0,0.0,0.0,0.01665212840288562,0.03728614879937233,0.0,0.0,0.004281204139265809,0.0,0.0,0.0,0.0,0.13968990432978778,0.0,0.039294778195114566,0.04042378023155445,0.0,0.0,0.0,0.0,0.0,0.02759148282813895,0.0,0.0,0.017751776831214594,0.14296459686312576,0.0,0.0,0.0,0.0,0.0,0.0,0.00011101395248634742,0.21645246910548807,0.0,0.0,0.0,0.0,0.12323216584564178,0.0,0.0,0.0,0.0011776732358187438,0.0,0.0,0.0,0.0,0.0,0.04616033000330136,0.0,0.0,0.004609819420535819,0.0,0.0,0.00186907127277014,0.0,0.10296249329123253,0.0,1.4788710209844725e-05,0.0,0.0,0.008343209940274186,0.0,0.0,0.0,0.0,0.08287685628877957,0.0007710423609051767,0.018468601452511016
5435,0.0047015812144221465,0.0,0.008159006169465487,0.007419655974314936,0.06493984393112161,0.001861425912948284,0.0,0.0,0.00021500615377723854,0.0,0.0,0.11254204146195639,0.007616419733979347,0.03738966312243007,0.0026802281493120035,0.0,0.0013308084224962552,0.007115162789187706,0.0,0.0170315992009539,0.013982271927246772,0.07733390440375548,0.002744120422994122,0.0,0.0,0.03655028568626135,0.0,0.0,0.0,0.00031001348556625814,0.11995101699200297,0.0036745618272980996,0.899192664303325,0.030392740872311707,0.0004148551018494648,0.0,0.0,0.4297073927755129,0.001529471429015717,0.0008236334529112755,0.007196016911792112,0.0,0.013780984139337352,0.07354038970271158,0.0,0.0,0.0,0.0020832838824241568,0.0,0.1730452936942317,0.0,0.0,0.0,0.09921192073756172,0.0004356562872379732,0.0014570178619321484,0.21076106195256433,0.0,0.0,0.0,0.0,0.03709949924809034,0.0017561864990624746,0.0005642029385152721,0.004749104990099241,0.0,0.0,0.0013324024499615304,0.0020754931352556516,0.0,0.0001424118251033739,0.0,0.00014776714443177376,0.0,0.0003952225223816591,0.42401310121816566,0.0,0.0,0.0,0.0,0.0,0.00018230252362962392,0.0,0.00039415046379275877,0.0,0.0,0.0,0.0,0.03153677210868551,0.00018923305290392833,0.0005602296783848829,0.0,0.0,0.0,0.0,0.0,0.00013205246903940713,0.006082000587283884,0.0,0.0,0.0,0.0,0.0,0.0,0.0,0.0,0.0,0.0022070835845891886,0.039927843462155936,0.0,0.0,0.008871059653190612,0.0,0.06992352706646274,0.0,0.0,1.4958155784994786e-05,0.0,0.0,0.1271787263362219,0.0005132517203726336,0.013676749123230499,0.0,0.04517885207963435,0.0013143095674418297,0.0
5436,0.0,0.0,0.0,0.003057660780305739,0.0,0.025113797374694345,0.0,0.0,0.0,0.0,0.0020623044386805325,0.007542537846282889,0.0,0.0,0.0,0.0,0.0035322448364634657,0.0,0.0,0.0,0.18864459851779677,0.0,0.015236342143555223,0.0,0.0,0.0,0.0,0.000927228703393319,0.0,0.0,0.0,0.011992773740277721,0.030392740872311707,3.5461951513750516,0.0,0.0,0.0,0.0,0.0,0.0,0.0,0.0,0.0,0.37673336465616963,0.0,0.00025749937840188064,0.0006177675670179649,0.0,0.0,0.0,0.0,0.0,0.0,0.0,0.0,0.008995157658074664,0.0,0.0,0.0,0.0,0.002847504336946357,0.15382686089012937,0.0,0.0,0.06303137985864682,0.0,0.0,0.0,0.0,0.0,0.0,0.0,0.0,0.0,0.0,0.0,0.0,0.0,0.00471812762399141,0.0,0.0,0.0,0.0,0.005317759258629251,0.0,0.0,0.0,0.0,0.0,0.0,0.0,0.0,0.0,0.0,0.0,0.0,0.0,0.0820565187791404,0.0,0.0,0.0,0.0,0.0,0.0,0.0,0.22691531936208656,0.0,0.0,0.0,0.0,0.0,0.0,0.0,0.0,0.0,0.0,0.0,0.0,0.0,0.0,0.0,0.0,0.0,0.0,0.0,0.003158120179054455
5437,0.0,0.0,0.0,0.0,0.0,0.0005275478853657507,0.0,0.0,0.0,0.0,0.0,0.0047712956479969626,0.0014339757640765465,0.0,0.0,0.0,0.005260990979801453,0.0,0.0,0.0,0.0,0.0006854762332140965,0.010848137529653822,0.0,0.0,0.0,0.0,0.3982583490321283,0.0,0.0,0.14601261724528417,0.0,0.0004148551018494648,0.0,1.8779181058883072,0.012906827000376434,2.632139130805763e-05,0.0,0.015650859097030647,0.003256011979771746,0.0,0.0,0.0,0.0027514254360954706,0.0,0.0,0.0,0.0,0.0,0.0,0.0,0.0,0.0,0.005007827732793094,0.0017222492424218314,0.0057599258461682925,0.0,0.0,0.0,0.0,0.0,0.0,0.0,0.005800052328405474,0.0,0.0,0.0,0.004644714024492783,0.0,0.0,0.0,0.235527072169213,0.0,0.0,0.0015624052944931959,0.0,0.0,0.0,0.0,0.0,0.00038138015916568607,0.0007206836958632127,0.0,0.0,0.0,0.0,0.0,0.0,0.0,0.0,0.006687112838555626,0.0,0.0,0.0,0.0,0.0,0.0005220337027727119,0.0,0.0,0.0,0.0,0.0,0.0,0.0,0.0,0.0,0.0,0.0,0.0,0.0,0.0,0.0,0.0,0.0,0.0,0.0,5.913302119903285e-05,0.14070941026534303,0.0,0.0,0.002029001789891814,0.00042224672949934394,0.0,0.006449860929678717,0.0,0.0
5438,0.0,0.0,0.0,0.0,0.0,0.0,0.0,0.0,0.0,0.0,0.0,0.0,0.0,0.0,0.0,0.0,0.0,0.0,0.0,0.0,0.0,0.20715210891762162,0.0,0.0,0.0,0.0,0.0,0.010404659440148045,0.0,0.0,0.003814638312276315,0.0,0.0,0.0,0.012906827000376434,0.028272117134739868,0.0,0.0,0.0,0.0,0.0,0.0,0.0,0.0,0.0,0.0,0.0,0.0,0.0,0.0,0.0,0.0,0.0,0.0,0.0,0.014881617019944083,0.0,0.0,0.0,0.0,0.0,0.0,0.0,0.0,0.0,0.0,0.0,0.0,0.0,0.0,0.0,0.0,0.0,0.0,0.0,0.0,0.0,0.0,0.0,0.0,0.0,0.0,0.0,0.0,0.0,0.0,0.0,0.0,0.0,0.0,0.0,0.0,0.0,0.0,0.0,0.0,0.0,0.0,0.0,0.0,0.0,0.0,0.0,0.0,0.0,0.0,0.0,0.0,0.0,0.0,0.0,0.0,0.0,0.0,0.0,0.0,0.0,0.0,0.0,0.0,0.0,0.0,0.0,0.0,0.0,0.0
5439,0.0,0.0,0.0,0.0,0.0,3.734149188582874e-05,0.0,0.0,0.0,0.0,0.0,0.0,0.0,0.0,0.0,0.0,0.0,0.0,0.03436201408323433,0.0,0.0,4.852015506184117e-05,0.0,0.0,0.0,0.0,0.0,0.0,0.0,0.0,0.0,0.0,0.0,0.0,2.632139130805763e-05,0.0,0.1679037275101347,0.0,0.000679837139959621,0.0,0.0,0.0,0.011592864895092599,0.00019475451128989025,0.0,0.0,0.08870352105395635,0.0,0.0,0.0,0.0,0.0,0.0,0.0,0.0,0.01716404652133916,0.0,0.0,0.0,0.0,0.011804522113490173,0.0,0.0,0.0002526695002975291,0.0,0.0,0.0,0.0,0.010108470085689861,0.0,0.0,0.0,0.0,0.0,0.0,0.0,0.0,0.0,0.0,0.0,2.69952823505832e-05,0.20942435154641303,0.0,0.0,0.0,0.0,0.1834110662863258,0.0,0.0,0.0,0.0003165702273887774,0.0,0.0,0.0,0.0,0.0,0.0,0.07143771141094915,0.009635627964752291,0.0,0.0,0.0,0.0,0.0,0.0,0.0,0.0,0.0,0.0,0.0,0.0,0.0,0.0,0.0,0.0,0.0,0.0,0.0,0.0,0.0,0.0,0.0,0.0,0.0004565413609862947,0.0,0.0
5440,0.002444730960246727,0.0,0.003419730565612679,0.021975106980288293,0.003592948361114075,0.004995052788023832,0.0,0.006045033272037005,0.0,0.0,0.0,0.08151612578652177,0.00030592999747618735,0.05845879860228439,0.02211453451510038,0.014455071129424067,0.06314897464354367,0.0030055260559655843,0.0,0.0023166385557104163,0.0,0.05372982545802025,0.036199634536018745,0.019271544725498822,0.08016194436917702,0.0,0.0002752376026053948,0.0,0.0,0.006045033272037005,0.04208913926148085,0.034755972081275385,0.4297073927755129,0.0,0.0,0.0,0.0,0.716480609662147,0.0,0.01554590803929437,0.0030396797611470117,0.0,0.0,0.009106611197413503,0.0,0.0,0.054737272844238155,0.0008800029143554938,0.0,0.22747345781408496,0.0,0.0,0.0,0.14641327180095065,0.012446856028932854,0.0,0.0,0.0,0.0028928555035131905,0.0,0.0,0.06549391912463344,0.0,0.41669567725327783,0.0,0.0065241505802760245,0.014131369542955305,0.0,0.0,0.06018051795603592,0.0,0.0,0.016540376640329802,0.0,0.0,0.0,0.0,0.0,0.005360966349764524,0.0,0.0,0.04094156918677021,0.0,0.0,0.0,0.0,0.002624951210032932,0.0,0.025073152342739626,0.01679555954924099,0.0,0.0,0.0,0.0,0.0,0.0,0.0,0.0,0.003567894848588451,0.01315208301858006,0.0,0.0012857135571169736,0.0,0.022522946420209845,0.0,0.0,0.0,0.0016159584407019736,0.0,0.0,0.0007135789697176901,0.001345801319063893,0.0,0.009787579895503011,0.0,0.0,0.0,0.0,0.0,0.0,0.0,0.0,0.022064881142199146,0.0006758073578452594,0.0005551793778427723,0.0
5441,0.0,0.0,0.0,0.5591262554121011,0.0,0.0136256720391907,0.0,0.0,0.00011782304861541874,0.0,0.0,0.05489602011287398,0.005286725295840519,0.0,0.0,0.0,0.01939601406863139,0.0,0.0,0.03563438112257799,0.0,0.017704694878948428,0.039994485630453304,0.00011520475864618722,0.0,0.0,0.0,0.0,0.0,0.0,0.0,0.0,0.001529471429015717,0.0,0.015650859097030647,0.0,0.000679837139959621,0.0,0.9115678019858182,0.01200413656091623,0.006825960642024138,0.0,0.0,0.10474930991968083,0.0,0.0,0.0,0.0,0.0,0.014839044873965517,0.004155226181170434,0.0,0.0,0.018462661793463665,0.006349520587272376,0.02123546745764806,0.0,0.0,0.0,0.0,0.0,0.0,0.022431689501144544,0.10042052580246143,0.0,0.0,0.0,0.017883252584756454,0.0,0.0,0.0,0.0,0.2760685570485437,0.0,0.0057602142237540704,0.0,0.0,0.0,0.0,0.0,0.009850406219414933,0.0026569882285796416,0.0,0.0,0.0,0.0,0.0,0.0,0.00526786093025776,0.0,0.12367958452327414,0.0,0.0,0.0,0.0,0.0,0.0019246132681378179,0.0,0.0,0.0,0.0,0.0,0.0,0.0,0.0,0.0,0.0,0.0,0.0,0.0,0.0,0.0,0.0,0.0,0.0,0.0,0.00021800929055012448,0.0,0.0,0.0,0.007480443782001146,0.0015567225903344827,0.0,0.19347243149343962,0.0,0.0
5442,0.0,0.0,0.0,0.0,0.0,0.0,0.0,0.0,0.0,0.0,0.0,0.009472701894952843,0.0028469468127356335,0.0,0.0,0.0,0.010444919556518491,0.0,0.0,0.0,0.0,0.0,0.22294999462302856,0.0,0.0,0.0,0.0,0.0,0.0,0.0,0.0,0.025437242231678026,0.0008236334529112755,0.0,0.003256011979771746,0.0,0.0,0.01554590803929437,0.01200413656091623,0.053665755828021876,0.0,0.0,0.0,0.009675585873880859,0.0,0.016366939323059,0.04193391932487773,0.0,0.0,0.0,0.0,0.0,0.0,0.009942301369218512,0.0034192711719969212,0.01143548094754764,0.0,0.022706116274911974,0.0,0.0,0.0,0.014995462797559698,0.0,0.004428176292489575,0.0,0.0,0.0,0.009221392801302856,0.0,0.046103959034988894,0.0,0.0,0.0,0.0,0.0031019246522783223,0.0,0.0,0.0,0.0,0.0,0.0,0.0014308108981532178,0.0,0.0,0.0,0.0,0.0,0.0,0.0,0.0,0.00439699195240162,0.0,0.0,0.0,0.0,0.0,0.001036420714687908,0.0,0.0,0.0,0.0,0.0,0.001037993886853119,0.0,0.0,0.0,0.0,0.0,0.0,0.0,0.0,0.0,0.0,0.0,0.0,0.0,0.00011739986856641789,0.0,0.0,0.0017608824866258267,0.004028282990185214,0.0008383084364820779,0.0,0.0,0.0,0.0
5444,0.005401459549554475,0.0,0.009300866681377005,0.008524147470628777,0.004180053767767184,0.0,0.0,0.0,0.0,0.0,0.0,0.0,0.0008320579840330896,0.0,0.0030792074563504835,0.0,0.0,0.008174327368078048,0.0,0.017804287510414855,0.0,0.01114285727785881,0.0,0.0,0.0,0.0,0.0,0.0,0.0,0.0,0.003223483543843157,0.00422155784773083,0.007196016911792112,0.0,0.0,0.0,0.0,0.0030396797611470117,0.006825960642024138,0.0,0.25763527333337277,0.0,0.0,0.3214314554575938,0.0,0.0,0.0,0.0023934019445702413,0.0,0.016854223807467004,0.0,0.0,0.0,0.0,0.0026855030800130766,0.08365141683563121,0.0,0.0,0.0,0.0,0.0,0.010296964600504504,0.02547796832228763,0.0,0.0,0.0,0.0,0.0,0.0,0.0,0.0,0.0,0.0,0.0,0.0,0.027857084188195345,0.0,0.0,0.0,0.06870078028570767,0.0,0.014148993839471883,0.0,0.0,0.0,0.0,0.0,0.0,0.014360415775870685,0.00021740232361909702,0.0,0.0,0.0,0.0,0.0,0.0,0.0,0.0,0.0,0.0,0.0,0.0,0.0,0.0,0.0,0.0,0.0,0.0,0.0,0.0,0.0,0.0036602645758415245,0.0,0.02661992633477835,0.0,0.0,0.0,0.0,0.0,0.0,0.0,0.0,0.0,0.03237227329148919,0.0015099579567726376,0.0
5446,0.022165220400932127,0.0,0.004349975007838842,0.0,0.0,0.0012993406277343232,0.0,0.0,0.0,0.0,0.0016591773417322386,0.03402810273862076,0.09899379331390087,0.0022604919855843827,0.0,0.0,0.0,0.0,0.0,0.0,0.0,0.0027855543916947634,0.022152017501105885,0.0,0.00022126870191218736,0.0005531717547804682,0.0,0.006815060101592277,0.019807850045474598,0.0,0.0,0.0,0.0,0.0,0.0,0.0,0.0,0.0,0.0,0.0,0.0,0.12240511239643898,0.0006770444702035883,0.005836303476980101,0.0,0.10372131231500095,0.03191075325742552,0.002367721232940549,0.0,0.0,0.0,0.0,0.0,0.012568321125142142,0.05734760103901594,0.014726989280859545,0.0,0.0,0.0,0.01650054094524745,0.0,0.032156475420260185,0.011653345572956266,0.0,0.0195351085646419,0.0,0.0,0.003990567511958976,0.10558980653176765,0.0,0.0,0.017057651823586404,0.0,0.0,0.0,0.0,0.0,0.05483714172459419,0.0,0.0,0.0,0.006800252800991315,0.020000961286748005,0.0018324034493689173,0.0,0.0,0.001601693775224489,0.0,0.0,0.0,0.027932920427828044,0.0,0.0025098374518628805,0.0,0.0,0.002722151375993761,0.0,0.0,0.0,0.0,0.0,0.0,0.0022555252921639545,0.0,0.0,0.10824816417758923,0.0,0.003054005748948196,0.0,0.0,0.0028629309025751735,0.0,0.00024373600927329178,0.0026269325443899223,0.0,0.0,0.0,0.0,0.0,0.0,0.0,0.0,0.0,0.0,0.0,0.0
5474,0.0005012968456171182,0.0,0.0,0.0,0.008270950715886669,0.0,0.0,0.0,0.0,0.0,0.0,0.04776721178386182,0.0,0.0,0.0,0.0,0.0,0.0,0.0,0.0,0.0,8.811858614363405e-05,0.00038368301050040665,0.0,0.11840581482671401,0.0,0.0,0.0,0.16016050591552117,0.0,0.0,0.0,0.013780984139337352,0.0,0.0,0.0,0.011592864895092599,0.0,0.0,0.0,0.0,0.0006770444702035883,1.339877429803207,0.0,0.0,0.0,0.0,7.490079822208896e-05,0.0,0.0,0.0,0.0,0.0,8.028582293086659e-05,0.0018141413922320665,0.0004192976057334587,0.0,0.0,0.0,0.0005219802359758322,0.0,0.00010757810725035324,0.008929044609691137,0.0,0.1397874440799196,0.0,0.0,0.0,0.011045726574552566,0.0,0.0,0.0005396039532045591,0.0,0.0,0.0,0.0,0.0,1.1871531744350698e-05,0.0,0.0,0.0,0.07963296330406817,0.0,0.0,0.014927253682456818,0.0,5.066818703258958e-05,0.0,0.0,0.007321933263227162,0.0008836335999403304,0.0,0.0,0.0,0.0,0.0,0.0,0.0,0.0036639177940045744,0.0,0.0,0.0,7.135157739130368e-05,0.0,0.0,0.0,0.0,0.0,0.20300662579553977,0.0,9.05663246476239e-05,0.0,7.71037628756798e-06,8.310072221045488e-05,0.0,0.0,0.0,0.0,0.0,0.0,0.0,0.0,0.0,0.10256476222596264,0.0,0.0
5475,0.004289660201678212,0.23103053851607053,0.01123316759512092,0.008397879685369765,0.003319660199981493,0.004136497360794208,0.0,0.0,0.0009931073694123959,0.0,0.0,0.19362500376418962,0.01476085904066726,0.021906545431221097,0.002445404535021828,0.0,0.0006273854908936243,0.006491779946630475,0.0,0.054511075807875176,0.0,0.013921192760918587,0.05346008592976939,0.0021053889845569764,0.012217378099823222,0.12009099191053577,0.0,0.057382464271818596,0.0031452083813586903,7.009000543237143e-05,0.0027448358451573323,0.09642918515105157,0.07354038970271158,0.37673336465616963,0.0027514254360954706,0.0,0.00019475451128989025,0.009106611197413503,0.10474930991968083,0.009675585873880859,0.3214314554575938,0.005836303476980101,0.0,3.270083604837293,0.0,0.004487154583317646,0.0,0.0019007605211241547,0.0,0.08417090368939163,0.0,0.0,0.0,0.030343594883850755,0.003725523363320207,0.10926731089208531,0.003522189873505845,0.006247421177758647,0.00036767707838417053,0.0,0.0,0.008177508104918949,0.12572823498172372,0.02641202670131405,2.9731077160372517e-05,0.00013391983282063448,0.0017960733471861663,3.560554338663014e-05,0.000519845504894913,0.0,0.004596711659550444,0.0,3.3408223958487974e-05,0.0,0.0,0.031891462837215674,0.0,0.109077398940938,0.0006813698238309826,0.07865031266616931,0.013834664730579649,0.016221574487584784,0.0,0.0,0.0,0.0,0.0,0.0,0.03911641768710285,0.00017265372198485302,0.033091692067256664,0.0,0.0,0.0,0.0,0.040646832268445204,0.0,0.0,0.0,0.0,0.0,0.00016341203483740912,0.0002845760551141429,0.002862628681705328,0.0,0.05583617486683263,0.0,0.0,0.0,0.0,0.0,0.020796964318575552,0.0,0.16920018428157257,0.0,0.0,0.0,0.0,0.009626272438169606,0.0004827629506400638,0.0,0.0,0.0,0.2802787552599422,0.001199158578149343,0.0
5476,0.0,0.028939683291795876,0.0,0.0,0.0,0.0,0.02774444038175301,0.0,0.0,0.11510420075024468,0.00021448014193982108,0.001081994635549025,0.0,0.0,0.0,0.0,0.0,0.0,0.0,0.0029109146001544735,0.0,0.0402121522978523,0.0,0.0,0.0,0.002448288227815879,0.0,0.0,0.0,0.0,0.003326260927994261,0.035085900067972645,0.0,0.0,0.0,0.0,0.0,0.0,0.0,0.0,0.0,0.0,0.0,0.0,0.024506661824372437,0.0021283702317777815,0.0,0.0,0.016481221513104827,0.0,0.0,0.047553730215331505,0.0,0.0,0.0,0.0,0.0,0.0,0.0,0.0,0.0,0.016087021701102114,0.0,0.0,0.0,0.0,0.0,0.0,0.0,0.0053750701249854795,0.0,0.001233131194795023,0.001268561032907564,0.0,0.0,0.0,0.0,0.0,0.0,0.0,0.0,0.0027441930907185605,0.018631249563099018,0.0,0.0,0.0,0.0,0.0,0.0,0.0,0.0,0.0,0.0,0.0,0.0,0.0,0.0,0.0,0.0,0.00015357343214244227,0.0,0.0,0.0,0.0,0.0,0.0,0.0,0.0,0.0,0.0,0.0,0.0,0.0,0.011654129316445789,0.0,0.0,0.0,0.0,0.0,0.0,0.0,0.0,0.0,0.0,0.0,0.0
5477,0.0425776626234058,0.0,0.007405607523935273,0.00038392925338298417,0.0,0.0,0.006370226987418814,0.0,0.0,0.0,0.003383858795510521,0.2265047516128151,0.2300196718873766,0.0,0.0,0.0,0.21027115650581552,0.0,0.0,0.0,0.0,0.009232860142980071,0.11081776228687225,0.0,0.0,0.0,0.0,0.0001164256761580575,0.03730628298907277,0.0,0.0,0.0015058494054515383,0.0,0.00025749937840188064,0.0,0.0,0.0,0.0,0.0,0.016366939323059,0.0,0.10372131231500095,0.0,0.004487154583317646,0.0021283702317777815,0.9509134378016957,0.06017856857760079,0.0,0.0,0.0,0.0,0.010517820259601157,0.11909895327771892,0.0,0.0,0.0011294595482830238,0.0,0.010530199932115163,0.18422857004714527,0.0,0.000357541366632341,0.00369364018078918,0.0,0.0,0.03688452186864812,0.0,0.0,0.0,0.0,0.0,0.0,0.0,0.0,0.0,0.0,0.0,0.0,0.08599528426091053,0.0005924225563908133,0.0,0.0,0.0006300769683817674,0.0,0.0,0.0,0.0,0.0,0.0,0.0,0.0,0.0,0.0,0.0,0.0,0.0,0.0,0.0,0.0,0.0,0.0,0.0,0.0,0.00048138056832526467,0.0,0.0,0.0,0.0,0.0,0.0,0.0,0.0,0.0,0.0,0.0,0.0,0.0,0.0,0.0,0.0,0.0008166277498375026,0.0,0.0,0.0,0.0,0.0,0.00039654324320334653
5479,0.00366124201632864,0.0,0.0022783988087224983,0.0009210858769502088,0.0,0.0,0.0,0.0,0.0,0.0,0.0015826512656724578,0.00227210458770346,0.05736165324503378,0.0,0.0,0.0,0.170320317322418,0.0,0.022181354437832083,0.2828184251455543,0.0,0.0,0.03606315598042972,0.0,0.0,0.0,0.40041609186502786,0.0002793172051325595,0.011477598623130969,0.0,0.0,0.09317743169157672,0.0,0.0006177675670179649,0.0,0.0,0.08870352105395635,0.054737272844238155,0.0,0.04193391932487773,0.0,0.03191075325742552,0.0,0.0,0.0,0.06017856857760079,2.08337413758847,0.0,0.0,0.0,0.0,0.0,0.0,0.0,0.0,0.013789418817904563,0.0,0.0,0.0,0.0,0.008477829300469465,0.052799150522500116,0.0,0.0,0.011540091289882813,0.0,0.0,0.0,0.006525215816854849,0.16233242719042307,0.08271300208319834,0.0,0.0,0.0,0.0,0.0,0.0,0.0,0.0014212828146595742,0.0,0.0,0.0,0.0,0.0,0.0,0.0,0.14272279624426495,0.0,0.0,0.0,0.0,0.0,0.0,0.0,0.0,0.0,0.0,0.04611444466542386,0.0,0.0,0.0,0.0,0.0,0.0,0.0,0.0,0.0,0.0,0.0,0.0,0.0,0.0,0.0,0.0,0.0,0.0,0.0,0.0,0.0,0.0,0.0,0.0,0.0,0.0,0.0,0.0009513481395237239
5505,0.003316856985255657,0.0,0.0026926487093348202,0.00246778450560159,0.0012101470506254027,0.0,0.0,0.0,0.0,0.0,0.0,0.0,0.00024088506303229052,0.0,0.0008914463852833936,0.0,0.0,0.002366509787889677,0.0,0.0018240892659072262,0.0,0.003534077738688688,0.001341794299578565,0.0,0.0,0.0,0.0,0.0,0.0,0.0,0.0009332150541702278,0.0012221626950996974,0.0020832838824241568,0.0,0.0,0.0,0.0,0.0008800029143554938,0.0,0.0,0.0023934019445702413,0.002367721232940549,7.490079822208896e-05,0.0019007605211241547,0.0,0.0,0.0,0.0009548409561810089,0.0,0.0,0.0,0.0,0.0,0.0002807709921925163,0.006344311611691569,0.001466343626907867,0.0,0.0,0.0,0.0018254394538126247,0.0,0.003357240186073416,0.0,0.0,0.0,0.0,0.0,0.0,0.0017248583819143913,0.0,0.0,0.0018870721106353724,0.0,0.0,0.0,0.0,0.0,4.151644244310073e-05,0.0,0.0,0.0,0.0,0.0,0.0,0.0,0.0,0.00017719388836539898,0.0,0.0,6.293909010344883e-05,0.0030901929323627554,0.0,0.0,0.0,0.0,0.0,0.0,0.0,0.0,0.0,0.0,0.0,0.00024952665921987343,0.0,0.0,0.0,0.0,0.0,0.0,0.0,0.000316723375339119,0.0010596654079235205,2.696428735995202e-05,0.007997220593495818,0.0,0.0,0.0,0.0,0.0,0.0,0.0,0.0,0.0,0.0005321213981473402,0.00043714058944577196,0.0
5506,0.0,0.0,0.0,0.0,0.0,0.0,0.0,0.0,0.0,0.0,0.0,0.003948360640697446,0.0,0.08576485047710586,0.0,0.0,0.0,0.0,0.0,0.010622363788198936,0.0,0.0,0.0,0.0,0.0,0.0,0.0,0.0,0.0,0.0,0.012138024808337634,0.23447585122991804,0.0,0.0,0.0,0.0,0.0,0.0,0.0,0.0,0.0,0.0,0.0,0.0,0.016481221513104827,0.0,0.0,0.0,0.33780945027860726,0.0,0.0,0.006368323614028139,0.0,0.0,0.0,0.0,0.0,0.0,0.0,0.0,0.0,0.0,0.0,0.0,0.0,0.0,0.0,0.0,0.0,0.01961443673120667,0.0,0.0,0.0,0.0,0.0,0.0,0.0,0.0,0.0,0.0,0.0,0.0,0.06798822290336443,0.0,0.0,0.0,0.0,0.0,0.0,0.0,0.0,0.0,0.0,0.0,0.0,0.3165646604071882,0.0,0.0,0.0,0.0005604124780344763,0.0,0.0,0.0,0.0,0.0,0.0,0.0,0.0,0.0,0.0,0.0,0.0,0.0,0.04252766509447992,0.0,0.0,0.0,0.0,0.0,0.0,0.0,0.0,0.0,0.0,0.0,0.0
5507,0.0,0.0,0.004085544082504086,0.0,0.008769313407945576,0.0,0.0,0.0,0.013883165471581284,0.0,0.0,0.0,0.15175426907081793,0.03504311268787921,0.07419089184644789,0.0,0.03414804780141017,0.0,0.0,0.0,0.0,0.0,0.1057854242673353,0.0,0.0,0.0,0.0,0.0,0.0,0.020017885269447925,0.0277919456396046,0.0,0.1730452936942317,0.0,0.0,0.0,0.0,0.22747345781408496,0.014839044873965517,0.0,0.016854223807467004,0.0,0.0,0.08417090368939163,0.0,0.0,0.0,0.0,0.0,0.852330130222229,0.0,0.0,0.0,0.016422152209929264,0.0,0.24214526113510973,0.2211572890805034,0.0,0.0,0.0,0.0,0.015684854098235456,0.05538688765714701,0.0,0.008491271870533572,0.035752655040242956,0.018904279032498725,0.01016903448748666,0.17040845782053876,0.0,0.009195676022689447,0.0,0.22114390916988988,0.0,0.0,0.0,0.0,0.0,0.0,0.0,0.0,0.12680997924278223,0.0,0.0,0.0,0.0,0.0,0.0,0.0130070640253278,0.0,0.0,0.0,0.0,0.0,0.0,0.0,0.0,0.019882086568662454,0.0,0.0,0.0,0.0,0.0,0.0,0.0,0.0,0.0,0.0,0.0,0.0,0.0,0.0,0.0,0.0,0.0,0.0,0.0,0.0,0.0,0.0,0.0,0.0,0.0,0.0984227579979552,0.0,0.0
5508,0.13994277324124657,0.0,0.0,0.0,0.0,0.0,0.0,0.0635408952205478,0.0005843286817270924,0.0,0.0,0.1850114457166136,0.0,0.0,0.0,0.0,0.0,0.0,0.0,0.0,0.0,0.0,0.0,0.0005713435999109348,0.09868575911006924,0.0,0.0,0.0,0.0,0.0,0.0,0.0,0.0,0.0,0.0,0.0,0.0,0.0,0.004155226181170434,0.0,0.0,0.0,0.0,0.0,0.0,0.0,0.0,0.0,0.0,0.0,2.9737613639457527,0.0,0.0,0.0,0.0,0.0,0.0,0.0,0.0,0.0,0.0,0.3647927378038591,0.0,0.0,0.0,0.0,0.0,0.003765673726685706,0.0,0.0,0.0,0.0,0.0,0.0,0.0,0.0,0.0,0.0,0.0,0.0,0.0,0.0,0.0,0.0,0.0,0.0,0.0,0.0,0.0,0.0,0.0,0.0,0.0,0.0,0.0,0.0,0.0,0.0,0.0,0.0,0.0,0.0,0.0,0.0,0.0,0.0,0.0,0.0,0.0,0.0,0.0,0.0,0.0,0.0,0.0,0.0,0.0,0.0,0.0,0.0,0.0,0.0,0.0,0.01375233804372578,0.0,0.0
5509,0.0,0.0,0.0,0.00011059642139539633,0.0,0.0,0.1371053930287095,0.0,0.0,0.0,0.0006713325210163356,0.0004180813893156974,0.0,0.0,0.0,0.0,0.0,0.0,0.0,0.0011247738022235213,0.0,0.19871739597073862,0.00013828925226667374,0.0,3.4572313066668435e-05,0.0,0.0,0.0,0.0,0.0,0.001285263109735031,0.013455409676351922,0.0,0.0,0.0,0.0,0.0,0.0,0.0,0.0,0.0,0.0,0.0,0.0,0.047553730215331505,0.010517820259601157,0.0,0.0,0.006368323614028139,0.0,0.0,4.55750094044069,0.0,0.0,0.0,0.0,0.0005019689974772601,0.0,0.0,0.0,0.0,0.07949763637840672,0.0,0.0,0.0,0.0,0.0,0.0,0.0,0.0020769204501489484,0.0,0.0,0.0,0.0,0.0,0.0,0.0,0.0,0.0,0.0,0.0,0.014955017096328415,0.007199091794087719,0.0,0.0,0.0,0.0,0.0703753163404917,0.0,0.0,0.0,0.0,0.0,0.0,0.0,0.0,0.0,0.0,0.0,5.9340584289969954e-05,0.0,0.0,0.0,0.0,0.0,0.00028369118951502296,0.0,0.0,0.00036198902501002417,0.0,0.0,0.0,0.0,0.004503141157822947,0.0,0.0,0.0,0.0,0.0,0.0,0.0,0.0,0.0,0.0,0.0,0.0
5735,0.0,0.0,0.0006873964097029889,0.0,0.0,0.0,0.0,0.0018165038203177843,0.0,0.0,0.0,0.06627400551862112,0.0,0.0,0.0,0.0,0.03749132663230344,0.0,0.0,0.0,0.0,0.0,0.0,0.0,0.0,0.0,0.0,0.0,0.0,0.006286758545521886,0.0,0.00013242617778815502,0.0,0.0,0.0,0.0,0.0,0.0,0.0,0.0,0.0,0.0,0.0,0.0,0.0,0.11909895327771892,0.0,0.0,0.0,0.0,0.0,0.0,0.03701878011479307,0.0,0.0,0.0,0.0,0.0,0.0,0.0,0.0,0.024240892932411877,0.0,0.0,0.02091521927871857,0.0,0.06024659670910295,0.0,0.0,0.0,0.0,0.0,0.0,0.0,0.0,0.0,0.0,0.0,0.0,0.0,0.0,0.0,0.00047394632050497585,0.0,0.030046404166026774,0.0,0.0,0.0,0.0,0.0,0.0,0.0,0.024529246139379502,0.00845836073771707,0.0,0.0,0.0,0.0,0.0,0.0,0.0,0.0,0.0,0.0,0.0,0.0,0.0,0.0,0.0,0.0,0.0,0.0,0.0,0.0,0.0,7.666778714051082e-05,0.0,0.0,5.0531041524427574e-05,0.0,0.0,0.0,0.0,0.003003983296141832,0.0,0.0
5743,0.0018791470327133117,0.0,0.0011596822452865497,0.027085935185312486,0.0,0.0,0.0,0.0,0.0,0.0,0.0,0.09315502785063903,0.004378675290870355,0.025882743036807147,0.0,0.0,0.25820310079175174,0.0,0.0,0.0,0.0,0.01247723953777582,0.03854365070716858,0.035022405441223946,0.17009520874210884,0.0015348735599380807,0.0,0.0,0.0,0.0,0.010388051503456487,0.0,0.09921192073756172,0.0,0.005007827732793094,0.0,0.0,0.14641327180095065,0.018462661793463665,0.009942301369218512,0.0,0.012568321125142142,8.028582293086659e-05,0.030343594883850755,0.0,0.0,0.0,0.0002807709921925163,0.0,0.016422152209929264,0.0,0.0,0.0,2.329059746475776,0.012059363037592353,0.03782693837559373,0.0,0.0,0.006116178912812498,0.001956680198857977,0.0,0.000403264219178467,0.0,0.0068106457165986066,0.0,0.09866753255508687,0.031015441771618208,0.014182732401549793,0.02025345668114588,0.0,0.0,0.0020227439617268046,0.00849416459805664,0.0,0.0047708375752975336,0.102021578925278,0.0,0.011181897122506612,0.011334347429696174,0.0,0.005424705397786856,0.002200622891030204,0.0,0.0,0.0,0.0,0.00018993331824787866,0.0,0.005663865137901792,0.1997727309673826,0.010075047088881784,0.0,0.0,0.0,0.0,0.007553093839398999,0.0015940409402975203,0.0011972756001171194,0.0,0.0,0.0,0.0027183017390277767,0.00026746648439254404,0.04761882153546874,0.0,0.18223181735844463,0.0,0.0003963824746587568,0.0,0.0,0.00033949433696480727,0.0,2.8902896255111968e-05,0.0003115089929717623,0.0,0.0,0.00018056392952042706,0.0,0.0,0.0,0.006195599831669653,0.0012893393092317993,0.0,0.0,0.0,0.0
5875,0.0428906415407185,0.0,0.0,0.005643783320133219,0.0,0.008090076965884367,0.0,0.005658095534808113,0.01383506105182436,0.0,0.0,0.0050105324438683594,0.007617223424422323,0.0,0.0,0.013529813605999837,0.060011382780758196,0.0,0.0,0.00012785988453280575,0.0,0.007463896013754787,0.043891119539388124,0.0025332619974562463,0.0,0.0,0.0002576198641480928,0.0,0.04607122835011679,0.005658095534808113,0.0,0.0,0.0004356562872379732,0.0,0.0017222492424218314,0.0,0.0,0.012446856028932854,0.006349520587272376,0.0034192711719969212,0.0026855030800130766,0.05734760103901594,0.0018141413922320665,0.003725523363320207,0.0,0.0,0.0,0.006344311611691569,0.0,0.0,0.0,0.0,0.0,0.012059363037592353,0.17668883302497687,0.04249420716243515,0.04025049876600244,0.00032694448456139163,0.0,0.044213217359255784,0.0,0.009112173050125634,0.0,0.002342258969693691,0.0,0.008068211835323143,0.0,0.004877603910791294,0.049391817285790236,0.0,0.0,0.04570599656200674,0.0,0.0,0.001640745616301587,0.0003096258527885017,0.0,0.001005552657408631,0.0,0.0007635952686035856,0.0,0.001257793456714432,0.0,0.0,0.0,0.0,0.006748670393765813,0.0,9.311050824862858e-05,0.0,0.07717205477059136,0.0,0.0,0.0,0.0,0.0,0.0005482089137849774,0.0,0.003339516757475277,0.011235088519791825,0.0,0.0,0.006043682466693111,0.0,0.0,0.0,0.0,0.0,0.0,0.0,0.008339129810076364,0.0,0.0006530909012035439,0.020734209788487598,0.0,0.0,6.209800085351955e-05,0.0,0.0,0.0,0.00213073765428639,0.00044341853734466307,0.020652525775872108,0.0022439010350666453,0.0,0.0
5908,0.00981395996048141,0.007015654719499605,0.0009668503174160096,0.013411699030732947,0.0,0.0,0.004752426397808994,0.0,0.0,0.0,0.00904580606831157,0.09868892801371991,0.0050362844581708106,0.0052292067821029286,0.0,0.0,0.06429157201685419,0.0,0.004292070877836725,0.00398273998537262,0.0,0.11208011489993895,0.11244187574552342,0.0,0.0005118619327496522,0.0012796548318741306,0.0,0.0040670673420236236,0.0,0.0,0.0,0.0526034388720515,0.0014570178619321484,0.008995157658074664,0.0057599258461682925,0.014881617019944083,0.01716404652133916,0.0,0.02123546745764806,0.01143548094754764,0.08365141683563121,0.014726989280859545,0.0004192976057334587,0.10926731089208531,0.0,0.0011294595482830238,0.013789418817904563,0.001466343626907867,0.0,0.24214526113510973,0.0,0.0,0.0,0.03782693837559373,0.04249420716243515,2.089934013291737,0.0,0.0,0.0,0.010218881648304007,0.01396437048711342,0.002106071973941201,0.003980363070180786,0.015442324475661373,0.003211109209019897,0.03174580696687198,0.022951565377862217,0.01631275900207775,0.02043742379103703,0.0,0.0,0.010563903678164682,0.1252467812031008,0.0,0.005487343439927088,0.009644614250292585,0.0029164221430833786,0.00023241067289225998,0.020694940422800158,0.023785422769786315,0.0,0.007429753754248583,0.0,0.0,0.0,0.0,0.02390134330767883,0.0,0.0029003228464908634,0.0,0.025077354883214758,0.0,0.0,0.0,0.002353851608622582,0.006297165629444796,0.0018334411848366678,0.026576975377561263,0.0,0.0,0.0,0.0,0.0013968600236720368,0.0,0.0,0.0016872485931377428,0.0,0.0,0.0,0.0,0.001773029875672911,0.0,0.00015094713806404513,0.0016268747102458196,0.0,0.0,0.0002076818333266314,0.0,0.0,0.0,0.007126082906020039,0.0014829780910979773,0.0,0.22251457647988507,0.0,0.013852340199794035
5940,0.26914597745258434,0.0,0.0031669064603259225,0.009716685594024107,0.06006715186867657,0.014411400378568702,0.0,0.0,0.06915010418543394,0.0,0.05898135720357806,0.0,0.14342413415659783,0.0,0.0,0.0,0.0,0.0,0.0,0.0,0.0,0.0,0.012149698592000623,0.0,0.0030374246480001556,0.0,0.0,0.0,0.1944359722106892,0.015516848894951151,0.08717612601088696,0.006392421518894088,0.21076106195256433,0.0,0.0,0.0,0.0,0.0,0.0,0.0,0.0,0.0,0.0,0.003522189873505845,0.0,0.0,0.0,0.0,0.0,0.2211572890805034,0.0,0.0005019689974772601,0.0,0.0,0.04025049876600244,0.0,1.2028438516473356,0.0013798149298629608,0.0,0.0,0.0,0.0,0.0,0.0,0.006582003082119393,0.008278889579177764,0.0,0.007882519528209349,0.32089259998191244,0.0,0.007128021437348002,0.0,0.007396066811732954,0.0,0.0,0.0,0.0,0.0,0.0,0.0,0.0,0.12392076578905277,0.0,0.0,0.0,0.0,0.0,0.0,0.0,0.0,0.0,0.0,0.0,0.0,0.0,0.0,0.0,0.0,0.0,0.0,0.0,0.0,0.0,0.0,0.0,0.024924297364534158,0.0,0.0,0.031803321483023554,0.0,0.0,0.0,0.0,0.05779891428425958,0.0,0.0,0.0,0.0,0.0,0.12461808083951947,0.0,0.013296718302976024,0.0,0.03430888322873175,0.0,0.0
6191,0.06525830127014427,0.0,0.3272548041167114,0.0,0.0,0.00011706011137826563,0.0,0.0,0.00047427545943845594,0.0,0.0,0.0,0.014555332908664327,0.0,0.0,0.10641835579263031,0.04613130784051151,0.03189756472069047,0.0,0.06955488789957172,0.0,0.10948498895814728,0.12489556499325269,0.0,0.13310443145711498,0.0,0.0,0.0,0.0015793535648882695,0.0,0.0,0.0,0.0,0.0,0.0,0.0,0.0,0.0,0.0,0.022706116274911974,0.0,0.0,0.0,0.006247421177758647,0.0,0.010530199932115163,0.0,0.0,0.0,0.0,0.0,0.0,0.0,0.0,0.00032694448456139163,0.0,0.0013798149298629608,0.9312642493068514,0.0,0.0,0.0,0.0,0.0,0.06718865178481458,0.0,6.724729802581216e-05,0.15872671034547492,0.0,0.00026103830074122246,0.0,0.0,0.0,0.0,0.0,0.0,0.0,0.0,0.0,0.0,0.0,0.0,1.1782646235291877e-05,0.0,0.0,0.0,0.0,0.0,0.0,0.0,0.1534940006020092,0.0,0.0,0.0,0.0,0.0,0.0,0.0,0.006365674521265778,0.0,0.0,0.0,0.0,0.0006678269492621169,0.0,0.0,0.09707795007648372,0.0,0.0,0.0,0.0,0.0,0.0,0.0,0.0004694857658468739,0.0,0.0,0.0,0.0,0.0,0.001132920717498234,0.0,0.0,0.0,7.692247908080792e-05,0.0,0.0
6216,0.06986687290119008,0.0,0.0,0.0007038209596513453,0.0,0.0,0.0,0.0,0.0,0.0,0.0,0.0,0.09923845632118951,0.0005095764654106514,0.0,0.0,0.0002711854952061635,0.0,0.0,0.0,0.0,0.0,0.00010342888654374608,0.0009100480687964976,0.004403926309359627,0.0,0.0,0.0,0.0,0.0,3.783983654039491e-05,0.0,0.0,0.0,0.0,0.0,0.0,0.0028928555035131905,0.0,0.0,0.0,0.0,0.0,0.00036767707838417053,0.0,0.18422857004714527,0.0,0.0,0.0,0.0,0.0,0.0,0.0,0.006116178912812498,0.0,0.0,0.0,0.0,0.4197351211046953,0.0,0.0,0.0,0.0,0.0,0.0,0.0,0.0007763473130204356,0.0,0.0,0.0,0.0,0.0,0.0,0.0,0.0,0.0,0.0,0.1958522179537833,0.00029452006107274034,0.0,0.0,0.0,0.0,0.0,0.0,0.0,0.0,0.0,0.0,0.0,0.0,0.0,0.0,0.0,0.0,0.0,0.0,0.0,0.0,0.0,0.0,7.06343615420705e-05,0.0,0.0012373626548709135,0.0,0.0,0.0,0.0,0.0,0.0,0.0,0.0,0.0,0.0,0.0,0.0,0.0,0.0,0.0,0.0,0.0,0.0,0.0,0.0,0.0,0.0
8861,0.012217320266040051,0.0,0.0,0.0,0.0,0.0,0.007777046316439929,0.0,0.0,0.0,0.0,0.0,0.0,0.0,0.0,0.0,0.0,0.0,0.0,0.0,0.0,0.0021475758280148525,0.009350903084481338,0.0,0.0,0.0,0.0,0.0,0.0,0.0,0.0,0.0,0.0,0.0,0.0,0.0,0.0,0.0,0.0,0.0,0.0,0.01650054094524745,0.0005219802359758322,0.0,0.0,0.0,0.0,0.0018254394538126247,0.0,0.0,0.0,0.0,0.0,0.001956680198857977,0.044213217359255784,0.010218881648304007,0.0,0.0,0.0,0.6927716888237905,0.0,0.002621832156701466,0.0,0.0,0.0,0.0,0.4251608813079913,0.0,0.012020459148472022,0.0958775520839841,0.0,0.013150919202385397,0.002243378745126903,0.04290004768713658,0.0,0.0,0.0,0.00028932618794088986,0.0,0.09051363564563053,0.05938311968669883,0.0,0.04578522451860344,0.0,0.0761420745808116,0.0,0.031219290509502708,0.0,0.23232971685342596,0.0,0.02153541316426005,0.15295096619665413,0.0,0.0,0.0,0.0,0.0,0.0,0.0,0.0,0.0,0.0,0.0017389398718509154,0.0,0.0,0.0,0.0,0.0,0.0,0.0,0.0022072307121263767,0.0,0.00018791288495129962,0.002025283315586229,0.0,0.0,0.0,0.0,0.0,0.0,0.0,0.0,0.0,0.0,0.0,0.0
8868,0.08806127869025865,0.0,0.0,0.004245603313194794,0.0,0.0,0.0,0.0,0.0,0.0,0.0028635375820868204,0.010472915725750901,0.0,0.0,0.0,0.0,0.004904569688467852,0.0,0.0029518590227019365,0.0,0.0,0.0,0.021155866962841878,0.0,0.0,0.0,0.0,0.0012874695847792368,0.0,0.0,0.0,0.01665212840288562,0.0,0.002847504336946357,0.0,0.0,0.011804522113490173,0.0,0.0,0.0,0.0,0.0,0.0,0.0,0.0,0.000357541366632341,0.008477829300469465,0.0,0.0,0.0,0.0,0.0,0.0,0.0,0.0,0.01396437048711342,0.0,0.0,0.0,0.0,0.19823418189799802,0.0,0.005555171356542607,0.010967756179293051,0.0010165077419054,0.0,0.0,0.0,0.0008683652406368975,0.011007680408754857,0.0,0.0,0.0,0.07556232479404959,0.0,0.0,0.0,0.0,0.01334087573477762,0.0,0.0,0.0,0.1547299104456889,0.0,0.0,0.0,0.015755875356119817,0.0,0.35237230795625124,0.0,0.0,0.0022214981964818743,0.0,0.0,0.001967694166331827,0.02104992694476587,0.0,0.006136836230809753,0.0,0.0,0.0,0.0,0.0,0.0,0.0,0.0,0.0,0.0,0.0,0.0,0.0,0.0,0.0,0.0,0.0,0.0,0.0,0.0,0.0,0.0,0.0,0.0,0.0,0.0,0.0,0.0043850925459168275
8904,0.009245555220370223,0.0,0.011584392878310827,0.010616975453496515,0.0052063304159854235,0.01707345982621769,0.048148568448053874,0.0,0.0,0.0,0.0,0.07604257229077088,0.0010363428393048999,0.022391407428050705,0.06968255478140495,0.0,0.0,0.010181268369038161,0.0,0.007847650764142566,0.07076851040572026,0.08617481052412898,0.01110508024755099,0.0,0.0,0.0,0.0,0.04013600217526066,0.0,0.0,0.07379841683045467,0.03728614879937233,0.03709949924809034,0.15382686089012937,0.0,0.0,0.0,0.06549391912463344,0.0,0.014995462797559698,0.010296964600504504,0.032156475420260185,0.00010757810725035324,0.008177508104918949,0.016087021701102114,0.00369364018078918,0.052799150522500116,0.003357240186073416,0.0,0.015684854098235456,0.3647927378038591,0.07949763637840672,0.024240892932411877,0.000403264219178467,0.009112173050125634,0.002106071973941201,0.0,0.0,0.0,0.002621832156701466,0.0,0.7997338248292998,0.06863016558811544,0.0,0.057054468488135314,0.0,0.09702548971925776,0.02350168948665453,0.0024773701269652773,0.05804966270651963,0.0,0.002710353570667471,0.0,0.0,0.0,0.0,0.0,5.9629008018767224e-05,0.0,0.0,0.0,0.044811155796211095,0.1177918629836683,0.01278650691072173,0.04838890888040838,0.0,0.00025449906515226427,0.0,0.036392835075090044,0.30705804164560374,0.004438365339128859,0.0,0.05428488838428015,0.01362195771425444,0.0,0.0,0.0,0.03078284588429889,0.0,0.021081825634699278,0.0,0.0,0.00035838878015403394,0.0,0.0,0.0,0.0,0.017985986852031528,0.0,0.0,0.00045490171065863655,0.0045589238441631225,3.8728118610127165e-05,0.033572989048049895,0.0,0.0,0.0,0.0,0.0,0.0,0.0,0.0,0.0,0.0022893084098659306,0.0018806791668145929,0.0
8906,0.0,0.030536607800962248,0.0,0.0,0.0,0.0031010798302559895,0.020685593407194357,0.0,0.0,0.0,0.0,0.03081642862658943,0.0,0.0,0.0,0.0,0.0,0.0,0.0,0.0,0.0,0.0,0.0,0.0,0.0,0.0,0.0,0.016265207884619017,0.0,0.0,0.0,0.0,0.0017561864990624746,0.0,0.0,0.0,0.0,0.0,0.022431689501144544,0.0,0.02547796832228763,0.011653345572956266,0.008929044609691137,0.12572823498172372,0.0,0.0,0.0,0.0,0.0,0.05538688765714701,0.0,0.0,0.0,0.0,0.0,0.003980363070180786,0.0,0.0,0.0,0.0,0.005555171356542607,0.06863016558811544,2.431583098617923,0.16105372862375084,0.0,0.0,0.026837995012454496,0.009524114122552581,0.04277742356223885,0.12840096668415846,0.0,0.0,0.0,0.0,0.0,0.0,0.012694130872468453,0.0,0.0,0.0,0.0,0.016229867943533482,0.0477354254212909,0.004373317709335369,0.0,0.0,0.0,0.0,0.01966234511828719,0.0,0.0,0.025913044830818507,0.005990120013998748,0.0,0.03319796919538198,0.005155997366850923,0.0,0.0,0.0,0.0,0.0,0.0,0.0,0.0,0.0,0.0,0.0,0.007288862848892282,0.025870249311490588,0.0,0.0,0.0,0.0,0.0,0.0,0.0,0.0,0.0,0.0,0.0,0.0,0.0,0.0,0.111754263903857,0.0,0.0
8907,0.007550258103204554,0.058373497762631864,0.0,0.0,0.0,0.005064141899580265,0.039542389526171354,0.0,0.0,0.0,0.0,0.00648896208127587,0.0019502070391441033,0.0,0.0,0.012312396086237196,0.007154947732529976,0.0,0.0,0.008047364791297222,0.0,0.01568921721909811,0.0147534670403292,0.0,0.0,0.06280066222306752,0.0,0.0,0.0,0.0,0.0,0.0,0.0005642029385152721,0.0,0.005800052328405474,0.0,0.0002526695002975291,0.41669567725327783,0.10042052580246143,0.004428176292489575,0.0,0.0,0.0,0.02641202670131405,0.0,0.0,0.0,0.0,0.0,0.0,0.0,0.0,0.0,0.0068106457165986066,0.002342258969693691,0.015442324475661373,0.0,0.06718865178481458,0.0,0.0,0.010967756179293051,0.0,0.16105372862375084,1.487229568048277,0.0,0.0,0.05130326367697171,0.006316811073310185,0.07920228986817088,0.25350622067108486,0.0,0.0,0.0,0.0,0.0021248712005107464,0.0,0.02426598346851229,0.0,0.0,0.0,0.0036610197809067513,0.09362954954210097,0.38509840042447063,0.0,0.0,0.0,0.0,0.0,0.0,0.017758956320991632,0.04594432561436981,0.051160970441133456,0.0,0.0,0.06490101479598177,0.010179653938864807,0.0007099658357708882,0.0,0.0,0.0,0.0,0.0,0.0,0.0,0.0,0.01123172937299227,0.0,0.0,0.0,0.0,0.0,0.0,0.0,0.0,0.0,0.0,8.042090883068467e-05,0.0,0.0,0.0,0.002759442434252868,0.0005742555521191077,0.0,0.061914779466524315,0.0,0.0
8908,0.05254521789668196,0.0,0.0015163814965468993,0.0010915298055821168,0.0,0.003815566526541502,0.0,0.0,0.0004131857389979975,0.0,0.04952826795348485,0.0026925501095401757,0.039632083022097656,0.0,0.0,0.0,0.0012609477625663498,0.0,0.0,0.0,0.028660978854701237,0.0,0.008994602248426194,0.0,0.013122537929779753,0.0,0.0,0.0003310039402879303,0.06478849101963677,0.0005957650461751571,0.0008271338133077994,0.004281204139265809,0.004749104990099241,0.06303137985864682,0.0,0.0,0.0,0.0,0.0,0.0,0.0,0.0195351085646419,0.1397874440799196,2.9731077160372517e-05,0.0,0.03688452186864812,0.011540091289882813,0.0,0.0,0.008491271870533572,0.0,0.0,0.02091521927871857,0.0,0.0,0.003211109209019897,0.006582003082119393,0.0,0.0,0.0,0.0010165077419054,0.057054468488135314,0.0,0.0,1.4413163494409187,0.0,0.27117292619804656,0.0003026471187863561,0.0,0.15862880827480152,0.000273678376937788,0.0,0.00028396990364714774,0.0,0.0,0.0,0.0,0.0,0.10633357723558041,0.0,0.0,0.0,0.0,0.39820399938729895,0.041750303617671944,0.0,0.03039737339114041,0.0,0.03641352020813696,0.0,0.0,0.0,0.05066804470681084,0.01175312449889677,0.0,0.0,0.0,0.012466936069719839,0.0,0.0,0.0,0.0,0.0,0.0,0.0,0.0,0.0,0.0,0.0,0.0,0.0,0.0,0.0,0.08375228561118374,0.0,0.0,0.0,0.0,0.0,0.0,0.0,0.0,0.0,0.604140720801625,0.0,0.0011273920008561512
8909,0.00022505693837671225,0.0,0.0,0.002958248423329451,0.0,0.003152980663927127,0.0,0.002965750321275341,0.0028456527566307357,0.0,0.0,0.0,0.0012570071861747966,0.0,0.0,0.007091794191515065,0.1275055764085076,0.0,0.0,0.0,0.0,0.0,0.0,0.0013278359364226023,0.0,0.0,0.00013503416302602732,0.0,0.009476121389329618,0.002965750321275341,0.0,0.0,0.0,0.0,0.0,0.0,0.0,0.0065241505802760245,0.0,0.0,0.0,0.0,0.0,0.00013391983282063448,0.0,0.0,0.0,0.0,0.0,0.035752655040242956,0.0,0.0,0.0,0.09866753255508687,0.008068211835323143,0.03174580696687198,0.008278889579177764,6.724729802581216e-05,0.0,0.0,0.0,0.0,0.0,0.0,0.0,0.04799454879049134,0.0024783949526839375,0.0,0.0015662298044473346,0.0,0.0,0.0,0.018492639262333993,0.0,0.0,0.0,0.0,0.0,0.0,0.0,0.002231550293694593,7.069587741175126e-05,0.0,0.0,0.0,0.0,0.0012878258140445202,0.0,0.0,0.0,0.0,0.0,0.0,0.0,0.0,0.0,0.0,0.0026065877950641413,0.0017504428540410953,0.00588898988752397,0.0,0.0,0.0,0.0,0.0,0.0650868835660923,0.0,0.0,0.0,0.0,0.00035008857080821897,0.0,0.0,0.002816914595081243,0.0,0.0,0.0,0.0,0.0,0.0,0.0,0.0,0.010825238735919857,0.00046153487448484753,0.0,0.0
8910,0.013341051796446363,0.04730375170586672,0.0,0.0034381095290905005,0.14283334049693874,0.0,0.03204370900659114,0.0,0.0,0.0,0.012784014143150065,0.0,0.033799388509033,0.0024892405909544128,0.0,0.0,0.0036918822620657797,0.07515201657233543,0.0,0.0,0.0,0.25795128175623744,0.0005052419021244105,0.004445512590033684,0.021512830503260718,0.0,0.0,0.0,0.010611567295294496,0.0,0.0001848445983381989,0.0,0.0,0.0,0.0,0.0,0.0,0.014131369542955305,0.0,0.0,0.0,0.0,0.0,0.0017960733471861663,0.0,0.0,0.0,0.0,0.0,0.018904279032498725,0.0,0.0,0.06024659670910295,0.031015441771618208,0.0,0.022951565377862217,0.0,0.15872671034547492,0.0007763473130204356,0.4251608813079913,0.0,0.09702548971925776,0.026837995012454496,0.05130326367697171,0.27117292619804656,0.0024783949526839375,2.998133304922338,0.0,0.0641826444886848,0.0,0.0,0.0,0.009778015430434665,0.0,0.0,0.0,0.019664267191266183,0.3879421816588559,0.015851483685156584,0.0,0.0,0.0,0.0,0.0,0.5346580296243177,0.0,0.0041864645987798165,0.0,0.005015035717288323,0.0,0.2836545496394605,0.0,0.10046366078317914,0.03385504795913831,0.015871079250416614,0.0,0.0,0.034570493134528694,0.0,0.0,0.0,0.00034504325023130465,0.0,0.0060444183656591065,0.0,0.19646035404401468,0.0,0.0,0.0,0.0,0.0,0.0,0.0,0.022211876425189927,0.0,0.0,0.0,0.0,0.0,0.0,0.0,0.0,0.0,0.0383659683707826,0.0,0.0
8911,0.0,0.0,0.00014561754282480785,0.0,0.0,0.001061932673766187,0.0,0.0,0.0006016028946167882,0.0,0.0,0.057873628396090095,0.009470028164088252,0.0,0.0,0.0,0.014899719242513751,0.0,0.0,0.0,0.0,0.0,0.03072314780933508,0.00010440431252310716,0.0,0.0,0.0,0.005569852001149716,0.0,0.0007134803117090115,0.000990564476269069,0.0,0.0013324024499615304,0.0,0.004644714024492783,0.0,0.0,0.0,0.017883252584756454,0.009221392801302856,0.0,0.003990567511958976,0.0,3.560554338663014e-05,0.0,0.0,0.0,0.0,0.0,0.01016903448748666,0.003765673726685706,0.0,0.0,0.014182732401549793,0.004877603910791294,0.01631275900207775,0.007882519528209349,0.0,0.0,0.0,0.0,0.02350168948665453,0.009524114122552581,0.006316811073310185,0.0003026471187863561,0.0,0.0,0.017466353222007985,0.0,0.0,0.0003277535916871851,0.0,0.00034007858747486477,0.0,0.004424907839671716,0.0,0.0,0.0,0.0,0.0,0.0,0.007598807634779014,0.016346502097888054,0.0014975973604394945,0.0,0.0,0.0,0.0,0.0,0.0,0.006272326488286874,0.0,0.002051254566420156,0.0,0.0,0.0,0.0014784582669512241,0.0,0.0,0.0,0.0,0.0,0.0,0.0,0.0,0.0,0.0,0.002495995600732491,0.0,0.0,0.0,0.0,0.0,0.0,0.0,0.0,0.0001674713789112891,0.0,0.0,0.0,0.005746361688893606,0.0011958503150384238,0.0,0.001142116276324982,0.0,0.0
8912,0.13806209173223064,0.07302781901069862,0.0,0.0,0.0,0.002726400029963879,0.04946927246522412,0.0,0.011046159204870018,0.0,0.0,0.0,0.004879408236932082,0.0,0.0,0.0,0.0,0.0,0.002527741347026371,0.0,0.0,0.002029245155193401,0.008835671613237934,0.0,0.0,0.4872155295876464,0.06703349181808185,0.0,0.036784089438637056,0.0,0.0,0.0,0.0020754931352556516,0.0,0.0,0.0,0.010108470085689861,0.0,0.0,0.0,0.0,0.10558980653176765,0.011045726574552566,0.000519845504894913,0.0,0.0,0.006525215816854849,0.0017248583819143913,0.0,0.17040845782053876,0.0,0.0,0.0,0.02025345668114588,0.049391817285790236,0.02043742379103703,0.32089259998191244,0.00026103830074122246,0.0,0.012020459148472022,0.0008683652406368975,0.0024773701269652773,0.04277742356223885,0.07920228986817088,0.0,0.0015662298044473346,0.0641826444886848,0.0,2.1186836022043667,0.0,0.0,0.04752970291820767,0.0,0.0,0.0,0.0,0.030357815049238575,0.12288801442425572,0.03804280943501298,0.0,0.0,0.38840648716132004,0.0,0.0,0.0,0.0,0.01465891612551122,0.0,0.0,0.0,0.02034881947291161,0.0,0.0,0.9784637571473658,0.02450186848203275,0.0,0.0,0.0052551068873026045,0.0,0.0,0.0,0.0,0.001643124896496879,0.0,0.0,0.23944370123878095,0.0,0.0,0.030573931004488884,0.0,0.0020856130761709958,0.0,0.00017755895107942262,0.012848295292682761,0.0,0.0,0.0,0.0,0.0,0.0,0.0,0.0,0.0,0.015278108282051681,0.0,0.0
8913,0.0,0.0,0.0,0.0,0.0,0.0,0.0,0.0,0.0,0.0,0.0,0.0012876906790923479,0.0,0.0,0.0,0.0,0.0,0.0,0.0,0.0034643033108484465,0.0,0.0,0.028217689213291517,0.0,0.0,0.0,0.0,0.0,0.0,0.0,0.0039586103779838955,0.13968990432978778,0.0,0.0,0.0,0.0,0.0,0.06018051795603592,0.0,0.046103959034988894,0.0,0.0,0.0,0.0,0.0053750701249854795,0.0,0.16233242719042307,0.0,0.01961443673120667,0.0,0.0,0.0020769204501489484,0.0,0.0,0.0,0.0,0.0,0.0,0.0,0.0958775520839841,0.011007680408754857,0.05804966270651963,0.12840096668415846,0.25350622067108486,0.15862880827480152,0.0,0.0,0.0,0.0,0.9945576795435692,0.0,0.0,0.0,0.0,0.0,0.0,0.0,0.0,0.0,0.0,0.31131150623633025,0.0,0.022173202725790177,0.13183755758814827,0.0,0.0,0.15049870296819326,0.0,0.0,0.0,0.0,0.05134720382287446,0.0,0.0,0.045480835221801505,0.010216709361419177,0.0,0.0,0.0,0.00018276899961310747,0.0,0.0,0.0,0.0,0.0,0.0,0.0,0.0,0.0,0.0,0.0,0.0,0.0,0.013869674766094678,0.0,0.0,0.0,0.0,0.0,0.0,0.0,0.0,0.0,0.0,0.0,0.0
8914,0.0,0.0,0.00013167933973326455,0.0,0.0,0.0,0.0,0.0,0.0004474620823537892,0.0,0.0,0.0,0.004891123813477905,0.0,0.0,0.0,0.025646834516599524,0.17354660633491523,0.0,0.04285452715556568,0.0,0.0,0.0,0.0,0.0,0.0,0.0,0.012192564077991809,0.0,0.0006451874859031112,0.0008957497405052792,0.0,0.0001424118251033739,0.0,0.0,0.0,0.0,0.0,0.0,0.0,0.0,0.0,0.0,0.004596711659550444,0.0,0.0,0.08271300208319834,0.0,0.0,0.009195676022689447,0.0,0.0,0.0,0.0,0.0,0.0,0.007128021437348002,0.0,0.0,0.0,0.0,0.0,0.0,0.0,0.000273678376937788,0.0,0.0,0.0003277535916871851,0.0,0.0,0.35650792180210145,0.011033231539010549,0.00030752698464351757,0.0,0.0,0.0,0.06829899672842725,0.023176648004313977,0.0,0.0,0.0023399870452711553,0.11450906217075457,0.018525948479681895,0.0,0.0,0.0,0.003686242269969962,0.0,0.025977496645953942,0.0,0.0,0.0,0.0,0.0,0.045407399739683295,0.0033329420743500337,0.0,0.0,0.0,0.0,0.0,0.0,0.0,0.0,0.0,0.1971616240005795,0.0,0.0,0.0,0.0,0.0,0.0,0.0,0.0,0.0,0.0,0.0,0.0,0.0,0.0,0.0,0.0,0.0,0.0010327953229235984,0.0,0.0
8916,0.012629815956147851,0.0,0.0,0.0,0.0,0.0,0.0,0.0,0.0,0.0,0.018662387960251502,0.0,0.1966515299803859,0.0,0.0,0.0,0.0,0.0,0.0,0.0,0.0,0.0022200848360416146,0.009666619390264529,0.0,0.0,0.2130309329934914,0.0,0.0,0.0,0.0,0.0,0.039294778195114566,0.0,0.0,0.235527072169213,0.0,0.0,0.0,0.0,0.0,0.0,0.017057651823586404,0.0005396039532045591,0.0,0.001233131194795023,0.0,0.0,0.0018870721106353724,0.0,0.0,0.0,0.0,0.0,0.0020227439617268046,0.04570599656200674,0.010563903678164682,0.0,0.0,0.0,0.013150919202385397,0.0,0.002710353570667471,0.0,0.0,0.0,0.0,0.0,0.0,0.04752970291820767,0.0,0.011033231539010549,0.8525620601252343,0.11038028011945693,0.06479315350349767,0.0,0.0,0.09736239959158778,0.004986195764675309,0.13423059465422196,0.0,0.0,0.0,0.11122019981694656,0.0,0.0,0.0,0.0012765487807239282,0.0,0.03703175053784924,0.0,0.022262517383639525,0.0,0.0,0.22847124246123512,0.0,0.0,0.0,0.0,0.0,0.0,0.0,0.0,0.001797652026961474,0.0,0.0,0.0,0.0,0.0,0.0,0.0,0.0022817538592649926,0.0,0.00019425742315364128,0.002093663338433689,0.0,0.0,0.0,0.06244045755544522,0.0,0.0,0.0,0.0,0.0,0.0,0.0,0.5168605630459312
8955,0.0,0.0,0.0001366310697789444,0.0,0.014075086534492081,0.0,0.04474465003979138,0.0,0.00046428865091026876,0.0,0.019198588315101062,0.0,0.005075051867745179,0.0,0.11907924534476601,0.0,0.017662675087867393,0.0,0.0,0.15701399182135925,0.0,0.0,0.1697896894985674,0.0,0.0,0.2191516535630311,0.0,0.0,0.0,0.0006694494108604706,0.0009294339229476783,0.04042378023155445,0.00014776714443177376,0.0,0.0,0.0,0.0,0.016540376640329802,0.2760685570485437,0.0,0.0,0.0,0.0,3.3408223958487974e-05,0.001268561032907564,0.0,0.0,0.0,0.0,0.22114390916988988,0.0,0.0,0.0,0.00849416459805664,0.0,0.1252467812031008,0.007396066811732954,0.0,0.0,0.002243378745126903,0.0,0.0,0.0,0.0,0.00028396990364714774,0.018492639262333993,0.009778015430434665,0.00034007858747486477,0.0,0.0,0.00030752698464351757,0.11038028011945693,3.8739765977093854,0.0,0.0,0.0,0.0,0.0,0.0,0.0,0.0,0.0,0.10267299160916417,0.0,0.0,0.0,0.007344760549114109,0.3832441188574806,0.0,0.0,0.0,0.0,0.0,0.0,0.0,0.0,0.0,0.01028377484925025,0.0,0.0,0.0,0.0,0.0,0.0,0.0,0.0,0.0,0.0,0.0,0.0,0.0,0.0,0.0,0.0,0.0,0.0,0.0,0.0,0.0,0.0,0.0,0.0,0.0,0.0010716330300530373,0.0,0.0
8956,0.0,0.0,0.0,0.0,0.0,0.0,0.0,0.0,0.0,0.0,0.0,0.0,0.15540450577523088,0.0,0.0,0.0,0.0,0.0,0.0,0.0,0.0,0.0,0.0,0.0,0.0,0.0,0.0,0.0,0.0,0.0,0.0,0.0,0.0,0.0,0.0,0.0,0.0,0.0,0.0,0.0,0.0,0.0,0.0,0.0,0.0,0.0,0.0,0.0,0.0,0.0,0.0,0.0,0.0,0.0,0.0,0.0,0.0,0.0,0.0,0.04290004768713658,0.07556232479404959,0.0,0.0,0.0,0.0,0.0,0.0,0.0,0.0,0.0,0.0,0.06479315350349767,0.0,0.8121609455830213,0.0727890227261631,0.31625575391367405,0.16024153278917574,0.0,0.0,0.00960827640051656,0.0,0.0,0.06998793825745837,0.0,0.0,0.0,0.0,0.0,0.20383481132730716,0.0,0.0,0.016236174234533267,0.0,0.0,0.0,0.0,0.0,0.0,0.0,0.0,0.0,0.0,0.0,0.0,0.0,0.0,0.0,0.0,0.0,0.0,0.0,0.0,0.0,0.0,0.0,0.0,0.0,0.0,0.0,0.0,0.0,0.0,0.0,0.0,0.0,0.0
8957,0.0,0.0,0.0,0.0,0.0,0.0,0.0,0.0,0.0,0.0,0.0,0.004545499121556542,0.0013661143758047548,0.0,0.0,0.0,0.005012020139067186,0.0,0.0,0.0,0.0,0.0,0.010334760880363161,0.0,0.0,0.0,0.0,0.0,0.0,0.0,0.0,0.0,0.0003952225223816591,0.0,0.0015624052944931959,0.0,0.0,0.0,0.0057602142237540704,0.0031019246522783223,0.0,0.0,0.0,0.0,0.0,0.0,0.0,0.0,0.0,0.0,0.0,0.0,0.0,0.0047708375752975336,0.001640745616301587,0.005487343439927088,0.0,0.0,0.0,0.0,0.0,0.0,0.0,0.0021248712005107464,0.0,0.0,0.0,0.004424907839671716,0.0,0.0,0.0,0.0,0.0,0.0727890227261631,0.008867813220544503,0.032061990875148924,0.016245277749187825,0.0,0.0,0.0,0.0,0.0006865781012420804,0.0,0.0,0.0,0.0,0.0,0.0,0.0,0.0,0.002109907318817009,0.0,0.0,0.0,0.0,0.0,0.0004973290092330454,0.0,0.0,0.0,0.0,0.0,0.0,0.0,0.0,0.0,0.0,0.0,0.0,0.0,0.0,0.0,0.0,0.0,0.0,0.0,5.6334613435247626e-05,0.0,0.0,0.0,0.001932981423496934,0.00040226434906106504,0.0,0.0,0.0,0.0
8958,0.0,0.0,0.0,0.0,0.0,0.0,0.0,0.0,0.0,0.0,0.0,0.0,0.0,0.0,0.0,0.0,0.0,0.0,0.0,0.001326307757467164,0.0,0.0,0.0,0.0,0.0,0.0,0.0,0.0,0.0,0.0,0.0,0.0,0.42401310121816566,0.0,0.0,0.0,0.0,0.0,0.0,0.0,0.027857084188195345,0.0,0.0,0.031891462837215674,0.0,0.0,0.0,0.0,0.0,0.0,0.0,0.0,0.0,0.102021578925278,0.0003096258527885017,0.009644614250292585,0.0,0.0,0.0,0.0,0.0,0.0,0.0,0.0,0.0,0.0,0.0,0.0,0.0,0.0,0.0,0.0,0.0,0.31625575391367405,0.032061990875148924,1.007219864406739,0.07058293091026434,0.0,0.0,0.007920876293723761,0.0,0.0016313123288707629,0.0,0.0,0.0,0.0,0.0,0.0,0.0009658478094447294,0.0,0.0,0.0,0.0,0.0,0.0,0.0,0.0,0.0,0.0,0.0,0.0,0.0,0.0,0.0,0.0,0.0,0.0,0.0,0.0,0.0,0.0,0.0,0.0,0.0,0.0,0.0,0.0,0.0,0.0,0.0,0.0,0.0,0.0,0.0,0.0,0.0
8959,0.0,0.022374250186512255,0.0,0.0,0.0,0.0,0.015156386890309764,0.0,0.0,0.0,0.0,0.0,0.0,0.0,0.0,0.0,0.0,0.0,0.0,0.0,0.0,0.0,0.0,0.0,0.0,0.0,0.0,0.0,0.0,0.0,0.0,0.0,0.0,0.0,0.0,0.0,0.0,0.0,0.0,0.0,0.0,0.0,0.0,0.0,0.0,0.0,0.0,0.0,0.0,0.0,0.0,0.0,0.0,0.0,0.0,0.0029164221430833786,0.0,0.0,0.0,0.0,0.0,0.0,0.012694130872468453,0.02426598346851229,0.0,0.0,0.019664267191266183,0.0,0.030357815049238575,0.0,0.06829899672842725,0.09736239959158778,0.0,0.16024153278917574,0.016245277749187825,0.07058293091026434,0.6477665365030003,0.0,0.0,0.0,0.0,0.0,0.163481641105278,0.0,0.0,0.0,0.0,0.0,0.2292375900831787,0.0,0.0,0.0,0.0,0.0,0.007506878103174722,0.0,0.0,0.0,0.0,0.0,0.0,0.0,0.0,0.0,0.0,0.0,0.0,0.0,0.0,0.0,0.0,0.0,0.0,0.0,0.0,0.0,0.0,0.0,0.0,0.0,0.0,0.0,0.0,0.0,0.0,0.0
8960,0.03289072728519564,0.0,0.0,0.0,0.0,0.0,0.0,0.0,0.0,0.0,0.0,0.0,0.04632310427622995,0.0,0.0,0.0,0.0,0.0,0.0,0.0,0.0,4.884287346247144e-05,0.0002126700115345111,0.0,0.0,0.0,0.0,0.2913635749113757,0.0,0.0,0.0,0.0,0.0,0.0,0.0,0.0,0.0,0.0,0.0,0.0,0.0,0.05483714172459419,1.1871531744350698e-05,0.109077398940938,0.0,0.08599528426091053,0.0,4.151644244310073e-05,0.0,0.0,0.0,0.0,0.0,0.011181897122506612,0.001005552657408631,0.00023241067289225998,0.0,0.0,0.1958522179537833,0.00028932618794088986,0.0,5.9629008018767224e-05,0.0,0.0,0.0,0.0,0.3879421816588559,0.0,0.12288801442425572,0.0,0.023176648004313977,0.004986195764675309,0.0,0.0,0.0,0.0,0.0,2.4606754346805775,0.005079579668879574,0.0,0.05591826185167816,0.0,0.0,0.0,0.0,0.0,2.808465224092108e-05,0.0,0.0,0.0,0.000489785481109783,0.0,0.0,0.008645852170433213,0.0,0.0796467348084758,0.0,0.5444756134951753,0.0,0.0,0.0,0.0,3.954916003975118e-05,0.0,0.0,0.14489751984973065,0.0,0.0,0.0,0.0,5.01996199475401e-05,0.0,4.273751427966252e-06,4.606154316808071e-05,0.0,0.0,0.0,0.0,0.0,0.0,0.0,0.0,0.0,0.0,0.0,0.0
8962,0.013532196493715423,0.0,0.0,0.008338988909324772,0.0,0.0,0.0,0.0,0.0,0.0,0.0047446936579102796,0.01735293335580624,0.0,0.000944334164074501,0.0,0.0,0.008629103848247891,0.0,0.0,0.0,0.0,0.0,0.03524555354172719,0.0016864779687617633,0.008161244390757721,0.0,0.0,0.0021332525236853047,0.0,0.0,7.012382406493817e-05,0.02759148282813895,0.0,0.00471812762399141,0.0,0.0,0.0,0.005360966349764524,0.0,0.0,0.0,0.0,0.0,0.0006813698238309826,0.0,0.0005924225563908133,0.0014212828146595742,0.0,0.0,0.0,0.0,0.0,0.0,0.011334347429696174,0.0,0.020694940422800158,0.0,0.0,0.00029452006107274034,0.0,0.01334087573477762,0.0,0.0,0.0,0.10633357723558041,0.0,0.015851483685156584,0.0,0.03804280943501298,0.0,0.0,0.13423059465422196,0.0,0.0,0.0,0.0,0.0,0.005079579668879574,3.9256971608124864,0.0,0.0,0.0,0.023777028709414744,0.3784137975547415,0.0,0.0,0.160420469553244,0.0,0.19217035415232356,0.1224550731746487,0.0,0.0,0.08752106346719954,0.24760248981708738,0.0,0.003166775157769902,0.0,0.0,0.0,0.0,0.0,0.00013089780492121794,0.0,0.002293049046923479,0.0,0.0,0.0,0.0,0.0,0.0,0.0,0.0,0.0,0.0,0.0,0.0,0.0,0.0,0.0,0.0,0.0,0.0,0.0,0.0,0.0,0.007265810276811095
8963,0.0,0.0,0.0,0.0,0.0,0.0,0.0,0.0,0.0,0.0,0.0,0.0,0.0,0.0,0.0,0.0,0.0,0.0,0.0,0.00327092301625715,0.0,0.0,0.0,0.0,0.0,0.0,0.0,0.0,0.0,0.0,0.0,0.0,0.0,0.0,0.0,0.0,0.0,0.0,0.0,0.0,0.06870078028570767,0.0,0.0,0.07865031266616931,0.0,0.0,0.0,0.0,0.0,0.0,0.0,0.0,0.0,0.0,0.0007635952686035856,0.023785422769786315,0.0,0.0,0.0,0.09051363564563053,0.0,0.0,0.0,0.0,0.0,0.0,0.0,0.0,0.0,0.0,0.0,0.0,0.0,0.00960827640051656,0.0,0.007920876293723761,0.0,0.0,0.0,2.2765884524263105,0.0,0.0040231213405532195,0.0062576195028841925,0.0,0.0,0.0,0.0,0.0,0.05441659199427856,0.0,0.0,0.03425625933241493,0.0,0.0,0.0,0.0,0.0,0.0,0.0,0.0,0.0,0.0,0.0,0.0,0.0,0.0,0.0,0.0,0.0,0.0,0.0,0.0,0.0,0.0,0.0,0.0,0.0,0.0,0.0,0.0,0.0,0.0,0.0,0.0,0.0,0.0
8964,0.0,0.0,0.0,0.0,0.0,0.0005410543824308377,0.0,0.0,0.0,0.0,0.0,0.0,0.0,0.0,0.0,0.0,0.005309730909587134,0.0,0.0,0.0,0.0,0.000703026076534337,0.0,0.0,0.0,0.0,0.0,0.029416979997694524,0.0,0.0,0.0,0.0,0.0,0.0,0.00038138015916568607,0.0,2.69952823505832e-05,0.0,0.009850406219414933,0.0,0.0,0.0,0.0,0.013834664730579649,0.0,0.0,0.0,0.0,0.0,0.0,0.0,0.0,0.0,0.005424705397786856,0.0,0.0,0.0,0.0,0.0,0.05938311968669883,0.0,0.0,0.0,0.0036610197809067513,0.0,0.002231550293694593,0.0,0.0,0.0,0.31131150623633025,0.0023399870452711553,0.0,0.0,0.0,0.0,0.0,0.0,0.05591826185167816,0.0,0.0,0.19897744428872466,0.0,0.0,0.0,0.0,0.0,0.0932135030233636,0.0,0.0,0.0,0.004586900528760796,0.0,0.0,0.0,0.0,0.00804138405240008,0.0,0.0,0.0,0.0,0.0,0.0,0.0,0.0,0.0,0.003658279169991136,0.0,0.0,0.0,0.0,0.0,0.0,0.0,0.0,0.0,0.0,0.0,0.0,0.0,0.0,0.0,0.0,0.0,0.006614992911312058,0.0,0.0
9000,0.0,0.0,0.0,0.026983269750652312,0.0,0.0019326831584921627,0.008213389110682125,0.0,0.0004985972778711973,0.0,0.1637914344642917,0.020079458202466517,0.0008503863113834648,0.0,0.0,0.0,0.0023118720925324695,0.05932690942842501,0.0,0.0006736498394041854,0.0,0.011904296834096134,0.03850682420970071,0.0,0.008434938830857575,0.0,0.0,0.009491482491755127,0.0016603460553953604,0.0,0.0,0.017751776831214594,0.00018230252362962392,0.0,0.0007206836958632127,0.0,0.20942435154641303,0.04094156918677021,0.0026569882285796416,0.0014308108981532178,0.014148993839471883,0.006800252800991315,0.07963296330406817,0.016221574487584784,0.0027441930907185605,0.0006300769683817674,0.0,0.0,0.0,0.12680997924278223,0.0,0.014955017096328415,0.0,0.002200622891030204,0.001257793456714432,0.007429753754248583,0.12392076578905277,1.1782646235291877e-05,0.0,0.0,0.0,0.044811155796211095,0.016229867943533482,0.09362954954210097,0.0,7.069587741175126e-05,0.0,0.007598807634779014,0.38840648716132004,0.0,0.11450906217075457,0.0,0.0,0.0,0.0006865781012420804,0.0016313123288707629,0.0,0.0,0.0,0.0040231213405532195,0.0,4.363964871793038,0.027855773983135768,0.0025520281550346483,0.0,0.0,0.0,0.0,0.0004905673046532223,0.0,0.000973227503653026,0.0,0.0034955052305323062,0.0,0.015522520138122158,0.0,0.00022940072572547336,0.0,0.06618843703195278,0.0,0.0,0.0,0.0,0.0,0.0,0.13661456412232081,0.0,0.00425338025839108,0.08831793457132325,0.0,0.0,0.0,0.0,0.0004935619589672264,0.0,0.0,2.5985214949434146e-05,0.0,0.0,0.0,0.0008916176879524593,0.00018555067549830322,0.0,8.086722159777245e-05,0.0,0.0
9001,0.3083844778844193,0.0,0.0004745477752264289,0.0,0.0,0.005322469607011789,0.35593303757843575,0.0012540330942295366,0.0,0.0,0.0,0.07528449760005772,0.20341641777713113,0.0,0.0,0.0,0.0,0.0,0.0,0.012008085112538315,0.0,0.01913822353624642,0.0,0.0,0.0,0.13194482568078836,0.0,0.0279164289074322,0.0,0.004340097270004957,0.013721468959531193,0.14296459686312576,0.0,0.0,0.0,0.0,0.0,0.0,0.0,0.0,0.0,0.020000961286748005,0.0,0.0,0.018631249563099018,0.0,0.0,0.0,0.06798822290336443,0.0,0.0,0.007199091794087719,0.00047394632050497585,0.0,0.0,0.0,0.0,0.0,0.0,0.04578522451860344,0.1547299104456889,0.1177918629836683,0.0477354254212909,0.38509840042447063,0.0,0.0,0.0,0.016346502097888054,0.0,0.022173202725790177,0.018525948479681895,0.11122019981694656,0.10267299160916417,0.06998793825745837,0.0,0.0,0.163481641105278,0.0,0.023777028709414744,0.0062576195028841925,0.0,0.027855773983135768,2.460806576979362,0.007506046881683292,0.0,0.0,0.05842582141569104,0.0,0.07824218865459719,0.0,0.0,0.010574196276949213,0.010281009668244993,0.0,0.0,0.07216746402254524,0.0,0.0,0.0,0.0006335200778797193,0.0,0.0,0.0,0.0,0.0,0.0,0.0,0.012510078136138818,0.0,0.0,0.0,0.0,0.0,0.04807553500091779,0.0,5.292801548786533e-05,0.0,0.0,3.488437384427487e-05,0.0,0.0,0.0,0.0,0.002073815879569996,0.0,0.0
9002,0.0,0.0,0.0,0.0,0.0,0.0008133122483826628,0.0,0.0,0.0,0.0,0.0,0.004845658249733726,0.0,0.0,0.0,0.0,0.0,0.0,0.0,0.0,0.002446451154575744,0.0,0.0,0.0,0.0,0.0,0.0,0.002557585102568747,0.0,0.0,0.0,0.0,0.00039415046379275877,0.005317759258629251,0.0,0.0,0.0,0.0,0.0,0.0,0.0,0.0018324034493689173,0.0,0.0,0.0,0.0,0.0,0.0,0.0,0.0,0.0,0.0,0.0,0.0,0.0,0.0,0.0,0.0,0.0,0.0,0.0,0.01278650691072173,0.004373317709335369,0.0,0.39820399938729895,0.0,0.0,0.0014975973604394945,0.0,0.13183755758814827,0.0,0.0,0.0,0.0,0.0,0.0,0.0,0.0,0.3784137975547415,0.0,0.0,0.0025520281550346483,0.007506046881683292,0.47734590914740244,0.0,0.0,0.0,0.0,0.0,0.04734622302425269,0.0,0.0,0.0009419026070296635,0.0,0.0,0.0,0.0,0.0010641559137393257,0.0,0.0,0.0,0.0,0.0,0.0,0.0,0.0,0.0,0.0011461204289077763,0.0,0.0,0.0,0.0,0.0,0.0,0.0,0.0,0.0,0.0,0.0,0.0,0.0,0.0,0.0,0.0,0.0,0.0
9004,0.0,0.0,0.0,0.0,0.06409779929091122,0.0,0.0,0.0,0.0,0.0,0.0,0.17535289252908756,0.0,0.0,0.0,0.0,0.0,0.0,0.0,0.0,0.0,0.0,0.0,0.0,0.0,0.0,0.0,0.0,0.0,0.0,0.0,0.0,0.0,0.0,0.0,0.0,0.0,0.0,0.0,0.0,0.0,0.0,0.014927253682456818,0.0,0.0,0.0,0.0,0.0,0.0,0.0,0.0,0.0,0.030046404166026774,0.0,0.0,0.0,0.0,0.0,0.0,0.0761420745808116,0.0,0.04838890888040838,0.0,0.0,0.041750303617671944,0.0,0.5346580296243177,0.0,0.0,0.0,0.0,0.0,0.0,0.0,0.0,0.0,0.0,0.0,0.0,0.0,0.0,0.0,0.0,0.0,2.442246375602984,0.0,0.0,0.0,0.0,0.026878733940372004,0.0,0.0,0.04896451049278437,0.016884313963029095,0.0,0.0,0.0,0.0,0.0,0.0,0.0,0.0,0.0,0.0,0.0,0.0,0.0,0.0,0.0,0.0,0.0,0.0,0.0,0.0,0.0,0.0,0.0,0.0,0.0,0.0,0.0,0.0,0.0,0.047781727751786414,0.0,0.0
9155,0.0,0.0,0.0,0.0,0.0,0.0,0.0,0.0,0.0,0.0,0.0,0.0,0.0,0.0,0.0,0.0,0.0,0.0,0.0,0.0,0.0,0.0,0.0,0.0,0.0,0.0,0.0,0.0,0.0,0.0,0.0,0.0,0.0,0.0,0.0,0.0,0.0,0.0,0.0,0.0,0.0,0.0,0.0,0.0,0.0,0.0,0.0,0.0,0.0,0.0,0.0,0.0,0.0,0.0,0.0,0.0,0.0,0.0,0.0,0.0,0.0,0.0,0.0,0.0,0.0,0.0,0.0,0.0,0.0,0.0,0.0,0.0,0.0,0.0,0.0,0.0,0.0,0.0,0.0,0.0,0.0,0.0,0.0,0.0,0.0,0.0,0.0,0.0,0.0,0.0,0.0,0.0,0.0,0.0,0.0,0.0,0.0,0.0,0.0,0.0,0.0,0.0,0.0,0.0,0.0,0.0,0.0,0.0,0.0,0.0,0.0,0.0,0.0,0.0,0.0,0.0,0.0,0.0,0.0,0.0,0.0,0.0,0.0,0.0,0.0,0.0
9330,0.0012764753616099308,0.0,0.0,0.0011902327640739589,0.0,0.0009859916388778357,0.025461836570262242,0.0011932511058256258,0.0,0.0,0.0,0.0,0.0,0.0,0.0,0.00285333906924239,0.019034013671124943,0.0,0.045864085447555665,0.012604272692813437,0.0,0.00020846339807694,0.0009076843791266762,0.0005342464900450314,0.0,0.0,5.4330151530003195e-05,0.0,0.0,0.0011932511058256258,0.0,0.0,0.0,0.0,0.0,0.0,0.1834110662863258,0.002624951210032932,0.0,0.0,0.0,0.001601693775224489,5.066818703258958e-05,0.0,0.0,0.0,0.14272279624426495,0.00017719388836539898,0.0,0.0,0.0,0.0,0.0,0.00018993331824787866,0.006748670393765813,0.02390134330767883,0.0,0.0,0.0,0.031219290509502708,0.015755875356119817,0.00025449906515226427,0.0,0.0,0.03039737339114041,0.0012878258140445202,0.0041864645987798165,0.0,0.01465891612551122,0.15049870296819326,0.003686242269969962,0.0012765487807239282,0.007344760549114109,0.0,0.0,0.0,0.0,2.808465224092108e-05,0.160420469553244,0.0,0.0932135030233636,0.0,0.05842582141569104,0.0,0.0,0.0,0.3423661607046141,0.0,0.05581952798373088,0.0,0.0020904246307159816,0.0,0.025422154592590483,0.0,0.0,0.0,0.0,0.09535021120686303,0.0007042797420555969,0.002369398275058473,0.0,0.0,0.00016879744594285555,0.0,0.0,0.0,0.0,0.0,0.0,0.0,0.000355109996434641,0.0,1.8240547331732246e-05,0.00019659256568644757,0.0,0.0,0.0,0.0,0.0,0.0,0.0,0.0,0.004355467147655256,0.0,0.0,0.0
9337,0.0,0.0,0.0,0.0,0.0,0.0,0.0,0.0,0.0,0.0,0.0,0.0,0.0,0.0,0.0,0.0,0.0,0.0,0.0,0.0,0.0,0.0,0.0,0.0,0.0,0.0,0.0,0.0,0.0,0.0,0.0,0.0,0.0,0.0,0.0,0.0,0.0,0.0,0.0,0.0,0.0,0.0,0.0,0.0,0.0,0.0,0.0,0.0,0.0,0.0,0.0,0.0703753163404917,0.0,0.0,0.0,0.0,0.0,0.0,0.0,0.0,0.0,0.0,0.0,0.0,0.0,0.0,0.0,0.0,0.0,0.0,0.0,0.0,0.3832441188574806,0.0,0.0,0.0,0.0,0.0,0.0,0.0,0.0,0.0,0.0,0.0,0.0,0.0,0.0,2.517522949217565,0.0,0.37472993421693507,0.0,0.0,0.0,0.0,0.0,0.07830177729906106,0.0,0.0,0.0,0.0,0.0,0.0,0.0,0.0,0.0,0.0,0.0,0.0,0.0,0.0,0.0,0.0,0.0,0.0,0.0,0.0,0.0,0.0,0.0,0.0,0.0,0.0,0.0,0.0,0.0,0.0
9390,0.0,0.0,0.0,0.0,0.0,0.0,0.0,0.0,0.0,0.0,0.0,0.013159645714469873,0.20313519236650246,0.0018222127770731239,0.006344000038699024,0.0,0.0,0.0,0.0,0.00039884650548293135,0.0,0.008193594148714746,0.0,0.0,0.0,0.0,0.0,0.0,0.0,0.0,0.012601587544042617,0.0,0.03153677210868551,0.0,0.0,0.0,0.0,0.025073152342739626,0.00526786093025776,0.0,0.014360415775870685,0.0,0.0,0.03911641768710285,0.0,0.0,0.0,0.0,0.0,0.0130070640253278,0.0,0.0,0.0,0.005663865137901792,9.311050824862858e-05,0.0029003228464908634,0.0,0.0,0.0,0.23232971685342596,0.35237230795625124,0.036392835075090044,0.01966234511828719,0.0,0.03641352020813696,0.0,0.005015035717288323,0.0,0.0,0.0,0.025977496645953942,0.03703175053784924,0.0,0.20383481132730716,0.0,0.0009658478094447294,0.2292375900831787,0.0,0.19217035415232356,0.05441659199427856,0.0,0.0004905673046532223,0.07824218865459719,0.0,0.0,0.0,0.05581952798373088,0.0,3.4298136573807176,0.02955712682670462,0.09848043520503694,0.08792870791663636,0.030453622689040685,0.0,0.0,0.0,0.0,0.0,0.0,0.0020311084217111363,0.0,0.0,0.0,0.0,0.0,0.0,0.0,0.00026087403398728827,0.0,0.0,0.0,0.0,0.0,0.0,0.0,0.0,0.0,0.0,0.0,0.0,0.0,0.0,0.0,0.02356446432588553,0.0,0.0
9401,0.017390777803045113,0.0,0.00024458411067450884,0.00022415879076480172,0.015002995854377695,0.0,0.0,0.0,0.0,0.0,0.0,0.08601194860919041,2.188055898724357e-05,0.01536103658179791,0.05356013805598908,0.02812794842685329,0.0,0.0002149596008818038,0.0,0.01855007695441136,0.0,0.001972712849972242,0.0,0.0,0.0,0.0,0.0,0.0,0.0,0.0,0.05676076155478718,0.00011101395248634742,0.00018923305290392833,0.0,0.0,0.0,0.0,0.01679555954924099,0.0,0.0,0.00021740232361909702,0.0,0.007321933263227162,0.00017265372198485302,0.0,0.0,0.0,6.293909010344883e-05,0.0,0.0,0.0,0.0,0.0,0.1997727309673826,0.0,0.0,0.0,0.1534940006020092,0.0,0.0,0.0,0.30705804164560374,0.0,0.017758956320991632,0.0,0.0,0.0,0.0,0.0,0.0,0.0,0.0,0.0,0.0,0.0,0.0,0.0,0.0,0.1224550731746487,0.0,0.0,0.0,0.0,0.04734622302425269,0.026878733940372004,0.0,0.0,0.37472993421693507,0.02955712682670462,0.4620549139881566,0.0,0.0,0.0,0.0,0.0,0.02545584908222673,0.0,0.0,0.0,0.01712200197477298,0.0,0.0,0.0,0.0,0.0,0.025659140782600513,0.0,0.0,0.0,0.0,0.0,9.62536704141926e-05,0.0,0.000700021969119201,0.0,0.0,0.0,0.0,0.0,0.0,0.0,0.0,0.0,0.023485641363252097,3.9707237687064344e-05,0.0
9427,0.020682075573460534,0.0762967823996977,0.0,0.0,0.0,0.006344875621281453,0.0,0.0,0.0,0.0,0.0,0.016766425730596335,0.3484612131060836,0.0,0.0,0.013467411627080119,0.03512456802557138,0.0,0.0,0.0,0.0,0.011879818082511477,0.03047923416118953,0.0,0.0,0.0,0.0,0.0,0.0,0.0,0.0,0.21645246910548807,0.0005602296783848829,0.0,0.006687112838555626,0.0,0.0003165702273887774,0.0,0.12367958452327414,0.00439699195240162,0.0,0.027932920427828044,0.0008836335999403304,0.033091692067256664,0.0,0.0,0.0,0.0030901929323627554,0.0,0.0,0.0,0.0,0.0,0.010075047088881784,0.07717205477059136,0.025077354883214758,0.0,0.0,0.0,0.02153541316426005,0.0,0.004438365339128859,0.0,0.04594432561436981,0.0,0.0,0.2836545496394605,0.006272326488286874,0.02034881947291161,0.0,0.0,0.022262517383639525,0.0,0.0,0.002109907318817009,0.0,0.0,0.000489785481109783,0.0,0.0,0.004586900528760796,0.000973227503653026,0.0,0.0,0.0,0.0,0.0020904246307159816,0.0,0.09848043520503694,0.0,0.6626781860831775,0.0,0.0,0.0,0.0,0.0,0.0007049660763640508,0.020557933696642085,0.0,0.0,0.0,0.0,0.0029437622215155003,0.0,0.0,0.2219807485495342,0.0,0.0,0.0,0.0,0.0037365077940333968,0.0,0.0003181080959785189,0.0034284983677684813,0.0,0.0,7.985456440229957e-05,0.0,0.0,0.0,0.0027400097410539034,0.0005702114989351705,0.0,0.07757317678375637,0.0,0.0
9428,0.0,0.0,0.0,0.0,0.0,0.0,0.0,0.0,0.0,0.0,0.0,0.0,0.0,0.0,0.0,0.0,0.0,0.0,0.0,0.0,0.0,0.0,0.0,0.0,0.0,0.0,0.0,0.0,0.0,0.0,0.0,0.0,0.0,0.0,0.0,0.0,0.0,0.0,0.0,0.0,0.0,0.0,0.0,0.0,0.0,0.0,0.0,0.0,0.0,0.0,0.0,0.0,0.0,0.0,0.0,0.0,0.0,0.0,0.0,0.15295096619665413,0.0022214981964818743,0.0,0.025913044830818507,0.051160970441133456,0.0,0.0,0.0,0.0,0.0,0.05134720382287446,0.0,0.0,0.0,0.016236174234533267,0.0,0.0,0.0,0.0,0.0,0.03425625933241493,0.0,0.0,0.010574196276949213,0.0,0.0,0.0,0.0,0.0,0.08792870791663636,0.0,0.0,0.06824917228206956,0.0,0.0,0.00917864524294906,0.0020618695835610207,0.0,0.0,0.0,0.0,0.0,0.0,0.0,0.0,0.0,0.0,0.0,0.0,0.0,0.0,0.0,0.0,0.0,0.0,0.0,0.0,0.0,0.0,0.0,0.0,0.0,0.0,0.0,0.0,0.0,0.0
9446,0.0,0.0,0.0,0.0,0.0,0.0006678945758937614,0.0,0.0,0.0,0.0,0.0,0.006637083420847406,0.0,0.0,0.0,0.0,0.0,0.0,0.0,0.0,0.0,0.0,0.0,0.0,0.0,0.0,0.0,0.003503116564730526,0.0,0.0,0.0,0.0,0.0,0.0,0.0,0.0,0.0,0.0,0.0,0.0,0.0,0.0025098374518628805,0.0,0.0,0.0,0.0,0.0,0.0,0.0,0.0,0.0,0.0,0.024529246139379502,0.0,0.0,0.0,0.0,0.0,0.0,0.0,0.0,0.05428488838428015,0.005990120013998748,0.0,0.05066804470681084,0.0,0.10046366078317914,0.002051254566420156,0.0,0.0,0.0,0.0,0.0,0.0,0.0,0.0,0.0,0.0,0.08752106346719954,0.0,0.0,0.0034955052305323062,0.010281009668244993,0.0009419026070296635,0.04896451049278437,0.0,0.025422154592590483,0.0,0.030453622689040685,0.0,0.0,0.0,1.2202569951936626,0.013783995276279671,0.0,0.0,0.0,0.0,0.0,0.0,0.0,0.0,0.0,0.0,0.0,0.0,0.0,0.0015698376783827724,0.0,0.0,0.0,0.0,0.0,0.0,0.0,0.0,0.0,0.0,0.0,0.4492268185694274,0.0,0.0,0.0,0.0,0.0,0.0
9465,0.0,0.0,0.0,0.0,0.0,0.0,0.0,0.0,0.0,0.0,0.0,0.0,0.0,0.0,0.0,0.0,0.0,0.0,0.0,0.0,0.0,0.0,0.0,0.0,0.0,0.0,0.0,0.0,0.0,0.0,0.0,0.0,0.0,0.0,0.0,0.0,0.0,0.0,0.0,0.0,0.0,0.0,0.0,0.0,0.0,0.0,0.0,0.0,0.0,0.0,0.0,0.0,0.00845836073771707,0.0,0.0,0.0,0.0,0.0,0.0,0.0,0.0,0.01362195771425444,0.0,0.0,0.01175312449889677,0.0,0.03385504795913831,0.0,0.9784637571473658,0.0,0.0,0.22847124246123512,0.0,0.0,0.0,0.0,0.0,0.008645852170433213,0.24760248981708738,0.0,0.0,0.0,0.0,0.0,0.016884313963029095,0.0,0.0,0.0,0.0,0.0,0.0,0.0,0.013783995276279671,2.609519423277811,0.0,0.0,0.0,0.0,0.0,0.0,0.0,0.0,0.0,0.0,0.0,0.0,0.0,0.0,0.0,0.0,0.0,0.0,0.0,0.0,0.0,0.0,0.0,0.0,0.0,0.0,0.0,0.0,0.0,0.0,0.0,0.0
9553,0.0,0.018058313306305293,0.0,0.0,0.0,0.0,0.012232757780718131,0.0,0.0,0.0,0.0,0.0,0.0,0.0,0.0,0.0,0.0,0.023525480347742232,0.321960139635257,0.0,0.0,0.0,0.0,0.0,0.0,0.0,0.0,0.0,0.0,0.0,0.0,0.0,0.0,0.0,0.0,0.0,0.0,0.0,0.0,0.0,0.0,0.0,0.0,0.0,0.0,0.0,0.0,0.0,0.0,0.0,0.0,0.0,0.0,0.0,0.0,0.002353851608622582,0.0,0.0,0.0,0.0,0.001967694166331827,0.0,0.03319796919538198,0.06490101479598177,0.0,0.0,0.015871079250416614,0.0,0.02450186848203275,0.045480835221801505,0.045407399739683295,0.0,0.0,0.0,0.0,0.0,0.007506878103174722,0.0,0.0,0.0,0.0,0.015522520138122158,0.0,0.0,0.0,0.0,0.0,0.0,0.0,0.0,0.0,0.00917864524294906,0.0,0.0,1.5452278222206945,0.0018263029687510966,0.0,0.0,0.0,0.0,0.0,0.0,0.0,0.0,0.0,0.026726664431590264,0.0,0.0,0.0,0.0,0.0,0.0,0.0,0.0,0.0,0.0,0.0,0.0,0.0,0.0,0.0,0.0,0.0,0.0,0.0,0.0
9651,0.0410725963929855,0.0,0.0017875071267255173,0.0,0.0,0.0,0.0,0.0,0.0,0.0,0.0,0.0903100005855441,0.0,0.107447154919759,0.0,0.0,0.0,0.0,0.0,0.0,0.0,0.0,0.0,0.0,0.0009463273023840973,0.0023658182559602435,0.0,0.04189984322040042,0.0,0.0,0.0,0.12323216584564178,0.0,0.0,0.0,0.0,0.0,0.0,0.0,0.0,0.0,0.002722151375993761,0.0,0.040646832268445204,0.0,0.0,0.0,0.0,0.3165646604071882,0.0,0.0,0.0,0.0,0.007553093839398999,0.0,0.006297165629444796,0.0,0.0,0.0,0.0,0.02104992694476587,0.0,0.005155997366850923,0.010179653938864807,0.0,0.0,0.0,0.0,0.0,0.010216709361419177,0.0033329420743500337,0.0,0.0,0.0,0.0,0.0,0.0,0.0796467348084758,0.003166775157769902,0.0,0.00804138405240008,0.0,0.07216746402254524,0.0,0.0,0.0,0.0,0.07830177729906106,0.0,0.02545584908222673,0.0,0.0020618695835610207,0.0,0.0,0.0018263029687510966,2.636130195629089,0.0,0.0,0.0,0.0,0.0,0.0,0.0,0.0,0.0,0.0031193751819327655,0.0,0.0,0.0,0.0,0.0,0.0,0.0,0.0,0.0,0.0,0.0,0.0,0.0,0.0,0.0,0.0,0.0,0.0,0.0,0.0
11878,0.0,0.0,0.0,0.0,0.0,0.0,0.0,0.0,0.0,0.0,0.0,0.0015187504457004417,0.00045644862349478806,0.0,0.0,0.0,0.0016746252977959555,0.0,0.0,0.0,0.0,0.0,0.003453069129157414,0.0,0.0,0.0,0.0,0.0,0.0,0.0,0.0,0.0,0.00013205246903940713,0.0,0.0005220337027727119,0.0,0.0,0.0,0.0019246132681378179,0.001036420714687908,0.0,0.0,0.0,0.0,0.0,0.0,0.0,0.0,0.0,0.0,0.0,0.0,0.0,0.0015940409402975203,0.0005482089137849774,0.0018334411848366678,0.0,0.0,0.0,0.0,0.0,0.0,0.0,0.0007099658357708882,0.0,0.0,0.0,0.0014784582669512241,0.0,0.0,0.0,0.0,0.0,0.0,0.0004973290092330454,0.0,0.0,0.0,0.0,0.0,0.0,0.00022940072572547336,0.0,0.0,0.0,0.0,0.0,0.0,0.0,0.0,0.0007049660763640508,0.0,0.0,0.0,0.0,0.0,0.00016616847440370828,0.0,0.0,0.0,0.0,0.0,0.0,0.0,0.0,0.0,0.0,0.0,0.0,0.0,0.0,0.0,0.0,0.0,0.0,0.0,1.882262364926961e-05,0.0,0.0,0.0,0.0006458512739655635,0.00013440529699556582,0.0,0.0,0.0,0.0
11882,0.0,0.0,0.0,0.0,0.0,0.0050256122349587136,0.0,0.0,0.0,0.0,0.0,0.0,0.0013555116577293098,0.0,0.0,0.0,0.0024896020875717815,0.003013943123214848,0.017863836499454826,0.0,0.03775034847279651,0.010345038326754073,0.0,0.0,0.0,0.0,0.0,0.0,0.0,0.0,0.0,0.0,0.006082000587283884,0.0820565187791404,0.0,0.0,0.07143771141094915,0.0,0.0,0.0,0.0,0.0,0.0,0.0,0.0,0.0,0.04611444466542386,0.0,0.0,0.019882086568662454,0.0,0.0,0.0,0.0011972756001171194,0.0,0.026576975377561263,0.0,0.006365674521265778,0.0,0.0,0.006136836230809753,0.03078284588429889,0.0,0.0,0.012466936069719839,0.0026065877950641413,0.034570493134528694,0.0,0.0052551068873026045,0.0,0.0,0.0,0.01028377484925025,0.0,0.0,0.0,0.0,0.5444756134951753,0.0,0.0,0.0,0.0,0.0,0.0010641559137393257,0.0,0.0,0.09535021120686303,0.0,0.0,0.0,0.020557933696642085,0.0,0.0,0.0,0.0,0.0,0.0,0.8122967565579938,0.0,0.0,0.0,0.0,0.0,0.0,0.0,0.01423851278814047,0.0,0.0,0.0,0.0,0.0,0.0,0.0,0.0,0.0,0.0,0.0,0.0,0.0,0.0,0.0,0.0,0.0,0.0,0.0,0.0
11883,0.00012307801317476452,0.0,0.0,0.0016177921065082936,0.0,0.0013401828101252135,0.0,0.0016218947069474524,0.0,0.0,0.0,0.0,0.0,0.0,0.0,0.003878324948484802,0.015618599871877617,0.0,0.0,0.0,0.0,0.0,0.0,0.0007261602777311106,0.0,0.0,7.384680790485869e-05,0.0,0.0,0.0016218947069474524,0.0,0.0,0.0,0.0,0.0,0.0,0.009635627964752291,0.003567894848588451,0.0,0.0,0.0,0.0,0.0036639177940045744,0.0,0.0,0.0,0.0,0.0,0.0,0.0,0.0,0.0,0.0,0.0,0.003339516757475277,0.0,0.0,0.0,0.0,0.0,0.0,0.0,0.0,0.0,0.0,0.0017504428540410953,0.0,0.0,0.0,0.0,0.0,0.0,0.0,0.0,0.0,0.0,0.0,0.0,0.0,0.0,0.0,0.06618843703195278,0.0,0.0,0.0,0.0,0.0007042797420555969,0.0,0.0,0.0,0.0,0.0,0.0,0.0,0.0,0.0,0.0,0.0,0.004002607706145189,0.0032205413447396716,0.0,0.0,0.0,0.0,0.0,0.0,0.0,0.0,0.0,0.0,0.00019145468716074478,0.0,0.0,0.0,0.0,0.0,0.0,0.0,0.0,0.0,0.0,0.0,0.005920052433706173,0.0,0.0,0.0
11884,0.00041406960146652923,0.0,0.0,0.0054427148726100445,0.0,0.0045087578826355406,0.0,0.00545651719265893,0.0,0.0,0.0,3.679116225978138e-05,0.0,0.001055580637131269,0.0036749844403829363,0.013047793219545297,0.05254543242610256,0.0,0.0,9.89800945956699e-05,0.0,0.00011542504321364845,0.0,0.0024430106486525226,0.0,0.0,0.0002484417608799175,0.0,0.0,0.00545651719265893,0.0040077675149946266,0.0011776732358187438,0.0,0.0,0.0,0.0,0.0,0.01315208301858006,0.0,0.0,0.0,0.0,0.0,0.0,0.00015357343214244227,0.0,0.0,0.0,0.0005604124780344763,0.0,0.0,5.9340584289969954e-05,0.0,0.0,0.011235088519791825,0.0,0.0,0.0,0.0,0.0,0.0,0.021081825634699278,0.0,0.0,0.0,0.00588898988752397,0.0,0.0,0.0,0.00018276899961310747,0.0,0.0,0.0,0.0,0.0,0.0,0.0,0.0,0.0,0.0,0.0,0.0,0.0006335200778797193,0.0,0.0,0.0,0.002369398275058473,0.0,0.0020311084217111363,0.01712200197477298,0.0,0.0,0.0,0.0,0.0,0.0,0.0,0.0,0.0032205413447396716,2.2487984846352655,0.0,0.0,0.0,0.0,0.0,0.0,0.0,0.0,0.0,0.0,0.0006441082689479342,0.0,0.0,0.0003962764218884194,0.0,0.0,0.0,0.0,0.0,0.0,0.0,0.0,0.019916747830540055,0.0,0.0,0.0
11886,0.0,0.0,0.0,0.0,0.0,0.0,0.0,0.0,0.0,0.0,0.0,0.0,0.0,0.0,0.0,0.0,0.0,0.0,0.0,0.0,0.0,0.0,0.0,0.0,0.0,0.0,0.0,0.0,0.0,0.0,0.0,0.0,0.0,0.0,0.0,0.0,0.0,0.0,0.0,0.0,0.0,0.0,0.0,0.0,0.0,0.0,0.0,0.0,0.0,0.0,0.0,0.0,0.0,0.0,0.0,0.0,0.0,0.0,0.0,0.0,0.0,0.0,0.0,0.0,0.0,0.0,0.0,0.0,0.0,0.0,0.0,0.0,0.0,0.0,0.0,0.0,0.0,0.0,0.0,0.0,0.0,0.0,0.0,0.0,0.0,0.0,0.0,0.0,0.0,0.0,0.0,0.0,0.0,0.0,0.0,0.0,0.0,0.0,0.0,0.0,0.0,0.0,0.0,0.0,0.0,0.0,0.0,0.0,0.0,0.0,0.0,0.0,0.0,0.0,0.0,0.0,0.0,0.0,0.0,0.0,0.0,0.0,0.0,0.0,0.0,0.0
11887,0.0,0.0,0.0,0.00031280931540059794,0.0,0.0,0.0,0.0,0.0,0.0,0.0,0.0,0.0,0.00022647842907140065,0.0,0.0,0.00012052688675829489,0.0,0.0,0.0,0.0,0.0,4.59683940194427e-05,0.000404465808353999,0.001957300581937612,0.0,0.0,0.0,0.0,0.0,1.6817705129064406e-05,0.0,0.0,0.0,0.0,0.0,0.0,0.0012857135571169736,0.0,0.0,0.0,0.0,0.0,0.00016341203483740912,0.0,0.0,0.0,0.0,0.0,0.0,0.0,0.0,0.0,0.0027183017390277767,0.0,0.0,0.0,0.0,7.06343615420705e-05,0.0,0.0,0.0,0.0,0.0,0.0,0.0,0.00034504325023130465,0.0,0.0,0.0,0.0,0.0,0.0,0.0,0.0,0.0,0.0,0.0,0.00013089780492121794,0.0,0.0,0.0,0.0,0.0,0.0,0.0,0.0,0.0,0.0,0.0,0.0,0.0,0.0,0.0,0.0,0.0,0.0,0.0,0.0,0.0,0.0,3.139304957425356e-05,0.0,0.0005499389577204062,0.0,0.0,0.0,0.0,0.0,0.0,0.0,0.0,0.0,0.0,0.0,0.0,0.0,0.0,0.0,0.0,0.0,0.0,0.0,0.0,0.0,0.0
11888,0.001670034634255885,0.0,0.0,0.0,0.0,0.0,0.0,0.0,0.0,0.0,0.0,0.0,0.0,0.0,0.0,0.0,0.0,0.0,0.0,0.0,0.0,0.0002935607755527923,0.0069877240861014765,0.0,0.0,0.0,0.0,0.0,0.0,0.0,0.0,0.0,0.0,0.0,0.0,0.0,0.0,0.0,0.0,0.001037993886853119,0.0,0.0022555252921639545,7.135157739130368e-05,0.0002845760551141429,0.0,0.00048138056832526467,0.0,0.00024952665921987343,0.0,0.0,0.0,0.0,0.0,0.00026746648439254404,0.006043682466693111,0.0013968600236720368,0.0,0.0006678269492621169,0.0,0.0017389398718509154,0.0,0.00035838878015403394,0.0,0.0,0.0,0.0,0.0,0.0,0.001643124896496879,0.0,0.0,0.001797652026961474,0.0,0.0,0.0,0.0,0.0,3.954916003975118e-05,0.0,0.0,0.0,0.0,0.0,0.0,0.0,0.0,0.00016879744594285555,0.0,0.0,0.0,0.0029437622215155003,0.0,0.0,0.0,0.0,0.0,0.0,0.0,0.0,0.0,0.0,0.0,0.00026823191550415416,0.0,0.0,0.0,0.0,0.0,0.0,0.0,0.0003017152415403699,0.0,2.5686567860869324e-05,0.00027684412027825827,0.0,0.0,0.0,0.0,0.0,5.179066137134784e-05,0.0,0.0,0.0,0.0,0.0,0.0
11889,0.0,0.0,0.0,0.005479748900142618,0.0,0.0,0.0,0.0,0.0,0.0,0.0,0.0,0.0,0.003967416766411502,0.0,0.0,0.0021113727841051305,0.0,0.0,0.0,0.0,0.0,0.0008052677595191661,0.007085374249915589,0.03428771198001424,0.0,0.0,0.0,0.0,0.0,0.0002946101559216461,0.0,0.0,0.0,0.0,0.0,0.0,0.022522946420209845,0.0,0.0,0.0,0.0,0.0,0.002862628681705328,0.0,0.0,0.0,0.0,0.0,0.0,0.0,0.0,0.0,0.04761882153546874,0.0,0.0,0.0,0.0,0.0012373626548709135,0.0,0.0,0.0,0.0,0.0,0.0,0.0,0.0060444183656591065,0.0,0.0,0.0,0.0,0.0,0.0,0.0,0.0,0.0,0.0,0.0,0.002293049046923479,0.0,0.0,0.0,0.0,0.0,0.0,0.0,0.0,0.0,0.0,0.0,0.0,0.0,0.0,0.0,0.0,0.0,0.0,0.0,0.0,0.0,0.0,0.0005499389577204062,0.0,0.009633752098637828,0.0,0.0,0.0,0.0,0.0,0.0,0.0,0.0,0.0,0.0,0.0,0.0,0.0,0.0,0.0,0.0,0.0,0.0,0.0,0.0,0.0,0.0
11929,0.0,0.0,0.0,0.0,0.0,0.0,0.0,0.0,0.0,0.0,0.0,0.0,0.0,0.0,0.0,0.0,0.0,0.0,0.0,0.0,0.0,0.0,0.0,0.0,0.0,0.0,0.0,0.0,0.0,0.0,0.0,0.0,0.0,0.0,0.0,0.0,0.0,0.0,0.0,0.0,0.0,0.0,0.0,0.0,0.0,0.0,0.0,0.0,0.0,0.0,0.0,0.0,0.0,0.0,0.0,0.0,0.0,0.0,0.0,0.0,0.0,0.0,0.0,0.0,0.0,0.0,0.0,0.0,0.0,0.0,0.0,0.0,0.0,0.0,0.0,0.0,0.0,0.0,0.0,0.0,0.0,0.0,0.0,0.0,0.0,0.0,0.0,0.0,0.0,0.0,0.0,0.0,0.0,0.0,0.0,0.0,0.0,0.0,0.0,0.0,0.0,0.0,0.0,0.0,0.0,0.0,0.0,0.0,0.0,0.0,0.0,0.0,0.0,0.0,0.0,0.0,0.0,0.0,0.0,0.0,0.0,0.0,0.0,0.0,0.0,0.0
11930,0.010909038353008249,0.10560979850198685,0.0004789406952691551,0.4500081270935971,0.0,0.0,0.014806608484100398,0.0,0.0,0.0,0.0333337147680152,0.024197461270788034,0.0,0.002590349185197555,0.0,0.07542396914733794,0.15486715152962474,0.10214903159717745,0.0,0.011627286107166237,0.0,0.0,0.006866484709486065,0.0,0.001970178016043422,0.0006338920966797642,0.0,0.0,0.0,0.0,0.0,0.04616033000330136,0.0,0.22691531936208656,0.0,0.0,0.0,0.0,0.0,0.0,0.0,0.10824816417758923,0.0,0.05583617486683263,0.0,0.0,0.0,0.0,0.0,0.0,0.0,0.00028369118951502296,0.0,0.18223181735844463,0.0,0.0016872485931377428,0.024924297364534158,0.09707795007648372,0.0,0.0,0.0,0.0,0.0,0.01123172937299227,0.0,0.0650868835660923,0.19646035404401468,0.0,0.23944370123878095,0.0,0.1971616240005795,0.0,0.0,0.0,0.0,0.0,0.0,0.14489751984973065,0.0,0.0,0.003658279169991136,0.13661456412232081,0.0,0.0,0.0,0.0,0.0,0.0,0.0,0.025659140782600513,0.2219807485495342,0.0,0.0,0.0,0.026726664431590264,0.0031193751819327655,0.0,0.01423851278814047,0.0,0.0,0.0,0.0,0.0,0.0,0.0,1.0395929988058634,0.0,0.0,0.0179738632214161,0.0,0.0,0.0,0.0,0.0,0.0,0.0,0.0,0.0,0.004400408270916118,0.0,0.0,0.0,0.0,0.0,0.0,0.0
11931,0.0,0.0,0.0,0.0,0.0,0.0,0.0,0.0,0.0,0.0,0.0,0.0,0.0,0.0,0.0,0.0,0.0,0.0,0.0,0.0,0.0,0.0,0.0,0.0,0.0,0.0,0.0,0.0,0.0,0.0,0.0,0.0,0.0,0.0,0.0,0.0,0.0,0.0,0.0,0.0,0.0,0.0,0.0,0.0,0.0,0.0,0.0,0.0,0.0,0.0,0.0,0.0,0.0,0.0,0.0,0.0,0.0,0.0,0.0,0.0,0.0,0.0,0.0,0.0,0.0,0.0,0.0,0.0,0.0,0.0,0.0,0.0,0.0,0.0,0.0,0.0,0.0,0.0,0.0,0.0,0.0,0.0,0.0,0.0,0.0,0.0,0.0,0.0,0.0,0.0,0.0,0.0,0.0,0.0,0.0,0.0,0.0,0.0,0.0,0.0,0.0,0.0,0.0,0.0,0.0,0.0,0.0,0.0,0.0,0.0,0.0,0.0,0.0,0.0,0.0,0.0,0.0,0.0,0.0,0.0,0.0,0.0,0.0,0.0,0.0,0.0
11933,0.0,0.0,0.0,0.0,0.0,0.0008127035768618777,0.0,0.0,0.0,0.0,0.0,0.008997067622782457,0.0,0.0,0.0,0.0,0.0,0.0,0.0,0.0,0.0,0.0005594794601375902,0.0,0.0,0.0,0.0,0.0,0.004262641837614578,0.0,0.0,0.00041139388874511713,0.0,0.0022070835845891886,0.0,0.0,0.0,0.0,0.0016159584407019736,0.0,0.0,0.0,0.003054005748948196,0.0,0.0,0.0,0.0,0.0,0.0,0.0,0.0,0.0,0.0,0.0,0.0003963824746587568,0.0,0.0,0.0,0.0,0.0,0.0,0.0,0.017985986852031528,0.007288862848892282,0.0,0.0,0.0,0.0,0.002495995600732491,0.0,0.0,0.0,0.0,0.0,0.0,0.0,0.0,0.0,0.0,0.0,0.0,0.0,0.00425338025839108,0.012510078136138818,0.0011461204289077763,0.0,0.0,0.0,0.0,0.00026087403398728827,0.0,0.0,0.0,0.0015698376783827724,0.0,0.0,0.0,0.0,0.0,0.0,0.0,0.0,0.0,0.0,0.0,0.0,0.0,0.0,0.0019284578400864617,0.0,0.0,0.0,0.0,0.0,0.0,0.0,0.0,0.0,0.0,0.0,0.0,0.0,0.0,0.0,0.0,0.0,0.0
11934,0.0,0.0,0.0,0.007007073269836896,0.0,0.0,0.0,0.0,0.0,0.0,0.042533710438677846,0.0,0.0,0.0,0.0,0.0,0.0,0.0,0.0,0.0,0.0,0.0,0.008761611911467116,0.0,0.002190402977866779,0.0,0.0,0.0,0.0,0.0,0.0,0.004609819420535819,0.039927843462155936,0.0,0.0,0.0,0.0,0.0,0.0,0.0,0.0,0.0,0.20300662579553977,0.0,0.0,0.0,0.0,0.0,0.0,0.0,0.0,0.00036198902501002417,0.0,0.0,0.0,0.0,0.031803321483023554,0.0,0.0,0.0,0.0,0.0,0.025870249311490588,0.0,0.0,0.0,0.0,0.0,0.030573931004488884,0.0,0.0,0.0,0.0,0.0,0.0,0.0,0.0,0.0,0.0,0.0,0.0,0.08831793457132325,0.0,0.0,0.0,0.0,0.0,0.0,0.0,0.0,0.0,0.0,0.0,0.0,0.0,0.0,0.0,0.0,0.0,0.0,0.0,0.0,0.0,0.0,0.0,0.0179738632214161,0.0,0.0,0.6111086057083822,0.0,0.0,0.0,0.0,0.0,0.0,0.0,0.0,0.0,0.0,0.0,0.0,0.0,0.0,0.2594508061115193,0.0,0.0
11935,0.0,0.0,0.0,0.0,0.0,0.0,0.0,0.0,0.0,0.0,0.0,0.0,0.0,0.0,0.0,0.0,0.0,0.0,0.0,0.0,0.0,0.0,0.0,0.0,0.0,0.0,0.0,0.0,0.0,0.0,0.0,0.0,0.0,0.0,0.0,0.0,0.0,0.0,0.0,0.0,0.0,0.0,0.0,0.0,0.0,0.0,0.0,0.0,0.0,0.0,0.0,0.0,0.0,0.0,0.0,0.0,0.0,0.0,0.0,0.0,0.0,0.0,0.0,0.0,0.0,0.0,0.0,0.0,0.0,0.0,0.0,0.0,0.0,0.0,0.0,0.0,0.0,0.0,0.0,0.0,0.0,0.0,0.0,0.0,0.0,0.0,0.0,0.0,0.0,0.0,0.0,0.0,0.0,0.0,0.0,0.0,0.0,0.0,0.0,0.0,0.0,0.0,0.0,0.0,0.0,0.0,0.0,0.0,0.0,0.0,0.0,0.0,0.0,0.0,0.0,0.0,0.0,0.0,0.0,0.0,0.0,0.0,0.0,0.0,0.0,0.0
11936,0.0021443851212444814,0.0,0.0,0.00032355842130165865,0.0,0.0002680365620250427,0.0,0.00032437894138949045,0.0,0.0,0.0,0.0,0.0,0.0,0.0,0.0007756649896969601,0.003123719974375523,0.0,0.0,0.0,0.0,0.0003726157356930811,0.001622431015830291,0.00014523205554622213,0.0,0.0,1.476936158097174e-05,0.0,0.0,0.00032437894138949045,0.0,0.0,0.0,0.0,0.0,0.0,0.0,0.0007135789697176901,0.0,0.0,0.0,0.0028629309025751735,9.05663246476239e-05,0.0,0.0,0.0,0.0,0.000316723375339119,0.0,0.0,0.0,0.0,0.0,0.00033949433696480727,0.008339129810076364,0.001773029875672911,0.0,0.0,0.0,0.0022072307121263767,0.0,0.00045490171065863655,0.0,0.0,0.0,0.00035008857080821897,0.0,0.0,0.0020856130761709958,0.0,0.0,0.0022817538592649926,0.0,0.0,0.0,0.0,0.0,5.01996199475401e-05,0.0,0.0,0.0,0.0,0.0,0.0,0.0,0.0,0.000355109996434641,0.0,0.0,0.0,0.0037365077940333968,0.0,0.0,0.0,0.0,0.0,0.0,0.0,0.00019145468716074478,0.0006441082689479342,0.0,0.0,0.0003017152415403699,0.0,0.0,0.0,0.0,0.0,0.0,0.0,0.00042125711022781567,0.0,3.26038768731446e-05,0.0003513973396327807,0.0,0.0,0.0,0.0,0.0,0.0,0.0,0.0,0.0011840104867412347,0.0,0.0,0.0
11970,0.002391466193108985,0.0,0.0041179070269926395,0.003774018913603752,0.0018506955720547034,0.0,0.0,0.0,0.0,0.0,0.0,0.0,0.0014709853785160301,0.0,0.001363301986411928,0.0,0.0,0.0036191380075736423,0.0,0.005836086410776603,0.0,0.004933438125411072,0.0,0.0,0.0,0.00964293785295236,0.0,0.0,0.0,0.0,0.0014271794222322559,0.00186907127277014,0.008871059653190612,0.0,0.0,0.0,0.0,0.001345801319063893,0.0,0.0,0.0036602645758415245,0.0,0.0,0.020796964318575552,0.0,0.0,0.0,0.0010596654079235205,0.0,0.0,0.0,0.0,0.0,0.0,0.0,0.0,0.0,0.0,0.0,0.0,0.0,0.0045589238441631225,0.0,0.0,0.0,0.0,0.0,0.0,0.0,0.0,0.0,0.0,0.0,0.0,0.0,0.0,0.0,0.0,0.0,0.0,0.0,0.0,0.0,0.0,0.0,0.0,0.0,0.0,0.0,9.62536704141926e-05,0.0,0.0,0.0,0.0,0.0,0.0,0.0,0.0,0.0,0.0,0.0,0.0,0.0,0.0,0.0,0.0,0.0,0.0,0.0,0.0,0.0,0.0031204327204607295,0.0,0.024120456982097617,0.0,0.0,0.0,0.0,0.0,0.0,0.0,0.0,0.0,0.00753345770691789,0.0006685254926949378,0.0
11971,0.00018046686442216254,0.0,0.0,0.0,0.0,0.0,0.0,0.0,0.0,0.0,0.0,0.0,0.0,0.0,0.0,0.0,0.0,0.0,0.0,0.0,0.0,3.1722691011708254e-05,0.00013812588378014638,0.0,0.0,0.0,0.0,0.0,0.0,0.0,0.0,0.0,0.0,0.0,0.0,0.0,0.0,0.0,0.0,0.0,0.0,0.00024373600927329178,7.71037628756798e-06,0.0,0.0,0.0,0.0,2.696428735995202e-05,0.0,0.0,0.0,0.0,0.0,2.8902896255111968e-05,0.0006530909012035439,0.00015094713806404513,0.0,0.0,0.0,0.00018791288495129962,0.0,3.8728118610127165e-05,0.0,0.0,0.0,0.0,0.0,0.0,0.00017755895107942262,0.0,0.0,0.00019425742315364128,0.0,0.0,0.0,0.0,0.0,4.273751427966252e-06,0.0,0.0,0.0,0.0,0.0,0.0,0.0,0.0,1.8240547331732246e-05,0.0,0.0,0.0,0.0003181080959785189,0.0,0.0,0.0,0.0,0.0,0.0,0.0,0.0,0.0,0.0,0.0,2.5686567860869324e-05,0.0,0.0,0.0,0.0,0.0,0.0,0.0,3.26038768731446e-05,0.0,2.7757354635244726e-06,2.991625999576376e-05,0.0,0.0,0.0,0.0,0.0,0.0,0.0,0.0,0.0,0.0,0.0,0.0
11973,0.02538599657583002,0.0,0.029948212606136,0.027447225025555584,0.013459513315337367,0.004903517998845126,0.0,0.0,0.01986687202314421,0.0,0.005796049618625456,0.002791947517850227,0.020522474715927976,0.0,0.009914856617161048,0.0,0.0,0.02632082603888196,0.0,0.05285277931712605,0.0,0.03622120794963781,0.0014886900807415777,0.0,0.0,0.07930155407116346,0.0,0.0,0.07096846600610689,0.0,0.01896240369802342,0.10296249329123253,0.06992352706646274,0.0,0.0,0.0,0.0,0.009787579895503011,0.0,0.0,0.02661992633477835,0.0026269325443899223,8.310072221045488e-05,0.16920018428157257,0.011654129316445789,0.0,0.0,0.007997220593495818,0.04252766509447992,0.0,0.0,0.004503141157822947,0.0,0.0003115089929717623,0.020734209788487598,0.0016268747102458196,0.05779891428425958,0.0004694857658468739,0.0,0.002025283315586229,0.0,0.033572989048049895,0.0,0.0,0.08375228561118374,0.002816914595081243,0.022211876425189927,0.0,0.012848295292682761,0.013869674766094678,0.0,0.002093663338433689,0.0,0.0,0.0,0.0,0.0,4.606154316808071e-05,0.0,0.0,0.0,0.0004935619589672264,0.04807553500091779,0.0,0.0,0.0,0.00019659256568644757,0.0,0.0,0.000700021969119201,0.0034284983677684813,0.0,0.0,0.0,0.0,0.0,0.0,0.0,0.0,0.0003962764218884194,0.0,0.0,0.00027684412027825827,0.0,0.0,0.0,0.0,0.0,0.0,0.0,0.0003513973396327807,0.024120456982097617,2.991625999576376e-05,0.24728313340251454,0.0,0.0,0.0,0.0,0.0,0.0,0.0,0.0,0.0,0.08179627776330564,0.004861970767336996,0.0
12246,0.0,0.0,0.0,0.0,0.0,0.0,0.0,0.0,0.0,0.0,0.0,0.0,0.0,0.0,0.0,0.0,0.0,0.0,0.0,0.0,0.0,0.0,0.0,0.0,0.0,0.0,0.0,0.0,0.0,0.0,0.0,0.0,0.0,0.0,0.0,0.0,0.0,0.0,0.0,0.0,0.0,0.0,0.0,0.0,0.0,0.0,0.0,0.0,0.0,0.0,0.0,0.0,0.0,0.0,0.0,0.0,0.0,0.0,0.0,0.0,0.0,0.0,0.0,0.0,0.0,0.0,0.0,0.0,0.0,0.0,0.0,0.0,0.0,0.0,0.0,0.0,0.0,0.0,0.0,0.0,0.0,0.0,0.0,0.0,0.0,0.0,0.0,0.0,0.0,0.0,0.0,0.0,0.0,0.0,0.0,0.0,0.0,0.0,0.0,0.0,0.0,0.0,0.0,0.0,0.0,0.0,0.0,0.0,0.0,0.0,0.0,0.0,0.0,0.0,0.0,0.0,0.0,0.0,0.0,0.0,0.0,0.0,0.0,0.0,0.0,0.0
12267,0.0,0.0,7.676508128662821e-05,0.0,0.0,0.0,0.0,0.00020285829465477797,0.0,0.0,0.0,0.0029004357899057964,0.0,0.0,0.0,0.0,0.0,0.0,0.0,0.0,0.0,0.0,0.0,0.0,0.0,0.0,0.0,0.0,0.0,0.0007020745583831548,0.0,1.4788710209844725e-05,0.0,0.0,0.0,0.0,0.0,0.0,0.0,0.0,0.0,0.0,0.0,0.0,0.0,0.0,0.0,0.0,0.0,0.0,0.0,0.0,7.666778714051082e-05,0.0,0.0,0.0,0.0,0.0,0.0,0.0,0.0,0.0,0.0,0.0,0.0,0.0,0.0,0.0,0.0,0.0,0.0,0.0,0.0,0.0,0.0,0.0,0.0,0.0,0.0,0.0,0.0,0.0,5.292801548786533e-05,0.0,0.0,0.0,0.0,0.0,0.0,0.0,0.0,0.0,0.0,0.0,0.0,0.0,0.0,0.0,0.0,0.0,0.0,0.0,0.0,0.0,0.0,0.0,0.0,0.0,0.0,0.0,0.0,0.0,0.0,0.0,0.0,8.561884858331157e-06,0.0,0.0,5.64306047480917e-06,0.0,0.0,0.0,0.0,0.00033547021581279346,0.0,0.0
12284,0.0,0.0,0.0,0.0,0.0,0.0,0.0,0.0,0.0,0.0,0.0,0.0001720354487165102,5.17039148737459e-05,0.0,0.0,0.0,0.0001896920691308693,0.0,0.0,0.0,0.0,0.0,0.00039114411374526457,0.0,0.0,0.0,0.0,0.0,0.0,0.0,0.0,0.0,1.4958155784994786e-05,0.0,5.913302119903285e-05,0.0,0.0,0.0,0.00021800929055012448,0.00011739986856641789,0.0,0.0,0.0,0.0,0.0,0.0,0.0,0.0,0.0,0.0,0.0,0.0,0.0,0.00018056392952042706,6.209800085351955e-05,0.0002076818333266314,0.0,0.0,0.0,0.0,0.0,0.0,0.0,8.042090883068467e-05,0.0,0.0,0.0,0.0001674713789112891,0.0,0.0,0.0,0.0,0.0,0.0,5.6334613435247626e-05,0.0,0.0,0.0,0.0,0.0,0.0,2.5985214949434146e-05,0.0,0.0,0.0,0.0,0.0,0.0,0.0,0.0,7.985456440229957e-05,0.0,0.0,0.0,0.0,0.0,1.882262364926961e-05,0.0,0.0,0.0,0.0,0.0,0.0,0.0,0.0,0.0,0.0,0.0,0.0,0.0,0.0,0.0,0.0,0.0,0.0,0.0,2.1321202009792123e-06,0.0,0.0,0.0,7.315837439609923e-05,1.5224670810117188e-05,0.0,0.0,0.0,0.0
12286,0.0,0.0,0.0,0.0,0.0,0.0,0.0,0.0,0.0,0.0,0.0,0.0,0.0,0.0,0.0,0.0,0.0,0.0,0.0,0.0,0.0,0.0,0.0,0.0,0.0,0.0,0.0,0.0,0.0,0.0,0.0,0.0,0.0,0.0,0.14070941026534303,0.0,0.0,0.0,0.0,0.0,0.0,0.0,0.0,0.0,0.0,0.0,0.0,0.0,0.0,0.0,0.0,0.0,0.0,0.0,0.0,0.0,0.0,0.0,0.0,0.0,0.0,0.0,0.0,0.0,0.0,0.0,0.0,0.0,0.0,0.0,0.0,0.06244045755544522,0.0,0.0,0.0,0.0,0.0,0.0,0.0,0.0,0.0,0.0,0.0,0.0,0.0,0.0,0.0,0.0,0.0,0.0,0.0,0.0,0.0,0.0,0.0,0.0,0.0,0.0,0.0,0.0,0.0,0.0,0.0,0.0,0.0,0.0,0.0,0.0,0.0,0.0,0.0,0.0,0.0,0.0,0.0,0.0,0.0,2.2542567799395203,0.0,0.0,0.0,0.0,0.0,0.0,0.0,0.042296878527921
12290,0.0,0.020684953637630527,5.059516721164132e-05,0.0,0.0,0.0,0.0,0.00013370205784064913,0.0,0.0,0.0,0.0019116508615288203,0.0,0.0,0.0,0.0,0.0,0.0,0.0,0.0,0.0,0.0,0.0,0.0,0.0,0.0,0.0,0.0,0.0,0.000462730958934352,0.0,0.008343209940274186,0.0,0.0,0.0,0.0,0.0,0.0,0.0,0.0,0.0,0.0,0.0,0.009626272438169606,0.0,0.0,0.0,0.0,0.0,0.0,0.0,0.0,5.0531041524427574e-05,0.0,0.0,0.0,0.0,0.0,0.0,0.0,0.0,0.0,0.0,0.0,0.0,0.0,0.0,0.0,0.0,0.0,0.0,0.0,0.0,0.0,0.0,0.0,0.0,0.0,0.0,0.0,0.0,0.0,3.488437384427487e-05,0.0,0.0,0.0,0.0,0.0,0.0,0.0,0.0,0.0,0.0,0.0,0.0,0.0,0.0,0.0,0.0,0.0,0.0,0.0,0.0,0.0,0.0,0.004400408270916118,0.0,0.0,0.0,0.0,0.0,0.0,0.0,0.0,0.0,5.64306047480917e-06,0.0,0.0,0.0008655923580930022,0.0,0.0,0.0,0.0,0.0002211053695129775,0.0,0.0
12316,0.0,0.0,0.0,0.0,0.03684484353588532,0.0,0.0,0.0,0.0,0.0,0.0,0.0,0.0,0.0,0.0,0.0,0.0,0.0,0.0,0.0,0.0,0.0,0.009685778509680821,0.0,0.0,0.0,0.0,0.0,0.0,0.0,0.040259037531488594,0.0,0.1271787263362219,0.0,0.0,0.0,0.0,0.0,0.0,0.0017608824866258267,0.0,0.0,0.0,0.0004827629506400638,0.0,0.0008166277498375026,0.0,0.0,0.0,0.0,0.0,0.0,0.0,0.0,0.0,0.0,0.12461808083951947,0.001132920717498234,0.0,0.0,0.0,0.0,0.0,0.0,0.0,0.0,0.0,0.0,0.0,0.0,0.0,0.0,0.0,0.0,0.0,0.0,0.0,0.0,0.0,0.0,0.0,0.0,0.0,0.0,0.0,0.0,0.0,0.0,0.0,0.0,0.0,0.0,0.4492268185694274,0.0,0.0,0.0,0.0,0.0,0.0,0.0,0.0,0.0,5.179066137134784e-05,0.0,0.0,0.0,0.0,0.0,0.0,0.0,0.0,0.0,0.0,0.0,0.0,0.0,0.0,0.0,0.0,0.24973243397707195,0.0,0.008156130100607818,0.0,0.0,0.0,0.0
12346,0.0,0.0,0.0,0.0,0.0,0.0,0.0,0.0,0.0,0.0,0.0,0.005902966334085255,0.001774090579105406,0.0,0.0,0.0,0.006508809122052952,0.0,0.0,0.0,0.0,0.0,0.01342113240288439,0.0,0.0,0.0,0.0,0.0,0.0,0.0,0.0,0.0,0.0005132517203726336,0.0,0.002029001789891814,0.0,0.0,0.0,0.007480443782001146,0.004028282990185214,0.0,0.0,0.0,0.0,0.0,0.0,0.0,0.0,0.0,0.0,0.0,0.0,0.0,0.006195599831669653,0.00213073765428639,0.007126082906020039,0.0,0.0,0.0,0.0,0.0,0.0,0.0,0.002759442434252868,0.0,0.0,0.0,0.005746361688893606,0.0,0.0,0.0,0.0,0.0,0.0,0.001932981423496934,0.0,0.0,0.0,0.0,0.0,0.0,0.0008916176879524593,0.0,0.0,0.0,0.0,0.0,0.0,0.0,0.0,0.0027400097410539034,0.0,0.0,0.0,0.0,0.0,0.0006458512739655635,0.0,0.0,0.0,0.0,0.0,0.0,0.0,0.0,0.0,0.0,0.0,0.0,0.0,0.0,0.0,0.0,0.0,0.0,0.0,7.315837439609923e-05,0.0,0.0,0.0,0.0025102467214661544,0.000522396517172146,0.0,0.0,0.0,0.0
12372,0.0,0.0,0.0,0.0,0.003931335662637888,0.0,0.0,0.0,0.0,0.0,0.0,0.0012284406259913307,0.0003691982671453418,0.0,0.0,0.0,0.0013545199311376136,0.0,0.0,0.0,0.0,0.0,0.00279301343721228,0.0,0.0,0.0,0.0,0.0,0.0,0.0,0.004295629314774217,0.0,0.013676749123230499,0.0,0.00042224672949934394,0.0,0.0,0.0,0.0015567225903344827,0.0008383084364820779,0.0,0.0,0.0,0.0,0.0,0.0,0.0,0.0,0.0,0.0,0.0,0.0,0.0,0.0012893393092317993,0.00044341853734466307,0.0014829780910979773,0.013296718302976024,0.0,0.0,0.0,0.0,0.0,0.0,0.0005742555521191077,0.0,0.0,0.0,0.0011958503150384238,0.0,0.0,0.0,0.0,0.0,0.0,0.00040226434906106504,0.0,0.0,0.0,0.0,0.0,0.0,0.00018555067549830322,0.0,0.0,0.0,0.0,0.0,0.0,0.0,0.0,0.0005702114989351705,0.0,0.0,0.0,0.0,0.0,0.00013440529699556582,0.0,0.0,0.0,0.0,0.0,0.0,0.0,0.0,0.0,0.0,0.0,0.0,0.0,0.0,0.0,0.0,0.0,0.0,0.0,1.5224670810117188e-05,0.0,0.0,0.008156130100607818,0.000522396517172146,0.0009789707228847243,0.0,0.0,0.0,0.0
12562,0.0007611495986193653,0.0,0.0,0.010004888612963433,0.0,0.008288073407188642,0.0,0.010030260266250746,0.0,0.0,0.0,0.0,0.0,0.0,0.0,0.023984669574272435,0.09658988406479743,0.0,0.0,0.0,0.0,0.0,0.0,0.004490782631854255,0.0,0.0,0.000456689759171619,0.0,0.0,0.010030260266250746,0.0,0.0,0.0,0.0,0.0,0.0,0.0,0.022064881142199146,0.0,0.0,0.0,0.0,0.0,0.0,0.0,0.0,0.0,0.0,0.0,0.0,0.0,0.0,0.0,0.0,0.020652525775872108,0.0,0.0,0.0,0.0,0.0,0.0,0.0,0.0,0.0,0.0,0.010825238735919857,0.0,0.0,0.0,0.0,0.0,0.0,0.0,0.0,0.0,0.0,0.0,0.0,0.0,0.0,0.0,0.0,0.0,0.0,0.0,0.0,0.004355467147655256,0.0,0.0,0.0,0.0,0.0,0.0,0.0,0.0,0.0,0.0,0.0,0.005920052433706173,0.019916747830540055,0.0,0.0,0.0,0.0,0.0,0.0,0.0,0.0,0.0,0.0,0.0011840104867412347,0.0,0.0,0.0,0.0,0.0,0.0,0.0,0.0,0.0,0.0,0.0,0.036611295693591464,0.0,0.0,0.0
12568,0.01289807380381984,0.0,0.0055345032564087055,0.0018951606855569596,0.027404430323430953,0.009953667070971197,0.26032346820285457,0.008515733145560993,0.0048143320531489845,0.0,0.010011358432171241,0.40842774776205976,0.023606667495700163,0.0,0.0006845954899368752,0.0,0.0,0.0018173857165461594,0.0,0.015049576629746247,0.0,0.014366877114227038,0.0,0.0,0.0008811956993706057,0.04320200060749053,0.05084927201675578,0.0,0.01914957681538687,0.02975682940936436,0.003838073078400254,0.08287685628877957,0.04517885207963435,0.0,0.006449860929678717,0.0,0.0004565413609862947,0.0006758073578452594,0.19347243149343962,0.0,0.03237227329148919,0.0,0.10256476222596264,0.2802787552599422,0.0,0.0,0.0,0.0005321213981473402,0.0,0.0984227579979552,0.01375233804372578,0.0,0.003003983296141832,0.0,0.0022439010350666453,0.22251457647988507,0.03430888322873175,7.692247908080792e-05,0.0,0.0,0.0,0.0022893084098659306,0.111754263903857,0.061914779466524315,0.604140720801625,0.00046153487448484753,0.0383659683707826,0.001142116276324982,0.015278108282051681,0.0,0.0010327953229235984,0.0,0.0010716330300530373,0.0,0.0,0.0,0.0,0.0,0.0,0.0,0.006614992911312058,8.086722159777245e-05,0.002073815879569996,0.0,0.047781727751786414,0.0,0.0,0.0,0.02356446432588553,0.023485641363252097,0.07757317678375637,0.0,0.0,0.0,0.0,0.0,0.0,0.0,0.0,0.0,0.0,0.0,0.0,0.0,0.0,0.0,0.0,0.0,0.2594508061115193,0.0,0.0,0.00753345770691789,0.0,0.08179627776330564,0.0,0.00033547021581279346,0.0,0.0,0.0002211053695129775,0.0,0.0,0.0,0.0,2.4480814944226306,0.00033570664589972575,0.0
12619,0.0009865443690795167,0.0,0.0016987478232302251,0.0015568846922209864,0.0007634618882558279,0.0,0.0,0.0,0.0,0.0,0.0,0.0,0.00015197042787503716,0.0,0.0005623988756040568,0.0,0.0,0.001492992137033619,0.0,0.0011507879431487374,0.0,0.0020351764189060796,0.0,0.0,0.0,0.0,0.0,0.0,0.0,0.0,0.0005887500424327449,0.0007710423609051767,0.0013143095674418297,0.0,0.0,0.0,0.0,0.0005551793778427723,0.0,0.0,0.0015099579567726376,0.0,0.0,0.001199158578149343,0.0,0.0,0.0,0.00043714058944577196,0.0,0.0,0.0,0.0,0.0,0.0,0.0,0.0,0.0,0.0,0.0,0.0,0.0,0.0018806791668145929,0.0,0.0,0.0,0.0,0.0,0.0,0.0,0.0,0.0,0.0,0.0,0.0,0.0,0.0,0.0,0.0,0.0,0.0,0.0,0.0,0.0,0.0,0.0,0.0,0.0,0.0,0.0,3.9707237687064344e-05,0.0,0.0,0.0,0.0,0.0,0.0,0.0,0.0,0.0,0.0,0.0,0.0,0.0,0.0,0.0,0.0,0.0,0.0,0.0,0.0,0.0,0.0006685254926949378,0.0,0.004861970767336996,0.0,0.0,0.0,0.0,0.0,0.0,0.0,0.0,0.0,0.00033570664589972575,0.00027578481448106506,0.0
12637,0.0,0.0,0.0,0.004708728735437048,0.0,0.0,0.0,0.0,0.0,0.0,0.0031759023872698516,0.011615338406297129,0.0,0.0,0.0,0.0,0.005439577493089853,0.0,0.0,0.0,0.0,0.0,0.023463623740215954,0.0,0.0,0.0,0.0,0.0014279113196963556,0.0,0.0,0.0,0.018468601452511016,0.0,0.003158120179054455,0.0,0.0,0.0,0.0,0.0,0.0,0.0,0.0,0.0,0.0,0.0,0.00039654324320334653,0.0009513481395237239,0.0,0.0,0.0,0.0,0.0,0.0,0.0,0.0,0.013852340199794035,0.0,0.0,0.0,0.0,0.0043850925459168275,0.0,0.0,0.0,0.0011273920008561512,0.0,0.0,0.0,0.0,0.0,0.0,0.5168605630459312,0.0,0.0,0.0,0.0,0.0,0.0,0.007265810276811095,0.0,0.0,0.0,0.0,0.0,0.0,0.0,0.0,0.0,0.0,0.0,0.0,0.0,0.0,0.0,0.0,0.0,0.0,0.0,0.0,0.0,0.0,0.0,0.0,0.0,0.0,0.0,0.0,0.0,0.0,0.0,0.0,0.0,0.0,0.0,0.0,0.0,0.0,0.042296878527921,0.0,0.0,0.0,0.0,0.0,0.0,0.0,0.5733188962316423
