unit_id,2158,2162,2196,2197,2199,2200,2201,2202,2205,2207,2237,2238,2239,2240,2241,2277,2278,2280,2448,2484,2541,2648,2678,2738,2757,2778,2842,2859,2860,2976,5404,5432,5435,5436,5437,5438,5439,5440,5441,5442,5444,5446,5474,5475,5476,5477,5479,5505,5506,5507,5508,5509,5735,5743,5875,5908,5940,6191,6216,8861,8868,8904,8906,8907,8908,8909,8910,8911,8912,8913,8914,8916,8955,8956,8957,8958,8959,8960,8962,8963,8964,9000,9001,9002,9004,9155,9330,9337,9390,9401,9427,9428,9446,9465,9553,9651,11878,11882,11883,11884,11886,11887,11888,11889,11929,11930,11931,11933,11934,11935,11936,11970,11971,11973,12246,12267,12284,12286,12290,12316,12346,12372,12562,12568,12619,12637
2158,1.0,0.014775013105614392,-0.37013308574770093,-0.10187303898461628,-0.017627866227561868,-0.03541780728126564,-0.33282636903139595,-0.15767604758861714,-0.0802873023642643,0.2194481032790202,-0.46460676847810356,-0.7429443684630953,-0.15736959263257003,-0.3012077199866009,-0.24904757113758,-0.04211082728827443,-0.03485933542342274,-0.1362444889742962,0.10922649918675398,0.1796934131480251,0.12362025802954055,0.10215123186388338,-0.6178179219709777,-0.09016019935643114,-0.2561967620114581,-0.4217705780942577,0.03749766886354505,0.4885370369251953,-0.1893116295746559,-0.6071249005195288,0.28502802440476593,0.197594364550028,-0.681542281760591,-0.11321960966290164,0.023343064070286638,-0.07890533578231362,0.2510744976179757,-0.5450810976266771,-0.29282104023720773,-0.16858543617752333,-0.343839318363611,0.46721110783861214,0.4417740471265668,-0.6118853683814582,0.07560416894050737,0.1082152170292724,0.6313748581298283,0.08594091177355617,-0.1730582222406665,-0.7148823537024864,-0.10973244844397273,0.16769579205488916,-0.2816069489341639,-0.2810343312434166,0.6753578837647286,-0.61256280464377,-0.6239628859245346,-0.22797550482951878,0.14964672175861107,0.11048182667876817,0.14093497393428592,0.496544070347052,-0.19316629703993538,-0.4924449104037505,0.5797208365343645,-0.07401646209205244,-0.11855908602997411,-0.3824581805232215,0.10279572769326822,0.1519103578732968,-0.20681727041059147,-0.0848469722180279,-0.607552717101397,-0.012717429284450348,-0.14541808915579152,-0.44086169130470376,0.038104135978331885,0.23862913949073492,0.25233316223679636,-0.169604429739519,0.11692431287104649,-0.569728900982585,-0.04876397793955164,-0.0817381351235978,0.042140928081785906,0.009586168919367291,0.48549631830235573,0.30362081381361605,0.013594053093755443,0.5582687114786637,0.49657179719592676,-0.10663543070868806,-0.07304393669781001,0.12905950983269432,0.011337830312190864,-0.6335877089730696,-0.0707465281564044,0.06692079055447724,-0.022096531446849067,0.19770323666757572,-0.02691053862150101,-0.08184713184138859,-0.00856020341584188,0.03276615193040455,0.008302269997233927,-0.36580087053814064,0.11343126866460021,-0.0055733321145502715,-0.44699968685757774,0.141142983563067,0.17505035137473637,-0.1284689602997291,-0.03264350197592066,-0.31048414265091073,0.0938451526685604,-0.036903021209861116,0.04341801954487274,-0.08991551044628328,-0.17621492763559063,-0.043289043067440226,-0.09522860905504726,-0.14505538604493395,-0.006767754921216567,-0.34093053331555295,-0.012545361045327177,-0.38301263253883827
2162,0.014775013105614392,1.0,-0.10245027401412629,-0.16261833367775863,-0.006996544612911716,0.07774837648189323,0.28314236123091036,0.04288416347023399,0.05451365612038724,-0.09258458144741627,-0.0915421812965593,0.0554201954180665,-0.14237867840286297,0.05454836590683648,-0.11240473921659178,0.006897482317203561,0.03873058968927561,-0.02265035825922746,0.09402384248588612,-0.12101038067624265,0.24891699390270217,-0.07132459496206658,0.08338655703983949,0.011761149344230502,0.17635228008433415,0.025551964109821128,-0.01667032320463941,-0.014023666141525941,0.3049056126089412,0.028869384945138427,-0.15796711153738016,0.19082704057146613,-0.029944003830716926,0.3391380683526115,0.14241154821150886,-0.104300109589172,0.00201448838964503,0.10734767142289327,-0.06304933499297562,0.10813701027771316,-0.13477238244638665,-0.0435700745544833,0.12770419029402433,-0.07440945552204392,-0.0009332791996235052,-0.08644137896253631,-0.06988632016829548,0.08980192049887659,0.09327533073037958,-0.10759168715118725,0.02543062846229076,0.09326197046327243,-0.013015196542207116,0.2161007814813272,-0.044153154419292406,-0.00683420192157024,-0.11182688303592739,0.1395787136019623,-0.0583091451136172,0.010556888186100821,0.03812553399288978,0.060703269902831376,0.20573665663662688,0.09285905427989978,0.07503911975111249,0.11395739110279528,0.3970075702391126,0.10357796297751735,0.30344308736766973,-0.09314147098064726,0.039759467891991924,0.1348913277354202,0.015043310305229103,0.002682910557881714,-0.013685079867276436,0.07256708447312679,0.018757687607572873,0.016387397554966307,0.055603189207710596,0.10877047766379966,0.06605478788935261,-0.07778901541041527,0.013677238335660391,0.04415167429300002,0.08280232943280105,-0.010496938818045804,-0.06055139011889698,-0.0547299114144346,-0.045082823002320645,-0.0786866269259089,0.09008996627961251,-0.02215598705979999,-0.02563077710610192,0.16807895681410906,0.06359700521339744,0.11650600609994556,-0.08308029406790378,0.12983710061882975,0.005914947988651981,0.021029841337232468,0.013344764428785237,-0.02834010263314173,0.029587086233796668,0.1013819145911872,-0.06241100739105074,0.07993288164533661,0.01591403994223972,0.021416741525663783,0.13880389069483973,-0.08370898193961865,0.05036225058688409,-0.033796293841698674,0.1424065923724128,-0.1097367827848855,-0.027726756097119658,0.03978572996891102,-0.021295806792376176,-0.0058539376732738456,-0.0530293189972927,-0.008611209809018496,0.05622792166622591,-0.09164090068950094,0.08638743329307302,0.0053795267578473395,-0.11371564317524759,0.13042992395356345
2196,-0.37013308574770093,-0.10245027401412629,1.0,0.26111934522265906,0.017302916675799286,0.061054273070651977,0.0715819937927622,0.05429191961590187,0.05478747363449818,-0.013245672641818184,0.511469556757474,0.4725011640773538,0.23229755094166105,0.07009355571746984,0.3083009479197498,-0.003655156343068093,-0.05410166992771105,0.22317144053489246,-0.1619083701235378,-0.018565476810413057,-0.09552588693554204,0.025229446457764017,0.4618474522834057,-0.04180591340466779,-0.0403856513825657,0.31693829878263413,0.01707686577213521,-0.3774987764187341,-0.012421087648585261,0.41154536947276776,-0.0706272934544404,-0.1714633019103615,0.480906236875469,0.11666488076251344,-0.2341197845958278,0.015097218379149712,-0.2766479307697359,0.2802297736571114,0.3009564743953487,0.06082684634338527,0.4390129297814795,-0.3163304724646334,-0.3581138344173329,0.3890335133949761,-0.08481807421933059,-0.007105654866550932,-0.4159137923036993,-0.014973557484154658,-0.031564512024913505,0.563963732954217,-0.047236504832562615,-0.17806865334681105,0.17219536070917663,-0.03616956224682728,-0.3840614707041779,0.4599719253868276,0.5744619728223396,0.09937022187157682,-0.08967079761589837,-0.05422106353032617,-0.020393204380633568,-0.15035942747760656,-0.03059149743688755,0.2555562670755001,-0.3587049749388381,-0.025158315019279398,-0.2248970487508811,0.3091021985200669,-0.15350125406377665,-0.10028039527463158,0.08870760059657637,0.06256291741353405,0.4871967919106663,0.13733250284501491,0.13802514188473047,0.33581028188522904,-0.17613154120468597,-0.16135566782226574,-0.1581905703198659,0.09551996321173473,0.07232428487155021,0.5286605699112574,0.039846224975382934,0.06216150606629051,-0.02896523253894555,0.06249269496715166,-0.29979765140249337,-0.20449497815334133,-0.1280698078274707,-0.2717305874806131,-0.30429734384164076,0.06551307664183824,0.0382902947992731,-0.2120471786381843,-0.01533121580847905,0.34387939966616915,0.059662088066101834,-0.12326013283737439,-0.021853516645558745,-0.18027135636717073,0.07166830164064585,0.02071551322320768,0.024511253794523152,-0.08412704458215829,-0.015207517495319884,0.22406333678234794,-0.08013006947078416,-0.031831712935214966,0.3139805752406131,-0.03794780056314636,-0.14410224143987316,0.14458514609277756,-0.03665275427289542,0.5004334213696319,-0.03995090463608063,-0.013547168133656891,-0.06322106121713851,0.005945615784944926,0.10885708239636342,-0.05803125505724062,0.08212518385422934,0.09058602067172979,-0.03580237349527189,0.27327719328073935,0.014538222918637994,0.2632123549114111
2197,-0.10187303898461628,-0.16261833367775863,0.26111934522265906,1.0,-0.00015112752060534082,0.029055975070608756,-0.09552277511916281,-0.10445337839353049,-0.009996581464456606,0.11206202625183756,0.33245357699455574,0.07114600324922311,0.08557688756235877,-0.04061358296664469,0.0891318947307843,0.10926652288481445,0.06679505601092627,0.13368503895610195,-0.07753353362078638,0.06285722495646383,-0.11942500383951205,0.08859944978483181,0.13543544486826076,-0.08052165783476564,-0.12110521620056781,0.1995556931647429,0.16548204909513892,-0.14166405875205643,-0.09194106078571558,-0.004199058328183865,0.021179917337393245,-0.08764732228462051,0.18944923158274415,-0.01230639060487248,-0.2348397086254249,0.027886852253538257,-0.18588977245715055,0.07992208991857014,0.20775307089563597,-0.03796422796060984,0.2176647054086285,-0.1884174190903802,-0.11260441128615514,0.01780539128854551,-0.13483057055233386,-0.11724511046059724,-0.16893251088226405,-0.011145996470885574,-0.13123604176741732,0.1715273528567435,-0.21819979639446077,-0.19033741066841817,-0.040888502082510145,-0.1071113123796567,-0.1292570784053246,0.25367281708577233,0.24620803781869988,0.0027991346521941797,-0.041319835667445966,-0.04840665581376241,0.022548604840918935,-0.1164100905616012,-0.02105465424608609,0.11648138643220443,-0.061539004425789925,-0.0057783901905245445,-0.2628341745559613,0.14291061750993736,-0.05293560800406685,-0.08979567532983516,0.01984635019337068,0.10681729172555024,0.1954604276526674,0.12509043113713897,0.05274266096060497,0.053964366117909036,-0.14045666635513085,-0.06711639146594285,-0.030774874924026068,0.01434573802194372,0.00850769488384916,0.3679167466876129,-0.01384585959938437,-0.015661430361164224,-0.0029057055575353475,0.05001277680504019,-0.14922371870336967,-0.07411166929873708,-0.0301399941705226,-0.04731919526301171,-0.10302191673081518,-0.02792178864001639,-0.065410482048363,-0.1166262406821458,0.006134134696242488,0.07774287476423594,0.041986276325607225,-0.035453193428010954,0.010790433453959197,-0.10796706412159847,0.04240703171014059,0.07895025825815513,0.027586181582398492,-0.13108556102513325,-0.020803101161656724,0.15944135975662305,-0.03718309587957043,0.002872161310091081,0.25326258446193556,-0.016242332080581914,-0.03261030595139008,0.03442022432169408,-0.0446662278599264,0.33151768852812086,-4.924144666900672e-05,-0.01878125634539575,-0.06799355899832969,-0.03840799495573856,-0.0038875419906545753,-0.09949886850025798,0.04771034254598094,0.04260850591718008,0.03255873628861634,0.16861580666977555,0.08460934665247975,0.09226626300136363
2199,-0.017627866227561868,-0.006996544612911716,0.017302916675799286,-0.00015112752060534082,1.0,0.024100064929094295,-0.03761835460198606,-0.06712021551748851,0.0849438364787765,0.07530607394477681,0.02532186357059431,0.03405948171833402,-0.015284812902494043,0.010554905342485153,-0.059299186938464775,0.010757545660465608,-0.0726630314592298,-0.00700629421350097,-0.03231285813131735,0.016823994820047313,-0.07618999486309685,-0.04685340639462919,-0.09309457338940684,-0.01733527296367201,-0.0303254333842136,0.049428621918184534,-0.04165297972085915,-0.07100591189656875,0.15562560310496049,-0.025999781476087187,0.04064833379517195,-0.09887317763197281,0.035905308912964735,-0.09161811316146137,-0.11893534531464642,0.011658122433745043,-0.09097871073192047,-0.0024115161651384756,0.006662895013802638,-0.013936227253144924,0.03857738590919507,-0.07516171914667032,-0.019987194477307776,-0.010541322267222859,-0.016401062326165318,-0.013758482862333256,-0.026443770423331004,-0.02001609947165881,-0.037399786305988884,0.01774761835753554,0.0034182368172825024,-0.030899226146103805,0.01612676006189213,-0.026392400158663572,-0.03337289644662457,0.031026570006035904,0.127146630497704,0.02140966034711642,-0.031156388492357,-0.06493392357320608,-0.03571615641738225,-0.11866011702458246,-0.010915382757352057,0.04308174003987432,0.016507247292519532,-0.01759602319177366,-0.10761389267106547,0.002424166675629592,0.06117443695041136,-0.017361721843434156,-0.03341765010575978,-0.022770312005859435,0.03946179424211062,0.026223422535402625,0.020312103931797856,0.03821366524854597,-0.08737598821501122,0.00920786065642571,-0.029475163932819938,0.008137322077332799,0.020075459564368656,0.06251582765601936,0.0019127394237230826,0.0149595174831111,0.027868033018629466,0.021725469925227805,-0.06269360132139203,-0.04618352011045766,-0.04438311963879018,0.03377259906728548,-0.05153181616649644,-0.015706425443342262,0.06375552367958214,0.024104151383106055,0.03652225154635184,0.03026917859177007,0.01758508625002126,-0.07717982843788118,-0.0482406075723513,-0.06199253544735578,0.01989961503790812,0.03602189259131232,-0.008113677506345078,-0.038138460114309596,-0.0018982574901613308,0.02950397475024126,-0.0068503384391968,-0.026575844540000806,-0.054119476353531974,0.035112449377024124,-0.03257489877168687,0.000869795643025983,-0.01675936302809178,0.035155968434068686,-0.012515180032764842,-0.03207094070504049,-0.031239818262780574,-0.036745440098181203,0.024862668627592104,-0.00866761611056809,-0.02016862217895002,0.0068865807517941285,-0.048479262923772734,0.02953063442868666,0.008636476289239796,-0.031611116546203
2200,-0.03541780728126564,0.07774837648189323,0.061054273070651977,0.029055975070608756,0.024100064929094295,1.0,0.08463671272984845,0.05428402709573272,0.019539147536301257,0.019209712849255673,0.07746242168230032,0.14595957658302727,0.06172602948928168,0.00743360127482213,0.048269694376381664,0.01619522374881487,-0.06447700130484661,0.0729385817643794,-0.027321967991591718,-0.009228441412945758,-0.016534821585401503,0.07036369874154003,0.12137095134564403,-0.01860456614897472,-0.08079707627236658,0.12052548673229499,0.11103387619763055,-0.04087083128112217,0.03768018176095662,0.11830739714746531,-0.07754330784164908,-0.1452356300490667,0.10614512437788902,-0.005207658354949642,0.0005000639507977449,0.009616111878823995,-0.05703122021895765,0.06482076784012417,0.10184884030888335,0.02734774196813008,0.08769165579618927,0.05621053191625112,-0.045814432387235815,0.09012023952188998,-0.04734229149743978,0.09333641963159588,-0.0697571682393002,0.035556780589041714,-0.12942036005407775,0.03614201935862722,0.057413635707929664,0.012368329764745561,0.03616196064106916,-0.12201769461907638,0.010356531088691837,0.06439465518714578,-0.0008980737886674228,0.09058182329713686,-0.0656660855506799,-0.03436299318246883,-0.010138068750153547,0.03200637115899163,-0.040149125407818884,0.06395882679935191,-0.010694107911768235,-0.007209664120422618,0.003865070635279131,0.03756915419399554,0.06657798286299431,-0.12744672424819303,0.02200605541995088,0.09689634515876468,0.09834673305219158,0.13043598361663147,0.02936398916550881,0.10873776056614967,-0.020952198362415464,-0.07263564455295754,0.006150415817113631,0.028741174423770777,-0.022987071132471594,0.12561286237251384,-0.02890057793069202,0.03209558580111748,0.011415954947630794,0.0026456305094130494,-0.07605917626464703,-0.0426400855406058,-0.05592961465517076,-0.04735701643357913,0.03692164626470808,-0.027642656090976575,-0.042707096373592116,0.05684596663470559,0.033970278114359154,0.047057004750115775,-0.001554255601339907,-0.010481501399478359,0.00530378647726746,-0.02314588663497113,0.004385685837205988,-0.009813797998126754,0.005963264833798938,-0.04241322766517877,-0.02546444663113361,0.05851102259503844,0.010872968524209102,0.03768654663262726,0.03938955208147368,-0.0063629296671280115,-0.00520527318536309,0.0074645542469354625,-0.0035308839783721947,0.08265467919081508,-0.0036383840685113734,0.0006846673852318112,0.00874221789867793,0.013160418377772633,-0.011655183173829874,-0.05025610920443739,0.02086857912243114,-0.0018135735389441339,-0.032202025538756555,0.12898569614412386,-0.020739197355473193,0.03027891211848908
2201,-0.33282636903139595,0.28314236123091036,0.0715819937927622,-0.09552277511916281,-0.03761835460198606,0.08463671272984845,1.0,0.10143421168075008,0.05687289498309411,-0.15531637263199782,0.17034042257155957,0.41324877410171823,0.05690249527290679,0.18346389670912067,0.1103062896089983,0.04150589466656121,-0.010566742942793418,0.02564776640082955,-0.030923906626982058,-0.1630167967524887,0.12454797908492889,-0.06606966348792759,0.41789073781337455,0.027412186137344217,0.19918286786287254,0.23339193519950455,-0.027350488272103596,-0.22090442686182557,0.27387240923551426,0.33234415302904957,-0.22927676860150598,0.12288595251317572,0.308584730959043,0.29622054364944317,0.1010276764572871,-0.01952504860950033,-0.12497862162092555,0.33105778668773406,0.10129030419256858,0.15178150285214514,0.0357551256711758,-0.20708034565474806,-0.13939385178994024,0.25348518818260213,-0.05511259078809591,-0.0571946679296617,-0.3476299634808467,0.012143446383446556,0.18173373483209848,0.2741943928831878,0.1244026901435878,0.00635901142122655,0.10969975391081117,0.16470715474821804,-0.32318004992056076,0.2314340494238907,0.21112780390848715,0.27116588825132326,-0.11506352356159219,-0.015026393166347773,0.005111886039796692,-0.1973324180205562,0.1315209893452182,0.34130408947540436,-0.19138814480840155,0.06851949441049539,0.34983003006208824,0.19902476677090733,0.15848187611127873,-0.11605052944346114,0.0826902247848291,0.1788585799056818,0.3163021783698051,-0.016038389016604492,0.051807883265941296,0.17719934155403727,0.05848565341451442,-0.0525624796021822,-0.12668785642537667,0.1081373792602344,0.04340766253075712,0.23707799911605934,0.05264601367554216,0.0700790294322626,0.06243469195116914,0.0021318249144719765,-0.24108898221890565,-0.15979261432680458,-0.022426986498615166,-0.25643286565808227,-0.1083978060055344,0.02347044229471418,-0.06146173051721667,0.0005313238007157977,0.05523482388954106,0.3398069197920168,-0.011816819811354594,0.04420021634882161,-0.005557243810758535,-0.09256796179727007,0.010788190972816856,0.021410640573425885,0.0007767987661924707,0.05079514148707734,-0.06141316835049154,0.22499270030218518,-0.017917349158290744,0.023238930145211986,0.20957050846087807,-0.09928776500213268,-0.05583957420966179,-0.004973971859319637,0.07078097429060448,0.07090420605708334,-0.051722821930883914,0.023393116237799553,-0.013521426386835112,0.06757692546886629,0.00016356769522469803,0.011016352611129245,0.08505752085234887,-0.008243383865949807,0.06034007184966732,0.19615724557552822,-0.049445667482591764,0.2632429111131064
2202,-0.15767604758861714,0.04288416347023399,0.05429191961590187,-0.10445337839353049,-0.06712021551748851,0.05428402709573272,0.10143421168075008,1.0,-0.011969495306992114,-0.02011034654915009,-0.030816394277653262,0.2184002936831762,0.13531798438679357,0.023298383790322737,0.02807961580002131,0.032777150859220935,0.09823110803807504,-0.009801576362039516,-0.02735739845441686,-0.0941130242433867,0.011974589701215106,-0.0010918628894008632,0.16620159459691622,0.059600805257802994,0.08399283477784554,-0.1044909114558398,0.002545683587006372,-0.02068614917878479,0.02041035573578127,0.28441462261265754,-0.0658369146234509,-0.06658005506500995,0.12041730445919444,0.004907154992418574,0.17707355115498025,0.035358857637643175,-0.052579441699265726,0.18634261890162862,-0.08809885825573972,0.05185472980893137,0.0981785336673066,-0.05127723518268664,-0.06065003385587713,0.0734129022386557,0.010013140633098582,0.09957793781066436,-0.08862617650242607,0.0009468720874297314,0.11454909760660124,0.12434189352235858,0.20665761765728083,0.0637573498061323,0.09117563171927692,0.08396956192106872,-0.1122606381513176,0.046851421047549184,0.01921533808415691,0.05952514517870541,0.017389188037636047,0.004254807097130872,-0.05047872903433848,-0.07088860701776006,-0.060734098854187984,0.030359531393070394,-0.05720357588619103,0.02874715056389768,0.10820525822795006,0.08081281145017669,-0.057338374453170866,-0.041245646438581265,0.03529052704346599,-0.029571854040725654,0.018843754920916483,0.02369993281267502,0.05180528197618569,0.04480017625764919,0.004414499455928715,-0.007682289426830085,-0.0935722873964913,0.01821214323472642,-0.011576137582837001,0.017147524165685126,0.02561630931128376,-0.01875174669616694,-0.05749629267612812,-0.01228076987496691,-0.06545592681838484,-0.10020165087875495,-0.03835075770145844,-0.13111518089823973,-0.11836852807774964,0.031563920293219284,-0.01332158734145392,-0.0741217089690218,-0.018984854426251776,0.06104087875484705,0.023774296855910322,0.005493871887989972,0.017392257585527957,-0.023843619329216744,0.022334766598384063,0.01962861899921536,0.042532572271832596,0.005147675286166886,-0.03278984149186603,0.016339311882193345,-0.01362322417984921,0.013367472203418593,-0.04466641434411554,-0.03843007842451941,-0.05306154901457416,-0.015575560074741234,-0.029234161144138418,-0.05110847496966401,-0.018671416833618663,0.013094951291945094,-0.015204756384659443,0.024756350069243406,0.04490442708801622,0.005429204742068526,-0.0009699133585558134,-0.005196577395368372,0.07370898128728773,-0.06891538020435709,0.002866533593992767,0.08532592586739361
2205,-0.0802873023642643,0.05451365612038724,0.05478747363449818,-0.009996581464456606,0.0849438364787765,0.019539147536301257,0.05687289498309411,-0.011969495306992114,1.0,0.10675845309581417,0.042547203281952745,0.09121798771324292,-0.07032594934942386,0.01801817213330165,-0.008054100967678857,0.032091238336325045,-0.03570105793832285,-0.0015385568300438006,0.013090381461851255,-0.07702577962645434,-0.06484179806629711,-0.1133220835206434,-0.0064888999063549965,0.04359659350875423,0.03138539104690168,0.11734555589896825,-0.033480236525092265,-0.05894567123329262,0.3395212554869252,-4.10018439924683e-05,-0.0629245533414745,-0.12402981938411721,0.07976203233568616,0.029150898386281286,0.052964827338531445,0.004521575595420572,-0.031749971016133124,-0.0028702651329895333,0.16697906394765535,0.03331881397692546,0.05163553897445669,-0.1444160694224682,-0.06864913225881246,0.07441648647962443,-0.0391741575393092,-0.11631464811181227,-0.10398780266184011,0.0044979654296833154,-0.07630098271083552,0.11120929117757575,0.28546477842889967,0.007301608339044247,0.02663068401131221,0.020756967057571865,-0.14383374435509708,0.1646828417238976,0.20919005567347643,-0.0074748329312991375,0.011996824489323982,-0.06110386278961355,-0.03143758158989624,-0.2015321528654734,-0.09099996081211573,0.07079210701359559,0.06489108074164851,0.07311208626890119,-0.10292572974102572,0.07938210865075741,0.028255613832397487,-0.021957402763535614,0.0456975196508728,-0.08740211870425107,0.16232383345601528,-0.03993296867096228,0.03698017309990936,0.055607163527675786,-0.08563107116007952,-0.01435410936122173,-0.15831685826162828,0.08481058366359967,0.06775511230896761,0.1112018541047282,-0.07081444325159622,-0.00933991482790991,-0.016170991484369384,0.034516813011965776,-0.0504089687889135,-0.04508114789378184,-0.13771411511142273,-0.17447511477515523,-0.019689232486100307,-0.04252999791062827,-0.0354381542400298,0.02176044120581901,0.06669107646573523,0.08230783289333209,0.013873059234329691,0.004383955373137882,0.03122307314980813,-0.08659647146597883,0.014125106138041448,0.022971256393568628,0.038038453957462415,-0.02595141217161318,-0.035194405726339466,0.11653900843986774,-0.06714409015237194,0.05400550524805831,0.11568757708504647,0.0004158479195223223,-0.025968688637912733,0.029027900345641632,0.015340651517522353,0.11050760911726129,-0.03210324995856391,0.02653598713846367,-0.023484230433578623,0.02328835419712968,-0.014099923401357097,-0.0030696413315760905,-0.011836390907498542,0.005077063507377367,-0.034529838881951956,0.19127306528665974,-0.016039968589016695,-0.04989725913846742
2207,0.2194481032790202,-0.09258458144741627,-0.013245672641818184,0.11206202625183756,0.07530607394477681,0.019209712849255673,-0.15531637263199782,-0.02011034654915009,0.10675845309581417,1.0,0.008876230306872427,-0.14507739333562966,0.088035365980568,-0.07034788116601791,-0.016682052854722414,0.008397291414119235,-0.02284891922998867,0.027585779602979487,-0.0286929702689069,0.0017098139494705039,-0.04560554678180703,-0.02736745647670752,-0.09299740501978085,-0.07630815253968173,-0.19318110065145308,0.03924819391326512,0.05438352468709787,0.005278848865666706,0.1257750937550393,-0.14409790805040204,0.01876781778036907,-0.1842461147731049,-0.1313094175024144,0.002642175827092446,-0.21473956590651522,0.026426928541732363,-0.0736650665572917,-0.21731073589874045,0.06702664486399443,0.012334945076099014,0.0003387960836481443,0.06360159771532414,0.08147201618052356,-0.2428307468389923,-0.013873302525166118,0.030862323438326317,0.07976831816686494,0.07950151892168096,-0.19817083400332933,-0.0724978673815328,0.10980595597162618,-0.03661934830494307,-0.028643983930295082,-0.217008119577484,0.14430421236816587,0.03151768310764012,0.05045244096911944,0.00851085870150892,0.04452243607107129,0.015925383270092214,0.04664277114151011,0.06349355619416427,-0.1983186279000607,-0.07441154952894545,0.20140603309301974,0.01962224176878767,-0.2727309329733032,-0.012271220799188846,0.0019117404456078745,-0.07943073483722694,0.0196730611504732,0.02539920896659038,0.013749905198034727,0.104867419811729,-0.048719739779065345,-0.07951200756272075,-0.057691184708600005,-0.005244929785792582,-0.0365733581104804,-0.03201607895336623,0.038564048470733116,0.033243714241874237,-0.10041186753476612,0.01518165530602375,0.05623056772915833,0.035863550139865606,-0.02952945330045436,-0.036070783581765395,-0.11748856750523919,0.12619556767078796,0.07090918741180592,0.0005168273238885581,-0.049754990452832756,-0.029861197794738073,0.05583412767888878,-0.15067965440564082,-0.016719932908645808,0.013226845718069482,-0.0007350309425406725,-0.054873101942159525,0.0503176151944567,0.007007885202030668,0.05092315307205213,-0.0279887182041805,0.02428817917154144,-0.10337230188497445,-0.06484466969288974,0.043652047977634424,-0.03438709407694264,0.034232219860065,0.061646618879596875,0.017394871273595094,0.004853027899513905,-0.0015446529661794653,0.05088389496414473,0.003026028303640809,0.030159031541137662,-0.011708893614678403,-0.027683039090582007,-0.002994888690539199,0.02283602973381187,-0.02667820031150329,0.04323268396945086,0.055580969002127466,0.018786924557072208,-0.06950737006733852
2237,-0.46460676847810356,-0.0915421812965593,0.511469556757474,0.33245357699455574,0.02532186357059431,0.07746242168230032,0.17034042257155957,-0.030816394277653262,0.042547203281952745,0.008876230306872427,1.0,0.6081312857188383,0.1842638813580947,0.14371289467749535,0.3148341599139576,0.08241028423647516,-0.09096410129941213,0.24338976413499436,-0.22413682768217724,-0.03208952291974069,-0.17355396741410073,-0.06066306009610554,0.6179465891831833,-0.07690206687221708,-0.09846080584131897,0.4831620820808267,0.033821364316605006,-0.5375404162494679,-0.004093022164238077,0.4215403546200958,-0.12903075311211523,-0.18956002618958334,0.680056477093962,0.10494836589262627,-0.4060563781468684,0.01704144262569536,-0.39628106412521924,0.3463577678612821,0.5228377405460544,0.09038621180824741,0.4327396856767257,-0.4776751849178503,-0.5001642632514874,0.5063668367955888,-0.19866204811729174,-0.07366531442506215,-0.6109307632198379,-0.0009828721434423406,-0.04459350000364216,0.6391610928509797,-0.023404390355065613,-0.3002349481883619,0.17572273164222155,-0.03302027956763615,-0.5179358328953168,0.6524591569605469,0.6839967628202809,0.15341646328153868,-0.11457986632196179,-0.16394945002345077,-0.002441988155111517,-0.42243948228473766,0.054796559618979196,0.4735640744388839,-0.46947539601550814,0.04103101493887558,-0.20721940835670216,0.38535362489025154,-0.08698313086861424,-0.17396674176325427,0.15271295228837006,0.17105787782072024,0.6398394143286702,0.1679205728348671,0.18959743761025954,0.4127206805033751,-0.21662058612111745,-0.1684827963771191,-0.2274807075513855,0.09643349396680759,0.04525272720111811,0.8011873273757606,0.010666204917521906,0.050269152999855495,0.019039985433740067,0.0918672000624557,-0.5463740949802133,-0.2951300094937971,-0.12030016192384084,-0.4137957319881882,-0.2249875349461464,-0.007786389107037079,-0.12044791066551774,-0.20984754605661898,0.06909985426265342,0.5335723216871879,0.10208163953981869,-0.20640487508358007,-0.028552853519248987,-0.2676744936300831,0.0773061042838034,0.11583942331751391,0.037141997268338875,-0.1803310139718088,-0.04355519323708065,0.49415312021432933,-0.05393208853183743,0.023377533855989143,0.550860626285174,-0.12682971086595893,-0.07113310945347091,0.11564772425742594,-0.03778004569874887,0.5505680561428272,-0.06194629172545877,-0.03504366049940719,-0.07315329026825855,0.024266348761354212,0.08545243639502795,0.01389241219627336,0.11105757727954425,0.10833285973276577,-0.043664123951789674,0.5119455181591386,0.07219608508335251,0.33153877026444056
2238,-0.7429443684630953,0.0554201954180665,0.4725011640773538,0.07114600324922311,0.03405948171833402,0.14595957658302727,0.41324877410171823,0.2184002936831762,0.09121798771324292,-0.14507739333562966,0.6081312857188383,1.0,0.16290656288124725,0.3160974946199076,0.31245798589689794,0.012518775793366759,-0.17211067791720164,0.26494395440162716,-0.17205273845629257,-0.18282651966437538,-0.08709542368935272,0.0038038343899160568,0.7872561470946831,0.09074817621181869,0.1048559581231695,0.4953458339530634,0.056389152790842466,-0.5492017451909972,0.26583609619818716,0.7469023882892555,-0.3458896110968526,-0.3293276899405152,0.81899908368343,0.18642161570822202,-0.09397722940587122,0.03433038184775328,-0.4183602013459603,0.6252707755501934,0.4563955118066439,0.1511061212778318,0.4470905609366646,-0.4722780023173875,-0.5594677527509925,0.7789790432667721,-0.1604155547331561,-0.09658567411068918,-0.7936759898298152,0.017755546076079327,0.07945867658966084,0.7851557383141753,0.16443463510258916,-0.12110246986442157,0.36752253489886266,0.1216531027863228,-0.6448074863024952,0.7399487359574649,0.7232887128321811,0.3306703053930218,-0.1234312805823928,-0.14833849938864946,-0.027704355279247982,-0.4559538884739866,0.015274185928867328,0.6221981190667368,-0.5576472934025071,0.07493286570151939,0.16321170033947893,0.4715864355916502,-0.04045797448803546,-0.2849970163782106,0.21844589945948958,0.1871690178528807,0.7246894428433491,0.11452314117679392,0.20718602307939343,0.46732465029103243,-0.09953514024727533,-0.17971579827096498,-0.3610600952915321,0.15177134918805885,0.011397666994300846,0.7631707697962304,0.12184280138482896,0.1328468307048567,-0.008768233721327508,0.027489690349818435,-0.6251102077474523,-0.36152794533181737,-0.208186123055224,-0.5440107983025532,-0.3946269283524292,0.011152009966672566,-0.06978808401499276,-0.2090620139470793,0.10714356801002727,0.7326121162043007,0.11278395184379869,-0.1690411129762435,0.0017001774901886696,-0.31209336668639576,0.06651346299404914,0.10374998921049552,0.0686660099670227,-0.08628116445928338,-0.09088667538897457,0.44666642864178935,-0.09467694324423412,0.0609507808557126,0.5162206207733412,-0.1630324240645538,-0.2107983070427127,0.1364494060478558,-0.032600100234229594,0.4491791189536453,-0.09462377033042575,-0.037566813860458764,-0.04213852006100852,0.08303034059774773,0.14556689456490274,0.00678155122278857,0.08948951401940047,0.09329013570476453,-0.045101242500770175,0.5572993512740351,0.04219040918337287,0.504715085170295
2239,-0.15736959263257003,-0.14237867840286297,0.23229755094166105,0.08557688756235877,-0.015284812902494043,0.06172602948928168,0.05690249527290679,0.13531798438679357,-0.07032594934942386,0.088035365980568,0.1842638813580947,0.16290656288124725,1.0,-0.041323126381517576,0.08798800857047973,0.07740574975243195,0.0694762158241001,-0.023910947774697485,-0.0515675720948877,0.05554090120749037,0.012184342399853698,0.12435728620280691,0.2408570137345193,-0.15480358661244775,-0.09100963027555849,0.08790677907793322,0.1166711158408923,-0.09400036135200157,-0.17747382781108073,0.3270700216290961,-0.01909209960150386,-0.10907148013181073,0.1439467162231531,0.14875244439713664,-0.08068292517435585,0.0649477396920608,-0.0226139771582236,0.03103045186238503,0.008107596804036471,0.12183969744700093,0.05479649084884148,0.18498893556659604,0.015338506367946848,-0.06200470885592343,-0.03082437605102533,0.43744131919910656,-0.03740554414145218,-0.0178941089346426,0.08139840675993056,0.24193574492828704,-0.038460166530383304,0.06695804471077262,0.09684180760823746,-0.09418371295147163,-0.014562157700329004,-0.021722267328255107,0.21587674819305883,0.1275289832811548,-0.041684947089890574,0.09180071939854764,0.021193533662126174,0.03993349242866761,-0.004062597529038318,-0.07055029894222697,0.05125848545761829,-0.01672487100789064,-0.11850603851623517,0.11138030565581852,-0.1843354619853212,-0.05083224294868106,0.019646036916857394,0.14969600466314908,0.045751649735359376,0.08247686309300661,-0.06314446453059386,-0.07348071059430333,-0.01698625320685207,-0.15587779249548597,-0.024305328345115836,-0.07926380722086487,0.0439595730077817,0.14328518431819276,-0.03379850790938627,0.08483733592393859,-0.06628013305469156,-0.005745567536331876,0.014883084105569466,0.029187448625231528,0.018355080456545464,-0.14156397758598163,-0.09244048825460409,0.14336074676419913,-0.04032320408913057,-0.21521077327458743,-0.02756695300382376,0.0075039749392286316,0.04056836602834282,0.07343018733275124,0.07376684378253215,-0.08322320920646176,0.06068249691029669,-0.11695184545145856,0.09561465531957258,-0.03654472551331957,-0.03292148773996045,0.05113865132111344,-0.12337170917449819,-0.028548699919226147,0.21047463305924693,-0.12230978856160678,-0.07329972979632376,-0.0006504578250608819,0.014445257246960677,0.01561294541290971,0.10604767217607233,0.0050459750083896885,0.03389649105153416,0.05770830539728268,-0.10773819105012228,0.00475231071285875,0.11286187441041534,0.002318538582196569,0.04649084061596756,0.0008706684620105021,0.10831956024046775,0.009461120819005422
2240,-0.3012077199866009,0.05454836590683648,0.07009355571746984,-0.04061358296664469,0.010554905342485153,0.00743360127482213,0.18346389670912067,0.023298383790322737,0.01801817213330165,-0.07034788116601791,0.14371289467749535,0.3160974946199076,-0.041323126381517576,1.0,0.049596398375165156,0.051766668686248886,-0.02025719964090032,0.04702500771565309,-0.024433125473993223,-0.10770045761571367,-0.036075084061126764,-0.0554523119404119,0.2582356954023164,0.05008140661774975,0.09188019216792154,0.1653971303787964,-0.025034531937362034,-0.18909227337317128,0.1446200246776277,0.210446228483771,-0.16818543680004958,-0.15248649918261942,0.29213968497586273,0.08962912249707301,-0.05904468917968348,0.011937340353864102,-0.10755436396673286,0.2595241335607094,0.07884661165050746,0.027360055468516314,0.131707175526286,-0.1615507777293761,-0.13352076167414473,0.3018218420054982,-0.08819874212620765,-0.13003462778342034,-0.23304881327652677,-0.018775289648482556,0.024670888781200696,0.24254400662285028,-0.04931012559689792,-0.019577571609381134,0.11582706232409973,0.11141530358208881,-0.15894493442391822,0.2616096815627133,0.19218619457229183,0.12652450683868854,-0.08061454819761173,0.008494183524721309,-0.006777684611189328,-0.14534880169011735,0.08587243849799649,0.22167746910663422,-0.20528586630093545,0.07537380686675503,0.14898853291755912,0.15366037031409951,0.10492057663013236,-0.15016713517762412,0.1165810408600457,0.05876015192158836,0.20866467204776842,-0.043222664125308556,0.05230727152298209,0.14009042537956626,-0.004639488069518188,-0.06187674179840949,-0.11083869527207495,0.08258872488177611,-0.053505685169673356,0.21636044890913456,-0.05533884487922233,0.0685876114584811,0.02974766092563471,-0.003510745472197409,-0.17966937458489593,-0.13620044456842018,-0.019772244594153,-0.13138265390174628,-0.1330649169608302,0.001957809709924143,0.002032289853010271,-0.035565688882952154,0.05910284331654429,0.3084462030761458,0.0307102689236505,-0.041027008997658626,0.02181649982764653,-0.0589583659209016,0.00010240735250429551,0.041992653419958406,0.022429799606370777,-0.010665995761500147,-0.02655537297215133,0.12930178509965193,-0.00980329151839523,0.011869558113138477,0.2631003214824344,-0.03149508384367354,-0.06642552170597336,0.0627158144584236,0.01244957354011788,0.062202344714881376,-0.058964291807128276,0.02017897581306286,-0.016394997860973492,0.0013528161637869573,0.06015908538973049,0.0036289310653808814,0.04529839982817829,0.06383458534659094,0.049607646376017576,0.1873128275967856,-0.006168154598752441,0.17100488519139087
2241,-0.24904757113758,-0.11240473921659178,0.3083009479197498,0.0891318947307843,-0.059299186938464775,0.048269694376381664,0.1103062896089983,0.02807961580002131,-0.008054100967678857,-0.016682052854722414,0.3148341599139576,0.31245798589689794,0.08798800857047973,0.049596398375165156,1.0,-0.047365628730874014,-0.16437723821081449,0.06491522643127959,-0.09818621549004497,0.016524645042989405,-0.19193641965733105,-0.052027635536024755,0.3212840381376385,-0.03950055584501471,-0.0026660293661464516,0.15637026884235608,0.010866679647831381,-0.27643860782794,-0.06250642468753037,0.3105227428486856,-0.011709736994484087,-0.2194793198287737,0.29106466987452606,-0.06530188462423459,-0.17978312463720578,-0.020628270144763577,-0.2099575268987925,0.1432126924985066,0.2171631969618389,0.044655773335808065,0.25240684977203154,-0.26324627485972335,-0.2739789583199932,0.36040681810697345,-0.013798390777547591,-0.1183927565504757,-0.28940703612330376,-0.010928462103648734,0.004100957302154853,0.4532637017574122,0.12177313707104358,-0.06905380010407283,0.10187358851446744,-0.04299459007656756,-0.2827988178094243,0.32780998426454866,0.3278580015194498,0.1472281448592959,-0.08144872617815105,-0.1347470178378036,-0.019650783510932922,-0.19565060407936796,-0.10993322551419737,0.3050139955071871,-0.23842073039001177,-0.01139760447268545,-0.14047439246736015,0.15407534868677292,-0.0694505339072439,0.0015502615809396862,0.07898742146648062,-0.09126440927593808,0.3567539138980411,0.058450360110435924,0.07517023785226877,0.19260395598169414,-0.11258332271671155,-0.03400948001528612,-0.15949147383874285,0.035484396869474875,0.057503821112063806,0.3316063776496375,0.004462076339269837,0.04179164750721662,-0.0013179478283231174,0.0744769215127628,-0.20902273167513002,-0.1447096263554157,-0.16177221855897242,-0.12484658528041205,-0.149087547606261,-0.009621064566780184,-0.04463529523465068,-0.08914576307705165,0.05003756858664875,0.24107195158968128,0.01937152917565305,-0.1835360249738057,-0.062066117610381964,-0.10426410693195999,-0.007193176927318765,0.04043685481178039,0.010353954043168929,-0.023433996474437363,0.023651490879010764,0.1961141385832833,-0.04922000274635784,-0.04626585390536886,0.17372263741085578,-0.027460232918105284,-0.11876122305968562,0.09275582893490496,-0.060514198237922714,0.33520809337962537,-0.013076567870580973,-0.039873245868340915,-0.0026005509127103323,0.013571569996588954,0.10939109778720107,-0.06416528288812488,0.023140423019199007,0.05467008806540477,-0.08897858486476137,0.2836810133189978,0.010656126718641043,0.1389583281680659
2277,-0.04211082728827443,0.006897482317203561,-0.003655156343068093,0.10926652288481445,0.010757545660465608,0.01619522374881487,0.04150589466656121,0.032777150859220935,0.032091238336325045,0.008397291414119235,0.08241028423647516,0.012518775793366759,0.07740574975243195,0.051766668686248886,-0.047365628730874014,1.0,0.24137773308330096,0.017339746377366568,0.012494518450875384,0.019886881587720874,0.01759244332653862,0.06407709030872386,0.04485283051325633,-0.0130759883399057,0.05379704848649765,0.05548044481594515,-0.04409546881242848,-0.06649180816573037,0.0713395624713725,-0.01569978531613051,-0.07277342211153855,0.07790542876082998,0.012827084352355383,0.007475473747291817,0.05445454379588094,0.003094144488014877,-0.007032964144482119,0.04712182975995341,0.037946660051957445,0.04174855180524797,0.05348748181449102,-0.1151471731384736,0.012806764747990033,0.010542840003964904,-0.03791565445785678,-0.004768980611099564,-0.008264780982258017,0.011185510521938254,0.06075918916605293,0.01803107870222361,-0.06332121867645171,0.07090511076828708,-0.054768497525201215,0.08792728338643484,-0.10521650203847685,0.061193217479714936,0.07828547519141532,0.09175032356173224,-0.06964151977441867,-0.010538806650409085,0.0028745176106530637,-0.17018113595367407,0.058367012080453605,-0.03313762753648727,-0.0018241665422817671,0.06727671071286477,-0.04531676913490512,-0.006684578734321101,-0.041606376276647865,0.009307987752991544,0.005748868503692485,0.02853831781554153,0.015597154039201113,-0.017842624907219298,0.013043518341855312,0.017961538982958766,-0.10196403507573863,-0.06830729190816887,0.01752568229015029,0.011584074368271352,-0.048861871700520344,0.08518307209361864,-0.11014954441419944,-0.06301934931408953,-0.0069103822958595604,-0.020225009782604386,0.03489111491810444,-0.054096894427259345,0.03582130928114185,-0.08457634966142007,-0.08177084609412637,0.04254036580430391,0.01649050138016525,-0.04732525667072442,-0.010040641393061826,0.07280459500744735,-0.014566004813583994,0.10886539690585398,-7.006263821514681e-05,0.0430084533745803,-0.02772599173924656,-0.01824051979769598,-0.010645377880611925,0.018091474577238448,0.018229200504763354,0.0682508904094851,0.013482329985384974,-0.032283580217005683,0.16230389512618776,0.024927751576131925,-0.012375045650510792,-0.0021712625633065565,-0.04096787255351769,0.031399779952478446,-0.006040461095801183,0.036632252627284825,0.03850304345857007,0.031248264943658906,-0.04912932063843068,-0.018709744249824193,0.011538823422560842,-0.02369334225262244,0.0640811587438086,-0.009370976699547557,0.03032819829203914,0.0068523825890450234
2278,-0.03485933542342274,0.03873058968927561,-0.05410166992771105,0.06679505601092627,-0.0726630314592298,-0.06447700130484661,-0.010566742942793418,0.09823110803807504,-0.03570105793832285,-0.02284891922998867,-0.09096410129941213,-0.17211067791720164,0.0694762158241001,-0.02025719964090032,-0.16437723821081449,0.24137773308330096,1.0,-0.16861457923170797,0.03383992563658539,-0.020940480021371076,0.04318720916504965,-0.16980942735148144,-0.0021069285711171094,-0.08808069907034145,0.016291654894505795,0.004117212064996922,-0.04021556159060204,0.013208935286871016,-0.022738968256378576,-0.08546465713843072,0.01675265348741463,0.28833305782808816,-0.14362384628917904,0.061115219358555496,0.22375569547514926,0.04720159434302391,0.08741717121228346,-0.03850952017064393,-0.10485641887558711,0.027220859632604424,-0.07797874067029081,-0.026159894904509096,0.1855994733078663,-0.14709266389342643,-0.07719225709690941,0.0362476086805307,0.146042449717415,-0.03297531813932476,0.09223639609243811,-0.0711977838184825,-0.1454871537313117,0.024093563675152398,-0.1819516133561171,0.20253041978266714,0.06000034147897444,-0.04237130916881631,-0.05778452488564213,-0.09555360553056313,-0.019414886990947185,0.07931942346772962,-0.06430363681689084,0.10654636359956292,0.09806951563971929,-0.14990401795118807,0.011440113414638608,0.13352970623763255,-0.019164585147741144,0.11395430611778508,0.008186502662368237,0.05097082999115892,-0.0425758769322604,0.04227589642047326,-0.13948398726802616,-0.145045592006661,0.03323874512443624,-0.017198549368049716,-0.0616022954641168,-0.08318712111208229,0.04594973637987716,0.07276465630048189,-0.13259482901009254,-0.13136339917574524,-0.05811112698037372,-0.1216874000821942,-0.09746790301711476,-0.08610024904534105,0.12783456649384572,-0.05976267230031076,0.11904534679558448,-0.057665620146253094,-0.10521087790599136,0.054603837204626963,-0.017235252886153598,-0.05547603326084777,-0.05112301596781462,-0.0392603182059299,-0.030410689764775654,0.15716904164008913,0.07125779671765106,0.16999170988446188,-0.056779821596110065,-0.06092774422549489,0.059972628841765935,-0.06942489276372509,0.052022459245865356,-0.16344214694854886,-0.027153821656835907,0.02398458337366738,-0.010879080460419372,-0.04337175719005181,0.04005614137004468,0.0036219570236010346,-0.05799794682391245,-0.08018717331187841,-0.09755430853734923,0.09096566885753914,0.07932781485746748,0.07203144413593594,-0.07934617186305165,-0.13289039019738402,0.16745083151571283,0.10326969916350816,0.17508403892288146,-0.26737920024066114,-0.07861002294200813,-0.1070527134728633
2280,-0.1362444889742962,-0.02265035825922746,0.22317144053489246,0.13368503895610195,-0.00700629421350097,0.0729385817643794,0.02564776640082955,-0.009801576362039516,-0.0015385568300438006,0.027585779602979487,0.24338976413499436,0.26494395440162716,-0.023910947774697485,0.04702500771565309,0.06491522643127959,0.017339746377366568,-0.16861457923170797,1.0,-0.07834227501827543,0.0002538845499770163,-0.028695191371328796,0.08263592662355498,0.15882494937022412,-0.06914625787143265,-0.08920336442744538,0.19884774483123963,0.05739897235713762,-0.17230739248541785,0.0034459851362651692,0.18228092233268667,-0.05691780371897027,-0.19100230739571053,0.27387534964347904,0.13806651793593394,-0.11943580587712883,-0.027923050487490893,-0.1350863253661404,0.17147846221210578,0.24697617042443057,-0.04839931798818999,0.22755327236713224,-0.177715328192843,-0.1849547422236056,0.210088487042972,-0.08476501724821102,-0.1245387396510353,-0.22862654540775715,-0.021549937466710977,-0.1300141980239006,0.22273263453599906,-0.08898114068733443,-0.1136481718502909,0.09106421702124703,-0.13754084963088017,-0.18425066393292833,0.2669628129812674,0.18051973780730035,0.1009660629519067,-0.04073009029177107,-0.10631642424624876,0.03686243863929008,-0.03234629985695439,0.11961782783998035,0.23254078434707356,-0.14502726213541664,-0.009350986329260258,-0.08268434804936334,0.13962327122919765,0.018865212532660967,-0.14331718860979564,0.05063237939864614,0.08845275263764035,0.22886646555172688,0.13167951742975223,0.056201197699182914,0.1728994667109275,-0.06410470774394579,-0.011751643751032048,-0.060491603969625635,0.05746006985219075,0.047529923761249274,0.27902760661559745,0.12256928202845607,0.041378786100628,0.030695159503030818,0.06106512107120184,-0.14617592130974524,-0.1509018671488148,-0.1010309984853756,-0.09394448255530556,-0.08599613034617243,-0.029222455753323835,0.01476889895802168,-0.05611053092008891,0.00821744451390097,0.20214426586016954,0.061798096022812415,-0.0690652105337876,-0.03953519616509358,-0.1544061775382199,0.03648869658182917,0.011017537337578268,0.04142236271441078,-0.11789241897075377,-0.0522482133739654,0.12447548234369903,-0.057935568008802486,0.016825409235705573,0.19701370793794665,-0.009228447949248045,-0.07370942599851138,0.09140611015386192,-0.007168052260134758,0.26651601118027435,-0.024804260831040884,-0.0408914735696057,-0.044672153095835054,-0.01556369590429043,0.060768758795232296,-0.04807449207942282,0.003193345762715065,0.029965062227158713,-0.08374519499126,0.28829726767742486,0.020103743878387426,0.18118447352900413
2448,0.10922649918675398,0.09402384248588612,-0.1619083701235378,-0.07753353362078638,-0.03231285813131735,-0.027321967991591718,-0.030923906626982058,-0.02735739845441686,0.013090381461851255,-0.0286929702689069,-0.22413682768217724,-0.17205273845629257,-0.0515675720948877,-0.024433125473993223,-0.09818621549004497,0.012494518450875384,0.03383992563658539,-0.07834227501827543,1.0,-0.01014303230041984,-0.002336975479585227,-0.049841741102906324,-0.19131242880244784,0.04384276201649732,0.08955677317675116,-0.0978984204026465,-0.0076238038859043405,0.19304394365597372,0.02644266887943611,-0.12171548001839066,0.07554251631572656,0.053209333761822755,-0.2066613230379639,-0.060600987372779545,0.1875013535424144,-0.001601142911414046,0.10198923836880251,-0.09126051432954917,-0.1876729319914016,0.001926005649067188,-0.1708133853470495,0.07548865157608829,0.14814393626030467,-0.22826357314500015,0.00712651889893748,-0.05011727134839732,0.16433924551760037,-0.013414379263961804,-0.016350126555232304,-0.16290194376836575,0.07575633813749628,0.06232112873200804,-0.0632257985508585,0.09849722863092812,0.12169720653216594,-0.17872710767554392,-0.187713773024517,-0.034818840746564085,0.048932112336694124,0.11504154818279301,-0.029334770638927917,0.06766465740808296,-0.028970081992571832,-0.1750289299733407,0.16365209302592051,-0.004423940385373609,0.06274372917100851,-0.06999122280619326,0.05280814578221716,0.01431942506841713,-0.032749187149582214,-0.0194174737028502,-0.12205291646741923,-0.012209001359304751,-0.04091440507366115,-0.08621432401226417,0.09744081663976444,0.049504164822951426,0.06871566411694602,-0.0022418796210678126,-0.010053332789366667,-0.25202992582672307,-0.015459994635229436,-0.016577659018969338,0.02037165642448794,-0.009449736697352528,0.15328883992558062,0.11952486709765618,0.11085999877901108,0.07014766312662973,0.032128458317340305,0.03821762650525335,0.0353230616983943,0.03577698089186297,-0.0006485811594509638,-0.1639121809878654,-0.008629778890916234,0.06380956166511977,-0.016176372156982366,0.07150244687401566,-0.01562828227983782,-0.030255248284005873,-0.009622204996931416,0.06537916984574224,-0.0010714729621730268,-0.12008847721586335,0.003576462635876499,-0.0035462963900059967,-0.15759399242552785,0.01311075819325047,0.026024250867480874,-0.054681667641287804,-0.007584916804810772,-0.18180741491677085,0.0028259930449042463,0.013423061996229007,0.01870847002922362,0.00038568519086589495,-0.031151460960102056,-0.024641670313044716,-0.01882799492159771,-0.02009553616641136,-0.0034244155426471795,-0.16934541179783552,-0.0022758703814563627,-0.11724118143191126
2484,0.1796934131480251,-0.12101038067624265,-0.018565476810413057,0.06285722495646383,0.016823994820047313,-0.009228441412945758,-0.1630167967524887,-0.0941130242433867,-0.07702577962645434,0.0017098139494705039,-0.03208952291974069,-0.18282651966437538,0.05554090120749037,-0.10770045761571367,0.016524645042989405,0.019886881587720874,-0.020940480021371076,0.0002538845499770163,-0.01014303230041984,1.0,-0.06467199701552538,0.10242833483634133,-0.12730587416146805,-0.09186014865893628,-0.1983078959232923,-0.15033571253802366,0.0250924630643882,0.07112894341235348,-0.21188838161060278,-0.1310999046215813,0.09816734518596544,-0.005381732716838563,-0.11140234678311915,-0.12931792876821208,-0.12133223310360412,-0.012628666207024896,0.008728224960610933,-0.2001771758223753,-0.0971665381501382,-0.10048871315690928,0.010728443901248212,0.10646477406065409,0.11691167478345404,-0.11584324090299813,0.00693230186438774,0.055255970752355305,0.1855261088906525,0.013309916373173934,-0.04321087273659835,-0.10698448096854049,-0.2197587483731916,-0.014869659318772375,-0.07617941618969634,-0.29414718567696235,0.17936547046827064,-0.16049886553484466,-0.1371416963968618,0.017152728321985212,0.030869301458303754,0.02216435752401443,0.05127652408546141,0.17399820681898456,0.03834565991843141,-0.1571724271619404,0.08319800505954124,-0.08260167315149258,-0.16351811166473842,-0.15889824216773396,0.0024834798334650104,0.1172658894031148,-0.06996161881387115,-0.04106626809176662,-0.1658182426917402,-0.015856696734172674,-0.07157206791346213,-0.10895966644270721,-0.05718618715987907,0.09418012419436629,0.11403874680369863,-0.07606684497043259,0.02736959585229143,-0.04818342572616782,0.09528711833117044,-0.015337656814285687,0.028235618888747052,0.02193409799407112,0.11403798076203339,0.07259825427842286,-0.04689909136179621,0.21947732400070413,0.07537356511296098,0.0008372689300091596,0.015631482101146208,-0.08477105742110384,-0.05701005003428848,-0.1690872498775159,-0.03425009248166008,0.02044860798252124,-0.01218739677964955,0.04452458769192703,-0.014868710641841814,0.01673786767201077,0.006654844731121641,-0.052394061455588836,-0.0018596043907220872,-0.11147440768300823,0.006847195959549961,-0.035798453740324795,-0.04481633641623911,0.06917532686330963,0.009709295318693802,0.001650386062494383,-0.008222898623563794,0.024169507456278258,0.007364677722885206,-0.04874963186101003,0.0022160269462541543,-0.04348496039055248,-0.006453338379937537,-0.03342277405251663,-0.10906011443166941,-0.035391051708692285,-0.019628227595840098,-0.07918461380814479,0.019783350844743124,-0.04300643806245377
2541,0.12362025802954055,0.24891699390270217,-0.09552588693554204,-0.11942500383951205,-0.07618999486309685,-0.016534821585401503,0.12454797908492889,0.011974589701215106,-0.06484179806629711,-0.04560554678180703,-0.17355396741410073,-0.08709542368935272,0.012184342399853698,-0.036075084061126764,-0.19193641965733105,0.01759244332653862,0.04318720916504965,-0.028695191371328796,-0.002336975479585227,-0.06467199701552538,1.0,0.08779294264905628,-0.006119140084985733,-0.010624295210673495,0.06950837929139239,-0.05702888041979831,0.05838553625141761,0.10774597365174217,-0.04616826223268843,-0.07535831880360162,-0.07532421267134026,0.24107196290206814,-0.1324033538468375,0.4142212792163753,0.15828790024386102,-0.025833792587113245,0.10426607527535903,-0.06969943462575048,-0.20238176245685155,0.02519956938335357,-0.18217041790752675,0.22601180930324596,0.2109787158399396,-0.17531674322522864,0.07222843724984644,0.07756788577624911,0.0783425484964007,0.04364656467646335,-0.024789233843143934,-0.17633283159494936,-0.07379465974789366,0.13133697058463784,-0.02441016912583448,0.0925016137200396,0.15256852327147222,-0.12203665859005824,-0.22615172726908442,-0.0504576463082228,0.06022191147960285,0.058410396173495735,0.01088840380005848,0.2800907658938104,0.08380816019275668,-0.09969788634479756,0.10516343216243532,-0.004585758587086431,0.23105168844198617,0.060291988044382905,0.13896027245459852,-0.10654461514143851,0.0026898409230031906,0.13371532392597257,-0.1637722612737805,-0.06260909977817289,-0.02924887089412192,-0.027620386286239203,0.15028725430874146,0.02655207890662684,0.09185508754303857,0.025953149393478897,-0.03129261429727538,-0.2121682853703954,-0.08515155732567306,0.0504540096115752,0.057126401822598184,-0.033930702095668425,0.0314564223186756,-0.04747274562638749,0.0003293858182748027,0.03738752460654026,0.10574947741678649,-0.002139026295934667,0.0029192275129943227,0.1014493428865606,-0.008739976174119148,-0.09753822980286062,0.035213016847679655,0.17981657795343978,0.031064271159817164,0.060880141692790976,0.0032586421815585967,-0.06966991415157395,0.0036872990083561407,0.022835388923944808,-0.014790318330258845,-0.12934652851353667,0.009563763838387562,0.05307199696949593,0.0011534487558927937,-0.0638133494892526,-0.0005062210662811772,-0.09557644556884093,0.06902350294546916,-0.2327646089643231,0.029760465766351493,-0.053121919915474984,0.028162636043231694,-0.0114324111151209,-0.026189646923178257,0.006231934074914714,0.07804468255026346,-0.002602055238400104,0.06611053540141425,-0.1965868646027791,-0.1544782699772751,0.025807654729307947
2648,0.10215123186388338,-0.07132459496206658,0.025229446457764017,0.08859944978483181,-0.04685340639462919,0.07036369874154003,-0.06606966348792759,-0.0010918628894008632,-0.1133220835206434,-0.02736745647670752,-0.06066306009610554,0.0038038343899160568,0.12435728620280691,-0.0554523119404119,-0.052027635536024755,0.06407709030872386,-0.16980942735148144,0.08263592662355498,-0.049841741102906324,0.10242833483634133,0.08779294264905628,1.0,-0.11409687486337038,-0.05953639770320966,-0.041006983848909405,-0.19543588408697463,0.045161883731602265,0.08549150001285603,-0.02570255136480276,-0.028286480243355925,0.09592267099390153,-0.10122220705220225,0.0003399340717961809,0.043715678874829626,-0.009389235800120185,-0.022569949114866872,0.006325557048090805,0.09656124057781354,-0.08097427297071286,-0.05175591727202268,0.016220194796970833,0.16564550360327066,-0.014748882713638087,-0.0772584345567086,-0.07573615823786155,0.06262388206087184,0.10512557399427867,0.058775432755567764,-0.07188030638705377,-0.06676233158239743,-0.16226176335962839,0.055057293815776794,0.014770324044713335,-0.147404921384312,0.14097015973682714,-0.07987374296875338,-0.03358301550942139,0.1826908284701366,-0.002515555874668004,0.001576647287860861,-0.02579117778712145,0.08490222201562725,0.000591420980730914,0.041594312297998745,0.1281990960091577,-0.051200104089773026,0.050820399481595044,-0.12053043175100274,0.03081581586526238,-0.07454508507883195,-0.10200543898228093,-0.06160217099230642,-0.15109972267104851,0.09342727692654437,-0.019725036608600675,-0.08728338021358742,-0.0008470771062794273,0.1335553186272181,-0.028281951056264104,-0.02475293954914317,0.06779583285164582,0.04437156922881723,0.05752955457076068,0.0604985811854536,-0.027102340824330863,0.041648397151256414,0.07133498375559795,0.13458124813606054,0.06231224516807602,0.20529313925729642,0.050977762413665036,-0.06582448580212885,0.04305844750494431,-0.11046617186147704,-0.07222012613847532,-0.0971551525743816,0.05731866675006816,0.03746183953319277,0.035227315007940345,-0.03906030677131585,0.08147510598837969,-0.05240684544286956,-0.02715747490556729,-0.08112581437660168,-0.06522937990562817,-0.059905432755688034,-0.024813789129684613,-0.0785513130456168,-0.03850695569257829,0.061543518806787906,-0.0390225726855132,-0.03208187523381002,-0.01735758052897628,0.020281212408127913,0.004535696158756348,-0.041974758012670435,-0.0445704138483173,-0.01169198654265283,-0.013876914168529177,0.007114786114346862,-0.07822076311984665,-0.044322436860304806,-0.02759347344820711,-0.05515148346718497,0.06127128287978725,-0.0368872426862898
2678,-0.6178179219709777,0.08338655703983949,0.4618474522834057,0.13543544486826076,-0.09309457338940684,0.12137095134564403,0.41789073781337455,0.16620159459691622,-0.0064888999063549965,-0.09299740501978085,0.6179465891831833,0.7872561470946831,0.2408570137345193,0.2582356954023164,0.3212840381376385,0.04485283051325633,-0.0021069285711171094,0.15882494937022412,-0.19131242880244784,-0.12730587416146805,-0.006119140084985733,-0.11409687486337038,1.0,-0.03912534356273133,0.023764411859843737,0.5788842086571564,0.10345804197537603,-0.5761499149828466,0.09752247881172192,0.6160928232655344,-0.23344281915370896,-0.05718906562027615,0.7532868214328248,0.38359472494091446,-0.15285069798873796,-0.011941077459305812,-0.33299191267556905,0.5097096937410946,0.3827931485820302,0.1797734956839994,0.31380424957562114,-0.4012273044477241,-0.3768121248388868,0.5627400556715975,-0.1393807015785307,-0.013646825491832612,-0.7055158771908073,-0.00290236176182338,0.06705756557615115,0.7046799288995983,0.023067372585624222,-0.13782281868449336,0.3119901723632703,0.13538357597663733,-0.534217739502776,0.6540413292998736,0.6111741370230597,0.21013583445781134,-0.13983826319933726,-0.13988145328184323,0.0671065109785138,-0.2628162838007249,0.04962971957484738,0.5233409145837713,-0.5236257538136961,0.055278973910311745,0.13471892759356416,0.47225985261440856,0.0913065894554712,-0.23045774668622265,0.21615084829724904,0.31207430957978366,0.6967613150448045,0.11508667856117814,0.12770974406138463,0.4941758343852802,-0.002643912963379073,-0.2020504570745205,-0.2580421090840336,0.17173157141393708,0.019550108928482798,0.6740963027005412,-0.010622143041655475,0.1170803499165884,0.08382783180609796,0.022367667845005976,-0.5157739664625247,-0.36591341319911413,-0.17435614910316993,-0.4981482072917955,-0.27340664941105064,0.01782767208933572,-0.13194122932728516,-0.16020193427865506,0.1345409518365552,0.6085759666081121,0.08792176825243275,-0.1220702035217536,0.013347883376860402,-0.2342524682307074,0.07210733553083416,0.0890946691290613,0.0864762307211016,-0.09970119074320835,-0.035999134786121836,0.40478415533603396,-0.12153244451991291,0.018622232352536308,0.523773415645604,-0.19348643375113306,-0.15949626587115742,0.12581875729607978,-0.010791597214804017,0.44580092134704896,-0.05612331662744019,-0.039453574556775596,-0.005393818215718785,0.0838354505800793,0.08666145923780429,-0.02981248289586056,0.1990975196129543,0.14340887061630025,0.05379770527967525,0.45633032967877085,-0.035019548025729284,0.46213397581454524
2738,-0.09016019935643114,0.011761149344230502,-0.04180591340466779,-0.08052165783476564,-0.01733527296367201,-0.01860456614897472,0.027412186137344217,0.059600805257802994,0.04359659350875423,-0.07630815253968173,-0.07690206687221708,0.09074817621181869,-0.15480358661244775,0.05008140661774975,-0.03950055584501471,-0.0130759883399057,-0.08808069907034145,-0.06914625787143265,0.04384276201649732,-0.09186014865893628,-0.010624295210673495,-0.05953639770320966,-0.03912534356273133,1.0,0.1180156113428117,0.04929891464466893,-0.09057141296309411,0.08775262079139871,0.12770649769183665,0.08797889182341369,0.0019738061972739873,-0.04029427166714583,0.0034735985850009913,-0.06465877693513301,0.20059853149607174,0.004999396171120579,0.03073577430950269,0.0411568578841111,0.025171651013825236,0.023038719263002834,0.05089899976374374,-0.05787662978744878,-0.06905724468746889,0.13533483246518557,-0.015869377487789552,-0.05560755013523755,-0.045330126478066154,-0.04001200653663988,0.05915573984369501,-0.020942875437173783,0.05641776090848505,-0.011588195971837086,0.02285680897154285,0.09960594348253449,-0.10305808962745104,0.033768887405747294,-0.006516027143733685,-0.06517062293877994,0.010328139596637741,-0.015524977647553978,-0.07128609667563397,-0.07304628840359773,0.02156687850078335,0.052254881645368415,-0.1014641595610936,0.033617069553329174,0.08934754554137367,0.02147626656186731,-0.08328918084361403,0.05700788979502559,0.0023909838894373516,-0.024705965348645047,0.007159450899148455,-0.04451521842606762,0.014827044352601257,-0.013818573283498971,0.004389099151824059,-0.016002106103760728,-0.0712280526514384,0.04437528174657409,0.004487681849319766,-0.08651598796259591,-0.03950422053552288,-0.005255926759601626,-0.019329171653644873,-0.02662025042401446,0.004379342186663123,-0.015326033297479724,0.015172317421415477,-0.08084355525786914,-0.0340005713852937,0.02551757047780213,-0.0038369821595182593,0.0027833014462129886,0.027641964620410287,0.04859622457868565,-0.006617501400351478,0.00045504622511145885,0.009500454392435461,0.0011242857993033965,-0.018600635180705757,0.011889454404683041,-0.005544918241514287,0.052070742687108526,0.009903899902479784,-0.005616221641251887,0.009204941511278614,-0.0026209341683481623,0.03909898838378448,-2.0762727948849242e-05,-0.004184677327486675,-0.011076031467358192,0.003339625194371974,-0.08356447941438865,-0.008843555988347372,0.03186152711707277,-0.013088411758895722,0.006492229329874304,0.01367964795873714,-0.0044970947307474895,0.035626750772239514,0.008204130546875093,-0.03689082972960149,0.05231266789894647,-0.019319173382265492,-0.008213210790410895
2757,-0.2561967620114581,0.17635228008433415,-0.0403856513825657,-0.12110521620056781,-0.0303254333842136,-0.08079707627236658,0.19918286786287254,0.08399283477784554,0.03138539104690168,-0.19318110065145308,-0.09846080584131897,0.1048559581231695,-0.09100963027555849,0.09188019216792154,-0.0026660293661464516,0.05379704848649765,0.016291654894505795,-0.08920336442744538,0.08955677317675116,-0.1983078959232923,0.06950837929139239,-0.041006983848909405,0.023764411859843737,0.1180156113428117,1.0,-0.10859416772423557,-0.1500960857995696,0.027409357544383308,0.18393738364843734,0.09515351436671175,-0.047107398530897966,0.14291101187120725,0.07687374313315685,0.07758295978499674,0.30088317597550046,-0.005021000567695185,0.04326320880903108,0.31203195723805005,-0.217641707897721,0.08424512408154039,-0.1355834112646024,-0.12763639782370167,-0.12463760479323627,-0.002449187084169076,-0.027035127444551846,-0.021069093911037326,-0.06692791532291716,-0.08387223664216778,0.23272320988912762,0.027114816092339226,0.24656449797846833,0.00701867005374781,0.05477472972052134,0.5339064162783775,-0.27898436737471416,0.04656268108301828,-0.010529865673136558,-0.025092259222111238,0.1155265384021449,0.07015908870232686,-0.13826209885814292,-0.22701840800869075,0.1383517964783484,0.028966657681193313,-0.07790447425950946,0.1108645854355464,0.39283782804660905,0.06697799670009563,-0.0422892218465735,0.05124943940610732,-0.017956022741226402,-0.1664500290465316,-0.031065546272426182,-0.1454674924688408,0.016843633114892096,-0.010873550602044103,-0.03473450198939511,0.04350716507828603,-0.1000248087806454,0.05057048483064808,0.025900526270744677,-0.09928863318950275,0.07527882258100105,-0.052605220209179605,-0.12429700108230679,-0.07832437599392321,-0.026725348218791373,0.041080693201258914,0.18705170236119575,-0.2084304417384708,-0.15597016383296108,0.07059449542551509,0.061214954408301735,0.0005912997474093488,-0.10179206378878866,0.07180497250539672,-0.024255299959263194,0.0724625419114666,0.062121237716181686,0.048960689849418294,-0.035256895457873486,0.06402409464985487,0.016524761552849616,0.21324865755158665,0.03158371120788933,0.025898034048711358,0.0001718695851510944,-0.03082813876283861,0.00596680127427462,-0.01553527455144881,-0.0050393292497129235,0.00106011617122065,0.044714469022260915,-0.17017346393489782,-0.02806074551667348,0.09149077895747978,-0.06575470738397267,-0.019317911892430862,0.08421034709188474,0.039338751861277,0.09668890622716772,0.029230442983933354,0.0074470221156928175,-0.18102061138729988,-0.05339545892856292,0.0045272912694744325
2778,-0.4217705780942577,0.025551964109821128,0.31693829878263413,0.1995556931647429,0.049428621918184534,0.12052548673229499,0.23339193519950455,-0.1044909114558398,0.11734555589896825,0.03924819391326512,0.4831620820808267,0.4953458339530634,0.08790677907793322,0.1653971303787964,0.15637026884235608,0.05548044481594515,0.004117212064996922,0.19884774483123963,-0.0978984204026465,-0.15033571253802366,-0.05702888041979831,-0.19543588408697463,0.5788842086571564,0.04929891464466893,-0.10859416772423557,1.0,0.0456979871809681,-0.46411130490370317,0.21194557427491323,0.2840411374705467,-0.2515756309563383,0.08540835821709848,0.483901767482786,0.3347910878810211,-0.18302635895918967,-0.0005278613830748274,-0.20021699295333467,0.2146485993789286,0.4224128623898494,0.07710384094447247,0.23553048753030872,-0.4111169834398257,-0.22195251962085655,0.40627119907604653,-0.04390940515557609,-0.15143025430178353,-0.5426044011209535,-0.07056014211689121,-0.07211439035676849,0.4861442320967796,-0.13924145706369556,-0.19042616465646087,0.13533813382961263,0.05006319973047397,-0.4785588323083534,0.5744482499522264,0.4892846850355601,0.0484390137236133,-0.20776922019746258,-0.07674722930214871,0.03302691841613617,-0.2140315260991387,0.2164154884609645,0.3622751866099117,-0.3126871181483633,0.07493091357872216,-0.040279724425589865,0.40392398737378044,0.11778613063954559,-0.08855337017161381,0.23430734535598338,0.443180131065773,0.6990595264982316,0.07446157338025532,0.1431663591982216,0.4229753442870863,-0.08894179833165039,-0.3708507295006501,-0.10730763131903157,0.24576418445401815,0.1251905324025337,0.5147585150018498,-0.1186297601719928,0.06977980423579748,0.15749281077712687,0.0932417601308092,-0.3479610105373402,-0.371855814450793,-0.15002371468186124,-0.4276561278791932,-0.34003752365828954,0.07417383867925767,-0.043222592632380555,0.0037247668948860433,0.09209720228713399,0.4864123598091912,0.11100944702095443,-0.1167608350349884,-0.03386341886636045,-0.23212429471711996,-0.008263562973638087,0.01980855016618483,0.04108688707362031,-0.16707686775615907,-0.07326244830986303,0.3105403271739118,-0.07784152464640563,0.08666239384062925,0.5327202120012581,-0.12612117984191842,-0.15930793676914093,0.11887662852603179,0.06031705537660355,0.478016205532796,0.011765350967231119,-0.03928746054442254,-0.03735191704429163,0.0531706835405797,-0.018022914575579065,-0.02640131675888237,0.18695512741357873,0.08222733713632872,0.0174919459703817,0.4106966295819311,0.06936900603358229,0.32427175187945423
2842,0.03749766886354505,-0.01667032320463941,0.01707686577213521,0.16548204909513892,-0.04165297972085915,0.11103387619763055,-0.027350488272103596,0.002545683587006372,-0.033480236525092265,0.05438352468709787,0.033821364316605006,0.056389152790842466,0.1166711158408923,-0.025034531937362034,0.010866679647831381,-0.04409546881242848,-0.04021556159060204,0.05739897235713762,-0.0076238038859043405,0.0250924630643882,0.05838553625141761,0.045161883731602265,0.10345804197537603,-0.09057141296309411,-0.1500960857995696,0.0456979871809681,1.0,0.0071634825703310165,-0.11020321821821549,0.05829780379036849,-0.01568950731829633,-0.10124101921842717,0.08503324903400637,0.043355050292110335,-0.0608230240737441,-0.03372200298229249,-0.07514594284399247,0.033263806796853326,-0.12735039727302144,-0.013475819578024286,-0.029561918337102772,0.09673436719166803,0.12510094450288944,-0.022334304026209596,-0.02236016328126676,0.016773714431363298,-0.07180391744693448,0.04636952284863245,-0.12838995932038902,-0.012382453718200162,-0.0784126245122687,0.00670527062009181,0.06934893178266265,-0.11247618329171503,0.09815189465914638,-0.00519434993596502,-0.06387463792467998,0.07628441248812495,-0.001967502263925507,0.0932471623587984,0.09645051166467179,0.10077673884821665,-0.10953137576830307,-0.043894528994750485,0.11645400924058047,-0.08317703552101036,-0.050058470310385024,0.042704334441636245,0.11469396600748333,-0.2348918768781132,-0.0040744327630783065,0.15953326050525665,0.04216374692636744,0.17233327314666474,-0.013755285788676462,0.07549281433794273,0.0022675285740046836,-0.0041819399240693176,-0.06817742151758882,0.028309205629556824,-0.07342166166766628,0.16297970776783377,0.09205229154466292,0.06871863835920791,0.0312169968978328,0.013325799966517901,-0.1427213677789121,-0.08937052728036786,-0.013002004198604929,0.08156420216818656,-0.02511062783493321,-0.05729246757948859,-0.003389895667423676,0.04537762755297598,-0.04234433323438168,-0.03660057999374477,0.030372690884044658,-0.06210422792021463,0.0255948526625214,-0.03937151210573662,0.050465836873092106,0.04017366324462287,-0.049203329542592274,-0.09308260805847163,-0.015373835432267438,0.062490011050767486,-0.03226881103241353,-0.014244771184595544,0.12083348062093527,-0.024148586189777582,-0.019451303609426897,0.09516250264127005,0.014618522928344299,0.1684437485191828,0.0774465847955507,-0.04452683779728781,-0.004281951104570086,0.04798103470705816,-0.010216799866652266,-0.035809903510142675,0.041070495019340354,-0.014161924032282329,-0.07400171432600891,0.047416616834329406,0.02942460115818658,0.11311996011557117
2859,0.4885370369251953,-0.014023666141525941,-0.3774987764187341,-0.14166405875205643,-0.07100591189656875,-0.04087083128112217,-0.22090442686182557,-0.02068614917878479,-0.05894567123329262,0.005278848865666706,-0.5375404162494679,-0.5492017451909972,-0.09400036135200157,-0.18909227337317128,-0.27643860782794,-0.06649180816573037,0.013208935286871016,-0.17230739248541785,0.19304394365597372,0.07112894341235348,0.10774597365174217,0.08549150001285603,-0.5761499149828466,0.08775262079139871,0.027409357544383308,-0.46411130490370317,0.0071634825703310165,1.0,-0.14708820150341434,-0.42029462347544416,0.2322052583165956,0.12707295093198456,-0.5546517162377584,-0.11965462520217218,0.3351705555035332,0.03654318604383994,0.35721253100200934,-0.3243000202462232,-0.3664007821912203,-0.16045856613555076,-0.3370187276475504,0.5314918408022155,0.32391214750056574,-0.4576616994250214,0.12087307884151208,0.18484074081055302,0.5671552514183303,0.005155236165041661,-0.0692270010782033,-0.6518385807757818,0.02559860358040178,0.206288369050115,-0.1974952695733072,0.01036239654446661,0.4995116134218901,-0.6062932819326153,-0.5915261979608873,-0.2672571010586809,0.1477997966236622,0.14825042695161766,0.010844913882587348,0.35392183436018143,-0.12304477857044656,-0.48955311981031163,0.40122707646832056,-0.12813939975867136,0.06211210595844789,-0.3615071925450334,-0.029998503411048687,0.08445363058833119,-0.21433148850794198,-0.13731764374328564,-0.6348455827420914,-0.07279366523985732,-0.11152835430090692,-0.3771853627824573,0.17608937955198517,0.270815007492806,0.23355292396105679,-0.06342554982861785,-0.00016453420122799128,-0.5989621695556865,0.14491955576545243,-0.0523395307464596,-0.07000861847477481,-0.05810479671991739,0.4388097432507751,0.3505058152755348,0.18435031974391328,0.29861402768619355,0.31050352377746215,0.0026344098353196627,0.09555551438076039,0.14570392771541146,-0.09697245621148333,-0.5291743004106222,-0.08633551309599355,0.1486333288760987,0.0082777842492113,0.26276926701504905,-0.0497710793010902,-0.03213345416937767,-0.007591082850215327,0.054346830315293554,0.010053012950928131,-0.36614678175217463,0.1898536720798755,-0.025016965534028348,-0.4496114893782499,0.07934598538629126,0.11986226351214427,-0.11923466342575365,0.015473997101396518,-0.4958002716234855,0.07984970296695618,-0.018307970785062737,-0.016566896766638764,-0.09546622422565397,-0.07780903112790616,-0.026517410979564223,-0.06181844273251348,-0.10126828351982622,-0.03564536933731578,-0.40555964216310836,-0.026743860380108328,-0.3199374621616962
2860,-0.1893116295746559,0.3049056126089412,-0.012421087648585261,-0.09194106078571558,0.15562560310496049,0.03768018176095662,0.27387240923551426,0.02041035573578127,0.3395212554869252,0.1257750937550393,-0.004093022164238077,0.26583609619818716,-0.17747382781108073,0.1446200246776277,-0.06250642468753037,0.0713395624713725,-0.022738968256378576,0.0034459851362651692,0.02644266887943611,-0.21188838161060278,-0.04616826223268843,-0.02570255136480276,0.09752247881172192,0.12770649769183665,0.18393738364843734,0.21194557427491323,-0.11020321821821549,-0.14708820150341434,1.0,0.10531953850202475,-0.2513339465400849,-0.05052147196477035,0.1425182367374872,0.07275244223845616,0.15874616290598878,0.0034811204659721384,-0.09955793209453721,0.16481181421000238,0.16114767218816609,0.12346964266386803,-0.026243778239071945,-0.27424068252558376,-0.06363511998428094,0.11240010088389127,-0.07748988054530226,-0.21794931157350667,-0.23287498477608604,0.003715518601226482,-0.05223230486084555,0.088089021296372,0.31043895819091694,0.09840967524745411,0.09986192296976526,0.22151575247649294,-0.2631234331856202,0.23120262907668532,0.24254047498363612,0.16731387853969848,-0.016907670289045443,-0.10246940172665679,-0.02490861036839894,-0.3414508279625009,-0.0010108342029986536,0.25466042373672904,0.019004816059766266,0.10636916566185012,0.1512687980672379,0.10455102216058632,0.15123011564029495,-0.09946835195642302,0.11649642214202995,-0.027426415198302682,0.25346823423902787,-0.08208327094636066,0.050282217890512446,0.06199219545552449,-0.06569934215606633,-0.0209775579674721,-0.19864854958783434,0.18412383842843433,0.13252052986024818,0.13648877461424921,-0.09260089637299737,-0.05608457722233259,0.003138682693963553,0.07005391720726811,-0.15852170176754565,-0.10284860727233297,-0.15824284605545338,-0.23389374730456997,-0.07065767935848112,-0.09570904682789717,0.002218272792325393,0.08709613953091476,0.19810680644525064,0.18619120391527813,0.007214946223155468,0.07707901951444582,0.04623965405732707,-0.1389404065418906,0.008162812033661017,0.06966632069420335,0.05681912761284686,0.013965177111546616,-0.08384816144010947,0.23715016177542161,-0.1050826151641932,0.09502678128529596,0.19151847159172003,0.008865734175871944,0.0019278980915115216,0.0016922226294067513,0.04582360121027373,0.02182505678862264,-0.033192916559370206,0.06630616775193103,-0.05964899749400789,0.073806320502266,-0.07132582752678154,-0.009287392354104525,-0.003444654940226377,-0.05118496598067286,-0.08805904419518694,0.2503814301617158,-0.035892100044367006,0.03515259912872323
2976,-0.6071249005195288,0.028869384945138427,0.41154536947276776,-0.004199058328183865,-0.025999781476087187,0.11830739714746531,0.33234415302904957,0.28441462261265754,-4.10018439924683e-05,-0.14409790805040204,0.4215403546200958,0.7469023882892555,0.3270700216290961,0.210446228483771,0.3105227428486856,-0.01569978531613051,-0.08546465713843072,0.18228092233268667,-0.12171548001839066,-0.1310999046215813,-0.07535831880360162,-0.028286480243355925,0.6160928232655344,0.08797889182341369,0.09515351436671175,0.2840411374705467,0.05829780379036849,-0.42029462347544416,0.10531953850202475,1.0,-0.22174461086868077,-0.2848072045593538,0.6225173819022739,0.08803410829612382,-0.029837066284211133,0.02317329806812442,-0.26244219810707103,0.5247082128458138,0.2710553377188644,0.15166889260879923,0.34106727932211267,-0.3251865260109326,-0.3672660510743059,0.5315304914530327,-0.06044093852574837,0.019726147962882076,-0.5299401942335319,0.032456759078480585,0.12472492334344978,0.680299232812236,0.12114252310354011,-0.03928829381579529,0.2698005569844583,0.05800440115626513,-0.4988486933990573,0.45904887912823367,0.5643116504158532,0.2549585130125203,-0.0566055019890097,-0.018552830523219984,-0.05845061870568199,-0.2631949385006863,0.0029397887127721217,0.4143304258307864,-0.4351957267118736,0.0753204758743698,0.1331953941477531,0.34437835016695933,-0.05860631694798906,-0.17521950210864715,0.18013924041427934,0.10438902326806139,0.5382184148947133,0.10596209079641525,0.1445180797834633,0.30811110237247746,-0.01524358848343201,-0.1330473035337882,-0.30443252109510444,0.07674677130117076,0.014081756142263962,0.5331435106849545,0.06978555884258342,0.0645591558151832,-0.03910638593712343,-0.009846412025606183,-0.39873228989734755,-0.2398287878343059,-0.09607803276356916,-0.3708526419201752,-0.3334720623708012,0.08295137784370268,-0.028914045301265408,-0.20785328209055307,0.0789331623083436,0.5025642042867297,0.1154158243209497,-0.08757571623266444,-0.0037063958294148635,-0.23255063530289238,0.062480113228497676,0.029764489854324432,0.09183543137262586,-0.03481949910569333,-0.08337663047965807,0.29863866375039144,-0.0666227585788693,0.029129822484046258,0.3294567391457751,-0.14685224208653755,-0.1874862722135007,0.09734575887660414,-0.045284610090578555,0.2934423441605692,-0.07045112547820057,-0.004874171556654041,-0.05233571639208542,0.07757691793391787,0.10320533020388399,0.006443653702098682,0.03263564184567261,0.013222086659491263,0.008717608941175832,0.3244011377678572,0.04056241349351983,0.35649226320653854
5404,0.28502802440476593,-0.15796711153738016,-0.0706272934544404,0.021179917337393245,0.04064833379517195,-0.07754330784164908,-0.22927676860150598,-0.0658369146234509,-0.0629245533414745,0.01876781778036907,-0.12903075311211523,-0.3458896110968526,-0.01909209960150386,-0.16818543680004958,-0.011709736994484087,-0.07277342211153855,0.01675265348741463,-0.05691780371897027,0.07554251631572656,0.09816734518596544,-0.07532421267134026,0.09592267099390153,-0.23344281915370896,0.0019738061972739873,-0.047107398530897966,-0.2515756309563383,-0.01568950731829633,0.2322052583165956,-0.2513339465400849,-0.22174461086868077,1.0,0.15466434451835884,-0.24413891571852528,-0.25655133474787273,-0.028146508500366523,0.03478268441605691,0.09876562249667559,-0.15685657380377674,-0.17520222831240495,-0.12433596469372793,-0.16049918662791707,0.2290997688320297,0.1658625723624827,-0.29391160568504565,0.04954950653034255,0.06566100287509573,0.38101653235125627,0.02727565255347983,-0.02103846161043436,-0.2650742428885943,-0.12034881035068389,-0.008859781661874597,-0.12418808397379517,-0.07844488845413017,0.24184076559064974,-0.3627280021348264,-0.27294437237760094,-0.24243231329566028,0.09542995966683714,0.1696708570249743,0.028216750364424323,0.2664347835525262,-0.11685681932192968,-0.2605510624331212,0.19824679408847143,-0.09559703707912007,-0.061166892076595404,-0.2427228092344679,-0.07004128350263226,0.13850473335021798,-0.08249525289061219,-0.10832507889914612,-0.31408398341831245,0.09729281131162518,-0.04633230133516412,-0.15954019846419754,0.07769236609848965,0.12787086827069286,0.16962235935907036,-0.11121449400560798,0.04826885040321141,-0.23923389327877384,0.03161753828400052,-0.0613736312453441,-0.04564438406927475,0.0022264625329881187,0.2675615297131232,0.28484975057045303,0.16915404041601867,0.3098619063120557,0.13101498755401386,0.07364560841119377,-0.028989461557846284,0.02707606914898449,-0.06028925856547877,-0.3434253980810304,-0.03699987263349852,-0.004829581324780562,0.006853083056309971,0.12502605587723176,-0.01623397094906011,-0.009840627759721133,-0.0033751419868770596,-0.02253021783389756,0.029221865750228268,-0.20634532373855433,0.04046317362346093,-0.03627718243991259,-0.276468499045532,0.10597170883838698,0.07407001449528373,-0.03199454012037252,-0.020464417296313635,-0.07665046289916488,0.08476750286588788,-0.01127204551035161,-0.010985793743997609,-0.09092040796505493,-0.06768813056406098,0.0013131560252735955,-0.04807986177009594,0.009570946013214185,-0.030218350647169247,-0.22190647118153672,0.00844492267308579,-0.18959637029625684
5432,0.197594364550028,0.19082704057146613,-0.1714633019103615,-0.08764732228462051,-0.09887317763197281,-0.1452356300490667,0.12288595251317572,-0.06658005506500995,-0.12402981938411721,-0.1842461147731049,-0.18956002618958334,-0.3293276899405152,-0.10907148013181073,-0.15248649918261942,-0.2194793198287737,0.07790542876082998,0.28833305782808816,-0.19100230739571053,0.053209333761822755,-0.005381732716838563,0.24107196290206814,-0.10122220705220225,-0.05718906562027615,-0.04029427166714583,0.14291101187120725,0.08540835821709848,-0.10124101921842717,0.12707295093198456,-0.05052147196477035,-0.2848072045593538,0.15466434451835884,1.0,-0.2782568645731788,0.2100726762301915,0.2024669448223911,-0.06922580648248836,0.1883495752920097,-0.11255989581476583,-0.21026261634279253,-0.00475313154596012,-0.30592625281683233,0.04962627641460578,0.2771810349591904,-0.2887781804396027,0.06905172638535924,0.006974453448816624,0.1735186895705185,-0.0907433332100319,0.13326915487099214,-0.313715578093463,-0.2722925908878807,0.021754383371546292,-0.19894372214884778,0.306083124720468,0.07074599190872766,-0.2576824067538658,-0.3286502838837215,-0.1873584983959518,0.03170416395040318,0.0890141898946149,0.07745998338036908,0.21984350397486924,0.3651736363443359,-0.1446486807286215,0.08090062691878372,-0.009264221858474827,0.30796649194081166,-0.0032426244753919623,0.17115443049353737,0.15682104908479652,0.015159608081865741,0.2198052993205495,-0.1709053063019745,-0.09743868701670043,-0.010881266395198357,-0.040435276082030416,0.07143989226216847,0.01383932702388317,0.30277614076910087,0.0513445073708698,0.03555625721951769,-0.31727227665339874,-0.04472769583962261,-0.09089803522021188,0.012403252743033215,0.0029517896391490317,0.2096341044088471,0.07387275304191197,0.23046911791470667,0.037554698360241806,0.13075186058303342,-0.00780587688799857,-0.07436070577849911,0.10432575634407729,-0.08781692189940735,-0.16189365684157217,-0.0719936407818763,0.18011786679245673,0.023783673425731042,0.16826809550103708,-0.10569263518816903,0.010449633408534111,-0.00790363396280722,-0.003231592641177183,-0.02636680482702889,-0.07981427449678076,0.03333735388971125,-0.07314999198810197,-0.09130017014696477,-0.06427089220874264,0.08078079828484942,-0.03633087083935493,0.0901454354947263,-0.17117149055698389,0.024785192504635074,0.011300847067755285,0.045894639445981024,-0.09739607462152881,-0.17371282061163312,-0.01801839915243134,0.09786704621277642,-0.07570578738904578,0.10574941353190963,-0.30503006918710174,-0.12995886339619006,-0.0037911106188790386
5435,-0.681542281760591,-0.029944003830716926,0.480906236875469,0.18944923158274415,0.035905308912964735,0.10614512437788902,0.308584730959043,0.12041730445919444,0.07976203233568616,-0.1313094175024144,0.680056477093962,0.81899908368343,0.1439467162231531,0.29213968497586273,0.29106466987452606,0.012827084352355383,-0.14362384628917904,0.27387534964347904,-0.2066613230379639,-0.11140234678311915,-0.1324033538468375,0.0003399340717961809,0.7532868214328248,0.0034735985850009913,0.07687374313315685,0.483901767482786,0.08503324903400637,-0.5546517162377584,0.1425182367374872,0.6225173819022739,-0.24413891571852528,-0.2782568645731788,1.0,0.1466266464743677,-0.2080131470730932,0.019231925531562326,-0.408250275473841,0.6166702212703911,0.3522201639982318,0.15183114313774992,0.4209301484821711,-0.47613874798663913,-0.4894564853455502,0.642091956673521,-0.16940067699887928,-0.1995818074051145,-0.6872380861420336,0.007507700739458963,0.024163893887521087,0.7479595885269821,0.012792991887796293,-0.21835919843776697,0.3354771017306677,0.09418392597552708,-0.5755205334890878,0.6608233435821199,0.7175792091862037,0.2181950271578914,-0.17844044288951214,-0.07555408708679806,0.007470616122755338,-0.3952789501943798,0.118458752343572,0.5896490762993524,-0.5616199290896932,0.054419732785771266,0.07815128291474585,0.41146027032203225,0.12124468687547872,-0.23200848107208188,0.20042563497444318,0.24086465685428884,0.6680281867681082,0.16907457319930183,0.18660874961057775,0.5058573087599717,-0.05678357689262779,-0.18775752010817992,-0.2575021556954263,0.10635137331143966,0.03028623521873349,0.796310768956043,0.06396948746709091,0.10157062686591105,-0.015541489428461074,0.037934326935550926,-0.5752394922817338,-0.27608004754576576,-0.10723691101904673,-0.4685821496176268,-0.3394127514392236,0.025630236099987595,-0.08182515568067439,-0.17307299847884258,0.061293839905043765,0.6415934890790074,0.13219849335849998,-0.2134213175560558,-0.019028068671869125,-0.2789944985485065,0.07333873646458425,0.0795995609853376,0.04046376923719999,-0.10316462075693407,-0.05850744081566657,0.47638821729568176,-0.11477604601113742,0.06247759834314041,0.5403818785288175,-0.12218531540809069,-0.15372590041490958,0.15522600816138563,0.00320463527519011,0.5222721972792027,-0.07850758549617166,-0.03274740958300327,-0.10251456621023741,-0.013879854008765187,0.11818155503765702,0.016468797334616404,0.07346789286987344,0.09190444782355235,-0.04364933040616603,0.4819852785162755,0.04024088979525,0.4853229991480228
5436,-0.11321960966290164,0.3391380683526115,0.11666488076251344,-0.01230639060487248,-0.09161811316146137,-0.005207658354949642,0.29622054364944317,0.004907154992418574,0.029150898386281286,0.002642175827092446,0.10494836589262627,0.18642161570822202,0.14875244439713664,0.08962912249707301,-0.06530188462423459,0.007475473747291817,0.061115219358555496,0.13806651793593394,-0.060600987372779545,-0.12931792876821208,0.4142212792163753,0.043715678874829626,0.38359472494091446,-0.06465877693513301,0.07758295978499674,0.3347910878810211,0.043355050292110335,-0.11965462520217218,0.07275244223845616,0.08803410829612382,-0.25655133474787273,0.2100726762301915,0.1466266464743677,1.0,0.0817243986655666,-0.07115257487762394,0.010851652490768277,0.03790978431806267,0.020260926049214412,0.185828972814906,-0.06478266570296254,-0.004137923568799571,0.03314725722632639,0.04086454112181135,0.03477753107955465,0.020818481978394223,-0.2537414191669594,0.05246223021557697,0.0037486559725429117,0.16875712182722521,-0.0672494642790299,0.006303440182458427,0.047510668654451846,0.2139680147381971,-0.1333943255397997,0.26024092021943984,0.06777265756854728,0.08957240241137304,-0.0046762193469073125,0.017219499715699603,-0.032864221706084315,0.15875863067911292,0.17084491915881508,0.1125432261065779,-0.10714546111602248,0.0878491997898529,0.19886761868001504,0.3168970790537107,0.18576334958699758,-0.17473002151122793,0.09026908720771334,0.3607680977011298,0.2327855447701766,-0.05484054631443939,-0.01021643459076363,0.18399861322060995,0.07638108915279643,-0.14424631811896219,-0.07988820688918176,0.10311321993751063,0.04802420635588777,0.08301017375775548,-0.14039224448020868,0.08496415238945086,0.10370648877495775,-0.01564023300863207,-0.1815048516382529,-0.25011420357442626,-0.08948854317335865,-0.1783085158560131,-0.09767016188041792,0.04091041038157925,-0.05223024822486481,0.020068075313157244,0.030629409365860786,0.1728074408619999,0.11133566756747114,0.17455150472151704,0.07074772692059932,-0.05011421854000222,0.0773311792996612,-0.11939686138093922,-0.019477727972747275,-0.008181237499133418,-0.057336658840741246,0.018911930592281367,-0.04340911633989433,0.059285280948969905,0.3188148659773647,-0.09140433268948796,-0.07352040265268268,-0.0375684196152971,0.10869655895847566,0.013218267443125048,0.041149237992247935,-0.08853902971100851,0.028316786002261132,0.03371759551656261,0.01065911652539392,-0.011519940050978951,0.22763114745454038,0.06501366961493016,0.043467027821564586,0.030230671075701182,-0.229731355385785,0.2265530227231029
5437,0.023343064070286638,0.14241154821150886,-0.2341197845958278,-0.2348397086254249,-0.11893534531464642,0.0005000639507977449,0.1010276764572871,0.17707355115498025,0.052964827338531445,-0.21473956590651522,-0.4060563781468684,-0.09397722940587122,-0.08068292517435585,-0.05904468917968348,-0.17978312463720578,0.05445454379588094,0.22375569547514926,-0.11943580587712883,0.1875013535424144,-0.12133223310360412,0.15828790024386102,-0.009389235800120185,-0.15285069798873796,0.20059853149607174,0.30088317597550046,-0.18302635895918967,-0.0608230240737441,0.3351705555035332,0.15874616290598878,-0.029837066284211133,-0.028146508500366523,0.2024669448223911,-0.2080131470730932,0.0817243986655666,1.0,0.05447079606226571,0.2595464488285451,0.052881617114697875,-0.2782210261479018,0.006521249572447725,-0.2280161132814133,0.238069535975172,0.18768561155883634,-0.1568288483914457,0.05758817927292802,0.046796904801789746,0.20783789502169392,-0.05433633036175951,0.09359596479054161,-0.2945014364619446,0.12937179552629194,0.1528061914226939,-0.019248669454412407,0.3712622660491855,0.07831860889639536,-0.2856536439626955,-0.2671505494309433,-0.14891369733934184,0.05579664814647164,0.1751809409862964,-0.036334766331317034,0.08677282092056975,-0.013099645176728087,-0.11004741158609929,0.13038455641684188,0.024866587493816428,0.34939330428227194,0.00944735341699228,-0.03533255576621631,0.042275950266559455,-0.0705747359990905,-0.050764790020596084,-0.2909007118478296,-0.13513372309122393,0.05124885359787006,-0.14256903008071387,0.1769792220226858,0.15877422569819327,0.029700799966635487,0.0657817964692039,-0.023983390619817024,-0.4109436185770448,0.15346942983092665,-0.07702325539087788,-0.12837310981896102,-0.0742760371692641,0.19591904195759605,0.12687469824372152,0.1405429902781789,-0.06340563495090346,0.014683924565800047,0.009430904670445163,0.10574142511118127,0.0668593950712543,-0.0530529734835917,-0.20411094177786437,-0.032093814990803625,0.1366615503245505,0.01805309578426081,0.17277921267170204,-0.018601659655035144,0.012963877497689683,0.02857271535707169,0.05170460883140248,0.003950612495591098,-0.19202919352390485,0.0789493371782234,0.011675716466178945,-0.1617585210941316,-0.022678360994185902,0.028752976697279737,-0.09130360931759926,0.04722835574715077,-0.3918556341272237,0.03464524574801414,0.05086458851662867,0.054921874902709944,-0.017139521981968327,-0.07481879301877425,-0.09547071520399589,0.007096385236034182,0.0013694711565081369,0.004089526531512847,-0.2908280202778361,-0.024889994088848504,-0.1141661806557233
5438,-0.07890533578231362,-0.104300109589172,0.015097218379149712,0.027886852253538257,0.011658122433745043,0.009616111878823995,-0.01952504860950033,0.035358857637643175,0.004521575595420572,0.026426928541732363,0.01704144262569536,0.03433038184775328,0.0649477396920608,0.011937340353864102,-0.020628270144763577,0.003094144488014877,0.04720159434302391,-0.027923050487490893,-0.001601142911414046,-0.012628666207024896,-0.025833792587113245,-0.022569949114866872,-0.011941077459305812,0.004999396171120579,-0.005021000567695185,-0.0005278613830748274,-0.03372200298229249,0.03654318604383994,0.0034811204659721384,0.02317329806812442,0.03478268441605691,-0.06922580648248836,0.019231925531562326,-0.07115257487762394,0.05447079606226571,1.0,-0.02027016621216774,-0.005771500842110141,0.12812339012307694,0.0275319725580068,0.06240190630926501,-0.01322841232900831,-0.009342289179068465,0.07868402818010863,-0.00041246708330879104,0.04009252064351977,-0.01288019670862061,-0.007175745438218525,0.02901751207772682,0.06585364787239018,0.045498251585367314,-0.006057279171616103,0.003421964943866402,-0.029517866312106813,-0.061737980259585955,0.06834285463859768,0.09588625224281144,-0.02179547107874317,-0.0020767651781138452,-0.004465441088345819,-0.035347423799938445,-0.10606805836491685,-0.11211124246409533,0.0529036303709959,-0.01940356265718189,0.008700360335100795,-0.06404281014166911,0.011959233086798223,-0.11489811936782747,0.06879671723567059,-0.030453141046174137,-0.0798460754120811,0.010584216682033463,0.012636671509358878,0.01606370965844491,0.010749392478062446,-0.0406612170527197,-0.016059102536056767,-0.06878873457315288,0.03464171321703297,0.033756717143868756,0.029714009448092743,-0.05045092646745707,-0.0022178370500647564,0.02233215080947323,-0.003157627566295747,-0.015610869156041185,0.020908147460545867,-0.012670676565033385,-0.05944908764740545,0.016672457254334895,0.031168897297146,0.007561448069059735,-0.04713259546539885,-0.02990297114313721,0.05393531958868804,0.009250910615087858,-0.013281804704041758,-0.0008968605320196397,0.025259715474879138,-7.055072769273153e-05,-0.009023828357936485,-0.020241738508431223,-0.003000801447138892,0.003318182725503365,0.03548262739270141,0.011059164081916798,-0.01608548179044351,0.0051836705998450595,0.012874611651493282,-0.005616536438388571,-0.00946778228276602,5.7659755565884955e-05,-0.02594100310985457,0.004360498518098283,-0.004735987481267745,0.005829984818642331,0.0019564087425987652,-0.007229837090493823,0.02828567478252374,0.014827760343833022,0.00289409961513122,0.014438793430751938,0.13114217837940986,0.006219067606926001,-0.01659267669719454
5439,0.2510744976179757,0.00201448838964503,-0.2766479307697359,-0.18588977245715055,-0.09097871073192047,-0.05703122021895765,-0.12497862162092555,-0.052579441699265726,-0.031749971016133124,-0.0736650665572917,-0.39628106412521924,-0.4183602013459603,-0.0226139771582236,-0.10755436396673286,-0.2099575268987925,-0.007032964144482119,0.08741717121228346,-0.1350863253661404,0.10198923836880251,0.008728224960610933,0.10426607527535903,0.006325557048090805,-0.33299191267556905,0.03073577430950269,0.04326320880903108,-0.20021699295333467,-0.07514594284399247,0.35721253100200934,-0.09955793209453721,-0.26244219810707103,0.09876562249667559,0.1883495752920097,-0.408250275473841,0.010851652490768277,0.2595464488285451,-0.02027016621216774,1.0,-0.23100641028508115,-0.26826985248653223,-0.016963436785932935,-0.23194977123274296,0.25061617863237245,0.2707092834076117,-0.37663119986371446,0.07387324952131445,0.1216380493023171,0.3932311163767339,-0.04794483232238095,0.07307531262111334,-0.3965948301288853,-0.14426177098602577,0.14032082709302696,-0.13590036372251035,0.04733115189762937,0.24855602398732266,-0.3697011616899016,-0.4475377870000788,-0.08078373993648594,0.07990291941904613,0.13423546181207158,-0.003995990573587806,0.14629125299160983,0.1523802286013128,-0.2920770686688889,0.2582554066629677,-0.030328808534930987,0.046844935909928234,-0.19111771457427984,-0.0015768346938502893,0.18042509736747991,-0.10848877740084859,-0.033233359100327084,-0.327910606902442,-0.10956897349927766,-0.08230545167677636,-0.21695232487679147,0.13230094478391094,0.061653676922808355,0.16304447083714424,0.003114621829135109,0.039959869955406416,-0.4944509453784634,0.08720818046429746,-0.06578827410367528,0.006587783842497621,-0.06813594562228262,0.3879037119421555,0.18362978047116252,0.1445796901860448,0.14194215899074347,0.042808780609704326,0.06932708520031099,0.1091691049086913,0.08509365353158167,-0.08924511446020848,-0.3306680889026905,-0.004481345993127667,0.18330982818371894,-0.01611167555586414,0.16733503080722809,-0.05471569110518929,-0.1221664958577856,-0.04985379679503822,0.09550448006508072,0.004125826785349594,-0.2935849794382965,0.024294037603576218,-0.05714024232877459,-0.18157250891888604,0.04152621710271864,0.059997136354633024,-0.1030272051608119,-0.011887305867440242,-0.3570236458131465,0.015174600528736372,0.05519124693261557,0.03175096140774411,-0.00895799975406583,-0.0482864238199116,-0.029053037171994832,-0.0465061553662869,-0.04946826569405179,-0.024878983333672607,-0.3348501677679135,0.026829896204021892,-0.2453131749185095
5440,-0.5450810976266771,0.10734767142289327,0.2802297736571114,0.07992208991857014,-0.0024115161651384756,0.06482076784012417,0.33105778668773406,0.18634261890162862,-0.0028702651329895333,-0.21731073589874045,0.3463577678612821,0.6252707755501934,0.03103045186238503,0.2595241335607094,0.1432126924985066,0.04712182975995341,-0.03850952017064393,0.17147846221210578,-0.09126051432954917,-0.2001771758223753,-0.06969943462575048,0.09656124057781354,0.5097096937410946,0.0411568578841111,0.31203195723805005,0.2146485993789286,0.033263806796853326,-0.3243000202462232,0.16481181421000238,0.5247082128458138,-0.15685657380377674,-0.11255989581476583,0.6166702212703911,0.03790978431806267,0.052881617114697875,-0.005771500842110141,-0.23100641028508115,1.0,0.13970578342160322,0.1417999122383834,0.21361724729967999,-0.3338578208197363,-0.33671728582274696,0.39813380577534474,-0.13822468416350492,-0.21354517880261215,-0.453865406461072,0.019079498547914648,0.10162562801778259,0.47070844993905575,0.055926846839027024,-0.04695389865925939,0.24505386276351035,0.29152806774325085,-0.41782185521274057,0.4244057208485096,0.4181545704214791,0.10783014481413246,-0.08660932326662106,-0.010668389627183259,-0.023517306338589887,-0.26558545171993664,0.1676422946226447,0.41731450818277344,-0.3623727406153328,0.1430551734716119,0.3466890560981193,0.2929843385246493,0.15443476222317007,-0.2339139644831211,0.1486158554664618,0.1465413774667425,0.381097280613849,0.09188669058057684,0.13327920021542602,0.33797149301622503,0.02780012667569816,-0.006723272310423003,-0.22708267538294655,0.05986300102086545,0.0008991224078839927,0.4670719509121446,0.15342681585123305,0.03841950722764108,-0.07879059189083525,-0.03446946654552177,-0.37310447625689147,-0.06122157218926234,0.06906447895402426,-0.3412512303196338,-0.22847871452056237,-0.002513234140570593,-0.02107060223525419,-0.13518454818182635,-0.006412828775317595,0.45140295762547505,0.06501988809782415,-0.0837366852855336,0.005417312862832975,-0.1339551185490782,0.01687167408011353,0.06406980884697405,0.06718145948633626,0.00519976868004998,-0.04861727176674249,0.3000707433675133,-0.05048089628715477,0.040184903805260117,0.27785704676955975,-0.08328979284884006,-0.08294387990020821,0.10748628835859812,-0.047010888611179316,0.2669144839681985,-0.09959973571491686,0.054507913097794146,-0.11819282597945117,-0.031660162067329696,0.09899303677896375,-0.008290885377309152,0.06587652312406764,0.05801519042818396,0.07308588032867633,0.2153627396116245,-0.0007341908105887451,0.3681634985881946
5441,-0.29282104023720773,-0.06304933499297562,0.3009564743953487,0.20775307089563597,0.006662895013802638,0.10184884030888335,0.10129030419256858,-0.08809885825573972,0.16697906394765535,0.06702664486399443,0.5228377405460544,0.4563955118066439,0.008107596804036471,0.07884661165050746,0.2171631969618389,0.037946660051957445,-0.10485641887558711,0.24697617042443057,-0.1876729319914016,-0.0971665381501382,-0.20238176245685155,-0.08097427297071286,0.3827931485820302,0.025171651013825236,-0.217641707897721,0.4224128623898494,-0.12735039727302144,-0.3664007821912203,0.16114767218816609,0.2710553377188644,-0.17520222831240495,-0.21026261634279253,0.3522201639982318,0.020260926049214412,-0.2782210261479018,0.12812339012307694,-0.26826985248653223,0.13970578342160322,1.0,-0.021741766821667362,0.29921141403219437,-0.37937969430521373,-0.4259821877916314,0.4096761868785263,-0.18791508437848667,-0.023935519837325187,-0.46091961288311983,0.06929683602523938,-0.2046149242724648,0.3831298704717818,0.03394107504657121,-0.1931706965698513,0.15432070058246966,-0.20448927859973515,-0.3190941807538679,0.5445279971210395,0.5341831634443038,0.11438349903841488,-0.06899323627655181,-0.31923107596069017,0.0988441137682135,-0.4030317611774229,-0.06881184468771043,0.4369587737145284,-0.2713261480097045,-0.06318274258726983,-0.1754412132068154,0.2050312535433906,-0.10981426909993296,-0.1109661471411984,0.12964385604220585,0.10675966615369158,0.49049819426265384,0.19975643519244327,0.05028655226510273,0.233292202194733,-0.18362084116989683,-0.16187731032213026,-0.0988585977449913,0.024855894936935043,0.03482158114795763,0.5873489248847328,-0.016355183701657974,0.06357078852152115,0.032371675454285785,0.14792126435443753,-0.37490197224073774,-0.17979007099584832,-0.2770780844091118,-0.34207908087526506,0.028300745923466528,-0.08369565222097954,-0.25753151541196073,-0.1124607056300989,0.2561230557948735,0.38390272906628076,0.05719607186362577,-0.1801685314443078,-0.06184639272981812,-0.31269217744792116,0.05808560583665926,0.10522939885291266,0.03176683494099698,-0.1288684691438903,-0.11003446519712069,0.34214286843176783,-0.05094194306892711,0.07766566733691556,0.361574388679948,-0.08261638768483381,-0.03085605359676126,-0.060714860497405564,-0.03834881675762323,0.3631493518674864,-0.08249091941698818,-0.05018900326372572,0.08417551152798346,0.03437815116744701,0.023191471763861778,-0.0922748915561539,0.04863909391259839,0.15149119037207556,-0.06483535745558486,0.6967573826903887,0.03379158698894915,0.21748568675564336
5442,-0.16858543617752333,0.10813701027771316,0.06082684634338527,-0.03796422796060984,-0.013936227253144924,0.02734774196813008,0.15178150285214514,0.05185472980893137,0.03331881397692546,0.012334945076099014,0.09038621180824741,0.1511061212778318,0.12183969744700093,0.027360055468516314,0.044655773335808065,0.04174855180524797,0.027220859632604424,-0.04839931798818999,0.001926005649067188,-0.10048871315690928,0.02519956938335357,-0.05175591727202268,0.1797734956839994,0.023038719263002834,0.08424512408154039,0.07710384094447247,-0.013475819578024286,-0.16045856613555076,0.12346964266386803,0.15166889260879923,-0.12433596469372793,-0.00475313154596012,0.15183114313774992,0.185828972814906,0.006521249572447725,0.0275319725580068,-0.016963436785932935,0.1417999122383834,-0.021741766821667362,1.0,-0.017511601464742368,-0.10611010175348143,-0.07165267469647493,0.04640262062150661,-0.019831775069408277,0.03375106153015704,-0.14839123107974056,-0.020657056795020848,0.08006483840781252,0.14410633274971843,0.0454046775817794,-0.03986220322223501,0.07688465119185318,0.17958015692600732,-0.21443060404363865,0.09336691990048045,0.1704565452646354,0.05660211166339891,-0.020566142014187893,0.04066979643981217,-0.04974294930899899,-0.15545022413578585,0.04889118012928928,0.12325580859445186,-0.14115537743433393,0.07666791334892369,0.1122095462971559,0.1718407470898241,0.05265619409387987,-0.027470929019256442,0.05680735685283668,0.018594839643223646,0.12375839677186694,-0.0398232013673056,0.030315189377491968,0.11641913872014903,0.06633540355185179,-0.1076740111141906,-0.13831218596972483,0.08909922493288208,0.03790009699187082,0.1032818150871472,-0.012107872552609037,0.023437198758695935,0.017414278979322836,-0.01786090573778596,-0.08104419148586908,-0.048385123999895634,-0.003883671597846812,-0.20987311548097376,-0.16301557393063892,0.026570224370946402,0.018640602006820904,-0.017654885565591028,0.04732145522883033,0.09952762933556109,0.03146428791476798,0.009486975230205077,0.019509707825255337,-0.09380229042133584,0.015487492494970534,0.009379562703875705,0.05602870542114802,-0.00376288704965773,-0.004396447203492208,0.12799438961901613,-0.0949074463025802,0.007505491298558279,0.15119526375368664,-0.08754092055012873,-0.02559219892740354,0.02409269627858827,0.008117819858476934,-0.027991336009397957,-0.05727210302652314,0.02286926477145296,0.015677959423498027,0.04628055412679478,0.018438975615238676,0.05182190080664414,0.05544960690337334,0.07871043157454166,0.03252829529492512,-0.0474694678177113,-0.0379059351963617,0.060783479281242635
5444,-0.343839318363611,-0.13477238244638665,0.4390129297814795,0.2176647054086285,0.03857738590919507,0.08769165579618927,0.0357551256711758,0.0981785336673066,0.05163553897445669,0.0003387960836481443,0.4327396856767257,0.4470905609366646,0.05479649084884148,0.131707175526286,0.25240684977203154,0.05348748181449102,-0.07797874067029081,0.22755327236713224,-0.1708133853470495,0.010728443901248212,-0.18217041790752675,0.016220194796970833,0.31380424957562114,0.05089899976374374,-0.1355834112646024,0.23553048753030872,-0.029561918337102772,-0.3370187276475504,-0.026243778239071945,0.34106727932211267,-0.16049918662791707,-0.30592625281683233,0.4209301484821711,-0.06478266570296254,-0.2280161132814133,0.06240190630926501,-0.23194977123274296,0.21361724729967999,0.29921141403219437,-0.017511601464742368,1.0,-0.3106857276249316,-0.4401883127472632,0.4392083349411415,-0.018456489364320514,-0.10160001140167395,-0.4293496625963669,0.014418416027143931,-0.04387094382152313,0.5191890231289175,-0.017429455348050522,-0.13754701980035136,0.1340910797014626,-0.19032103000566983,-0.3138647187096061,0.45971407217192906,0.5033042689968339,0.16492462209393716,-0.10549109030844497,-0.08840316483728675,-0.03704753891581323,-0.22720451535103822,-0.02295392195107478,0.22561628667371875,-0.41095271039370024,0.007556891273818923,-0.29514311814264677,0.19016422179544507,-0.18009269208913772,-0.04135491207787432,0.12617666165470476,0.02364010566940381,0.4132384886954238,0.08047281572540792,0.1398212302805158,0.279586645473323,-0.17062425524779642,-0.1416258981032586,-0.19622350107496683,0.05756942129567992,0.048731609839592724,0.49859743331893186,0.0640839962080869,0.07646268546355743,-0.004247123109885397,0.048240308078595424,-0.2515091092363623,-0.28519208225613674,-0.17585310188314598,-0.2290627696504004,-0.28290211851065583,0.03580482574399018,-0.009213337889840065,-0.1566456620805879,0.020266221993355992,0.37450656330850474,0.054631519217898016,-0.16038725124691908,-0.017754937648074762,-0.08504416492025203,0.06028468337482366,0.016122120350418285,0.01616892861440136,-0.10598354719574982,-0.006653838697965241,0.18808827179289125,-0.0600112520695447,-0.029161811710159215,0.26788714838242905,-0.018659545008749064,-0.15169966238503826,0.12934831324654336,-0.08699297980604238,0.44253609718662335,-0.07800589890940247,-0.022307215896869608,-0.017023468038366275,0.05568730046692785,0.1716552407217751,-0.08179883496894892,-0.018329959428457283,0.10895875524324442,-0.07679373224742223,0.29570598214195914,0.010567621232691587,0.18782387803799314
5446,0.46721110783861214,-0.0435700745544833,-0.3163304724646334,-0.1884174190903802,-0.07516171914667032,0.05621053191625112,-0.20708034565474806,-0.05127723518268664,-0.1444160694224682,0.06360159771532414,-0.4776751849178503,-0.4722780023173875,0.18498893556659604,-0.1615507777293761,-0.26324627485972335,-0.1151471731384736,-0.026159894904509096,-0.177715328192843,0.07548865157608829,0.10646477406065409,0.22601180930324596,0.16564550360327066,-0.4012273044477241,-0.05787662978744878,-0.12763639782370167,-0.4111169834398257,0.09673436719166803,0.5314918408022155,-0.27424068252558376,-0.3251865260109326,0.2290997688320297,0.04962627641460578,-0.47613874798663913,-0.004137923568799571,0.238069535975172,-0.01322841232900831,0.25061617863237245,-0.3338578208197363,-0.37937969430521373,-0.10611010175348143,-0.3106857276249316,1.0,0.4149062644707362,-0.5366913569353494,0.11250082337174336,0.39573870823367224,0.525315088660007,0.07304900781756442,-0.1552079509908183,-0.5707432341903286,-0.09655642709018511,0.2877079478112044,-0.1288554527814752,-0.1372564915887346,0.5971892705102142,-0.628396616245084,-0.540009100154608,-0.18516750998675402,0.09815749987775846,0.06921090400237988,0.11885841199341184,0.5106178150212665,-0.1346096332813145,-0.4945631407049115,0.4463176167637178,-0.11860268798510647,0.052910253242107505,-0.2946219893189522,-0.0013416617123092186,0.0017784492655756703,-0.16521946232415244,0.01955639699200906,-0.5910334311957459,0.05476411767729219,-0.16714640013650842,-0.37757728324132384,0.19296679337012815,0.21147191741364169,0.280305346073673,-0.17496033376905362,-0.012189334116823792,-0.5179174766297325,0.10906785926553822,0.03473616319805532,0.025338237485271232,-0.04249338491665371,0.37614294716749447,0.3335460577761543,0.1299719692923106,0.35401948520216536,0.2935944297538589,-0.04590203032180293,0.07332904358545826,0.08556853494603499,-0.031727997974275446,-0.5288319901633374,-0.04315656255731222,0.1846595545126913,-0.009864069513483141,0.19672316665173725,-0.00262439497362218,-0.06601484591417701,-0.04262637693518653,0.04586637877015303,-0.010506459911854841,-0.3906222190843269,0.11855213558472687,0.014195876284290494,-0.38834792097593684,0.02137829216567072,0.08524495166884954,-0.12402140031789205,-0.007052842247198749,-0.4792142179899658,0.13137076623890517,-0.04644735777696648,-0.017605394202457315,-0.04323862171594581,-0.13148553603875926,0.022544844695482645,0.004744673612319483,-0.11628098242559132,-0.008711397778066973,-0.3768026484925436,0.007669685524488261,-0.257818357205552
5474,0.4417740471265668,0.12770419029402433,-0.3581138344173329,-0.11260441128615514,-0.019987194477307776,-0.045814432387235815,-0.13939385178994024,-0.06065003385587713,-0.06864913225881246,0.08147201618052356,-0.5001642632514874,-0.5594677527509925,0.015338506367946848,-0.13352076167414473,-0.2739789583199932,0.012806764747990033,0.1855994733078663,-0.1849547422236056,0.14814393626030467,0.11691167478345404,0.2109787158399396,-0.014748882713638087,-0.3768121248388868,-0.06905724468746889,-0.12463760479323627,-0.22195251962085655,0.12510094450288944,0.32391214750056574,-0.06363511998428094,-0.3672660510743059,0.1658625723624827,0.2771810349591904,-0.4894564853455502,0.03314725722632639,0.18768561155883634,-0.009342289179068465,0.2707092834076117,-0.33671728582274696,-0.4259821877916314,-0.07165267469647493,-0.4401883127472632,0.4149062644707362,1.0,-0.5709080678819942,0.11293631057641394,0.11122618719870091,0.5235658336964519,0.0252014614498173,-0.04745317212419712,-0.5428513111790738,-0.17988072497171476,0.2733079847398122,-0.16249532317626839,-0.1015724167914252,0.4863702541329306,-0.5621392610994169,-0.5548561517807762,-0.1449244338799315,0.00792841477414655,0.13608322569255432,0.13070813654519514,0.4681814583413484,0.022225074140632715,-0.4276730646030531,0.523437794062698,-0.10623243431499517,0.11476101367612777,-0.24266865003370572,0.24420994708385613,0.013156931488154899,-0.058395184320232885,0.09468349796171767,-0.4337145787756735,-0.045365886838983814,-0.1655879210650955,-0.3256601382044262,0.14983593128061654,0.11587969524752718,0.28800929497994576,-0.06775307308864488,-0.005622480091341672,-0.5695436619333488,-0.11644476077473379,-0.0582389813305367,0.023060837278510344,-0.0746233213404521,0.38700079902017087,0.2248332188587179,0.14464636330075978,0.38505408429053417,0.2483472230463874,0.015295510406557732,0.09493171711233611,0.21638380930625525,0.013065183497416607,-0.5055240922046204,-0.06071875248711669,0.24472935974978327,-0.0037122119211458345,0.19517642121330156,-0.022260610139770855,-0.03399644054852942,0.04282999561569525,0.03438811188963398,0.04943774957475566,-0.3032883379918422,-0.011790406526843973,-0.0026212561679936483,-0.2378194590954303,0.013599780878531371,0.09793310411336764,-0.10679984110428019,0.12022020910399057,-0.3294510775029584,0.1537478522499558,0.004581831856249541,0.005113223510967003,-0.033903596246721464,-0.16059320806524444,-0.010362863178787391,-0.010557473755755808,-0.1169140901289222,0.05371554517557523,-0.366338919123485,-0.006668125653464851,-0.2387901008948318
5475,-0.6118853683814582,-0.07440945552204392,0.3890335133949761,0.01780539128854551,-0.010541322267222859,0.09012023952188998,0.25348518818260213,0.0734129022386557,0.07441648647962443,-0.2428307468389923,0.5063668367955888,0.7789790432667721,-0.06200470885592343,0.3018218420054982,0.36040681810697345,0.010542840003964904,-0.14709266389342643,0.210088487042972,-0.22826357314500015,-0.11584324090299813,-0.17531674322522864,-0.0772584345567086,0.5627400556715975,0.13533483246518557,-0.002449187084169076,0.40627119907604653,-0.022334304026209596,-0.4576616994250214,0.11240010088389127,0.5315304914530327,-0.29391160568504565,-0.2887781804396027,0.642091956673521,0.04086454112181135,-0.1568288483914457,0.07868402818010863,-0.37663119986371446,0.39813380577534474,0.4096761868785263,0.04640262062150661,0.4392083349411415,-0.5366913569353494,-0.5709080678819942,1.0,-0.0884588425119045,-0.22217351946121452,-0.6769009077572216,-0.04552317686347829,0.10027684119809081,0.7250417506115721,0.12278633078815276,-0.15493629331026204,0.27425167736068495,0.02739075683212624,-0.6006652049428283,0.670853591458598,0.5946760149347394,0.21250638674348016,-0.11777630341530243,-0.18585305288155463,-0.03934739916077018,-0.379935295391687,-0.028785231499499225,0.519672240384829,-0.6174732380936819,-0.013922851376551141,-0.004653294346931575,0.34296602978817964,-0.13146985644875486,-0.06243187772479153,0.17550605204250894,0.0189768962316319,0.6088053104065979,-0.013036253238626599,0.21174289629168475,0.4477307492473564,-0.17448384801799907,-0.17790945239261227,-0.294572018503121,0.10154957596937549,0.02125165827419434,0.6105400981466977,0.03200936775674096,0.12806485366117254,0.02899622154623902,0.042511844273720456,-0.46550139391387835,-0.3607577522502114,-0.22817118936234027,-0.42362730474274657,-0.368856333069538,-0.03468977797752095,-0.0812756971826804,-0.16118063790235074,0.05233472530193278,0.6846796657356158,0.03195591279756918,-0.2356298755567081,-0.010913392962232342,-0.1645417789922143,0.04259628801322719,0.08819988574357011,-0.0018947587934676569,-0.06789073955496891,-0.03597143922051082,0.3367901901155653,-0.026202556966512896,0.016051250504447123,0.3889575221979037,-0.04980998353642921,-0.24378310039401446,0.15676021740530244,-0.039694384672017774,0.47532127591217327,-0.1519954183960662,-0.04879291053837626,-0.03800937101771881,0.08011167147557463,0.21849719322917888,-0.04381621810119,-2.4341841827581686e-05,0.14808413207871468,-0.09787634086566627,0.5091180243560839,-0.006515325891925022,0.4130108385996981
5476,0.07560416894050737,-0.0009332791996235052,-0.08481807421933059,-0.13483057055233386,-0.016401062326165318,-0.04734229149743978,-0.05511259078809591,0.010013140633098582,-0.0391741575393092,-0.013873302525166118,-0.19866204811729174,-0.1604155547331561,-0.03082437605102533,-0.08819874212620765,-0.013798390777547591,-0.03791565445785678,-0.07719225709690941,-0.08476501724821102,0.00712651889893748,0.00693230186438774,0.07222843724984644,-0.07573615823786155,-0.1393807015785307,-0.015869377487789552,-0.027035127444551846,-0.04390940515557609,-0.02236016328126676,0.12087307884151208,-0.07748988054530226,-0.06044093852574837,0.04954950653034255,0.06905172638535924,-0.16940067699887928,0.03477753107955465,0.05758817927292802,-0.00041246708330879104,0.07387324952131445,-0.13822468416350492,-0.18791508437848667,-0.019831775069408277,-0.018456489364320514,0.11250082337174336,0.11293631057641394,-0.0884588425119045,1.0,-0.03214616017387416,0.11114907193746688,0.004433287955963005,0.040834966473886646,-0.0539922122294173,0.022186496967747237,0.03669701924507188,-0.04052482146708577,-0.08402347410343089,0.11347111351578915,-0.13664709869320713,-0.15693652925946755,-0.16502833613080947,0.029084126344112365,0.06043875136043106,-0.014064120902264875,0.15118168659983358,-0.03214623049205904,-0.1459504883332757,0.10642234432310202,-0.006942012792374505,-0.008503307139641793,-0.07565586635334116,0.02827149228702062,0.11462019644145155,-0.01893246591688315,0.014409802037184897,-0.066228730229879,-0.0735333124058848,-0.03765762392240404,-0.0508314612709862,0.07190817654602874,0.03455524262280695,0.012988164784624466,0.00036137537473338906,0.01110556424768432,-0.2206200979332681,-0.08634020561061892,-0.013459498261311615,0.0027924054017214963,-0.010758559312736239,0.10960346657158472,0.06205444115871454,0.02303352031250406,0.05936607185004678,0.016725045479982215,5.077157453293968e-05,0.034157401959052945,0.035638861183246245,-0.08386134798938855,-0.12967205750337857,-0.021766363368869723,0.06657676847598097,0.005329323786882821,0.024537418448522617,-0.014093232813301524,-0.020793863418639293,-0.0009220264234892689,-0.0003516966103192308,0.0012846600190965752,-0.21663802824637313,-0.0024466829497367206,-0.00124953167810485,-0.1914734838185963,0.0018266742761563618,0.03262600659026688,-0.013932351240091763,0.0007888729774527154,-0.0785875357490706,0.005619041915534243,0.00970085385645552,0.015544779215700476,-0.0011699100568135256,-0.02573192423704397,0.0034818677519493683,-0.028670588965569167,-0.023518659229261774,-0.015809025765925886,-0.18675353181533036,-0.01841666478389104,-0.07068145391861971
5477,0.1082152170292724,-0.08644137896253631,-0.007105654866550932,-0.11724511046059724,-0.013758482862333256,0.09333641963159588,-0.0571946679296617,0.09957793781066436,-0.11631464811181227,0.030862323438326317,-0.07366531442506215,-0.09658567411068918,0.43744131919910656,-0.13003462778342034,-0.1183927565504757,-0.004768980611099564,0.0362476086805307,-0.1245387396510353,-0.05011727134839732,0.055255970752355305,0.07756788577624911,0.06262388206087184,-0.013646825491832612,-0.05560755013523755,-0.021069093911037326,-0.15143025430178353,0.016773714431363298,0.18484074081055302,-0.21794931157350667,0.019726147962882076,0.06566100287509573,0.006974453448816624,-0.1995818074051145,0.020818481978394223,0.046796904801789746,0.04009252064351977,0.1216380493023171,-0.21354517880261215,-0.023935519837325187,0.03375106153015704,-0.10160001140167395,0.39573870823367224,0.11122618719870091,-0.22217351946121452,-0.03214616017387416,1.0,0.1855132414018647,0.0015414328177528157,0.006006634246563814,-0.176824816071197,0.09769569226110332,0.16129105469515612,0.02002345760471218,-0.023858852224885246,0.1559723907037322,-0.2523659366581159,-0.12943821605613925,-0.013897716496733433,0.0629907424532023,-0.003817016133006189,0.04010699872203122,0.06789555450262474,-0.1229340990122996,-0.244618790131573,0.2111243104633731,-0.04088558060882809,0.002661750746980244,-0.06630650794231502,-0.20123992980035574,-0.0500559720262753,-0.06073252943538648,0.03925903454961077,-0.25153086853453277,0.040488660684874146,-0.08073395877677582,-0.2594339817966195,0.014406851222751576,0.06192434152934428,0.06985570239689459,-0.06479137387061897,0.027819446050114726,-0.11076431645058245,0.05500935947684512,0.07080401837141458,-0.04595202575475278,-0.01653202095695807,0.1297975176753226,0.1049445453575313,-6.310757488113208e-05,-0.025503668135037162,0.12159848604170372,0.06706925747083595,0.054504100359603555,-0.018116765748147263,-0.05877458780391099,-0.2406392488412587,0.007025160182437775,0.10202700178512603,0.020261943041735425,0.012262994797015517,0.01256804406236172,-0.030972892910792953,0.06470462411371264,0.022972302291758416,-0.027001992055312455,-0.12860792450155067,0.008352372331008207,-0.060005428068174715,-0.07204321900238023,-0.09832025629658027,-0.0017641043766292211,-0.10904758564045307,0.05658819233765926,-0.25473769537854435,0.10072310690273314,-0.04501015707111502,0.031210207101019384,0.0445521377950112,-0.06837242684369374,0.10503596600180291,0.08056279710718581,-0.05774151346944233,-0.010833515936326693,-0.16521496950238024,0.07441144064486771,-0.14658906151853024
5479,0.6313748581298283,-0.06988632016829548,-0.4159137923036993,-0.16893251088226405,-0.026443770423331004,-0.0697571682393002,-0.3476299634808467,-0.08862617650242607,-0.10398780266184011,0.07976831816686494,-0.6109307632198379,-0.7936759898298152,-0.03740554414145218,-0.23304881327652677,-0.28940703612330376,-0.008264780982258017,0.146042449717415,-0.22862654540775715,0.16433924551760037,0.1855261088906525,0.0783425484964007,0.10512557399427867,-0.7055158771908073,-0.045330126478066154,-0.06692791532291716,-0.5426044011209535,-0.07180391744693448,0.5671552514183303,-0.23287498477608604,-0.5299401942335319,0.38101653235125627,0.1735186895705185,-0.6872380861420336,-0.2537414191669594,0.20783789502169392,-0.01288019670862061,0.3932311163767339,-0.453865406461072,-0.46091961288311983,-0.14839123107974056,-0.4293496625963669,0.525315088660007,0.5235658336964519,-0.6769009077572216,0.11114907193746688,0.1855132414018647,1.0,0.03296153805881334,-0.08377795229204836,-0.6907142442419969,-0.08849858537999,0.23456439886021904,-0.2923577908988377,-0.12034237214862628,0.6393351155329801,-0.7634355478981355,-0.6533194708334413,-0.24604207665005942,0.1665337459389863,0.15526846345762074,0.03219402241927628,0.46806223718760853,-0.09401111849578735,-0.5568039128708906,0.5745915677830934,-0.08346164059429886,-0.035691024508057646,-0.488010349551351,0.03560644082195991,0.2355225100524718,-0.20122372397901936,-0.19422467051124367,-0.722421281016266,-0.09692125810073465,-0.21796691553693606,-0.48541039022631866,0.15589934112455253,0.26616435765178814,0.35596653001391204,-0.15936447749614174,0.012648249438016611,-0.7341005016817183,-0.073052486143782,-0.08307554459362758,-0.03727819069212491,-0.04301490997772414,0.571789537234934,0.4283305734656164,0.1968927515219549,0.5208328128123263,0.2976466876793386,0.03481820087318376,0.0882936457331506,0.14333474604713609,-0.06688898224281452,-0.6753810667861985,-0.11591003864368389,0.19800561020732907,-0.012597148983289312,0.30210683834820373,-0.0747484115581137,-0.08224709841274011,-0.02584036783725198,0.10432544331953139,-0.0016905801924559506,-0.4999172372132054,0.11293960965286332,-0.0645507769349065,-0.5450591478850311,0.10400566495372866,0.1521880129704039,-0.15760220009598377,0.0159366343082857,-0.4464649234431531,0.08368647358353873,0.013162564290001419,0.013663319416345358,-0.07600651029492635,-0.13365011453757122,0.0003700349297579684,-0.11404831472503643,-0.1315772781610209,0.033606735664363084,-0.5250706305966452,0.02081216239715169,-0.46720911103324025
5505,0.08594091177355617,0.08980192049887659,-0.014973557484154658,-0.011145996470885574,-0.02001609947165881,0.035556780589041714,0.012143446383446556,0.0009468720874297314,0.0044979654296833154,0.07950151892168096,-0.0009828721434423406,0.017755546076079327,-0.0178941089346426,-0.018775289648482556,-0.010928462103648734,0.011185510521938254,-0.03297531813932476,-0.021549937466710977,-0.013414379263961804,0.013309916373173934,0.04364656467646335,0.058775432755567764,-0.00290236176182338,-0.04001200653663988,-0.08387223664216778,-0.07056014211689121,0.04636952284863245,0.005155236165041661,0.003715518601226482,0.032456759078480585,0.02727565255347983,-0.0907433332100319,0.007507700739458963,0.05246223021557697,-0.05433633036175951,-0.007175745438218525,-0.04794483232238095,0.019079498547914648,0.06929683602523938,-0.020657056795020848,0.014418416027143931,0.07304900781756442,0.0252014614498173,-0.04552317686347829,0.004433287955963005,0.0015414328177528157,0.03296153805881334,1.0,-0.09364921458933845,-0.05022564778787435,-0.014225195399740716,0.040455909255968384,-0.003832414289331333,-0.1167361922369632,0.13541343540614376,-0.03227753110385243,-0.01544146435805597,0.06561270721888622,8.351741706409053e-05,0.030821856466096885,0.008718734460372813,0.10549944367730998,-0.09725783927219316,0.07511185098384482,0.11105442363713114,-0.014798792280315718,0.03727989651567628,-0.00743398335944501,0.0684843726326119,-0.09077116021908355,-0.002683511895407168,0.04152917142725492,-0.03978867658520744,0.1438246321487646,0.009057328559495556,-0.02456436263051113,0.045508501416444615,0.02278847858167658,0.00923322360278436,-0.005718452206331889,0.0015732122669486006,-0.010073327329052037,0.017455536367202405,0.006475588339610205,0.015266753055381914,0.011343914762452969,-0.02478567698591296,0.0031530426254873256,0.010168245743312867,0.09571016769793289,0.14566117858969252,-0.02658330302991391,-0.04796110587456678,-0.00674994339883226,0.047369233714269605,-0.02725876726334384,0.00849742321579531,-0.014522487572706284,-0.00605384522876532,-0.005346216845417099,0.010538825195872806,0.0020909865964702135,0.007653989609166213,-0.04189728407972286,-0.003051721215260207,0.03679050602969933,0.0011899125629319164,0.004661860408370774,-0.0211087036355273,0.012269127525973145,0.003897482652253014,-0.014537761025076115,-0.010346064743425117,-0.09186309158047987,0.009029043484624842,-0.012382813290278665,-0.017531852619518357,-0.00902422860236495,0.0014057887838717859,-0.032144552613029224,-0.001943418329973183,0.0009278581403286323,-0.009586220027591753,0.061164215787553156,-0.0019460499448930772,-0.005209938317355086
5506,-0.1730582222406665,0.09327533073037958,-0.031564512024913505,-0.13123604176741732,-0.037399786305988884,-0.12942036005407775,0.18173373483209848,0.11454909760660124,-0.07630098271083552,-0.19817083400332933,-0.04459350000364216,0.07945867658966084,0.08139840675993056,0.024670888781200696,0.004100957302154853,0.06075918916605293,0.09223639609243811,-0.1300141980239006,-0.016350126555232304,-0.04321087273659835,-0.024789233843143934,-0.07188030638705377,0.06705756557615115,0.05915573984369501,0.23272320988912762,-0.07211439035676849,-0.12838995932038902,-0.0692270010782033,-0.05223230486084555,0.12472492334344978,-0.02103846161043436,0.13326915487099214,0.024163893887521087,0.0037486559725429117,0.09359596479054161,0.02901751207772682,0.07307531262111334,0.10162562801778259,-0.2046149242724648,0.08006483840781252,-0.04387094382152313,-0.1552079509908183,-0.04745317212419712,0.10027684119809081,0.040834966473886646,0.006006634246563814,-0.08377795229204836,-0.09364921458933845,1.0,0.14135464921505556,0.05410200997934742,0.021220740021920582,0.010626432192834625,0.22333020441961293,-0.26233664944993373,-0.014304337758628601,-0.010210998767705174,0.11243575892149435,-0.016176355770690258,0.13496127199964755,-0.03342214302804121,-0.1434262193245945,0.17372248892608178,0.04591230491126902,-0.14737163857058388,0.0771725256408537,0.24965607062326658,0.04871667904558837,-0.05433765162865021,0.11687883733969247,0.015239073047259395,-0.13244329554342807,0.001519507187583333,-0.21060053467244533,-0.0027981768764617676,0.023259517730739657,0.04754061793479892,-0.031920708706437276,-0.07602001319846868,0.05253763297510321,-0.03570605337364561,-0.06296510947134204,-0.08032602393240292,-0.010957130984702874,-0.02318734105332928,-0.008869164673835923,-3.524591329471687e-05,-0.06755763035015765,0.10845264166666467,-0.06159989870506948,-0.1468565628431926,0.10185681829838711,0.010449127342479889,-0.0873304258429984,-0.13895712751184447,0.11423451933776337,0.01163330597359813,0.051610317584616046,0.03894177984039718,0.027931652510344344,-0.04257709114440503,-0.0012705468882429727,-0.03880755622549938,0.07112009589876728,0.03830163016626892,0.06261300537188699,-0.020377634853142635,-0.038303895539148085,0.02608571209872611,-0.02729043711454486,-0.016437598755459817,0.02581303442878157,0.016309590252740664,-0.09083020862333041,-0.06629696187711055,0.058347272253589634,0.011371493107706594,0.005849716754096322,-0.012383521102774773,0.065356430626014,0.06211520162401809,0.04439243272306208,0.051484780184133785,-0.18885752809788606,-0.06256448092597479,0.01635714360689867
5507,-0.7148823537024864,-0.10759168715118725,0.563963732954217,0.1715273528567435,0.01774761835753554,0.03614201935862722,0.2741943928831878,0.12434189352235858,0.11120929117757575,-0.0724978673815328,0.6391610928509797,0.7851557383141753,0.24193574492828704,0.24254400662285028,0.4532637017574122,0.01803107870222361,-0.0711977838184825,0.22273263453599906,-0.16290194376836575,-0.10698448096854049,-0.17633283159494936,-0.06676233158239743,0.7046799288995983,-0.020942875437173783,0.027114816092339226,0.4861442320967796,-0.012382453718200162,-0.6518385807757818,0.088089021296372,0.680299232812236,-0.2650742428885943,-0.313715578093463,0.7479595885269821,0.16875712182722521,-0.2945014364619446,0.06585364787239018,-0.3965948301288853,0.47070844993905575,0.3831298704717818,0.14410633274971843,0.5191890231289175,-0.5707432341903286,-0.5428513111790738,0.7250417506115721,-0.0539922122294173,-0.176824816071197,-0.6907142442419969,-0.05022564778787435,0.14135464921505556,1.0,0.12591725571910253,-0.18036545121540523,0.2760762692292138,-0.0027250283853150602,-0.6944438088754368,0.7346608612989001,0.8120940887101877,0.31199810603541506,-0.1487030795960722,-0.0773227733603261,-0.08870368115802808,-0.3853304673962942,0.023131572021511414,0.5016218828607414,-0.623207939710704,0.10227070517354196,-0.1306439967507225,0.4555588992290697,-0.10380273648836932,-0.06510955994669945,0.26860957314518413,0.04563526715398177,0.7578524616140743,0.0206957209569116,0.1665494142727336,0.5232713249542303,-0.1449242284673536,-0.26538386506310135,-0.3726766531841785,0.09995932849871617,0.01600394772126127,0.7028943917854237,-0.1021749773703743,0.07967892112827427,-0.041910925787648046,0.04592410985344961,-0.46148213932848114,-0.36166625154307586,-0.18531194285271155,-0.45167316316600953,-0.5074861723237745,0.09170668232570862,-0.07999581389161572,-0.27269609945372003,0.03371311618742863,0.6492017166703203,0.13291656984138148,-0.20002543941727838,0.05790068672301474,-0.282097016999248,0.04724183547970919,-0.017145959299996346,0.05466240888600639,-0.0396505582798648,-0.014005255429918165,0.3509004499750299,-0.16810708897447676,0.020604194060646945,0.47581839430976347,-0.0861281568658231,-0.22215770045679775,0.19653501363514883,-0.00813258842701291,0.5975140375261295,-0.09088613517400793,-0.012543664779975823,-0.010951983739315817,0.08917905779891795,0.14664705929646882,-0.016076670357408805,0.08360532112235794,0.17819860284738387,-0.016306166301870754,0.4396068340075059,0.02752607391523014,0.41077294301283745
5508,-0.10973244844397273,0.02543062846229076,-0.047236504832562615,-0.21819979639446077,0.0034182368172825024,0.057413635707929664,0.1244026901435878,0.20665761765728083,0.28546477842889967,0.10980595597162618,-0.023404390355065613,0.16443463510258916,-0.038460166530383304,-0.04931012559689792,0.12177313707104358,-0.06332121867645171,-0.1454871537313117,-0.08898114068733443,0.07575633813749628,-0.2197587483731916,-0.07379465974789366,-0.16226176335962839,0.023067372585624222,0.05641776090848505,0.24656449797846833,-0.13924145706369556,-0.0784126245122687,0.02559860358040178,0.31043895819091694,0.12114252310354011,-0.12034881035068389,-0.2722925908878807,0.012792991887796293,-0.0672494642790299,0.12937179552629194,0.045498251585367314,-0.14426177098602577,0.055926846839027024,0.03394107504657121,0.0454046775817794,-0.017429455348050522,-0.09655642709018511,-0.17988072497171476,0.12278633078815276,0.022186496967747237,0.09769569226110332,-0.08849858537999,-0.014225195399740716,0.05410200997934742,0.12591725571910253,1.0,0.05713957463397741,0.13612846475811083,0.19065505937775565,-0.2241484718139911,0.07384750320097466,0.16284403152123095,0.04411047153534941,0.13014412326534805,-0.09812051083829668,-0.14745329022624903,-0.18852151412845322,-0.3686884196960853,-0.05885418573616481,-0.0056798230339106534,0.03912383052836011,-0.0004917956187161172,0.0339931275395873,-0.20245484693555907,-0.08394443051174016,0.059517537509660136,-0.3347140760457001,0.0024828990316906312,-0.10562531944492064,0.0024401546867020177,0.023103802987756387,-0.10412934646000452,0.10982696017674055,-0.31575575186867566,0.023423897047727765,0.1185684712545404,0.006470654344022429,-0.15082333560091232,-0.017507143199689983,-0.06392971414416387,-0.05767348816525141,-0.10818923073525705,-0.047192575142756446,-0.1300486489190401,-0.13863064638770142,-0.017902763682821784,-0.012509270140217155,-0.08250209914108822,-0.09061606051603512,-0.06846860260315579,0.006003683427551533,-0.04053935266476668,-0.05248202802176959,0.1693644726537921,-0.05934081923321863,0.04035853932637013,0.06301691217248498,0.0672154342876765,0.10587306664443132,0.021430975757499277,-0.027170892052038247,-0.004866389976441425,0.049627245616049476,-0.21584504818806255,0.020227219351508046,-0.049644960164870286,-0.06346418948043091,0.03098966525820793,-0.08101405842125621,0.05107742377536883,0.035337544806200286,0.04744789115639876,0.03687570601171416,0.1772074820066192,0.18696496847265365,-0.02824022907934328,-0.016792660987347562,-0.11599069327695578,0.0009799316341942796,0.03735380097866725,-0.09250408584918883
5509,0.16769579205488916,0.09326197046327243,-0.17806865334681105,-0.19033741066841817,-0.030899226146103805,0.012368329764745561,0.00635901142122655,0.0637573498061323,0.007301608339044247,-0.03661934830494307,-0.3002349481883619,-0.12110246986442157,0.06695804471077262,-0.019577571609381134,-0.06905380010407283,0.07090511076828708,0.024093563675152398,-0.1136481718502909,0.06232112873200804,-0.014869659318772375,0.13133697058463784,0.055057293815776794,-0.13782281868449336,-0.011588195971837086,0.00701867005374781,-0.19042616465646087,0.00670527062009181,0.206288369050115,0.09840967524745411,-0.03928829381579529,-0.008859781661874597,0.021754383371546292,-0.21835919843776697,0.006303440182458427,0.1528061914226939,-0.006057279171616103,0.14032082709302696,-0.04695389865925939,-0.1931706965698513,-0.03986220322223501,-0.13754701980035136,0.2877079478112044,0.2733079847398122,-0.15493629331026204,0.03669701924507188,0.16129105469515612,0.23456439886021904,0.040455909255968384,0.021220740021920582,-0.18036545121540523,0.05713957463397741,1.0,-0.03763467046683358,-0.08603424416619175,0.2750424571968719,-0.23568372375157615,-0.23983062086726267,0.13019898842471264,0.03721731011409979,0.0296295089759141,0.03699988071008062,0.18150703962205028,-0.14844449822031525,-0.14461554718715303,0.28953580152433567,0.026076711376874423,0.12838563188849503,-0.14987325228006948,0.1252327879630354,-0.05380899940514383,0.018972862917045374,-0.014910725202872038,-0.2038742187661478,-0.004096161094392458,-0.08691590698356409,-0.16499377943816224,0.07830148169250407,0.12030165580581674,0.05614138958756492,-0.05461090263319485,0.0038618794237197094,-0.2877926629429714,-0.04920649324085274,0.06026786950506107,0.00795441229471924,-0.04435832297745324,0.2059144220257502,0.10305669976166153,-0.02344725927443801,0.17872854599125354,0.12025898211306121,-0.05702218736826658,0.03151210096304979,0.04360294632866902,0.041273073203329784,-0.140542591757419,-0.014098668827143472,0.1645574581223312,0.0373692832102882,0.07447373046389552,0.002978323492884228,-0.054479143754252404,0.0019575227041790763,0.03664645996214222,-0.01147518505131852,-0.18414596858211316,0.01234408709855296,-0.015355546385156387,-0.1637450186037544,0.0355182616972749,0.012190351181098657,-0.05668264212423038,0.009049266572180008,-0.2583076107512209,0.026862784733277335,0.025861645562505656,0.015532701719889372,0.03585004127744948,-0.0595286403052633,0.029904098575936434,-0.08046505838478499,-0.04609132048119967,0.07285008975238068,-0.12880422796149893,-0.0322834873230554,-0.0747937722341116
5735,-0.2816069489341639,-0.013015196542207116,0.17219536070917663,-0.040888502082510145,0.01612676006189213,0.03616196064106916,0.10969975391081117,0.09117563171927692,0.02663068401131221,-0.028643983930295082,0.17572273164222155,0.36752253489886266,0.09684180760823746,0.11582706232409973,0.10187358851446744,-0.054768497525201215,-0.1819516133561171,0.09106421702124703,-0.0632257985508585,-0.07617941618969634,-0.02441016912583448,0.014770324044713335,0.3119901723632703,0.02285680897154285,0.05477472972052134,0.13533813382961263,0.06934893178266265,-0.1974952695733072,0.09986192296976526,0.2698005569844583,-0.12418808397379517,-0.19894372214884778,0.3354771017306677,0.047510668654451846,-0.019248669454412407,0.003421964943866402,-0.13590036372251035,0.24505386276351035,0.15432070058246966,0.07688465119185318,0.1340910797014626,-0.1288554527814752,-0.16249532317626839,0.27425167736068495,-0.04052482146708577,0.02002345760471218,-0.2923577908988377,-0.003832414289331333,0.010626432192834625,0.2760762692292138,0.13612846475811083,-0.03763467046683358,1.0,0.04009680959759735,-0.2294924512567591,0.2351090383656955,0.23927298650267162,0.17792829706202562,-0.05517339898694592,-0.029941932033991706,-0.014965238020969591,-0.15533069920390688,-0.030755119995972913,0.25547592372399314,-0.18221948599544316,-0.0017027233481539444,0.09446385617895411,0.16133977979365488,-0.059921244802823855,-0.09346240655846567,0.08318145583761886,0.029131896470260023,0.21890876780827118,0.060546623007238495,0.0730661430322281,0.23100032192666556,-0.06122376681688698,-0.1075249711094244,-0.1397180686161933,0.05059017726879366,0.009082014478875758,0.24498638820454502,0.11027646831885714,0.03926291894625852,0.03567024232217179,0.0081195234269087,-0.20891872136416922,-0.15579673498948698,-0.09933316835637422,-0.21186052910678493,-0.1153170084874054,0.03494970444340687,-0.010856208011730269,-0.07791473445926111,0.0060928535714411475,0.26754383396345444,0.04219524089303625,-0.061811928238824664,-0.022690557046067757,-0.1358308485994592,0.009839543976522518,0.024082421841606295,0.024467666753828072,-0.021715598309981522,-0.03189833419168067,0.15046706408840443,-0.031163324731703152,0.007647164790154642,0.20540567136261398,-0.0463851134872184,-0.06607794526198539,0.05528387080094229,-0.010445950384085557,0.14482080066734143,-0.03284307437656979,0.0034616538952856697,-0.010844393619200615,0.05030141005096239,0.04360422760992922,0.01178304155883964,0.038090886795311585,0.014877050283175873,-0.07901032904175134,0.23106219192586558,0.008254841143481288,0.19037615124217475
5743,-0.2810343312434166,0.2161007814813272,-0.03616956224682728,-0.1071113123796567,-0.026392400158663572,-0.12201769461907638,0.16470715474821804,0.08396956192106872,0.020756967057571865,-0.217008119577484,-0.03302027956763615,0.1216531027863228,-0.09418371295147163,0.11141530358208881,-0.04299459007656756,0.08792728338643484,0.20253041978266714,-0.13754084963088017,0.09849722863092812,-0.29414718567696235,0.0925016137200396,-0.147404921384312,0.13538357597663733,0.09960594348253449,0.5339064162783775,0.05006319973047397,-0.11247618329171503,0.01036239654446661,0.22151575247649294,0.05800440115626513,-0.07844488845413017,0.306083124720468,0.09418392597552708,0.2139680147381971,0.3712622660491855,-0.029517866312106813,0.04733115189762937,0.29152806774325085,-0.20448927859973515,0.17958015692600732,-0.19032103000566983,-0.1372564915887346,-0.1015724167914252,0.02739075683212624,-0.08402347410343089,-0.023858852224885246,-0.12034237214862628,-0.1167361922369632,0.22333020441961293,-0.0027250283853150602,0.19065505937775565,-0.08603424416619175,0.04009680959759735,1.0,-0.2972948621808139,0.08773357187612496,0.020187903092912355,-0.17791884477731162,0.13810346894876283,0.12321259757574243,-0.13979422961399146,-0.19065975662648782,0.18939184415088928,-0.009514386949466498,-0.12681017170504505,0.19629391962463993,0.43961385517963747,0.26307070297949775,-0.02907926695474477,-0.01441082070471877,-0.01597797310750103,-0.04014797354784292,-0.004885265548284275,-0.18105891815314748,0.05764990050628689,0.04442977086778504,0.01216447587403903,0.009954222423236384,-0.09350343125308554,0.12261093613206715,0.028778114479668226,-0.0800165013745025,0.06339182699574888,-0.041222928025161455,-0.10034392531034356,-0.09077312587740831,-0.105506889903037,-0.01868946642923871,0.2353268224501017,-0.3103194310308936,-0.14513766676498657,0.04770488814121796,0.04011967491726225,0.06734482027275719,-0.16550747449464603,0.12636056290388806,0.034918578505967024,0.07047509224123824,0.06357097810924764,0.07331236942825117,-0.08359740586797834,0.05370806367460415,0.019603786206927615,0.16809838750901795,0.039860211750287956,0.10573902367065897,-0.06338788667861722,0.004077727824480253,0.06763389636555346,-0.09517903312939054,0.028528615930940176,0.05785922411160504,0.10262571183271992,-0.23805291666343623,-0.07898603981987948,0.10084940615886641,-0.03221339478962471,-0.02406996392357585,0.025685253106293222,0.06310565875620193,0.25502157674464093,0.11659157983217723,0.057286980324869265,-0.25543406329277957,-0.10354976202026368,0.02098485776205713
5875,0.6753578837647286,-0.044153154419292406,-0.3840614707041779,-0.1292570784053246,-0.03337289644662457,0.010356531088691837,-0.32318004992056076,-0.1122606381513176,-0.14383374435509708,0.14430421236816587,-0.5179358328953168,-0.6448074863024952,-0.014562157700329004,-0.15894493442391822,-0.2827988178094243,-0.10521650203847685,0.06000034147897444,-0.18425066393292833,0.12169720653216594,0.17936547046827064,0.15256852327147222,0.14097015973682714,-0.534217739502776,-0.10305808962745104,-0.27898436737471416,-0.4785588323083534,0.09815189465914638,0.4995116134218901,-0.2631234331856202,-0.4988486933990573,0.24184076559064974,0.07074599190872766,-0.5755205334890878,-0.1333943255397997,0.07831860889639536,-0.061737980259585955,0.24855602398732266,-0.41782185521274057,-0.3190941807538679,-0.21443060404363865,-0.3138647187096061,0.5971892705102142,0.4863702541329306,-0.6006652049428283,0.11347111351578915,0.1559723907037322,0.6393351155329801,0.13541343540614376,-0.26233664944993373,-0.6944438088754368,-0.2241484718139911,0.2750424571968719,-0.2294924512567591,-0.2972948621808139,1.0,-0.6300328193466771,-0.6376287841093033,-0.2188775499021153,0.15525849924051233,0.1026682566558676,0.1916485268329317,0.5827879472767227,-0.22267024513960057,-0.5022308747437499,0.6043571726301219,-0.09503582889098405,-0.06507291925502287,-0.3746765796607326,0.18464501466982633,-0.0171379720387318,-0.19726245013067353,0.018382513441215217,-0.661080494178616,0.05334538392632776,-0.18985166994627256,-0.46179336973821,0.1959991065247141,0.2783897151248291,0.3247924559457095,-0.21514300419792368,-0.026084586641606202,-0.5562554766233753,0.014894222801663436,-0.02786118846157184,0.03590256133689555,-0.037067283577630235,0.41991075650421683,0.38655233644409626,0.13826631754123117,0.5201970714747622,0.4949240467716318,-0.10857393210587879,0.0050771079732279374,0.06790877615286768,0.023147562482855565,-0.5572075033989328,-0.04419381636201612,0.14666094965197238,-0.00807028974728658,0.26124121916327847,0.0008091192458823153,-0.07889642079414821,-0.04857294778492728,-0.01109621023958434,0.027961445497826292,-0.41752398095214843,0.13521534021158202,0.06358278111846288,-0.49599000419540923,0.11228526311579642,0.13197034525151863,-0.0673573490794561,-0.05911178638899865,-0.4324096255293356,0.10079670642309098,-0.02695956453775359,-0.03680987436174115,-0.047773062743439114,-0.18802405544154596,-0.05675402532140102,-0.023688293156206457,-0.09987931754981422,0.04543345234895045,-0.304511657974934,-0.010021193132842108,-0.2724598094965794
5908,-0.61256280464377,-0.00683420192157024,0.4599719253868276,0.25367281708577233,0.031026570006035904,0.06439465518714578,0.2314340494238907,0.046851421047549184,0.1646828417238976,0.03151768310764012,0.6524591569605469,0.7399487359574649,-0.021722267328255107,0.2616096815627133,0.32780998426454866,0.061193217479714936,-0.04237130916881631,0.2669628129812674,-0.17872710767554392,-0.16049886553484466,-0.12203665859005824,-0.07987374296875338,0.6540413292998736,0.033768887405747294,0.04656268108301828,0.5744482499522264,-0.00519434993596502,-0.6062932819326153,0.23120262907668532,0.45904887912823367,-0.3627280021348264,-0.2576824067538658,0.6608233435821199,0.26024092021943984,-0.2856536439626955,0.06834285463859768,-0.3697011616899016,0.4244057208485096,0.5445279971210395,0.09336691990048045,0.45971407217192906,-0.628396616245084,-0.5621392610994169,0.670853591458598,-0.13664709869320713,-0.2523659366581159,-0.7634355478981355,-0.03227753110385243,-0.014304337758628601,0.7346608612989001,0.07384750320097466,-0.23568372375157615,0.2351090383656955,0.08773357187612496,-0.6300328193466771,1.0,0.7200693355679781,0.28370202026743435,-0.1000471920478556,-0.20112464759863447,-0.05271158431939629,-0.5065408400028049,0.056546173869870334,0.5549497142718242,-0.5596493006533811,0.11644437273450978,-0.10226388189750933,0.4479948016791956,-0.057624881938600006,-0.18387889525384646,0.22296291652162875,0.1353423611826147,0.770010543681523,0.04462198032923308,0.17181547883744322,0.4597425847775586,-0.2217385183256266,-0.25153600986472413,-0.38613621486876526,0.18755776497892007,-0.0030595463449757066,0.7679955108026684,-0.09969334323417424,0.04275832689414044,0.04713356610819812,0.07998825875232252,-0.5699392359125802,-0.45204252486200636,-0.27433922369133557,-0.5385208002772978,-0.37266329056891057,-0.01791767068412165,-0.09508141031176798,-0.1785637161272214,0.10017749467612476,0.6897659684998682,0.14517106075298922,-0.20676377850412384,0.03909357442797338,-0.2549126411084761,0.06458825457162294,0.05458311691118737,0.037216480036384406,-0.06387917069911575,-0.030010638051473266,0.4321241468022356,-0.12990508654114105,0.03368925818606548,0.5434942691957199,-0.055170462757792596,-0.11939484582709,0.13163996372832326,-0.049634197824569584,0.5448406237430209,-0.1492725215395145,-0.01608529281818345,-0.03445016694120662,0.11453403889591932,0.1172357581225349,-0.06688308089346155,0.16607831466981693,0.1921871827352569,-0.036400323100876354,0.5821343285086502,-0.014478311928408004,0.3953415125696756
5940,-0.6239628859245346,-0.11182688303592739,0.5744619728223396,0.24620803781869988,0.127146630497704,-0.0008980737886674228,0.21112780390848715,0.01921533808415691,0.20919005567347643,0.05045244096911944,0.6839967628202809,0.7232887128321811,0.21587674819305883,0.19218619457229183,0.3278580015194498,0.07828547519141532,-0.05778452488564213,0.18051973780730035,-0.187713773024517,-0.1371416963968618,-0.22615172726908442,-0.03358301550942139,0.6111741370230597,-0.006516027143733685,-0.010529865673136558,0.4892846850355601,-0.06387463792467998,-0.5915261979608873,0.24254047498363612,0.5643116504158532,-0.27294437237760094,-0.3286502838837215,0.7175792091862037,0.06777265756854728,-0.2671505494309433,0.09588625224281144,-0.4475377870000788,0.4181545704214791,0.5341831634443038,0.1704565452646354,0.5033042689968339,-0.540009100154608,-0.5548561517807762,0.5946760149347394,-0.15693652925946755,-0.12943821605613925,-0.6533194708334413,-0.01544146435805597,-0.010210998767705174,0.8120940887101877,0.16284403152123095,-0.23983062086726267,0.23927298650267162,0.020187903092912355,-0.6376287841093033,0.7200693355679781,1.0,0.19602799738540672,-0.07547982589883487,-0.13410739912995828,-0.08235824320381438,-0.4949796473003585,-0.028564104789216237,0.49211769611689055,-0.5121412999901478,0.09349426494849446,-0.23785273616648211,0.452665725694473,-0.1636989866508081,-0.11330353807782205,0.22771448343311826,0.048259253761068474,0.7058434504901556,0.046505146965729584,0.19425134837183466,0.4528646519041994,-0.19856473256218812,-0.2853115306165362,-0.33909455042576686,0.12801414651869605,0.09390886670173637,0.747470762206998,-0.08559039292743577,0.035157061101272785,-0.07645224869809612,0.06864515302871098,-0.4763755462989272,-0.2633949810623981,-0.20976206747884737,-0.4929741417044984,-0.3843688674670307,0.032949334440860456,-0.14274197568556118,-0.26935091767243746,0.052756790842829034,0.5578282043992588,0.13276269991413875,-0.2066854449770516,0.0853035112550484,-0.3301926223070779,0.09914988006947767,0.021786054671946765,0.08054862576031277,-0.111785130578655,-0.022313565039843122,0.4552432117136762,-0.1780212296391477,0.08484080426436116,0.4932031210842285,-0.09242612715140557,-0.1527174068024833,0.1587304714123456,0.016740385043800814,0.5440686143385496,-0.07035712058300923,0.02113582165484323,-0.04757641393563693,0.09556002260234908,0.052997288087181786,-0.014963305373315531,0.08999114632524471,0.15201267392407483,-0.07200557658344006,0.4923049490002758,0.06848078008795876,0.2967322614032448
6191,-0.22797550482951878,0.1395787136019623,0.09937022187157682,0.0027991346521941797,0.02140966034711642,0.09058182329713686,0.27116588825132326,0.05952514517870541,-0.0074748329312991375,0.00851085870150892,0.15341646328153868,0.3306703053930218,0.1275289832811548,0.12652450683868854,0.1472281448592959,0.09175032356173224,-0.09555360553056313,0.1009660629519067,-0.034818840746564085,0.017152728321985212,-0.0504576463082228,0.1826908284701366,0.21013583445781134,-0.06517062293877994,-0.025092259222111238,0.0484390137236133,0.07628441248812495,-0.2672571010586809,0.16731387853969848,0.2549585130125203,-0.24243231329566028,-0.1873584983959518,0.2181950271578914,0.08957240241137304,-0.14891369733934184,-0.02179547107874317,-0.08078373993648594,0.10783014481413246,0.11438349903841488,0.05660211166339891,0.16492462209393716,-0.18516750998675402,-0.1449244338799315,0.21250638674348016,-0.16502833613080947,-0.013897716496733433,-0.24604207665005942,0.06561270721888622,0.11243575892149435,0.31199810603541506,0.04411047153534941,0.13019898842471264,0.17792829706202562,-0.17791884477731162,-0.2188775499021153,0.28370202026743435,0.19602799738540672,1.0,-0.09810669745115844,-0.010577918545045353,-0.03888510606355768,-0.29360460993032994,0.10165682696898193,0.31104816113850736,-0.12998520938451846,0.042964624987049185,0.05014134906929012,-0.02744595924759741,0.07681372479769677,-0.10811229112292492,0.05836298589986912,0.02085769073189313,0.2909072853001743,0.042520628017151334,-0.04780120580546374,0.14187105099830313,-0.19322702633223035,-0.100779435674509,-0.20763447725675444,0.05312815596467813,-0.025925187576072165,0.294690715358204,-0.03810578211331339,0.05426893576920508,0.03559972151261031,0.0097165256089316,-0.17787844541774317,-0.20328237229712195,-0.13284274734496276,-0.11447330533442202,-0.13961097802976163,0.02001016978780187,0.06681408011581051,-0.1462561455901527,0.15129428423749042,0.2803675905075382,-0.0007809200600037757,0.04717636629976922,-0.03876038465338968,-0.12742836436279043,0.011020799577647547,0.0019989935036058347,0.061540210511160924,-0.012682231114380651,0.01644197287342478,0.11490499698303636,-0.0931737330302908,-0.06303950290467793,0.27994709972475756,0.019316137830131988,-0.05484719428556093,0.052703252571589095,-0.02452627174545353,0.145455601527634,-0.03869755589299921,0.047971605303705936,0.049509763302849924,0.03748429482669694,-0.023186491929956157,0.031810358746005886,-0.09862493790475223,-0.06313509405707547,0.0006109078944741286,0.23291493098923874,0.016542573222497067,0.1564949767239193
6216,0.14964672175861107,-0.0583091451136172,-0.08967079761589837,-0.041319835667445966,-0.031156388492357,-0.0656660855506799,-0.11506352356159219,0.017389188037636047,0.011996824489323982,0.04452243607107129,-0.11457986632196179,-0.1234312805823928,-0.041684947089890574,-0.08061454819761173,-0.08144872617815105,-0.06964151977441867,-0.019414886990947185,-0.04073009029177107,0.048932112336694124,0.030869301458303754,0.06022191147960285,-0.002515555874668004,-0.13983826319933726,0.010328139596637741,0.1155265384021449,-0.20776922019746258,-0.001967502263925507,0.1477997966236622,-0.016907670289045443,-0.0566055019890097,0.09542995966683714,0.03170416395040318,-0.17844044288951214,-0.0046762193469073125,0.05579664814647164,-0.0020767651781138452,0.07990291941904613,-0.08660932326662106,-0.06899323627655181,-0.020566142014187893,-0.10549109030844497,0.09815749987775846,0.00792841477414655,-0.11777630341530243,0.029084126344112365,0.0629907424532023,0.1665337459389863,8.351741706409053e-05,-0.016176355770690258,-0.1487030795960722,0.13014412326534805,0.03721731011409979,-0.05517339898694592,0.13810346894876283,0.15525849924051233,-0.1000471920478556,-0.07547982589883487,-0.09810669745115844,1.0,0.00828085534250806,-0.0352697712370956,0.08804128612283776,-0.1707689519489335,-0.1530544419946671,0.08773520058235446,-0.006566455294528271,-0.04393859415014933,-0.049132658790004884,-0.13288765966805316,0.04689111036661802,-0.04177464634119203,-0.1455623110887809,-0.1972448717897106,-0.030957528512160912,-0.029652135278674736,-0.12429885218297741,-0.014906854349134144,0.09775677937975312,-0.006266173424653141,-0.03495185043985271,0.06090375730976366,-0.16004114203270217,-0.06066150446598378,-0.020757428815444696,-0.0813009345595779,-0.03977574737191971,0.1250610740078239,0.1741324297523381,0.054587485340602496,0.11987315709938406,0.08584645108630423,-0.009839958310366619,-0.007330418525208772,0.019298915730356195,-0.04935599848230416,-0.20570660406009944,0.006809497005265682,0.04950394971159825,0.04908631968091211,0.07598393995431323,-0.01618479708359886,-0.017303931921615775,0.01655694718576146,0.10494490253775675,0.05943983426830693,-0.1213698753629255,0.03804973304758833,0.011212475123662698,-0.2046456344638684,0.05000549589883732,0.01589555178259511,-0.025695163832937955,-0.008338596675184362,-0.1833325132532276,0.007423852199093075,-0.040032818163869416,0.0021749897255681203,-0.015966459449457984,-0.014363879855828746,0.05406481414966782,0.022979376175580456,-0.02573819762685734,-0.058439058067785814,-0.09624900414412607,-0.004470309075845092,-0.13142787277983425
8861,0.11048182667876817,0.010556888186100821,-0.05422106353032617,-0.04840665581376241,-0.06493392357320608,-0.03436299318246883,-0.015026393166347773,0.004254807097130872,-0.06110386278961355,0.015925383270092214,-0.16394945002345077,-0.14833849938864946,0.09180071939854764,0.008494183524721309,-0.1347470178378036,-0.010538806650409085,0.07931942346772962,-0.10631642424624876,0.11504154818279301,0.02216435752401443,0.058410396173495735,0.001576647287860861,-0.13988145328184323,-0.015524977647553978,0.07015908870232686,-0.07674722930214871,0.0932471623587984,0.14825042695161766,-0.10246940172665679,-0.018552830523219984,0.1696708570249743,0.0890141898946149,-0.07555408708679806,0.017219499715699603,0.1751809409862964,-0.004465441088345819,0.13423546181207158,-0.010668389627183259,-0.31923107596069017,0.04066979643981217,-0.08840316483728675,0.06921090400237988,0.13608322569255432,-0.18585305288155463,0.06043875136043106,-0.003817016133006189,0.15526846345762074,0.030821856466096885,0.13496127199964755,-0.0773227733603261,-0.09812051083829668,0.0296295089759141,-0.029941932033991706,0.12321259757574243,0.1026682566558676,-0.20112464759863447,-0.13410739912995828,-0.010577918545045353,0.00828085534250806,1.0,-0.03961349791590207,0.10018241682269499,0.11828638388966552,-0.13697241014640082,0.14047214049155535,0.05010327043595428,0.07161741229768205,-0.010218473870439981,0.07304717652205747,0.08809164732407349,-0.17895594536811787,0.06935756127758354,-0.10681221950803567,-0.04682426818436695,-0.07198611329346524,-0.0910385357819918,0.07797179408049335,0.0070148773930672976,-0.03342073170982209,0.05855629323033951,0.03543172743347961,-0.19602081833361246,0.030711832417785905,-0.0024394084814802026,-0.07537848188543023,-0.03424499682749801,0.13112256103074288,0.10286053980945577,0.16130925327440196,0.05021566652315535,-0.0860118743827753,0.13608011791633415,0.06835491175481664,-0.031748683926563166,-0.06207965993371633,-0.08472830242900262,-0.006786004747325098,0.07972688116752472,0.08852191699586784,0.06683927251777226,-0.08512408317755371,-0.07453675210601993,0.014038418099276789,0.09289525130342212,0.06293729261576846,-0.0804955484713969,0.02813911413962289,0.037164599212687284,-0.10600774864021378,0.02763212437438421,0.04044827251557077,0.06426367027676058,0.028986047990056524,-0.12115484750192404,0.04555398431828651,0.10614421723499157,-0.045717531629062655,-0.05635764809566385,-0.08085877280929453,0.039087201895314394,0.06871342160804322,-0.0007594257044301517,-0.01710024734003227,-0.30818229135574554,0.014058912725845918,-0.06679743223805554
8868,0.14093497393428592,0.03812553399288978,-0.020393204380633568,0.022548604840918935,-0.03571615641738225,-0.010138068750153547,0.005111886039796692,-0.05047872903433848,-0.03143758158989624,0.04664277114151011,-0.002441988155111517,-0.027704355279247982,0.021193533662126174,-0.006777684611189328,-0.019650783510932922,0.0028745176106530637,-0.06430363681689084,0.03686243863929008,-0.029334770638927917,0.05127652408546141,0.01088840380005848,-0.02579117778712145,0.0671065109785138,-0.07128609667563397,-0.13826209885814292,0.03302691841613617,0.09645051166467179,0.010844913882587348,-0.02490861036839894,-0.05845061870568199,0.028216750364424323,0.07745998338036908,0.007470616122755338,-0.032864221706084315,-0.036334766331317034,-0.035347423799938445,-0.003995990573587806,-0.023517306338589887,0.0988441137682135,-0.04974294930899899,-0.03704753891581323,0.11885841199341184,0.13070813654519514,-0.03934739916077018,-0.014064120902264875,0.04010699872203122,0.03219402241927628,0.008718734460372813,-0.03342214302804121,-0.08870368115802808,-0.14745329022624903,0.03699988071008062,-0.014965238020969591,-0.13979422961399146,0.1916485268329317,-0.05271158431939629,-0.08235824320381438,-0.03888510606355768,-0.0352697712370956,-0.03961349791590207,1.0,0.09464605599375416,0.04822083115625447,-0.016413609494804277,0.06292776206987777,-0.09313030861798943,-0.013032140809101787,-0.030129047042559583,0.16570091747985982,-0.06266126128595056,0.022062754616136993,0.13065019958762636,-0.028301184197897962,0.05513400068587134,-0.03044360345468092,-0.028577154620890974,0.015170439378807885,0.028076234154781412,0.12379333288074086,-0.042156392102737486,0.015501277522889252,0.023451578047905743,0.1006343958856645,0.016987987377883873,0.03196338763098256,0.02105824090751958,0.044220864137155286,0.07366520472021527,-0.033419109738632484,0.028511858669714153,0.17258873094826313,-0.06429050816756686,-0.06407197206714899,0.009223425400862338,0.07679641469565658,-0.04119542508244764,-0.008293674643429057,-0.01159002233499986,-0.019232570413345848,0.030185367518420714,0.0039344393580409325,0.0069729872514026955,-0.004288542626772599,-0.05726991969125868,-0.006659756029042637,-0.03134122617693468,0.03127107406602265,-0.004587647005448927,-0.004675561505155485,0.0023935826714556402,0.03011733830293402,-0.015833556034659108,-0.0008645501758156737,0.04821146805353675,0.0016480383041770253,-0.02616010902362585,-0.00041509505945167376,-0.030615838935490962,-0.013089592057885055,-0.09424580223083724,0.011763843019731528,-0.017740965581652515,0.01675529505290727,0.12612010098685794,-0.013503341478021446,0.03740810316284157
8904,0.496544070347052,0.060703269902831376,-0.15035942747760656,-0.1164100905616012,-0.11866011702458246,0.03200637115899163,-0.1973324180205562,-0.07088860701776006,-0.2015321528654734,0.06349355619416427,-0.42243948228473766,-0.4559538884739866,0.03993349242866761,-0.14534880169011735,-0.19565060407936796,-0.17018113595367407,0.10654636359956292,-0.03234629985695439,0.06766465740808296,0.17399820681898456,0.2800907658938104,0.08490222201562725,-0.2628162838007249,-0.07304628840359773,-0.22701840800869075,-0.2140315260991387,0.10077673884821665,0.35392183436018143,-0.3414508279625009,-0.2631949385006863,0.2664347835525262,0.21984350397486924,-0.3952789501943798,0.15875863067911292,0.08677282092056975,-0.10606805836491685,0.14629125299160983,-0.26558545171993664,-0.4030317611774229,-0.15545022413578585,-0.22720451535103822,0.5106178150212665,0.4681814583413484,-0.379935295391687,0.15118168659983358,0.06789555450262474,0.46806223718760853,0.10549944367730998,-0.1434262193245945,-0.3853304673962942,-0.18852151412845322,0.18150703962205028,-0.15533069920390688,-0.19065975662648782,0.5827879472767227,-0.5065408400028049,-0.4949796473003585,-0.29360460993032994,0.08804128612283776,0.10018241682269499,0.09464605599375416,1.0,-0.04402050391602758,-0.4419456578960725,0.3211692224316503,-0.1430156275823464,0.00016726889247036428,-0.13996739824893764,0.17468118805329189,0.02117133916622787,-0.03817666032360276,0.08592684869693706,-0.43578280114877754,0.046362086844737034,-0.106947658535238,-0.17726416103491793,0.1786394420281854,0.14011991079950384,0.32116946859868806,-0.09981909024025405,0.003761960727289523,-0.525891342466354,-0.027362173811450275,0.05435677380766239,0.007597977027496644,-0.09439453071777462,0.3783430174784817,0.22169069646239195,0.03197664328645924,0.4854777567423219,0.2513905124426675,0.0015166454158119997,-0.01241226672041058,0.12852484131068306,-0.1289869172113255,-0.43478582829386775,-0.019479106379299855,0.1921847874031207,0.0014933946785047148,0.28266984500427605,0.005792396069567577,-0.13938988474736963,-0.030919987628308852,-0.03883548433181643,-0.033841490035731475,-0.4914481058202287,0.12147314364408356,0.00842489308848014,-0.37902018836223594,0.08746972717856859,0.015989375814243627,-0.05411418910477829,-0.0722842168078529,-0.21948305991736286,0.15090127593776526,-0.11638024158511516,0.007957812877848709,-0.06770525628755683,-0.06400611899932107,-0.03189104818482843,-0.015267319921920812,-0.0744259359760698,0.03284849415479415,-0.33627804613566575,-0.15695430469957042,-0.11676738110449861
8906,-0.19316629703993538,0.20573665663662688,-0.03059149743688755,-0.02105465424608609,-0.010915382757352057,-0.040149125407818884,0.1315209893452182,-0.060734098854187984,-0.09099996081211573,-0.1983186279000607,0.054796559618979196,0.015274185928867328,-0.004062597529038318,0.08587243849799649,-0.10993322551419737,0.058367012080453605,0.09806951563971929,0.11961782783998035,-0.028970081992571832,0.03834565991843141,0.08380816019275668,0.000591420980730914,0.04962971957484738,0.02156687850078335,0.1383517964783484,0.2164154884609645,-0.10953137576830307,-0.12304477857044656,-0.0010108342029986536,0.0029397887127721217,-0.11685681932192968,0.3651736363443359,0.118458752343572,0.17084491915881508,-0.013099645176728087,-0.11211124246409533,0.1523802286013128,0.1676422946226447,-0.06881184468771043,0.04889118012928928,-0.02295392195107478,-0.1346096332813145,0.022225074140632715,-0.028785231499499225,-0.03214623049205904,-0.1229340990122996,-0.09401111849578735,-0.09725783927219316,0.17372248892608178,0.023131572021511414,-0.3686884196960853,-0.14844449822031525,-0.030755119995972913,0.18939184415088928,-0.22267024513960057,0.056546173869870334,-0.028564104789216237,0.10165682696898193,-0.1707689519489335,0.11828638388966552,0.04822083115625447,-0.04402050391602758,1.0,0.12956476759447627,-0.22182190412723285,0.03647850691611851,0.2754113712864177,0.0408122263579712,0.2343964077577519,0.1544013289169889,0.08813522003726382,0.2608347934626397,0.14886897879178013,-0.016199990307087103,0.025022023754509973,0.13781292630965583,0.03183628268631911,-0.06652087419510092,0.20120927682277753,0.11898978137516666,0.001748045674519046,0.04146122899559299,0.07542787608024963,0.025352300703136443,-0.04727426212902386,0.0016636633519957057,-0.01511629639756605,-0.05691674498183185,0.16887622286335097,-0.15644310629302638,-0.13992841846353204,0.14292453921566847,0.07972247486237662,0.11549986937378605,-0.09472787780901393,0.1732687634620855,0.0006827074532241818,0.06918258218327379,-0.057899037508037064,0.01979064395000872,-0.10738710952723418,-0.1274544546659531,0.03312285424936245,0.02991539505503613,-0.026472598101067925,0.13117425994949106,-0.028837850288637265,0.01276387417005306,0.2827716497797185,-0.0328841249256479,0.05549029884027247,-0.007626237123666698,0.09489080379756853,0.015165586555597202,-0.01775800586070412,0.0211003575902988,-0.06683330636607684,-0.05972004483467471,0.007423240713999932,0.043585072913606,0.04994421800088146,-0.06130319276611136,0.020413925579859986,-0.04375853113290711,-0.01412884562793416,0.17822543796168522
8907,-0.4924449104037505,0.09285905427989978,0.2555562670755001,0.11648138643220443,0.04308174003987432,0.06395882679935191,0.34130408947540436,0.030359531393070394,0.07079210701359559,-0.07441154952894545,0.4735640744388839,0.6221981190667368,-0.07055029894222697,0.22167746910663422,0.3050139955071871,-0.03313762753648727,-0.14990401795118807,0.23254078434707356,-0.1750289299733407,-0.1571724271619404,-0.09969788634479756,0.041594312297998745,0.5233409145837713,0.052254881645368415,0.028966657681193313,0.3622751866099117,-0.043894528994750485,-0.48955311981031163,0.25466042373672904,0.4143304258307864,-0.2605510624331212,-0.1446486807286215,0.5896490762993524,0.1125432261065779,-0.11004741158609929,0.0529036303709959,-0.2920770686688889,0.41731450818277344,0.4369587737145284,0.12325580859445186,0.22561628667371875,-0.4945631407049115,-0.4276730646030531,0.519672240384829,-0.1459504883332757,-0.244618790131573,-0.5568039128708906,0.07511185098384482,0.04591230491126902,0.5016218828607414,-0.05885418573616481,-0.14461554718715303,0.25547592372399314,-0.009514386949466498,-0.5022308747437499,0.5549497142718242,0.49211769611689055,0.31104816113850736,-0.1530544419946671,-0.13697241014640082,-0.016413609494804277,-0.4419456578960725,0.12956476759447627,1.0,-0.3779341748339527,0.03741967780549395,0.20101493794093814,0.2689486307898691,0.0899705203664296,-0.10127339998423443,0.20195247739351518,0.10210885927307792,0.5666944766033929,0.1060817242410825,0.1271669709497741,0.4134783085513043,-0.08318047350231172,-0.13460283129420866,-0.19290596900151968,0.15537165296554564,0.0056861933806352126,0.5896790414323716,0.0903262101178174,0.09591772001914176,0.07385489868243497,0.079180652183135,-0.4451572113736139,-0.24606134061476287,-0.20403331516764914,-0.3195566450216933,-0.18462549312959048,-0.05969048021742442,-0.12500525019705427,-0.029378245057628146,0.14326955552219725,0.559849235328864,-0.010458149982712528,-0.17108482116620716,-0.13058836358348305,-0.25720300118548006,0.03857199254216093,0.041631089740551845,0.024832829983390713,-0.07666245102455237,-0.08779925301542685,0.4347854642495509,-0.058674629201280915,0.033841250827045435,0.4048547657243071,-0.08787500817722159,-0.05477159260342379,-0.007476974101129144,-0.008845515082211316,0.3520345125125908,-0.172201422414805,0.017458899193301704,-0.0032583849668170427,0.07136689198899705,0.07100114275003844,-0.0038659975786532632,-0.023843841898751716,0.07801577077600921,-0.08060184089738832,0.5639454259339989,0.008177380681608906,0.30489335655792643
8908,0.5797208365343645,0.07503911975111249,-0.3587049749388381,-0.061539004425789925,0.016507247292519532,-0.010694107911768235,-0.19138814480840155,-0.05720357588619103,0.06489108074164851,0.20140603309301974,-0.46947539601550814,-0.5576472934025071,0.05125848545761829,-0.20528586630093545,-0.23842073039001177,-0.0018241665422817671,0.011440113414638608,-0.14502726213541664,0.16365209302592051,0.08319800505954124,0.10516343216243532,0.1281990960091577,-0.5236257538136961,-0.1014641595610936,-0.07790447425950946,-0.3126871181483633,0.11645400924058047,0.40122707646832056,0.019004816059766266,-0.4351957267118736,0.19824679408847143,0.08090062691878372,-0.5616199290896932,-0.10714546111602248,0.13038455641684188,-0.01940356265718189,0.2582554066629677,-0.3623727406153328,-0.2713261480097045,-0.14115537743433393,-0.41095271039370024,0.4463176167637178,0.523437794062698,-0.6174732380936819,0.10642234432310202,0.2111243104633731,0.5745915677830934,0.11105442363713114,-0.14737163857058388,-0.623207939710704,-0.0056798230339106534,0.28953580152433567,-0.18221948599544316,-0.12681017170504505,0.6043571726301219,-0.5596493006533811,-0.5121412999901478,-0.12998520938451846,0.08773520058235446,0.14047214049155535,0.06292776206987777,0.3211692224316503,-0.22182190412723285,-0.3779341748339527,1.0,-0.04609978593083733,0.003506118986783531,-0.22350119933562018,0.08927080610618396,-0.02358965204941119,-0.15021409068125968,-0.03056045639617355,-0.509011022891038,0.08289440222539121,-0.21822532817651719,-0.40849229385341407,0.0687168826950874,0.14777292841139356,0.16651835282805358,-0.08480934286316161,0.11143002400382994,-0.4916575788166951,-0.04755084439952357,0.02424127099141636,0.05492800362312074,0.013397881189852643,0.37358666224452813,0.2791498645402069,0.0615597013197082,0.3974024362709054,0.34018233263076475,-0.0802981804120704,0.03847891928506169,0.1879165732677697,0.0328499351734926,-0.5293475634990216,0.006032450856550479,0.2999620282026034,-0.02089539275840227,0.14753087839994297,-0.09224989447631202,-0.0004307843457081868,-0.05025032028965131,0.11587208332895815,0.00024122124608541549,-0.2710316337157322,0.0720554822591276,0.029231282189106672,-0.34595940742495873,0.026490978614171736,0.23551178630396885,-0.13400163410264448,-0.0535336762368203,-0.3315394951628505,0.1731130618759951,-0.0104738171516146,0.018221757097288967,-0.03702697548444013,-0.18483230593619598,0.020064595013646776,-0.07494988168092678,-0.14087155063949014,-0.030663404523481427,-0.2267884899572639,0.14630412894480782,-0.36258843197164947
8909,-0.07401646209205244,0.11395739110279528,-0.025158315019279398,-0.0057783901905245445,-0.01759602319177366,-0.007209664120422618,0.06851949441049539,0.02874715056389768,0.07311208626890119,0.01962224176878767,0.04103101493887558,0.07493286570151939,-0.01672487100789064,0.07537380686675503,-0.01139760447268545,0.06727671071286477,0.13352970623763255,-0.009350986329260258,-0.004423940385373609,-0.08260167315149258,-0.004585758587086431,-0.051200104089773026,0.055278973910311745,0.033617069553329174,0.1108645854355464,0.07493091357872216,-0.08317703552101036,-0.12813939975867136,0.10636916566185012,0.0753204758743698,-0.09559703707912007,-0.009264221858474827,0.054419732785771266,0.0878491997898529,0.024866587493816428,0.008700360335100795,-0.030328808534930987,0.1430551734716119,-0.06318274258726983,0.07666791334892369,0.007556891273818923,-0.11860268798510647,-0.10623243431499517,-0.013922851376551141,-0.006942012792374505,-0.04088558060882809,-0.08346164059429886,-0.014798792280315718,0.0771725256408537,0.10227070517354196,0.03912383052836011,0.026076711376874423,-0.0017027233481539444,0.19629391962463993,-0.09503582889098405,0.11644437273450978,0.09349426494849446,0.042964624987049185,-0.006566455294528271,0.05010327043595428,-0.09313030861798943,-0.1430156275823464,0.03647850691611851,0.03741967780549395,-0.04609978593083733,1.0,0.041018630483784096,0.08884822264628654,0.02585727726606639,-0.018247863298138666,0.022499544902849895,0.016592324751404264,0.11660477027191876,-0.013640924893659426,0.04593906663396028,0.0732964608044028,-0.023818322461078064,-0.025213014741270766,-0.08554673005639357,0.06897121170073627,-0.0535572754596316,0.03929764139557836,-0.10095436244899593,-0.0051880149640351715,-0.010716313906797514,-0.00815198881058788,-0.06461902702968475,-0.0727042454853795,0.010931441675620022,-0.13490828350193274,-0.1043495550426197,0.029574653452473152,-0.004645442187107202,0.031458070780982554,-0.018707227420253186,0.12267713382584498,0.004803593238169491,0.03876322636670773,0.024503603331075575,-0.005006658186510462,-0.01653695774634067,0.0026871822528572765,0.012323827372056725,0.025475780180887565,0.008644585875723018,0.045852972348314286,-0.023604154925576864,0.011463359041735061,0.07538126661120248,-0.0005366446783637966,-0.0006434744598054637,0.013812493892711601,0.004149848824723714,-0.04251894507855176,-0.046524570999209605,0.02278583953093981,0.0008452024220890567,0.04283103022643025,0.01867109140462807,-0.0034196139915599714,0.04465572666539674,0.050524497938143176,0.04946300100176244,-0.10091979900991738,-0.044643627055306216,-0.010116108486464069
8910,-0.11855908602997411,0.3970075702391126,-0.2248970487508811,-0.2628341745559613,-0.10761389267106547,0.003865070635279131,0.34983003006208824,0.10820525822795006,-0.10292572974102572,-0.2727309329733032,-0.20721940835670216,0.16321170033947893,-0.11850603851623517,0.14898853291755912,-0.14047439246736015,-0.04531676913490512,-0.019164585147741144,-0.08268434804936334,0.06274372917100851,-0.16351811166473842,0.23105168844198617,0.050820399481595044,0.13471892759356416,0.08934754554137367,0.39283782804660905,-0.040279724425589865,-0.050058470310385024,0.06211210595844789,0.1512687980672379,0.1331953941477531,-0.061166892076595404,0.30796649194081166,0.07815128291474585,0.19886761868001504,0.34939330428227194,-0.06404281014166911,0.046844935909928234,0.3466890560981193,-0.1754412132068154,0.1122095462971559,-0.29514311814264677,0.052910253242107505,0.11476101367612777,-0.004653294346931575,-0.008503307139641793,0.002661750746980244,-0.035691024508057646,0.03727989651567628,0.24965607062326658,-0.1306439967507225,-0.0004917956187161172,0.12838563188849503,0.09446385617895411,0.43961385517963747,-0.06507291925502287,-0.10226388189750933,-0.23785273616648211,0.05014134906929012,-0.04393859415014933,0.07161741229768205,-0.013032140809101787,0.00016726889247036428,0.2754113712864177,0.20101493794093814,0.003506118986783531,0.041018630483784096,1.0,0.03687832495363233,0.333063583172677,-0.0807066367260978,0.017171599210014054,0.12231935532524704,-0.04715916996185131,-0.0627444884466657,-0.013369931045224907,-0.0012377384645518527,0.22650941638630356,0.14233794545476502,0.0881377877876841,0.056490347207724126,0.041581032031897364,-0.14321653308634177,0.12926424225656863,0.0511371253882895,-0.011256561328227194,-0.017207424003662018,-0.06388087605137255,0.07440596314768752,0.18649342680529218,-0.08574286162959538,0.10560045026902497,-0.018085575479287443,-0.03444619112420692,0.09047928260813305,0.03478422585000707,0.11490899568394669,-0.05052615904110322,0.08062791698092173,-0.005598940378997497,-0.00816592168803043,-0.08235053786378545,0.0334568669440939,0.009072761907583335,0.19232729266477594,-0.06703342578692638,0.03972602091579357,0.04267015899110752,0.0216987326935827,-0.01762528604423555,-0.056427707198508995,0.09181895580046504,-0.07270697954208319,0.0946373603242675,-0.31728008369532124,0.019680268422613403,0.08333281168811428,-0.05211490570895911,0.012580950231611697,-0.037381939734812346,0.05683736127680205,0.05728785668239758,-0.09327513775092236,-0.0007450743325743088,-0.10635171692019009,-0.07526378783288241,0.15328415998447512
8911,-0.3824581805232215,0.10357796297751735,0.3091021985200669,0.14291061750993736,0.002424166675629592,0.03756915419399554,0.19902476677090733,0.08081281145017669,0.07938210865075741,-0.012271220799188846,0.38535362489025154,0.4715864355916502,0.11138030565581852,0.15366037031409951,0.15407534868677292,-0.006684578734321101,0.11395430611778508,0.13962327122919765,-0.06999122280619326,-0.15889824216773396,0.060291988044382905,-0.12053043175100274,0.47225985261440856,0.02147626656186731,0.06697799670009563,0.40392398737378044,0.042704334441636245,-0.3615071925450334,0.10455102216058632,0.34437835016695933,-0.2427228092344679,-0.0032426244753919623,0.41146027032203225,0.3168970790537107,0.00944735341699228,0.011959233086798223,-0.19111771457427984,0.2929843385246493,0.2050312535433906,0.1718407470898241,0.19016422179544507,-0.2946219893189522,-0.24266865003370572,0.34296602978817964,-0.07565586635334116,-0.06630650794231502,-0.488010349551351,-0.00743398335944501,0.04871667904558837,0.4555588992290697,0.0339931275395873,-0.14987325228006948,0.16133977979365488,0.26307070297949775,-0.3746765796607326,0.4479948016791956,0.452665725694473,-0.02744595924759741,-0.049132658790004884,-0.010218473870439981,-0.030129047042559583,-0.13996739824893764,0.0408122263579712,0.2689486307898691,-0.22350119933562018,0.08884822264628654,0.03687832495363233,1.0,-0.032875997526073106,-0.19064772386483242,0.11258129461899406,0.18095963660213407,0.42420391801850177,0.025842048561278003,0.12149036926858868,0.269098528707042,-0.04672962358396626,-0.19707244006954494,-0.1943060650772378,0.1267260948172738,0.02723959224245271,0.40401398540509703,-0.01558404610923644,0.03176434531264698,-0.03604585748945054,-0.003385199692780918,-0.31022716369947984,-0.2087562781282794,-0.06012464133410563,-0.3376087470709889,-0.2443991604563546,0.04580696242326752,-0.06817890882983253,-0.058051908787471386,-0.005701957778930084,0.3939554417741741,0.08019204546108451,-0.04108905064770659,0.02094979380363375,-0.11763601046348017,0.019326946096743416,-0.002028053459923546,0.02168951361295883,-0.017897897048234718,-0.0018823651572590185,0.27246619049753273,-0.12670676357030164,0.03558526458488063,0.34022278407047174,-0.10723032935748542,-0.04299949291946459,0.11312056968188762,-0.0018747111965021833,0.2934329399142646,-0.06606241548192261,0.013155592852648381,0.02430437339017236,0.09022127478959827,0.027585873762109855,-0.034318139372301944,0.17028192890898983,0.11248542210519553,-0.03661612942960554,0.23110139915652517,-0.011104956863429664,0.23239035486229168
8912,0.10279572769326822,0.30344308736766973,-0.15350125406377665,-0.05293560800406685,0.06117443695041136,0.06657798286299431,0.15848187611127873,-0.057338374453170866,0.028255613832397487,0.0019117404456078745,-0.08698313086861424,-0.04045797448803546,-0.1843354619853212,0.10492057663013236,-0.0694505339072439,-0.041606376276647865,0.008186502662368237,0.018865212532660967,0.05280814578221716,0.0024834798334650104,0.13896027245459852,0.03081581586526238,0.0913065894554712,-0.08328918084361403,-0.0422892218465735,0.11778613063954559,0.11469396600748333,-0.029998503411048687,0.15123011564029495,-0.05860631694798906,-0.07004128350263226,0.17115443049353737,0.12124468687547872,0.18576334958699758,-0.03533255576621631,-0.11489811936782747,-0.0015768346938502893,0.15443476222317007,-0.10981426909993296,0.05265619409387987,-0.18009269208913772,-0.0013416617123092186,0.24420994708385613,-0.13146985644875486,0.02827149228702062,-0.20123992980035574,0.03560644082195991,0.0684843726326119,-0.05433765162865021,-0.10380273648836932,-0.20245484693555907,0.1252327879630354,-0.059921244802823855,-0.02907926695474477,0.18464501466982633,-0.057624881938600006,-0.1636989866508081,0.07681372479769677,-0.13288765966805316,0.07304717652205747,0.16570091747985982,0.17468118805329189,0.2343964077577519,0.0899705203664296,0.08927080610618396,0.02585727726606639,0.333063583172677,-0.032875997526073106,1.0,-0.0922033426441448,0.08788523033389516,0.3279628075670336,0.05368824493368051,0.0022129732491562907,-0.10301237981011008,0.11159048139846592,0.1837872110187046,0.09860307032061637,0.19222676170964312,0.02280381192881393,0.05140649509402849,-0.016027960985318626,-0.0734231110617027,0.048865576396183094,0.08457669258174069,0.03328740805644437,0.005714789654180617,0.05520302298919645,0.03562067837240383,0.11551949330974343,0.23294352610973193,-0.017654644990344952,-0.044380808086661894,0.17093046063658726,0.07438422003812316,0.07427074087448872,-0.01368357831814216,0.007945461562955534,-0.06901293175314348,0.009330397834554091,-0.03246617863029592,0.01800173867045831,-0.005845246956189007,0.01868227490837626,-0.0918550771680637,0.07272941510567331,0.04341241128811707,0.026368364398431546,0.06828615992018966,0.031829264453125276,0.0360086904549355,0.006418368508585583,0.0503195535336074,0.025012168446179775,0.038813600049588004,0.01051226627331561,-0.08401739435024136,0.03443071138363624,-0.10171611812968498,-0.06255067269999276,0.0365953135892532,-0.08505485868021209,0.09316142523411625,0.029737665049172808,-0.05787889291474308,0.1711028809748729
8913,0.1519103578732968,-0.09314147098064726,-0.10028039527463158,-0.08979567532983516,-0.017361721843434156,-0.12744672424819303,-0.11605052944346114,-0.041245646438581265,-0.021957402763535614,-0.07943073483722694,-0.17396674176325427,-0.2849970163782106,-0.05083224294868106,-0.15016713517762412,0.0015502615809396862,0.009307987752991544,0.05097082999115892,-0.14331718860979564,0.01431942506841713,0.1172658894031148,-0.10654461514143851,-0.07454508507883195,-0.23045774668622265,0.05700788979502559,0.05124943940610732,-0.08855337017161381,-0.2348918768781132,0.08445363058833119,-0.09946835195642302,-0.17521950210864715,0.13850473335021798,0.15682104908479652,-0.23200848107208188,-0.17473002151122793,0.042275950266559455,0.06879671723567059,0.18042509736747991,-0.2339139644831211,-0.1109661471411984,-0.027470929019256442,-0.04135491207787432,0.0017784492655756703,0.013156931488154899,-0.06243187772479153,0.11462019644145155,-0.0500559720262753,0.2355225100524718,-0.09077116021908355,0.11687883733969247,-0.06510955994669945,-0.08394443051174016,-0.05380899940514383,-0.09346240655846567,-0.01441082070471877,-0.0171379720387318,-0.18387889525384646,-0.11330353807782205,-0.10811229112292492,0.04689111036661802,0.08809164732407349,-0.06266126128595056,0.02117133916622787,0.1544013289169889,-0.10127339998423443,-0.02358965204941119,-0.018247863298138666,-0.0807066367260978,-0.19064772386483242,-0.0922033426441448,1.0,-0.028344779285422294,-0.1585641075362171,-0.12090395768750803,-0.11420713307055132,-0.02603494049279539,-0.06171112934138612,0.04178415051279979,-0.031211182144548502,0.13903394426738475,-0.04356537340893184,0.06353649186919254,-0.28634362081498993,0.01726731333297637,-0.053911146776452826,-0.020731261844499745,0.03534780809194475,0.3022173583382893,0.11525041958419781,0.0768611289502323,0.06674048227691472,-0.06666729409562126,0.05579421334695359,0.0014577194128614955,-0.0377488932981714,-0.06236355986524285,-0.14246574444964563,-0.09110391007338808,0.0262287918433392,-0.05239134781363347,0.08098531260023649,-0.07206463231654517,-0.04953015797927817,-0.030505136765523928,0.07459465522362561,0.0052854434456353835,-0.15419171862288056,-0.023769956199336334,-0.03730984691576549,-0.16807421921769378,0.0822042792650968,0.0281463605698431,-0.02879224161991911,0.04247901506940394,-0.1110245944146409,-0.05038009274573622,0.03815147301038124,-0.020268981452960112,-0.034277731831108244,-0.0025411120450450635,0.002938450520865139,-0.08600257361601314,-0.02925632865956465,0.003053660382158206,-0.20423464116582918,0.0020724585726916564,-0.21343485721748348
8914,-0.20681727041059147,0.039759467891991924,0.08870760059657637,0.01984635019337068,-0.03341765010575978,0.02200605541995088,0.0826902247848291,0.03529052704346599,0.0456975196508728,0.0196730611504732,0.15271295228837006,0.21844589945948958,0.019646036916857394,0.1165810408600457,0.07898742146648062,0.005748868503692485,-0.0425758769322604,0.05063237939864614,-0.032749187149582214,-0.06996161881387115,0.0026898409230031906,-0.10200543898228093,0.21615084829724904,0.0023909838894373516,-0.017956022741226402,0.23430734535598338,-0.0040744327630783065,-0.21433148850794198,0.11649642214202995,0.18013924041427934,-0.08249525289061219,0.015159608081865741,0.20042563497444318,0.09026908720771334,-0.0705747359990905,-0.030453141046174137,-0.10848877740084859,0.1486158554664618,0.12964385604220585,0.05680735685283668,0.12617666165470476,-0.16521946232415244,-0.058395184320232885,0.17550605204250894,-0.01893246591688315,-0.06073252943538648,-0.20122372397901936,-0.002683511895407168,0.015239073047259395,0.26860957314518413,0.059517537509660136,0.018972862917045374,0.08318145583761886,-0.01597797310750103,-0.19726245013067353,0.22296291652162875,0.22771448343311826,0.05836298589986912,-0.04177464634119203,-0.17895594536811787,0.022062754616136993,-0.03817666032360276,0.08813522003726382,0.20195247739351518,-0.15021409068125968,0.022499544902849895,0.017171599210014054,0.11258129461899406,0.08788523033389516,-0.028344779285422294,1.0,0.022153696699850862,0.2223790006858965,-0.04195174021719469,0.010247470583815014,0.18299463210232625,0.035043668193981956,-0.07698797375604417,-0.0689372984664661,0.027446121234913058,0.02265803101069822,0.14588624357072388,-0.19188430173492443,-0.013666642746437535,0.045116478914661924,0.02991557881002817,-0.14543383794031728,-0.1679654053221028,-0.09079297037403196,-0.0556106098111847,-0.14015675415207982,-0.027762964316101674,-0.04947627800669458,0.03948223096710399,0.048207664274456746,0.20112441798559502,0.05381638066574422,-0.050647381370152456,-0.0760951472385299,-0.05442591853617096,0.0014961402574909554,-0.02145882557424367,0.02953487385731263,-0.01567884430720382,-0.0562701343567466,0.051291373762655745,-0.01622275540452356,0.052121751918254994,0.11973507293779254,-0.002352770174172274,-0.0382779091065351,0.04710925779628983,0.02826140600474457,0.17122435858660104,-0.025409249453818318,-0.04812497353022086,0.009674741798081813,0.015666969824468007,0.024852529210162465,-0.018056066509323773,0.0029826078509097437,0.024804400999148615,-0.07765738956232145,0.2228441731075827,0.006810286219953873,0.15058818919919242
8916,-0.0848469722180279,0.1348913277354202,0.06256291741353405,0.10681729172555024,-0.022770312005859435,0.09689634515876468,0.1788585799056818,-0.029571854040725654,-0.08740211870425107,0.02539920896659038,0.17105787782072024,0.1871690178528807,0.14969600466314908,0.05876015192158836,-0.09126440927593808,0.02853831781554153,0.04227589642047326,0.08845275263764035,-0.0194174737028502,-0.04106626809176662,0.13371532392597257,-0.06160217099230642,0.31207430957978366,-0.024705965348645047,-0.1664500290465316,0.443180131065773,0.15953326050525665,-0.13731764374328564,-0.027426415198302682,0.10438902326806139,-0.10832507889914612,0.2198052993205495,0.24086465685428884,0.3607680977011298,-0.050764790020596084,-0.0798460754120811,-0.033233359100327084,0.1465413774667425,0.10675966615369158,0.018594839643223646,0.02364010566940381,0.01955639699200906,0.09468349796171767,0.0189768962316319,0.014409802037184897,0.03925903454961077,-0.19422467051124367,0.04152917142725492,-0.13244329554342807,0.04563526715398177,-0.3347140760457001,-0.014910725202872038,0.029131896470260023,-0.04014797354784292,0.018382513441215217,0.1353423611826147,0.048259253761068474,0.02085769073189313,-0.1455623110887809,0.06935756127758354,0.13065019958762636,0.08592684869693706,0.2608347934626397,0.10210885927307792,-0.03056045639617355,0.016592324751404264,0.12231935532524704,0.18095963660213407,0.3279628075670336,-0.1585641075362171,0.022153696699850862,1.0,0.2462284721896274,0.23934612328252422,0.033633604429000576,0.18948222252361122,0.11608585690813088,-0.17235774364390688,0.17351557172225346,0.06010849529150107,0.005116683179632292,0.21226654855792504,0.016643699890655863,0.04307864950404778,0.10187018236389829,0.051026398759331154,-0.14384909697392168,-0.0984147277890689,0.08062718634757521,-0.18305288081775084,-0.007407784078624207,0.04203593426389365,-0.015939629518278015,0.06966685895001387,0.07952032484372086,0.1612108322821686,0.027663872445788776,0.039761934795730404,-0.055709569612753765,-0.06533086913536082,0.01029101501215871,-0.021882737020953384,-0.0057739120846787605,-0.1382949665277996,-0.11354980243674549,0.10775851520858329,-0.02318244739196111,0.0554341667249621,0.35065251317216567,-0.09790709552753145,-0.016594064644993873,0.014286329041432877,0.05972300652335172,0.08849929658200172,0.07192474724975041,-0.026716860174629077,-0.028008206842591758,-0.005529692579936482,-0.12131412552896853,-0.00864615748582811,0.16313296756249795,-0.03161698304111655,0.07671224300711556,0.13627716337094592,0.04392762431472075,0.21937688062530855
8955,-0.607552717101397,0.015043310305229103,0.4871967919106663,0.1954604276526674,0.03946179424211062,0.09834673305219158,0.3163021783698051,0.018843754920916483,0.16232383345601528,0.013749905198034727,0.6398394143286702,0.7246894428433491,0.045751649735359376,0.20866467204776842,0.3567539138980411,0.015597154039201113,-0.13948398726802616,0.22886646555172688,-0.12205291646741923,-0.1658182426917402,-0.1637722612737805,-0.15109972267104851,0.6967613150448045,0.007159450899148455,-0.031065546272426182,0.6990595264982316,0.04216374692636744,-0.6348455827420914,0.25346823423902787,0.5382184148947133,-0.31408398341831245,-0.1709053063019745,0.6680281867681082,0.2327855447701766,-0.2909007118478296,0.010584216682033463,-0.327910606902442,0.381097280613849,0.49049819426265384,0.12375839677186694,0.4132384886954238,-0.5910334311957459,-0.4337145787756735,0.6088053104065979,-0.066228730229879,-0.25153086853453277,-0.722421281016266,-0.03978867658520744,0.001519507187583333,0.7578524616140743,0.0024828990316906312,-0.2038742187661478,0.21890876780827118,-0.004885265548284275,-0.661080494178616,0.770010543681523,0.7058434504901556,0.2909072853001743,-0.1972448717897106,-0.10681221950803567,-0.028301184197897962,-0.43578280114877754,0.14886897879178013,0.5666944766033929,-0.509011022891038,0.11660477027191876,-0.04715916996185131,0.42420391801850177,0.05368824493368051,-0.12090395768750803,0.2223790006858965,0.2462284721896274,1.0,0.11209431446592726,0.17778497950884412,0.5439247279545855,-0.16399923760509175,-0.31552824339906904,-0.2811508715407187,0.21750497341237018,0.04181149665356125,0.7064463040473005,-0.0701259926917968,0.06127285078893855,0.07777586223533128,0.10563602111607347,-0.5064635680687701,-0.4314186964079436,-0.1980729251017148,-0.5236334043476878,-0.3988946627800249,0.05638689980060167,-0.06144519733393451,-0.07693087357770989,0.1377141886979043,0.6286021056711402,0.09103340490453994,-0.19303408039110662,-0.013563464648161435,-0.3129590333401778,0.010204915737833083,0.05468815490776775,0.048093209625990764,-0.08859556801216256,-0.0428825507517977,0.43605242650844034,-0.13686683995083468,0.028727437669735754,0.6002389597384938,-0.11941588641371993,-0.16403797552516874,0.14863837491465337,0.01945704063061589,0.5674499310251022,-0.0669499343382444,-0.011548058866162555,-0.029824428076828138,0.08604017313284594,0.1144257231323341,-0.01667576744540261,0.12089221201386183,0.1219857129334193,-0.07308990624189451,0.540840828128646,0.019738091890881222,0.39271238036049133
8956,-0.012717429284450348,0.002682910557881714,0.13733250284501491,0.12509043113713897,0.026223422535402625,0.13043598361663147,-0.016038389016604492,0.02369993281267502,-0.03993296867096228,0.104867419811729,0.1679205728348671,0.11452314117679392,0.08247686309300661,-0.043222664125308556,0.058450360110435924,-0.017842624907219298,-0.145045592006661,0.13167951742975223,-0.012209001359304751,-0.015856696734172674,-0.06260909977817289,0.09342727692654437,0.11508667856117814,-0.04451521842606762,-0.1454674924688408,0.07446157338025532,0.17233327314666474,-0.07279366523985732,-0.08208327094636066,0.10596209079641525,0.09729281131162518,-0.09743868701670043,0.16907457319930183,-0.05484054631443939,-0.13513372309122393,0.012636671509358878,-0.10956897349927766,0.09188669058057684,0.19975643519244327,-0.0398232013673056,0.08047281572540792,0.05476411767729219,-0.045365886838983814,-0.013036253238626599,-0.0735333124058848,0.040488660684874146,-0.09692125810073465,0.1438246321487646,-0.21060053467244533,0.0206957209569116,-0.10562531944492064,-0.004096161094392458,0.060546623007238495,-0.18105891815314748,0.05334538392632776,0.04462198032923308,0.046505146965729584,0.042520628017151334,-0.030957528512160912,-0.04682426818436695,0.05513400068587134,0.046362086844737034,-0.016199990307087103,0.1060817242410825,0.08289440222539121,-0.013640924893659426,-0.0627444884466657,0.025842048561278003,0.0022129732491562907,-0.11420713307055132,-0.04195174021719469,0.23934612328252422,0.11209431446592726,1.0,0.011497314365451103,0.0709938253203979,0.044530503868151036,-0.006451924893723201,0.07185680151222766,0.0018843653012785165,-0.029159052863805907,0.20409483574647364,0.1953168990391168,0.09428521163506227,0.0242698512124271,0.04478526855990503,-0.12647988325577159,0.05281467005462798,0.019551431357907035,-0.04185144445342423,0.11226582529256757,-0.055684088248855707,-0.060838682445129175,0.04447877177935409,0.12190351078126008,0.050120747775011826,0.02469732580029792,-0.03682963772835298,-0.01128819662845279,-0.05815276777904918,-0.019410328902904412,-0.0017608931368792548,-0.01531243226978051,-0.10000749658640176,-0.1033480697691958,0.12985715748567556,0.017967189738701785,0.05419208284431821,0.11242743885426566,-0.028288740985577106,0.03775187130962276,-0.05241738513076156,0.0070668187486277465,0.12321479132500308,0.038884734874806516,-0.05096397119051231,0.04145952991027772,-0.09764219951453754,-0.019539635011387595,0.027573923942244054,-0.010243458177125278,-0.0763274816739452,0.008662369426706852,0.24806042184918697,0.04888158754089035,0.17665634995779192
8957,-0.14541808915579152,-0.013685079867276436,0.13802514188473047,0.05274266096060497,0.020312103931797856,0.02936398916550881,0.051807883265941296,0.05180528197618569,0.03698017309990936,-0.048719739779065345,0.18959743761025954,0.20718602307939343,-0.06314446453059386,0.05230727152298209,0.07517023785226877,0.013043518341855312,0.03323874512443624,0.056201197699182914,-0.04091440507366115,-0.07157206791346213,-0.02924887089412192,-0.019725036608600675,0.12770974406138463,0.014827044352601257,0.016843633114892096,0.1431663591982216,-0.013755285788676462,-0.11152835430090692,0.050282217890512446,0.1445180797834633,-0.04633230133516412,-0.010881266395198357,0.18660874961057775,-0.01021643459076363,0.05124885359787006,0.01606370965844491,-0.08230545167677636,0.13327920021542602,0.05028655226510273,0.030315189377491968,0.1398212302805158,-0.16714640013650842,-0.1655879210650955,0.21174289629168475,-0.03765762392240404,-0.08073395877677582,-0.21796691553693606,0.009057328559495556,-0.0027981768764617676,0.1665494142727336,0.0024401546867020177,-0.08691590698356409,0.0730661430322281,0.05764990050628689,-0.18985166994627256,0.17181547883744322,0.19425134837183466,-0.04780120580546374,-0.029652135278674736,-0.07198611329346524,-0.03044360345468092,-0.106947658535238,0.025022023754509973,0.1271669709497741,-0.21822532817651719,0.04593906663396028,-0.013369931045224907,0.12149036926858868,-0.10301237981011008,-0.02603494049279539,0.010247470583815014,0.033633604429000576,0.17778497950884412,0.011497314365451103,1.0,0.14656804459787537,-0.03801227536347065,-0.06932077716385864,-0.09476579065021774,0.06010814861553354,0.013884332302385501,0.18677765910072802,0.0827175358334176,0.03197177028825473,-0.005440897329608568,0.009861841598412663,-0.13795831843104014,-0.1110190541381901,-0.05765335440367224,-0.1726767543884855,-0.15370747572624702,-0.007134718439982836,0.004518258299396397,0.021930771924663108,-0.04431986311408302,0.10953460270229128,0.03366316057299929,-0.04379800784341894,0.00957801539078716,-0.03916566381951753,0.003934323968543542,0.008710508167880264,0.0031513448414075404,-0.021339552671537622,-0.009544181590306282,0.08849653659825615,-0.05106295766870003,0.017592386162596348,0.12569237908151482,-0.042355727962277254,-0.0151142829385644,0.042602652099447975,0.0011546033501063746,0.17753294543691178,-0.028422815503234656,0.0005111356778613462,0.013471093012574412,0.027389839483040735,0.009918430885265122,0.012351110496457814,0.04494974619736011,0.03615334195445354,0.036363618248246236,0.08417841059879322,0.0021412895325751244,0.09098550592786815
8958,-0.44086169130470376,0.07256708447312679,0.33581028188522904,0.053964366117909036,0.03821366524854597,0.10873776056614967,0.17719934155403727,0.04480017625764919,0.055607163527675786,-0.07951200756272075,0.4127206805033751,0.46732465029103243,-0.07348071059430333,0.14009042537956626,0.19260395598169414,0.017961538982958766,-0.017198549368049716,0.1728994667109275,-0.08621432401226417,-0.10895966644270721,-0.027620386286239203,-0.08728338021358742,0.4941758343852802,-0.013818573283498971,-0.010873550602044103,0.4229753442870863,0.07549281433794273,-0.3771853627824573,0.06199219545552449,0.30811110237247746,-0.15954019846419754,-0.040435276082030416,0.5058573087599717,0.18399861322060995,-0.14256903008071387,0.010749392478062446,-0.21695232487679147,0.33797149301622503,0.233292202194733,0.11641913872014903,0.279586645473323,-0.37757728324132384,-0.3256601382044262,0.4477307492473564,-0.0508314612709862,-0.2594339817966195,-0.48541039022631866,-0.02456436263051113,0.023259517730739657,0.5232713249542303,0.023103802987756387,-0.16499377943816224,0.23100032192666556,0.04442977086778504,-0.46179336973821,0.4597425847775586,0.4528646519041994,0.14187105099830313,-0.12429885218297741,-0.0910385357819918,-0.028577154620890974,-0.17726416103491793,0.13781292630965583,0.4134783085513043,-0.40849229385341407,0.0732964608044028,-0.0012377384645518527,0.269098528707042,0.11159048139846592,-0.06171112934138612,0.18299463210232625,0.18948222252361122,0.5439247279545855,0.0709938253203979,0.14656804459787537,1.0,-0.025794506474967213,-0.23735236216112324,-0.1269147374570988,0.10117725715833066,-0.03620762166909303,0.42413961042839776,-0.012733145758880468,0.08691434311285776,-0.0002958052359497032,0.007388615756641977,-0.33112344574801256,-0.25536233563057237,-0.12356523662802128,-0.3131318598467363,-0.34108331867007724,-0.04628043132564298,-0.03231840101248042,-0.001104157772856749,0.029952870027614046,0.4020988172728577,0.0858149085730412,-0.154493715420015,-0.00767703089170793,-0.1063577799713694,0.042663677679756984,0.015748491588216146,-0.024176199903686614,-0.07488469196615619,-0.0578578524080299,0.24209101252713286,-0.09410840624808067,0.03660950057650336,0.31893421076399936,-0.10087512248162955,-0.13855956380939963,0.09975325612529282,-0.031397673617131604,0.345870382811146,-0.030970038338974624,-0.03867479781669597,-0.01780051004496377,-0.019320691971392058,0.08460546885272768,0.05817816402478768,0.07604201408920258,0.053413572678703405,-0.06404908552675631,0.3052318322257051,0.006377026190863307,0.28445748200443544
8959,0.038104135978331885,0.018757687607572873,-0.17613154120468597,-0.14045666635513085,-0.08737598821501122,-0.020952198362415464,0.05848565341451442,0.004414499455928715,-0.08563107116007952,-0.057691184708600005,-0.21662058612111745,-0.09953514024727533,-0.01698625320685207,-0.004639488069518188,-0.11258332271671155,-0.10196403507573863,-0.0616022954641168,-0.06410470774394579,0.09744081663976444,-0.05718618715987907,0.15028725430874146,-0.0008470771062794273,-0.002643912963379073,0.004389099151824059,-0.03473450198939511,-0.08894179833165039,0.0022675285740046836,0.17608937955198517,-0.06569934215606633,-0.01524358848343201,0.07769236609848965,0.07143989226216847,-0.05678357689262779,0.07638108915279643,0.1769792220226858,-0.0406612170527197,0.13230094478391094,0.02780012667569816,-0.18362084116989683,0.06633540355185179,-0.17062425524779642,0.19296679337012815,0.14983593128061654,-0.17448384801799907,0.07190817654602874,0.014406851222751576,0.15589934112455253,0.045508501416444615,0.04754061793479892,-0.1449242284673536,-0.10412934646000452,0.07830148169250407,-0.06122376681688698,0.01216447587403903,0.1959991065247141,-0.2217385183256266,-0.19856473256218812,-0.19322702633223035,-0.014906854349134144,0.07797179408049335,0.015170439378807885,0.1786394420281854,0.03183628268631911,-0.08318047350231172,0.0687168826950874,-0.023818322461078064,0.22650941638630356,-0.04672962358396626,0.1837872110187046,0.04178415051279979,0.035043668193981956,0.11608585690813088,-0.16399923760509175,0.044530503868151036,-0.03801227536347065,-0.025794506474967213,1.0,0.12626658156959178,0.1460461245858464,-0.00042670485540119164,-0.049845877161717574,-0.2411406844881175,0.06634712000988686,0.022502713618633215,0.06606186505361608,-0.0009418609654116212,0.09960870362266867,0.1005458906004711,0.08987447385729311,0.004622437359460372,0.08950349197751956,-0.021721966321510956,0.04178367847137478,0.15418447868663313,-0.026216990877134,-0.11025464213061133,-0.009206180736323982,0.05642898417780978,-0.0004421394575090061,0.04038783309223515,-0.05389706296811813,-0.03391669714500512,-0.044736400101953226,-0.008249527240843563,-0.059580598949714306,-0.10131770550740316,0.04460692978922519,0.03524751003128746,-0.23516838049607672,-0.004933252718059689,0.10364795895783825,-0.07280493510097165,0.07468709096721979,-0.24791270129700035,0.009746854529802965,0.007135316361210527,-0.0068466149407588744,-0.027627561547685666,-0.039810057936813546,-0.005137929963323218,-0.007628364770696596,-0.05107090397567069,0.04664046986124306,-0.21688309756508223,-0.01295451980105742,-0.05368902731002402
8960,0.23862913949073492,0.016387397554966307,-0.16135566782226574,-0.06711639146594285,0.00920786065642571,-0.07263564455295754,-0.0525624796021822,-0.007682289426830085,-0.01435410936122173,-0.005244929785792582,-0.1684827963771191,-0.17971579827096498,-0.15587779249548597,-0.06187674179840949,-0.03400948001528612,-0.06830729190816887,-0.08318712111208229,-0.011751643751032048,0.049504164822951426,0.09418012419436629,0.02655207890662684,0.1335553186272181,-0.2020504570745205,-0.016002106103760728,0.04350716507828603,-0.3708507295006501,-0.0041819399240693176,0.270815007492806,-0.0209775579674721,-0.1330473035337882,0.12787086827069286,0.01383932702388317,-0.18775752010817992,-0.14424631811896219,0.15877422569819327,-0.016059102536056767,0.061653676922808355,-0.006723272310423003,-0.16187731032213026,-0.1076740111141906,-0.1416258981032586,0.21147191741364169,0.11587969524752718,-0.17790945239261227,0.03455524262280695,0.06192434152934428,0.26616435765178814,0.02278847858167658,-0.031920708706437276,-0.26538386506310135,0.10982696017674055,0.12030165580581674,-0.1075249711094244,0.009954222423236384,0.2783897151248291,-0.25153600986472413,-0.2853115306165362,-0.100779435674509,0.09775677937975312,0.0070148773930672976,0.028076234154781412,0.14011991079950384,-0.06652087419510092,-0.13460283129420866,0.14777292841139356,-0.025213014741270766,0.14233794545476502,-0.19707244006954494,0.09860307032061637,-0.031211182144548502,-0.07698797375604417,-0.17235774364390688,-0.31552824339906904,-0.006451924893723201,-0.06932077716385864,-0.23735236216112324,0.12626658156959178,1.0,0.13663890711101603,-0.07013666375027253,0.015136478720746445,-0.2063027415918979,0.07099375306504582,-0.0263163881674245,-0.04093906268430692,-0.03418785020988959,0.128290186974977,0.21594014598776584,0.14257777346938422,0.18141957436096834,0.3108520795456433,-0.0693567630969048,-0.02279181989334922,0.10600904242604306,-0.015679457757705465,-0.2722919818403707,-0.031498147388294984,0.01839286077586496,0.026032004599958972,0.13714141066580215,-0.02830640933176957,0.0006093257794617537,-0.011634178605908194,0.060675299971885595,0.0047460013520577065,-0.11615196138649735,0.14578591586682366,-0.018132969187296094,-0.3126357283522116,0.0712239053484683,0.013503927700520934,-0.08799375954238302,0.010089961047587219,-0.2001559264284721,0.04882708197765217,-0.056512650013989016,-0.004986662945800841,-0.03624713076838449,-0.0021836757629305394,0.016177939155368224,-0.07943619835003222,-0.10086730450237347,-0.06726285198547789,-0.15837461221182467,0.0023525097857697505,-0.09833299287426593
8962,0.25233316223679636,0.055603189207710596,-0.1581905703198659,-0.030774874924026068,-0.029475163932819938,0.006150415817113631,-0.12668785642537667,-0.0935722873964913,-0.15831685826162828,-0.0365733581104804,-0.2274807075513855,-0.3610600952915321,-0.024305328345115836,-0.11083869527207495,-0.15949147383874285,0.01752568229015029,0.04594973637987716,-0.060491603969625635,0.06871566411694602,0.11403874680369863,0.09185508754303857,-0.028281951056264104,-0.2580421090840336,-0.0712280526514384,-0.1000248087806454,-0.10730763131903157,-0.06817742151758882,0.23355292396105679,-0.19864854958783434,-0.30443252109510444,0.16962235935907036,0.30277614076910087,-0.2575021556954263,-0.07988820688918176,0.029700799966635487,-0.06878873457315288,0.16304447083714424,-0.22708267538294655,-0.0988585977449913,-0.13831218596972483,-0.19622350107496683,0.280305346073673,0.28800929497994576,-0.294572018503121,0.012988164784624466,0.06985570239689459,0.35596653001391204,0.00923322360278436,-0.07602001319846868,-0.3726766531841785,-0.31575575186867566,0.05614138958756492,-0.1397180686161933,-0.09350343125308554,0.3247924559457095,-0.38613621486876526,-0.33909455042576686,-0.20763447725675444,-0.006266173424653141,-0.03342073170982209,0.12379333288074086,0.32116946859868806,0.20120927682277753,-0.19290596900151968,0.16651835282805358,-0.08554673005639357,0.0881377877876841,-0.1943060650772378,0.19222676170964312,0.13903394426738475,-0.0689372984664661,0.17351557172225346,-0.2811508715407187,0.07185680151222766,-0.09476579065021774,-0.1269147374570988,0.1460461245858464,0.13663890711101603,1.0,-0.12446839781873972,-0.03759226509790387,-0.2658549749041468,0.13142857374182415,-0.05183538403741608,0.03748161599856832,-0.009207036120534709,0.2509010274788561,0.20907717250509267,0.09099257093305534,0.1937506799480813,0.2962744465409556,-0.04794512857774074,-0.0544974452334627,0.12869235861281417,-0.005384200944511131,-0.26336140551592174,-0.06505142435737149,0.09718231959671753,-0.03912095453301446,0.16732787804368157,-0.043332608960940044,-0.0048348938182248636,-0.027113453034995637,-0.034296682708790834,0.010474333411098383,-0.2077398312336914,0.07412587360842458,0.0025863443353427557,-0.14178060156956568,0.028846982515825143,0.06975003750816669,-0.06191837045545447,0.0607263280415663,-0.15232973640038722,0.060466865289110744,-0.03389844166208313,-0.009103927596079442,-0.07574685583189579,-0.07566598050304858,-0.06480203605701941,0.011723849199049991,-0.1011599472366767,0.08673321175430469,-0.11960734152110772,-0.05679591085604359,-0.08919189184739329
8963,-0.169604429739519,0.10877047766379966,0.09551996321173473,0.01434573802194372,0.008137322077332799,0.028741174423770777,0.1081373792602344,0.01821214323472642,0.08481058366359967,-0.03201607895336623,0.09643349396680759,0.15177134918805885,-0.07926380722086487,0.08258872488177611,0.035484396869474875,0.011584074368271352,0.07276465630048189,0.05746006985219075,-0.0022418796210678126,-0.07606684497043259,0.025953149393478897,-0.02475293954914317,0.17173157141393708,0.04437528174657409,0.05057048483064808,0.24576418445401815,0.028309205629556824,-0.06342554982861785,0.18412383842843433,0.07674677130117076,-0.11121449400560798,0.0513445073708698,0.10635137331143966,0.10311321993751063,0.0657817964692039,0.03464171321703297,0.003114621829135109,0.05986300102086545,0.024855894936935043,0.08909922493288208,0.05756942129567992,-0.17496033376905362,-0.06775307308864488,0.10154957596937549,0.00036137537473338906,-0.06479137387061897,-0.15936447749614174,-0.005718452206331889,0.05253763297510321,0.09995932849871617,0.023423897047727765,-0.05461090263319485,0.05059017726879366,0.12261093613206715,-0.21514300419792368,0.18755776497892007,0.12801414651869605,0.05312815596467813,-0.03495185043985271,0.05855629323033951,-0.042156392102737486,-0.09981909024025405,0.11898978137516666,0.15537165296554564,-0.08480934286316161,0.06897121170073627,0.056490347207724126,0.1267260948172738,0.02280381192881393,-0.04356537340893184,0.027446121234913058,0.06010849529150107,0.21750497341237018,0.0018843653012785165,0.06010814861553354,0.10117725715833066,-0.00042670485540119164,-0.07013666375027253,-0.12446839781873972,1.0,0.0028283219864672,0.09267552400064746,0.04449943803834992,0.007826786985769602,0.009512389513284206,-0.0031708803715169345,-0.04718988203021706,-0.11895914604147348,-0.003191706660807036,-0.15400580593043625,-0.20478619688824767,0.07725518956020334,0.08822582782740075,0.062444918018562515,0.034541078387711165,0.17283519125972738,0.011838116496490289,0.005752922298327908,0.02537140199102449,-0.03812947463540068,-0.013030846716742175,-0.013609009986561532,0.009354870338155217,0.015392997991360787,0.017196818134547157,0.09628147240123071,-0.019201033172521302,0.009486370880933532,0.17811930891978603,-0.009888067680485634,-0.04634305277965273,0.04016557802292648,-0.013819088964402607,0.09729752087510309,-0.02108348103305511,0.038303223274646796,0.002382797962577362,0.030515070264417316,0.03781696604669637,0.006082975233958385,0.048105492772197264,0.03905173479143476,-0.06068060129660908,0.04587218401495438,0.004332951779870783,0.0259862661074476
8964,0.11692431287104649,0.06605478788935261,0.07232428487155021,0.00850769488384916,0.020075459564368656,-0.022987071132471594,0.04340766253075712,-0.011576137582837001,0.06775511230896761,0.038564048470733116,0.04525272720111811,0.011397666994300846,0.0439595730077817,-0.053505685169673356,0.057503821112063806,-0.048861871700520344,-0.13259482901009254,0.047529923761249274,-0.010053332789366667,0.02736959585229143,-0.03129261429727538,0.06779583285164582,0.019550108928482798,0.004487681849319766,0.025900526270744677,0.1251905324025337,-0.07342166166766628,-0.00016453420122799128,0.13252052986024818,0.014081756142263962,0.04826885040321141,0.03555625721951769,0.03028623521873349,0.04802420635588777,-0.023983390619817024,0.033756717143868756,0.039959869955406416,0.0008991224078839927,0.03482158114795763,0.03790009699187082,0.048731609839592724,-0.012189334116823792,-0.005622480091341672,0.02125165827419434,0.01110556424768432,0.027819446050114726,0.012648249438016611,0.0015732122669486006,-0.03570605337364561,0.01600394772126127,0.1185684712545404,0.0038618794237197094,0.009082014478875758,0.028778114479668226,-0.026084586641606202,-0.0030595463449757066,0.09390886670173637,-0.025925187576072165,0.06090375730976366,0.03543172743347961,0.015501277522889252,0.003761960727289523,0.001748045674519046,0.0056861933806352126,0.11143002400382994,-0.0535572754596316,0.041581032031897364,0.02723959224245271,0.05140649509402849,0.06353649186919254,0.02265803101069822,0.005116683179632292,0.04181149665356125,-0.029159052863805907,0.013884332302385501,-0.03620762166909303,-0.049845877161717574,0.015136478720746445,-0.03759226509790387,0.0028283219864672,1.0,-0.0029173003050946963,-0.03443090379242794,0.003955427201293615,0.004570334224652104,0.0336462515454884,0.0385364396284264,0.08658189695694578,-0.03772946687050757,-0.026267320494750074,0.04324819443943753,-0.012265192015391554,-0.09170068060294967,-0.07775137436715732,0.029723752634433005,-0.036324563620904436,0.009135941654023963,0.01888164738577399,-0.02217031136681038,-0.07807433867367025,0.0022495621044968574,-0.003278045163855922,-0.005358852158121501,0.0177736724311137,-0.01800867941567142,0.07268439889092382,-0.025760075231324064,0.009852876039956646,0.014175675916025733,0.011396377858963113,-0.008206291134249425,-0.010542667317478579,0.012222537467928953,0.12119199785211,-0.01671922645678183,-0.00032672574440364163,0.002122355519009981,-0.010012317193275711,0.016008929532378743,-0.04301834210053123,-0.012483497335469305,0.02482922013309805,-0.0854815594604326,0.02126122386644692,0.026170968348822796,-0.03983230422076752
9000,-0.569728900982585,-0.07778901541041527,0.5286605699112574,0.3679167466876129,0.06251582765601936,0.12561286237251384,0.23707799911605934,0.017147524165685126,0.1112018541047282,0.033243714241874237,0.8011873273757606,0.7631707697962304,0.14328518431819276,0.21636044890913456,0.3316063776496375,0.08518307209361864,-0.13136339917574524,0.27902760661559745,-0.25202992582672307,-0.04818342572616782,-0.2121682853703954,0.04437156922881723,0.6740963027005412,-0.08651598796259591,-0.09928863318950275,0.5147585150018498,0.16297970776783377,-0.5989621695556865,0.13648877461424921,0.5331435106849545,-0.23923389327877384,-0.31727227665339874,0.796310768956043,0.08301017375775548,-0.4109436185770448,0.029714009448092743,-0.4944509453784634,0.4670719509121446,0.5873489248847328,0.1032818150871472,0.49859743331893186,-0.5179174766297325,-0.5695436619333488,0.6105400981466977,-0.2206200979332681,-0.11076431645058245,-0.7341005016817183,-0.010073327329052037,-0.06296510947134204,0.7028943917854237,0.006470654344022429,-0.2877926629429714,0.24498638820454502,-0.0800165013745025,-0.5562554766233753,0.7679955108026684,0.747470762206998,0.294690715358204,-0.16004114203270217,-0.19602081833361246,0.023451578047905743,-0.525891342466354,0.04146122899559299,0.5896790414323716,-0.4916575788166951,0.03929764139557836,-0.14321653308634177,0.40401398540509703,-0.016027960985318626,-0.28634362081498993,0.14588624357072388,0.21226654855792504,0.7064463040473005,0.20409483574647364,0.18677765910072802,0.42413961042839776,-0.2411406844881175,-0.2063027415918979,-0.2658549749041468,0.09267552400064746,-0.0029173003050946963,1.0,0.06311801458286823,0.05939127738250386,0.018072091593280954,0.10839853468770444,-0.6469595330737693,-0.3364257439422205,-0.18630631092347352,-0.4640261478519946,-0.2375257479967422,-0.042256300836508526,-0.14883860383854747,-0.23753908648083977,0.07973068487648345,0.638108335521173,0.1002879338433968,-0.24765604349464554,-0.021140199178811395,-0.33521818544049015,0.11564102414533033,0.11992413070765306,0.02391308372996442,-0.19233047615739896,-0.049231094323976377,0.5502706964734584,-0.0895257839566613,0.036861877416074974,0.5744013540106705,-0.10787422539375918,-0.11176538511804017,0.14301623766926322,-0.05999810118368667,0.6469174002074889,-0.08888753515471504,-0.02646809260838552,-0.10057398889637705,0.07543582000548248,0.09874994428330855,-0.012586285048683702,0.0681771949035305,0.09139657652017309,-0.0339104039297458,0.6048439518358942,0.08975666920603521,0.42798797221165225
9001,-0.04876397793955164,0.013677238335660391,0.039846224975382934,-0.01384585959938437,0.0019127394237230826,-0.02890057793069202,0.05264601367554216,0.02561630931128376,-0.07081444325159622,-0.10041186753476612,0.010666204917521906,0.12184280138482896,-0.03379850790938627,-0.05533884487922233,0.004462076339269837,-0.11014954441419944,-0.05811112698037372,0.12256928202845607,-0.015459994635229436,0.09528711833117044,-0.08515155732567306,0.05752955457076068,-0.010622143041655475,-0.03950422053552288,0.07527882258100105,-0.1186297601719928,0.09205229154466292,0.14491955576545243,-0.09260089637299737,0.06978555884258342,0.03161753828400052,-0.04472769583962261,0.06396948746709091,-0.14039224448020868,0.15346942983092665,-0.05045092646745707,0.08720818046429746,0.15342681585123305,-0.016355183701657974,-0.012107872552609037,0.0640839962080869,0.10906785926553822,-0.11644476077473379,0.03200936775674096,-0.08634020561061892,0.05500935947684512,-0.073052486143782,0.017455536367202405,-0.08032602393240292,-0.1021749773703743,-0.15082333560091232,-0.04920649324085274,0.11027646831885714,0.06339182699574888,0.014894222801663436,-0.09969334323417424,-0.08559039292743577,-0.03810578211331339,-0.06066150446598378,0.030711832417785905,0.1006343958856645,-0.027362173811450275,0.07542787608024963,0.0903262101178174,-0.04755084439952357,-0.10095436244899593,0.12926424225656863,-0.01558404610923644,-0.0734231110617027,0.01726731333297637,-0.19188430173492443,0.016643699890655863,-0.0701259926917968,0.1953168990391168,0.0827175358334176,-0.012733145758880468,0.06634712000988686,0.07099375306504582,0.13142857374182415,0.04449943803834992,-0.03443090379242794,0.06311801458286823,1.0,-0.013195549667694102,0.003523935757619718,-0.01632393888401715,0.027090506149483197,0.030454265255812664,0.09558609469964081,-0.13585332112222956,0.03881964910146816,-0.10461541761431252,0.030548378083795333,-0.005942736740547421,-0.11317231126379128,0.029969121661908984,-0.04566383783027487,-0.0034595364150527635,-0.04861698974971301,0.050234797123754386,-0.061085799922014905,-0.01872271605159354,-0.09882721386224302,-0.08037838151142863,-0.05005748862492784,0.06532688757657741,0.054614779729432385,-0.047217398913983306,-0.020146958704693994,-0.14748159625688406,0.08640896203339073,0.0029729607152887386,-0.07314978341335986,-0.05860034509941674,-0.02082727958172698,-0.04256482225578608,-0.03903409243162885,-0.024077282961527738,0.09421466634467923,0.01303229049771545,-0.09314419974518624,-0.05122091876435999,-0.05584715859858685,0.0063344764797318475,0.02105155204838193,0.06215000023346977
9002,-0.0817381351235978,0.04415167429300002,0.06216150606629051,-0.015661430361164224,0.0149595174831111,0.03209558580111748,0.0700790294322626,-0.01875174669616694,-0.00933991482790991,0.01518165530602375,0.050269152999855495,0.1328468307048567,0.08483733592393859,0.0685876114584811,0.04179164750721662,-0.06301934931408953,-0.1216874000821942,0.041378786100628,-0.016577659018969338,-0.015337656814285687,0.0504540096115752,0.0604985811854536,0.1170803499165884,-0.005255926759601626,-0.052605220209179605,0.06977980423579748,0.06871863835920791,-0.0523395307464596,-0.05608457722233259,0.0645591558151832,-0.0613736312453441,-0.09089803522021188,0.10157062686591105,0.08496415238945086,-0.07702325539087788,-0.0022178370500647564,-0.06578827410367528,0.03841950722764108,0.06357078852152115,0.023437198758695935,0.07646268546355743,0.03473616319805532,-0.0582389813305367,0.12806485366117254,-0.013459498261311615,0.07080401837141458,-0.08307554459362758,0.006475588339610205,-0.010957130984702874,0.07967892112827427,-0.017507143199689983,0.06026786950506107,0.03926291894625852,-0.041222928025161455,-0.02786118846157184,0.04275832689414044,0.035157061101272785,0.05426893576920508,-0.020757428815444696,-0.0024394084814802026,0.016987987377883873,0.05435677380766239,0.025352300703136443,0.09591772001914176,0.02424127099141636,-0.0051880149640351715,0.0511371253882895,0.03176434531264698,0.048865576396183094,-0.053911146776452826,-0.013666642746437535,0.04307864950404778,0.06127285078893855,0.09428521163506227,0.03197177028825473,0.08691434311285776,0.022502713618633215,-0.0263163881674245,-0.05183538403741608,0.007826786985769602,0.003955427201293615,0.05939127738250386,-0.013195549667694102,1.0,0.04466807111997534,-0.00023011562931173003,-0.10459720502932235,-0.008691903845532036,-0.055258690982327836,-0.02733063486806974,-0.006566398630806829,-0.017617423417858456,0.03726287281324695,0.018367073676932844,0.02386748037843979,0.14372388988960724,0.007564220605882305,0.0014805064335798594,-0.004093027202352317,-0.04649239086530856,0.01853234443762528,0.013096710574127203,-0.004357960050794598,-0.005824293304471868,-0.02467950340557972,0.05859161434478503,-0.010472861416798535,-0.013506230933359748,0.06437690354525046,-0.007796787380123874,-0.04344876233458867,0.009904827307714881,-0.01992792811175115,0.05275159467464388,0.005510570793234869,-0.003886482745341752,-0.017937145193894753,-0.017448229106934974,0.023450689981498327,-0.011185211646366988,0.009609690637455768,0.0076609197744661305,-0.051161731685945226,0.11269579391410303,-0.01007408677809706,0.08269005692297746
9004,0.042140928081785906,0.08280232943280105,-0.02896523253894555,-0.0029057055575353475,0.027868033018629466,0.011415954947630794,0.06243469195116914,-0.05749629267612812,-0.016170991484369384,0.05623056772915833,0.019039985433740067,-0.008768233721327508,-0.06628013305469156,0.02974766092563471,-0.0013179478283231174,-0.0069103822958595604,-0.09746790301711476,0.030695159503030818,0.02037165642448794,0.028235618888747052,0.057126401822598184,-0.027102340824330863,0.08382783180609796,-0.019329171653644873,-0.12429700108230679,0.15749281077712687,0.0312169968978328,-0.07000861847477481,0.003138682693963553,-0.03910638593712343,-0.04564438406927475,0.012403252743033215,-0.015541489428461074,0.10370648877495775,-0.12837310981896102,0.02233215080947323,0.006587783842497621,-0.07879059189083525,0.032371675454285785,0.017414278979322836,-0.004247123109885397,0.025338237485271232,0.023060837278510344,0.02899622154623902,0.0027924054017214963,-0.04595202575475278,-0.03727819069212491,0.015266753055381914,-0.02318734105332928,-0.041910925787648046,-0.06392971414416387,0.00795441229471924,0.03567024232217179,-0.10034392531034356,0.03590256133689555,0.04713356610819812,-0.07645224869809612,0.03559972151261031,-0.0813009345595779,-0.07537848188543023,0.03196338763098256,0.007597977027496644,-0.04727426212902386,0.07385489868243497,0.05492800362312074,-0.010716313906797514,-0.011256561328227194,-0.03604585748945054,0.08457669258174069,-0.020731261844499745,0.045116478914661924,0.10187018236389829,0.07777586223533128,0.0242698512124271,-0.005440897329608568,-0.0002958052359497032,0.06606186505361608,-0.04093906268430692,0.03748161599856832,0.009512389513284206,0.004570334224652104,0.018072091593280954,0.003523935757619718,0.04466807111997534,1.0,0.004571349789916376,-0.00855486581721044,-0.0995326388724343,-0.07083445276689414,0.033337640567146,0.053955401553531165,-0.013590521791663325,0.005498632648130145,0.052923323079284684,0.05979164695123042,0.07576048268904527,0.024012722385174413,0.026255156650674242,-0.060450428531399356,-0.0171412619246256,-0.01797737428938952,0.03241079597620402,-0.020766206066517388,-0.0450593773887128,-0.0006194604624153321,0.07061142160427249,-0.0005677030368139778,0.0044415442351251845,0.023043663977960968,0.041240810177934045,-0.010578729378121146,-0.004939507149958051,-0.014276013921907043,0.035898291014946966,0.01014332042167438,-0.03794698043836548,0.01155283882750055,0.01637290091120911,0.0026112517012742923,-0.015067227118858821,-0.01044356777908684,-0.017430591752529267,-0.05579964257138978,0.0786867791903276,-0.010114473696331082,0.0014232080916505461
9155,0.009586168919367291,-0.010496938818045804,0.06249269496715166,0.05001277680504019,0.021725469925227805,0.0026456305094130494,0.0021318249144719765,-0.01228076987496691,0.034516813011965776,0.035863550139865606,0.0918672000624557,0.027489690349818435,-0.005745567536331876,-0.003510745472197409,0.0744769215127628,-0.020225009782604386,-0.08610024904534105,0.06106512107120184,-0.009449736697352528,0.02193409799407112,-0.033930702095668425,0.041648397151256414,0.022367667845005976,-0.02662025042401446,-0.07832437599392321,0.0932417601308092,0.013325799966517901,-0.05810479671991739,0.07005391720726811,-0.009846412025606183,0.0022264625329881187,0.0029517896391490317,0.037934326935550926,-0.01564023300863207,-0.0742760371692641,-0.003157627566295747,-0.06813594562228262,-0.03446946654552177,0.14792126435443753,-0.01786090573778596,0.048240308078595424,-0.04249338491665371,-0.0746233213404521,0.042511844273720456,-0.010758559312736239,-0.01653202095695807,-0.04301490997772414,0.011343914762452969,-0.008869164673835923,0.04592410985344961,-0.05767348816525141,-0.04435832297745324,0.0081195234269087,-0.09077312587740831,-0.037067283577630235,0.07998825875232252,0.06864515302871098,0.0097165256089316,-0.03977574737191971,-0.03424499682749801,0.02105824090751958,-0.09439453071777462,0.0016636633519957057,0.079180652183135,0.013397881189852643,-0.00815198881058788,-0.017207424003662018,-0.003385199692780918,0.03328740805644437,0.03534780809194475,0.02991557881002817,0.051026398759331154,0.10563602111607347,0.04478526855990503,0.009861841598412663,0.007388615756641977,-0.0009418609654116212,-0.03418785020988959,-0.009207036120534709,-0.0031708803715169345,0.0336462515454884,0.10839853468770444,-0.01632393888401715,-0.00023011562931173003,0.004571349789916376,1.0,-0.07572741134495443,-0.034514538777704364,-0.040122968474691455,-0.022007566366874513,0.022101823090710574,-0.0023509583874827,-0.036398285081012165,0.025538998098430948,0.055011930934244675,0.04801605102079271,0.0018746232921469349,-0.04024167566456911,-0.006197841276352662,-0.019888824519700185,-9.30215003233873e-11,-0.0017752955307830955,-0.004659308160189444,-0.02972414138519636,2.004511929113771e-10,0.03358089203828287,2.1086622976416556e-10,-0.01747352901531201,0.06553299950958305,2.2111366773647525e-10,-0.006121742681707843,0.024660424331374216,-0.00042140135192261324,0.12058477700439434,1.8474146733330648e-10,-4.980480223850587e-05,0.00021398287070026787,-0.0030703331878370664,-0.00020069356924475964,-0.021945257795464676,0.007090053105092009,0.0005827014190627355,-0.03775162389288109,0.12861801520487742,0.00972440143083782,0.010795538356766976
9330,0.48549631830235573,-0.06055139011889698,-0.29979765140249337,-0.14922371870336967,-0.06269360132139203,-0.07605917626464703,-0.24108898221890565,-0.06545592681838484,-0.0504089687889135,-0.02952945330045436,-0.5463740949802133,-0.6251102077474523,0.014883084105569466,-0.17966937458489593,-0.20902273167513002,0.03489111491810444,0.12783456649384572,-0.14617592130974524,0.15328883992558062,0.11403798076203339,0.0314564223186756,0.07133498375559795,-0.5157739664625247,0.004379342186663123,-0.026725348218791373,-0.3479610105373402,-0.1427213677789121,0.4388097432507751,-0.15852170176754565,-0.39873228989734755,0.2675615297131232,0.2096341044088471,-0.5752394922817338,-0.1815048516382529,0.19591904195759605,-0.015610869156041185,0.3879037119421555,-0.37310447625689147,-0.37490197224073774,-0.08104419148586908,-0.2515091092363623,0.37614294716749447,0.38700079902017087,-0.46550139391387835,0.10960346657158472,0.1297975176753226,0.571789537234934,-0.02478567698591296,-3.524591329471687e-05,-0.46148213932848114,-0.10818923073525705,0.2059144220257502,-0.20891872136416922,-0.105506889903037,0.41991075650421683,-0.5699392359125802,-0.4763755462989272,-0.17787844541774317,0.1250610740078239,0.13112256103074288,0.044220864137155286,0.3783430174784817,-0.01511629639756605,-0.4451572113736139,0.37358666224452813,-0.06461902702968475,-0.06388087605137255,-0.31022716369947984,0.005714789654180617,0.3022173583382893,-0.14543383794031728,-0.14384909697392168,-0.5064635680687701,-0.12647988325577159,-0.13795831843104014,-0.33112344574801256,0.09960870362266867,0.128290186974977,0.2509010274788561,-0.04718988203021706,0.0385364396284264,-0.6469595330737693,0.027090506149483197,-0.10459720502932235,-0.00855486581721044,-0.07572741134495443,1.0,0.284094191964378,0.1670885172022863,0.36439973018004224,0.1242075095211458,0.05653232344067897,0.13599566147735548,0.10262607777674625,-0.09096580022575239,-0.49190626964673106,-0.030991952860707217,0.1776629083070855,-0.007131692801339589,0.2832581586433895,-0.07369929820659595,-0.15484448332102135,-0.060489106331049106,0.08559308084256406,0.014838589091521729,-0.4266343866906543,0.03822042519009382,-0.057335311496412265,-0.3985598414453601,0.05334337262647437,0.09867651700851016,-0.10128057118559643,-0.008678903012334021,-0.29901181103676633,0.029626487441140426,0.06015960174542575,0.03926342481079087,-0.023359063739010456,-0.06884186369884915,-0.028568583111111052,-0.0827269124743115,-0.07369611458122179,0.05270424609623859,-0.4259301525883797,0.037847930737907834,-0.36758855552485153
9337,0.30362081381361605,-0.0547299114144346,-0.20449497815334133,-0.07411166929873708,-0.04618352011045766,-0.0426400855406058,-0.15979261432680458,-0.10020165087875495,-0.04508114789378184,-0.036070783581765395,-0.2951300094937971,-0.36152794533181737,0.029187448625231528,-0.13620044456842018,-0.1447096263554157,-0.054096894427259345,-0.05976267230031076,-0.1509018671488148,0.11952486709765618,0.07259825427842286,-0.04747274562638749,0.13458124813606054,-0.36591341319911413,-0.015326033297479724,0.041080693201258914,-0.371855814450793,-0.08937052728036786,0.3505058152755348,-0.10284860727233297,-0.2398287878343059,0.28484975057045303,0.07387275304191197,-0.27608004754576576,-0.25011420357442626,0.12687469824372152,0.020908147460545867,0.18362978047116252,-0.06122157218926234,-0.17979007099584832,-0.048385123999895634,-0.28519208225613674,0.3335460577761543,0.2248332188587179,-0.3607577522502114,0.06205444115871454,0.1049445453575313,0.4283305734656164,0.0031530426254873256,-0.06755763035015765,-0.36166625154307586,-0.047192575142756446,0.10305669976166153,-0.15579673498948698,-0.01868946642923871,0.38655233644409626,-0.45204252486200636,-0.2633949810623981,-0.20328237229712195,0.1741324297523381,0.10286053980945577,0.07366520472021527,0.22169069646239195,-0.05691674498183185,-0.24606134061476287,0.2791498645402069,-0.0727042454853795,0.07440596314768752,-0.2087562781282794,0.05520302298919645,0.11525041958419781,-0.1679654053221028,-0.0984147277890689,-0.4314186964079436,0.05281467005462798,-0.1110190541381901,-0.25536233563057237,0.1005458906004711,0.21594014598776584,0.20907717250509267,-0.11895914604147348,0.08658189695694578,-0.3364257439422205,0.030454265255812664,-0.008691903845532036,-0.0995326388724343,-0.034514538777704364,0.284094191964378,1.0,0.17157651747691358,0.26342848391260354,0.28220579663517353,-0.04214150536841263,-0.006740859143135427,0.058166073399746915,-0.023892046603749294,-0.4062189810589683,-0.06345615531612873,0.07481930563595533,-0.023402881511041865,0.08886986945466545,-0.02254262107406383,0.009141813236807291,0.05138050753775384,0.05115139473208963,-0.006336748571891955,-0.17146582425264367,0.08433216263377724,0.01549317132078463,-0.3108951011804842,0.0037195287350671037,0.10533253517429418,-0.09816691854066276,0.004766980056369531,-0.20954632314090943,0.05220259938490503,0.025495048464329623,-0.014566720294693794,-0.0620535774969034,-0.05916119515387315,-0.009198457884743522,-0.07437488654936071,-0.07680738665174466,0.0045114543677349335,-0.20158238831305017,0.035040136305117986,-0.19552232580988735
9390,0.013594053093755443,-0.045082823002320645,-0.1280698078274707,-0.0301399941705226,-0.04438311963879018,-0.05592961465517076,-0.022426986498615166,-0.03835075770145844,-0.13771411511142273,-0.11748856750523919,-0.12030016192384084,-0.208186123055224,0.018355080456545464,-0.019772244594153,-0.16177221855897242,0.03582130928114185,0.11904534679558448,-0.1010309984853756,0.11085999877901108,-0.04689909136179621,0.0003293858182748027,0.06231224516807602,-0.17435614910316993,0.015172317421415477,0.18705170236119575,-0.15002371468186124,-0.013002004198604929,0.18435031974391328,-0.15824284605545338,-0.09607803276356916,0.16915404041601867,0.23046911791470667,-0.10723691101904673,-0.08948854317335865,0.1405429902781789,-0.012670676565033385,0.1445796901860448,0.06906447895402426,-0.2770780844091118,-0.003883671597846812,-0.17585310188314598,0.1299719692923106,0.14464636330075978,-0.22817118936234027,0.02303352031250406,-6.310757488113208e-05,0.1968927515219549,0.010168245743312867,0.10845264166666467,-0.18531194285271155,-0.1300486489190401,-0.02344725927443801,-0.09933316835637422,0.2353268224501017,0.13826631754123117,-0.27433922369133557,-0.20976206747884737,-0.13284274734496276,0.054587485340602496,0.16130925327440196,-0.033419109738632484,0.03197664328645924,0.16887622286335097,-0.20403331516764914,0.0615597013197082,0.010931441675620022,0.18649342680529218,-0.06012464133410563,0.03562067837240383,0.0768611289502323,-0.09079297037403196,0.08062718634757521,-0.1980729251017148,0.019551431357907035,-0.05765335440367224,-0.12356523662802128,0.08987447385729311,0.14257777346938422,0.09099257093305534,-0.003191706660807036,-0.03772946687050757,-0.18630631092347352,0.09558609469964081,-0.055258690982327836,-0.07083445276689414,-0.040122968474691455,0.1670885172022863,0.17157651747691358,1.0,-0.0003937070151238912,0.07903590065403163,0.05231148420333426,0.07555056700379494,-0.05038332732073109,-0.125628636649435,-0.16601088381224416,-0.0430744040451181,0.04846192041073103,0.08704277788230776,0.07639811341101176,-0.0642457310041814,-0.04283212030647377,0.017033948448139498,0.08488311077692344,0.03803909173342003,-0.030437630038382867,-0.00956412841447131,-0.0002093851680150622,-0.11427734116385276,0.02293425484556096,0.08092165554286355,0.005317248009638135,0.03568817928417264,-0.23564117664443804,0.024992489767253483,0.05761820449402384,-0.020134521279884035,-0.06628594168822818,-0.06768015623354474,0.058885693406371224,-0.00030313915738973505,-0.010066431721215088,0.06136880183759026,-0.346397448096586,-0.006415904671180098,-0.07996909795071006
9401,0.5582687114786637,-0.0786866269259089,-0.2717305874806131,-0.04731919526301171,0.03377259906728548,-0.04735701643357913,-0.25643286565808227,-0.13111518089823973,-0.17447511477515523,0.12619556767078796,-0.4137957319881882,-0.5440107983025532,-0.14156397758598163,-0.13138265390174628,-0.12484658528041205,-0.08457634966142007,-0.057665620146253094,-0.09394448255530556,0.07014766312662973,0.21947732400070413,0.03738752460654026,0.20529313925729642,-0.4981482072917955,-0.08084355525786914,-0.2084304417384708,-0.4276561278791932,0.08156420216818656,0.29861402768619355,-0.23389374730456997,-0.3708526419201752,0.3098619063120557,0.037554698360241806,-0.4685821496176268,-0.1783085158560131,-0.06340563495090346,-0.05944908764740545,0.14194215899074347,-0.3412512303196338,-0.34207908087526506,-0.20987311548097376,-0.2290627696504004,0.35401948520216536,0.38505408429053417,-0.42362730474274657,0.05936607185004678,-0.025503668135037162,0.5208328128123263,0.09571016769793289,-0.06159989870506948,-0.45167316316600953,-0.13863064638770142,0.17872854599125354,-0.21186052910678493,-0.3103194310308936,0.5201970714747622,-0.5385208002772978,-0.4929741417044984,-0.11447330533442202,0.11987315709938406,0.05021566652315535,0.028511858669714153,0.4854777567423219,-0.15644310629302638,-0.3195566450216933,0.3974024362709054,-0.13490828350193274,-0.08574286162959538,-0.3376087470709889,0.11551949330974343,0.06674048227691472,-0.0556106098111847,-0.18305288081775084,-0.5236334043476878,-0.04185144445342423,-0.1726767543884855,-0.3131318598467363,0.004622437359460372,0.18141957436096834,0.1937506799480813,-0.15400580593043625,-0.026267320494750074,-0.4640261478519946,-0.13585332112222956,-0.02733063486806974,0.033337640567146,-0.022007566366874513,0.36439973018004224,0.26342848391260354,-0.0003937070151238912,1.0,0.24527281313993984,-0.029580622204587282,0.027215395414717954,0.0817973941388586,-0.07446625333280572,-0.4549489806843741,-0.02844629495406144,0.0815051394035759,-0.06435523122899303,0.20309258864327517,-0.03422419348469094,-0.07039405168857356,-0.008553560025845003,-0.030161638726384686,0.05602103605245126,-0.39854241621673453,0.08059649123551367,-0.047910374434923235,-0.4095065701254476,0.18539069857804935,0.05308631236525101,-0.10129748732164547,-0.09715858058352542,-0.17832188863459325,0.12430515972487473,-0.07222137809123909,0.06857288672697635,-0.032845641394104,-0.13278927109077704,0.005484384472372575,-0.13710771537960262,-0.056564367706031536,0.006501790948056112,-0.2514691402426241,-0.013563225380310502,-0.264443775462188
9427,0.49657179719592676,0.09008996627961251,-0.30429734384164076,-0.10302191673081518,-0.05153181616649644,0.03692164626470808,-0.1083978060055344,-0.11836852807774964,-0.019689232486100307,0.07090918741180592,-0.2249875349461464,-0.3946269283524292,-0.09244048825460409,-0.1330649169608302,-0.149087547606261,-0.08177084609412637,-0.10521087790599136,-0.08599613034617243,0.032128458317340305,0.07537356511296098,0.10574947741678649,0.050977762413665036,-0.27340664941105064,-0.0340005713852937,-0.15597016383296108,-0.34003752365828954,-0.02511062783493321,0.31050352377746215,-0.07065767935848112,-0.3334720623708012,0.13101498755401386,0.13075186058303342,-0.3394127514392236,-0.09767016188041792,0.014683924565800047,0.016672457254334895,0.042808780609704326,-0.22847871452056237,0.028300745923466528,-0.16301557393063892,-0.28290211851065583,0.2935944297538589,0.2483472230463874,-0.368856333069538,0.016725045479982215,0.12159848604170372,0.2976466876793386,0.14566117858969252,-0.1468565628431926,-0.5074861723237745,-0.017902763682821784,0.12025898211306121,-0.1153170084874054,-0.14513766676498657,0.4949240467716318,-0.37266329056891057,-0.3843688674670307,-0.13961097802976163,0.08584645108630423,-0.0860118743827753,0.17258873094826313,0.2513905124426675,-0.13992841846353204,-0.18462549312959048,0.34018233263076475,-0.1043495550426197,0.10560045026902497,-0.2443991604563546,0.23294352610973193,-0.06666729409562126,-0.14015675415207982,-0.007407784078624207,-0.3988946627800249,0.11226582529256757,-0.15370747572624702,-0.34108331867007724,0.08950349197751956,0.3108520795456433,0.2962744465409556,-0.20478619688824767,0.04324819443943753,-0.2375257479967422,0.03881964910146816,-0.006566398630806829,0.053955401553531165,0.022101823090710574,0.1242075095211458,0.28220579663517353,0.07903590065403163,0.24527281313993984,1.0,-0.14293611960219368,-0.24027815959586152,0.103212152872666,0.16719683883929728,-0.32233438582345103,-0.08621844720620717,0.030448637270717033,-0.05894858874543137,0.0213958352432471,0.020320647074659855,0.0731777248982902,-0.0308905116345963,0.04290292157820533,-0.02157824513981142,-0.04965886621395525,0.13203914348423387,0.03367429005189106,-0.22104762617942808,0.04088177137698375,0.15983328459925486,-0.13529998112111233,0.013888454158616908,-0.29131471162532135,0.06296914406245659,-0.02047043399426037,0.029662183443814844,-0.04428358851868467,-0.1438002710199928,-0.08181476326371342,-0.049213014528102915,-0.03667888915821627,0.006358934446074761,0.036330268659843866,-0.06362072323174016,-0.09011212857870142
9428,-0.10663543070868806,-0.02215598705979999,0.06551307664183824,-0.02792178864001639,-0.015706425443342262,-0.027642656090976575,0.02347044229471418,0.031563920293219284,-0.04252999791062827,0.0005168273238885581,-0.007786389107037079,0.011152009966672566,0.14336074676419913,0.001957809709924143,-0.009621064566780184,0.04254036580430391,0.054603837204626963,-0.029222455753323835,0.03821762650525335,0.0008372689300091596,-0.002139026295934667,-0.06582448580212885,0.01782767208933572,0.02551757047780213,0.07059449542551509,0.07417383867925767,-0.05729246757948859,0.0026344098353196627,-0.09570904682789717,0.08295137784370268,0.07364560841119377,-0.00780587688799857,0.025630236099987595,0.04091041038157925,0.009430904670445163,0.031168897297146,0.06932708520031099,-0.002513234140570593,-0.08369565222097954,0.026570224370946402,0.03580482574399018,-0.04590203032180293,0.015295510406557732,-0.03468977797752095,5.077157453293968e-05,0.06706925747083595,0.03481820087318376,-0.02658330302991391,0.10185681829838711,0.09170668232570862,-0.012509270140217155,-0.05702218736826658,0.03494970444340687,0.04770488814121796,-0.10857393210587879,-0.01791767068412165,0.032949334440860456,0.02001016978780187,-0.009839958310366619,0.13608011791633415,-0.06429050816756686,0.0015166454158119997,0.14292453921566847,-0.05969048021742442,-0.0802981804120704,0.029574653452473152,-0.018085575479287443,0.04580696242326752,-0.017654644990344952,0.05579421334695359,-0.027762964316101674,0.04203593426389365,0.05638689980060167,-0.055684088248855707,-0.007134718439982836,-0.04628043132564298,-0.021721966321510956,-0.0693567630969048,-0.04794512857774074,0.07725518956020334,-0.012265192015391554,-0.042256300836508526,-0.10461541761431252,-0.017617423417858456,-0.013590521791663325,-0.0023509583874827,0.05653232344067897,-0.04214150536841263,0.05231148420333426,-0.029580622204587282,-0.14293611960219368,1.0,0.061875267434322735,-0.03547992667362867,-0.016655992238728795,0.0453970749345573,-0.006766100238135354,0.042846303681038346,0.0428888335804135,-0.01494117337084796,-0.04271246352324412,-0.01252673143049942,0.023342496070485524,0.027831798949304726,0.024868873808507466,-0.029154375254924387,-0.02936053791592626,0.011360166221121537,0.11548256253351635,-0.00830193703647168,-0.0010206876329905974,0.040109376212784674,0.028818114159427057,-0.023820353417979067,-0.018698435183097873,0.05613820682178876,-0.012023891963598397,-0.028521448475094725,0.012275579870721687,0.03657710296433438,0.008600292380989957,0.01619864983507845,0.007362484299522003,-0.06269535418810387,0.013589586303625384,0.02022928206370185
9446,-0.07304393669781001,-0.02563077710610192,0.0382902947992731,-0.065410482048363,0.06375552367958214,-0.042707096373592116,-0.06146173051721667,-0.01332158734145392,-0.0354381542400298,-0.049754990452832756,-0.12044791066551774,-0.06978808401499276,-0.04032320408913057,0.002032289853010271,-0.04463529523465068,0.01649050138016525,-0.017235252886153598,0.01476889895802168,0.0353230616983943,0.015631482101146208,0.0029192275129943227,0.04305844750494431,-0.13194122932728516,-0.0038369821595182593,0.061214954408301735,-0.043222592632380555,-0.003389895667423676,0.09555551438076039,0.002218272792325393,-0.028914045301265408,-0.028989461557846284,-0.07436070577849911,-0.08182515568067439,-0.05223024822486481,0.10574142511118127,0.007561448069059735,0.1091691049086913,-0.02107060223525419,-0.25753151541196073,0.018640602006820904,-0.009213337889840065,0.07332904358545826,0.09493171711233611,-0.0812756971826804,0.034157401959052945,0.054504100359603555,0.0882936457331506,-0.04796110587456678,0.010449127342479889,-0.07999581389161572,-0.08250209914108822,0.03151210096304979,-0.010856208011730269,0.04011967491726225,0.0050771079732279374,-0.09508141031176798,-0.14274197568556118,0.06681408011581051,-0.007330418525208772,0.06835491175481664,-0.06407197206714899,-0.01241226672041058,0.07972247486237662,-0.12500525019705427,0.03847891928506169,-0.004645442187107202,-0.03444619112420692,-0.06817890882983253,-0.044380808086661894,0.0014577194128614955,-0.04947627800669458,-0.015939629518278015,-0.06144519733393451,-0.060838682445129175,0.004518258299396397,-0.03231840101248042,0.04178367847137478,-0.02279181989334922,-0.0544974452334627,0.08822582782740075,-0.09170068060294967,-0.14883860383854747,0.030548378083795333,0.03726287281324695,0.005498632648130145,-0.036398285081012165,0.13599566147735548,-0.006740859143135427,0.07555056700379494,0.027215395414717954,-0.24027815959586152,0.061875267434322735,1.0,0.07173753206934802,-0.09951072240252554,-0.0547686433933698,0.0011856954805782227,0.0445783921843473,0.03662114895133143,0.05764179744923665,-0.052516099990541784,-0.00719008910704943,0.0012734277844752514,0.040616005365279186,0.003136615638889405,-0.13687851514873167,0.014033663331515603,-0.05812557340410604,-0.006177605582790773,-0.0322222391659566,0.020699915197695144,0.06307675795250878,-0.009879532304210785,-0.017692361667700076,-0.004915563869655194,0.00999967084876157,-0.019434069519547226,0.005583441258943507,0.04945803936196975,0.05367401071764791,-0.0043658620807444475,-0.040861929301723006,-0.01335176334675166,-0.23038917848713245,0.002555060704570172,-0.06565665887786654
9465,0.12905950983269432,0.16807895681410906,-0.2120471786381843,-0.1166262406821458,0.024104151383106055,0.05684596663470559,0.0005313238007157977,-0.0741217089690218,0.02176044120581901,-0.029861197794738073,-0.20984754605661898,-0.2090620139470793,-0.21521077327458743,-0.035565688882952154,-0.08914576307705165,-0.04732525667072442,-0.05547603326084777,-0.05611053092008891,0.03577698089186297,-0.08477105742110384,0.1014493428865606,-0.11046617186147704,-0.16020193427865506,0.0027833014462129886,0.0005912997474093488,0.0037247668948860433,0.04537762755297598,0.14570392771541146,0.08709613953091476,-0.20785328209055307,0.02707606914898449,0.10432575634407729,-0.17307299847884258,0.020068075313157244,0.0668593950712543,-0.04713259546539885,0.08509365353158167,-0.13518454818182635,-0.1124607056300989,-0.017654885565591028,-0.1566456620805879,0.08556853494603499,0.21638380930625525,-0.16118063790235074,0.035638861183246245,-0.018116765748147263,0.14333474604713609,-0.00674994339883226,-0.0873304258429984,-0.27269609945372003,-0.09061606051603512,0.04360294632866902,-0.07791473445926111,0.06734482027275719,0.06790877615286768,-0.1785637161272214,-0.26935091767243746,-0.1462561455901527,0.019298915730356195,-0.031748683926563166,0.009223425400862338,0.12852484131068306,0.11549986937378605,-0.029378245057628146,0.1879165732677697,0.031458070780982554,0.09047928260813305,-0.058051908787471386,0.17093046063658726,-0.0377488932981714,0.03948223096710399,0.06966685895001387,-0.07693087357770989,0.04447877177935409,0.021930771924663108,-0.001104157772856749,0.15418447868663313,0.10600904242604306,0.12869235861281417,0.062444918018562515,-0.07775137436715732,-0.23753908648083977,-0.005942736740547421,0.018367073676932844,0.052923323079284684,0.025538998098430948,0.10262607777674625,0.058166073399746915,-0.05038332732073109,0.0817973941388586,0.103212152872666,-0.03547992667362867,0.07173753206934802,1.0,0.033946733876642425,-0.13923152077849807,-0.00023674928795695184,0.015567160736108917,-0.1309088267144365,0.05856911696672625,-0.03987003037062418,-0.03132666525037024,0.025898728725763875,0.054815816470974006,-0.030440369141635445,-0.043487527026258535,0.019741566655878708,-0.01488519515968474,-0.03802077959798347,0.0033626303824575627,0.04670862736349112,-0.056696454419600445,0.09303774858877753,-0.15289547314112995,0.024934891514408544,-0.02481074053775484,0.02479238507697165,0.0016039214082407146,-0.055865043330612006,0.05826841574013631,-0.028455869085196556,-0.07284563845094076,-0.047542213084684,-0.067526734718817,-0.04399047695426417,-0.09517632927514823
9553,0.011337830312190864,0.06359700521339744,-0.01533121580847905,0.006134134696242488,0.03652225154635184,0.033970278114359154,0.05523482388954106,-0.018984854426251776,0.06669107646573523,0.05583412767888878,0.06909985426265342,0.10714356801002727,-0.02756695300382376,0.05910284331654429,0.05003756858664875,-0.010040641393061826,-0.05112301596781462,0.00821744451390097,-0.0006485811594509638,-0.05701005003428848,-0.008739976174119148,-0.07222012613847532,0.1345409518365552,0.027641964620410287,-0.10179206378878866,0.09209720228713399,-0.04234433323438168,-0.09697245621148333,0.19810680644525064,0.0789331623083436,-0.06028925856547877,-0.08781692189940735,0.061293839905043765,0.030629409365860786,-0.0530529734835917,-0.02990297114313721,-0.08924511446020848,-0.006412828775317595,0.2561230557948735,0.04732145522883033,0.020266221993355992,-0.031727997974275446,0.013065183497416607,0.05233472530193278,-0.08386134798938855,-0.05877458780391099,-0.06688898224281452,0.047369233714269605,-0.13895712751184447,0.03371311618742863,-0.06846860260315579,0.041273073203329784,0.0060928535714411475,-0.16550747449464603,0.023147562482855565,0.10017749467612476,0.052756790842829034,0.15129428423749042,-0.04935599848230416,-0.06207965993371633,0.07679641469565658,-0.1289869172113255,-0.09472787780901393,0.14326955552219725,0.0328499351734926,-0.018707227420253186,0.03478422585000707,-0.005701957778930084,0.07438422003812316,-0.06236355986524285,0.048207664274456746,0.07952032484372086,0.1377141886979043,0.12190351078126008,-0.04431986311408302,0.029952870027614046,-0.026216990877134,-0.015679457757705465,-0.005384200944511131,0.034541078387711165,0.029723752634433005,0.07973068487648345,-0.11317231126379128,0.02386748037843979,0.05979164695123042,0.055011930934244675,-0.09096580022575239,-0.023892046603749294,-0.125628636649435,-0.07446625333280572,0.16719683883929728,-0.016655992238728795,-0.09951072240252554,0.033946733876642425,1.0,0.09513026332688247,-0.03814630910872055,-0.005915324295840954,-0.0818588248977041,-8.710061362225098e-05,0.000799097879913239,0.015532517995880298,0.029345394512708588,-0.010623766239343387,-0.04380203852765363,0.09538253364221826,-0.02582231299443289,0.04573045610530996,0.11861575576789438,-0.01943182275255454,0.015706570356287308,-0.016095245413631828,0.019608956029216685,-0.005666255464040476,-0.03611239566673298,-0.009240450520493533,0.02302083888863951,-0.000802187045291581,-0.06735028065961599,-0.0550166064233259,0.0017286571336424985,-0.030853667983992087,0.0005085173134243853,0.30910525635941294,-0.034046994085440624,0.08449794449038801
9651,-0.6335877089730696,0.11650600609994556,0.34387939966616915,0.07774287476423594,0.03026917859177007,0.047057004750115775,0.3398069197920168,0.06104087875484705,0.08230783289333209,-0.15067965440564082,0.5335723216871879,0.7326121162043007,0.0075039749392286316,0.3084462030761458,0.24107195158968128,0.07280459500744735,-0.0392603182059299,0.20214426586016954,-0.1639121809878654,-0.1690872498775159,-0.09753822980286062,-0.0971551525743816,0.6085759666081121,0.04859622457868565,0.07180497250539672,0.4864123598091912,-0.03660057999374477,-0.5291743004106222,0.18619120391527813,0.5025642042867297,-0.3434253980810304,-0.16189365684157217,0.6415934890790074,0.1728074408619999,-0.20411094177786437,0.05393531958868804,-0.3306680889026905,0.45140295762547505,0.38390272906628076,0.09952762933556109,0.37450656330850474,-0.5288319901633374,-0.5055240922046204,0.6846796657356158,-0.12967205750337857,-0.2406392488412587,-0.6753810667861985,-0.02725876726334384,0.11423451933776337,0.6492017166703203,0.006003683427551533,-0.140542591757419,0.26754383396345444,0.12636056290388806,-0.5572075033989328,0.6897659684998682,0.5578282043992588,0.2803675905075382,-0.20570660406009944,-0.08472830242900262,-0.04119542508244764,-0.43478582829386775,0.1732687634620855,0.559849235328864,-0.5293475634990216,0.12267713382584498,0.11490899568394669,0.3939554417741741,0.07427074087448872,-0.14246574444964563,0.20112441798559502,0.1612108322821686,0.6286021056711402,0.050120747775011826,0.10953460270229128,0.4020988172728577,-0.11025464213061133,-0.2722919818403707,-0.26336140551592174,0.17283519125972738,-0.036324563620904436,0.638108335521173,0.029969121661908984,0.14372388988960724,0.07576048268904527,0.04801605102079271,-0.49190626964673106,-0.4062189810589683,-0.16601088381224416,-0.4549489806843741,-0.32233438582345103,0.0453970749345573,-0.0547686433933698,-0.13923152077849807,0.09513026332688247,1.0,0.04841557158909465,-0.15110200486717645,-0.02616018006455036,-0.20150794775979194,0.017649903627920314,0.08235938023491321,0.00012827897699793658,-0.05410745912021585,-0.041323336696216684,0.43737377270479905,-0.06557844712660163,0.04626908117311461,0.5270548031796486,-0.07255627545999613,-0.1511622444139113,0.13449217428479007,-0.019451316694286163,0.36244724174241677,-0.13552700019549715,0.028261656085210186,-0.005562667849988086,0.04071941726610575,0.13374913532554183,-0.03626166908612727,0.108299768347239,0.10439829224322804,0.020881129162528538,0.49394868836538575,0.014234256304395032,0.46462131980670024
11878,-0.0707465281564044,-0.08308029406790378,0.059662088066101834,0.041986276325607225,0.01758508625002126,-0.001554255601339907,-0.011816819811354594,0.023774296855910322,0.013873059234329691,-0.016719932908645808,0.10208163953981869,0.11278395184379869,0.04056836602834282,0.0307102689236505,0.01937152917565305,-0.014566004813583994,-0.030410689764775654,0.061798096022812415,-0.008629778890916234,-0.03425009248166008,0.035213016847679655,0.05731866675006816,0.08792176825243275,-0.006617501400351478,-0.024255299959263194,0.11100944702095443,0.030372690884044658,-0.08633551309599355,0.007214946223155468,0.1154158243209497,-0.03699987263349852,-0.0719936407818763,0.13219849335849998,0.11133566756747114,-0.032093814990803625,0.009250910615087858,-0.004481345993127667,0.06501988809782415,0.05719607186362577,0.03146428791476798,0.054631519217898016,-0.04315656255731222,-0.06071875248711669,0.03195591279756918,-0.021766363368869723,0.007025160182437775,-0.11591003864368389,0.00849742321579531,0.01163330597359813,0.13291656984138148,-0.04053935266476668,-0.014098668827143472,0.04219524089303625,0.034918578505967024,-0.04419381636201612,0.14517106075298922,0.13276269991413875,-0.0007809200600037757,0.006809497005265682,-0.006786004747325098,-0.008293674643429057,-0.019479106379299855,0.0006827074532241818,-0.010458149982712528,0.006032450856550479,0.004803593238169491,-0.05052615904110322,0.08019204546108451,-0.01368357831814216,-0.09110391007338808,0.05381638066574422,0.027663872445788776,0.09103340490453994,0.02469732580029792,0.03366316057299929,0.0858149085730412,-0.009206180736323982,-0.031498147388294984,-0.06505142435737149,0.011838116496490289,0.009135941654023963,0.1002879338433968,-0.04566383783027487,0.007564220605882305,0.024012722385174413,0.0018746232921469349,-0.030991952860707217,-0.06345615531612873,-0.0430744040451181,-0.02844629495406144,-0.08621844720620717,-0.006766100238135354,0.0011856954805782227,-0.00023674928795695184,-0.03814630910872055,0.04841557158909465,1.0,0.024287408554786255,-0.0027306061515313122,-0.028984245440241748,0.0018007313199744713,0.0016487749293483836,0.0044922047153344155,-0.012748696626534438,0.00031332335637016575,0.026669146707684433,-0.0182768049769057,-0.0036506146199323437,0.08148579924376811,-0.013639380487346883,-0.004370870926064354,0.027889528830652058,0.00010905424927893406,0.08870823817650175,-0.010870141722670711,0.004682390400102661,0.0037968762086290856,0.008601545661221073,0.0030856399762365337,0.017176615142895552,0.03904524625187343,0.02135618914792577,-0.02664057512263018,0.08014312039578646,0.005047889096759655,0.013318039811804041
11882,0.06692079055447724,0.12983710061882975,-0.12326013283737439,-0.035453193428010954,-0.07717982843788118,-0.010481501399478359,0.04420021634882161,0.005493871887989972,0.004383955373137882,0.013226845718069482,-0.20640487508358007,-0.1690411129762435,0.07343018733275124,-0.041027008997658626,-0.1835360249738057,0.10886539690585398,0.15716904164008913,-0.0690652105337876,0.06380956166511977,0.02044860798252124,0.17981657795343978,0.03746183953319277,-0.1220702035217536,0.00045504622511145885,0.0724625419114666,-0.1167608350349884,-0.06210422792021463,0.1486333288760987,0.07707901951444582,-0.08757571623266444,-0.004829581324780562,0.18011786679245673,-0.2134213175560558,0.17455150472151704,0.1366615503245505,-0.013281804704041758,0.18330982818371894,-0.0837366852855336,-0.1801685314443078,0.009486975230205077,-0.16038725124691908,0.1846595545126913,0.24472935974978327,-0.2356298755567081,0.06657676847598097,0.10202700178512603,0.19800561020732907,-0.014522487572706284,0.051610317584616046,-0.20002543941727838,-0.05248202802176959,0.1645574581223312,-0.061811928238824664,0.07047509224123824,0.14666094965197238,-0.20676377850412384,-0.2066854449770516,0.04717636629976922,0.04950394971159825,0.07972688116752472,-0.01159002233499986,0.1921847874031207,0.06918258218327379,-0.17108482116620716,0.2999620282026034,0.03876322636670773,0.08062791698092173,-0.04108905064770659,0.007945461562955534,0.0262287918433392,-0.050647381370152456,0.039761934795730404,-0.19303408039110662,-0.03682963772835298,-0.04379800784341894,-0.154493715420015,0.05642898417780978,0.01839286077586496,0.09718231959671753,0.005752922298327908,0.01888164738577399,-0.24765604349464554,-0.0034595364150527635,0.0014805064335798594,0.026255156650674242,-0.04024167566456911,0.1776629083070855,0.07481930563595533,0.04846192041073103,0.0815051394035759,0.030448637270717033,0.042846303681038346,0.0445783921843473,0.015567160736108917,-0.005915324295840954,-0.15110200486717645,0.024287408554786255,1.0,0.02944809625849447,0.12355790301957204,-0.03237991024302724,-0.07266048044501179,0.0024458201125513983,0.07410121129673689,-0.0010606044023944682,-0.1616669809231939,-0.002184507304609407,-0.012808130693264877,-0.08566449669208062,-0.015522266113744668,0.017848422283281182,-0.07638400306363018,0.022528274886013867,-0.16800523599811107,0.005345121085304971,0.02114319531324972,0.022731808188042064,0.008113673526641715,-0.02184970660866658,-0.008859833821043325,0.010097350082597522,-0.021684731888135057,0.09248998338410544,-0.153723292465157,-0.0643336546395769,-0.06595783395310392
11883,-0.022096531446849067,0.005914947988651981,-0.021853516645558745,0.010790433453959197,-0.0482406075723513,0.00530378647726746,-0.005557243810758535,0.017392257585527957,0.03122307314980813,-0.0007350309425406725,-0.028552853519248987,0.0017001774901886696,0.07376684378253215,0.02181649982764653,-0.062066117610381964,-7.006263821514681e-05,0.07125779671765106,-0.03953519616509358,-0.016176372156982366,-0.01218739677964955,0.031064271159817164,0.035227315007940345,0.013347883376860402,0.009500454392435461,0.062121237716181686,-0.03386341886636045,0.0255948526625214,0.0082777842492113,0.04623965405732707,-0.0037063958294148635,0.006853083056309971,0.023783673425731042,-0.019028068671869125,0.07074772692059932,0.01805309578426081,-0.0008968605320196397,-0.01611167555586414,0.005417312862832975,-0.06184639272981812,0.019509707825255337,-0.017754937648074762,-0.009864069513483141,-0.0037122119211458345,-0.010913392962232342,0.005329323786882821,0.020261943041735425,-0.012597148983289312,-0.00605384522876532,0.03894177984039718,0.05790068672301474,0.1693644726537921,0.0373692832102882,-0.022690557046067757,0.06357097810924764,-0.00807028974728658,0.03909357442797338,0.0853035112550484,-0.03876038465338968,0.04908631968091211,0.08852191699586784,-0.019232570413345848,0.0014933946785047148,-0.057899037508037064,-0.13058836358348305,-0.02089539275840227,0.024503603331075575,-0.005598940378997497,0.02094979380363375,-0.06901293175314348,-0.05239134781363347,-0.0760951472385299,-0.055709569612753765,-0.013563464648161435,-0.01128819662845279,0.00957801539078716,-0.00767703089170793,-0.0004421394575090061,0.026032004599958972,-0.03912095453301446,0.02537140199102449,-0.02217031136681038,-0.021140199178811395,-0.04861698974971301,-0.004093027202352317,-0.060450428531399356,-0.006197841276352662,-0.007131692801339589,-0.023402881511041865,0.08704277788230776,-0.06435523122899303,-0.05894858874543137,0.0428888335804135,0.03662114895133143,-0.1309088267144365,-0.0818588248977041,-0.02616018006455036,-0.0027306061515313122,0.02944809625849447,1.0,0.022733993085067593,-0.0023676499240750954,-0.006340692439093532,-0.002986523900018001,0.016065231510132012,0.0030735462180489933,-0.058996331617700674,0.007151927379921063,0.0039321840118903325,-0.09348304334606083,0.004881673337165725,-0.006778855368032735,-0.010156545237286816,-0.010863311044101608,-0.03093952105910999,-0.0013688355107415466,0.005637833244661643,0.0019604588228000672,0.006610758621849109,-0.0036550256920762367,0.009991553663681265,0.010680392642169767,2.943262645586505e-05,0.014204334295125479,-0.13590582540060916,0.0016296349541393238,-0.021768236396827935
11884,0.19770323666757572,0.021029841337232468,-0.18027135636717073,-0.10796706412159847,-0.06199253544735578,-0.02314588663497113,-0.09256796179727007,-0.023843619329216744,-0.08659647146597883,-0.054873101942159525,-0.2676744936300831,-0.31209336668639576,-0.08322320920646176,-0.0589583659209016,-0.10426410693195999,0.0430084533745803,0.16999170988446188,-0.1544061775382199,0.07150244687401566,0.04452458769192703,0.060880141692790976,-0.03906030677131585,-0.2342524682307074,0.0011242857993033965,0.048960689849418294,-0.23212429471711996,-0.03937151210573662,0.26276926701504905,-0.1389404065418906,-0.23255063530289238,0.12502605587723176,0.16826809550103708,-0.2789944985485065,-0.05011421854000222,0.17277921267170204,0.025259715474879138,0.16733503080722809,-0.1339551185490782,-0.31269217744792116,-0.09380229042133584,-0.08504416492025203,0.19672316665173725,0.19517642121330156,-0.1645417789922143,0.024537418448522617,0.012262994797015517,0.30210683834820373,-0.005346216845417099,0.027931652510344344,-0.282097016999248,-0.05934081923321863,0.07447373046389552,-0.1358308485994592,0.07331236942825117,0.26124121916327847,-0.2549126411084761,-0.3301926223070779,-0.12742836436279043,0.07598393995431323,0.06683927251777226,0.030185367518420714,0.28266984500427605,0.01979064395000872,-0.25720300118548006,0.14753087839994297,-0.005006658186510462,-0.00816592168803043,-0.11763601046348017,0.009330397834554091,0.08098531260023649,-0.05442591853617096,-0.06533086913536082,-0.3129590333401778,-0.05815276777904918,-0.03916566381951753,-0.1063577799713694,0.04038783309223515,0.13714141066580215,0.16732787804368157,-0.03812947463540068,-0.07807433867367025,-0.33521818544049015,0.050234797123754386,-0.04649239086530856,-0.0171412619246256,-0.019888824519700185,0.2832581586433895,0.08886986945466545,0.07639811341101176,0.20309258864327517,0.0213958352432471,-0.01494117337084796,0.05764179744923665,0.05856911696672625,-8.710061362225098e-05,-0.20150794775979194,-0.028984245440241748,0.12355790301957204,0.022733993085067593,1.0,-0.017281914717343326,-0.037969140200169636,0.002299843510604407,0.026029530526376403,0.03300242528378224,-0.24488317424415562,0.028532211354275527,0.00842655554476044,-0.24884970409548307,0.040495762852131155,0.02092091751328419,-0.06391334170690031,-0.04405625686342568,-0.19451707528087603,0.0014915152292890915,0.01902573190359045,0.01714809071376721,0.010469934608490798,-0.027304043968112892,-0.01966632593528383,-0.03249808035944269,-0.01709044572266809,0.06240583839546905,-0.3076024896701547,-0.021971023302771304,-0.13778236082291564
11886,-0.02691053862150101,0.013344764428785237,0.07166830164064585,0.04240703171014059,0.01989961503790812,0.004385685837205988,0.010788190972816856,0.022334766598384063,0.014125106138041448,0.0503176151944567,0.0773061042838034,0.06651346299404914,0.06068249691029669,0.00010240735250429551,-0.007193176927318765,-0.02772599173924656,-0.056779821596110065,0.03648869658182917,-0.01562828227983782,-0.014868710641841814,0.0032586421815585967,0.08147510598837969,0.07210733553083416,-0.018600635180705757,-0.035256895457873486,-0.008263562973638087,0.050465836873092106,-0.0497710793010902,0.008162812033661017,0.062480113228497676,-0.01623397094906011,-0.10569263518816903,0.07333873646458425,0.0773311792996612,-0.018601659655035144,-7.055072769273153e-05,-0.05471569110518929,0.01687167408011353,0.05808560583665926,0.015487492494970534,0.06028468337482366,-0.00262439497362218,-0.022260610139770855,0.04259628801322719,-0.014093232813301524,0.01256804406236172,-0.0747484115581137,0.010538825195872806,-0.04257709114440503,0.04724183547970919,0.04035853932637013,0.002978323492884228,0.009839543976522518,-0.08359740586797834,0.0008091192458823153,0.06458825457162294,0.09914988006947767,0.011020799577647547,-0.01618479708359886,-0.08512408317755371,0.0039344393580409325,0.005792396069567577,-0.10738710952723418,0.03857199254216093,-0.09224989447631202,-0.01653695774634067,-0.08235053786378545,0.019326946096743416,-0.03246617863029592,-0.07206463231654517,0.0014961402574909554,0.01029101501215871,0.010204915737833083,-0.019410328902904412,0.003934323968543542,0.042663677679756984,-0.05389706296811813,-0.02830640933176957,-0.043332608960940044,-0.013030846716742175,0.0022495621044968574,0.11564102414533033,-0.061085799922014905,0.01853234443762528,-0.01797737428938952,-9.30215003233873e-11,-0.07369929820659595,-0.02254262107406383,-0.0642457310041814,-0.03422419348469094,0.020320647074659855,-0.04271246352324412,-0.052516099990541784,-0.03987003037062418,0.000799097879913239,0.017649903627920314,0.0018007313199744713,-0.03237991024302724,-0.0023676499240750954,-0.017281914717343326,1.0,-0.0012464752006928316,0.000458527719011474,-0.020869995138978623,-3.124392481161851e-12,0.03545410635789746,-1.7734212963290274e-12,0.0037599557799698315,0.04291590319109922,-9.372277542701816e-12,-0.0006261939028681748,0.014720949948174814,7.801024393135542e-06,0.021948559807976924,3.3084354088007705e-12,0.001314959478262828,0.00020554832872539793,0.01364743105077563,0.002924954978045689,-0.004201944711392301,0.006810584189597338,0.0027581810107889524,-0.02219064586549202,0.04651402390946829,0.006593354083902778,0.05143018651479872
11887,-0.08184713184138859,-0.02834010263314173,0.02071551322320768,0.07895025825815513,0.03602189259131232,-0.009813797998126754,0.021410640573425885,0.01962861899921536,0.022971256393568628,0.007007885202030668,0.11583942331751391,0.10374998921049552,-0.11695184545145856,0.041992653419958406,0.04043685481178039,-0.01824051979769598,-0.06092774422549489,0.011017537337578268,-0.030255248284005873,0.01673786767201077,-0.06966991415157395,-0.05240684544286956,0.0890946691290613,0.011889454404683041,0.06402409464985487,0.01980855016618483,0.04017366324462287,-0.03213345416937767,0.06966632069420335,0.029764489854324432,-0.009840627759721133,0.010449633408534111,0.0795995609853376,-0.11939686138093922,0.012963877497689683,-0.009023828357936485,-0.1221664958577856,0.06406980884697405,0.10522939885291266,0.009379562703875705,0.016122120350418285,-0.06601484591417701,-0.03399644054852942,0.08819988574357011,-0.020793863418639293,-0.030972892910792953,-0.08224709841274011,0.0020909865964702135,-0.0012705468882429727,-0.017145959299996346,0.06301691217248498,-0.054479143754252404,0.024082421841606295,0.05370806367460415,-0.07889642079414821,0.05458311691118737,0.021786054671946765,0.0019989935036058347,-0.017303931921615775,-0.07453675210601993,0.0069729872514026955,-0.13938988474736963,-0.1274544546659531,0.041631089740551845,-0.0004307843457081868,0.0026871822528572765,0.0334568669440939,-0.002028053459923546,0.01800173867045831,-0.04953015797927817,-0.02145882557424367,-0.021882737020953384,0.05468815490776775,-0.0017608931368792548,0.008710508167880264,0.015748491588216146,-0.03391669714500512,0.0006093257794617537,-0.0048348938182248636,-0.013609009986561532,-0.003278045163855922,0.11992413070765306,-0.01872271605159354,0.013096710574127203,0.03241079597620402,-0.0017752955307830955,-0.15484448332102135,0.009141813236807291,-0.04283212030647377,-0.07039405168857356,0.0731777248982902,-0.01252673143049942,-0.00719008910704943,-0.03132666525037024,0.015532517995880298,0.08235938023491321,0.0016487749293483836,-0.07266048044501179,-0.006340692439093532,-0.037969140200169636,-0.0012464752006928316,1.0,-0.006934239422628849,0.023698202139037262,0.0005108338698652247,0.11658511053901555,0.00030983851033773106,-0.011728759039102307,0.10716088604078167,-0.00015649816920391648,-0.010066881432264878,0.017891706225897853,0.00019037732321381277,0.07658952252040692,-0.0006015713120210625,0.0029768888357531,-0.0010177173160966606,0.008631935430293515,-1.0486271582133858e-05,0.01300518260084183,0.009666623613700442,0.003903486034168255,-0.0492119692112482,0.13300429073552705,0.005943331463691795,0.0658134003534885
11888,-0.00856020341584188,0.029587086233796668,0.024511253794523152,0.027586181582398492,-0.008113677506345078,0.005963264833798938,0.0007767987661924707,0.042532572271832596,0.038038453957462415,0.05092315307205213,0.037141997268338875,0.0686660099670227,0.09561465531957258,0.022429799606370777,0.010353954043168929,-0.010645377880611925,0.059972628841765935,0.04142236271441078,-0.009622204996931416,0.006654844731121641,0.0036872990083561407,-0.02715747490556729,0.0864762307211016,-0.005544918241514287,0.016524761552849616,0.04108688707362031,-0.049203329542592274,-0.007591082850215327,0.05681912761284686,0.09183543137262586,-0.0033751419868770596,-0.00790363396280722,0.04046376923719999,-0.019477727972747275,0.02857271535707169,-0.020241738508431223,-0.04985379679503822,0.06718145948633626,0.03176683494099698,0.05602870542114802,0.01616892861440136,-0.04262637693518653,0.04282999561569525,-0.0018947587934676569,-0.0009220264234892689,0.06470462411371264,-0.02584036783725198,0.007653989609166213,-0.03880755622549938,0.05466240888600639,0.0672154342876765,0.0019575227041790763,0.024467666753828072,0.019603786206927615,-0.04857294778492728,0.037216480036384406,0.08054862576031277,0.061540210511160924,0.01655694718576146,0.014038418099276789,-0.004288542626772599,-0.030919987628308852,0.03312285424936245,0.024832829983390713,-0.05025032028965131,0.012323827372056725,0.009072761907583335,0.02168951361295883,-0.005845246956189007,-0.030505136765523928,0.02953487385731263,-0.0057739120846787605,0.048093209625990764,-0.01531243226978051,0.0031513448414075404,-0.024176199903686614,-0.044736400101953226,-0.011634178605908194,-0.027113453034995637,0.009354870338155217,-0.005358852158121501,0.02391308372996442,-0.09882721386224302,-0.004357960050794598,-0.020766206066517388,-0.004659308160189444,-0.060489106331049106,0.05138050753775384,0.017033948448139498,-0.008553560025845003,-0.0308905116345963,0.023342496070485524,0.0012734277844752514,0.025898728725763875,0.029345394512708588,0.00012827897699793658,0.0044922047153344155,0.0024458201125513983,-0.002986523900018001,0.002299843510604407,0.000458527719011474,-0.006934239422628849,1.0,0.009840787088626256,0.0030436572207834067,0.04610386025293194,0.015475967647691062,-0.005348733765181573,0.058091915776643153,0.01098892120266341,-0.006120979125552522,0.008456387577362685,-0.005959491136292443,0.010929591186024488,0.012289377718608867,-0.0019553362035518874,-0.0022810519254359567,0.006467041573225184,-0.014821726188522327,-0.0023013912554448956,0.031170329981822627,-0.003263606631584436,-0.01108576966216065,0.019038984544229687,0.005785164716987981,0.009832918374657397
11889,0.03276615193040455,0.1013819145911872,-0.08412704458215829,-0.13108556102513325,-0.038138460114309596,-0.04241322766517877,0.05079514148707734,0.005147675286166886,-0.02595141217161318,-0.0279887182041805,-0.1803310139718088,-0.08628116445928338,-0.03654472551331957,-0.010665995761500147,-0.023433996474437363,0.018091474577238448,-0.06942489276372509,-0.11789241897075377,0.06537916984574224,-0.052394061455588836,0.022835388923944808,-0.08112581437660168,-0.09970119074320835,0.052070742687108526,0.21324865755158665,-0.16707686775615907,-0.09308260805847163,0.054346830315293554,0.013965177111546616,-0.03481949910569333,-0.02253021783389756,-0.003231592641177183,-0.10316462075693407,-0.008181237499133418,0.05170460883140248,-0.003000801447138892,0.09550448006508072,0.00519976868004998,-0.1288684691438903,-0.00376288704965773,-0.10598354719574982,0.04586637877015303,0.03438811188963398,-0.06789073955496891,-0.0003516966103192308,0.022972302291758416,0.10432544331953139,-0.04189728407972286,0.07112009589876728,-0.0396505582798648,0.10587306664443132,0.03664645996214222,-0.021715598309981522,0.16809838750901795,-0.01109621023958434,-0.06387917069911575,-0.111785130578655,-0.012682231114380651,0.10494490253775675,0.09289525130342212,-0.05726991969125868,-0.03883548433181643,0.02991539505503613,-0.07666245102455237,0.11587208332895815,0.025475780180887565,0.19232729266477594,-0.017897897048234718,0.01868227490837626,0.07459465522362561,-0.01567884430720382,-0.1382949665277996,-0.08859556801216256,-0.10000749658640176,-0.021339552671537622,-0.07488469196615619,-0.008249527240843563,0.060675299971885595,-0.034296682708790834,0.015392997991360787,0.0177736724311137,-0.19233047615739896,-0.08037838151142863,-0.005824293304471868,-0.0450593773887128,-0.02972414138519636,0.08559308084256406,0.05115139473208963,0.08488311077692344,-0.030161638726384686,0.04290292157820533,0.027831798949304726,0.040616005365279186,0.054815816470974006,-0.010623766239343387,-0.05410745912021585,-0.012748696626534438,0.07410121129673689,0.016065231510132012,0.026029530526376403,-0.020869995138978623,0.023698202139037262,0.009840787088626256,1.0,0.008552998712589834,-0.053349602284986246,0.005187690941617083,0.0010026395862572626,-0.069140250381202,-0.002620281277713138,0.016781022271150452,-0.027493011986804306,0.016859212360524366,-0.18459919781443365,-0.010072233747154066,0.031308330849921115,-0.021646202096300762,-0.017421586208571312,0.019162274690147547,0.013141773284527699,0.009224761802840344,7.989672324732884e-05,-0.010127078039007474,-0.0719426946734246,-0.03252779408284055,-0.07614928819595812
11929,0.008302269997233927,-0.06241100739105074,-0.015207517495319884,-0.020803101161656724,-0.0018982574901613308,-0.02546444663113361,-0.06141316835049154,-0.03278984149186603,-0.035194405726339466,0.02428817917154144,-0.04355519323708065,-0.09088667538897457,-0.03292148773996045,-0.02655537297215133,0.023651490879010764,0.018229200504763354,0.052022459245865356,-0.0522482133739654,-0.0010714729621730268,-0.0018596043907220872,-0.014790318330258845,-0.06522937990562817,-0.035999134786121836,0.009903899902479784,0.03158371120788933,-0.07326244830986303,-0.015373835432267438,0.010053012950928131,-0.08384816144010947,-0.08337663047965807,0.029221865750228268,-0.02636680482702889,-0.05850744081566657,-0.057336658840741246,0.003950612495591098,0.003318182725503365,0.004125826785349594,-0.04861727176674249,-0.11003446519712069,-0.004396447203492208,-0.006653838697965241,-0.010506459911854841,0.04943774957475566,-0.03597143922051082,0.0012846600190965752,-0.027001992055312455,-0.0016905801924559506,-0.003051721215260207,0.03830163016626892,-0.014005255429918165,0.021430975757499277,-0.01147518505131852,-0.03189833419168067,0.039860211750287956,0.027961445497826292,-0.030010638051473266,-0.022313565039843122,0.01644197287342478,0.05943983426830693,0.06293729261576846,-0.006659756029042637,-0.033841490035731475,-0.026472598101067925,-0.08779925301542685,0.00024122124608541549,0.008644585875723018,-0.06703342578692638,-0.0018823651572590185,-0.0918550771680637,0.0052854434456353835,-0.0562701343567466,-0.11354980243674549,-0.0428825507517977,-0.1033480697691958,-0.009544181590306282,-0.0578578524080299,-0.059580598949714306,0.0047460013520577065,0.010474333411098383,0.017196818134547157,-0.01800867941567142,-0.049231094323976377,-0.05005748862492784,-0.02467950340557972,-0.0006194604624153321,2.004511929113771e-10,0.014838589091521729,-0.006336748571891955,0.03803909173342003,0.05602103605245126,-0.02157824513981142,0.024868873808507466,0.003136615638889405,-0.030440369141635445,-0.04380203852765363,-0.041323336696216684,0.00031332335637016575,-0.0010606044023944682,0.0030735462180489933,0.03300242528378224,-3.124392481161851e-12,0.0005108338698652247,0.0030436572207834067,0.008552998712589834,1.0,-0.03229404243402178,2.1769318341811064e-13,-0.010253411982735298,-0.020871982748353217,8.433730568899979e-12,0.0047487473508643855,-0.006341440006630251,0.00034672023998528486,-0.03898223395118489,6.375735762177383e-12,-0.001943758367737894,3.5764905407076134e-05,-0.014044692477653348,-0.0017336287769965028,0.025599697489954103,0.0011850260380721499,0.002022321678838194,0.022144183733390513,-0.08003213127583561,-0.004042548421848889,-0.06981220804132471
11930,-0.36580087053814064,0.07993288164533661,0.22406333678234794,0.15944135975662305,0.02950397475024126,0.05851102259503844,0.22499270030218518,0.016339311882193345,0.11653900843986774,-0.10337230188497445,0.49415312021432933,0.44666642864178935,0.05113865132111344,0.12930178509965193,0.1961141385832833,0.0682508904094851,-0.16344214694854886,0.12447548234369903,-0.12008847721586335,-0.11147440768300823,-0.12934652851353667,-0.059905432755688034,0.40478415533603396,-0.005616221641251887,0.025898034048711358,0.3105403271739118,0.062490011050767486,-0.36614678175217463,0.23715016177542161,0.29863866375039144,-0.20634532373855433,-0.07981427449678076,0.47638821729568176,0.018911930592281367,-0.19202919352390485,0.03548262739270141,-0.2935849794382965,0.3000707433675133,0.34214286843176783,0.12799438961901613,0.18808827179289125,-0.3906222190843269,-0.3032883379918422,0.3367901901155653,-0.21663802824637313,-0.12860792450155067,-0.4999172372132054,0.03679050602969933,0.06261300537188699,0.3509004499750299,-0.027170892052038247,-0.18414596858211316,0.15046706408840443,0.10573902367065897,-0.41752398095214843,0.4321241468022356,0.4552432117136762,0.11490499698303636,-0.1213698753629255,-0.0804955484713969,-0.03134122617693468,-0.4914481058202287,0.13117425994949106,0.4347854642495509,-0.2710316337157322,0.045852972348314286,0.03972602091579357,0.27246619049753273,0.07272941510567331,-0.15419171862288056,0.051291373762655745,0.10775851520858329,0.43605242650844034,0.12985715748567556,0.08849653659825615,0.24209101252713286,-0.10131770550740316,-0.11615196138649735,-0.2077398312336914,0.09628147240123071,0.07268439889092382,0.5502706964734584,0.06532688757657741,0.05859161434478503,0.07061142160427249,0.03358089203828287,-0.4266343866906543,-0.17146582425264367,-0.030437630038382867,-0.39854241621673453,-0.04965886621395525,-0.029154375254924387,-0.13687851514873167,-0.043487527026258535,0.09538253364221826,0.43737377270479905,0.026669146707684433,-0.1616669809231939,-0.058996331617700674,-0.24488317424415562,0.03545410635789746,0.11658511053901555,0.04610386025293194,-0.053349602284986246,-0.03229404243402178,1.0,-0.027136366022169713,0.020672334496032296,0.4725374497542422,-0.08822455329365286,-0.007284732813575196,0.04870395945385432,0.025950566829692923,0.301856472016324,-0.0647673254450568,0.004496368939302039,-0.024256645761885548,0.04942407916561924,0.03084087319769653,0.03101783120833733,0.07177659657190562,0.07907490799998686,-0.07195895742180444,0.3990248205738293,-0.011597158686992001,0.2877323090011638
11931,0.11343126866460021,0.01591403994223972,-0.08013006947078416,-0.03718309587957043,-0.0068503384391968,0.010872968524209102,-0.017917349158290744,-0.01362322417984921,-0.06714409015237194,-0.06484466969288974,-0.05393208853183743,-0.09467694324423412,-0.12337170917449819,-0.00980329151839523,-0.04922000274635784,0.013482329985384974,-0.027153821656835907,-0.057935568008802486,0.003576462635876499,0.006847195959549961,0.009563763838387562,-0.024813789129684613,-0.12153244451991291,0.009204941511278614,0.0001718695851510944,-0.07784152464640563,-0.03226881103241353,0.1898536720798755,-0.1050826151641932,-0.0666227585788693,0.04046317362346093,0.03333735388971125,-0.11477604601113742,-0.04340911633989433,0.0789493371782234,0.011059164081916798,0.024294037603576218,-0.05048089628715477,-0.05094194306892711,-0.0949074463025802,-0.0600112520695447,0.11855213558472687,-0.011790406526843973,-0.026202556966512896,-0.0024466829497367206,0.008352372331008207,0.11293960965286332,0.0011899125629319164,-0.020377634853142635,-0.16810708897447676,-0.004866389976441425,0.01234408709855296,-0.031163324731703152,-0.06338788667861722,0.13521534021158202,-0.12990508654114105,-0.1780212296391477,-0.0931737330302908,0.03804973304758833,0.02813911413962289,0.03127107406602265,0.12147314364408356,-0.028837850288637265,-0.058674629201280915,0.0720554822591276,-0.023604154925576864,0.04267015899110752,-0.12670676357030164,0.04341241128811707,-0.023769956199336334,-0.01622275540452356,-0.02318244739196111,-0.13686683995083468,0.017967189738701785,-0.05106295766870003,-0.09410840624808067,0.04460692978922519,0.14578591586682366,0.07412587360842458,-0.019201033172521302,-0.025760075231324064,-0.0895257839566613,0.054614779729432385,-0.010472861416798535,-0.0005677030368139778,2.1086622976416556e-10,0.03822042519009382,0.08433216263377724,-0.00956412841447131,0.08059649123551367,0.13203914348423387,-0.02936053791592626,0.014033663331515603,0.019741566655878708,-0.02582231299443289,-0.06557844712660163,-0.0182768049769057,-0.002184507304609407,0.007151927379921063,0.028532211354275527,-1.7734212963290274e-12,0.00030983851033773106,0.015475967647691062,0.005187690941617083,2.1769318341811064e-13,-0.027136366022169713,1.0,0.011943568836096801,-0.12824043248840028,-5.706446147675786e-12,0.020919827837826824,-0.020479272707062648,0.0016599708379566223,-0.10122761339656969,-7.338982002985516e-12,-0.00134718464287338,-0.0020862446774237734,-0.014667865360750121,1.9616129524465037e-07,0.017411398710626674,-0.06912508942264109,-0.01346011926239661,0.049826697113506395,0.00207831675388746,-0.009397602808845464,-0.0359445045981681
11933,-0.0055733321145502715,0.021416741525663783,-0.031831712935214966,0.002872161310091081,-0.026575844540000806,0.03768654663262726,0.023238930145211986,0.013367472203418593,0.05400550524805831,0.043652047977634424,0.023377533855989143,0.0609507808557126,-0.028548699919226147,0.011869558113138477,-0.04626585390536886,-0.032283580217005683,0.02398458337366738,0.016825409235705573,-0.0035462963900059967,-0.035798453740324795,0.05307199696949593,-0.0785513130456168,0.018622232352536308,-0.0026209341683481623,-0.03082813876283861,0.08666239384062925,-0.014244771184595544,-0.025016965534028348,0.09502678128529596,0.029129822484046258,-0.03627718243991259,-0.07314999198810197,0.06247759834314041,0.059285280948969905,0.011675716466178945,-0.01608548179044351,-0.05714024232877459,0.040184903805260117,0.07766566733691556,0.007505491298558279,-0.029161811710159215,0.014195876284290494,-0.0026212561679936483,0.016051250504447123,-0.00124953167810485,-0.060005428068174715,-0.0645507769349065,0.004661860408370774,-0.038303895539148085,0.020604194060646945,0.049627245616049476,-0.015355546385156387,0.007647164790154642,0.004077727824480253,0.06358278111846288,0.03368925818606548,0.08484080426436116,-0.06303950290467793,0.011212475123662698,0.037164599212687284,-0.004587647005448927,0.00842489308848014,0.01276387417005306,0.033841250827045435,0.029231282189106672,0.011463359041735061,0.0216987326935827,0.03558526458488063,0.026368364398431546,-0.03730984691576549,0.052121751918254994,0.0554341667249621,0.028727437669735754,0.05419208284431821,0.017592386162596348,0.03660950057650336,0.03524751003128746,-0.018132969187296094,0.0025863443353427557,0.009486370880933532,0.009852876039956646,0.036861877416074974,-0.047217398913983306,-0.013506230933359748,0.0044415442351251845,-0.01747352901531201,-0.057335311496412265,0.01549317132078463,-0.0002093851680150622,-0.047910374434923235,0.03367429005189106,0.011360166221121537,-0.05812557340410604,-0.01488519515968474,0.04573045610530996,0.04626908117311461,-0.0036506146199323437,-0.012808130693264877,0.0039321840118903325,0.00842655554476044,0.0037599557799698315,-0.011728759039102307,-0.005348733765181573,0.0010026395862572626,-0.010253411982735298,0.020672334496032296,0.011943568836096801,1.0,-0.05378881993613918,-0.006083532504446885,0.004263207606029172,-0.004259931515571882,-6.986816311725788e-05,-0.0299170931960908,0.009506949023595654,-0.007423666630136968,-0.0017014331887187709,0.0027721614932427166,0.0008533729327548037,-0.016440376381011344,0.018195677860482467,-0.008981291258414629,-0.01429487952026951,0.055573828172524695,-0.01673227257976194,0.002841822057233746
11934,-0.44699968685757774,0.13880389069483973,0.3139805752406131,0.25326258446193556,-0.054119476353531974,0.03938955208147368,0.20957050846087807,-0.04466641434411554,0.11568757708504647,-0.03438709407694264,0.550860626285174,0.5162206207733412,0.21047463305924693,0.2631003214824344,0.17372263741085578,0.16230389512618776,-0.010879080460419372,0.19701370793794665,-0.15759399242552785,-0.04481633641623911,0.0011534487558927937,-0.03850695569257829,0.523773415645604,0.03909898838378448,0.00596680127427462,0.5327202120012581,0.12083348062093527,-0.4496114893782499,0.19151847159172003,0.3294567391457751,-0.276468499045532,-0.09130017014696477,0.5403818785288175,0.3188148659773647,-0.1617585210941316,0.0051836705998450595,-0.18157250891888604,0.27785704676955975,0.361574388679948,0.15119526375368664,0.26788714838242905,-0.38834792097593684,-0.2378194590954303,0.3889575221979037,-0.1914734838185963,-0.07204321900238023,-0.5450591478850311,-0.0211087036355273,0.02608571209872611,0.47581839430976347,-0.21584504818806255,-0.1637450186037544,0.20540567136261398,0.06763389636555346,-0.49599000419540923,0.5434942691957199,0.4932031210842285,0.27994709972475756,-0.2046456344638684,-0.10600774864021378,-0.004675561505155485,-0.37902018836223594,0.2827716497797185,0.4048547657243071,-0.34595940742495873,0.07538126661120248,-0.01762528604423555,0.34022278407047174,0.06828615992018966,-0.16807421921769378,0.11973507293779254,0.35065251317216567,0.6002389597384938,0.11242743885426566,0.12569237908151482,0.31893421076399936,-0.23516838049607672,-0.3126357283522116,-0.14178060156956568,0.17811930891978603,0.014175675916025733,0.5744013540106705,-0.020146958704693994,0.06437690354525046,0.023043663977960968,0.06553299950958305,-0.3985598414453601,-0.3108951011804842,-0.11427734116385276,-0.4095065701254476,-0.22104762617942808,0.11548256253351635,-0.006177605582790773,-0.03802077959798347,0.11861575576789438,0.5270548031796486,0.08148579924376811,-0.08566449669208062,-0.09348304334606083,-0.24884970409548307,0.04291590319109922,0.10716088604078167,0.058091915776643153,-0.069140250381202,-0.020871982748353217,0.4725374497542422,-0.12824043248840028,-0.05378881993613918,1.0,-0.14042046130127614,-0.06948866897554999,0.08311142448386245,0.0695806377679499,0.39581429433087306,0.027699721190754156,-0.02557582026288453,0.006733326153836258,0.031736604422006355,0.004961574137213675,-0.05029733571656937,0.1415818647251531,0.10790623552534884,-0.04431935352350774,0.4304521098157948,0.0015110057832010235,0.3809876332778959
11935,0.141142983563067,-0.08370898193961865,-0.03794780056314636,-0.016242332080581914,0.035112449377024124,-0.0063629296671280115,-0.09928776500213268,-0.03843007842451941,0.0004158479195223223,0.034232219860065,-0.12682971086595893,-0.1630324240645538,-0.12230978856160678,-0.03149508384367354,-0.027460232918105284,0.024927751576131925,-0.04337175719005181,-0.009228447949248045,0.01311075819325047,0.06917532686330963,-0.0638133494892526,0.061543518806787906,-0.19348643375113306,-2.0762727948849242e-05,-0.01553527455144881,-0.12612117984191842,-0.024148586189777582,0.07934598538629126,0.008865734175871944,-0.14685224208653755,0.10597170883838698,-0.06427089220874264,-0.12218531540809069,-0.09140433268948796,-0.022678360994185902,0.012874611651493282,0.04152621710271864,-0.08328979284884006,-0.08261638768483381,-0.08754092055012873,-0.018659545008749064,0.02137829216567072,0.013599780878531371,-0.04980998353642921,0.0018266742761563618,-0.09832025629658027,0.10400566495372866,0.012269127525973145,-0.02729043711454486,-0.0861281568658231,0.020227219351508046,0.0355182616972749,-0.0463851134872184,-0.09517903312939054,0.11228526311579642,-0.055170462757792596,-0.09242612715140557,0.019316137830131988,0.05000549589883732,0.02763212437438421,0.0023935826714556402,0.08746972717856859,-0.0328841249256479,-0.08787500817722159,0.026490978614171736,-0.0005366446783637966,-0.056427707198508995,-0.10723032935748542,0.031829264453125276,0.0822042792650968,-0.002352770174172274,-0.09790709552753145,-0.11941588641371993,-0.028288740985577106,-0.042355727962277254,-0.10087512248162955,-0.004933252718059689,0.0712239053484683,0.028846982515825143,-0.009888067680485634,0.011396377858963113,-0.10787422539375918,-0.14748159625688406,-0.007796787380123874,0.041240810177934045,2.2111366773647525e-10,0.05334337262647437,0.0037195287350671037,0.02293425484556096,0.18539069857804935,0.04088177137698375,-0.00830193703647168,-0.0322222391659566,0.0033626303824575627,-0.01943182275255454,-0.07255627545999613,-0.013639380487346883,-0.015522266113744668,0.004881673337165725,0.040495762852131155,-9.372277542701816e-12,-0.00015649816920391648,0.01098892120266341,-0.002620281277713138,8.433730568899979e-12,-0.08822455329365286,-5.706446147675786e-12,-0.006083532504446885,-0.14042046130127614,1.0,0.015165213177794373,-0.0018873985718977472,0.0012436605301866064,0.008909780738428968,4.478746019531197e-13,-0.0031558854662415477,-0.0015568960501727573,-0.009720690250967766,-0.002498701928890101,-0.021370439624835494,-0.05158578872398753,-0.012847407575506266,0.021605304176255283,-0.08056223228334623,0.00012887659358385282,-0.0733326536845123
11936,0.17505035137473637,0.05036225058688409,-0.14410224143987316,-0.03261030595139008,-0.03257489877168687,-0.00520527318536309,-0.05583957420966179,-0.05306154901457416,-0.025968688637912733,0.061646618879596875,-0.07113310945347091,-0.2107983070427127,-0.07329972979632376,-0.06642552170597336,-0.11876122305968562,-0.012375045650510792,0.04005614137004468,-0.07370942599851138,0.026024250867480874,0.009709295318693802,-0.0005062210662811772,-0.0390225726855132,-0.15949626587115742,-0.004184677327486675,-0.0050393292497129235,-0.15930793676914093,-0.019451303609426897,0.11986226351214427,0.0019278980915115216,-0.1874862722135007,0.07407001449528373,0.08078079828484942,-0.15372590041490958,-0.07352040265268268,0.028752976697279737,-0.005616536438388571,0.059997136354633024,-0.08294387990020821,-0.03085605359676126,-0.02559219892740354,-0.15169966238503826,0.08524495166884954,0.09793310411336764,-0.24378310039401446,0.03262600659026688,-0.0017641043766292211,0.1521880129704039,0.003897482652253014,-0.016437598755459817,-0.22215770045679775,-0.049644960164870286,0.012190351181098657,-0.06607794526198539,0.028528615930940176,0.13197034525151863,-0.11939484582709,-0.1527174068024833,-0.05484719428556093,0.01589555178259511,0.04044827251557077,0.03011733830293402,0.015989375814243627,0.05549029884027247,-0.05477159260342379,0.23551178630396885,-0.0006434744598054637,0.09181895580046504,-0.04299949291946459,0.0360086904549355,0.0281463605698431,-0.0382779091065351,-0.016594064644993873,-0.16403797552516874,0.03775187130962276,-0.0151142829385644,-0.13855956380939963,0.10364795895783825,0.013503927700520934,0.06975003750816669,-0.04634305277965273,-0.008206291134249425,-0.11176538511804017,0.08640896203339073,-0.04344876233458867,-0.010578729378121146,-0.006121742681707843,0.09867651700851016,0.10533253517429418,0.08092165554286355,0.05308631236525101,0.15983328459925486,-0.0010206876329905974,0.020699915197695144,0.04670862736349112,0.015706570356287308,-0.1511622444139113,-0.004370870926064354,0.017848422283281182,-0.006778855368032735,0.02092091751328419,-0.0006261939028681748,-0.010066881432264878,-0.006120979125552522,0.016781022271150452,0.0047487473508643855,-0.007284732813575196,0.020919827837826824,0.004263207606029172,-0.06948866897554999,0.015165213177794373,1.0,-0.047708621526627304,-0.007446035325162589,-0.17348281608704377,0.014805466681182806,-0.006863047792345368,-0.0033720324351630684,-0.013149542419049138,-0.024227237556151436,0.016684336606528488,0.0054142539182780594,-0.010265740880478814,-0.011642041935710237,-0.129922654506049,-0.008745318688065681,-0.08857607677348561
11970,-0.1284689602997291,-0.033796293841698674,0.14458514609277756,0.03442022432169408,0.000869795643025983,0.0074645542469354625,-0.004973971859319637,-0.015575560074741234,0.029027900345641632,0.017394871273595094,0.11564772425742594,0.1364494060478558,-0.0006504578250608819,0.0627158144584236,0.09275582893490496,-0.0021712625633065565,0.0036219570236010346,0.09140611015386192,-0.054681667641287804,0.001650386062494383,-0.09557644556884093,-0.03208187523381002,0.12581875729607978,-0.011076031467358192,0.00106011617122065,0.11887662852603179,0.09516250264127005,-0.11923466342575365,0.0016922226294067513,0.09734575887660414,-0.03199454012037252,-0.03633087083935493,0.15522600816138563,-0.0375684196152971,-0.09130360931759926,-0.00946778228276602,-0.1030272051608119,0.10748628835859812,-0.060714860497405564,0.02409269627858827,0.12934831324654336,-0.12402140031789205,-0.10679984110428019,0.15676021740530244,-0.013932351240091763,-0.10904758564045307,-0.15760220009598377,-0.014537761025076115,0.02581303442878157,0.19653501363514883,-0.06346418948043091,-0.05668264212423038,0.05528387080094229,0.05785922411160504,-0.0673573490794561,0.13163996372832326,0.1587304714123456,0.052703252571589095,-0.025695163832937955,0.06426367027676058,-0.015833556034659108,-0.05411418910477829,-0.007626237123666698,-0.007476974101129144,-0.13400163410264448,0.013812493892711601,-0.07270697954208319,0.11312056968188762,0.006418368508585583,-0.02879224161991911,0.04710925779628983,0.014286329041432877,0.14863837491465337,-0.05241738513076156,0.042602652099447975,0.09975325612529282,-0.07280493510097165,-0.08799375954238302,-0.06191837045545447,0.04016557802292648,-0.010542667317478579,0.14301623766926322,0.0029729607152887386,0.009904827307714881,-0.004939507149958051,0.024660424331374216,-0.10128057118559643,-0.09816691854066276,0.005317248009638135,-0.10129748732164547,-0.13529998112111233,0.040109376212784674,0.06307675795250878,-0.056696454419600445,-0.016095245413631828,0.13449217428479007,0.027889528830652058,-0.07638400306363018,-0.010156545237286816,-0.06391334170690031,0.014720949948174814,0.017891706225897853,0.008456387577362685,-0.027493011986804306,-0.006341440006630251,0.04870395945385432,-0.020479272707062648,-0.004259931515571882,0.08311142448386245,-0.0018873985718977472,-0.047708621526627304,1.0,-0.006796846455961997,0.20416289725658232,-0.012852453660803063,-0.018431266086290792,-0.01980663706500785,-0.0027702580791132947,0.03749200445968629,-0.01165904407553912,0.01949559847021019,0.02506907314591341,-0.02263527502740351,0.03322665502769994,0.013840651425366366,0.04659205906666723
11971,-0.03264350197592066,0.1424065923724128,-0.03665275427289542,-0.0446662278599264,-0.01675936302809178,-0.0035308839783721947,0.07078097429060448,-0.029234161144138418,0.015340651517522353,0.004853027899513905,-0.03778004569874887,-0.032600100234229594,0.014445257246960677,0.01244957354011788,-0.060514198237922714,-0.04096787255351769,-0.05799794682391245,-0.007168052260134758,-0.007584916804810772,-0.008222898623563794,0.06902350294546916,-0.01735758052897628,-0.010791597214804017,0.003339625194371974,0.044714469022260915,0.06031705537660355,0.014618522928344299,0.015473997101396518,0.04582360121027373,-0.045284610090578555,-0.020464417296313635,0.0901454354947263,0.00320463527519011,0.10869655895847566,0.04722835574715077,5.7659755565884955e-05,-0.011887305867440242,-0.047010888611179316,-0.03834881675762323,0.008117819858476934,-0.08699297980604238,-0.007052842247198749,0.12022020910399057,-0.039694384672017774,0.0007888729774527154,0.05658819233765926,0.0159366343082857,-0.010346064743425117,0.016309590252740664,-0.00813258842701291,0.03098966525820793,0.009049266572180008,-0.010445950384085557,0.10262571183271992,-0.05911178638899865,-0.049634197824569584,0.016740385043800814,-0.02452627174545353,-0.008338596675184362,0.028986047990056524,-0.0008645501758156737,-0.0722842168078529,0.09489080379756853,-0.008845515082211316,-0.0535336762368203,0.004149848824723714,0.0946373603242675,-0.0018747111965021833,0.0503195535336074,0.04247901506940394,0.02826140600474457,0.05972300652335172,0.01945704063061589,0.0070668187486277465,0.0011546033501063746,-0.031397673617131604,0.07468709096721979,0.010089961047587219,0.0607263280415663,-0.013819088964402607,0.012222537467928953,-0.05999810118368667,-0.07314978341335986,-0.01992792811175115,-0.014276013921907043,-0.00042140135192261324,-0.008678903012334021,0.004766980056369531,0.03568817928417264,-0.09715858058352542,0.013888454158616908,0.028818114159427057,-0.009879532304210785,0.09303774858877753,0.019608956029216685,-0.019451316694286163,0.00010905424927893406,0.022528274886013867,-0.010863311044101608,-0.04405625686342568,7.801024393135542e-06,0.00019037732321381277,-0.005959491136292443,0.016859212360524366,0.00034672023998528486,0.025950566829692923,0.0016599708379566223,-6.986816311725788e-05,0.0695806377679499,0.0012436605301866064,-0.007446035325162589,-0.006796846455961997,1.0,-0.03345270431154327,0.0012908283529677992,-0.0011821270067527158,-0.00030676498130412493,0.007020776091430916,-0.0012040969839631757,0.016976542844461356,0.0019114740773889074,0.0013548309875614905,-0.06415343396249724,-0.05184857735067491,-0.0038526236669342516,0.03285865845672679
11973,-0.31048414265091073,-0.1097367827848855,0.5004334213696319,0.33151768852812086,0.035155968434068686,0.08265467919081508,0.07090420605708334,-0.05110847496966401,0.11050760911726129,-0.0015446529661794653,0.5505680561428272,0.4491791189536453,0.01561294541290971,0.062202344714881376,0.33520809337962537,0.031399779952478446,-0.08018717331187841,0.26651601118027435,-0.18180741491677085,0.024169507456278258,-0.2327646089643231,0.020281212408127913,0.44580092134704896,-0.08356447941438865,-0.17017346393489782,0.478016205532796,0.1684437485191828,-0.4958002716234855,0.02182505678862264,0.2934423441605692,-0.07665046289916488,-0.17117149055698389,0.5222721972792027,0.013218267443125048,-0.3918556341272237,-0.02594100310985457,-0.3570236458131465,0.2669144839681985,0.3631493518674864,-0.027991336009397957,0.44253609718662335,-0.4792142179899658,-0.3294510775029584,0.47532127591217327,-0.0785875357490706,-0.25473769537854435,-0.4464649234431531,-0.09186309158047987,-0.09083020862333041,0.5975140375261295,-0.08101405842125621,-0.2583076107512209,0.14482080066734143,-0.23805291666343623,-0.4324096255293356,0.5448406237430209,0.5440686143385496,0.145455601527634,-0.1833325132532276,-0.12115484750192404,0.04821146805353675,-0.21948305991736286,0.015165586555597202,0.3520345125125908,-0.3315394951628505,-0.04251894507855176,-0.31728008369532124,0.2934329399142646,0.025012168446179775,-0.1110245944146409,0.17122435858660104,0.08849929658200172,0.5674499310251022,0.12321479132500308,0.17753294543691178,0.345870382811146,-0.24791270129700035,-0.2001559264284721,-0.15232973640038722,0.09729752087510309,0.12119199785211,0.6469174002074889,-0.05860034509941674,0.05275159467464388,0.035898291014946966,0.12058477700439434,-0.29901181103676633,-0.20954632314090943,-0.23564117664443804,-0.17832188863459325,-0.29131471162532135,-0.023820353417979067,-0.017692361667700076,-0.15289547314112995,-0.005666255464040476,0.36244724174241677,0.08870823817650175,-0.16800523599811107,-0.03093952105910999,-0.19451707528087603,0.021948559807976924,0.07658952252040692,0.010929591186024488,-0.18459919781443365,-0.03898223395118489,0.301856472016324,-0.10122761339656969,-0.0299170931960908,0.39581429433087306,0.008909780738428968,-0.17348281608704377,0.20416289725658232,-0.03345270431154327,1.0,-0.05054180278726212,-0.06698182115307288,-0.09055263401477702,0.01815404896609948,0.10096123318514415,-0.1051193033624712,-0.005735614458236944,0.0611826886710617,-0.09171508755826224,0.44753050134582056,0.04273031412864768,0.2940294004876633
12246,0.0938451526685604,-0.027726756097119658,-0.03995090463608063,-4.924144666900672e-05,-0.012515180032764842,-0.0036383840685113734,-0.051722821930883914,-0.018671416833618663,-0.03210324995856391,0.05088389496414473,-0.06194629172545877,-0.09462377033042575,0.10604767217607233,-0.058964291807128276,-0.013076567870580973,-0.006040461095801183,-0.09755430853734923,-0.024804260831040884,0.0028259930449042463,0.007364677722885206,0.029760465766351493,0.004535696158756348,-0.05612331662744019,-0.008843555988347372,-0.02806074551667348,0.011765350967231119,0.0774465847955507,0.07984970296695618,-0.033192916559370206,-0.07045112547820057,0.08476750286588788,0.024785192504635074,-0.07850758549617166,0.041149237992247935,0.03464524574801414,0.004360498518098283,0.015174600528736372,-0.09959973571491686,-0.08249091941698818,-0.05727210302652314,-0.07800589890940247,0.13137076623890517,0.1537478522499558,-0.1519954183960662,0.005619041915534243,0.10072310690273314,0.08368647358353873,0.009029043484624842,-0.06629696187711055,-0.09088613517400793,0.05107742377536883,0.026862784733277335,-0.03284307437656979,-0.07898603981987948,0.10079670642309098,-0.1492725215395145,-0.07035712058300923,-0.03869755589299921,0.007423852199093075,0.04555398431828651,0.0016480383041770253,0.15090127593776526,-0.01775800586070412,-0.172201422414805,0.1731130618759951,-0.046524570999209605,0.019680268422613403,-0.06606241548192261,0.038813600049588004,-0.05038009274573622,-0.025409249453818318,0.07192474724975041,-0.0669499343382444,0.038884734874806516,-0.028422815503234656,-0.030970038338974624,0.009746854529802965,0.04882708197765217,0.060466865289110744,-0.02108348103305511,-0.01671922645678183,-0.08888753515471504,-0.02082727958172698,0.005510570793234869,0.01014332042167438,1.8474146733330648e-10,0.029626487441140426,0.05220259938490503,0.024992489767253483,0.12430515972487473,0.06296914406245659,-0.018698435183097873,-0.004915563869655194,0.024934891514408544,-0.03611239566673298,-0.13552700019549715,-0.010870141722670711,0.005345121085304971,-0.0013688355107415466,0.0014915152292890915,3.3084354088007705e-12,-0.0006015713120210625,0.012289377718608867,-0.010072233747154066,6.375735762177383e-12,-0.0647673254450568,-7.338982002985516e-12,0.009506949023595654,0.027699721190754156,4.478746019531197e-13,0.014805466681182806,-0.012852453660803063,0.0012908283529677992,-0.05054180278726212,1.0,-0.0015518206406493302,-0.001240795408873438,-0.000625626144007485,-0.0016233671158205109,-0.013085934902123396,-0.041112192396850634,-0.010391631324363453,-0.006512512973313538,-0.05003475762388721,-0.002201200261259184,-0.019760209787148913
12267,-0.036903021209861116,0.03978572996891102,-0.013547168133656891,-0.01878125634539575,-0.03207094070504049,0.0006846673852318112,0.023393116237799553,0.013094951291945094,0.02653598713846367,0.003026028303640809,-0.03504366049940719,-0.037566813860458764,0.0050459750083896885,0.02017897581306286,-0.039873245868340915,0.036632252627284825,0.09096566885753914,-0.0408914735696057,0.013423061996229007,-0.04874963186101003,-0.053121919915474984,-0.041974758012670435,-0.039453574556775596,0.03186152711707277,0.09149077895747978,-0.03928746054442254,-0.04452683779728781,-0.018307970785062737,0.06630616775193103,-0.004874171556654041,-0.01127204551035161,0.011300847067755285,-0.03274740958300327,-0.08853902971100851,0.05086458851662867,-0.004735987481267745,0.05519124693261557,0.054507913097794146,-0.05018900326372572,0.02286926477145296,-0.022307215896869608,-0.04644735777696648,0.004581831856249541,-0.04879291053837626,0.00970085385645552,-0.04501015707111502,0.013162564290001419,-0.012382813290278665,0.058347272253589634,-0.012543664779975823,0.035337544806200286,0.025861645562505656,0.0034616538952856697,0.10084940615886641,-0.02695956453775359,-0.01608529281818345,0.02113582165484323,0.047971605303705936,-0.040032818163869416,0.10614421723499157,-0.02616010902362585,-0.11638024158511516,0.0211003575902988,0.017458899193301704,-0.0104738171516146,0.02278583953093981,0.08333281168811428,0.013155592852648381,0.01051226627331561,0.03815147301038124,-0.04812497353022086,-0.026716860174629077,-0.011548058866162555,-0.05096397119051231,0.0005111356778613462,-0.03867479781669597,0.007135316361210527,-0.056512650013989016,-0.03389844166208313,0.038303223274646796,-0.00032672574440364163,-0.02646809260838552,-0.04256482225578608,-0.003886482745341752,-0.03794698043836548,-4.980480223850587e-05,0.06015960174542575,0.025495048464329623,0.05761820449402384,-0.07222137809123909,-0.02047043399426037,0.05613820682178876,0.00999967084876157,-0.02481074053775484,-0.009240450520493533,0.028261656085210186,0.004682390400102661,0.02114319531324972,0.005637833244661643,0.01902573190359045,0.001314959478262828,0.0029768888357531,-0.0019553362035518874,0.031308330849921115,-0.001943758367737894,0.004496368939302039,-0.00134718464287338,-0.007423666630136968,-0.02557582026288453,-0.0031558854662415477,-0.006863047792345368,-0.018431266086290792,-0.0011821270067527158,-0.06698182115307288,-0.0015518206406493302,1.0,-0.00103148242187102,0.0018408704511692273,0.0016060764301305214,0.01091483975884862,0.009123191509166862,0.0024520651406410876,0.04468307538932914,-0.08224987163809307,-0.005161081657682184,-0.03655473174675144
12284,0.04341801954487274,-0.021295806792376176,-0.06322106121713851,-0.06799355899832969,-0.031239818262780574,0.00874221789867793,-0.013521426386835112,-0.015204756384659443,-0.023484230433578623,0.030159031541137662,-0.07315329026825855,-0.04213852006100852,0.03389649105153416,-0.016394997860973492,-0.0026005509127103323,0.03850304345857007,0.07932781485746748,-0.044672153095835054,0.01870847002922362,0.0022160269462541543,0.028162636043231694,-0.0445704138483173,-0.005393818215718785,-0.013088411758895722,-0.06575470738397267,-0.03735191704429163,-0.004281951104570086,-0.016566896766638764,-0.05964899749400789,-0.05233571639208542,-0.010985793743997609,0.045894639445981024,-0.10251456621023741,0.028316786002261132,0.054921874902709944,0.005829984818642331,0.03175096140774411,-0.11819282597945117,0.08417551152798346,0.015677959423498027,-0.017023468038366275,-0.017605394202457315,0.005113223510967003,-0.03800937101771881,0.015544779215700476,0.031210207101019384,0.013663319416345358,-0.017531852619518357,0.011371493107706594,-0.010951983739315817,0.04744789115639876,0.015532701719889372,-0.010844393619200615,-0.03221339478962471,-0.03680987436174115,-0.03445016694120662,-0.04757641393563693,0.049509763302849924,0.0021749897255681203,-0.045717531629062655,-0.00041509505945167376,0.007957812877848709,-0.06683330636607684,-0.0032583849668170427,0.018221757097288967,0.0008452024220890567,-0.05211490570895911,0.02430437339017236,-0.08401739435024136,-0.020268981452960112,0.009674741798081813,-0.028008206842591758,-0.029824428076828138,0.04145952991027772,0.013471093012574412,-0.01780051004496377,-0.0068466149407588744,-0.004986662945800841,-0.009103927596079442,0.002382797962577362,0.002122355519009981,-0.10057398889637705,-0.03903409243162885,-0.017937145193894753,0.01155283882750055,0.00021398287070026787,0.03926342481079087,-0.014566720294693794,-0.020134521279884035,0.06857288672697635,0.029662183443814844,-0.012023891963598397,-0.019434069519547226,0.02479238507697165,0.02302083888863951,-0.005562667849988086,0.0037968762086290856,0.022731808188042064,0.0019604588228000672,0.01714809071376721,0.00020554832872539793,-0.0010177173160966606,-0.0022810519254359567,-0.021646202096300762,3.5764905407076134e-05,-0.024256645761885548,-0.0020862446774237734,-0.0017014331887187709,0.006733326153836258,-0.0015568960501727573,-0.0033720324351630684,-0.01980663706500785,-0.00030676498130412493,-0.09055263401477702,-0.001240795408873438,-0.00103148242187102,1.0,0.012098392024495934,-0.0018976658605856641,-0.016655468571237387,0.011959928834343863,0.002299460121890205,0.022965259925566587,0.0659753809726482,-0.009131359747185873,-0.018505417419693627
12286,-0.08991551044628328,-0.0058539376732738456,0.005945615784944926,-0.03840799495573856,-0.036745440098181203,0.013160418377772633,0.06757692546886629,0.024756350069243406,0.02328835419712968,-0.011708893614678403,0.024266348761354212,0.08303034059774773,0.05770830539728268,0.0013528161637869573,0.013571569996588954,0.031248264943658906,0.07203144413593594,-0.01556369590429043,0.00038568519086589495,-0.04348496039055248,-0.0114324111151209,-0.01169198654265283,0.0838354505800793,0.006492229329874304,-0.019317911892430862,0.0531706835405797,0.04798103470705816,-0.09546622422565397,0.073806320502266,0.07757691793391787,-0.09092040796505493,-0.09739607462152881,-0.013879854008765187,0.03371759551656261,-0.017139521981968327,0.0019564087425987652,-0.00895799975406583,-0.031660162067329696,0.03437815116744701,0.04628055412679478,0.05568730046692785,-0.04323862171594581,-0.033903596246721464,0.08011167147557463,-0.0011699100568135256,0.0445521377950112,-0.07600651029492635,-0.00902422860236495,0.005849716754096322,0.08917905779891795,0.03687570601171416,0.03585004127744948,0.05030141005096239,-0.02406996392357585,-0.047773062743439114,0.11453403889591932,0.09556002260234908,0.03748429482669694,-0.015966459449457984,-0.05635764809566385,-0.030615838935490962,-0.06770525628755683,-0.05972004483467471,0.07136689198899705,-0.03702697548444013,0.04283103022643025,0.012580950231611697,0.09022127478959827,0.03443071138363624,-0.034277731831108244,0.015666969824468007,-0.005529692579936482,0.08604017313284594,-0.09764219951453754,0.027389839483040735,-0.019320691971392058,-0.027627561547685666,-0.03624713076838449,-0.07574685583189579,0.030515070264417316,-0.010012317193275711,0.07543582000548248,-0.024077282961527738,-0.017448229106934974,0.01637290091120911,-0.0030703331878370664,-0.023359063739010456,-0.0620535774969034,-0.06628594168822818,-0.032845641394104,-0.04428358851868467,-0.028521448475094725,0.005583441258943507,0.0016039214082407146,-0.000802187045291581,0.04071941726610575,0.008601545661221073,0.008113673526641715,0.006610758621849109,0.010469934608490798,0.01364743105077563,0.008631935430293515,0.006467041573225184,-0.017421586208571312,-0.014044692477653348,0.04942407916561924,-0.014667865360750121,0.0027721614932427166,0.031736604422006355,-0.009720690250967766,-0.013149542419049138,-0.0027702580791132947,0.007020776091430916,0.01815404896609948,-0.000625626144007485,0.0018408704511692273,0.012098392024495934,1.0,0.008095913915784363,-0.02044950135462201,0.017508739430377243,0.009524633208062802,0.03532844842244636,0.012516451039697165,-0.00662035977460952,0.02135077978507952
12290,-0.17621492763559063,-0.0530293189972927,0.10885708239636342,-0.0038875419906545753,0.024862668627592104,-0.011655183173829874,0.00016356769522469803,0.04490442708801622,-0.014099923401357097,-0.027683039090582007,0.08545243639502795,0.14556689456490274,-0.10773819105012228,0.06015908538973049,0.10939109778720107,-0.04912932063843068,-0.07934617186305165,0.060768758795232296,-0.031151460960102056,-0.006453338379937537,-0.026189646923178257,-0.013876914168529177,0.08666145923780429,0.01367964795873714,0.08421034709188474,-0.018022914575579065,-0.010216799866652266,-0.07780903112790616,-0.07132582752678154,0.10320533020388399,-0.06768813056406098,-0.17371282061163312,0.11818155503765702,0.01065911652539392,-0.07481879301877425,-0.007229837090493823,-0.0482864238199116,0.09899303677896375,0.023191471763861778,0.018438975615238676,0.1716552407217751,-0.13148553603875926,-0.16059320806524444,0.21849719322917888,-0.02573192423704397,-0.06837242684369374,-0.13365011453757122,0.0014057887838717859,-0.012383521102774773,0.14664705929646882,0.1772074820066192,-0.0595286403052633,0.04360422760992922,0.025685253106293222,-0.18802405544154596,0.1172357581225349,0.052997288087181786,-0.023186491929956157,-0.014363879855828746,-0.08085877280929453,-0.013089592057885055,-0.06400611899932107,0.007423240713999932,0.07100114275003844,-0.18483230593619598,0.01867109140462807,-0.037381939734812346,0.027585873762109855,-0.10171611812968498,-0.0025411120450450635,0.024852529210162465,-0.12131412552896853,0.1144257231323341,-0.019539635011387595,0.009918430885265122,0.08460546885272768,-0.039810057936813546,-0.0021836757629305394,-0.07566598050304858,0.03781696604669637,0.016008929532378743,0.09874994428330855,0.09421466634467923,0.023450689981498327,0.0026112517012742923,-0.00020069356924475964,-0.06884186369884915,-0.05916119515387315,-0.06768015623354474,-0.13278927109077704,-0.1438002710199928,0.012275579870721687,0.04945803936196975,-0.055865043330612006,-0.06735028065961599,0.13374913532554183,0.0030856399762365337,-0.02184970660866658,-0.0036550256920762367,-0.027304043968112892,0.002924954978045689,-1.0486271582133858e-05,-0.014821726188522327,0.019162274690147547,-0.0017336287769965028,0.03084087319769653,1.9616129524465037e-07,0.0008533729327548037,0.004961574137213675,-0.002498701928890101,-0.024227237556151436,0.03749200445968629,-0.0012040969839631757,0.10096123318514415,-0.0016233671158205109,0.0016060764301305214,-0.0018976658605856641,0.008095913915784363,1.0,0.03234453709680469,0.010309799639565773,0.003769436073652199,-0.03444904985003499,0.009572021208269124,0.00903842381084538,0.0554742457894008
12316,-0.043289043067440226,-0.008611209809018496,-0.05803125505724062,-0.09949886850025798,-0.00866761611056809,-0.05025610920443739,0.011016352611129245,0.005429204742068526,-0.0030696413315760905,-0.002994888690539199,0.01389241219627336,0.00678155122278857,0.00475231071285875,0.0036289310653808814,-0.06416528288812488,-0.018709744249824193,-0.13289039019738402,-0.04807449207942282,-0.024641670313044716,-0.03342277405251663,0.006231934074914714,0.007114786114346862,-0.02981248289586056,-0.0044970947307474895,0.039338751861277,-0.02640131675888237,-0.035809903510142675,-0.026517410979564223,-0.009287392354104525,0.006443653702098682,0.0013131560252735955,-0.01801839915243134,0.016468797334616404,-0.011519940050978951,-0.09547071520399589,0.02828567478252374,-0.029053037171994832,-0.008290885377309152,-0.0922748915561539,0.05182190080664414,-0.08179883496894892,0.022544844695482645,-0.010362863178787391,-0.04381621810119,0.0034818677519493683,0.10503596600180291,0.0003700349297579684,-0.032144552613029224,0.065356430626014,-0.016076670357408805,0.18696496847265365,0.029904098575936434,0.01178304155883964,0.06310565875620193,-0.05675402532140102,-0.06688308089346155,-0.014963305373315531,0.031810358746005886,0.05406481414966782,0.039087201895314394,-0.09424580223083724,-0.03189104818482843,0.043585072913606,-0.0038659975786532632,0.020064595013646776,-0.0034196139915599714,0.05683736127680205,-0.034318139372301944,-0.06255067269999276,0.002938450520865139,-0.018056066509323773,-0.00864615748582811,-0.01667576744540261,0.027573923942244054,0.012351110496457814,0.05817816402478768,-0.005137929963323218,0.016177939155368224,-0.06480203605701941,0.006082975233958385,-0.04301834210053123,-0.012586285048683702,0.01303229049771545,-0.011185211646366988,-0.015067227118858821,-0.021945257795464676,-0.028568583111111052,-0.009198457884743522,0.058885693406371224,0.005484384472372575,-0.08181476326371342,0.03657710296433438,0.05367401071764791,0.05826841574013631,-0.0550166064233259,-0.03626166908612727,0.017176615142895552,-0.008859833821043325,0.009991553663681265,-0.01966632593528383,-0.004201944711392301,0.01300518260084183,-0.0023013912554448956,0.013141773284527699,0.025599697489954103,0.03101783120833733,0.017411398710626674,-0.016440376381011344,-0.05029733571656937,-0.021370439624835494,0.016684336606528488,-0.01165904407553912,0.016976542844461356,-0.1051193033624712,-0.013085934902123396,0.01091483975884862,-0.016655468571237387,-0.02044950135462201,0.03234453709680469,1.0,-0.018572402977786846,0.010205912141192557,-0.08481427790043321,-0.09439532173454065,0.018574178742981295,-0.054636846551163534
12346,-0.09522860905504726,0.05622792166622591,0.08212518385422934,0.04771034254598094,-0.02016862217895002,0.02086857912243114,0.08505752085234887,-0.0009699133585558134,-0.011836390907498542,0.02283602973381187,0.11105757727954425,0.08948951401940047,0.11286187441041534,0.04529839982817829,0.023140423019199007,0.011538823422560842,0.16745083151571283,0.003193345762715065,-0.01882799492159771,-0.10906011443166941,0.07804468255026346,-0.07822076311984665,0.1990975196129543,0.035626750772239514,0.09668890622716772,0.18695512741357873,0.041070495019340354,-0.06181844273251348,-0.003444654940226377,0.03263564184567261,-0.04807986177009594,0.09786704621277642,0.07346789286987344,0.22763114745454038,0.007096385236034182,0.014827760343833022,-0.0465061553662869,0.06587652312406764,0.04863909391259839,0.05544960690337334,-0.018329959428457283,0.004744673612319483,-0.010557473755755808,-2.4341841827581686e-05,-0.028670588965569167,0.08056279710718581,-0.11404831472503643,-0.001943418329973183,0.06211520162401809,0.08360532112235794,-0.02824022907934328,-0.08046505838478499,0.038090886795311585,0.25502157674464093,-0.023688293156206457,0.16607831466981693,0.08999114632524471,-0.09862493790475223,0.022979376175580456,0.06871342160804322,0.011763843019731528,-0.015267319921920812,0.04994421800088146,-0.023843841898751716,-0.07494988168092678,0.04465572666539674,0.05728785668239758,0.17028192890898983,0.0365953135892532,-0.08600257361601314,0.0029826078509097437,0.16313296756249795,0.12089221201386183,-0.010243458177125278,0.04494974619736011,0.07604201408920258,-0.007628364770696596,-0.07943619835003222,0.011723849199049991,0.048105492772197264,-0.012483497335469305,0.0681771949035305,-0.09314419974518624,0.009609690637455768,-0.01044356777908684,0.007090053105092009,-0.0827269124743115,-0.07437488654936071,-0.00030313915738973505,-0.13710771537960262,-0.049213014528102915,0.008600292380989957,-0.0043658620807444475,-0.028455869085196556,0.0017286571336424985,0.108299768347239,0.03904524625187343,0.010097350082597522,0.010680392642169767,-0.03249808035944269,0.006810584189597338,0.009666623613700442,0.031170329981822627,0.009224761802840344,0.0011850260380721499,0.07177659657190562,-0.06912508942264109,0.018195677860482467,0.1415818647251531,-0.05158578872398753,0.0054142539182780594,0.01949559847021019,0.0019114740773889074,-0.005735614458236944,-0.041112192396850634,0.009123191509166862,0.011959928834343863,0.017508739430377243,0.010309799639565773,-0.018572402977786846,1.0,0.05490515904268821,0.03876465341587422,0.015594418438564808,-0.011548375983479216,0.081416010457288
12372,-0.14505538604493395,-0.09164090068950094,0.09058602067172979,0.04260850591718008,0.0068865807517941285,-0.0018135735389441339,-0.008243383865949807,-0.005196577395368372,0.005077063507377367,-0.02667820031150329,0.10833285973276577,0.09329013570476453,0.002318538582196569,0.06383458534659094,0.05467008806540477,-0.02369334225262244,0.10326969916350816,0.029965062227158713,-0.02009553616641136,-0.035391051708692285,-0.002602055238400104,-0.044322436860304806,0.14340887061630025,0.008204130546875093,0.029230442983933354,0.08222733713632872,-0.014161924032282329,-0.10126828351982622,-0.05118496598067286,0.013222086659491263,0.009570946013214185,-0.07570578738904578,0.09190444782355235,0.06501366961493016,0.0013694711565081369,0.00289409961513122,-0.04946826569405179,0.05801519042818396,0.15149119037207556,0.07871043157454166,0.10895875524324442,-0.11628098242559132,-0.1169140901289222,0.14808413207871468,-0.023518659229261774,-0.05774151346944233,-0.1315772781610209,0.0009278581403286323,0.04439243272306208,0.17819860284738387,-0.016792660987347562,-0.04609132048119967,0.014877050283175873,0.11659157983217723,-0.09987931754981422,0.1921871827352569,0.15201267392407483,-0.06313509405707547,-0.02573819762685734,-0.0007594257044301517,-0.017740965581652515,-0.0744259359760698,-0.06130319276611136,0.07801577077600921,-0.14087155063949014,0.050524497938143176,-0.09327513775092236,0.11248542210519553,-0.08505485868021209,-0.02925632865956465,0.024804400999148615,-0.03161698304111655,0.1219857129334193,-0.0763274816739452,0.03615334195445354,0.053413572678703405,-0.05107090397567069,-0.10086730450237347,-0.1011599472366767,0.03905173479143476,0.02482922013309805,0.09139657652017309,-0.05122091876435999,0.0076609197744661305,-0.017430591752529267,0.0005827014190627355,-0.07369611458122179,-0.07680738665174466,-0.010066431721215088,-0.056564367706031536,-0.03667888915821627,0.01619864983507845,-0.040861929301723006,-0.07284563845094076,-0.030853667983992087,0.10439829224322804,0.02135618914792577,-0.021684731888135057,2.943262645586505e-05,-0.01709044572266809,0.0027581810107889524,0.003903486034168255,-0.003263606631584436,7.989672324732884e-05,0.002022321678838194,0.07907490799998686,-0.01346011926239661,-0.008981291258414629,0.10790623552534884,-0.012847407575506266,-0.010265740880478814,0.02506907314591341,0.0013548309875614905,0.0611826886710617,-0.010391631324363453,0.0024520651406410876,0.002299460121890205,0.009524633208062802,0.003769436073652199,0.010205912141192557,0.05490515904268821,1.0,-0.004814531228178171,0.07804354326402453,0.0064274747981143375,0.00775062072929333
12562,-0.006767754921216567,0.08638743329307302,-0.03580237349527189,0.03255873628861634,-0.048479262923772734,-0.032202025538756555,0.06034007184966732,0.07370898128728773,-0.034529838881951956,0.04323268396945086,-0.043664123951789674,-0.045101242500770175,0.04649084061596756,0.049607646376017576,-0.08897858486476137,0.0640811587438086,0.17508403892288146,-0.08374519499126,-0.0034244155426471795,-0.019628227595840098,0.06611053540141425,-0.02759347344820711,0.05379770527967525,-0.03689082972960149,0.0074470221156928175,0.0174919459703817,-0.07400171432600891,-0.03564536933731578,-0.08805904419518694,0.008717608941175832,-0.030218350647169247,0.10574941353190963,-0.04364933040616603,0.043467027821564586,0.004089526531512847,0.014438793430751938,-0.024878983333672607,0.07308588032867633,-0.06483535745558486,0.03252829529492512,-0.07679373224742223,-0.008711397778066973,0.05371554517557523,-0.09787634086566627,-0.015809025765925886,-0.010833515936326693,0.033606735664363084,-0.009586220027591753,0.051484780184133785,-0.016306166301870754,-0.11599069327695578,0.07285008975238068,-0.07901032904175134,0.057286980324869265,0.04543345234895045,-0.036400323100876354,-0.07200557658344006,0.0006109078944741286,-0.058439058067785814,-0.01710024734003227,0.01675529505290727,0.03284849415479415,0.020413925579859986,-0.08060184089738832,-0.030663404523481427,0.04946300100176244,-0.0007450743325743088,-0.03661612942960554,0.09316142523411625,0.003053660382158206,-0.07765738956232145,0.07671224300711556,-0.07308990624189451,0.008662369426706852,0.036363618248246236,-0.06404908552675631,0.04664046986124306,-0.06726285198547789,0.08673321175430469,-0.06068060129660908,-0.0854815594604326,-0.0339104039297458,-0.05584715859858685,-0.051161731685945226,-0.05579964257138978,-0.03775162389288109,0.05270424609623859,0.0045114543677349335,0.06136880183759026,0.006501790948056112,0.006358934446074761,0.007362484299522003,-0.01335176334675166,-0.047542213084684,0.0005085173134243853,0.020881129162528538,-0.02664057512263018,0.09248998338410544,0.014204334295125479,0.06240583839546905,-0.02219064586549202,-0.0492119692112482,-0.01108576966216065,-0.010127078039007474,0.022144183733390513,-0.07195895742180444,0.049826697113506395,-0.01429487952026951,-0.04431935352350774,0.021605304176255283,-0.011642041935710237,-0.02263527502740351,-0.06415343396249724,-0.09171508755826224,-0.006512512973313538,0.04468307538932914,0.022965259925566587,0.03532844842244636,-0.03444904985003499,-0.08481427790043321,0.03876465341587422,-0.004814531228178171,1.0,-0.13756375911378244,0.011476534429509098,-0.028679652677487302
12568,-0.34093053331555295,0.0053795267578473395,0.27327719328073935,0.16861580666977555,0.02953063442868666,0.12898569614412386,0.19615724557552822,-0.06891538020435709,0.19127306528665974,0.055580969002127466,0.5119455181591386,0.5572993512740351,0.0008706684620105021,0.1873128275967856,0.2836810133189978,-0.009370976699547557,-0.26737920024066114,0.28829726767742486,-0.16934541179783552,-0.07918461380814479,-0.1965868646027791,-0.05515148346718497,0.45633032967877085,0.05231266789894647,-0.18102061138729988,0.4106966295819311,0.047416616834329406,-0.40555964216310836,0.2503814301617158,0.3244011377678572,-0.22190647118153672,-0.30503006918710174,0.4819852785162755,0.030230671075701182,-0.2908280202778361,0.13114217837940986,-0.3348501677679135,0.2153627396116245,0.6967573826903887,-0.0474694678177113,0.29570598214195914,-0.3768026484925436,-0.366338919123485,0.5091180243560839,-0.18675353181533036,-0.16521496950238024,-0.5250706305966452,0.061164215787553156,-0.18885752809788606,0.4396068340075059,0.0009799316341942796,-0.12880422796149893,0.23106219192586558,-0.25543406329277957,-0.304511657974934,0.5821343285086502,0.4923049490002758,0.23291493098923874,-0.09624900414412607,-0.30818229135574554,0.12612010098685794,-0.33627804613566575,-0.04375853113290711,0.5639454259339989,-0.2267884899572639,-0.10091979900991738,-0.10635171692019009,0.23110139915652517,0.029737665049172808,-0.20423464116582918,0.2228441731075827,0.13627716337094592,0.540840828128646,0.24806042184918697,0.08417841059879322,0.3052318322257051,-0.21688309756508223,-0.15837461221182467,-0.11960734152110772,0.04587218401495438,0.02126122386644692,0.6048439518358942,0.0063344764797318475,0.11269579391410303,0.0786867791903276,0.12861801520487742,-0.4259301525883797,-0.20158238831305017,-0.346397448096586,-0.2514691402426241,0.036330268659843866,-0.06269535418810387,-0.23038917848713245,-0.067526734718817,0.30910525635941294,0.49394868836538575,0.08014312039578646,-0.153723292465157,-0.13590582540060916,-0.3076024896701547,0.04651402390946829,0.13300429073552705,0.019038984544229687,-0.0719426946734246,-0.08003213127583561,0.3990248205738293,0.00207831675388746,0.055573828172524695,0.4304521098157948,-0.08056223228334623,-0.129922654506049,0.03322665502769994,-0.05184857735067491,0.44753050134582056,-0.05003475762388721,-0.08224987163809307,0.0659753809726482,0.012516451039697165,0.009572021208269124,-0.09439532173454065,0.015594418438564808,0.07804354326402453,-0.13756375911378244,1.0,0.08373544911859163,0.33176042973896774
12619,-0.012545361045327177,-0.11371564317524759,0.014538222918637994,0.08460934665247975,0.008636476289239796,-0.020739197355473193,-0.049445667482591764,0.002866533593992767,-0.016039968589016695,0.018786924557072208,0.07219608508335251,0.04219040918337287,0.10831956024046775,-0.006168154598752441,0.010656126718641043,0.03032819829203914,-0.07861002294200813,0.020103743878387426,-0.0022758703814563627,0.019783350844743124,-0.1544782699772751,0.06127128287978725,-0.035019548025729284,-0.019319173382265492,-0.05339545892856292,0.06936900603358229,0.02942460115818658,-0.026743860380108328,-0.035892100044367006,0.04056241349351983,0.00844492267308579,-0.12995886339619006,0.04024088979525,-0.229731355385785,-0.024889994088848504,0.006219067606926001,0.026829896204021892,-0.0007341908105887451,0.03379158698894915,-0.0379059351963617,0.010567621232691587,0.007669685524488261,-0.006668125653464851,-0.006515325891925022,-0.01841666478389104,0.07441144064486771,0.02081216239715169,-0.0019460499448930772,-0.06256448092597479,0.02752607391523014,0.03735380097866725,-0.0322834873230554,0.008254841143481288,-0.10354976202026368,-0.010021193132842108,-0.014478311928408004,0.06848078008795876,0.016542573222497067,-0.004470309075845092,0.014058912725845918,-0.013503341478021446,-0.15695430469957042,-0.01412884562793416,0.008177380681608906,0.14630412894480782,-0.044643627055306216,-0.07526378783288241,-0.011104956863429664,-0.05787889291474308,0.0020724585726916564,0.006810286219953873,0.04392762431472075,0.019738091890881222,0.04888158754089035,0.0021412895325751244,0.006377026190863307,-0.01295451980105742,0.0023525097857697505,-0.05679591085604359,0.004332951779870783,0.026170968348822796,0.08975666920603521,0.02105155204838193,-0.01007408677809706,-0.010114473696331082,0.00972440143083782,0.037847930737907834,0.035040136305117986,-0.006415904671180098,-0.013563225380310502,-0.06362072323174016,0.013589586303625384,0.002555060704570172,-0.04399047695426417,-0.034046994085440624,0.014234256304395032,0.005047889096759655,-0.0643336546395769,0.0016296349541393238,-0.021971023302771304,0.006593354083902778,0.005943331463691795,0.005785164716987981,-0.03252779408284055,-0.004042548421848889,-0.011597158686992001,-0.009397602808845464,-0.01673227257976194,0.0015110057832010235,0.00012887659358385282,-0.008745318688065681,0.013840651425366366,-0.0038526236669342516,0.04273031412864768,-0.002201200261259184,-0.005161081657682184,-0.009131359747185873,-0.00662035977460952,0.00903842381084538,0.018574178742981295,-0.011548375983479216,0.0064274747981143375,0.011476534429509098,0.08373544911859163,1.0,-0.012340463400426592
12637,-0.38301263253883827,0.13042992395356345,0.2632123549114111,0.09226626300136363,-0.031611116546203,0.03027891211848908,0.2632429111131064,0.08532592586739361,-0.04989725913846742,-0.06950737006733852,0.33153877026444056,0.504715085170295,0.009461120819005422,0.17100488519139087,0.1389583281680659,0.0068523825890450234,-0.1070527134728633,0.18118447352900413,-0.11724118143191126,-0.04300643806245377,0.025807654729307947,-0.0368872426862898,0.46213397581454524,-0.008213210790410895,0.0045272912694744325,0.32427175187945423,0.11311996011557117,-0.3199374621616962,0.03515259912872323,0.35649226320653854,-0.18959637029625684,-0.0037911106188790386,0.4853229991480228,0.2265530227231029,-0.1141661806557233,-0.01659267669719454,-0.2453131749185095,0.3681634985881946,0.21748568675564336,0.060783479281242635,0.18782387803799314,-0.257818357205552,-0.2387901008948318,0.4130108385996981,-0.07068145391861971,-0.14658906151853024,-0.46720911103324025,-0.005209938317355086,0.01635714360689867,0.41077294301283745,-0.09250408584918883,-0.0747937722341116,0.19037615124217475,0.02098485776205713,-0.2724598094965794,0.3953415125696756,0.2967322614032448,0.1564949767239193,-0.13142787277983425,-0.06679743223805554,0.03740810316284157,-0.11676738110449861,0.17822543796168522,0.30489335655792643,-0.36258843197164947,-0.010116108486464069,0.15328415998447512,0.23239035486229168,0.1711028809748729,-0.21343485721748348,0.15058818919919242,0.21937688062530855,0.39271238036049133,0.17665634995779192,0.09098550592786815,0.28445748200443544,-0.05368902731002402,-0.09833299287426593,-0.08919189184739329,0.0259862661074476,-0.03983230422076752,0.42798797221165225,0.06215000023346977,0.08269005692297746,0.0014232080916505461,0.010795538356766976,-0.36758855552485153,-0.19552232580988735,-0.07996909795071006,-0.264443775462188,-0.09011212857870142,0.02022928206370185,-0.06565665887786654,-0.09517632927514823,0.08449794449038801,0.46462131980670024,0.013318039811804041,-0.06595783395310392,-0.021768236396827935,-0.13778236082291564,0.05143018651479872,0.0658134003534885,0.009832918374657397,-0.07614928819595812,-0.06981220804132471,0.2877323090011638,-0.0359445045981681,0.002841822057233746,0.3809876332778959,-0.0733326536845123,-0.08857607677348561,0.04659205906666723,0.03285865845672679,0.2940294004876633,-0.019760209787148913,-0.03655473174675144,-0.018505417419693627,0.02135077978507952,0.0554742457894008,-0.054636846551163534,0.081416010457288,0.00775062072929333,-0.028679652677487302,0.33176042973896774,-0.012340463400426592,1.0
