id,size,pre_pt_supervoxel_id,pre_pt_root_id,post_pt_supervoxel_id,post_pt_root_id,pre_pt_position,post_pt_position,ctr_pt_position,pre_unit_id,post_unit_id
184644975,6640,91276027439303979,864691135760319822,91276096158784859,864691135701629474,[192580 118978  22419],[192598 118998  22407],[192580 118962  22412],9427,2205
145658151,19488,87756421932304781,864691136177778950,87756421932302944,864691135943593332,[167274 110092  21979],[167372 110148  21979],[167302 110108  21978],2648,2200
156723246,3624,89162559663456627,864691136380816597,89162559663456632,864691134950156796,[177598 100836  20006],[177682 100880  20007],[177664 100822  20006],9000,2158
136710090,16908,87684266213213207,864691136453442303,87684266213214948,864691134950156796,[166858  96686  19912],[166774  96614  19914],[166816  96622  19915],8914,2158
185088523,4996,91204627969734421,864691135760319822,91204627969732192,864691135701629474,[192488 111170  22610],[192462 111142  22606],[192567 111140  22606],9427,2205
151260887,8396,88461277470579281,864691135540272498,88461277470576640,864691136058646488,[172368 118506  20623],[172366 118486  20620],[172416 118496  20620],2201,2199
143241219,1996,88039820852695868,864691136211325884,88039820852687171,864691135738969220,[169250 124394  20131],[169272 124422  20123],[169283 124426  20127],2202,2197
173353498,23176,90289628137289785,864691135741930603,90289628137299976,864691135540272498,[185518 109502  22879],[185482 109422  22887],[185472 109496  22883],5908,2201
204840906,380,93173028594639373,864691135738969220,93173028594640280,864691135587666812,[206674  96720  22481],[206616  96602  22480],[206638  96646  22481],2197,2207
185587600,2248,91555990184432578,864691135802341986,91555990184437432,864691135757002450,[194648 107380  18952],[194594 107352  18960],[194596 107352  18953],9390,2196
184568419,10968,91345777707850766,864691136126503206,91345777707856197,864691135701629474,[193194 114008  22100],[193292 114010  22110],[193238 113940  22105],2162,2205
163754126,940,90009115300487829,864691135703164283,90009115300480555,864691136211325884,[183480 116598  23517],[183620 116694  23512],[183558 116674  23516],9330,2202
177943947,10928,90641334150539894,864691136314404669,90641334150531872,864691136211325884,[188064 108648  20591],[188032 108604  20582],[188076 108591  20593],2484,2202
178957805,3196,90923771401152432,864691136453442303,90923771401148429,864691136211325884,[190120 115778  22048],[189992 115772  22046],[190073 115718  22045],8914,2202
186893858,3768,91696590368584320,864691135929072340,91696590368581004,864691136058646488,[195754 106676  20449],[195874 106574  20443],[195832 106640  20446],12568,2199
171087849,2292,90079552294248992,864691135295330828,90009183550079365,864691134950156796,[183846 116938  19787],[183788 116958  19799],[183810 116980  19794],9553,2158
159865263,1936,89094596235751103,864691135573191405,89094596235773560,864691135701629474,[176824 118886  21494],[176840 118880  21501],[176872 118865  21500],2277,2205
164460541,2156,89727846347970756,864691136380816597,89727777628442279,864691134950156796,[181358 117964  22413],[181390 117928  22411],[181382 117934  22414],9000,2158
157768985,6236,89094252839302539,864691135215023416,89094252839304625,864691136126503206,[176906 116324  22694],[177044 116364  22692],[176974 116356  22691],8908,2162
138112280,2924,87333315845506577,864691135929072340,87333247126035008,864691135540272498,[163986 103176  19885],[164046 103078  19887],[164060 103106  19887],12568,2201
167374534,1400,89729289389539442,864691135741930603,89729289389541235,864691135943593332,[181542 129102  21647],[181604 129144  21650],[181612 129144  21649],5908,2200
170802777,9952,90573301868566487,864691135970210661,90573301868551115,864691134950156796,[187506 126110  20602],[187548 125996  20591],[187554 126001  20593],11930,2158
130544282,48380,87051703564218031,864691135455400554,87051703564171821,864691135738969220,[162136 102392  20993],[162122 102462  20988],[162110 102442  20992],5508,2197
186827337,15428,91415252897416542,864691135929072340,91415184177960383,864691136126503206,[193790 107278  20494],[193758 107170  20498],[193780 107216  20494],12568,2162
180514183,6540,90642227637934103,864691137198691137,90712596382077635,864691136211325884,[188384 115166  21593],[188488 115204  21591],[188446 115150  21590],2278,2202
166798415,3100,89517976730046575,864691135839950227,89517976730045250,864691135738969220,[179996 127304  19516],[180076 127252  19513],[180046 127302  19513],2757,2197
172657830,432,90293270000707349,864691135929072340,90293269934224653,864691135738969220,[185606 136520  20490],[185600 136592  20477],[185616 136580  20482],12568,2197
179297063,4576,90709710097024176,864691136138779517,90709710097036465,864691136058646488,[188800  93578  21133],[188846  93570  21146],[188802  93644  21140],2238,2199
170794869,22660,90503276453631503,864691135929072340,90503276453621336,864691136058646488,[187380 128396  18812],[187268 128364  18806],[187318 128402  18807],12568,2199
185018643,1640,91627733586768156,864691136976001308,91698102330957322,864691136058646488,[195520 117958  21171],[195634 117912  21179],[195577 117939  21176],2842,2199
191995049,8760,92119971131512690,864691135947258916,92119971131505902,864691134950156796,[198784 115136  20619],[198728 115202  20609],[198756 115198  20612],2280,2158
144926050,31116,88176985330739928,864691135587758716,88176985330737626,864691135701629474,[170364  97672  23063],[170226  97654  23060],[170286  97630  23061],5432,2205
186169527,21092,91557090166272167,864691135584504429,91557090166266549,864691136211325884,[195012 115584  22899],[195024 115586  22896],[195070 115635  22896],5479,2202
152874605,2624,88885001630313895,864691135587758716,88885070349847061,864691136058646488,[175286 130230  19958],[175334 130332  19966],[175290 130310  19964],5432,2199
150486604,4028,88599129009650878,864691137198691137,88599129009664126,864691135701629474,[173244  97250  22968],[173222  97142  22974],[173266  97172  22972],2278,2205
180238155,2628,90853196163019107,864691136091532855,90923564907196586,864691135943593332,[189952 114100  19513],[190050 114222  19505],[190023 114153  19508],5438,2200
192571399,4396,91906872034306973,864691134950156796,91906872034308639,864691135738969220,[197396 100062  20779],[197302 100134  20784],[197332 100090  20783],2158,2197
200988378,1484,92540603518507373,864691136138779517,92540603518509814,864691135701629474,[201796 103510  24360],[201894 103550  24360],[201872 103552  24362],2238,2205
171210412,30388,90428853595602843,864691136138779517,90428853595600704,864691137198691137,[186600  98170  21135],[186658  98154  21136],[186616  98209  21136],2238,2278
145651693,9492,88317791270187597,864691135294442678,88317791270184665,864691135067961412,[171196  98142  21060],[171254  98194  21058],[171226  98172  21060],5477,2239
173132086,2988,90080033397824789,864691136665051614,90080033397826417,864691136314404669,[184052 120758  20418],[184050 120824  20420],[184072 120826  20418],5435,2484
163651208,4952,89585734671397693,864691136126503206,89585734671405273,864691136177731846,[180662 107882  23966],[180628 107984  23964],[180670 107940  23965],2162,2448
166647699,4312,90009733573986642,864691135741930603,90009733573985517,864691137198691137,[183366 121046  21547],[183378 121118  21543],[183367 121068  21546],5908,2278
174390113,3200,90292514153741903,864691135738969220,90292514153738379,864691135572576237,[185854 131118  21110],[185860 131184  21115],[185858 131156  21114],2197,2240
156826172,1212,89233890815882346,864691135448303762,89233890815872768,864691137198691137,[178056 108002  22584],[177964 108098  22575],[178004 108036  22579],2778,2278
124657512,408,86632377451217592,864691135448303762,86632377451215674,864691137198691137,[158814 124096  21870],[158836 124030  21867],[158784 124068  21865],2778,2278
137575611,7972,87263222180401871,864691135656664770,87263222180405612,864691137198691137,[163794 105314  21252],[163728 105398  21250],[163746 105362  21252],9651,2278
137655635,1696,87684266615904933,864691135518283475,87684266615898510,864691135067961412,[166592  96736  23015],[166694  96698  23012],[166622  96714  23015],5735,2239
124113646,400,86420034469119892,864691135493686111,86420103188614542,864691135947258916,[157476 114882  23155],[157458 114912  23161],[157462 114950  23159],5743,2280
170547456,6620,90358072802877340,864691135572576237,90358072802895382,864691137198691137,[186010  95340  23072],[185940  95346  23088],[185964  95350  23080],2240,2278
144862190,5204,88248041202896426,864691135970210661,88248041202896392,864691135947258916,[170936 102868  22830],[170948 102840  22830],[170960 102822  22831],11930,2280
165045882,2136,89585322019039695,864691135970210661,89585322019033929,864691137198691137,[180444 104884  21492],[180464 104858  21488],[180440 104926  21488],11930,2278
135790381,17092,87265696081590947,864691135763433270,87195327337409717,864691137198691137,[163378 124018  21278],[163308 123926  21275],[163350 123992  21275],5475,2278
192186841,19460,92050702100195974,864691135587666812,91980333355993166,864691136177731846,[198178 123202  22081],[198154 123088  22073],[198155 123097  22079],2207,2448
149887690,31452,88811746936146647,864691136138779517,88811746936147590,864691137198691137,[174734 108518  21646],[174800 108408  21651],[174782 108482  21643],2238,2278
159744403,46060,89094939832808153,864691135336847849,89094939832811389,864691136138779517,[176976 121128  21232],[176928 121200  21230],[176984 121277  21223],2237,2238
166798066,2372,89517908010558238,864691135839950227,89517908010564536,864691136138779517,[179814 127084  19509],[179816 127050  19516],[179804 127066  19514],2757,2238
145413952,392,88109571323102713,864691136314491965,88109571323108227,864691136138779517,[169660 119932  21818],[169740 119934  21821],[169736 119944  21818],5509,2238
166801762,24836,90010832817180016,864691135375767369,89940464073000955,864691136138779517,[183420 129592  19506],[183310 129674  19506],[183370 129638  19511],11934,2238
117962257,5172,85646459118366151,864691135493686111,85646459118357690,864691137198691137,[151788 118090  21782],[151912 118066  21775],[151840 118070  21778],5743,2278
137043218,24956,87405540082480035,864691135593133067,87335171338259758,864691135573191405,[164420 116958  20170],[164322 116964  20163],[164348 116960  20170],8907,2277
193781254,236,91977584509813570,864691135587666812,91977653229293718,864691136177731846,[198158 103026  21558],[198110 103148  21562],[198094 103096  21560],2207,2448
179655770,3272,90991666244491404,864691136331247338,90991666244487467,864691135572576237,[190968  97476  22361],[191004  97408  22356],[190992  97434  22358],5441,2240
142641394,44016,88037827920943402,864691135375767369,88037827920943234,864691136314404669,[169102 109734  19797],[169004 109608  19801],[169011 109622  19796],11934,2484
152669071,34440,88532195836611394,864691135619756943,88532195836603338,864691136138779517,[172734 122860  19853],[172794 122742  19845],[172720 122788  19846],5940,2238
135693563,4356,87545453138425050,864691136058745048,87545453138419226,864691135947258916,[165528 111132  21687],[165608 111156  21685],[165570 111160  21686],8912,2280
197887730,1832,92609047983186210,864691136011686318,92609047983193456,864691136177731846,[202458  88940  23405],[202460  88878  23410],[202498  88948  23411],5476,2448
135363684,2888,87545658894354674,864691135619756943,87545658894365608,864691135336847849,[165500 112358  18769],[165520 112394  18773],[165540 112369  18773],5940,2237
135363666,2124,87545658894415824,864691135619756943,87545658894408104,864691135336847849,[165462 112452  18825],[165522 112490  18819],[165502 112472  18820],5940,2237
143166489,15192,87898808419583578,864691136298125851,87898808419570059,864691136314404669,[168328 122544  19875],[168330 122504  19865],[168298 122542  19869],5474,2484
132020271,3348,87054177263829859,864691135929072340,87054177263833156,864691136314404669,[162250 120756  19272],[162152 120748  19276],[162198 120756  19273],12568,2484
150632337,648,88457841698436280,864691135839950227,88457841698436396,864691137198691137,[172304  93004  22513],[172384  93096  22509],[172362  93060  22511],2757,2278
145962022,2988,88037553445716733,864691137198691137,88037553445721605,864691135067961412,[169008 107272  22874],[169132 107310  22877],[169076 107244  22876],2278,2239
145523893,1224,87825828805107348,864691135757002450,87825828805094708,864691137198691137,[167954 102758  23507],[167874 102794  23496],[167890 102783  23499],2196,2278
151625885,26276,88740072589301552,864691136976001308,88740072589300609,864691135498973715,[174608  98824  22429],[174604  98714  22427],[174572  98756  22431],2842,2241
172909386,2196,90218090893397102,864691134950156796,90288459637595226,864691135336847849,[185374 100794  20677],[185502 100766  20679],[185428 100790  20672],2158,2237
144718206,2452,88250446183123911,864691136380816597,88180077438928151,864691135573191405,[170534 120996  21172],[170528 121016  21162],[170566 121004  21167],9000,2277
159382022,1864,89023265552883715,864691136042462038,89023265552870276,864691137198691137,[176542 111392  22352],[176626 111480  22339],[176562 111412  22346],5446,2278
160277135,16068,89305702266628241,864691135929072340,89305702266626015,864691136314404669,[178326 118944  19727],[178354 118860  19725],[178348 118927  19728],12568,2484
117829895,11028,85927521912587767,864691135743102827,85857153168401464,864691135573191405,[153718 115082  22933],[153622 115030  22929],[153655 115025  22931],5440,2277
177677099,19464,90784476820723225,864691135970210661,90784476820728342,864691136138779517,[189200 126278  20739],[189264 126308  20738],[189297 126333  20747],11930,2238
158715748,1956,89444035177045250,864691136042462038,89444103896508514,864691135947258916,[179246 101044  24106],[179294 101138  24101],[179266 101120  24101],5446,2280
123420470,1936,86421271017142478,864691135742247787,86421271017151821,864691136314404669,[157648 123638  20139],[157666 123734  20139],[157698 123656  20138],8906,2484
193521314,9488,91835266339353587,864691135464671550,91905635083538290,864691136138779517,[197126  90932  20738],[197158  90982  20734],[197174  90976  20735],2678,2238
130746848,2636,86701852774884139,864691136111556792,86701921494346506,864691135947258916,[159694 117444  21192],[159638 117466  21186],[159670 117478  21189],8960,2280
142940306,3212,88180558676479775,864691136138779517,88180558676485375,864691135067961412,[170044 124208  22600],[170126 124290  22605],[170096 124244  22608],2238,2239
165887685,7588,89587108657986805,864691135738969220,89587108657996066,864691136138779517,[180348 118220  20642],[180332 118202  20649],[180348 118204  20648],2197,2238
146365117,4992,87898671047681666,864691135587758716,87898671047674557,864691136138779517,[168382 121216  20301],[168250 121146  20297],[168310 121182  20300],5432,2238
151817022,95640,88669840948510118,864691136380816597,88669840948511164,864691136138779517,[173704  99924  19811],[173682  99908  19815],[173668  99884  19798],9000,2238
137118863,2288,87477626947764755,864691136058745048,87477626947759138,864691136314404669,[165292 129960  21197],[165258 130046  21191],[165254 130032  21192],8912,2484
199188769,2356,92399521896006515,864691136058745048,92399521896012425,864691135336847849,[201176 101014  20393],[201034 100998  20395],[201100 101006  20395],8912,2237
191183769,20200,91980195715622680,864691136229363025,91980195649126026,864691135309722950,[198136 122192  20483],[198144 122124  20476],[198248 122083  20480],8910,2541
160063804,1720,89165514869683743,864691136976001308,89165514869692033,864691135398817569,[177204 122776  22321],[177276 122796  22332],[177218 122834  22327],2842,2976
193750584,22824,91907146979382235,864691135760319822,91907146979394615,864691135309722950,[197450 102564  21364],[197442 102562  21373],[197496 102530  21368],9427,2541
173590298,1464,90150539849205564,864691135885406064,90150539849211926,864691135309722950,[184442 121830  22336],[184422 121788  22333],[184430 121796  22335],11882,2541
157295136,18436,89094733808510455,864691135656664770,89094733808497575,864691136177778950,[177052 119634  22195],[177024 119612  22185],[177046 119638  22193],9651,2648
179065514,12388,91063271670686936,864691135465932357,91063340390200457,864691134919972106,[191400 106692  20191],[191498 106772  20201],[191456 106756  20195],6191,2860
131402505,9860,87053765081432399,864691135493624415,87053696361950155,864691135448303762,[161934 117476  20478],[161826 117416  20477],[161862 117474  20473],9401,2778
145615660,6236,88179871012341371,864691135970210661,88250239756517281,864691135448303762,[170520 119272  19375],[170540 119192  19371],[170548 119216  19367],11930,2778
136965802,37304,87474053467704388,864691135465932357,87474053467710172,864691135448303762,[165264 103328  20533],[165222 103324  20538],[165200 103402  20539],6191,2778
178209783,6140,90994826937859853,864691135839950227,90994826937840382,864691134919972106,[190696 120896  19336],[190552 120936  19328],[190632 120930  19334],2757,2860
173590551,1104,90149990093339247,864691135885406064,90149990093329914,864691136976001308,[184602 117854  22267],[184666 117774  22262],[184650 117796  22260],11882,2842
158902092,7388,89374009761759138,864691135970210661,89444378505935038,864691135739689073,[179212 103222  22025],[179246 103268  22021],[179184 103268  22025],11930,2859
166338720,6568,89584840982242482,864691135573191405,89584772262771602,864691135448303762,[180552 101082  21049],[180502 100996  21059],[180528 101022  21057],2277,2778
157455543,6500,89303159713300268,864691135572576237,89303159713302607,864691136177778950,[178522  99796  20427],[178542  99664  20431],[178516  99730  20425],2240,2648
142984140,364,88179664920836917,864691136314404669,88179664920834348,864691135839950227,[170118 117912  19730],[170186 117894  19726],[170148 117962  19727],2484,2757
151631917,16816,88815457922104339,864691135732210873,88815389202623688,864691136177726726,[174760 135910  22651],[174656 135876  22652],[174694 135904  22650],5436,2738
145034853,21044,87826584719422061,864691135276132325,87826653438836674,864691136177778950,[167622 108736  23547],[167554 108808  23542],[167560 108736  23539],5506,2648
157425066,5532,89304534304036104,864691135947258916,89304534304041418,864691136976001308,[178374 109898  21819],[178424 110012  21827],[178416 109946  21828],2280,2842
165409929,27528,89589032870351658,864691136229363025,89589032870359883,864691136976001308,[180722 132572  21099],[180698 132602  21105],[180789 132684  21099],8910,2842
194152287,18988,91768402556804065,864691136177778950,91768402556806840,864691136976001308,[196168 117018  22553],[196244 117052  22556],[196188 116982  22560],2648,2842
150718297,2820,88460521489657405,864691135518173395,88460521556176422,864691135839950227,[172230 113010  20477],[172268 112898  20486],[172252 112932  20485],8955,2757
172107607,2488,90501215272145602,864691135067961412,90501215272146695,864691136976001308,[187370 113348  21979],[187298 113286  21980],[187305 113329  21981],2239,2842
200385744,15808,92680584891002004,864691135970210661,92680584891011510,864691135309722950,[203208  97686  22560],[203148  97710  22569],[203212  97718  22564],11930,2541
165433847,11684,89444309518324663,864691135465932357,89514678262510063,864691136976001308,[179736 102984  20252],[179826 102916  20252],[179748 102942  20245],6191,2842
143019948,5556,88040302023613096,864691135656664770,88040302023604786,864691136177778950,[169174 128024  21478],[169196 128130  21471],[169220 128078  21477],9651,2648
137044468,4316,87546071412393629,864691135593133067,87475702668225716,864691135448303762,[165504 115446  20175],[165408 115588  20169],[165434 115522  20174],8907,2778
152588023,15096,88741103112697862,864691135757002450,88811471856883706,864691134919972106,[174584 106372  20071],[174642 106376  20070],[174618 106350  20069],2196,2860
160043476,1448,89095352216551736,864691135573191405,89095352216556087,864691135739689073,[176808 124266  21562],[176912 124238  21567],[176842 124206  21565],2277,2859
132083266,192,86702539969531145,864691135779716797,86702539969529081,864691135464671550,[159594 122394  21068],[159600 122444  21065],[159582 122434  21065],9337,2678
159728018,2128,89093977626152019,864691137198691137,89093977626156970,864691134919972106,[176970 114042  20412],[176846 114008  20416],[176916 113990  20415],2278,2860
158394780,2176,89092328627137589,864691135970210661,89162697371302760,864691136177726726,[177118 101926  22484],[177216 101834  22484],[177180 101858  22479],11930,2738
135854630,640,87616509010127024,864691136331247338,87616509010124090,864691135839950227,[166138 116218  21075],[166242 116242  21070],[166216 116224  21073],5441,2757
163700038,11168,89517221218900909,864691135738969220,89517221218904427,864691135739689073,[179978 121712  22969],[180092 121676  22973],[180024 121702  22973],2197,2859
145412828,5712,88038996420371599,864691136314491965,88038996420381565,864691135464671550,[169178 118236  21743],[169244 118218  21757],[169190 118230  21752],5509,2678
200949163,5644,92399247353506668,864691135584504429,92399247353509296,864691135398817569,[200938  98538  22790],[200998  98504  22793],[200964  98508  22791],5479,2976
143841693,268,87828027693681042,864691135573191405,87828027693676870,864691135448303762,[167748 119050  22058],[167646 119004  22057],[167670 119064  22055],2277,2778
198049974,372,92328809487257781,864691135540272498,92328809487271994,864691135739689073,[200634  98240  19806],[200614  98346  19816],[200650  98294  19812],2201,2859
171399934,4468,90568903889086208,864691136314404669,90568903889093142,864691135448303762,[187694  93048  21044],[187732  92986  21048],[187722  93004  21046],2484,2778
180302203,4192,90921572243753736,864691134950156796,90921572243753780,864691135448303762,[190250  99172  21095],[190308  99238  21098],[190298  99224  21097],2158,2778
157423313,8192,89023128046948128,864691135587758716,89023128046963284,864691136177778950,[176392 110442  21972],[176446 110490  21983],[176406 110512  21979],5432,2648
170825592,4052,90292445568586539,864691136177731846,90292445568591814,864691135409940425,[185680 130662  22253],[185764 130538  22257],[185692 130592  22250],2448,5404
167819200,780,89730732565648786,864691136091532855,89730732565656440,864691136389921911,[181730 139736  22129],[181682 139724  22133],[181718 139658  22132],5438,5439
180968479,28992,90855464174465470,864691136138779517,90855464174461285,864691136665051614,[189930 130980  21810],[189968 130908  21805],[189958 130922  21808],2238,5435
159372645,380,89092259840183076,864691135774389755,89092259840180555,864691135732210873,[176958 101322  21630],[177038 101210  21625],[176992 101288  21629],12316,5436
176510083,224,90162772050007518,864691136330101226,90162840769488359,864691135732210873,[184722 213174  23083],[184684 213292  23085],[184697 213260  23084],11888,5436
151933729,31072,88746257140959230,864691135196592938,88746325860447009,864691135015652246,[174322 145066  20911],[174212 145102  20922],[174270 145032  20920],8904,5437
188187696,10460,91207583041476829,864691135584504429,91207583041481927,864691135409940425,[192296 132840  23636],[192362 132844  23645],[192393 132855  23644],5479,5404
171947448,24068,90078590624247090,864691135739689073,90078590624235989,864691136389921911,[184092 109892  22883],[184116 109844  22872],[184074 109852  22877],2859,5439
192367479,9060,92262495594928418,864691135727799359,92262495594925295,864691136665051614,[200008 128690  22909],[200004 128684  22903],[200031 128738  22906],9004,5435
187149813,3628,91416146116907573,864691135742247787,91416146116907402,864691135587758716,[193628 114308  19920],[193684 114178  19921],[193672 114232  19918],8906,5432
186788754,12592,91557502147225606,864691135742247787,91557502147223225,864691135015652246,[194686 118802  20032],[194600 118780  20027],[194620 118754  20031],8906,5437
182176876,5276,90928031874980646,864691136042462038,90928100594496580,864691135015652246,[190030 147632  21485],[190052 147662  21488],[190070 147644  21486],5446,5437
181682651,6644,90928237831654581,864691135929072340,90928237831656144,864691136665051614,[190226 149172  19553],[190240 149182  19552],[190260 149214  19551],12568,5435
158476421,8424,89379988289721471,864691135885406064,89379988289720628,864691135409940425,[179162 147658  22006],[179112 147666  22006],[179152 147696  22010],11882,5404
171261262,2900,90501902399281990,864691135970210661,90501902399274221,864691136091532855,[187242 118062  21043],[187166 118030  21034],[187166 118082  21038],11930,5438
166341528,2400,89936409825401559,864691135183999490,89936409825392653,864691135587758716,[183278  99090  21210],[183308  99150  21205],[183278  99140  21208],5507,5432
181262329,16204,90575570014076087,864691136389921911,90575570014085322,864691135409940425,[187928 142890  23779],[187928 142766  23780],[187926 142822  23781],5439,5404
188806645,16932,91561281987164416,864691136058745048,91561281987164232,864691136331247338,[194948 147056  22329],[195034 146950  22333],[194976 147010  22331],8912,5441
143263608,12456,88042844912377134,864691135493686111,88042844912381489,864691135470787666,[169454 146922  23274],[169420 146942  23283],[169444 146922  23274],5743,5442
174600078,1104,90504720099307080,864691135493051879,90504720099310837,864691135587758716,[187254 139392  22723],[187326 139456  22729],[187290 139436  22725],5444,5432
187514284,10452,91278363632760611,864691134950156796,91278363632761792,864691135743102827,[192840 136154  20057],[192814 136262  20062],[192784 136220  20066],2158,5440
174553993,7616,90574057984132951,864691135470787666,90503689239967738,864691135732210873,[187466 131644  22134],[187350 131578  22145],[187400 131612  22138],5442,5436
167451630,2024,89731763357699548,864691135741930603,89731763357700380,864691135409940425,[181430 147310  22061],[181448 147210  22066],[181436 147258  22062],5908,5404
178621738,21612,90714107942545172,864691135478429352,90714039223057926,864691135015652246,[188862 126162  19880],[188902 126032  19884],[188830 126088  19879],9001,5437
166399990,13632,89444584530171767,864691136126503206,89444584530136233,864691136091532855,[179636 104954  20999],[179576 104864  20996],[179592 104924  20996],2162,5438
173196054,1192,90362470916613092,864691136058745048,90362470916606823,864691135409940425,[186330 127752  23685],[186348 127804  23680],[186342 127826  23684],8912,5404
152839272,2712,88674307781761617,864691135662802416,88674307781765784,864691135015652246,[173750 132824  20433],[173794 132896  20435],[173818 132856  20434],9446,5437
179797085,2468,90646006873894619,864691136298125851,90646006873903094,864691136665051614,[188410 143398  19318],[188406 143372  19324],[188408 143370  19325],5474,5435
181682254,1256,90857662929035103,864691135929072340,90857662929024960,864691136665051614,[189874 147264  19549],[189878 147298  19542],[189840 147310  19545],12568,5435
166220385,4444,89801032187777355,864691135493624415,89801032187782857,864691136665051614,[182276 138974  19161],[182238 139002  19164],[182234 139038  19161],9401,5435
166219481,5020,89730594657323476,864691136058646488,89730594657332388,864691136665051614,[181570 138750  18929],[181484 138728  18935],[181496 138742  18930],2199,5435
187902082,6344,91209575302574084,864691135763433270,91209575302581305,864691136091532855,[192150 147714  19283],[192184 147720  19288],[192172 147684  19284],5475,5438
180665499,4900,90924595900742980,864691135465932357,90924595900741921,864691135732210873,[190312 121642  21108],[190226 121758  21110],[190257 121748  21104],6191,5436
173439419,852,90152257433432143,864691135802341986,90081888689243382,864691135587758716,[184408 134732  19205],[184292 134740  19212],[184332 134732  19207],9390,5432
194784971,1980,92051801276231540,864691136011768494,92051801276227746,864691135015652246,[198416 131532  19484],[198292 131480  19481],[198346 131488  19484],9002,5437
159678794,972,89237395375270762,864691136331247338,89237395375267753,864691135587758716,[177708 134146  21811],[177708 134178  21806],[177732 134144  21808],5441,5432
173102640,1404,90009046312419716,864691135943593332,90009046312412073,864691135015652246,[183816 116026  21296],[183782 116102  21288],[183814 116072  21290],2200,5437
137377647,2088,87337439215510381,864691135763433270,87337439215515356,864691135732210873,[164244 133958  21460],[164322 133868  21456],[164284 133910  21457],5475,5436
187151230,4312,91486995897397735,864691134966710559,91486995897390513,864691135015652246,[194494 117634  19920],[194542 117724  19912],[194546 117720  19913],8911,5437
179775175,12600,91063065579517683,864691136380816597,91133434323714761,864691136331247338,[191510 105144  20840],[191600 105130  20852],[191540 105152  20848],9000,5441
160737204,5448,89168538258365191,864691135763433270,89238907002541320,864691135587758716,[177680 145348  20375],[177744 145384  20378],[177732 145396  20374],5475,5432
195555601,8824,92192607685890314,864691135409940425,92192607685898040,864691136389921911,[199480 132086  21431],[199524 132142  21439],[199466 132080  21437],5404,5439
143947585,7364,88321364817228585,864691135739689073,88250996073047477,864691135015652246,[171076 124990  22110],[170936 124960  22103],[170998 124994  22104],2859,5437
150799580,21628,88531783788213926,864691135703164283,88531783788220907,864691135409940425,[172666 119920  21893],[172602 119836  21894],[172654 119900  21892],9330,5404
160239355,568,88954889472091882,864691135258642863,88954889472099700,864691136091532855,[175750 126502  20715],[175744 126396  20723],[175678 126454  20720],12290,5438
164684668,3300,89444584530490762,864691136022520056,89444584530498216,864691135015652246,[179740 104906  21288],[179706 104858  21298],[179668 104961  21290],11933,5437
159835800,12192,89023815107109491,864691137198691137,88953446362928117,864691135470787666,[176190 115738  20576],[176144 115704  20578],[176154 115746  20580],2278,5442
158178338,3532,89448226797147014,864691135294442678,89448226797148994,864691135732210873,[179272 131834  22483],[179318 131944  22483],[179294 131912  22485],5477,5436
171161250,7348,90570621742243876,864691136380816597,90570621742246463,864691135015652246,[187456 105966  20431],[187450 105952  20431],[187424 105934  20428],9000,5437
174229728,5532,90292307995195722,864691135183999490,90292307995200694,864691136331247338,[185414 129464  21009],[185410 129606  21010],[185408 129544  21010],5507,5441
172565561,6784,90503139417093650,864691134950156796,90503139417082435,864691135743102827,[187044 127492  21680],[186938 127514  21668],[187007 127477  21676],2158,5440
187514025,20176,91207994888695157,864691134950156796,91207994888698266,864691135743102827,[192454 135946  20169],[192532 135946  20173],[192528 135958  20165],2158,5440
164187283,41892,89655759549520593,864691135464671550,89655759549508924,864691135732210873,[180846 105518  21733],[180818 105546  21726],[180954 105543  21729],2678,5436
170825815,5124,90363089190871016,864691135490505018,90363089190878347,864691135470787666,[185912 132752  22423],[185980 132748  22426],[185904 132752  22426],8909,5442
160191233,5492,89377376748058692,864691135587758716,89377376748049784,864691136091532855,[178836 128610  20292],[178898 128572  20287],[178866 128584  20289],5432,5438
165624941,13952,89726403104487876,864691136138779517,89726403104473059,864691135015652246,[181652 107460  21196],[181676 107476  21196],[181622 107440  21193],2238,5437
181381755,29856,90646281886050273,864691135015652246,90646350605552391,864691136389921911,[188220 145576  20343],[188264 145612  20351],[188311 145590  20344],5437,5439
167228216,288,90010351915350509,864691135305643175,90010351915364799,864691135470787666,[183422 125774  20785],[183478 125732  20799],[183436 125768  20794],8964,5442
171199188,4348,90430434009317669,864691135929072340,90430434009317668,864691135587758716,[186550 110178  20070],[186610 110180  20070],[186604 110168  20074],12568,5432
170872130,8400,90082507365767196,864691135970210661,90082507365759561,864691135470787666,[184266 139222  20648],[184216 139160  20645],[184228 139194  20652],11930,5442
208966528,1392,92963709135254571,864691136968773070,92963709135261658,864691135409940425,[204928 110076  22647],[204930 110178  22656],[204912 110132  22654],8868,5404
137321870,9900,87545727814977713,864691135593133067,87545727814970285,864691135276132325,[165744 113138  20169],[165784 113142  20155],[165802 113150  20163],8907,5506
130765265,6856,86986901030180168,864691135490483514,86986969749664262,864691136298125851,[161484 144026  20169],[161572 144132  20178],[161536 144092  20170],8963,5474
152498485,6336,88462171025073761,864691135739689073,88462102305586923,864691136011686318,[172088 125128  22119],[172104 125076  22116],[172096 125128  22120],2859,5476
167287273,5344,89519625863422354,864691135885406064,89519557143945511,864691135763433270,[180218 139466  18631],[180162 139424  18624],[180172 139432  18626],11882,5475
159017906,13428,89166064692725579,864691135210134905,89166064692727681,864691135493051879,[177524 126954  22949],[177484 126948  22953],[177556 126996  22952],6216,5444
150505437,2372,88324044608860099,864691135763433270,88394413353033035,864691136011686318,[171492 144850  20473],[171578 144900  20476],[171528 144870  20478],5475,5476
143657891,3392,87897915133533652,864691135448303762,87897846414046614,864691135276132325,[168270 115410  20397],[168250 115320  20403],[168252 115378  20400],2778,5506
171755471,2236,90502658514934409,864691134950156796,90502658514937310,864691135493051879,[187056 123936  22657],[187116 124046  22660],[187108 124014  22660],2158,5444
157295672,1732,89165171272052481,864691135656664770,89165171272044744,864691136011686318,[177492 120324  22100],[177348 120318  22094],[177426 120308  22102],9651,5476
158863668,4732,89378888576439770,864691135763433270,89308519832268520,864691135258646703,[178790 139914  20189],[178702 139856  20193],[178744 139864  20189],5475,5505
139427574,1216,87620013770847291,864691135305643175,87620013770844476,864691136011686318,[165958 142332  21857],[165966 142278  21853],[165964 142314  21857],8964,5476
150318838,2772,88393107750041948,864691135215023416,88393107750040276,864691135584504429,[172028 135102  20949],[171980 135128  20949],[172008 135080  20951],8908,5479
166491753,1148,89939227324106806,864691136314404669,89939296043547894,864691136298125851,[182886 120484  21349],[182984 120526  21353],[182944 120490  21351],2484,5474
144717885,27604,88180008719231659,864691135763433270,88180008719270621,864691136298125851,[170356 120138  20994],[170230 120208  20998],[170306 120164  20990],5475,5474
158415612,3432,89378957430122513,864691136011686318,89308588685943311,864691135183999490,[178770 140432  21215],[178680 140454  21209],[178689 140454  21216],5476,5507
131119836,3420,87198763176905776,864691135478429352,87198763176906732,864691135276132325,[163180 149426  20123],[163164 149446  20130],[163170 149416  20127],9001,5506
158007641,268,88955645386097894,864691135294361782,88955645386089803,864691136298125851,[175740 132146  20504],[175792 132118  20497],[175808 132156  20499],5875,5474
143155142,19504,88041813851712726,864691135493051879,88041813851720271,864691136298125851,[169018 139254  21148],[169106 139284  21149],[169090 139212  21155],5444,5474
173590331,3172,90150539849206386,864691135885406064,90150539849204105,864691135294442678,[184542 121698  22331],[184430 121682  22329],[184468 121704  22334],11882,5477
167584591,6268,89520451168179002,864691136111556792,89520451168192121,864691135493051879,[179866 146000  23696],[179918 145992  23702],[179888 145990  23700],8960,5444
136101495,836,87550263568806719,864691135802341986,87550332288274001,864691136298125851,[165470 147134  22149],[165550 147190  22137],[165492 147188  22141],9390,5474
170576892,43508,90076322679902625,864691135183999490,90076322679906523,864691135294442678,[184112  93240  21097],[184058  93314  21105],[184035  93402  21095],5507,5477
166811007,3016,89589513906767132,864691136229363025,89589513906768286,864691135294442678,[180396 136080  21145],[180360 136160  21143],[180386 136120  21148],8910,5477
181115672,23020,91136595688094344,864691135594982187,91136595688099424,864691136042462038,[191762 128288  22907],[191678 128350  22914],[191742 128286  22916],8958,5446
152468963,1016,88884864392654967,864691136380816597,88884864392648154,864691135183999490,[175292 128900  21438],[175214 128806  21431],[175300 128838  21434],9000,5507
151503081,504,88885139672855342,864691136453442303,88885139672849839,864691136011686318,[175322 131042  24205],[175298 131012  24201],[175310 131020  24201],8914,5476
145068756,10272,88317104344150835,864691135540272498,88317104344155391,864691135183999490,[171354  93254  23379],[171444  93328  23385],[171380  93320  23379],2201,5507
135863666,2716,87549576374274792,864691135493686111,87549576374271601,864691136042462038,[165762 141768  22366],[165650 141710  22364],[165724 141780  22364],5743,5446
150863351,5896,88388160081891667,864691135294442678,88388160081902891,864691135493051879,[171918  98076  21978],[171846  98132  21982],[171898  98080  21977],5477,5444
152481297,5448,88461964799943305,864691137198691137,88532333544125477,864691135294442678,[172542 123722  21973],[172614 123702  21976],[172572 123744  21977],2278,5477
159917540,11288,89095146192547409,864691136665051614,89095146192537678,864691136042462038,[176746 122684  22760],[176760 122792  22747],[176756 122762  22753],5435,5446
136028051,788,87549232776619369,864691135294442678,87549232776626052,864691135183999490,[165684 139282  22106],[165732 139260  22111],[165668 139256  22112],5477,5507
146207747,4608,88253126242825544,864691135493051879,88253126242835503,864691136298125851,[170596 140524  21278],[170606 140542  21281],[170592 140538  21279],5444,5474
139356136,17340,87407533283183663,864691135732210873,87407533283173667,864691135258646703,[164658 131784  23025],[164664 131794  23025],[164600 131846  23024],5436,5505
177732814,22504,90715894850254864,864691135518173395,90715894850243727,864691135294442678,[188574 139812  21422],[188626 139810  21408],[188637 139697  21422],8955,5477
164035327,12044,89659951437762386,864691136111556792,89659951437765433,864691136011686318,[181260 136804  21883],[181184 136678  21884],[181212 136736  21877],8960,5476
170969489,5704,90294025848098920,864691135490505018,90294025848097007,864691135294442678,[185612 142194  20153],[185696 142240  20149],[185644 142244  20147],8909,5477
144872438,2620,88110327170021134,864691135493686111,88110327170015768,864691135294442678,[169938 125634  21139],[169996 125582  21139],[169998 125608  21136],5743,5477
146149529,8348,88112319833887363,864691135741930603,88112319833891881,864691136298125851,[169646 140178  19904],[169666 140194  19913],[169668 140184  19911],5908,5474
143246002,492,88113282040337960,864691136177778950,88113282040320793,864691135276132325,[169728 147576  20561],[169686 147562  20549],[169723 147563  20553],2648,5506
131750461,17380,87055895250862389,864691135478429352,87055895250856039,864691135276132325,[162150 133714  19381],[162152 133800  19374],[162116 133790  19382],9001,5506
165048309,8592,89936890928728124,864691135741930603,89936890928731282,864691135294442678,[183046 102824  21620],[183000 102894  21625],[183002 102804  21619],5908,5477
131352125,14888,86771878056220247,864691136177778950,86771809336756560,864691135183999490,[160136 114386  22516],[160204 114320  22517],[160174 114333  22516],2648,5507
173316866,2348,90573233283387113,864691135839950227,90573233283392310,864691135584504429,[187620 125518  21697],[187522 125406  21704],[187548 125440  21701],2757,5479
161448955,3176,89236708180356684,864691134919972106,89236708180366213,864691135584504429,[177726 128828  21704],[177862 128764  21708],[177784 128784  21703],2860,5479
158497078,25012,89447539669034597,864691136298125851,89447539669047353,864691135584504429,[179634 126718  22568],[179598 126694  22578],[179588 126742  22576],5474,5479
158278395,30040,89308313808280316,864691135741930603,89308313808270344,864691135294442678,[178470 138190  21442],[178448 138186  21434],[178456 138202  21440],5908,5477
130775266,16960,86846576127073688,864691136314491965,86846576127078207,864691135183999490,[160338 146850  22186],[160296 146842  22191],[160322 146818  22192],5509,5507
158278790,5956,89378476393831882,864691135196592938,89378545113330085,864691135183999490,[178872 136900  21281],[178870 137006  21288],[178882 137020  21284],8904,5507
171239642,3176,90361096325596029,864691135067961412,90361027606140145,864691135493051879,[186096 117448  22021],[186104 117404  22026],[186082 117424  22024],2239,5444
143292586,1412,88184200540651191,864691136380816597,88184200540660922,864691136298125851,[170220 151612  20854],[170242 151574  20866],[170243 151543  20860],9000,5474
171030285,2780,90434350952574554,864691135594982187,90504719696749031,864691136298125851,[186880 139308  19753],[186988 139242  19760],[186930 139248  19758],8958,5474
165039311,3852,89730251462149834,864691136111556792,89730251462146258,864691135763433270,[181428 136212  21583],[181368 136208  21580],[181386 136226  21583],8960,5475
170888941,31944,90432358557413737,864691135760319822,90432358557429309,864691135493686111,[186832 124426  23236],[186804 124372  23248],[186858 124410  23243],9427,5743
139384638,39008,87548339088205266,864691136138779517,87548339088212575,864691135619756943,[165562 132698  19826],[165684 132632  19827],[165608 132664  19826],2238,5940
188253749,11232,91278157943946897,864691135584504429,91348526688167225,864691135210134905,[193030 134588  23560],[193060 134640  23557],[193042 134614  23556],5479,6216
172562924,13664,90081064391029790,864691135929072340,90081133110548750,864691135493686111,[184248 128694  21712],[184234 128792  21716],[184190 128724  21717],12568,5743
153325626,8104,88534120115952990,864691135518173395,88534120115957308,864691135465932357,[172824 137124  20642],[172874 137172  20641],[172820 137166  20641],8955,6191
160974664,328,89308176301938980,864691136011686318,89308176301934913,864691135465932357,[178378 137210  20657],[178454 137202  20653],[178430 137212  20660],5476,6191
146379302,2076,87970964339738014,864691135305643175,87970964339723822,864691135493686111,[168790 135484  23286],[168850 135486  23278],[168822 135478  23284],8964,5743
138944757,2224,87687771375883676,864691134950156796,87687771375875201,864691135210134905,[166942 122886  23079],[166930 122962  23073],[166944 122958  23076],2158,6216
157237488,1964,88880260120394502,864691136058646488,88880328839904220,864691136314491965,[175500  94880  20782],[175508  94948  20790],[175506  94956  20789],2199,5509
156940924,180,89304877834454644,864691135701629474,89304877834446762,864691135619756943,[178392 112600  21419],[178396 112652  21408],[178332 112638  21413],2205,5940
147284821,8320,88115275106785474,864691136111556792,88044906362638572,864691136211371452,[169546 162324  22409],[169462 162330  22403],[169488 162334  22409],8960,8861
187515094,1160,91419375998973116,864691134966710559,91419375998975368,864691135619756943,[193694 138046  20009],[193622 138104  20013],[193649 138061  20015],8911,5940
187435500,512,91487683025006269,864691135480652998,91487614305509099,864691135294361782,[194506 122570  19354],[194466 122562  19347],[194528 122618  19349],11883,5875
152016965,176,88883215259323825,864691136177726726,88883215259326306,864691135619756943,[175212 116644  22375],[175350 116748  22379],[175286 116680  22373],2738,5940
152482879,56664,88673277190642552,864691135448303762,88673277190649881,864691135465932357,[174066 125346  21737],[174102 125290  21734],[174101 125160  21739],2778,6191
179239452,18380,91069181545580208,864691135763433270,91069181545596190,864691135493686111,[191206 150522  20063],[191124 150446  20076],[191148 150492  20071],5475,5743
167362034,4964,89588070731042722,864691135336847849,89588070731037465,864691135465932357,[180456 125360  20985],[180456 125326  20980],[180460 125304  20984],2237,6191
150290807,19384,88669497619294163,864691136042462038,88669497619300109,864691135210134905,[173880  97044  21626],[173834  97006  21630],[173846  97080  21625],5446,6216
192230631,6972,91979439869097699,864691134919972106,92049808613270274,864691135210134905,[198134 116716  21478],[198178 116806  21481],[198130 116772  21479],2860,6216
146764111,2392,88327137052293740,864691136229363025,88327205771802104,864691136211371452,[171218 168120  20893],[171224 168210  20892],[171222 168188  20891],8910,8861
163784033,5192,89799520560879597,864691136229363025,89799520560888524,864691135455400554,[182126 128164  20914],[182192 128064  20921],[182174 128124  20914],8910,5508
146378123,648,87900526876082690,864691135305643175,87900526876092687,864691135493686111,[168338 135126  23304],[168292 135154  23309],[168276 135132  23309],8964,5743
157071001,27224,89236226875684170,864691135743102827,89236226875692855,864691135518283475,[177834 125268  19737],[177932 125148  19743],[177898 125210  19737],5440,5735
128856066,2572,87198007464321333,864691135743102827,87198007464319653,864691135518283475,[163118 143778  21962],[163030 143754  21959],[163076 143738  21961],5440,5735
152874456,23136,88885482666691150,864691136665051614,88885482666688658,864691135518283475,[175246 133482  19957],[175174 133416  19954],[175184 133412  19958],5435,5735
137434496,6348,87402860156991081,864691135455400554,87402860156983580,864691135619756943,[164878  96974  21124],[164888  97068  21119],[164834  97032  21118],5508,5940
128802434,13528,87126126690126733,864691135742247787,87055757945976629,864691135455400554,[162368 132700  20243],[162288 132716  20253],[162364 132748  20251],8906,5508
139664732,1272,87478520301289616,864691135763433270,87408151557091263,864691135493686111,[164932 136824  21444],[164856 136896  21446],[164896 136880  21444],5475,5743
179497769,1384,90640922035172211,864691135757002450,90640922035181240,864691135210134905,[188346 105206  22312],[188308 105196  22318],[188344 105208  22318],2196,6216
150013726,9844,88602152465327185,864691135183999490,88602152465327212,864691136314491965,[173180 119886  21445],[173264 119926  21439],[173200 119888  21441],5507,5509
128942064,16616,86775039151871707,864691135498973715,86775039151860351,864691136314491965,[160138 138400  22260],[160092 138432  22258],[160112 138374  22254],2241,5509
180408682,36508,90925832851283839,864691135294442678,90996201595464959,864691135210134905,[190456 131080  21073],[190538 131010  21080],[190482 131056  21079],5477,6216
150978255,25448,88602977300214472,864691135067961412,88673346044373042,864691135210134905,[173482 126068  22799],[173618 125984  22802],[173546 126034  22797],2239,6216
158057623,616,88955782758408198,864691136298125851,88955782758427112,864691135294361782,[175974 133170  20383],[175982 133236  20390],[176077 133176  20390],5474,5875
158042127,1620,89096657819920213,864691136389921911,89096657819912877,864691135294361782,[176924 134112  21431],[176870 134142  21426],[176868 134111  21428],5439,5875
152654103,25496,88466019114701136,864691135593133067,88466019114704770,864691135493686111,[172168 154062  20843],[172232 154140  20849],[172204 154120  20850],8907,5743
159746609,21256,89446783553473637,864691135518173395,89446783553479268,864691135465932357,[179514 121376  21050],[179478 121434  21059],[179528 121426  21057],8955,6191
145647932,1280,87825347499945847,864691136331247338,87825347499950681,864691135619756943,[167914  99454  21108],[167924  99418  21116],[167910  99412  21113],5441,5940
150859510,2152,88391939451538749,864691135196592938,88391939451545789,864691135518283475,[171708 126542  20179],[171650 126516  20182],[171672 126478  20179],8904,5735
174381644,28540,90152395140722795,864691136101341045,90152395140716773,864691135465932357,[184636 135416  21144],[184586 135514  21149],[184590 135488  21145],8916,6191
153256953,4808,88321502323278868,864691135572576237,88321571042759817,864691135518283475,[171398 126098  22617],[171486 126198  22614],[171478 126140  22620],2240,5735
145717440,68600,87970414181564488,864691136331247338,87970414181554215,864691135493686111,[168706 131608  20434],[168622 131594  20429],[168605 131591  20425],5441,5743
166041824,8000,89730388700294394,864691135295330828,89730388700289005,864691135455400554,[181326 137340  20453],[181328 137392  20454],[181290 137378  20456],9553,5508
167807190,4896,89800894950352393,864691136177778950,89800963669820011,864691135493686111,[182184 138398  20861],[182180 138442  20850],[182164 138376  20856],2648,5743
128802805,25860,87126195409691887,864691135593133067,87126195409696966,864691135455400554,[162650 133216  20319],[162662 133168  20322],[162656 133142  20314],8907,5508
142514046,11128,87896197012299176,864691136380816597,87825828268111227,864691135294361782,[168012 102984  19313],[167962 102926  19310],[168002 102982  19310],9000,5875
166325939,6876,89796840702416039,864691135215023416,89796840702406218,864691135210134905,[182002 107928  22268],[181960 108042  22265],[181978 107980  22264],8908,6216
163782353,584,89517976864691421,864691135336847849,89517976864689800,864691135210134905,[179952 127342  20908],[179938 127300  20907],[179934 127356  20908],2237,6216
137261012,9396,87617952320692153,864691135067961412,87617952320674318,864691135210134905,[166176 127076  22841],[166220 127132  22828],[166214 127111  22832],2239,6216
145964015,32352,88248590958808333,864691136058745048,88248590958799058,864691135455400554,[170872 106734  22912],[170914 106804  22901],[170948 106736  22906],8912,5508
149990718,32404,88461621403448119,864691135929072340,88461621403447137,864691135493686111,[172448 121322  23122],[172332 121362  23127],[172380 121366  23126],12568,5743
167927796,15764,89942663297946723,864691136229363025,89872294553775942,864691135455400554,[182920 145898  21354],[182814 145984  21345],[182892 145918  21352],8910,5508
158175107,1524,88885414282668658,864691136314491965,88885414282660397,864691135741930603,[175606 132874  22487],[175640 133022  22489],[175609 132938  22495],5509,5908
150004074,3768,88813121258991258,864691135943593332,88813121258991094,864691135493686111,[175080 118954  21493],[175128 118868  21491],[175066 118922  21490],2200,5743
174188006,23844,90292101769881780,864691136126503206,90292101769885666,864691135455400554,[185768 127770  20695],[185770 127700  20694],[185755 127763  20697],2162,5508
154013333,2656,88818069195065719,864691135015652246,88818069195065695,864691135493686111,[174808 155622  22115],[174820 155516  22116],[174796 155554  22117],5437,5743
152467951,16152,88743989465246446,864691135540272498,88743989465237323,864691135455400554,[174462 127998  21342],[174352 128064  21336],[174426 127988  21337],2201,5508
164949670,15800,89870988883726614,864691135518173395,89941357627902219,864691136314491965,[182730 136222  21329],[182820 136172  21341],[182804 136210  21336],8955,5509
150096561,17516,88744401781956621,864691135464671550,88744401781959844,864691136314491965,[174438 131074  21230],[174516 131060  21233],[174506 131050  21236],2678,5509
150462549,9912,88816351342383485,864691135214977920,88816351342392476,864691135455400554,[175094 142994  23154],[175120 142998  23158],[175100 142997  23158],8959,5508
167065877,188,89729907864758697,864691136389921911,89729907864746321,864691135493686111,[181342 133388  21592],[181324 133506  21581],[181324 133434  21588],5439,5743
132897967,2308,86704807846566960,864691135743102827,86704807846558146,864691136314491965,[159436 139354  22175],[159540 139290  22170],[159506 139344  22168],5440,5509
158133408,10452,89166339369232029,864691135587758716,89166339369221968,864691135465932357,[177490 128846  21339],[177492 128874  21330],[177522 128906  21333],5432,6191
146147632,3108,87971444906363787,864691135741930603,87971444906355954,864691135455400554,[168884 139330  19759],[168870 139378  19755],[168860 139328  19755],5908,5508
166050567,3528,89725990921735988,864691135464671550,89726059641198409,864691135210134905,[181490 104574  22142],[181500 104712  22132],[181483 104609  22133],2678,6216
158471079,17984,89027044922774900,864691136138779517,89027044922763079,864691135619756943,[176374 139686  20775],[176292 139644  20772],[176298 139638  20778],2238,5940
160339966,21684,89096932697930584,864691135183999490,89096863978487401,864691135518283475,[176808 135916  21484],[176818 135834  21494],[176834 135848  21493],5507,5735
150041905,6176,88744333062442651,864691135464671550,88744333062440543,864691136314491965,[174582 130538  21212],[174548 130470  21210],[174564 130484  21216],2678,5509
164821610,3728,89800895017050258,864691135743102827,89800895017057093,864691135215023416,[181952 138116  21010],[181808 138218  21016],[181846 138255  21014],5440,8908
180406380,5384,90644701471955810,864691136052688115,90644701471969220,864691135593133067,[188268 133512  21059],[188208 133484  21073],[188233 133517  21062],8962,8907
146991329,5300,88045799782732035,864691135490483514,88045799782729523,864691136968773070,[169030 168968  22709],[169064 168884  22710],[169012 168920  22708],8963,8868
157614656,16824,89312711988704974,864691136211371452,89242343244522067,864691136968773070,[178214 171196  22201],[178118 171172  22202],[178185 171223  22203],8861,8868
151169820,10056,88821711059138015,864691135584504429,88821711059135866,864691135215023416,[174890 182864  20261],[174936 182780  20266],[174854 182804  20260],5479,8908
221828299,1464,93956018178341808,864691136101341045,93956086897837418,864691135593133067,[212318 163504  21415],[212314 163578  21408],[212338 163556  21414],8916,8907
157614638,6840,89242411964030063,864691136211371452,89242411964014850,864691136968773070,[178158 171610  22218],[178190 171598  22210],[178142 171606  22211],8861,8868
227158222,9164,94590848771235797,864691135717457178,94590848771237670,864691135593133067,[216960 174690  21652],[216868 174648  21656],[216890 174642  21649],9465,8907
167298224,4964,89592812307569613,864691135802341986,89592812307549840,864691136968773070,[180350 160850  20246],[180306 160940  20241],[180324 160910  20243],9390,8868
161741197,5624,89452074819093011,864691135802341986,89452074819091081,864691136968773070,[179420 160756  20158],[179362 160782  20155],[179378 160772  20157],9390,8868
154764940,3016,88679805608031413,864691135802341986,88679805608033725,864691136968773070,[174048 173980  22251],[174056 173866  22258],[174074 173908  22255],9390,8868
141033751,1636,87271537505438196,864691135478429352,87271537505430845,864691136968773070,[163832 167390  23214],[163844 167352  23209],[163804 167374  23210],9001,8868
188723117,6100,91421987540735412,864691135587758716,91421987540734515,864691135215023416,[194012 157550  21832],[193984 157552  21833],[194002 157538  21836],5432,8908
161665905,3504,89454274177793759,864691136101341045,89454274177803951,864691135593133067,[179540 177010  22627],[179500 176956  22635],[179524 176988  22636],8916,8907
223565548,188,94520411240831559,864691136111556792,94520479960301245,864691135593133067,[216214 174242  21484],[216172 174320  21488],[216188 174310  21489],8960,8907
171604965,3484,90438336950817377,864691135717457178,90438336950814385,864691135916843366,[186756 168872  21907],[186698 168746  21904],[186754 168802  21905],9465,8913
172656917,1388,90152463792940826,864691136058646488,90152463792947771,864691135742247787,[184634 136168  20524],[184606 136092  20528],[184652 136098  20526],2199,8906
182138543,2804,90930093593340473,864691135727799359,90930093593344747,864691135742247787,[190098 163000  22344],[190078 162990  22343],[190092 162978  22342],9004,8906
161942780,3680,89242068433806685,864691135802341986,89242068433808715,864691136058745048,[178100 168826  22776],[178126 168752  22775],[178148 168782  22776],9390,8912
152182931,11872,88818000140153196,864691136229363025,88818000140155167,864691135742247787,[175114 155100  19662],[175086 155106  19661],[175082 155142  19658],8910,8906
171620439,2960,90508362164504281,864691135727799359,90508362164498372,864691136229363025,[187262 166378  22249],[187296 166456  22242],[187274 166420  22245],9004,8910
168031764,1676,89453930513462575,864691135662802416,89524299257613414,864691136058745048,[179680 174422  22242],[179768 174476  22240],[179714 174480  22240],9446,8912
161942208,3368,89171974567543827,864691135779716797,89171974567544851,864691135196592938,[177454 170984  22763],[177512 170932  22765],[177524 170926  22768],9337,8904
181539096,11056,90650611548735908,864691135916843366,90650611548736964,864691135215023416,[188136 177474  22996],[188232 177466  22996],[188178 177506  22998],8913,8908
186441982,12616,91283036624202295,864691135779716797,91283036624207144,864691135196592938,[192806 170770  20524],[192706 170714  20526],[192736 170694  20520],9337,8904
158962805,4496,88960181006130212,864691135518173395,88960181006143455,864691135196592938,[175794 165774  21815],[175806 165836  21828],[175840 165814  21824],8955,8904
202760087,2004,92478068593304918,864691135215023416,92478068593323303,864691136058745048,[201590 161866  22762],[201566 161788  22778],[201574 161846  22762],8908,8912
171600501,1408,90227299437819983,864691136058745048,90227299437805706,864691135593133067,[184902 169472  21977],[184910 169606  21966],[184904 169552  21971],8912,8907
189462411,2336,91494555576707155,864691136058745048,91494624296194804,864691135916843366,[194180 174274  24006],[194234 174296  23997],[194198 174270  24001],8912,8913
167794961,2512,89595217757437035,864691135920571056,89595217757437041,864691136968773070,[180638 178876  22076],[180590 178872  22073],[180608 178890  22074],8956,8868
165410262,3596,89659195456022139,864691135196592938,89659195456021191,864691135215023416,[181102 131196  21016],[181204 131228  21015],[181160 131258  21014],8904,8908
199281382,2856,92477930953121096,864691135470787666,92477930953120036,864691135215023416,[201730 160892  21323],[201596 160886  21325],[201674 160880  21326],5442,8908
158573983,1748,89310100783008735,864691135464671550,89310100783001557,864691135215023416,[178378 151664  23393],[178286 151650  23387],[178322 151620  23389],2678,8908
157885723,276,89454136671873606,864691136229363025,89454136671888220,864691136058745048,[179462 176020  22229],[179456 175996  22240],[179396 175988  22237],8910,8912
168374013,3072,89592606417360718,864691135703164283,89592606417355687,864691136058745048,[180622 159372  22095],[180676 159328  22091],[180654 159343  22092],9330,8912
168471544,10576,89875386929982850,864691136052688115,89945755674164366,864691136058745048,[182794 169106  21118],[182852 169052  21121],[182796 169124  21118],8962,8912
154488727,8956,88538174430845284,864691135728030015,88538174430845273,864691136968773070,[172894 167538  19589],[173026 167502  19593],[172981 167571  19593],9428,8868
141033694,8660,87271468785973109,864691135478429352,87271468785971645,864691135490483514,[163726 167096  23221],[163714 167034  23220],[163748 167084  23222],9001,8963
182320651,1200,91071587264434249,864691135920571056,91071587264424458,864691136101341045,[191292 168542  24457],[191166 168562  24449],[191216 168556  24452],8956,8916
139342189,616,87765286610557407,864691135656664770,87765217891068658,864691135518173395,[167092 175838  20946],[167244 175732  20944],[167166 175768  20941],9651,8955
147812332,12472,88187430624090516,864691135868919318,88187430624095865,864691135214977920,[170110 175600  22535],[170082 175714  22545],[170086 175662  22541],12637,8959
159366260,4852,89094665022150921,864691135214977920,89094596302652170,864691136052688115,[177084 119002  21897],[177046 118926  21892],[177062 118952  21894],8959,8962
175427429,9068,90296568535866524,864691135779716797,90296568535860929,864691135518173395,[185524 161078  20672],[185444 161102  20665],[185520 161086  20672],9337,8955
159768222,20080,89382668349135525,864691135067961412,89382668349137522,864691135490483514,[179058 167908  21889],[179086 167840  21883],[179138 167888  21890],2239,8963
168020265,21740,89665449062973215,864691135920571056,89665449062964888,864691136052688115,[180982 177826  22357],[180956 177764  22357],[180948 177778  22360],8956,8962
140669911,21736,87413236798058796,864691135763433270,87342868053879462,864691135594982187,[164418 174750  21195],[164378 174708  21189],[164346 174744  21193],5475,8958
161413772,9576,89098925763874627,864691135594982187,89098925763881910,864691136052688115,[176796 151002  22871],[176866 150914  22874],[176806 150946  22870],8958,8962
168032030,2288,89524161818574673,864691135490483514,89524161818573930,864691136453442303,[179992 173264  22144],[179926 173306  22150],[179964 173290  22150],8963,8914
161761893,7896,89382599696353134,864691135067961412,89382599696347958,864691136488999186,[179056 167484  22020],[179136 167390  22023],[179126 167438  22017],2239,8957
146292013,2948,88254363327755424,864691135493624415,88254363327761914,864691135518173395,[170902 149868  22424],[170856 149792  22431],[170888 149870  22428],9401,8955
173933343,11340,90156037474196361,864691136101341045,90156037474209987,864691135214977920,[184446 162624  22580],[184408 162670  22595],[184392 162606  22588],8916,8959
125419528,6616,86075681171209291,864691135920571056,86075681171204967,864691135490483514,[155046 170302  23158],[155036 170308  23159],[155064 170320  23163],8956,8963
191798903,2204,91913812969943539,864691136488999186,91913812969938544,864691136052688115,[197392 152192  22853],[197428 152240  22848],[197426 152202  22854],8957,8962
182223771,5596,90719399878888136,864691135802341986,90719399878888139,864691136101341045,[188660 165650  23790],[188728 165680  23787],[188706 165634  23786],9390,8916
133806356,928,86780193045789402,864691135398243105,86780193045828694,864691135214977920,[160078 176504  22000],[160058 176526  22011],[160088 176562  22003],12286,8959
154146731,2360,88889400347566436,864691136968773070,88889400347573564,864691136101341045,[175446 162872  24755],[175440 162926  24760],[175426 162908  24760],8868,8916
147928702,8372,88257593008526056,864691136101341045,88257593008525331,864691135490483514,[170556 173982  21022],[170578 173954  21015],[170608 174005  21019],8916,8963
159768672,3828,89453037093448390,864691135760319822,89453037093440297,864691136488999186,[179504 167630  21990],[179470 167636  21978],[179492 167600  21987],9427,8957
165868036,2972,89736642440572656,864691135196592938,89736642440570753,864691136111556792,[181558 183596  22090],[181488 183530  22090],[181524 183592  22090],8904,8960
151313009,11512,88749555608732597,864691135455400554,88749555608723512,864691136111556792,[174384 169472  20398],[174330 169606  20397],[174402 169550  20394],5508,8960
167795291,1568,89665174184915776,864691135802341986,89665174184920425,864691136488999186,[180944 175450  22226],[180966 175466  22235],[180974 175470  22232],9390,8957
168019598,676,89524505416197973,864691135802341986,89524505416191288,864691136488999186,[180026 176102  22380],[180094 176092  22371],[180068 176056  22374],9390,8957
161932812,668,89243030170737839,864691136968773070,89243030170727028,864691135493624415,[177910 176292  20005],[177872 176266  19999],[177888 176298  20001],8868,9401
148108745,2416,87835311756928297,864691135656664770,87835311756944900,864691135703164283,[167796 173486  20550],[167802 173450  20560],[167802 173462  20555],9651,9330
178080651,2640,90929956087352195,864691136211371452,90929956087355917,864691136380816597,[190472 161792  21902],[190494 161902  21906],[190468 161830  21901],8861,9000
168655604,2500,89592949813843081,864691136211371452,89592949813837134,864691135802341986,[180504 161726  20975],[180560 161732  20974],[180584 161724  20974],8861,9390
173551880,11760,90578937134071022,864691136380816597,90578937134052674,864691136391034487,[187492 167962  22628],[187494 167944  22612],[187488 168024  22621],9000,9155
168390129,2760,89876692398833505,864691135295330828,89876692398829595,864691135493624415,[182536 178736  19715],[182560 178668  19712],[182550 178702  19715],9553,9401
159893143,796,88961830206428448,864691136052688115,88961830206420028,864691135703164283,[175662 177934  21312],[175662 177874  21304],[175652 177916  21306],8962,9330
161818694,29148,89243167677233897,864691135015652246,89243167677232934,864691136011768494,[178022 177232  20962],[178106 177302  20958],[178068 177250  20957],5437,9002
155028212,15440,88820542962184819,864691135916843366,88820542962206132,864691135493624415,[175058 173972  21245],[175020 173906  21258],[175070 173938  21254],8913,9401
165342544,8516,89798146305571551,864691136380816597,89798146305574536,864691136391034487,[182092 117894  21939],[182082 117874  21943],[182118 117824  21946],9000,9155
161190975,10324,89241724836582684,864691134950156796,89241724836573532,864691135703164283,[178084 166350  22932],[178034 166304  22924],[178045 166330  22924],2158,9330
133698339,740,86992055058141999,864691135727799359,86991986338677713,864691135802341986,[161600 181994  20795],[161576 181922  20804],[161560 181918  20796],9004,9390
168485076,8572,89874287619860438,864691135305643175,89874287619860497,864691136380816597,[182512 160750  22826],[182620 160836  22824],[182564 160796  22824],8964,9000
161496879,10880,89099956556054131,864691135478429352,89099956556046775,864691135703164283,[176678 158434  22881],[176766 158432  22875],[176716 158396  22875],9001,9330
161496900,7260,89099887836566667,864691135478429352,89099887836567804,864691135703164283,[176744 158104  22872],[176676 158132  22876],[176724 158152  22874],9001,9330
187845340,10348,91282006167691768,864691136380816597,91282006167685242,864691136391034487,[192610 163398  23152],[192620 163486  23147],[192655 163443  23153],9000,9155
164790992,4144,89593912087746992,864691135703164283,89593912087751287,864691136380816597,[180578 168942  22404],[180504 169020  22415],[180578 168998  22413],9330,9000
171720439,5180,90580036645619453,864691136968773070,90580036645617003,864691135703164283,[187654 176114  22569],[187592 176180  22567],[187606 176166  22572],8868,9330
178324426,3116,90580585932074486,864691135728030015,90580585932076531,864691135493624415,[187812 179932  19350],[187882 180028  19356],[187844 179990  19356],9428,9401
152981149,7792,88538037260325855,864691135742247787,88538037260339609,864691135493624415,[172952 166330  21641],[172992 166316  21652],[172990 166262  21650],8906,9401
147111145,2052,88326793656318258,864691136052688115,88256424912137184,864691135727799359,[171052 165276  22470],[170974 165302  22463],[170990 165296  22467],8962,9004
147110938,15384,88256631070313232,864691135593133067,88256631070310194,864691135493624415,[170734 166884  22272],[170810 166750  22270],[170760 166818  22267],8907,9401
167904384,3080,89876555362291604,864691135916843366,89876624081795484,864691135779716797,[182512 177816  22569],[182408 177878  22576],[182458 177840  22574],8913,9337
145462079,13840,88258005460012388,864691135916843366,88258005460005235,864691136380816597,[171034 177206  22365],[170984 177196  22358],[171060 177259  22365],8913,9000
145913257,620,88045730727936318,864691135656664770,88045730727943031,864691135493624415,[169412 168392  20310],[169332 168372  20322],[169349 168372  20318],9651,9401
153390604,4968,88398468003184597,864691136101341045,88398468003175360,864691136011768494,[171604 175174  21744],[171568 175236  21741],[171580 175194  21741],8916,9002
181831383,9284,90789699568245186,864691135215023416,90789699568240547,864691135779716797,[189152 165306  21372],[189250 165418  21365],[189208 165378  21366],8908,9337
153178081,7716,88750655120445422,864691136011768494,88750723839941883,864691135779716797,[174382 177858  20459],[174458 177952  20459],[174430 177934  20463],9002,9337
140900902,2968,87625580048496402,864691135398243105,87625648767992600,864691136011768494,[166028 184002  21899],[165938 184016  21887],[165956 184002  21892],12286,9002
168951144,4132,89524024245412324,864691136229363025,89524024245424846,864691135802341986,[180198 172406  21123],[180102 172370  21131],[180172 172384  21131],8910,9390
171446862,3600,90156312218285802,864691135478429352,90156312218284678,864691135717457178,[184518 164632  21927],[184534 164666  21930],[184564 164626  21933],9001,9465
157649413,12536,89445615188340720,864691136229363025,89375246444159024,864691135295330828,[179310 112748  20189],[179166 112788  20190],[179236 112714  20195],8910,9553
165842913,2144,89524849147547710,864691136101341045,89524849147541854,864691135717457178,[180178 178444  23162],[180174 178488  23157],[180192 178488  23159],8916,9465
175829527,1504,90228261443144783,864691136453442303,90228261443140392,864691135717457178,[185280 176724  21238],[185200 176794  21237],[185240 176760  21236],8914,9465
175669241,3460,90579074371616745,864691135518173395,90579143091089688,864691135760319822,[187770 169150  21017],[187786 169180  21008],[187758 169138  21012],8955,9427
181313062,964,90998056887620261,864691136058646488,90998056887599650,864691136010928046,[190886 144710  20475],[190936 144724  20458],[190911 144748  20459],2199,11884
164809820,1644,89734236990413706,864691136011768494,89734236990410588,864691135656664770,[181676 166062  19994],[181606 166082  19991],[181640 166054  19994],9002,9651
183074802,292,91075228792358621,864691136211371452,91075228792370542,864691135885406064,[191320 195498  19535],[191338 195456  19544],[191312 195566  19542],8861,11882
147713560,3132,87975843355612285,864691135518283475,87975843355619962,864691135295330828,[168754 172078  22874],[168804 172062  22885],[168800 172052  22882],5735,9553
176326839,13272,90510286108790573,864691135214977920,90510286108787063,864691135717457178,[187170 180888  20952],[187128 180870  20947],[187142 180900  20948],8959,9465
202760224,4352,92478068593283498,864691135215023416,92478068593275335,864691135295330828,[201726 161804  22734],[201728 161804  22732],[201738 161802  22732],8908,9553
145913178,532,88045730727908937,864691135493624415,88045730727909022,864691135656664770,[169160 168216  20297],[169290 168206  20298],[169243 168176  20304],9401,9651
122585584,14960,86219648340853241,864691135662802416,86149279596675695,864691135720061233,[155784 194388  22211],[155680 194478  22209],[155658 194495  22213],9446,11878
194378446,1680,91991190765024599,864691135518173395,91991190765017396,864691135885406064,[198030 204302  20144],[197952 204320  20134],[197996 204318  20140],8955,11882
186701467,6252,91635017918599725,864691135727799359,91635017918604234,864691135295330828,[195348 172148  21846],[195332 172044  21850],[195350 172147  21849],9004,9553
202385325,14028,92692060641291645,864691135717457178,92692060641299833,864691135728030015,[202942 183274  19756],[202942 183162  19764],[202898 183222  19764],9465,9428
196565691,956,91918898009535839,864691135703164283,91918898009521215,864691135885406064,[197494 190092  21014],[197482 190126  21001],[197508 190116  21007],9330,11882
181384969,4448,91068356912293770,864691136058646488,91068356912281222,864691136010928046,[191240 144444  20456],[191248 144568  20445],[191196 144496  20454],2199,11884
175730409,1760,90368655199634413,864691135717457178,90368655199635009,864691135295330828,[185928 174084  20000],[185898 174024  20005],[185892 174028  20002],9465,9553
115280963,1848,85582412700374201,864691135493624415,85582412700375598,864691135662802416,[151190 165410  22855],[151278 165538  22853],[151224 165468  22852],9401,9446
172707506,4252,90436550311278443,864691136052688115,90436550311273455,864691135656664770,[186846 155680  22209],[186824 155672  22202],[186786 155709  22206],8962,9651
177869551,3820,91000462471873455,864691136058745048,91000462471877457,864691135728030015,[190662 162720  23477],[190630 162768  23484],[190608 162712  23479],8912,9428
180716083,5044,90791005036860384,864691135196592938,90720636292664940,864691135295330828,[188994 174954  19770],[188930 175040  19772],[189010 174948  19770],8904,9553
181157347,5048,90648962147011829,864691135802341986,90648962147017834,864691135717457178,[188054 165438  21936],[188144 165504  21944],[188108 165440  21945],9390,9465
148373178,5768,88121322018146402,864691135774389755,88121253298692506,864691135720061233,[169742 207100  19369],[169728 207006  19373],[169732 207046  19369],12316,11878
175931507,16792,90087798832425198,864691135493686111,90158167576591863,864691135662802416,[184336 178644  21004],[184392 178588  21002],[184378 178699  21002],5743,9446
166907917,5104,89594599215185279,864691135662802416,89594599215188146,864691135295330828,[180296 174228  21703],[180298 174196  21703],[180328 174202  21700],9446,9553
175681724,13364,90369617473618595,864691135478429352,90369548754140108,864691135885406064,[185960 180940  21516],[185976 180856  21523],[185980 180888  21517],9001,11882
172739570,5824,90292651525588365,864691135540272498,90222351500869065,864691135885406064,[185424 132262  20598],[185358 132350  20599],[185410 132292  20605],2201,11882
216839434,16732,93678803943536965,864691135493051879,93678803943523716,864691136022520056,[210090 194874  22505],[209978 194886  22493],[210020 194884  22503],5444,11933
156788645,8244,89239663050922795,864691135763433270,89239663050931628,864691136022520056,[177790 151008  21336],[177810 150940  21341],[177852 150990  21337],5475,11933
157068677,8340,88954339582306464,864691136211325884,88954339582298525,864691135585266808,[176064 122190  19932],[176002 122178  19921],[176079 122196  19928],2202,11929
181159794,2872,91071243331649714,864691136453442303,91071243331657757,864691136195798504,[191472 165658  21975],[191484 165724  21986],[191490 165714  21984],8914,11887
174554113,312,90574126703621567,864691135763433270,90574126703629357,864691136195798504,[187532 132092  22155],[187562 132118  22158],[187498 132058  22154],5475,11887
148716863,17464,88330916488957457,864691136138779517,88330847769484729,864691135585266808,[171332 195896  19566],[171250 195772  19567],[171306 195826  19568],2238,11929
162438630,6524,89035153887861122,864691135409940425,89035153887853719,864691136022520056,[176348 199894  21080],[176376 199986  21064],[176342 199948  21073],5404,11933
176254513,5044,90440123589807704,864691135763433270,90440123589802418,864691136022520056,[186684 182174  21140],[186744 182124  21137],[186752 182146  21138],5475,11933
155250532,4620,88541335929308435,864691135929072340,88541267209839587,864691136195798504,[172752 190730  22556],[172606 190616  22555],[172684 190674  22553],12568,11887
167581820,14564,89594118178827589,864691136665051614,89594118178808648,864691136022520056,[180294 170514  21661],[180288 170360  21649],[180309 170324  21654],5435,11933
176077886,41992,90300210802391126,864691135067961412,90300210802401989,864691136195798504,[185718 188440  21775],[185590 188502  21783],[185668 188518  21784],2239,11887
160783410,2528,89175960162778584,864691136010928046,89175960162766703,864691135375767369,[177490 200782  21585],[177536 200824  21574],[177484 200758  21580],11884,11934
172510502,1276,90372297533453296,864691135757002450,90372297533452367,864691136195798504,[186136 201238  21756],[186172 201108  21761],[186212 201184  21760],2196,11887
193092923,8680,92205252338120414,864691135409940425,92205252338108416,864691136195798504,[199548 226084  23503],[199510 226104  23499],[199588 226072  23502],5404,11887
176189329,4056,90370923345029953,864691135409940425,90370923345037673,864691137021264750,[186066 191098  23060],[186004 191134  23070],[186006 191120  23069],5404,11935
211337804,3176,92904747958739736,864691134966710559,92904816678193584,864691136195798504,[204746 195264  23953],[204828 195370  23942],[204764 195319  23947],8911,11887
165890139,3832,89939295976337000,864691134950156796,89939364695802037,864691135566168599,[183308 121028  20676],[183238 121068  20678],[183272 121072  20678],2158,11886
143640479,2732,88177122568494480,864691135587758716,88177191287939597,864691136022520056,[170308  99004  21625],[170170  99088  21611],[170242  99016  21619],5432,11933
159661893,16720,89101605555171697,864691135656664770,89101605555178893,864691135308295238,[176752 171134  20951],[176744 171184  20961],[176724 171174  20960],9651,11931
175497524,39160,90373260075800857,864691135183999490,90373260075803292,864691136195798504,[186212 208182  25214],[186308 208204  25221],[186286 208194  25213],5507,11887
168967900,24936,89807629660197347,864691135741930603,89807629660183556,864691136330101226,[182280 188360  22242],[182290 188344  22231],[182296 188338  22234],5908,11888
169998576,6232,89531927186481988,864691135498973715,89531995905952465,864691136022520056,[180056 231572  22587],[180030 231650  22588],[180024 231578  22589],2241,11933
177781306,2980,90646213300763001,864691135518173395,90646213300763749,864691136195798504,[188140 144818  21355],[188162 144776  21354],[188178 144792  21356],8955,11887
176019704,27048,90512828930261449,864691135619756943,90512828930261690,864691136195798504,[187066 199760  22038],[187044 199860  22044],[187010 199824  22046],5940,11887
174525945,11020,90296018780229167,864691135929072340,90296018780222971,864691135566168599,[185558 156942  20863],[185578 156940  20860],[185538 156964  20858],12568,11886
173859764,4844,90154181914321828,864691135258646703,90154181914321757,864691136022520056,[184648 149032  21729],[184666 148936  21729],[184626 149000  21726],5505,11933
182078850,1672,90787775556841353,864691135183999490,90787775556837783,864691136195798504,[189130 150772  22189],[189050 150852  22185],[189075 150837  22184],5507,11887
134171262,17636,87134098149337315,864691135742247787,87134029429843536,864691135970210661,[162532 191710  20125],[162492 191632  20123],[162554 191702  20125],8906,11930
181954460,48276,90646900629574658,864691135183999490,90646900629577812,864691136195798504,[188188 150184  22220],[188178 150110  22225],[188174 150106  22229],5507,11887
176304819,11532,90301447551798387,864691135742247787,90301447551806409,864691135970210661,[185754 197672  20366],[185744 197652  20375],[185722 197652  20368],8906,11930
167211718,7060,90019216526572398,864691135742247787,90019216526563134,864691135970210661,[183492 191800  19325],[183544 191742  19315],[183518 191768  19321],8906,11930
165999716,3156,90020591251487137,864691135757002450,89950222507297497,864691135585266808,[183398 202112  21709],[183276 202176  21706],[183352 202174  21704],2196,11929
156453283,12752,89234165492617448,864691136314404669,89234165492625529,864691136022520056,[177890 109932  21190],[177890 109910  21195],[177906 109956  21193],2484,11933
158617383,15896,89317522217888962,864691135398817569,89317522217890361,864691135585266808,[178640 206816  21180],[178624 206742  21182],[178674 206762  21180],2976,11929
210270908,5668,92976215744627739,864691136118805668,92976215744634730,864691135566168599,[205204 203456  20225],[205096 203332  20227],[205130 203386  20221],11973,11886
157660651,14696,89235608467260859,864691136138779517,89235539747787699,864691135585266808,[177766 120556  20027],[177708 120472  20034],[177738 120538  20032],2238,11929
166400796,10932,89585322018726546,864691134950156796,89585253299278693,864691136022520056,[180448 104664  21202],[180358 104578  21202],[180406 104618  21201],2158,11933
208358540,712,92976834353923747,864691136118805668,92976834353918039,864691135566168599,[205102 207712  21039],[205106 207698  21034],[205118 207739  21035],11973,11886
163774942,22776,89797115580236408,864691137198691137,89797115580236468,864691136330101226,[181828 110044  22221],[181938 110122  22219],[181894 110064  22218],2278,11888
176470246,5556,90513722417782321,864691135743102827,90513722417786784,864691137021264750,[187246 206234  23148],[187348 206234  23151],[187274 206208  23146],5440,11935
218444925,6252,93821190698974109,864691135398817569,93821190698966075,864691136195798504,[211138 207482  22229],[211112 207422  22217],[211116 207408  22222],2976,11887
195714716,20108,91918623266257450,864691134966710559,91918623266252658,864691136330101226,[197170 187692  22441],[197168 187786  22433],[197161 187740  22439],8911,11888
158133032,5812,89095764466670703,864691135587758716,89095764466679658,864691136022520056,[177162 127198  21359],[177058 127284  21366],[177136 127232  21363],5432,11933
169141954,352,89950016214886359,864691135640544571,89950016214904450,864691135585266808,[182898 200652  20856],[182844 200688  20866],[182856 200698  20864],12267,11929
160429028,608,89379300893224120,864691135587758716,89379300893237455,864691135585266808,[178842 142668  20135],[178882 142566  20143],[178854 142611  20140],5432,11929
148504949,6828,88331741190144833,864691135738969220,88331741190141424,864691136022520056,[171300 202260  20364],[171338 202152  20357],[171280 202186  20359],2197,11933
203075467,9992,92689312264833318,864691135295330828,92689312264836713,864691135346975135,[203038 162712  22802],[203104 162670  22803],[203070 162664  22805],9553,11889
175667172,14072,90227024492401223,864691136229363025,90227024492393824,864691135566168599,[185150 167308  21102],[185228 167314  21090],[185202 167265  21099],8910,11886
206993176,4700,92904885196213811,864691135196592938,92904885196217826,864691136022520056,[204634 195856  22270],[204652 195920  22270],[204676 195868  22269],8904,11933
196418205,5388,91781596763668719,864691135929072340,91851896788380281,864691136195798504,[196636 215300  23263],[196684 215158  23262],[196660 215231  23263],12568,11887
139987656,2176,87765973738002513,864691135478429352,87765973737998815,864691135585266808,[167188 181202  20233],[167244 181250  20227],[167246 181244  20232],9001,11929
157319921,7100,89028831830375943,864691135015652246,89028831830384529,864691136330101226,[176280 153120  22245],[176324 153058  22247],[176296 153072  22247],5437,11888
183252739,22552,90653910150495008,864691136177778950,90653910150496660,864691136022520056,[188414 202294  23315],[188422 202362  23321],[188482 202304  23323],2648,11933
150241710,18824,88739247687124250,864691135757002450,88739316406613444,864691136022520056,[174190  92844  20376],[174128  92910  20375],[174134  92898  20382],2196,11933
160947938,10424,89027388587323768,864691135738969220,89027388587329495,864691136022520056,[176258 142268  21397],[176258 142292  21399],[176294 142246  21397],2197,11933
167904790,9656,89947061545436377,864691135593133067,89947061545430192,864691136330101226,[182918 178446  22583],[182888 178468  22581],[182922 178502  22581],8907,11888
190041548,1828,91427485367089642,864691135617409385,91427485367069569,864691136330101226,[193940 198644  23694],[194010 198542  23685],[193992 198610  23692],12372,11888
167231740,6152,90014062834454503,864691135743102827,90014062834464227,864691136022520056,[183352 153360  21489],[183414 153444  21498],[183406 153394  21490],5440,11933
156157547,53060,88614659409618128,864691135215023416,88614659409594226,864691135566168599,[173504 212942  20999],[173512 213048  20996],[173536 212982  21002],8908,11886
167008192,3048,89939433415360578,864691134919972106,89939433415368084,864691135566168599,[183148 121706  20737],[183294 121790  20744],[183224 121718  20740],2860,11886
167489638,256,89872707004737931,864691135948123745,89872638285261119,864691136330101226,[182608 148700  22277],[182596 148674  22281],[182612 148674  22278],12284,11888
197151564,2260,92271909894677085,864691135720061233,92271909894676229,864691136330101226,[199950 198796  20740],[199832 198838  20741],[199886 198776  20743],11878,11888
167819959,7456,89871538773547568,864691135294361782,89871538773559491,864691136330101226,[182416 140452  22209],[182346 140410  22214],[182392 140402  22208],5875,11888
149836586,26176,88740690997496254,864691136331247338,88740690997488606,864691136330101226,[174422 103312  21874],[174500 103332  21871],[174440 103315  21877],5441,11888
175745060,7408,90093090366454648,864691135741910164,90093090366467508,864691136022520056,[184152 217944  22135],[184192 217904  22144],[184164 217870  22143],11970,11933
189076975,6764,91215622884718969,864691136488999186,91215622884697828,864691136330101226,[192368 192984  21108],[192366 193072  21101],[192392 193038  21106],8957,11888
161636295,1684,89452762148293708,864691135067961412,89452762148307808,864691136022520056,[179538 165964  21337],[179430 165974  21347],[179542 165992  21339],2239,11933
193092748,4336,92205183618640503,864691135701629474,92205183618639381,864691136195798504,[199210 225886  23522],[199304 225838  23520],[199278 225872  23522],2205,11887
186696002,3720,91359590456945881,864691135929072340,91359590456956551,864691136022520056,[193546 217116  23179],[193518 217132  23184],[193546 217086  23179],12568,11933
157327539,3120,89373871987733081,864691136380816597,89373871987722871,864691136330101226,[179104 102146  19935],[179054 102238  19927],[179052 102178  19927],9000,11888
174081455,3672,90080789378966005,864691135336847849,90080789378950557,864691135566168599,[184072 126190  20745],[184026 126238  20735],[184036 126238  20742],2237,11886
166914227,1796,89944175260550877,864691136665051614,90014544004712676,864691136330101226,[183322 157120  22304],[183330 157140  22299],[183336 157158  22300],5435,11888
160104265,14096,89384386470155341,864691135470787666,89384386470148055,864691136330101226,[179228 180676  22772],[179220 180562  22769],[179184 180632  22770],5442,11888
169036262,16140,89594255550922930,864691135196592938,89594255550926713,864691136022520056,[180342 171238  21415],[180274 171252  21416],[180350 171314  21416],8904,11933
169004282,25456,89951253433557313,864691135619756943,89951253433566285,864691136195798504,[182860 209624  22618],[182834 209636  22627],[182783 209690  22624],5940,11887
157953303,5736,89307695198464187,864691135929072340,89307695198474443,864691135585266808,[178674 133348  20101],[178580 133346  20111],[178648 133294  20103],12568,11929
150230069,21680,88604970097813883,864691135493686111,88604970097815947,864691136330101226,[173320 140934  22195],[173354 140862  22197],[173306 140868  22195],5743,11888
167453345,6208,89942800870946311,864691135067961412,89942800870951398,864691136330101226,[182912 146700  22239],[182878 146682  22244],[182876 146668  22244],2239,11888
186550656,9588,91710609342926865,864691135760319822,91710609342929805,864691136330101226,[195628 210768  21764],[195638 210798  21764],[195608 210816  21759],9427,11888
180027260,2652,90932361336235672,864691135215023416,90932361336236976,864691136195798504,[190428 179872  22466],[190344 179888  22469],[190412 179852  22462],8908,11887
210051702,3200,93187665910274865,864691136177731846,93187665910261820,864691135346975135,[206378 205874  22960],[206400 205880  22956],[206382 205898  22957],2448,11889
146281734,8784,88254363327341917,864691135214123064,88183994583167568,864691136330101226,[170600 149828  22052],[170470 149886  22046],[170530 149866  22047],12346,11888
203120734,5164,92478687068536470,864691135295330828,92478687068537632,864691135346975135,[201262 166562  22685],[201272 166592  22694],[201298 166594  22691],9553,11889
173209971,5404,90572271277786272,864691135067961412,90572271277791772,864691136195798504,[187438 118274  22172],[187482 118204  22184],[187462 118260  22178],2239,11887
162161456,21760,89103529767230581,864691136665051614,89103598486703966,864691137021264750,[177122 185444  21089],[177114 185576  21088],[177112 185512  21089],5435,11935
182867588,12968,90723591364323328,864691135398817569,90723591364335565,864691135585266808,[188870 197188  20724],[188928 197166  20732],[188905 197213  20733],2976,11929
168697049,232,89527528871527879,864691135258642863,89527528871542069,864691135585266808,[180088 198528  20560],[180102 198494  20571],[180116 198506  20564],12290,11929
171994700,1380,90429884521969386,864691136665051614,90429884521957069,864691136195798504,[186722 106138  22148],[186774 106122  22139],[186756 106132  22146],5435,11887
143277119,16544,88036522452108468,864691135947258916,88036522452108305,864691136022520056,[169144  99750  21234],[169124  99606  21232],[169172  99684  21231],2280,11933
146043585,440,87836273897004457,864691135493624415,87836273897012432,864691136022520056,[167762 180816  21359],[167722 180864  21365],[167764 180813  21362],9401,11933
144379110,27076,87908703956861329,864691136138779517,87979072701010108,864691135585266808,[168460 195996  19111],[168582 195996  19104],[168518 196028  19107],2238,11929
118793232,3056,85588116416798593,864691135570135020,85588116416779844,864691136022520056,[151278 207684  22760],[151300 207664  22745],[151226 207720  22760],12619,11933
158133075,8460,89165995771882109,864691136058646488,89095627027714718,864691136022520056,[177248 126432  21370],[177156 126482  21368],[177194 126424  21368],2199,11933
183458217,2688,90654528625772928,864691135743102827,90654528625784711,864691137021264750,[188172 206592  23305],[188190 206556  23311],[188176 206554  23307],5440,11935
150877756,18508,88813395935366579,864691136138779517,88813395935375209,864691135585266808,[175084 120990  19828],[175026 120878  19836],[175028 120936  19832],2238,11929
190158537,8056,91495998282816769,864691135929072340,91495998282809980,864691135585266808,[194436 184772  20713],[194470 184806  20706],[194450 184808  20710],12568,11929
181974464,16568,90646763190689378,864691135619756943,90717131934859053,864691136195798504,[188362 148760  22280],[188490 148776  22271],[188438 148738  22273],5940,11887
144870989,3908,87899083498399089,864691135493686111,87969452242588826,864691137021264750,[168458 124280  21026],[168538 124332  21029],[168502 124298  21029],5743,11935
167604292,180,89880197427854012,864691136022520056,89950634891512521,864691137021264750,[182816 204950  22429],[182912 205096  22433],[182876 205032  22428],11933,11935
165668484,2572,89600715248680246,864691135802341986,89600715248675910,864691137021264750,[180554 219348  21750],[180426 219418  21743],[180480 219428  21750],9390,11935
132313459,3152,87202886345619190,864691135518283475,87202886345607449,864691135585266808,[162996 180016  20229],[162870 179968  20219],[162922 180034  20223],5735,11929
159560028,44364,88952278199341479,864691135464671550,88952278199345888,864691136330101226,[176120 107140  21473],[176156 107126  21478],[176194 107194  21470],2678,11888
176275888,7688,90232178654669481,864691135743102827,90232178654658381,864691137021264750,[185310 205626  22818],[185298 205714  22817],[185352 205666  22817],5440,11935
144871096,5516,87969177364755477,864691136177778950,87969177364756510,864691137021264750,[168704 122540  21097],[168596 122490  21102],[168646 122488  21102],2648,11935
181497798,2600,90715688825621875,864691135464671550,90715688825618588,864691136330101226,[188714 138390  22091],[188714 138382  22086],[188716 138410  22089],2678,11888
210568426,11708,93188696702052233,864691136118805668,93188696702042630,864691136022520056,[206770 213236  22596],[206848 213204  22593],[206815 213221  22595],11973,11933
126626203,42168,86293796387744801,864691136118805668,86293796387737815,864691136022520056,[156222 222662  20109],[156198 222612  20094],[156220 222610  20102],11973,11933
146622237,9080,88110670700678222,864691136138779517,88110670700685814,864691137021264750,[169542 128136  20954],[169586 128070  20961],[169560 128082  20962],2238,11935
160428723,41500,89308932149075939,864691136138779517,89308932149057460,864691135585266808,[178658 142652  20143],[178516 142744  20134],[178590 142710  20137],2238,11929
175486966,20656,90093502616336259,864691136138779517,90163871360509052,864691136330101226,[184258 221188  21734],[184358 221270  21730],[184322 221244  21734],2238,11888
148560587,252,88260616867132498,864691135977666883,88260616867124660,864691135640544571,[171030 196368  22846],[171024 196496  22842],[171054 196438  22845],11971,12267
182856921,1760,90791829871596102,864691136177778950,90791829871594487,864691135640544571,[189146 181074  21028],[189094 181128  21026],[189084 181090  21029],2648,12267
135725950,29096,87475634083079605,864691134919972106,87475702802543308,864691135977666883,[164968 115270  21314],[164910 115402  21303],[164976 115350  21309],2860,11971
145333404,2000,88254912815193643,864691136314491965,88254912815182249,864691135811658700,[170792 153878  20404],[170768 153922  20394],[170800 153882  20400],5509,12246
152500617,4528,88673071099134859,864691136138779517,88673071099131683,864691135774389755,[173836 123906  22067],[173714 123950  22069],[173772 123948  22070],2238,12316
154117067,3716,88753335314242816,864691136010928046,88682966570044950,864691135948123745,[174126 197750  21451],[174048 197718  21444],[174118 197746  21452],11884,12284
146135668,1240,88183032242469045,864691136138779517,88183032242470159,864691135811658700,[170170 142762  20383],[170078 142772  20376],[170116 142780  20376],2238,12246
150633145,1740,88459971867772832,864691136211325884,88459971867774935,864691135948123745,[172388 109044  21256],[172356 109030  21259],[172354 109036  21258],2202,12284
174046291,560,90372091240988784,864691135779049056,90372091240980009,864691135948123745,[186256 199632  20899],[186336 199540  20890],[186316 199620  20898],11936,12284
185951431,1008,91638660050901939,864691135210134905,91638660050893031,864691135258642863,[195132 199116  21868],[195168 199034  21862],[195162 199112  21860],6216,12290
183392020,3212,90937240485830528,864691135929072340,90937240485840535,864691135977666883,[190278 216028  22672],[190284 215994  22679],[190324 215978  22677],12568,11971
160582274,2588,89025258417400092,864691135943593332,89025327136861287,864691135779049056,[176248 126578  22079],[176320 126710  22076],[176250 126634  22082],2200,11936
153880998,16120,88892904638581220,864691136058745048,88892904638571273,864691135640544571,[175188 188690  21950],[175234 188680  21937],[175171 188659  21940],8912,12267
162362907,3396,89175272901166192,864691135409940425,89104904156984589,864691135398243105,[177206 195774  21288],[177184 195660  21293],[177204 195710  21293],5404,12286
155073003,11044,88402179190619648,864691136118805668,88402179190629949,864691135977666883,[172010 202728  24459],[171958 202654  24473],[171938 202720  24465],11973,11971
138588285,2028,87762263020729040,864691135619756943,87762331740237695,864691135977666883,[167164 153710  21482],[167242 153836  21488],[167224 153782  21485],5940,11971
139035051,7852,87693680982798979,864691135067961412,87693680982787162,864691135977666883,[166694 167026  21349],[166764 167054  21338],[166736 167040  21346],2239,11971
168940203,21352,89879303671874540,864691135478429352,89879303671869223,864691135811658700,[182438 198014  19268],[182330 198048  19261],[182388 198012  19267],9001,12246
111366018,3264,85377765964566052,864691136118805668,85377765964548355,864691135977666883,[149640 213450  21969],[149626 213534  21958],[149659 213521  21962],11973,11971
210620519,17316,92978483823069585,864691135878061395,92978483823057807,864691135948123745,[205224 220036  22960],[205272 220040  22952],[205210 220102  22958],12562,12284
164308620,17636,89803025388258830,864691136101341045,89803094107720521,864691135640544571,[181894 154212  21824],[181898 154344  21818],[181858 154278  21820],8916,12267
159561214,17060,89093290565536554,864691136211371452,89093290565543476,864691135640544571,[176766 108846  21396],[176848 108768  21406],[176838 108831  21403],8861,12267
143435688,468,88256768441967927,864691135465932357,88186330978314149,864691135977666883,[170534 167672  21572],[170522 167584  21582],[170538 167606  21581],6191,11971
144183922,9444,87970895486042105,864691135573191405,87970895486035661,864691135948123745,[168840 135186  22274],[168756 135122  22266],[168782 135154  22270],2277,12284
143569433,37512,87894342190272101,864691137198691137,87823973446107961,864691135948123745,[167974  89244  23816],[167852  89230  23823],[167926  89176  23822],2278,12284
197017120,13356,91851759282082322,864691136118805668,91851759282082221,864691135811658700,[196966 213898  22547],[196894 213806  22539],[196896 213864  22542],11973,12246
176019613,23516,90512828930257045,864691135619756943,90512828930246610,864691135977666883,[187004 199800  22038],[187022 199774  22030],[186968 199859  22032],5940,11971
178874095,13704,91005066743644699,864691135741930603,91005066743633538,864691135640544571,[190738 197008  23748],[190750 196956  23736],[190724 197016  23743],5908,12267
158189921,17632,89308863698033016,864691135732210873,89308863698027139,864691135779049056,[178464 142444  22209],[178614 142474  22202],[178540 142486  22207],5436,11936
165503024,6420,89667167117106298,864691135215023416,89667167117109482,864691135779049056,[180800 190382  22928],[180842 190448  22939],[180814 190432  22935],8908,11936
139125547,932,87619670106522071,864691135763433270,87619670106530689,864691135977666883,[166282 139888  21489],[166218 139926  21498],[166230 139960  21491],5475,11971
174173672,1720,90300898131415498,864691137198691137,90371266875565804,864691135258642863,[185858 193486  22812],[185982 193498  22803],[185930 193490  22807],2278,12290
154006728,10728,88823085649869392,864691136665051614,88823085649848273,864691135398243105,[174984 193158  21705],[175056 193146  21691],[175040 193144  21697],5435,12286
159459602,15852,89100781122383827,864691135196592938,89100781122385519,864691135779049056,[176818 164724  22118],[176740 164780  22127],[176798 164714  22127],8904,11936
190139788,19804,91498678677908947,864691135701629474,91498678677898328,864691135977666883,[194294 204818  23218],[194280 204802  23215],[194328 204820  23211],2205,11971
168481343,388,89875936753091584,864691136111556792,89875936753099564,864691135640544571,[182528 173082  21839],[182612 173066  21846],[182562 173106  21838],8960,12267
172085570,7848,90582785425169219,864691135346975135,90582785425167490,864691135258642863,[187514 196594  22978],[187508 196656  22980],[187510 196614  22975],11889,12290
199985512,2332,92835547176866927,864691136330101226,92835547176875870,864691135640544571,[203830 203620  21560],[203856 203514  21567],[203852 203556  21559],11888,12267
116617427,12540,85994729359459478,864691135464671550,85994729359471598,864691135640544571,[154198  91566  21404],[154178  91490  21419],[154194  91554  21413],2678,12267
168520420,16344,89593156039114422,864691136052688115,89593156039100541,864691135774389755,[180456 163150  21195],[180314 163144  21186],[180449 163180  21189],8962,12316
217056615,2624,93749034979904025,864691135493686111,93749034979902217,864691135640544571,[210730 194136  20120],[210786 194072  20118],[210736 194090  20120],5743,12267
180420639,16468,89176922370050031,864691135587758716,89176922370055290,864691135811658700,[177662 207656  22934],[177660 207712  22937],[177617 207672  22937],5432,12246
148509337,3008,88048479641360755,864691136177726726,88048479641345844,864691135258642863,[169332 188824  21471],[169212 188882  21463],[169242 188897  21464],2738,12290
134399573,23224,86783972818069998,864691135587758716,86784041537559175,864691135811658700,[159920 204966  23265],[159970 205074  23266],[159896 205010  23259],5432,12246
159746307,4380,89446783553453363,864691135839950227,89376414809266404,864691135258642863,[179266 121200  21030],[179206 121180  21028],[179222 121232  21029],2757,12290
144553632,3336,87970826498026850,864691136314404669,87970826498022418,864691135811658700,[168516 134774  20109],[168552 134848  20110],[168550 134812  20111],2484,12246
153674772,10436,88675751091797686,864691135743102827,88675751091790442,864691135948123745,[173650 143800  21726],[173696 143852  21719],[173672 143893  21721],5440,12284
151555092,3920,88673414629788151,864691135943593332,88673414629794496,864691135948123745,[173684 126328  21916],[173668 126388  21918],[173704 126342  21919],2200,12284
139974544,6160,87555898364964215,864691135916843366,87555898364966334,864691135811658700,[165682 189062  20953],[165682 189000  20949],[165668 189048  20949],8913,12246
159361636,2536,89100437524891868,864691135215023416,89100437524887241,864691135774389755,[176818 162146  22028],[176770 162084  22022],[176762 162156  22028],8908,12316
139369807,2140,87554936291972828,864691135584504429,87554936291971928,864691135774389755,[165518 181654  20685],[165488 181628  20687],[165470 181644  20685],5479,12316
162530263,9864,89247290644598722,864691136968773070,89247359364079137,864691135774389755,[178106 208018  19440],[178186 208094  19438],[178132 208044  19435],8868,12316
134665349,15864,86783560367053126,864691135619756943,86783560367044928,864691135977666883,[159938 201794  22317],[159982 201820  22310],[159986 201760  22318],5940,11971
182097893,7144,91005272566651389,864691135336847849,91005203847183290,864691135774389755,[190572 198380  21307],[190500 198322  21310],[190498 198342  21305],2237,12316
179112587,16384,91061897348502757,864691134950156796,91061897348500812,864691135640544571,[191314  96326  20932],[191300  96242  20933],[191242  96258  20931],2158,12267
159716621,17684,89453792940061404,864691135493686111,89453792940070735,864691135258642863,[179510 173458  21016],[179444 173452  21030],[179534 173476  21021],5743,12290
129395408,17800,86909935216526106,864691135464671550,86909935216527096,864691135774389755,[161220  94688  20444],[161308  94708  20449],[161234  94722  20443],2678,12316
129587360,12236,86924366440523284,864691137198691137,86924366440513038,864691135774389755,[161002 202172  21176],[161042 202208  21172],[161016 202098  21171],2278,12316
140672072,2332,87694574335674560,864691135763433270,87694505616195266,864691135258642863,[166818 173306  21065],[166812 173224  21062],[166788 173290  21066],5475,12290
146184828,2776,87759995143777856,864691136011686318,87830363954519640,864691135811658700,[167440 136820  20480],[167558 136726  20488],[167486 136772  20483],5476,12246
187272513,3212,91497029410489152,864691135739689073,91497029410502005,864691135774389755,[194486 192664  23234],[194504 192592  23243],[194520 192622  23237],2859,12316
158709630,31160,89098307154439753,864691135741930603,89168675898618088,864691135774389755,[177140 146310  21882],[177254 146310  21889],[177196 146358  21891],5908,12316
153674817,9768,88675682305516844,864691135294361782,88675682372079213,864691135948123745,[173688 143146  21504],[173764 143198  21515],[173728 143218  21509],5875,12284
160833719,23552,89376689687168522,864691135839950227,89306320942990815,864691135258642863,[178730 123216  21008],[178712 123274  21012],[178694 123236  21009],2757,12290
165749010,2808,89527529274157435,864691135490505018,89527529274145855,864691135977666883,[179758 198390  23584],[179768 198406  23575],[179814 198416  23576],8909,11971
140301035,548,87767966602823293,864691136011768494,87767966602810404,864691135779049056,[167002 195914  20220],[167088 195860  20213],[167052 195884  20218],9002,11936
153674842,4732,88675751091792045,864691135738969220,88675819811263364,864691135948123745,[173736 144026  21723],[173718 144090  21725],[173728 144098  21724],2197,12284
146582452,16208,87832700550957314,864691135619756943,87832700550972212,864691135977666883,[167664 154132  21510],[167614 154188  21525],[167646 154146  21519],5940,11971
161489383,892,89028556885620673,864691135294442678,89028556885630053,864691135774389755,[176270 151192  21971],[176222 151154  21977],[176250 151168  21977],5477,12316
150230460,10592,88675270122367467,864691135738969220,88675201402879922,864691135774389755,[173634 139988  22069],[173686 139898  22061],[173671 139977  22060],2197,12316
181257310,4888,90653841363934972,864691135943593332,90653841363923336,864691135977666883,[188126 201692  22812],[188132 201680  22805],[188102 201672  22809],2200,11971
165997770,5704,89528078761592725,864691136010928046,89528078761608977,864691135948123745,[179986 202858  21603],[180044 202852  21614],[179923 202873  21607],11884,12284
154926733,2764,88681386222880508,864691136177726726,88681386222875648,864691135258642863,[173682 185776  22540],[173780 185828  22539],[173738 185800  22540],2738,12290
160903149,3128,88956538940827123,864691135732210873,88956538940837455,864691135779049056,[175762 138872  22221],[175654 138836  22226],[175714 138892  22219],5436,11936
162714360,896,89245641444193446,864691135067961412,89245641444190709,864691135977666883,[178016 195650  19921],[178034 195742  19916],[178036 195698  19916],2239,11971
182587338,8456,90793685297463396,864691135885406064,90793685297477180,864691135779049056,[189160 194942  21012],[189146 194970  21022],[189166 194912  21021],11882,11936
176609167,13652,90232659489809588,864691135294361782,90232659489797021,864691135977666883,[185140 209250  21390],[185132 209224  21379],[185064 209244  21383],5875,11971
179534139,688,90653634870088666,864691135617409385,90653566150616575,864691135398243105,[188264 199958  20347],[188326 199860  20357],[188336 199930  20356],12372,12286
98971860,5296,84111884550489300,864691136118805668,84111884550484338,864691135977666883,[140622 219212  22298],[140686 219294  22293],[140634 219288  22292],11973,11971
150633185,3004,88459903148306854,864691136211325884,88459971867776250,864691135948123745,[172390 108740  21266],[172398 108776  21263],[172406 108740  21261],2202,12284
169520586,3812,89528903127137730,864691135409940425,89458534382947446,864691135811658700,[179748 209094  19812],[179730 209030  19817],[179722 209078  19815],5404,12246
158470551,3132,88957638452380178,864691136665051614,88957638452369029,864691135779049056,[175990 147066  22164],[176044 147062  22150],[176059 147045  22155],5435,11936
146184980,2400,87830432674025712,864691136011686318,87830432674021348,864691135811658700,[167552 137112  20502],[167676 137186  20500],[167632 137164  20496],5476,12246
160546257,4924,88892423400481690,864691136229363025,88892423400482690,864691135258642863,[175576 185336  20061],[175588 185424  20061],[175572 185412  20059],8910,12290
175312082,10512,90583746960994988,864691135619756943,90583746961001088,864691135398243105,[187494 203800  18931],[187454 203934  18938],[187449 203747  18920],5940,12286
147845114,1356,88188736092882660,864691134919972106,88188736092898585,864691135977666883,[170214 185118  21063],[170210 185206  21070],[170174 185162  21065],2860,11971
147843329,13524,88047998604523407,864691134919972106,88047998604506649,864691135977666883,[169226 185178  21058],[169262 185278  21047],[169254 185208  21051],2860,11971
165806771,2456,89946992558040578,864691135493686111,89946992558048384,864691135258642863,[182994 178044  20985],[183016 178136  20987],[183038 178070  20988],5743,12290
158258289,3232,89236639326996236,864691135572576237,89236639327000913,864691135258642863,[177808 128560  20971],[177848 128554  20978],[177830 128530  20975],2240,12290
182098044,448,91005272566614452,864691136195798504,91005272566598393,864691135258642863,[190730 198382  21272],[190710 198424  21261],[190722 198408  21266],11887,12290
154900272,11908,88611085929736185,864691135493686111,88611085929726755,864691135258642863,[173414 186356  20504],[173444 186298  20493],[173470 186370  20496],5743,12290
162210082,21972,88962379895250170,864691134919972106,88962311175757141,864691135977666883,[175956 181966  20900],[175936 181926  20894],[175901 181991  20891],2860,11971
154900972,6744,88751823418120191,864691135493686111,88751823418136740,864691135258642863,[174480 186230  20516],[174492 186274  20530],[174494 186284  20522],5743,12290
193911194,1656,91990022802387108,864691135703164283,91990022802383496,864691135640544571,[197828 195584  22241],[197806 195628  22240],[197850 195586  22238],9330,12267
150830455,18840,88461346391311196,864691135464671550,88461346391301351,864691135774389755,[172454 119098  22082],[172536 119028  22079],[172520 119050  22079],2678,12316
155269896,41544,88682142137427425,864691135587758716,88682142137424806,864691135774389755,[173950 191326  22843],[173954 191350  22837],[173998 191304  22842],5432,12316
153383067,492,88399155197891224,864691136380816597,88399155197882279,864691135977666883,[171812 180366  21694],[171708 180390  21686],[171736 180438  21695],9000,11971
151661566,216,88605519786561215,864691136976001308,88605519786563715,864691135948123745,[173376 144814  21743],[173340 144712  21744],[173362 144736  21742],2842,12284
158421922,8556,89315872950644894,864691135276132325,89315872950645918,864691135811658700,[178478 194440  21383],[178324 194508  21385],[178328 194433  21384],5506,12246
197450019,28880,91780634489549137,864691135760319822,91780565770057745,864691135640544571,[196568 208194  21616],[196622 208068  21618],[196576 208136  21622],9427,12267
175042276,2800,90513790667575205,864691135480652998,90513790667577741,864691135948123745,[187248 207036  19649],[187246 206946  19653],[187294 207014  19652],11883,12284
156896901,22128,89235058912906864,864691136042462038,89235058912892235,864691135640544571,[178082 116914  21697],[177992 116900  21691],[178048 116894  21696],5446,12267
167701413,2448,89450357033700450,864691135258646703,89450357033707311,864691135640544571,[179656 147808  21838],[179640 147752  21845],[179630 147778  21842],5505,12267
150792719,700,88747494292913138,864691136298125851,88747494292907386,864691135640544571,[174362 153888  22494],[174270 153934  22485],[174312 153894  22491],5474,12267
160471633,22964,89306939485810888,864691135294361782,89306939485816702,864691135640544571,[178410 127880  21883],[178462 127900  21886],[178490 127884  21882],5875,12267
174140612,360,90441498180542013,864691134950156796,90441498180536651,864691135948123745,[186804 192620  22572],[186738 192586  22563],[186758 192578  22566],2158,12284
150830657,4744,88531921293903903,864691135398817569,88531921293902106,864691135948123745,[172616 120646  22069],[172744 120654  22063],[172694 120632  22064],2976,12284
160601457,18348,89173898377377861,864691135743102827,89173898377374423,864691135258642863,[177650 185360  20254],[177582 185238  20250],[177600 185310  20258],5440,12290
152482824,2060,88673002312885601,864691135703164283,88673002312890074,864691135948123745,[174066 123354  21888],[173970 123416  21893],[173994 123382  21892],9330,12284
144181404,5120,88189835873063442,864691135490505018,88189835873068731,864691135948123745,[170116 193358  23208],[170086 193286  23214],[170066 193280  23211],8909,12284
152482755,8172,88672864873924601,864691137198691137,88672864873933797,864691135948123745,[173942 122324  21865],[173914 122310  21864],[173924 122290  21865],2278,12284
153972492,1900,88753747899344251,864691135573191405,88753747899329018,864691135948123745,[174184 200838  23398],[174280 200850  23388],[174206 200814  23397],2277,12284
183179866,1868,90863023115712229,864691136052688115,90863023115725038,864691135258642863,[189782 187502  20389],[189786 187464  20395],[189780 187454  20391],8962,12290
174957635,10900,90159816710006157,864691136058745048,90159816709999066,864691135977666883,[184680 191092  20137],[184634 191100  20127],[184662 191104  20132],8912,11971
153334070,176,88821230224289048,864691136010928046,88821298943713986,864691135811658700,[174824 179376  21973],[174704 179494  21969],[174748 179424  21976],11884,12246
160903567,21496,88956607660231355,864691135732210873,88956607660236287,864691135779049056,[176132 139188  22164],[176110 139270  22165],[176168 139198  22163],5436,11936
210567221,2716,93047959213705169,864691136118805668,93047959213709950,864691135640544571,[205754 213420  22602],[205730 213292  22613],[205752 213348  22608],11973,12267
181875016,3516,90722560639304756,864691135196592938,90722560639303738,864691135640544571,[188582 189358  21264],[188522 189330  21265],[188556 189340  21265],8904,12267
165997888,10332,89527941255994698,864691135276132325,89527941322514820,864691135811658700,[180124 201544  21498],[180042 201572  21507],[180078 201573  21502],5506,12246
144264667,10940,88048136312032106,864691135868919318,88118505056231898,864691135774389755,[169438 186488  23220],[169572 186438  23221],[169504 186482  23219],12637,12316
162861452,7104,89317728577822755,864691135732210873,89317728577835282,864691135774389755,[178426 208514  22882],[178490 208464  22889],[178444 208462  22891],5436,12316
129506387,6448,86924022910137916,864691135774389755,86924022910129726,864691135398243105,[161188 199630  21573],[161146 199636  21566],[161236 199671  21568],12316,12286
157526649,4464,89444653249710851,864691135738969220,89374284505543034,864691135258642863,[179268 105268  21071],[179186 105196  21066],[179226 105248  21067],2197,12290
174951365,240,90512279308660267,864691135409940425,90512279308657009,864691135258642863,[187150 195486  23052],[187160 195422  23049],[187136 195490  23050],5404,12290
153341437,2124,88675063897276108,864691136177726726,88675063897285376,864691135948123745,[174046 138476  21927],[173996 138558  21940],[174002 138528  21933],2738,12284
153084597,2960,88889743542395915,864691135779049056,88889743542413757,864691135640544571,[175426 165444  21778],[175304 165426  21793],[175446 165450  21785],11936,12267
166131913,36328,89669022341644775,864691135294361782,89669022341632933,864691135640544571,[180800 204110  21435],[180788 204056  21426],[180902 203932  21424],5875,12267
162731910,19440,89244954718701912,864691135309722950,89244954718703517,864691135779049056,[177900 190502  23070],[177976 190530  23070],[177942 190532  23065],2541,11936
190314188,3108,91710059721102044,864691136058646488,91639622257459276,864691135398243105,[195672 206536  22588],[195554 206452  22586],[195598 206468  22586],2199,12286
158198769,656,88954614594047956,864691135464671550,88884245849875934,864691135258642863,[175684 124156  20593],[175582 124202  20594],[175653 124157  20593],2678,12290
136597562,16140,87614584932188987,864691135464671550,87614584932187148,864691135774389755,[166260 101892  21867],[166312 101954  21872],[166324 101900  21867],2678,12316
153095243,21600,88745020324718687,864691136138779517,88745020391175992,864691135774389755,[174490 135686  22014],[174458 135702  22019],[174452 135674  22014],2238,12316
182856755,1120,90721461127453246,864691136177778950,90721461127455620,864691135640544571,[188884 181164  21055],[188878 181276  21056],[188900 181210  21053],2648,12267
210400142,13548,93399253044791255,864691135448303762,93328884300599227,864691135868919318,[208004 209466  21781],[207898 209372  21796],[207954 209406  21790],2778,12637
169521155,23224,89599546749356240,864691136118805668,89599546749356996,864691135617409385,[180358 210886  19923],[180422 211030  19918],[180430 210952  19924],11973,12372
159068812,8368,88888712817132092,864691135409940425,88888712817125269,864691135214123064,[175516 157486  22087],[175574 157560  22080],[175596 157526  22083],5404,12346
166833094,228,89947061411270673,864691135067961412,89947061411287444,864691135617409385,[183224 178804  21615],[183120 178810  21622],[183164 178776  21616],2239,12372
166832863,1848,89946992691817921,864691135067961412,89876623947634397,864691135617409385,[182922 178212  21620],[182806 178326  21614],[182868 178286  21618],2239,12372
190493020,12652,91569527988632170,864691135929072340,91569527988645884,864691135617409385,[194746 208332  19620],[194764 208286  19636],[194762 208332  19629],12568,12372
175682193,5532,90441360607359385,864691135196592938,90441360607355705,864691135214123064,[186842 191578  21536],[186816 191496  21534],[186810 191486  21539],8904,12346
200196989,2824,92482603810449365,864691135741910164,92482603810465630,864691135617409385,[201482 195458  20817],[201442 195516  20826],[201410 195551  20816],11970,12372
152059978,4364,88398949039332333,864691135802341986,88399017758806258,864691135214123064,[171668 178834  21578],[171674 178982  21583],[171718 178908  21583],9390,12346
125101697,18612,86564139010642726,864691136058745048,86564139010634939,864691135868919318,[158290 139624  21724],[158284 139542  21722],[158262 139580  21727],8912,12637
211323023,39764,92975803628843803,864691135196592938,92975803628843760,864691135214123064,[205232 200056  21530],[205172 199990  21526],[205222 200024  21529],8904,12346
166362869,33684,89731213266486129,864691135763433270,89731213266496364,864691135617409385,[181640 143458  19624],[181628 143348  19630],[181708 143390  19632],5475,12372
162612998,18156,89315116835097211,864691135448303762,89315116835096462,864691135617409385,[178370 188644  19863],[178448 188702  19867],[178418 188662  19868],2778,12372
125841769,1864,86634507754888890,864691136976001308,86634507754894809,864691135868919318,[158816 139968  21780],[158804 139962  21784],[158812 139960  21783],2842,12637
197256679,11800,91779947429082894,864691135409940425,91779947429094496,864691135878061395,[196216 203424  22729],[196328 203380  22739],[196252 203428  22735],5404,12562
183276674,2528,90585809082191945,864691136010928046,90585809082174449,864691135214123064,[187856 218826  22995],[187926 218910  22985],[187862 218882  22989],11884,12346
126631152,1680,86075818476058429,864691135398243105,86075818476062795,864691135570135020,[155074 171596  22253],[155132 171658  22258],[155088 171650  22255],12286,12619
154955415,36788,88890568243092898,864691135493624415,88890499523607482,864691135214123064,[175314 171326  22174],[175192 171184  22174],[175260 171264  22168],9401,12346
151250186,248,88812296758954688,864691136177778950,88812296758964535,864691135214123064,[174800 112678  22042],[174778 112730  22045],[174802 112748  22043],2648,12346
167830140,7896,89598859889721381,864691135498973715,89598859889716081,864691135214123064,[180380 205874  22087],[180296 205880  22087],[180332 205892  22088],2241,12346
134666359,3960,86924435294451451,864691136211325884,86924366574973463,864691135878061395,[161158 202544  22406],[161164 202438  22393],[161122 202500  22400],2202,12562
158185024,2468,88957432293950009,864691135743102827,88887063549775861,864691135214123064,[175728 145462  22145],[175624 145434  22160],[175660 145448  22153],5440,12346
153096624,2268,88885826599132482,864691135572576237,88885757879645467,864691135214123064,[175320 135948  22120],[175268 135866  22116],[175246 135878  22115],2240,12346
188979379,5736,91638797288469650,864691136314404669,91638797288469636,864691135617409385,[195320 200224  20282],[195228 200246  20280],[195258 200240  20280],2484,12372
163858710,10704,89801238413088989,864691136665051614,89801238346530912,864691135617409385,[181892 140632  19462],[181970 140660  19454],[181936 140598  19458],5435,12372
