unit_i,unit_j,pearson_r
2158,2162,0.01436111612374853
2158,2196,0.026958128857245574
2158,2197,0.03284280520055767
2158,2199,0.017247685681877994
2158,2200,0.04118252072077891
2158,2201,0.049235172991150156
2158,2202,0.03138277760285612
2158,2205,0.029095581271115296
2158,2207,0.029759868211038203
2158,2237,0.02902547087430542
2158,2238,0.03872434352536927
2158,2239,0.025466803486981965
2158,2240,0.0494956637011332
2158,2241,0.02781691933655403
2158,2277,0.0035482377861584683
2158,2278,0.029567248113959686
2158,2280,0.02794827642924265
2158,2448,0.01086578316495552
2158,2484,0.02294610456878077
2158,2541,0.00884497900343636
2158,2648,0.017896438628941913
2158,2678,0.0069680610540887086
2158,2738,0.014226898938031293
2158,2757,0.05136996978219262
2158,2778,0.027122854470099385
2158,2842,0.015033970452977365
2158,2859,0.06952603267435818
2158,2860,0.05998137790056344
2158,2976,0.04678793642191879
2158,5404,0.03405940075186579
2158,5432,0.02780562441124924
2158,5435,0.030343131742835424
2158,5436,0.010919853957256224
2158,5437,0.05502269914643776
2158,5438,0.027234880611473736
2158,5439,0.05422416434831332
2158,5440,0.029357127032937105
2158,5441,0.03300830428199884
2158,5442,0.0074847494417718905
2158,5444,0.02708300111502731
2158,5446,0.05052448490857029
2158,5474,0.03467571243305621
2158,5475,0.0489733454625229
2158,5476,0.015303164415080556
2158,5477,0.03747365394565192
2158,5479,0.054309262179653275
2158,5505,0.021771750869315556
2158,5506,0.027786873092919002
2158,5507,0.01333519537636841
2158,5508,0.009185127094147478
2158,5509,0.03515107246593247
2158,5735,0.019874892336165764
2158,5743,0.018461279396612303
2158,5875,0.03584577157973857
2158,5908,0.020466327781128748
2158,5940,0.059874802260179286
2158,6191,0.011711436577569085
2158,6216,0.00921410387987373
2158,8861,0.01949044544316707
2158,8868,0.01718903771830011
2158,8904,0.013492696665313275
2158,8906,0.00918374548942072
2158,8907,0.012001652872312966
2158,8908,0.040884162044750205
2158,8909,0.020485023598843483
2158,8910,0.009694413901959926
2158,8911,0.008617801709223143
2158,8912,0.018268106808183
2158,8913,0.02422139678594083
2158,8914,-0.005182574273296487
2158,8916,0.017308770510095058
2158,8955,0.003343247070513127
2158,8956,0.008435435858078315
2158,8957,0.018371839850073023
2158,8958,0.037532014108626895
2158,8959,-0.0007417624653885446
2158,8960,0.02568745535610096
2158,8962,0.02521715275990003
2158,8963,0.01386630164798705
2158,8964,0.015480138643342366
2158,9000,0.016339900434012632
2158,9001,0.023876743244177462
2158,9002,0.010041800809115015
2158,9004,0.005361389736843815
2158,9155,0.020126978962233442
2158,9330,0.026688830479212753
2158,9337,0.022164257254841467
2158,9390,0.009778193955372851
2158,9401,0.005226632036137363
2158,9427,0.024721995520509393
2158,9428,0.016999351049539764
2158,9446,0.025307505473835548
2158,9465,0.006092462201050197
2158,9553,0.036501585161060085
2158,9651,0.030485449111674678
2158,11878,0.04599874632904699
2158,11882,0.03795618591979683
2158,11883,0.0187077893897336
2158,11884,0.02399999298256667
2158,11886,0.03263032462821449
2158,11887,0.0536799924636448
2158,11888,0.022190139343540017
2158,11889,0.02878324307675986
2158,11929,0.03711267770674698
2158,11930,0.021658395592883083
2158,11931,0.03947302475420101
2158,11933,0.009377842680320854
2158,11934,0.0346873886190487
2158,11935,0.026872129905033553
2158,11936,0.0036237747462329528
2158,11970,0.03895049917656447
2158,11971,0.03374714016618779
2158,11973,0.022818802231788504
2158,12246,0.039960855402217055
2158,12267,0.027847143476345232
2158,12284,0.04798545789244059
2158,12286,0.025512440106468193
2158,12290,0.030945274914522387
2158,12316,0.006992486354717761
2158,12346,0.010519534580492438
2158,12372,0.049483100790515586
2158,12562,0.02497941098537302
2158,12568,0.04094924865611151
2158,12619,0.03402196149723386
2158,12637,0.03920808420177034
2162,2196,0.010115863033467466
2162,2197,0.005537787936815563
2162,2199,-0.002227863626099348
2162,2200,0.012509795396905417
2162,2201,0.021536165396033716
2162,2202,0.015504637521435435
2162,2205,-0.0037296900316095647
2162,2207,0.05409968350250159
2162,2237,0.02029831460380135
2162,2238,0.012436788471683717
2162,2239,0.02073118739844661
2162,2240,0.04067454307734796
2162,2241,0.0065511049045368416
2162,2277,-0.000246425399089637
2162,2278,0.0028495471114161758
2162,2280,-0.004050930521625506
2162,2448,0.00943855401463207
2162,2484,0.004662318469200823
2162,2541,0.005600564684015371
2162,2648,0.00785001265779182
2162,2678,0.036882724844109635
2162,2738,0.037914007122985
2162,2757,0.014931148245984691
2162,2778,0.002709897636272366
2162,2842,0.02812513093149247
2162,2859,0.03619752333851482
2162,2860,0.0024332874705502395
2162,2976,0.011834390110677384
2162,5404,0.019876332685570267
2162,5432,0.010707448478666308
2162,5435,0.016647097370284848
2162,5436,0.0037630364956447613
2162,5437,0.0017143389719185675
2162,5438,0.005390795934846381
2162,5439,0.019831950795101173
2162,5440,0.024139220795429277
2162,5441,-0.0011924765039576794
2162,5442,0.0068529252347167635
2162,5444,0.013845427724702776
2162,5446,0.013710208712904104
2162,5474,0.009993489267452605
2162,5475,0.00899554326644513
2162,5476,-0.0009724165311133996
2162,5477,0.011129936976144431
2162,5479,0.010166836244093274
2162,5505,0.010515429168561338
2162,5506,0.0051213921563389485
2162,5507,-0.00193270847455796
2162,5508,0.0404378617893071
2162,5509,0.004533905692613617
2162,5735,0.004282303628070772
2162,5743,0.0052501852515816575
2162,5875,-0.0022267198940990633
2162,5908,-0.0008667787123221745
2162,5940,-0.0016679032463024854
2162,6191,0.0016470656215428418
2162,6216,0.01368349731062516
2162,8861,0.008106506750108305
2162,8868,0.01439907747200078
2162,8904,0.010178766165398544
2162,8906,-0.0022161520931863366
2162,8907,-0.005713047553138481
2162,8908,0.01172111134466452
2162,8909,0.024477087973542103
2162,8910,0.009783814292205617
2162,8911,0.012009279111674782
2162,8912,0.00028307418752163594
2162,8913,0.01515125469755254
2162,8914,-0.006251117456115346
2162,8916,0.009973291727847037
2162,8955,-0.0035197409774651908
2162,8956,0.0066102831912925085
2162,8957,0.004552898554816114
2162,8958,-0.002670714294703173
2162,8959,0.0008924704075302243
2162,8960,0.01789661026011373
2162,8962,0.012863736107669367
2162,8963,-0.006325478702591582
2162,8964,-0.00173214364918892
2162,9000,-0.0014346462476367771
2162,9001,-0.007669753550353126
2162,9002,-0.004045035397444377
2162,9004,0.0029430629663792585
2162,9155,0.001361646013682338
2162,9330,-0.002622439370239452
2162,9337,-0.001655489099122643
2162,9390,0.005356708279956646
2162,9401,-0.005698300594440641
2162,9427,0.015994591045663475
2162,9428,-0.003275787830330595
2162,9446,-0.006978966361981979
2162,9465,0.011236771199149127
2162,9553,0.005510474945318618
2162,9651,0.013401059566406947
2162,11878,0.01990407924152771
2162,11882,0.014758569178607205
2162,11883,0.02332265273099388
2162,11884,0.004695031365836675
2162,11886,0.04211578498449273
2162,11887,0.005237913007158982
2162,11888,0.008944131779171829
2162,11889,0.0020892492358180184
2162,11929,0.035577742201712365
2162,11930,0.010893185539300366
2162,11931,0.00785881696006137
2162,11933,-0.0012992606082969517
2162,11934,-0.004431571046166401
2162,11935,0.014583598494716066
2162,11936,0.04282077557209965
2162,11970,0.0007885532623791645
2162,11971,-0.010099110489764864
2162,11973,0.02643071668498712
2162,12246,-0.006930233189485519
2162,12267,0.015234214265133335
2162,12284,0.02948789629140212
2162,12286,0.02579458639300581
2162,12290,0.02815123587444591
2162,12316,0.014058854330011184
2162,12346,0.10808125215944073
2162,12372,0.006009743301169333
2162,12562,-0.003888575419928798
2162,12568,0.01582362041080901
2162,12619,0.004711660386377984
2162,12637,0.0013696910314895015
2196,2197,0.05328775732774539
2196,2199,0.010369335750027594
2196,2200,0.03511424198957796
2196,2201,0.04528055507665385
2196,2202,0.0422995900074506
2196,2205,0.007639227573713327
2196,2207,0.01555081814546829
2196,2237,0.016290701357638354
2196,2238,0.016200972177084803
2196,2239,0.00843518120857308
2196,2240,0.02320215284975367
2196,2241,0.014023325071432925
2196,2277,-0.0029946706821717957
2196,2278,0.02113820655993632
2196,2280,-0.0009084812441596993
2196,2448,-0.002959965389661376
2196,2484,0.01993302205551494
2196,2541,0.01213199632168765
2196,2648,0.008870218746333034
2196,2678,-0.0013527257209095624
2196,2738,0.002988121516424397
2196,2757,0.01299536016751709
2196,2778,0.041516991241854304
2196,2842,0.018354050061844727
2196,2859,0.015018592417495109
2196,2860,0.044426125821864206
2196,2976,0.030936010314054276
2196,5404,0.017168301504413525
2196,5432,0.047728344470099035
2196,5435,0.05326130562200038
2196,5436,0.015709296038256947
2196,5437,0.04058879705039818
2196,5438,0.012677349721462734
2196,5439,0.02578543080056215
2196,5440,0.007167838507067317
2196,5441,-0.0008458309296836609
2196,5442,0.006646342576728353
2196,5444,0.01929089980066279
2196,5446,0.0020593092156039705
2196,5474,0.024599613434070154
2196,5475,0.03397674187616219
2196,5476,0.021123591645736895
2196,5477,0.00930539475345642
2196,5479,0.00621243669346821
2196,5505,-0.005724594786185657
2196,5506,0.005486198000074808
2196,5507,0.02643482945033367
2196,5508,0.019610496899080183
2196,5509,0.026910275065766525
2196,5735,0.02038497148457114
2196,5743,0.004820747596493534
2196,5875,0.0032775893151724056
2196,5908,0.020333449329789914
2196,5940,0.010926646305692504
2196,6191,0.019007814541106876
2196,6216,0.0008825806637711138
2196,8861,0.020308108942025407
2196,8868,-0.008327431458597908
2196,8904,0.039372354870827
2196,8906,0.007930022421697746
2196,8907,0.015333232924331716
2196,8908,0.006422592491923606
2196,8909,0.011006633818400158
2196,8910,0.020119415785095084
2196,8911,0.008069539668788362
2196,8912,0.008013720805451699
2196,8913,0.022495184878556063
2196,8914,-0.007721953000370676
2196,8916,0.006986711323729596
2196,8955,-0.0016742118089959168
2196,8956,-0.004898405651898544
2196,8957,0.020416631251151462
2196,8958,0.023661249884370662
2196,8959,0.02919998148076854
2196,8960,0.021055513684138747
2196,8962,0.01073377753033225
2196,8963,0.011115358849801898
2196,8964,-0.0032263395660497803
2196,9000,0.006455633144009948
2196,9001,0.02332385904891222
2196,9002,0.0071770660189542064
2196,9004,0.014330790650657272
2196,9155,0.020527178691000705
2196,9330,0.009803562489522133
2196,9337,0.00876362915107593
2196,9390,0.01350911076801671
2196,9401,0.013563797799336008
2196,9427,0.021830956177343215
2196,9428,0.022438516324709338
2196,9446,0.002509576583522443
2196,9465,0.021502000101167217
2196,9553,0.03030089318657613
2196,9651,0.02143175270914899
2196,11878,0.016523032794589682
2196,11882,0.03117792621253831
2196,11883,0.001335446499937313
2196,11884,0.04066270083511855
2196,11886,0.006168272260534068
2196,11887,0.010145880923166196
2196,11888,0.02157898178730468
2196,11889,0.017098646374213683
2196,11929,0.049097214873812904
2196,11930,0.022481121357815236
2196,11931,0.0425136547272561
2196,11933,0.030634770918809378
2196,11934,0.04705941117598908
2196,11935,0.011713228882381984
2196,11936,0.009901541177057768
2196,11970,0.006508333537861962
2196,11971,0.00708545236597522
2196,11973,0.03320109777980086
2196,12246,0.006972335948604833
2196,12267,0.014421032177352711
2196,12284,0.053748359536636044
2196,12286,0.015016680355694848
2196,12290,0.017096841230845095
2196,12316,0.018013450212874666
2196,12346,0.00800162440866538
2196,12372,0.008650164524569319
2196,12562,0.00782388520849869
2196,12568,0.02327195740531052
2196,12619,0.020880637970871817
2196,12637,0.03550487739097177
2197,2199,0.013968478300982117
2197,2200,0.036462698266248914
2197,2201,0.021283192133977235
2197,2202,0.02146393423090684
2197,2205,0.0240850729122484
2197,2207,0.026712322395759446
2197,2237,0.03730402737116006
2197,2238,0.025686652199583333
2197,2239,0.014995299099571558
2197,2240,0.018594444357843153
2197,2241,0.00804282838911168
2197,2277,-0.009713514297513557
2197,2278,0.011244910633885141
2197,2280,0.007850725049389141
2197,2448,0.0019776070532272374
2197,2484,0.02562326983376096
2197,2541,0.0007590680174829144
2197,2648,0.009167360659392944
2197,2678,0.0186642952514156
2197,2738,0.007805421015687222
2197,2757,0.031871079585333285
2197,2778,0.00155638371828514
2197,2842,0.0013529880088290302
2197,2859,0.030867961156376935
2197,2860,0.034456011169280466
2197,2976,0.03240578176830429
2197,5404,0.013515407891911578
2197,5432,0.0040742022197434525
2197,5435,0.010008903975084372
2197,5436,0.017201163183746815
2197,5437,0.031757366964043875
2197,5438,0.03227603131148622
2197,5439,0.022446774723020837
2197,5440,0.0176920399553188
2197,5441,0.007927196300189175
2197,5442,0.004671581413171037
2197,5444,0.010523388949339156
2197,5446,0.032628409986709336
2197,5474,0.02516301550262249
2197,5475,0.020959558704571044
2197,5476,0.042914092115980816
2197,5477,0.010390505496917208
2197,5479,0.004772232473646782
2197,5505,0.00071987729902228
2197,5506,0.017443076443445914
2197,5507,3.6190900752317675e-05
2197,5508,0.017243747773305992
2197,5509,0.014224878012914518
2197,5735,0.01289726561012232
2197,5743,0.04175414782452591
2197,5875,-0.00022820621516422224
2197,5908,0.0018206024201389015
2197,5940,0.021886222189447673
2197,6191,0.015189773571956623
2197,6216,0.003477131135151591
2197,8861,0.009970457822457557
2197,8868,0.017253385288024472
2197,8904,0.030894754860145257
2197,8906,0.006983324820311829
2197,8907,-8.477119747295397e-05
2197,8908,0.020716006154861643
2197,8909,0.054915371697944214
2197,8910,0.014958476660512058
2197,8911,0.003142163991800842
2197,8912,0.02249530028943025
2197,8913,0.012643979006782727
2197,8914,-0.013358001720881342
2197,8916,0.024229838335790645
2197,8955,-0.006350326822778637
2197,8956,-0.004013485051876651
2197,8957,0.03233378685093701
2197,8958,0.015043617415786893
2197,8959,-0.0011437477738909724
2197,8960,0.011399736111723178
2197,8962,0.021282089724748297
2197,8963,0.025446989062984548
2197,8964,0.016718968851944075
2197,9000,0.009996888504780912
2197,9001,0.0007183721945710399
2197,9002,0.009566876060470774
2197,9004,-0.008111137792464954
2197,9155,0.01872242082452102
2197,9330,-0.0014976354176937318
2197,9337,-0.001929803843683996
2197,9390,0.016311752309504112
2197,9401,0.0005298164421615421
2197,9427,0.029323834220119933
2197,9428,0.028660074160461176
2197,9446,0.009198971907299985
2197,9465,0.01785334169725893
2197,9553,0.03186037938716609
2197,9651,0.026909733735685625
2197,11878,0.014193750988383299
2197,11882,0.009979420692856086
2197,11883,0.03363207861151649
2197,11884,0.031665766703164865
2197,11886,0.0042298519861198175
2197,11887,0.0035992053777021238
2197,11888,0.013805409048392338
2197,11889,0.018317772256339286
2197,11929,-0.0034778471777596066
2197,11930,0.018286472186724908
2197,11931,0.0204996392014694
2197,11933,-0.00455491209661304
2197,11934,0.02311995946560708
2197,11935,0.022855894929668913
2197,11936,-0.013315115693463704
2197,11970,0.023933874296658733
2197,11971,0.007126168920317765
2197,11973,0.01068833075135037
2197,12246,0.0042195145102070526
2197,12267,0.01569392476640515
2197,12284,0.020280740264006086
2197,12286,0.017371065142037692
2197,12290,0.0072841106825702025
2197,12316,-0.004096182559388893
2197,12346,0.00794885504034153
2197,12372,0.019415676499800354
2197,12562,0.01389421498799938
2197,12568,0.020194979929386382
2197,12619,0.011198869934065438
2197,12637,0.012489019861980597
2199,2200,0.02165931161692659
2199,2201,0.028278976881900113
2199,2202,0.03380401483594296
2199,2205,0.03308977512586422
2199,2207,0.03291276176411318
2199,2237,0.014417508545818877
2199,2238,0.03859838603022544
2199,2239,0.028585487682644437
2199,2240,0.04520591296230656
2199,2241,0.02414912889482159
2199,2277,0.036520127217103605
2199,2278,0.019531108208083018
2199,2280,0.011943368028475449
2199,2448,0.025912797106182807
2199,2484,0.03034271438226815
2199,2541,0.004697498528079945
2199,2648,0.02168342901880634
2199,2678,0.010519846274770428
2199,2738,0.011501254024213247
2199,2757,0.035947799845473964
2199,2778,0.020577842355035063
2199,2842,0.004269724366324235
2199,2859,0.04148091041593382
2199,2860,0.024224560628737703
2199,2976,0.03585121133573691
2199,5404,0.02713840809299754
2199,5432,0.013502623388705892
2199,5435,0.012610987281579717
2199,5436,0.02138191914292307
2199,5437,0.02482089500719157
2199,5438,0.035942810935317406
2199,5439,0.024063960620290047
2199,5440,0.02065926283358745
2199,5441,0.036247209114500085
2199,5442,0.009378444402725939
2199,5444,0.008615313870593591
2199,5446,0.04867124596843524
2199,5474,0.0185465299233603
2199,5475,0.032075187235551535
2199,5476,0.006754754839486159
2199,5477,0.022337005344726196
2199,5479,0.015814960296639993
2199,5505,0.01332924704178337
2199,5506,0.008278679390030342
2199,5507,0.03529503631234371
2199,5508,0.005073021407008295
2199,5509,0.02830927413156661
2199,5735,0.015239289053844609
2199,5743,0.018342276958946278
2199,5875,0.03161192731501657
2199,5908,0.0625508998769057
2199,5940,0.03518126832155846
2199,6191,0.007551903304792097
2199,6216,0.030142457041662563
2199,8861,0.020110714363688244
2199,8868,0.01436241149442555
2199,8904,0.005867444716640861
2199,8906,0.009258211984710331
2199,8907,-0.0013617287936292665
2199,8908,0.019709376052349823
2199,8909,0.015279294935296811
2199,8910,0.0012229661392603403
2199,8911,0.009961583097869705
2199,8912,0.025266707278873955
2199,8913,0.012536472226516774
2199,8914,0.004991291657477483
2199,8916,0.02493244833073487
2199,8955,-0.012254499655071187
2199,8956,-0.005596122835819973
2199,8957,0.004250616795958157
2199,8958,0.017038433458509066
2199,8959,-0.004680626694821748
2199,8960,0.021780391984523327
2199,8962,0.032595765517261927
2199,8963,0.010874813835834827
2199,8964,0.013511527727533978
2199,9000,0.007687495400548492
2199,9001,0.009166342307063913
2199,9002,0.010905252454692106
2199,9004,-0.0006483870492749138
2199,9155,0.015801826575625604
2199,9330,0.013284459897670083
2199,9337,-0.003935717218641013
2199,9390,0.010317593588433729
2199,9401,0.015531679871472028
2199,9427,0.0021929117068301544
2199,9428,-0.005955135237101341
2199,9446,0.018408006469381795
2199,9465,-0.006123966348016762
2199,9553,0.021015392790094335
2199,9651,0.027647858351885463
2199,11878,0.0310084028380577
2199,11882,0.019498028750518516
2199,11883,0.0331755461882277
2199,11884,0.016358276737959136
2199,11886,0.0348064046604682
2199,11887,0.015418582896609856
2199,11888,0.025516090408494868
2199,11889,0.0019830192069592964
2199,11929,0.03269987393047098
2199,11930,0.018061117729017175
2199,11931,0.025985773242544235
2199,11933,0.024005064801422452
2199,11934,0.03397944636754723
2199,11935,0.03958776834307955
2199,11936,-0.002237786560078554
2199,11970,0.04046312236929284
2199,11971,0.03274771673444616
2199,11973,0.010348274368483186
2199,12246,0.030945025176269292
2199,12267,0.02871523296654655
2199,12284,0.04857550167641206
2199,12286,0.024892798972667222
2199,12290,0.045556277561857254
2199,12316,0.008360997788758363
2199,12346,0.016284700784641646
2199,12372,0.02473921040435663
2199,12562,0.0350508263962307
2199,12568,0.024491942387115554
2199,12619,0.04010630184851444
2199,12637,0.02240067153099438
2200,2201,0.03786224758858702
2200,2202,0.04504201830382242
2200,2205,0.03167356367362109
2200,2207,0.03686699196026535
2200,2237,0.07417040272397664
2200,2238,0.04865625796546188
2200,2239,0.06713848769584745
2200,2240,0.09351405913111324
2200,2241,0.041426184429474794
2200,2277,0.043014920402021324
2200,2278,0.04692697785908992
2200,2280,0.0393938599662571
2200,2448,0.0068436113555007515
2200,2484,0.0511979244335403
2200,2541,0.01400117826885705
2200,2648,0.057825014703177496
2200,2678,0.05909851717994588
2200,2738,0.04776410741643209
2200,2757,0.06856015224268212
2200,2778,0.01616552671323887
2200,2842,0.011436891886285383
2200,2859,0.0566606912925076
2200,2860,0.04289964737207548
2200,2976,0.05496313241576158
2200,5404,0.04849755405652052
2200,5432,0.05008304702274534
2200,5435,0.01035943231122159
2200,5436,0.06108246741261281
2200,5437,0.0994976345720682
2200,5438,0.03092684704653408
2200,5439,0.04972278373610888
2200,5440,0.038429227494934194
2200,5441,0.027948285215234868
2200,5442,0.06545206250792608
2200,5444,0.031214526973083714
2200,5446,0.0666644287776427
2200,5474,0.08575546600562467
2200,5475,0.07058945064404663
2200,5476,0.06012927546505185
2200,5477,0.04332130862083814
2200,5479,0.0217895395527571
2200,5505,0.01455711710314701
2200,5506,0.018459467743660852
2200,5507,0.026719215779966294
2200,5508,0.0456822760384067
2200,5509,0.06260700373001823
2200,5735,0.03270988299303936
2200,5743,0.03601365347457344
2200,5875,0.04753596988784844
2200,5908,0.055970004280402094
2200,5940,0.07568210889561056
2200,6191,0.045248225063638896
2200,6216,0.035742287840802044
2200,8861,0.01726624173712906
2200,8868,0.026085759155220156
2200,8904,0.062224058141299374
2200,8906,0.006636507719017612
2200,8907,0.04431807829484381
2200,8908,0.038766533317076
2200,8909,0.04017753920624983
2200,8910,0.026534306309558022
2200,8911,0.025944024726719406
2200,8912,0.06320559231121077
2200,8913,0.06181127215758596
2200,8914,0.00398157206570065
2200,8916,0.06402789752450216
2200,8955,-0.005883154059749207
2200,8956,0.007582504582800599
2200,8957,0.059448225488890505
2200,8958,0.0903465217216267
2200,8959,0.01750947052617423
2200,8960,0.08629341851932786
2200,8962,0.06450580909315629
2200,8963,0.024445914258010924
2200,8964,0.07911473020592659
2200,9000,0.03616631600273936
2200,9001,0.05081669584833819
2200,9002,0.06446476650349371
2200,9004,0.00881497608472261
2200,9155,0.05472132349180531
2200,9330,0.030978824772291302
2200,9337,0.005736957613916742
2200,9390,0.03782494822907975
2200,9401,0.037377024414059566
2200,9427,0.05522338578166416
2200,9428,0.018412509740519938
2200,9446,0.09203820006177894
2200,9465,0.03677809527988784
2200,9553,0.05928049304589842
2200,9651,0.07733066879711727
2200,11878,0.06389806213557532
2200,11882,0.042071941786955926
2200,11883,0.07799182689098222
2200,11884,0.06062881295746434
2200,11886,0.04500256656431507
2200,11887,0.055368322089993545
2200,11888,0.061120293101195274
2200,11889,0.021482856969813925
2200,11929,0.04315955239194301
2200,11930,0.05861085818591042
2200,11931,0.047646624100089685
2200,11933,0.05664424378673368
2200,11934,0.04219153706961134
2200,11935,0.0755494412566141
2200,11936,0.040896047750843365
2200,11970,0.0455193252360973
2200,11971,0.0475660266850915
2200,11973,0.06428758815743607
2200,12246,0.041188165483065975
2200,12267,0.07616102836702991
2200,12284,0.0808101100426861
2200,12286,0.03339679819499257
2200,12290,0.0600609982459558
2200,12316,0.013607050274384703
2200,12346,0.037204060304534374
2200,12372,0.032326434719661894
2200,12562,0.05080684482009543
2200,12568,0.0558636138248071
2200,12619,0.058486444541800534
2200,12637,0.07289132573349069
2201,2202,0.06486114765609485
2201,2205,0.028939172557761374
2201,2207,0.053264727547106684
2201,2237,0.07538586051609215
2201,2238,0.06175488619582333
2201,2239,0.07795816457137633
2201,2240,0.0956228668634226
2201,2241,0.046010061826989586
2201,2277,0.029115280643710162
2201,2278,0.08746130047252428
2201,2280,0.06586350131322595
2201,2448,0.02452481400987159
2201,2484,0.06334234472713766
2201,2541,0.06466098056956601
2201,2648,0.06411004611795036
2201,2678,0.043580922135812855
2201,2738,0.04960212845075698
2201,2757,0.06465763867769653
2201,2778,0.0613874941337501
2201,2842,0.001012617020777
2201,2859,0.08495651652436428
2201,2860,0.021483758890820878
2201,2976,0.09075565518804957
2201,5404,0.04624494081185319
2201,5432,0.04834659852257424
2201,5435,0.037192306561003245
2201,5436,0.08747225543566155
2201,5437,0.08708741014449073
2201,5438,0.04324026475002346
2201,5439,0.05067871886214576
2201,5440,0.05281245988855815
2201,5441,0.0313093711601332
2201,5442,0.03538929432458502
2201,5444,0.0377628324151303
2201,5446,0.06970689623657664
2201,5474,0.07443441942771974
2201,5475,0.0701162209448488
2201,5476,0.05055847718026265
2201,5477,0.06348252753051102
2201,5479,0.04729151045068132
2201,5505,0.019777435099282474
2201,5506,0.03589779981848015
2201,5507,0.05988048184066975
2201,5508,0.04992469065746872
2201,5509,0.058904542831158604
2201,5735,0.05622253198257457
2201,5743,0.04610814545405721
2201,5875,0.061391835072909934
2201,5908,0.02323075015513887
2201,5940,0.04298129280753104
2201,6191,0.04879546505040535
2201,6216,0.04704964919010942
2201,8861,0.016600294538158554
2201,8868,0.035378785074190046
2201,8904,0.06726502317511601
2201,8906,0.01713019517087652
2201,8907,0.04436775190838118
2201,8908,0.04120384352742268
2201,8909,0.045457771674592425
2201,8910,0.01984304209812653
2201,8911,0.027484494129407566
2201,8912,0.05675646712354782
2201,8913,0.09602230771090925
2201,8914,0.004282469885138818
2201,8916,0.06940392056852926
2201,8955,0.010857926166175732
2201,8956,0.01900066341263182
2201,8957,0.03136888496629765
2201,8958,0.05558682410190013
2201,8959,0.012356617376414015
2201,8960,0.052345551569969756
2201,8962,0.046193135005356885
2201,8963,0.042043665548486896
2201,8964,0.02803170948651311
2201,9000,0.0283241864812017
2201,9001,0.06044713820095374
2201,9002,0.0453964144092152
2201,9004,0.0028165627031327433
2201,9155,0.025326573552202192
2201,9330,0.050405150557286615
2201,9337,0.023825728324844045
2201,9390,0.018339104467820916
2201,9401,0.01806695537368147
2201,9427,0.05305201140783331
2201,9428,0.03564787243568584
2201,9446,0.033747263702482586
2201,9465,0.03286825649142445
2201,9553,0.043636241411365746
2201,9651,0.03999314260105459
2201,11878,0.06766599860589682
2201,11882,0.07817729873621607
2201,11883,0.043390824262627345
2201,11884,0.06522349512882034
2201,11886,0.03952914423775024
2201,11887,0.04241383359384088
2201,11888,0.06600935289662614
2201,11889,0.02509637373093208
2201,11929,0.07918922433235367
2201,11930,0.05662270801212733
2201,11931,0.07331010305435588
2201,11933,0.05994723309816903
2201,11934,0.08069417564133992
2201,11935,0.05796736890972225
2201,11936,0.04263316466802107
2201,11970,0.06746064837658278
2201,11971,0.03493952213379033
2201,11973,0.08070167346697635
2201,12246,0.06918637563734553
2201,12267,0.08040038699995165
2201,12284,0.09058158720716127
2201,12286,0.044230789227224794
2201,12290,0.06207942563180533
2201,12316,0.016193145113196812
2201,12346,0.06463768505894399
2201,12372,0.05766807318909061
2201,12562,0.050362915651433575
2201,12568,0.08317835345626552
2201,12619,0.06332669840246768
2201,12637,0.07199780092715145
2202,2205,0.01207189379264596
2202,2207,0.026248422082232718
2202,2237,0.03482185063983627
2202,2238,0.054729870246735784
2202,2239,0.04422564156627915
2202,2240,0.05499711099335575
2202,2241,0.016549285240840098
2202,2277,0.016523845851426397
2202,2278,0.04922123031046645
2202,2280,0.024457409189154095
2202,2448,0.022138998123572583
2202,2484,0.027903275607725347
2202,2541,0.02703717301730836
2202,2648,0.04544523977747665
2202,2678,0.028996568849124292
2202,2738,0.024238602521131417
2202,2757,0.039633234354950565
2202,2778,0.016683701466464508
2202,2842,0.020845259748780647
2202,2859,0.034927251218461644
2202,2860,0.018837230699505346
2202,2976,0.050489869131177804
2202,5404,0.04563296355400499
2202,5432,0.026081402387523683
2202,5435,0.021176187929301087
2202,5436,0.022102476247796158
2202,5437,0.03552365141208528
2202,5438,0.016432501373297638
2202,5439,0.0244448026019059
2202,5440,0.031145835329687288
2202,5441,0.024158043419200654
2202,5442,0.017514624222220908
2202,5444,0.02813809775303813
2202,5446,0.04761738071362823
2202,5474,0.04319923464322819
2202,5475,0.043743172314367834
2202,5476,0.06179129011810425
2202,5477,0.03029007394704152
2202,5479,0.028367545320003292
2202,5505,0.011250532697304923
2202,5506,0.014833717165109747
2202,5507,0.027172789117508034
2202,5508,0.03144581981449153
2202,5509,0.03614264908244064
2202,5735,0.012666378993956885
2202,5743,0.04564964020094153
2202,5875,0.03047862238716929
2202,5908,0.04379390805600887
2202,5940,0.03333606663915796
2202,6191,0.016157477951240735
2202,6216,0.013992753214735677
2202,8861,0.030928474300123313
2202,8868,0.028181663022768227
2202,8904,0.03608639060736178
2202,8906,0.02005063785385595
2202,8907,0.03336050502951549
2202,8908,0.04318182208667194
2202,8909,0.04142010149810972
2202,8910,0.008919764693639334
2202,8911,0.012894294479754266
2202,8912,0.03850218754546428
2202,8913,0.0418106690741288
2202,8914,-0.0013810166460135349
2202,8916,0.03023877176795368
2202,8955,0.022966007312452703
2202,8956,0.018273128020796805
2202,8957,0.030463208463060863
2202,8958,0.037333403687250986
2202,8959,0.03585238065879471
2202,8960,0.0424494347754435
2202,8962,0.046411445137864556
2202,8963,0.017393232713089218
2202,8964,0.023191905619598194
2202,9000,0.03568117724377085
2202,9001,0.044752009872974965
2202,9002,0.033597217635900935
2202,9004,0.008823812175489014
2202,9155,0.03945705447871389
2202,9330,0.018412703495963918
2202,9337,0.02475905608622795
2202,9390,0.03489786680510023
2202,9401,0.01393670034804379
2202,9427,0.032401594872454816
2202,9428,0.027505154130656097
2202,9446,0.03132081523852815
2202,9465,0.01770222663585331
2202,9553,0.03737509390074298
2202,9651,0.03300851757601267
2202,11878,0.04763559850523185
2202,11882,0.03679827929396673
2202,11883,0.03265697154677294
2202,11884,0.054028396505857945
2202,11886,0.03120269715559124
2202,11887,0.03350809844846596
2202,11888,0.03969895226967291
2202,11889,0.013815042638959968
2202,11929,0.0339501052648738
2202,11930,0.03889484163205746
2202,11931,0.049617133487307286
2202,11933,0.012765370374314756
2202,11934,0.03971890160055735
2202,11935,0.05878347447630613
2202,11936,0.013839357000613032
2202,11970,0.03336009863275025
2202,11971,0.04328780821097923
2202,11973,0.05791994808653639
2202,12246,0.03199417748770092
2202,12267,0.03645926500637099
2202,12284,0.055352833136002165
2202,12286,0.03080585435999192
2202,12290,0.03921163726297354
2202,12316,0.00877043477239659
2202,12346,0.023697768679834186
2202,12372,0.047745212735064435
2202,12562,0.03554501686900956
2202,12568,0.038425977054295846
2202,12619,0.03604048396116768
2202,12637,0.053106362202313656
2205,2207,0.017284887576503042
2205,2237,0.026573773015382187
2205,2238,0.05750776596668825
2205,2239,0.03605710742032878
2205,2240,0.05367703546471515
2205,2241,0.0331495997142012
2205,2277,0.0065575489139477645
2205,2278,0.02887666902901344
2205,2280,0.04501071066606645
2205,2448,0.009994093359683556
2205,2484,0.0610893723130938
2205,2541,0.010022553170457586
2205,2648,0.07092081485019067
2205,2678,0.009143896002479437
2205,2738,0.02203643766158731
2205,2757,0.04333218722687501
2205,2778,0.01191559746496599
2205,2842,0.002664004228950783
2205,2859,0.05444928688626562
2205,2860,0.02482556258782735
2205,2976,0.005757453761641959
2205,5404,0.012305030461419588
2205,5432,0.01943037668797303
2205,5435,0.009083218241237746
2205,5436,0.014186613597549417
2205,5437,0.06846040375954163
2205,5438,0.010998631573486553
2205,5439,0.036152728121340925
2205,5440,0.014107454316447826
2205,5441,0.05668418185587232
2205,5442,0.006745152753441903
2205,5444,0.023165808288193583
2205,5446,0.06348236398245381
2205,5474,0.03622489568784161
2205,5475,0.05185578264836297
2205,5476,0.030310210680458756
2205,5477,0.030487376973475516
2205,5479,0.008578893202089825
2205,5505,-0.001463439268225259
2205,5506,0.02002570456357416
2205,5507,0.01220580987050074
2205,5508,0.013377072264470857
2205,5509,0.048788966153761944
2205,5735,0.008182812859887107
2205,5743,0.018577939304939464
2205,5875,0.006740194029185193
2205,5908,0.03647175417576563
2205,5940,0.09562410637326758
2205,6191,0.004425008634084481
2205,6216,0.017668013368914343
2205,8861,0.010196390372283839
2205,8868,0.01679649358974509
2205,8904,0.030269819257543358
2205,8906,0.0024788231499978915
2205,8907,0.015908063566138785
2205,8908,0.04107663445256492
2205,8909,0.02707333833197938
2205,8910,0.005198599176821238
2205,8911,0.02253017724388038
2205,8912,0.029968766833229757
2205,8913,0.03521323714840181
2205,8914,0.013763106653231749
2205,8916,0.04029290510694759
2205,8955,-0.009024858395201604
2205,8956,0.011155385584934162
2205,8957,0.021759532233045175
2205,8958,0.058656572249203495
2205,8959,0.02454583793439496
2205,8960,0.032540787028096235
2205,8962,0.03489622371223095
2205,8963,0.0643433699470075
2205,8964,0.028856043078860024
2205,9000,0.00962575604344872
2205,9001,0.031858191688442776
2205,9002,0.04331771848145479
2205,9004,-0.0008536124574276334
2205,9155,0.025805898987979758
2205,9330,0.015271329289009386
2205,9337,-0.005309245742311765
2205,9390,0.003949232818920706
2205,9401,0.01215755671417726
2205,9427,0.026630161848786284
2205,9428,0.019795553647921696
2205,9446,0.025477238653918835
2205,9465,0.02499440905764703
2205,9553,0.04815037307027127
2205,9651,0.017257574980596345
2205,11878,0.05369614723634843
2205,11882,0.025427901711611828
2205,11883,0.05354273682371978
2205,11884,0.033552048251304006
2205,11886,0.009537223152435338
2205,11887,0.019977271281689118
2205,11888,0.0460011645129595
2205,11889,0.0047399835184298795
2205,11929,0.012670245724929769
2205,11930,0.03527130291220242
2205,11931,0.025882114399294852
2205,11933,0.02062864599321188
2205,11934,0.04486925256184284
2205,11935,0.041248766790515826
2205,11936,0.0035905670778892647
2205,11970,0.03836782664714516
2205,11971,0.04259513914534891
2205,11973,0.04064879730375354
2205,12246,0.06304299813357973
2205,12267,0.045391982021260074
2205,12284,0.03726145213913287
2205,12286,0.018777306592809465
2205,12290,0.045707880592977264
2205,12316,0.004998713975514345
2205,12346,-0.0012976473059851024
2205,12372,0.03701951476732455
2205,12562,0.03570776766692911
2205,12568,0.0447962401154982
2205,12619,0.038802422616131566
2205,12637,0.024236202785343823
2207,2237,0.07973127926727719
2207,2238,0.037133390338935764
2207,2239,0.07451621984580895
2207,2240,0.09699454724292472
2207,2241,0.033769375852749896
2207,2277,0.026465317816756824
2207,2278,0.036379868529826324
2207,2280,0.03372817530944971
2207,2448,0.03479375963953614
2207,2484,0.03338354860168758
2207,2541,0.04499748191548505
2207,2648,0.040099612804396965
2207,2678,0.03997674421635533
2207,2738,0.04484776991295651
2207,2757,0.05364925855236613
2207,2778,0.023276526651398777
2207,2842,0.04870106865683527
2207,2859,0.07968225247433056
2207,2860,0.03029672551895207
2207,2976,0.06777928306945079
2207,5404,0.0597003589648629
2207,5432,0.04726236505570053
2207,5435,0.01701044816069349
2207,5436,0.0290668451194332
2207,5437,0.040465041389352356
2207,5438,0.044503852829548475
2207,5439,0.032025103007717465
2207,5440,0.03207873575749511
2207,5441,0.019032623275711716
2207,5442,0.03487771756007517
2207,5444,0.039921420558704075
2207,5446,0.0553865891298577
2207,5474,0.035449291225504484
2207,5475,0.05209602221511686
2207,5476,0.029466668225497226
2207,5477,0.04537608055276533
2207,5479,0.03589831017831089
2207,5505,0.039242204132065174
2207,5506,0.028322377903610793
2207,5507,0.022541915974645436
2207,5508,0.030351166491777288
2207,5509,0.04816974253457422
2207,5735,0.02340089094958251
2207,5743,0.0675231913973441
2207,5875,0.02250387623523088
2207,5908,0.026261746527241756
2207,5940,0.0399206474513767
2207,6191,0.04243455569702019
2207,6216,0.058153584618056024
2207,8861,0.0462932948350642
2207,8868,0.032730689150413814
2207,8904,0.0558979315316639
2207,8906,0.03246601500975967
2207,8907,0.01513672753993233
2207,8908,0.0326060925276764
2207,8909,0.06495692510293845
2207,8910,0.034588868682342566
2207,8911,0.034420476379066804
2207,8912,0.06767504639112044
2207,8913,0.04506317764605282
2207,8914,0.007427763398036124
2207,8916,0.04140660855346132
2207,8955,0.02366797915898238
2207,8956,0.039575094357576834
2207,8957,0.058284697372163866
2207,8958,0.047921315942076076
2207,8959,0.0272619941348002
2207,8960,0.058550160075591516
2207,8962,0.053215874742281254
2207,8963,0.012195623358205886
2207,8964,0.025137086274810184
2207,9000,0.030312007183328656
2207,9001,0.023406248263648316
2207,9002,0.04070257441057013
2207,9004,0.021169807934646942
2207,9155,0.03624523066562099
2207,9330,0.022240322349174304
2207,9337,0.030204168993421484
2207,9390,0.0667522721300271
2207,9401,0.024608485305457253
2207,9427,0.04820058300105866
2207,9428,0.05439548808854335
2207,9446,0.030862881591262936
2207,9465,0.028253660825470796
2207,9553,0.0558446071204705
2207,9651,0.0456220916637911
2207,11878,0.05447403793722542
2207,11882,0.047108561313130994
2207,11883,0.031584367869498496
2207,11884,0.057715574864538655
2207,11886,0.05346341028217196
2207,11887,0.05003743873748006
2207,11888,0.041067892868597924
2207,11889,0.03250820600360018
2207,11929,0.07275784893198126
2207,11930,0.057232417048074996
2207,11931,0.04309804167397719
2207,11933,0.01839807858143313
2207,11934,0.03347412337458864
2207,11935,0.05625773755595547
2207,11936,0.055484249885881416
2207,11970,0.03741585030615124
2207,11971,0.030466714845434582
2207,11973,0.0694357584958739
2207,12246,0.020613484136451244
2207,12267,0.06669113934777485
2207,12284,0.057275840940884004
2207,12286,0.05394448740333203
2207,12290,0.061353249386232406
2207,12316,0.031039831195536813
2207,12346,0.053657188599817385
2207,12372,0.041165219711644226
2207,12562,0.036682536641331524
2207,12568,0.060833998552958
2207,12619,0.05691137947595273
2207,12637,0.048351986099137316
2237,2238,0.06432147514828963
2237,2239,0.08281806762484581
2237,2240,0.09710735625583572
2237,2241,0.05442728663815662
2237,2277,0.040452010283218244
2237,2278,0.056308591146252
2237,2280,0.054053259663801805
2237,2448,0.010329161865728907
2237,2484,0.07470901136452889
2237,2541,0.035100875133201564
2237,2648,0.038331403553463546
2237,2678,0.0700971961546164
2237,2738,0.0683890601043964
2237,2757,0.055861347310552846
2237,2778,0.0392089663891124
2237,2842,0.034409304709862365
2237,2859,0.07166739965248492
2237,2860,0.04642635342950146
2237,2976,0.0837809677778242
2237,5404,0.06041035398705551
2237,5432,0.058962622423049726
2237,5435,0.01300279351006042
2237,5436,0.041607663029000756
2237,5437,0.06353105713998879
2237,5438,0.02976348078193626
2237,5439,0.04454284265349371
2237,5440,0.03827375718490709
2237,5441,0.03802263885266764
2237,5442,0.054707742049790904
2237,5444,0.05773264882713089
2237,5446,0.05996919745205025
2237,5474,0.0932491835597461
2237,5475,0.08497107348451248
2237,5476,0.046475802300727516
2237,5477,0.07939854139019088
2237,5479,0.03318612584715796
2237,5505,0.0034589561536662794
2237,5506,0.03251074198228437
2237,5507,0.031894959410201575
2237,5508,0.07096585866552693
2237,5509,0.04845076358790738
2237,5735,0.03507092906985148
2237,5743,0.061469554055117864
2237,5875,0.07942087538817237
2237,5908,0.04423286072416983
2237,5940,0.03698321930785509
2237,6191,0.0391875452782945
2237,6216,0.0327616167965218
2237,8861,0.02801627579182216
2237,8868,0.0359811308123455
2237,8904,0.06461470926250613
2237,8906,0.04125167689342353
2237,8907,0.02587786263173733
2237,8908,0.06913309844209067
2237,8909,0.05123499891667566
2237,8910,0.02702133959078533
2237,8911,0.03071042243508222
2237,8912,0.06587861019738486
2237,8913,0.0694894369722582
2237,8914,0.005555339307922924
2237,8916,0.047625365488947274
2237,8955,0.028737732087036304
2237,8956,0.03443177781806119
2237,8957,0.053992512085664676
2237,8958,0.0782866364812402
2237,8959,0.04073242196036284
2237,8960,0.08433230611653281
2237,8962,0.05950879846332923
2237,8963,0.03690850552630538
2237,8964,0.051207021365744856
2237,9000,0.042169332309147094
2237,9001,0.029295268026360163
2237,9002,0.07925529260162252
2237,9004,0.03814599482041039
2237,9155,0.03393766751958314
2237,9330,0.02142536056690149
2237,9337,0.02431794208909152
2237,9390,0.050113416448463545
2237,9401,0.026374494554913662
2237,9427,0.04039045907841203
2237,9428,0.036130055398447825
2237,9446,0.036385643055895284
2237,9465,0.040096554777615694
2237,9553,0.06302654696810667
2237,9651,0.03936780260164111
2237,11878,0.049507340605727895
2237,11882,0.06768066011334208
2237,11883,0.05958084782583936
2237,11884,0.061260757228305866
2237,11886,0.05306300688135895
2237,11887,0.03989807024499547
2237,11888,0.05445687166365653
2237,11889,0.024742402286542106
2237,11929,0.05364019451803277
2237,11930,0.06332272001727714
2237,11931,0.05843127882945094
2237,11933,0.024780122759436727
2237,11934,0.037760114778899054
2237,11935,0.06347187417070092
2237,11936,0.054503266124992886
2237,11970,0.04714449734946796
2237,11971,0.038424293203290244
2237,11973,0.08310169974668748
2237,12246,0.03924499372338902
2237,12267,0.07341346968808067
2237,12284,0.0759144396247402
2237,12286,0.035258829935676056
2237,12290,0.06994988622613783
2237,12316,0.021880662762113708
2237,12346,0.06666270500242864
2237,12372,0.03130154863809017
2237,12562,0.05543543847036118
2237,12568,0.08505065190528455
2237,12619,0.05942074847739208
2237,12637,0.06589350808539873
2238,2239,0.059685009248763216
2238,2240,0.07850088768915757
2238,2241,0.03638234173343828
2238,2277,0.027750316170687326
2238,2278,0.05946926031330534
2238,2280,0.03377073400463206
2238,2448,0.011231557908477869
2238,2484,0.0672904625609321
2238,2541,0.014264729660173687
2238,2648,0.040219866887236534
2238,2678,0.04128792896608652
2238,2738,0.03954948581746764
2238,2757,0.06066797324282029
2238,2778,0.02619565021608441
2238,2842,0.009523736150912999
2238,2859,0.05996785187799598
2238,2860,0.02226530012176396
2238,2976,0.04382252498550906
2238,5404,0.028473171390887075
2238,5432,0.03699445764929514
2238,5435,0.01602343278382287
2238,5436,0.03369914393032296
2238,5437,0.06685395071435317
2238,5438,0.03240883012210246
2238,5439,0.02071054217223265
2238,5440,0.020837583558149034
2238,5441,0.06539397524115512
2238,5442,0.03182276055298858
2238,5444,0.02126000463082984
2238,5446,0.06246448336852788
2238,5474,0.06187014641664668
2238,5475,0.08800952902036038
2238,5476,0.044237101845746765
2238,5477,0.07968361418535687
2238,5479,0.018780888884244864
2238,5505,0.04792800833954251
2238,5506,0.04243730094615042
2238,5507,0.03328743997474956
2238,5508,0.04681058430087343
2238,5509,0.05815985268902632
2238,5735,0.013547156051254896
2238,5743,0.05212782725611942
2238,5875,0.05289111372996621
2238,5908,0.09906463075851327
2238,5940,0.11539529982785915
2238,6191,0.01356371020383267
2238,6216,0.03490695422304529
2238,8861,0.0411499611542123
2238,8868,0.03834640267856679
2238,8904,0.041399260990695956
2238,8906,0.013622128951817896
2238,8907,0.03911458848812128
2238,8908,0.048075111672761926
2238,8909,0.054396587469593416
2238,8910,0.005826657783259772
2238,8911,0.04425799264895799
2238,8912,0.05931482527096495
2238,8913,0.05129095859271564
2238,8914,0.012727272293563102
2238,8916,0.058064824441387004
2238,8955,0.004401474128964842
2238,8956,0.024176129254570456
2238,8957,0.03974641819374693
2238,8958,0.07865275809142537
2238,8959,0.029227180405130792
2238,8960,0.04074368659748958
2238,8962,0.0627681014954412
2238,8963,0.031625167108719376
2238,8964,0.03128506805884647
2238,9000,0.03729595226835392
2238,9001,0.04490529155273673
2238,9002,0.0382441859043329
2238,9004,5.221475196051254e-05
2238,9155,0.034427504478901465
2238,9330,0.04864238123071312
2238,9337,0.039946943236028556
2238,9390,0.030108352175799172
2238,9401,0.025966663549869706
2238,9427,0.06132041583539291
2238,9428,0.008207668699467619
2238,9446,0.028880043874043037
2238,9465,0.02398211651738395
2238,9553,0.018541303348032022
2238,9651,0.041801544535879635
2238,11878,0.05322667385360034
2238,11882,0.04270801148266614
2238,11883,0.04318458203330517
2238,11884,0.052623720014217536
2238,11886,0.022660875329858082
2238,11887,0.04792328295103143
2238,11888,0.06641024342433163
2238,11889,0.014991814273298997
2238,11929,0.04979636747183163
2238,11930,0.05799868172061947
2238,11931,0.055732586200697966
2238,11933,0.026061969913684056
2238,11934,0.0389181149771615
2238,11935,0.08137475627540884
2238,11936,0.025570482818758438
2238,11970,0.07666149815120595
2238,11971,0.08467532673710786
2238,11973,0.056295883573441945
2238,12246,0.05897089578159172
2238,12267,0.07077746126197385
2238,12284,0.06872684853061056
2238,12286,0.059207424407274556
2238,12290,0.060634274034596765
2238,12316,0.009075477170527823
2238,12346,0.024620396956299112
2238,12372,0.06647089512361247
2238,12562,0.059247255327107506
2238,12568,0.05624196398766104
2238,12619,0.06332752186729804
2238,12637,0.05731930442646256
2239,2240,0.11478600793705525
2239,2241,0.020466545398916795
2239,2277,0.045050404846833425
2239,2278,0.046615891473152885
2239,2280,0.06719489779719566
2239,2448,0.010472638479097855
2239,2484,0.0615897041002295
2239,2541,0.06437660247280841
2239,2648,0.07541332219497576
2239,2678,0.054856910007381764
2239,2738,0.07243003389672098
2239,2757,0.0751781534037358
2239,2778,0.060584272278870664
2239,2842,0.003064869907886327
2239,2859,0.09222348460322134
2239,2860,0.02276375761482334
2239,2976,0.09876023989262826
2239,5404,0.05508459835260122
2239,5432,0.0662657469371808
2239,5435,0.00831462615778383
2239,5436,0.04846677384194298
2239,5437,0.055338319645988995
2239,5438,0.03274475671327765
2239,5439,0.029231627320460935
2239,5440,0.05416964824463666
2239,5441,0.051678986225003776
2239,5442,0.04826260934234255
2239,5444,0.039027117194802355
2239,5446,0.09742290582272974
2239,5474,0.08946688377207049
2239,5475,0.08232641585213077
2239,5476,0.054659304031276536
2239,5477,0.13238593330949044
2239,5479,0.037662009054582855
2239,5505,0.019803134983174955
2239,5506,0.029406668923034614
2239,5507,0.0615713225531311
2239,5508,0.06276998215223019
2239,5509,0.06686402923442476
2239,5735,0.04572064575464927
2239,5743,0.06247215181202513
2239,5875,0.056435791869696494
2239,5908,0.04423673174545112
2239,5940,0.03786045463049612
2239,6191,0.033141562200501726
2239,6216,0.06144454840009856
2239,8861,0.02515628434106585
2239,8868,0.050933006950165234
2239,8904,0.06831808495610603
2239,8906,0.009539527011013089
2239,8907,0.025226289250816724
2239,8908,0.059207664099237466
2239,8909,0.06498801691712613
2239,8910,0.029006693661618167
2239,8911,0.03350927870594379
2239,8912,0.09119355065995288
2239,8913,0.09983191273753723
2239,8914,0.006854192436444109
2239,8916,0.04322201108566328
2239,8955,0.011130555418500686
2239,8956,0.01802187473430468
2239,8957,0.06750952322019621
2239,8958,0.08292088784389327
2239,8959,0.019530286704454374
2239,8960,0.09216957185366761
2239,8962,0.0878468069464298
2239,8963,0.03935253711619507
2239,8964,0.06956326652489554
2239,9000,0.05172821691134775
2239,9001,0.04234964008316038
2239,9002,0.0777790303658059
2239,9004,0.02610632624504101
2239,9155,0.05722269230388278
2239,9330,0.030526066368887647
2239,9337,0.019738942902194957
2239,9390,0.05191790111200453
2239,9401,0.0436392325416511
2239,9427,0.0302804643338383
2239,9428,0.030889857203836343
2239,9446,0.05477537168856801
2239,9465,0.023067629783926815
2239,9553,0.05469357924069381
2239,9651,0.04060005330378749
2239,11878,0.062217263406329514
2239,11882,0.060975350553248125
2239,11883,0.07111806001529475
2239,11884,0.0578556027616059
2239,11886,0.05417596051475895
2239,11887,0.03277066807780523
2239,11888,0.06308536019014803
2239,11889,0.013672218455151148
2239,11929,0.056830753297734425
2239,11930,0.06160254481557802
2239,11931,0.060498992173861746
2239,11933,0.029247523111029284
2239,11934,0.04164206888849246
2239,11935,0.08208890240499601
2239,11936,0.05913776308187694
2239,11970,0.0512999040870681
2239,11971,0.042011251598604
2239,11973,0.0760272407813692
2239,12246,0.06087016260048874
2239,12267,0.08830171848085783
2239,12284,0.07192408906625754
2239,12286,0.04116086055717055
2239,12290,0.07749703002353682
2239,12316,0.030920411056200508
2239,12346,0.058838017413177277
2239,12372,0.04708172656868906
2239,12562,0.06918555137955008
2239,12568,0.07700601762962567
2239,12619,0.07227254695917168
2239,12637,0.05794758861966506
2240,2241,0.0681364638723415
2240,2277,0.13532676779719116
2240,2278,0.11608729336366048
2240,2280,0.08329751902138406
2240,2448,0.028033599418984135
2240,2484,0.07859780846662988
2240,2541,0.056506150978203024
2240,2648,0.09309539464333665
2240,2678,0.07606970532484163
2240,2738,0.0831177523782465
2240,2757,0.10420775772568386
2240,2778,0.06470046081723038
2240,2842,0.03966559037490231
2240,2859,0.14063010750359797
2240,2860,0.03972186912009169
2240,2976,0.1296044870768655
2240,5404,0.08110333006784812
2240,5432,0.06755875175241813
2240,5435,0.027585071662684195
2240,5436,0.04922739494247905
2240,5437,0.0767781634704412
2240,5438,0.0454142792538808
2240,5439,0.06159986597845081
2240,5440,0.04720761777870879
2240,5441,0.05334119070026297
2240,5442,0.05603670916599062
2240,5444,0.0616641107633356
2240,5446,0.1285905441499927
2240,5474,0.1044511000927246
2240,5475,0.11250595532649504
2240,5476,0.06138281193330012
2240,5477,0.10393342843130794
2240,5479,0.05619884237958679
2240,5505,0.04960870853732036
2240,5506,0.06519168943555749
2240,5507,0.08352908628371071
2240,5508,0.0858527454788358
2240,5509,0.10970111499643684
2240,5735,0.06311320831507183
2240,5743,0.06393372354063781
2240,5875,0.0731464387657286
2240,5908,0.10941579257789037
2240,5940,0.07274685925322359
2240,6191,0.042845342260013526
2240,6216,0.08064152223627868
2240,8861,0.03190726112921702
2240,8868,0.06628994191792913
2240,8904,0.07893028740961888
2240,8906,0.019843399834699706
2240,8907,0.04722016998643413
2240,8908,0.06855121915037231
2240,8909,0.05422884275545708
2240,8910,0.027894279775751554
2240,8911,0.06748162027520745
2240,8912,0.08096094492805289
2240,8913,0.09332249713302203
2240,8914,0.025751554295241764
2240,8916,0.06354613844358434
2240,8955,0.017074276111153405
2240,8956,0.03709924555414806
2240,8957,0.06667133397068119
2240,8958,0.09466195307332799
2240,8959,0.015406793954772714
2240,8960,0.09451718244423131
2240,8962,0.07955994474685252
2240,8963,0.0510613802548102
2240,8964,0.06283527317624199
2240,9000,0.06203627224494087
2240,9001,0.047284777243747064
2240,9002,0.072643893522035
2240,9004,0.02634353892503232
2240,9155,0.04821217769990996
2240,9330,0.060995354129331686
2240,9337,0.017141055668683028
2240,9390,0.04655307997012982
2240,9401,0.05858882010720972
2240,9427,0.036131137245233376
2240,9428,0.04057849208662837
2240,9446,0.0653586009723065
2240,9465,0.06120161047886156
2240,9553,0.06530499870168897
2240,9651,0.05556721871893407
2240,11878,0.09178247104520888
2240,11882,0.06651136304934042
2240,11883,0.06378806080977328
2240,11884,0.07046134864627647
2240,11886,0.04872326460112781
2240,11887,0.05540465699618289
2240,11888,0.09331042267690384
2240,11889,0.017952755088322267
2240,11929,0.07961022066498077
2240,11930,0.07315306531889057
2240,11931,0.07878012399588856
2240,11933,0.045646671555069476
2240,11934,0.0634501848478567
2240,11935,0.10024015643478902
2240,11936,0.06348807012197183
2240,11970,0.0824601807603659
2240,11971,0.07941052788147637
2240,11973,0.09415373445799231
2240,12246,0.0888978429220152
2240,12267,0.0989883046723675
2240,12284,0.1268571214552663
2240,12286,0.0645498933414189
2240,12290,0.09758864228539238
2240,12316,0.03522555255036754
2240,12346,0.07680841477397413
2240,12372,0.06696884415218526
2240,12562,0.08893226094096297
2240,12568,0.09489917420422882
2240,12619,0.08868511997566741
2240,12637,0.0790777291997763
2241,2277,0.04477093226606792
2241,2278,0.04437035895744
2241,2280,0.037047298456260425
2241,2448,0.007723368098256979
2241,2484,0.048682179359698485
2241,2541,0.030160666230056532
2241,2648,0.04866229511688394
2241,2678,0.05293846684886664
2241,2738,0.05351031627121836
2241,2757,0.05509404620358172
2241,2778,0.036696822215008564
2241,2842,0.020021523782938706
2241,2859,0.06459359883515933
2241,2860,0.016463235428688744
2241,2976,0.06539743625709075
2241,5404,0.03040948509461456
2241,5432,0.02504434050949096
2241,5435,0.008171030790322721
2241,5436,0.02931864121837002
2241,5437,0.04138150028882688
2241,5438,0.02069625537291149
2241,5439,0.028199554425075313
2241,5440,0.0397462558435317
2241,5441,0.047146561318673785
2241,5442,0.020928374245741913
2241,5444,0.009330080436815562
2241,5446,0.06423726135480462
2241,5474,0.06282898185024131
2241,5475,0.054396702751272966
2241,5476,0.05776039995308697
2241,5477,0.061979574511121724
2241,5479,0.027261237003041228
2241,5505,0.02850025862703598
2241,5506,0.03077591126101259
2241,5507,0.04714238728848108
2241,5508,0.04672137508563248
2241,5509,0.06010677591948578
2241,5735,0.02503507595629909
2241,5743,0.030932877950994548
2241,5875,0.03354361700917873
2241,5908,0.04633107221044901
2241,5940,0.02410797731027814
2241,6191,0.010530488329138539
2241,6216,0.03565159005532032
2241,8861,0.023617931903937874
2241,8868,0.04067671352564647
2241,8904,0.033659523913962805
2241,8906,0.01314245948447443
2241,8907,0.02101757920141254
2241,8908,0.03656261322416271
2241,8909,0.032022852106246766
2241,8910,0.008915395220138464
2241,8911,0.038670282858426275
2241,8912,0.044142818570938394
2241,8913,0.05468225302992714
2241,8914,0.02742874356225107
2241,8916,0.03870770503427446
2241,8955,0.012740580519891059
2241,8956,0.026713112962845155
2241,8957,0.026368618546456637
2241,8958,0.049314115877685735
2241,8959,0.008496825232182318
2241,8960,0.03735821731779072
2241,8962,0.04501841342039267
2241,8963,0.03166393856843392
2241,8964,0.03832948819090689
2241,9000,0.02444106529259703
2241,9001,0.030239506162929714
2241,9002,0.040864150623224446
2241,9004,0.0032866956504629913
2241,9155,0.014845972103297847
2241,9330,0.020954962829865347
2241,9337,0.009935697093143393
2241,9390,0.019579906471449884
2241,9401,0.03349590832102595
2241,9427,0.0166461366018465
2241,9428,0.010425975726628003
2241,9446,0.03103498124778756
2241,9465,0.015685351196484763
2241,9553,0.02505630638444925
2241,9651,0.02306718530599959
2241,11878,0.04448695604919279
2241,11882,0.04319641568548391
2241,11883,0.039102655755170704
2241,11884,0.0409712655788734
2241,11886,0.02298617480903722
2241,11887,0.019465443231296595
2241,11888,0.04339855789987366
2241,11889,0.000513850672931258
2241,11929,0.038841126671771274
2241,11930,0.037999708801969866
2241,11931,0.0378236609614054
2241,11933,0.03629273556902168
2241,11934,0.024112131846267336
2241,11935,0.05948771876631228
2241,11936,0.03389623562542197
2241,11970,0.03295484548168501
2241,11971,0.044629117865839514
2241,11973,0.048781970917985196
2241,12246,0.04500256681555527
2241,12267,0.05977036250741591
2241,12284,0.05509843724052378
2241,12286,0.028306744293656916
2241,12290,0.0342706795853545
2241,12316,0.007687530366921791
2241,12346,0.04953454149955175
2241,12372,0.04115211759793094
2241,12562,0.05346329269605128
2241,12568,0.047031497963812764
2241,12619,0.06608447614999101
2241,12637,0.05606529163372514
2277,2278,0.05994054900094975
2277,2280,0.06680256380611109
2277,2448,0.012229540674675
2277,2484,0.045039967350381294
2277,2541,0.017856921754292075
2277,2648,0.006706937543090936
2277,2678,0.021003720574441102
2277,2738,0.044528233062663146
2277,2757,0.04273822437901353
2277,2778,0.02271465071419485
2277,2842,0.0030264272276411285
2277,2859,0.02746293323148841
2277,2860,0.008780369532931737
2277,2976,0.035040129967790164
2277,5404,0.033721847876029575
2277,5432,0.018964322720406077
2277,5435,0.013601290332550387
2277,5436,0.02489839721319355
2277,5437,0.012063727637888454
2277,5438,0.022667421850037648
2277,5439,0.022143114721502502
2277,5440,0.021058629687849544
2277,5441,0.025913484858107447
2277,5442,0.027153919210316135
2277,5444,0.010593387318216711
2277,5446,0.04929461132805313
2277,5474,0.06862877989375213
2277,5475,0.043388885388383897
2277,5476,0.02028041792197401
2277,5477,0.03264564537030588
2277,5479,0.028369126766123916
2277,5505,0.02885079584340971
2277,5506,0.07006396251687948
2277,5507,0.06773509063581767
2277,5508,0.023829516927653723
2277,5509,0.04414577417690746
2277,5735,0.026584170271383132
2277,5743,0.018634810221333523
2277,5875,0.07734577861705676
2277,5908,0.037513275512019724
2277,5940,0.013688434242918027
2277,6191,0.019919573421944448
2277,6216,0.02922615360697619
2277,8861,0.013175883903158476
2277,8868,0.023177452268552477
2277,8904,0.012492079027937392
2277,8906,-0.007702600932363153
2277,8907,0.031878333844477795
2277,8908,0.019862334507305485
2277,8909,0.011874180444061829
2277,8910,-0.0014856255201924132
2277,8911,0.06408440710681987
2277,8912,0.03251729399305434
2277,8913,0.04314050765422394
2277,8914,0.029459583652217805
2277,8916,0.0359372822671091
2277,8955,-0.00916370898900546
2277,8956,0.004714143539930032
2277,8957,0.011368850734579617
2277,8958,0.027168132864659786
2277,8959,-0.001149503556757734
2277,8960,0.03676992369290815
2277,8962,0.027859980669674912
2277,8963,0.028715111854770436
2277,8964,0.030760724406979217
2277,9000,0.07213185396056263
2277,9001,0.038840023945078905
2277,9002,0.01261610082832814
2277,9004,-0.006142698166616031
2277,9155,0.01671969401710344
2277,9330,0.051344159383881496
2277,9337,0.0007673893311893848
2277,9390,0.019268081352455415
2277,9401,0.037044925156951576
2277,9427,0.004081821056247797
2277,9428,0.0027992338177195587
2277,9446,0.01411636713118747
2277,9465,0.013303072710396064
2277,9553,-0.0021758260933400827
2277,9651,0.005780959302902114
2277,11878,0.03518998494261538
2277,11882,0.03280522994554596
2277,11883,0.0233218102531267
2277,11884,0.037830729837314774
2277,11886,0.04684493287552538
2277,11887,0.04461226378353637
2277,11888,0.08205046223946763
2277,11889,-0.0071305673451493665
2277,11929,0.03159447372860581
2277,11930,0.021109433194473528
2277,11931,0.05407555830497991
2277,11933,0.03294969985538422
2277,11934,0.03255524131422167
2277,11935,0.03379677774515928
2277,11936,0.016444062373598637
2277,11970,0.059766520316137134
2277,11971,0.025699450922446188
2277,11973,0.026532089366054733
2277,12246,0.03524271052573932
2277,12267,0.057172699125910297
2277,12284,0.07833594982308428
2277,12286,0.009600031279184096
2277,12290,0.04860564823119115
2277,12316,0.009276427321046148
2277,12346,0.017658233641094506
2277,12372,0.038031468879478635
2277,12562,0.0515490540899181
2277,12568,0.04498089769525207
2277,12619,0.03476605323129999
2277,12637,0.04260845274319739
2278,2280,0.07232984360702176
2278,2448,0.019429293915876354
2278,2484,0.0404517775883225
2278,2541,0.051217856343255624
2278,2648,0.04539683282848253
2278,2678,0.026993117836657393
2278,2738,0.045061476430977486
2278,2757,0.06482313410222079
2278,2778,0.05704240708631263
2278,2842,0.027530421103430878
2278,2859,0.06855604566757212
2278,2860,0.03736716401923254
2278,2976,0.06647225685212946
2278,5404,0.04642826229534784
2278,5432,0.025915286489827476
2278,5435,0.022319240403178488
2278,5436,0.03224634881191129
2278,5437,0.05087117183932969
2278,5438,0.0553860102493963
2278,5439,0.037936737940098726
2278,5440,0.01955235358391399
2278,5441,0.03607207600899889
2278,5442,0.04232724602239889
2278,5444,0.03882282743588235
2278,5446,0.06666043021200121
2278,5474,0.06683950038464073
2278,5475,0.08250716966550808
2278,5476,0.030751201117514372
2278,5477,0.05482168842356231
2278,5479,0.049663900999673626
2278,5505,0.055645419087693423
2278,5506,0.03837770949377619
2278,5507,0.07364966768106876
2278,5508,0.037238065893612976
2278,5509,0.06862720183925004
2278,5735,0.08809984053766436
2278,5743,0.0312650891811576
2278,5875,0.040090313329172934
2278,5908,0.052024006431822964
2278,5940,0.051820448588202395
2278,6191,0.03816724370033095
2278,6216,0.05890800025662631
2278,8861,0.012934094005146628
2278,8868,0.04448167197265717
2278,8904,0.046644957058009126
2278,8906,0.021382586389736783
2278,8907,0.03986821371813745
2278,8908,0.028336223129110223
2278,8909,0.023547364715346908
2278,8910,0.015362409534786691
2278,8911,0.02457127042409145
2278,8912,0.03696705146349325
2278,8913,0.04656926025664134
2278,8914,0.012103385582787804
2278,8916,0.05642843062687514
2278,8955,0.011176005415193861
2278,8956,0.02727789775312323
2278,8957,0.028339395363023896
2278,8958,0.07569671412668773
2278,8959,0.015365494992247654
2278,8960,0.05331700887066174
2278,8962,0.046535544451005974
2278,8963,0.024718344277094743
2278,8964,0.027266374800176983
2278,9000,0.045796325753864726
2278,9001,0.04317101521807582
2278,9002,0.06798812761262439
2278,9004,0.0015010174339803355
2278,9155,0.04535328402208666
2278,9330,0.03298591185257119
2278,9337,0.007712259320481009
2278,9390,0.016322016793198786
2278,9401,0.022654412014223725
2278,9427,0.04338312198197853
2278,9428,0.02496448003841772
2278,9446,0.02196582434013002
2278,9465,0.02393584113683479
2278,9553,0.053307765599821456
2278,9651,0.05632649714828719
2278,11878,0.09060948573383894
2278,11882,0.05223492141642864
2278,11883,0.042141739666182
2278,11884,0.045769047415844144
2278,11886,0.020283558954897078
2278,11887,0.04620238307155636
2278,11888,0.06599967241809257
2278,11889,0.02287778204414975
2278,11929,0.06483917923440481
2278,11930,0.04320132837748651
2278,11931,0.07770715089473082
2278,11933,0.032969307654217836
2278,11934,0.04802161292165881
2278,11935,0.047108177778547686
2278,11936,0.019194085556366154
2278,11970,0.06910525633504544
2278,11971,0.04391531890146065
2278,11973,0.060610870588531277
2278,12246,0.05301001794231656
2278,12267,0.08081155475320727
2278,12284,0.07846738733050748
2278,12286,0.03145647984311143
2278,12290,0.045857660652424005
2278,12316,0.002083535319398381
2278,12346,0.03213097737598097
2278,12372,0.0575902625672919
2278,12562,0.0639389532989611
2278,12568,0.08233146744382458
2278,12619,0.06156485974696243
2278,12637,0.07979045753006588
2280,2448,0.015887094284777203
2280,2484,0.05702704022979153
2280,2541,0.022739810008023477
2280,2648,0.04975624643138434
2280,2678,0.030291832423323162
2280,2738,0.03224145670154382
2280,2757,0.08488476715802358
2280,2778,0.03264278077240455
2280,2842,0.006869958018860421
2280,2859,0.06885679105855687
2280,2860,0.023212982830074003
2280,2976,0.06274003979290962
2280,5404,0.03743622660834271
2280,5432,0.03192237192973942
2280,5435,0.0056976365242495264
2280,5436,0.02609806957688247
2280,5437,0.04332127824582909
2280,5438,0.02474234704948136
2280,5439,0.03443383252844985
2280,5440,0.03643850336512846
2280,5441,0.023161877893685887
2280,5442,0.024013296285820378
2280,5444,0.024016119926949436
2280,5446,0.09285170192641307
2280,5474,0.05786937389371723
2280,5475,0.07139371801817818
2280,5476,0.02490356813037536
2280,5477,0.06429377402876857
2280,5479,0.014417536026269299
2280,5505,0.017963466134985763
2280,5506,0.06026520510959403
2280,5507,0.03846352459423329
2280,5508,0.02909941903028807
2280,5509,0.054022500227833385
2280,5735,0.030678303479904828
2280,5743,0.0319960006058526
2280,5875,0.029327180334893843
2280,5908,0.04196766257188177
2280,5940,0.05121997065504087
2280,6191,0.021285211892732067
2280,6216,0.031791838014463364
2280,8861,0.007049610960011792
2280,8868,0.0372636145137828
2280,8904,0.04005902440045032
2280,8906,0.0021782571661607313
2280,8907,0.05672535127822907
2280,8908,0.02180858511442507
2280,8909,0.025922708677829275
2280,8910,0.024306041008745508
2280,8911,0.02265574398319372
2280,8912,0.04565240380863277
2280,8913,0.056777204597874054
2280,8914,0.01015669479442509
2280,8916,0.049675103298727014
2280,8955,-0.003858689255389391
2280,8956,0.0029058890850235204
2280,8957,0.010920176574070845
2280,8958,0.035126141450404304
2280,8959,-0.0005670801480510322
2280,8960,0.03357462386072216
2280,8962,0.027111297023500708
2280,8963,0.019519482720465223
2280,8964,0.02127896156563149
2280,9000,0.025495388865986925
2280,9001,0.031729109612618045
2280,9002,0.036489611711570086
2280,9004,0.002139282953183265
2280,9155,0.038222596615490774
2280,9330,0.03385303908483521
2280,9337,-0.0021212443079189985
2280,9390,0.02041650525703601
2280,9401,0.03949980587520005
2280,9427,0.04153454477650176
2280,9428,0.01319269630652718
2280,9446,0.06785627703703126
2280,9465,0.013231665496523123
2280,9553,0.035317375340013724
2280,9651,0.05235588880053081
2280,11878,0.04986328674863934
2280,11882,0.0413299133665467
2280,11883,0.02823864507740413
2280,11884,0.03685093322205877
2280,11886,0.01468708567057181
2280,11887,0.022568235372468246
2280,11888,0.07201550479926992
2280,11889,0.003284429183540978
2280,11929,0.030839188598994805
2280,11930,0.03182324844302716
2280,11931,0.038560219652208995
2280,11933,0.033738325701245325
2280,11934,0.04352672431156569
2280,11935,0.05458899155763804
2280,11936,0.008819144790177142
2280,11970,0.05807128260086023
2280,11971,0.04839840227926
2280,11973,0.04416922577393469
2280,12246,0.04908625207762178
2280,12267,0.06864659941507717
2280,12284,0.037723355219890814
2280,12286,0.014871468510001321
2280,12290,0.056776793292565554
2280,12316,-0.005041729023643367
2280,12346,0.01687112832007495
2280,12372,0.047635588250477624
2280,12562,0.04266273884815225
2280,12568,0.052839618310863305
2280,12619,0.04008738312355146
2280,12637,0.0451269876922516
2448,2484,0.011189084259672093
2448,2541,0.03167638587153714
2448,2648,0.06666001296554701
2448,2678,0.006870822182588635
2448,2738,0.039593023074965594
2448,2757,0.049755957675588165
2448,2778,0.005760715477066323
2448,2842,-0.007049382755061893
2448,2859,0.046624718056620475
2448,2860,0.001086194497789376
2448,2976,0.03911372542529015
2448,5404,0.04368648427089994
2448,5432,0.00829218721010382
2448,5435,0.004522735838005231
2448,5436,0.03266225638733872
2448,5437,0.03194626831638608
2448,5438,0.02812006461793943
2448,5439,0.01760320437533312
2448,5440,0.002321346275112204
2448,5441,0.0198776807327295
2448,5442,0.0016099629446652299
2448,5444,0.03207463409950405
2448,5446,0.007492137840231442
2448,5474,0.012551016996285585
2448,5475,0.010113041330884058
2448,5476,0.012618097775370037
2448,5477,0.018261944200062448
2448,5479,0.058028917352366954
2448,5505,0.015891915386801715
2448,5506,0.022503628851661153
2448,5507,0.021684257267125914
2448,5508,-0.0024398077619022405
2448,5509,0.01040723662776915
2448,5735,0.005632853488043625
2448,5743,0.007011654922443686
2448,5875,-0.000544577023863513
2448,5908,0.0008787975089679604
2448,5940,-0.0019414465593250235
2448,6191,0.0005256517240888003
2448,6216,0.01687992012668638
2448,8861,-0.003907687070969088
2448,8868,0.016505349427393543
2448,8904,0.019862647368348123
2448,8906,0.03293624811760712
2448,8907,0.002792744168310573
2448,8908,0.01180698090855237
2448,8909,0.012031023289869805
2448,8910,-0.00018425377780935894
2448,8911,0.0002109302963367651
2448,8912,0.013502088923893488
2448,8913,0.009806245078496013
2448,8914,0.006761232200823494
2448,8916,0.01383663472204483
2448,8955,-0.0031543072951879907
2448,8956,0.004407811720015681
2448,8957,0.03704425059876276
2448,8958,0.005556912553037787
2448,8959,-0.0023998676414478367
2448,8960,0.017931978649095046
2448,8962,0.028556292017180608
2448,8963,0.001135108608368034
2448,8964,-0.0034809883568070418
2448,9000,-0.002000210614513529
2448,9001,0.005363055620133313
2448,9002,-0.007037709512331594
2448,9004,0.009417729955669479
2448,9155,0.0063251265452836675
2448,9330,0.003981419616395358
2448,9337,0.013737885960335745
2448,9390,0.01181295639192457
2448,9401,-0.00023287118766617313
2448,9427,0.042251200329414575
2448,9428,0.13152494145204205
2448,9446,-0.0011209719132884354
2448,9465,0.0314724719270878
2448,9553,0.023871196147414855
2448,9651,0.02689853781000985
2448,11878,0.014329233265926727
2448,11882,0.016514859117376227
2448,11883,0.00948857301649202
2448,11884,0.021794891318309088
2448,11886,-0.0007701292786458557
2448,11887,0.03502652378236179
2448,11888,0.03157125555716395
2448,11889,0.13859186473927268
2448,11929,0.04542935731441655
2448,11930,0.02529550922903771
2448,11931,0.0152348235865339
2448,11933,0.044858347379380804
2448,11934,0.02954172692362031
2448,11935,0.014485372877509861
2448,11936,-0.002302322542527951
2448,11970,0.02140666700751375
2448,11971,-0.0029450478341521225
2448,11973,0.02269130723366135
2448,12246,0.04320216623114163
2448,12267,0.02990768795232463
2448,12284,0.0430727682640068
2448,12286,0.07646362381032519
2448,12290,0.11569395402403003
2448,12316,0.10536028552172085
2448,12346,0.003586948448329975
2448,12372,0.027867420650966132
2448,12562,0.012330673317642643
2448,12568,0.012232714055902068
2448,12619,0.02026781282584234
2448,12637,0.008326899039625926
2484,2541,0.016396802210194312
2484,2648,0.06516968393340315
2484,2678,0.03715173357142359
2484,2738,0.04583384800258512
2484,2757,0.05357576717511394
2484,2778,0.021578853856575545
2484,2842,0.018383695779491
2484,2859,0.09056110974526994
2484,2860,0.04652258283510878
2484,2976,0.04099583584774683
2484,5404,0.07565547539644829
2484,5432,0.05402988435211993
2484,5435,0.013614744487986654
2484,5436,0.0529058291873924
2484,5437,0.10058828854552682
2484,5438,0.013943377351295125
2484,5439,0.03097972070672041
2484,5440,0.03331016932847316
2484,5441,0.020708053616815113
2484,5442,0.02243669998390053
2484,5444,0.0275948496696223
2484,5446,0.07654931458972743
2484,5474,0.05856940659325666
2484,5475,0.08155492416296961
2484,5476,0.06834113421794243
2484,5477,0.07310702460762919
2484,5479,0.016738137020689128
2484,5505,0.031014085550655747
2484,5506,0.0501926703069423
2484,5507,0.03913400558597523
2484,5508,0.049125313962834476
2484,5509,0.061179433706313034
2484,5735,0.026621031047618995
2484,5743,0.03591107566448889
2484,5875,0.047971146267748455
2484,5908,0.030095289168893948
2484,5940,0.03018521165410806
2484,6191,0.02480898275108126
2484,6216,0.0485316094037283
2484,8861,0.014219225943861288
2484,8868,0.057662122011328754
2484,8904,0.056902242476532
2484,8906,0.010377838522594019
2484,8907,0.030938223103202135
2484,8908,0.03066472905889894
2484,8909,0.025160752880596896
2484,8910,0.0067480046986208115
2484,8911,0.038493923662449234
2484,8912,0.050730043085177014
2484,8913,0.06935557861262039
2484,8914,0.019430130717368727
2484,8916,0.05110683434421039
2484,8955,0.04044581389891288
2484,8956,0.015604211872437176
2484,8957,0.03720223777055793
2484,8958,0.08416158208022395
2484,8959,0.011548499399022982
2484,8960,0.05743862353885769
2484,8962,0.063896807403029
2484,8963,0.04428449288000983
2484,8964,0.02588906816314988
2484,9000,0.046695857467330626
2484,9001,0.049320279105035184
2484,9002,0.05554177344352252
2484,9004,0.01702532054543192
2484,9155,0.03242006654377598
2484,9330,0.02426191195181694
2484,9337,0.04270456782485158
2484,9390,0.02080002633423613
2484,9401,0.04972165716971029
2484,9427,0.02633293452965763
2484,9428,0.014811330478121835
2484,9446,0.02736563370972664
2484,9465,0.021174140257751363
2484,9553,0.06421030271064687
2484,9651,0.04252850943584102
2484,11878,0.055470194866207655
2484,11882,0.05197522031276711
2484,11883,0.04374974194450308
2484,11884,0.060545635348616185
2484,11886,0.01762558154828523
2484,11887,0.020026251972008594
2484,11888,0.0760857324750735
2484,11889,0.004767820546909962
2484,11929,0.03887194401931648
2484,11930,0.03806436105084372
2484,11931,0.049641331666794464
2484,11933,0.04466207534456408
2484,11934,0.056098942032795814
2484,11935,0.05689365608934162
2484,11936,0.02621434199236237
2484,11970,0.054166836032263105
2484,11971,0.03671613695593942
2484,11973,0.058417345175937246
2484,12246,0.07926875315214468
2484,12267,0.05867913554978805
2484,12284,0.07534695278376165
2484,12286,0.020753606800737796
2484,12290,0.054739845874561585
2484,12316,0.018422565109137052
2484,12346,0.022224765135431385
2484,12372,0.026302014152129585
2484,12562,0.05044115930692555
2484,12568,0.054816521388949394
2484,12619,0.0619191370905167
2484,12637,0.05640384614888142
2541,2648,0.01793933524520911
2541,2678,0.019942697312531604
2541,2738,0.042897097446515736
2541,2757,0.012688317911488929
2541,2778,0.12680599658270325
2541,2842,0.004682804645065688
2541,2859,0.025160215001324968
2541,2860,0.007887477948524539
2541,2976,0.08301418936728085
2541,5404,0.03097271049561419
2541,5432,0.025499079820802472
2541,5435,0.019739365730738794
2541,5436,0.004046941120310418
2541,5437,0.022515511306004217
2541,5438,0.02301647002407736
2541,5439,0.012025949761829226
2541,5440,0.010839242261715601
2541,5441,0.024086656430082367
2541,5442,0.004014683022791397
2541,5444,0.0125658110467488
2541,5446,0.020917050640906727
2541,5474,0.03065843835472065
2541,5475,0.030027946723511462
2541,5476,0.022735042391990833
2541,5477,0.04534156203946586
2541,5479,0.023407569423578356
2541,5505,0.013461025366009453
2541,5506,0.010074677449100698
2541,5507,0.029821654592813527
2541,5508,0.03403321670394821
2541,5509,0.03419671408070453
2541,5735,0.05696813865848395
2541,5743,0.01658995489392675
2541,5875,0.04170678799438406
2541,5908,0.01088055071035282
2541,5940,0.0038941816145227847
2541,6191,0.017954140961318903
2541,6216,0.04685613622416324
2541,8861,0.0038488314298092863
2541,8868,0.016468756934271744
2541,8904,0.017659630247846336
2541,8906,0.012798937446818032
2541,8907,0.03039127248167931
2541,8908,0.01717045852756795
2541,8909,0.012225501893518348
2541,8910,0.02113346971349672
2541,8911,0.031239058913574827
2541,8912,0.019494201103406564
2541,8913,0.04472968682580997
2541,8914,0.03920623882097046
2541,8916,0.014232471860993278
2541,8955,0.008816664060307743
2541,8956,0.009118303292189114
2541,8957,0.023329322351811666
2541,8958,0.02757745566771329
2541,8959,0.003249440744130728
2541,8960,0.03549069082933709
2541,8962,0.03008137475835248
2541,8963,0.044983150442230654
2541,8964,0.007367201929175333
2541,9000,0.016815675647575006
2541,9001,0.023469998568987537
2541,9002,0.045903620972729695
2541,9004,0.014091199607124376
2541,9155,0.010542292666435334
2541,9330,0.019918719302217325
2541,9337,0.016326205264696757
2541,9390,0.01999684685013089
2541,9401,0.016758963024451946
2541,9427,0.0296627298320557
2541,9428,0.024127690471561717
2541,9446,0.02007565164525179
2541,9465,0.01352233304676444
2541,9553,0.01574360509958073
2541,9651,0.023804643034811918
2541,11878,0.019316150120628886
2541,11882,0.02950906804222802
2541,11883,0.01403679530613196
2541,11884,0.01968291012103668
2541,11886,0.01962764668578944
2541,11887,0.008049862918128169
2541,11888,0.019041826384133195
2541,11889,0.015725526676768884
2541,11929,0.06779170376168124
2541,11930,0.03188128003495716
2541,11931,0.03724642853390257
2541,11933,0.03138812846928223
2541,11934,0.04549794673656012
2541,11935,0.028094310373037883
2541,11936,0.07906399286702977
2541,11970,0.005922906787489361
2541,11971,0.02775858806326445
2541,11973,0.044663433070011756
2541,12246,0.02676147184353653
2541,12267,0.037946024856931757
2541,12284,0.045235236774631704
2541,12286,0.013634258187642013
2541,12290,0.026343695680269934
2541,12316,0.008892706082050617
2541,12346,0.10077737519202594
2541,12372,0.02005051838627086
2541,12562,0.02916929969229344
2541,12568,0.045506099888525414
2541,12619,0.034619643541486445
2541,12637,0.059463124405218434
2648,2678,0.038175992681109355
2648,2738,0.047496965890223446
2648,2757,0.07455180999363607
2648,2778,0.020048732844942033
2648,2842,0.010949175537268267
2648,2859,0.1559206932519501
2648,2860,0.008593253523756507
2648,2976,0.04675760197021905
2648,5404,0.04324817904255209
2648,5432,0.02562210789826226
2648,5435,0.0024581683625858807
2648,5436,0.02327138131850611
2648,5437,0.058771196133034866
2648,5438,0.028365474240313545
2648,5439,0.05067273018184807
2648,5440,0.019143001306873894
2648,5441,0.03979592156205011
2648,5442,0.01631032977597669
2648,5444,0.0331438044510807
2648,5446,0.07594555880554048
2648,5474,0.03830754495500467
2648,5475,0.08921127875022261
2648,5476,0.05117949487827459
2648,5477,0.04641994252571269
2648,5479,0.028115994345039575
2648,5505,0.007848445318465787
2648,5506,0.11622120100694426
2648,5507,0.03257058076156393
2648,5508,0.032116893490455066
2648,5509,0.07695615335748106
2648,5735,0.016045348521010864
2648,5743,0.031962234907670285
2648,5875,0.010825246787126125
2648,5908,0.04233638574914242
2648,5940,0.02973383057306613
2648,6191,0.027768351410637986
2648,6216,0.028334332354121913
2648,8861,0.008999139612747545
2648,8868,0.03815940618235883
2648,8904,0.03723447265420357
2648,8906,-0.004387311611695238
2648,8907,0.026872234756015537
2648,8908,0.032314888648725275
2648,8909,0.033886704953983014
2648,8910,0.013779683602222502
2648,8911,0.019697416562738067
2648,8912,0.04783309189590135
2648,8913,0.03686763880072919
2648,8914,0.009744707100330693
2648,8916,0.024262628230657952
2648,8955,-0.0019870570467465406
2648,8956,0.017182033162130083
2648,8957,0.015433356521626973
2648,8958,0.04847970674624517
2648,8959,0.004071649254482934
2648,8960,0.036245255125874745
2648,8962,0.0489719091847808
2648,8963,0.04425672863166342
2648,8964,0.015474887282991805
2648,9000,0.01789503428760957
2648,9001,0.05088733869176954
2648,9002,0.028004748893387145
2648,9004,0.0033108509165219514
2648,9155,0.02682840070077002
2648,9330,0.05028473004747956
2648,9337,0.006157112816059418
2648,9390,0.00890245522828965
2648,9401,0.03622990887949207
2648,9427,0.029512955935892617
2648,9428,0.05289257872702587
2648,9446,0.02495113362865368
2648,9465,0.025446890822307715
2648,9553,0.035441788857533366
2648,9651,0.04882540763064347
2648,11878,0.05309300257389552
2648,11882,0.058648502067169934
2648,11883,0.039976374508721296
2648,11884,0.05065028312933625
2648,11886,0.009382716521062826
2648,11887,0.020713574483275682
2648,11888,0.06811453729907918
2648,11889,0.03255053465224462
2648,11929,0.038181434825653594
2648,11930,0.05176259109776346
2648,11931,0.045390543301389086
2648,11933,0.037155906806393274
2648,11934,0.05429006797016391
2648,11935,0.0495231206027301
2648,11936,0.005358215716909144
2648,11970,0.04111960656285785
2648,11971,0.039273017195389136
2648,11973,0.0584551791739152
2648,12246,0.13269056547423982
2648,12267,0.07092812538796109
2648,12284,0.06854814742864733
2648,12286,0.03915718917713399
2648,12290,0.12598071977350472
2648,12316,0.04296149127368092
2648,12346,0.029154173689860553
2648,12372,0.03733402041821407
2648,12562,0.05685777050223169
2648,12568,0.06964323688416638
2648,12619,0.06883629886569101
2648,12637,0.037003179923376164
2678,2738,0.06913764042922116
2678,2757,0.04798511588075831
2678,2778,0.031184759552714787
2678,2842,0.029944296838600823
2678,2859,0.04344368031453106
2678,2860,0.003371421880669161
2678,2976,0.041714921918455314
2678,5404,0.028074393010406436
2678,5432,0.04019408228702135
2678,5435,0.00748961125452362
2678,5436,0.019556857033666494
2678,5437,0.02157105292063182
2678,5438,0.011548619023485493
2678,5439,0.015783572117197275
2678,5440,0.01326192866114344
2678,5441,0.020838369030031594
2678,5442,0.036578753706285085
2678,5444,0.021180845637471257
2678,5446,0.04720312273142229
2678,5474,0.05642788540997952
2678,5475,0.059316996220692246
2678,5476,0.06741901584391899
2678,5477,0.02551555369868648
2678,5479,0.016497242492592164
2678,5505,0.04990437135933538
2678,5506,0.023452014021377126
2678,5507,0.03137874341399388
2678,5508,0.17715758368813514
2678,5509,0.05993741420007067
2678,5735,0.01762178747336133
2678,5743,0.04051037462089638
2678,5875,0.025544656275474413
2678,5908,0.014959762591626583
2678,5940,0.01922354043412598
2678,6191,0.01921916560708176
2678,6216,0.011263436084246304
2678,8861,0.02678614213931773
2678,8868,0.035847353299970026
2678,8904,0.025407117830920874
2678,8906,0.012170439068035901
2678,8907,0.01776668899614557
2678,8908,0.06335651992571138
2678,8909,0.024197298201131725
2678,8910,0.011901611153793751
2678,8911,0.020419409201569736
2678,8912,0.045334787893350895
2678,8913,0.04635552499239151
2678,8914,0.02518593310276309
2678,8916,0.023864938904223122
2678,8955,0.0030137074252002006
2678,8956,0.020176244261462754
2678,8957,0.04331051042030677
2678,8958,0.04014797853808439
2678,8959,0.010849950797901438
2678,8960,0.05543869131478811
2678,8962,0.039550590362725124
2678,8963,0.014408195071515618
2678,8964,0.0672278924906616
2678,9000,0.0209118502094994
2678,9001,0.01651977025748227
2678,9002,0.04929602778084031
2678,9004,0.025251987038766865
2678,9155,0.018703093517755284
2678,9330,0.002246901159146257
2678,9337,0.009974738600747136
2678,9390,0.02453099582451063
2678,9401,0.0159362919813768
2678,9427,0.01347748742601205
2678,9428,0.007656207229366591
2678,9446,0.03468857195189754
2678,9465,0.016514701742141
2678,9553,0.016069182177412978
2678,9651,0.020742228581550757
2678,11878,0.03734868976203111
2678,11882,0.02801753522666798
2678,11883,0.035554452760333075
2678,11884,0.044415606797826225
2678,11886,0.04832574784815629
2678,11887,0.029853133079505764
2678,11888,0.0455641527226038
2678,11889,0.0014217419501312493
2678,11929,0.05807689719371787
2678,11930,0.03077114357274589
2678,11931,0.04854285168287647
2678,11933,0.01518175664491875
2678,11934,0.03426913673922783
2678,11935,0.04923082791594167
2678,11936,0.08584185071680735
2678,11970,0.027237047744201524
2678,11971,0.027018540568384368
2678,11973,0.05538558478940948
2678,12246,0.023485426028607533
2678,12267,0.044709435634617635
2678,12284,0.08542719413697296
2678,12286,0.02578900239295403
2678,12290,0.04374890401559655
2678,12316,0.026835745541606865
2678,12346,0.06505384599003607
2678,12372,0.024312207255153068
2678,12562,0.03929875836645352
2678,12568,0.03297492623780827
2678,12619,0.05901716116068289
2678,12637,0.06228581801687134
2738,2757,0.06338005070428065
2738,2778,0.0881179334994972
2738,2842,0.014693488872143645
2738,2859,0.07564452683145348
2738,2860,0.020055698614782298
2738,2976,0.05942387041769597
2738,5404,0.03964036088150998
2738,5432,0.026570290807413983
2738,5435,0.005116162912833941
2738,5436,0.03637810761635354
2738,5437,0.032044424228556384
2738,5438,0.024547819643344678
2738,5439,0.029106445849561294
2738,5440,0.029302475250457188
2738,5441,0.017840437133052122
2738,5442,0.036337506918813274
2738,5444,0.019315789040598188
2738,5446,0.048236499741908016
2738,5474,0.07192943148226483
2738,5475,0.05418635565051873
2738,5476,0.030215205506999927
2738,5477,0.07362304811883269
2738,5479,0.03742845148429549
2738,5505,0.013054954550198996
2738,5506,0.01674914680384832
2738,5507,0.01762456522406711
2738,5508,0.062010587673588455
2738,5509,0.05942618987195863
2738,5735,0.03225902099839214
2738,5743,0.02202666837466718
2738,5875,0.050682889516326546
2738,5908,0.05703457808446146
2738,5940,0.018048424011512708
2738,6191,0.03163637412451684
2738,6216,0.05248489574058025
2738,8861,0.03724822109506947
2738,8868,0.051936607561766726
2738,8904,0.05179534904841374
2738,8906,0.015817140685564918
2738,8907,0.013079060976846428
2738,8908,0.04127934519407597
2738,8909,0.04238507250725514
2738,8910,0.02651467305779857
2738,8911,0.039652914946926604
2738,8912,0.05798620772340759
2738,8913,0.05407754340746819
2738,8914,0.03607287708078693
2738,8916,0.04312582670855899
2738,8955,0.02017054135550995
2738,8956,0.02558604408892892
2738,8957,0.07885011516839377
2738,8958,0.06813894643247952
2738,8959,0.018847386041675625
2738,8960,0.11493132350066367
2738,8962,0.05812006227534124
2738,8963,0.01861648527464476
2738,8964,0.0369860755364801
2738,9000,0.03525370377081325
2738,9001,0.025200656622946807
2738,9002,0.04157564704043159
2738,9004,0.015263955287037202
2738,9155,0.03191711324314439
2738,9330,0.017103489412346212
2738,9337,0.03263925986795582
2738,9390,0.07445941687616311
2738,9401,0.019537719845683182
2738,9427,0.015627194905836556
2738,9428,0.024316255053102385
2738,9446,0.02692059512857663
2738,9465,0.01707188506530888
2738,9553,0.03890773747038942
2738,9651,0.028940688188419855
2738,11878,0.04488856724003232
2738,11882,0.04887033378076698
2738,11883,0.03573833946638626
2738,11884,0.06204558006619312
2738,11886,0.04082101613281503
2738,11887,0.022211186803087195
2738,11888,0.03438753108965655
2738,11889,0.016849921965250727
2738,11929,0.05291769530169464
2738,11930,0.050818147657642025
2738,11931,0.03774809013147375
2738,11933,0.019597748762599815
2738,11934,0.03963804195709319
2738,11935,0.0609680779347421
2738,11936,0.10039401185051441
2738,11970,0.039847817454866465
2738,11971,0.034841456233008536
2738,11973,0.07059085473200706
2738,12246,0.029530376133892745
2738,12267,0.056314442383063275
2738,12284,0.06247176554666113
2738,12286,0.04895771812857671
2738,12290,0.07542288868486646
2738,12316,0.03372966325838313
2738,12346,0.08409823178104363
2738,12372,0.034985216443336166
2738,12562,0.05823554647752141
2738,12568,0.06317305057983529
2738,12619,0.05015658774362172
2738,12637,0.06936584426311412
2757,2778,0.028952686095690065
2757,2842,0.014676361868228568
2757,2859,0.10144954615998486
2757,2860,0.04025491719894233
2757,2976,0.06764093596347068
2757,5404,0.08237010683783368
2757,5432,0.04650222207460339
2757,5435,0.01766827767788012
2757,5436,0.04056269891756976
2757,5437,0.06151884220167154
2757,5438,0.03464709097775736
2757,5439,0.05409751789436155
2757,5440,0.022377016591091547
2757,5441,0.03626144244393698
2757,5442,0.03684115889897565
2757,5444,0.04654721638023531
2757,5446,0.07745922883476869
2757,5474,0.07228741196542517
2757,5475,0.09191743468305462
2757,5476,0.03324332386539829
2757,5477,0.06836037403822369
2757,5479,0.06552230180863612
2757,5505,0.022104464719533742
2757,5506,0.03059240974467639
2757,5507,0.0510016395080727
2757,5508,0.044059829863470026
2757,5509,0.0758364193962887
2757,5735,0.03699707397263319
2757,5743,0.04024708022019829
2757,5875,0.052623087948053836
2757,5908,0.036903922050665644
2757,5940,0.049916055034771506
2757,6191,0.046867168860759874
2757,6216,0.0574363659750297
2757,8861,0.016378007188354252
2757,8868,0.03733834145196743
2757,8904,0.03575995787010792
2757,8906,0.02232308601590013
2757,8907,0.015986220635401484
2757,8908,0.044855766838976414
2757,8909,0.041211789831472695
2757,8910,0.017809233550692243
2757,8911,0.015120549933033717
2757,8912,0.0580327060395829
2757,8913,0.06523133867370667
2757,8914,-0.00016541877663908458
2757,8916,0.051222038776301194
2757,8955,0.003447171651798273
2757,8956,0.024576467861235626
2757,8957,0.0439347351396919
2757,8958,0.07184332791831094
2757,8959,0.0207221352925997
2757,8960,0.07492005988903824
2757,8962,0.06612067991511796
2757,8963,0.02637335914975616
2757,8964,0.0369253253656598
2757,9000,0.026552135166907197
2757,9001,0.02859655070367863
2757,9002,0.038678553529158985
2757,9004,0.004033878866567608
2757,9155,0.08201916362838482
2757,9330,0.016347539358719597
2757,9337,0.010797867525594331
2757,9390,0.031712125510496396
2757,9401,0.030261813176001923
2757,9427,0.03746963125270786
2757,9428,0.039009846082058465
2757,9446,0.046879931727647726
2757,9465,0.02960576667391329
2757,9553,0.05977848127198608
2757,9651,0.08492247437618551
2757,11878,0.08649866019555857
2757,11882,0.058035928531903626
2757,11883,0.041668105936297155
2757,11884,0.05990635889818431
2757,11886,0.040083731317735606
2757,11887,0.07027520167955892
2757,11888,0.06501560023119582
2757,11889,0.04255440478261216
2757,11929,0.05983947677986471
2757,11930,0.06200392238402722
2757,11931,0.06681408604069818
2757,11933,0.03874281575886199
2757,11934,0.052680047113556124
2757,11935,0.06755865608100427
2757,11936,0.02054904828883632
2757,11970,0.09771379029288303
2757,11971,0.04030110147423195
2757,11973,0.056863517788304285
2757,12246,0.05298420863264904
2757,12267,0.08793385073034102
2757,12284,0.07198886849020451
2757,12286,0.042856060508677074
2757,12290,0.08606936615319352
2757,12316,0.029057662610164615
2757,12346,0.01702602621683751
2757,12372,0.06311014604116655
2757,12562,0.03808968545690847
2757,12568,0.06893400120813924
2757,12619,0.06327996128988053
2757,12637,0.0582659614870631
2778,2842,0.014227213593666528
2778,2859,0.030691743604631876
2778,2860,0.009234941004170228
2778,2976,0.06819746610282182
2778,5404,0.027164775725120296
2778,5432,0.03979467278905245
2778,5435,0.022264631272645802
2778,5436,0.005960106326873968
2778,5437,0.01788806935157651
2778,5438,0.013092270561541908
2778,5439,0.0166794662037239
2778,5440,0.013224491530630073
2778,5441,0.01624530069504599
2778,5442,0.02279393559450384
2778,5444,0.01763718131164245
2778,5446,0.030583106715438863
2778,5474,0.03530319607006818
2778,5475,0.0445948167090838
2778,5476,0.03153234939151829
2778,5477,0.03694155685224891
2778,5479,0.005115718584886641
2778,5505,0.01607216881168603
2778,5506,0.013224305482236605
2778,5507,0.03977157908976431
2778,5508,0.040677293431733506
2778,5509,0.0328798346629439
2778,5735,0.05214078415519207
2778,5743,0.013722874837294383
2778,5875,0.037015768522499666
2778,5908,0.010081995541731347
2778,5940,0.011243397560065083
2778,6191,0.030335687500123432
2778,6216,0.04386846131108496
2778,8861,0.02412562494572986
2778,8868,0.028064084140287864
2778,8904,0.015528466172036784
2778,8906,-0.00040335982238585706
2778,8907,0.02023481582680776
2778,8908,0.02023312581587042
2778,8909,0.012961093904818356
2778,8910,0.014575373086144774
2778,8911,0.03721919625625686
2778,8912,0.033213054978299066
2778,8913,0.042866664881953
2778,8914,0.06373135572695013
2778,8916,0.013111819635522244
2778,8955,0.014493967339675874
2778,8956,0.004242734879387723
2778,8957,0.0242747207519573
2778,8958,0.027459321571737694
2778,8959,0.009571344526672217
2778,8960,0.04550158314808609
2778,8962,0.03244406470765973
2778,8963,0.04951778031752071
2778,8964,0.013573871935386091
2778,9000,0.025166318538399256
2778,9001,0.029889761364319062
2778,9002,0.038229814850178734
2778,9004,0.008590676507695153
2778,9155,0.00971111046676877
2778,9330,0.022478833881155423
2778,9337,0.01374070225425179
2778,9390,0.025059835173147655
2778,9401,0.014487903491416985
2778,9427,0.004922827825242871
2778,9428,0.01764172506544413
2778,9446,0.019352232601680897
2778,9465,0.009551613432724556
2778,9553,0.017725065023976277
2778,9651,0.014514632830962005
2778,11878,0.031756651176846125
2778,11882,0.02889686580057879
2778,11883,0.028621781993369583
2778,11884,0.025849364228534823
2778,11886,0.034474777228291426
2778,11887,0.013739854704538168
2778,11888,0.027553221639970284
2778,11889,-0.000632198170189563
2778,11929,0.0752642387275416
2778,11930,0.030746776802187584
2778,11931,0.0425638958783584
2778,11933,0.046539203004120046
2778,11934,0.0806874820327516
2778,11935,0.0280131152634858
2778,11936,0.11445874439558215
2778,11970,0.02038767145882732
2778,11971,0.05271147914148358
2778,11973,0.06776596032109213
2778,12246,0.03426534466499377
2778,12267,0.043651839219419036
2778,12284,0.06066406922202766
2778,12286,0.019595996641586084
2778,12290,0.05289912315434766
2778,12316,0.0017542087819638096
2778,12346,0.09534489662359431
2778,12372,0.02931963964189483
2778,12562,0.038045252941153705
2778,12568,0.03688507390685883
2778,12619,0.03538364785338597
2778,12637,0.08823004895165598
2842,2859,0.027134984070252104
2842,2860,0.014867761063130931
2842,2976,0.050176849350784536
2842,5404,0.014598015777774817
2842,5432,0.03419057410942359
2842,5435,0.006648406665767797
2842,5436,0.009046215773598005
2842,5437,0.03051426150336304
2842,5438,0.004838661591308537
2842,5439,0.023963923888729925
2842,5440,0.017408365874688813
2842,5441,0.013048673729125234
2842,5442,0.018964211313769144
2842,5444,0.019550971203580337
2842,5446,0.015600706460887464
2842,5474,0.023108158068931083
2842,5475,0.021077002308418455
2842,5476,0.027011564019187095
2842,5477,0.015015273276405604
2842,5479,0.007279970972177542
2842,5505,0.01890822204042076
2842,5506,0.002585629794117559
2842,5507,0.012751982613612595
2842,5508,0.03493421307137531
2842,5509,0.019986355906371586
2842,5735,0.02357427163102142
2842,5743,0.025742171930652973
2842,5875,0.0058994931122214956
2842,5908,0.007657031386840292
2842,5940,0.0056277843167997455
2842,6191,0.026483218721690686
2842,6216,0.01180106682744577
2842,8861,0.029670866640257063
2842,8868,-8.523467264980908e-05
2842,8904,0.010546292683030851
2842,8906,0.056075226251137894
2842,8907,-0.001647602307608068
2842,8908,0.038606113512448643
2842,8909,0.007604150843508721
2842,8910,0.029903753463869774
2842,8911,0.00778423615274294
2842,8912,0.013626089837110113
2842,8913,0.01662006015682035
2842,8914,-0.00902386734892876
2842,8916,0.006658863644847101
2842,8955,0.03427436054277891
2842,8956,0.03837587860024688
2842,8957,0.029881399668623496
2842,8958,0.022638383444718378
2842,8959,0.009791806506265299
2842,8960,0.02163231094850335
2842,8962,0.020643180079079084
2842,8963,0.014326972937295719
2842,8964,0.01147442299131363
2842,9000,0.012832233460330056
2842,9001,0.0008245383367894469
2842,9002,0.050194308113622195
2842,9004,0.06891714674016028
2842,9155,0.011423915801363935
2842,9330,0.00458041816853695
2842,9337,0.005775461903516659
2842,9390,0.006396984977918073
2842,9401,0.0037939020246153233
2842,9427,0.004545222470265396
2842,9428,0.027894417459929995
2842,9446,0.00758165699571201
2842,9465,0.006970419933121868
2842,9553,0.042121751550483644
2842,9651,0.02215228449465153
2842,11878,0.019733436182115892
2842,11882,0.023229186506535843
2842,11883,0.007174076298770018
2842,11884,0.027112091758731992
2842,11886,0.019283121547685245
2842,11887,0.008912498396993278
2842,11888,0.01152331358335963
2842,11889,0.03485365027735189
2842,11929,0.016067801935601464
2842,11930,0.041003396888461226
2842,11931,0.009949649448817047
2842,11933,-0.0029895513009065384
2842,11934,0.0030078151862361433
2842,11935,0.021835531909040647
2842,11936,0.06471142758925269
2842,11970,0.007711558564616403
2842,11971,0.020440340564006808
2842,11973,0.034103028359780505
2842,12246,-0.004260073483453148
2842,12267,0.003749609653850018
2842,12284,0.028937247369832858
2842,12286,0.03043033447494076
2842,12290,0.01742551218712876
2842,12316,0.042416226516272935
2842,12346,0.023714714765026988
2842,12372,0.00613681852939478
2842,12562,0.022723807279315295
2842,12568,0.028636231173700098
2842,12619,0.025165125046272142
2842,12637,0.011296080552003054
2859,2860,0.04654346237024359
2859,2976,0.08852567036728122
2859,5404,0.08969305600753481
2859,5432,0.041072948171786236
2859,5435,0.007138897644668751
2859,5436,0.06688427006590497
2859,5437,0.08271567462611099
2859,5438,0.058036236746489424
2859,5439,0.05013900253373451
2859,5440,0.05666226611442836
2859,5441,0.06287561803088906
2859,5442,0.04245614716339876
2859,5444,0.06272471505553501
2859,5446,0.16709409761514804
2859,5474,0.07777979238590245
2859,5475,0.08713303402150627
2859,5476,0.04176876374436957
2859,5477,0.1019019740254141
2859,5479,0.0528128954110723
2859,5505,0.041190551652639434
2859,5506,0.053663195311559345
2859,5507,0.04218412538985905
2859,5508,0.03491568513985897
2859,5509,0.09956511124186133
2859,5735,0.043905347710174555
2859,5743,0.04241231994517978
2859,5875,0.04992914344303734
2859,5908,0.0542773680947783
2859,5940,0.04656287751890786
2859,6191,0.028523027848309974
2859,6216,0.10638507238346567
2859,8861,0.031992706647284846
2859,8868,0.0684857987626232
2859,8904,0.06560277915035237
2859,8906,0.021564595770556517
2859,8907,0.036473477556910834
2859,8908,0.07721017258206565
2859,8909,0.053670109851872067
2859,8910,0.01754836556176391
2859,8911,0.04730527288240079
2859,8912,0.08271041920910797
2859,8913,0.07648053531566326
2859,8914,0.01838566819930417
2859,8916,0.06742963368023044
2859,8955,0.009049605699370175
2859,8956,0.034351750140810516
2859,8957,0.055834385398543865
2859,8958,0.08127102111528894
2859,8959,0.018627709456823332
2859,8960,0.08660959651629423
2859,8962,0.080628364685524
2859,8963,0.024809719729498008
2859,8964,0.032820458844049924
2859,9000,0.0450492708327377
2859,9001,0.039832790501164894
2859,9002,0.06465748833870284
2859,9004,0.011087274291802696
2859,9155,0.05232879904131809
2859,9330,0.04541183521769367
2859,9337,0.015546088321943648
2859,9390,0.04983562653689043
2859,9401,0.03822535853359696
2859,9427,0.03478926174970298
2859,9428,0.057166507995636856
2859,9446,0.04548251150135965
2859,9465,0.044471299817444826
2859,9553,0.04591622161350019
2859,9651,0.0692548976145753
2859,11878,0.07613448789352216
2859,11882,0.06502725149749279
2859,11883,0.049745119212010865
2859,11884,0.05284374269790239
2859,11886,0.03545554547558588
2859,11887,0.04252625282125218
2859,11888,0.09240053828858864
2859,11889,0.046210094144497324
2859,11929,0.0660651300554119
2859,11930,0.06376538125923914
2859,11931,0.07354189597819706
2859,11933,0.06114607047660321
2859,11934,0.049437297752838796
2859,11935,0.07339362997792545
2859,11936,0.02205133164432617
2859,11970,0.06464475213627766
2859,11971,0.05452186533221697
2859,11973,0.06730228765140037
2859,12246,0.08466516888632306
2859,12267,0.09167293419339853
2859,12284,0.07698710126038932
2859,12286,0.06051440223151272
2859,12290,0.09709292182875587
2859,12316,0.02815518184727548
2859,12346,0.04084743741070393
2859,12372,0.06245613268501244
2859,12562,0.07354283399608734
2859,12568,0.08945543628371962
2859,12619,0.06882021478171711
2859,12637,0.052311594610221925
2860,2976,0.031989905260002845
2860,5404,0.042190113256955666
2860,5432,0.029297887245353104
2860,5435,0.004096336473906417
2860,5436,0.012170708008771831
2860,5437,0.06265473479290459
2860,5438,0.018484743873045634
2860,5439,0.019914202719364397
2860,5440,0.010643555670753044
2860,5441,0.029691334868348847
2860,5442,0.013486392062836782
2860,5444,0.026207284318683303
2860,5446,0.05038884031704352
2860,5474,0.04241305384576819
2860,5475,0.043333527580493456
2860,5476,0.02025298649550457
2860,5477,0.037579757262657734
2860,5479,0.002356562185949286
2860,5505,0.004538412365415462
2860,5506,0.018405197780335364
2860,5507,0.018643440357139017
2860,5508,0.0062018510294152476
2860,5509,0.040661868738542856
2860,5735,0.004453124510158087
2860,5743,0.0049607238455727145
2860,5875,0.08600897122795076
2860,5908,0.014002212578338872
2860,5940,0.03197279090593741
2860,6191,0.01198194491003876
2860,6216,0.027765744184459023
2860,8861,0.004743007054269049
2860,8868,0.02108225827203105
2860,8904,0.03569423782033974
2860,8906,0.05099039531015808
2860,8907,0.018557087723009225
2860,8908,0.036615366911048185
2860,8909,0.01656375671867945
2860,8910,0.0025626323166965726
2860,8911,0.009609580147907396
2860,8912,0.011863424098772042
2860,8913,0.04074099358574106
2860,8914,0.005074229856083962
2860,8916,0.038384618059982716
2860,8955,-0.001768252367196121
2860,8956,0.008170918045936254
2860,8957,0.018831999046523624
2860,8958,0.04438069886032694
2860,8959,-0.0017426433648938884
2860,8960,0.023081498637817017
2860,8962,0.03274075477050054
2860,8963,0.023166537205427006
2860,8964,0.0075495936305403945
2860,9000,0.04154641196882168
2860,9001,0.02798040132751456
2860,9002,0.03680804086821706
2860,9004,-0.0022082656409049173
2860,9155,0.03271467376215315
2860,9330,0.012440911228067092
2860,9337,-0.0045360729450026
2860,9390,0.019841976785202487
2860,9401,0.01212237046170433
2860,9427,0.013169652853692876
2860,9428,0.018054236374254528
2860,9446,0.06539752229597756
2860,9465,0.005299291845355827
2860,9553,0.05212205685675111
2860,9651,0.031146735782137305
2860,11878,0.05154804864276059
2860,11882,0.03609554424694643
2860,11883,0.02275473498189773
2860,11884,0.024100501838154802
2860,11886,0.011047326202571707
2860,11887,0.021255835411516523
2860,11888,0.03057041203004311
2860,11889,0.0018867494774002956
2860,11929,0.017294336429038895
2860,11930,0.021198345432336698
2860,11931,0.03562215880261309
2860,11933,0.016182983307903232
2860,11934,0.0241015101420123
2860,11935,0.0242995948562601
2860,11936,-0.0014573781645669773
2860,11970,0.05009756858431811
2860,11971,0.033341117151725164
2860,11973,0.032087170303028364
2860,12246,0.028999851493043273
2860,12267,0.03246024886400059
2860,12284,0.0528797126098945
2860,12286,0.011863181043688057
2860,12290,0.02081110580770531
2860,12316,-5.495692282479057e-05
2860,12346,0.007510366340145132
2860,12372,0.03784673578742752
2860,12562,0.03443140603502763
2860,12568,0.03372081204939589
2860,12619,0.033444449277285467
2860,12637,0.027896802653237095
2976,5404,0.0896675272389805
2976,5432,0.05910974267860038
2976,5435,0.013664014924241545
2976,5436,0.04557724218467358
2976,5437,0.0682782129367696
2976,5438,0.05461929486466663
2976,5439,0.0468671608765079
2976,5440,0.04725948962110775
2976,5441,0.04240007090935048
2976,5442,0.04843994720292341
2976,5444,0.054655988265319685
2976,5446,0.0804392344387566
2976,5474,0.07274991599954496
2976,5475,0.06185134028291672
2976,5476,0.048050630986863414
2976,5477,0.09106400100461974
2976,5479,0.062031740357664636
2976,5505,0.021392949349912968
2976,5506,0.04007400997800239
2976,5507,0.07585113892276354
2976,5508,0.03663303780578437
2976,5509,0.0731310544749899
2976,5735,0.06016864327931404
2976,5743,0.06906037139290107
2976,5875,0.05106770479754763
2976,5908,0.05359316683808046
2976,5940,0.03470772183126869
2976,6191,0.04428730765870439
2976,6216,0.08557841661525144
2976,8861,0.03850087286000032
2976,8868,0.03802524041868673
2976,8904,0.05844607829541737
2976,8906,0.03191888373032869
2976,8907,0.034377595801978786
2976,8908,0.05937191429536334
2976,8909,0.05926269839664669
2976,8910,0.03749627347102168
2976,8911,0.05075586784465922
2976,8912,0.07080945004766687
2976,8913,0.09137853162399505
2976,8914,0.015603458687452661
2976,8916,0.07335648739972805
2976,8955,0.04094857249304605
2976,8956,0.03120006596688151
2976,8957,0.06316658247113283
2976,8958,0.06259628711565986
2976,8959,0.014073862192201192
2976,8960,0.062224290680242704
2976,8962,0.0583244058016563
2976,8963,0.03558240042546516
2976,8964,0.036257560557671084
2976,9000,0.05159016823745634
2976,9001,0.040098742247510866
2976,9002,0.06456157345961105
2976,9004,0.03671719484603287
2976,9155,0.04045969549930076
2976,9330,0.030818470589989398
2976,9337,0.029762352287274633
2976,9390,0.044186207527417753
2976,9401,0.019490526252898488
2976,9427,0.051335731553033906
2976,9428,0.04471614364921331
2976,9446,0.03356545733407771
2976,9465,0.04313153316466478
2976,9553,0.059824754243435176
2976,9651,0.05197938413815561
2976,11878,0.05994018813721724
2976,11882,0.06641413769693978
2976,11883,0.05192608512451171
2976,11884,0.07159101564131182
2976,11886,0.03924452251377954
2976,11887,0.05953467688684466
2976,11888,0.06844377936140089
2976,11889,0.029282325294796217
2976,11929,0.06848279205418342
2976,11930,0.07068599435436039
2976,11931,0.06234343535050478
2976,11933,0.040802383230927934
2976,11934,0.045417785198510384
2976,11935,0.06977342697755827
2976,11936,0.06461630508600248
2976,11970,0.06838176570179852
2976,11971,0.06075456712985902
2976,11973,0.08710865726321003
2976,12246,0.037451179518500695
2976,12267,0.0762721621871427
2976,12284,0.0765618786237539
2976,12286,0.048664235914549894
2976,12290,0.06280101938898357
2976,12316,0.02118438964018792
2976,12346,0.07060112995848858
2976,12372,0.04268442397256168
2976,12562,0.066981592288933
2976,12568,0.07122128162829307
2976,12619,0.06144297616349574
2976,12637,0.07048120574621423
5404,5432,0.052023475271313034
5404,5435,0.02290050451420036
5404,5436,0.04690505731882323
5404,5437,0.035675318348049066
5404,5438,0.05841671543205151
5404,5439,0.04126293567096606
5404,5440,0.04444434693786202
5404,5441,0.03089176642108751
5404,5442,0.03543851992737877
5404,5444,0.05854401475612794
5404,5446,0.08366464758225654
5404,5474,0.06456091385388732
5404,5475,0.04334682609530774
5404,5476,0.039297975186390444
5404,5477,0.07545231055664076
5404,5479,0.05702817974585904
5404,5505,0.03491260449730168
5404,5506,0.023836943111745543
5404,5507,0.0565526747271072
5404,5508,0.03380939570630611
5404,5509,0.05923820739960825
5404,5735,0.038686498213784
5404,5743,0.045939228870777934
5404,5875,0.03625616836172298
5404,5908,0.043157918418872634
5404,5940,0.04983808558103957
5404,6191,0.06912955884695933
5404,6216,0.05377355502851237
5404,8861,0.02608551330060815
5404,8868,0.04674045550716464
5404,8904,0.04423176226028029
5404,8906,0.02565693035219896
5404,8907,0.012630591571512117
5404,8908,0.03563150305904977
5404,8909,0.046652891785267894
5404,8910,0.019555153712127668
5404,8911,0.024352532127888727
5404,8912,0.077332684113387
5404,8913,0.06806175594508726
5404,8914,0.011031561927987071
5404,8916,0.049104618029059015
5404,8955,0.026948378313802382
5404,8956,0.038198741639966026
5404,8957,0.04911094056469038
5404,8958,0.0496666530072178
5404,8959,0.012323036367742986
5404,8960,0.05669571818483124
5404,8962,0.04191802119805286
5404,8963,0.009834514995916305
5404,8964,0.03158611977691457
5404,9000,0.02419583266502941
5404,9001,0.008595052002254869
5404,9002,0.025584513850349492
5404,9004,0.0030563807075473137
5404,9155,0.1210811862318877
5404,9330,0.02078564835202421
5404,9337,0.037198466616944204
5404,9390,0.04126170369134248
5404,9401,0.03563977756110466
5404,9427,0.036082892875759436
5404,9428,0.02925612879391647
5404,9446,0.038720619485150966
5404,9465,0.021580231235703434
5404,9553,0.06084043746250119
5404,9651,0.07153586628483266
5404,11878,0.07575995438432497
5404,11882,0.04061840765422934
5404,11883,0.023679925417136937
5404,11884,0.0424645779001098
5404,11886,0.03426652756701988
5404,11887,0.053576737267535375
5404,11888,0.050091404557885605
5404,11889,0.0404232610715217
5404,11929,0.06091978562321917
5404,11930,0.025920537862716888
5404,11931,0.04292231738468883
5404,11933,0.03296618966481326
5404,11934,0.03002147931961818
5404,11935,0.06362158823519008
5404,11936,0.03182005154347713
5404,11970,0.054796518175671306
5404,11971,0.05392199238428584
5404,11973,0.05147894349273929
5404,12246,0.033459381842564605
5404,12267,0.06136680001008975
5404,12284,0.06586526679320409
5404,12286,0.03841767376423718
5404,12290,0.05720968895186356
5404,12316,0.031662735273982584
5404,12346,0.0332300894858991
5404,12372,0.046815064552183545
5404,12562,0.05146832661553865
5404,12568,0.055091781839373306
5404,12619,0.041258967933568036
5404,12637,0.03150285931619245
5432,5435,0.029178492524478936
5432,5436,0.04695333042043147
5432,5437,0.04394798353715281
5432,5438,0.030536893813947235
5432,5439,0.04515780254687163
5432,5440,0.026993477006016314
5432,5441,0.0174311573553429
5432,5442,0.02830017365279841
5432,5444,0.05020346351614404
5432,5446,0.06496824143552687
5432,5474,0.05934687052511279
5432,5475,0.0558802207875139
5432,5476,0.020514623248713268
5432,5477,0.05481990398365837
5432,5479,0.05551837258601816
5432,5505,0.018753758954246216
5432,5506,0.02703841385324812
5432,5507,0.032701923032285585
5432,5508,0.040009057315449306
5432,5509,0.048590855962892324
5432,5735,0.03825777216305755
5432,5743,0.041411358327013564
5432,5875,0.054845241286790095
5432,5908,0.02245386628844077
5432,5940,0.033409514746356825
5432,6191,0.027759977276460724
5432,6216,0.030384025499945434
5432,8861,0.02767572586503971
5432,8868,0.04082031035907323
5432,8904,0.07234742737442292
5432,8906,0.03423039466114516
5432,8907,0.042830394104211134
5432,8908,0.0638881420724305
5432,8909,0.03366557998666476
5432,8910,0.030712318179786372
5432,8911,0.025923335504630007
5432,8912,0.05750801593108627
5432,8913,0.05544161802791791
5432,8914,0.0003677662150626371
5432,8916,0.041564980252186585
5432,8955,0.009837071914352518
5432,8956,0.02503137121756113
5432,8957,0.052674964533933666
5432,8958,0.07241311207904302
5432,8959,0.027631964978112
5432,8960,0.07252282449601287
5432,8962,0.05739036908191051
5432,8963,0.041673220642834824
5432,8964,0.03000966273424001
5432,9000,0.024709946248732916
5432,9001,0.04352176004084571
5432,9002,0.08452311334891639
5432,9004,0.040033043308271156
5432,9155,0.04002445024370915
5432,9330,0.02533736838327111
5432,9337,0.031623067541747735
5432,9390,0.021186178999061854
5432,9401,0.020222286767657565
5432,9427,0.030406798977950945
5432,9428,0.03855156651431896
5432,9446,0.052502264388070485
5432,9465,0.03712023978983738
5432,9553,0.06416275419242946
5432,9651,0.03734383552789562
5432,11878,0.05141872692489512
5432,11882,0.06516244986078742
5432,11883,0.022562279626508263
5432,11884,0.051244553714770484
5432,11886,0.04392602642446145
5432,11887,0.02209136307019123
5432,11888,0.06365336749752579
5432,11889,0.01681923817189153
5432,11929,0.06965639291047614
5432,11930,0.05027438816871607
5432,11931,0.05797044421018379
5432,11933,0.03432559481374093
5432,11934,0.03079939058139795
5432,11935,0.06051531977948658
5432,11936,0.054137689793236715
5432,11970,0.05440538239632779
5432,11971,0.030351904975730766
5432,11973,0.055156119086687085
5432,12246,0.035244705851389745
5432,12267,0.0678641870488052
5432,12284,0.06580660027384573
5432,12286,0.03284149777454023
5432,12290,0.04445541017599216
5432,12316,0.029540432224576446
5432,12346,0.028769752836150356
5432,12372,0.03476845570316122
5432,12562,0.024870411306733987
5432,12568,0.047667351154973926
5432,12619,0.04366472588806576
5432,12637,0.05792579102949858
5435,5436,0.016722165344750826
5435,5437,0.016356446817725946
5435,5438,0.06129084675701245
5435,5439,0.016022311753775546
5435,5440,0.012029746151016612
5435,5441,0.007259333124421403
5435,5442,0.01851363555331681
5435,5444,0.008172677819371818
5435,5446,0.019388108747034036
5435,5474,0.03580352417085168
5435,5475,0.016567456654177085
5435,5476,0.026603217615095015
5435,5477,0.00977507771921859
5435,5479,0.01818502709703115
5435,5505,0.008209954621450617
5435,5506,0.020998257267287417
5435,5507,0.03020810032317182
5435,5508,0.02578857305104543
5435,5509,0.023773163200515594
5435,5735,0.03478299428043957
5435,5743,0.014406203167818151
5435,5875,0.013824439761964867
5435,5908,0.005599543396967454
5435,5940,0.02193709261714178
5435,6191,0.013929248073676534
5435,6216,0.04324384303890715
5435,8861,0.010093490515580592
5435,8868,0.006871509208605026
5435,8904,0.03602123168230549
5435,8906,0.007738876397534121
5435,8907,0.002045877464871667
5435,8908,0.016565892196380612
5435,8909,0.02362799466844061
5435,8910,0.0034033653961618414
5435,8911,0.009289786860175472
5435,8912,0.026126067599612373
5435,8913,0.0394448889088223
5435,8914,-0.0035717752044442204
5435,8916,0.017644756087466504
5435,8955,-0.0014846370961014816
5435,8956,-0.0006719892503130092
5435,8957,0.022447222620387293
5435,8958,0.040357450734176466
5435,8959,0.0049823827679726495
5435,8960,0.04072846369591154
5435,8962,0.027050835237953264
5435,8963,0.03367606773579346
5435,8964,0.040147673906558205
5435,9000,0.0077614359867902395
5435,9001,0.030090665819481992
5435,9002,0.046245258824470184
5435,9004,0.003984893997769271
5435,9155,0.01238256286382933
5435,9330,0.012519957306229691
5435,9337,0.01708265966243397
5435,9390,0.02471717791811428
5435,9401,0.013253107175827257
5435,9427,0.011280621816471366
5435,9428,0.01817227226386139
5435,9446,0.001844532272751395
5435,9465,0.031145520646686947
5435,9553,0.04043154335975545
5435,9651,0.017724433136998115
5435,11878,0.04707753161372662
5435,11882,0.027028209170888565
5435,11883,0.00924842285703288
5435,11884,0.03630044163456457
5435,11886,0.0054936488564674615
5435,11887,0.04698750610102684
5435,11888,0.019218879424862972
5435,11889,0.017187781412086663
5435,11929,0.03447424140842315
5435,11930,0.026910787407885224
5435,11931,0.017971421021344133
5435,11933,0.010953033347837919
5435,11934,0.03711331262875921
5435,11935,0.03177888878934166
5435,11936,0.02122862414677471
5435,11970,0.021218550200304952
5435,11971,0.0011011621385046818
5435,11973,0.0419794618652829
5435,12246,0.01884167630969153
5435,12267,0.035243743870841705
5435,12284,0.05391929617412279
5435,12286,0.014946642965281441
5435,12290,0.023545250570731913
5435,12316,0.005683536204954192
5435,12346,-0.004079901788823314
5435,12372,0.015719838459439597
5435,12562,0.013693413484406558
5435,12568,0.03623040498829233
5435,12619,0.021230052293211794
5435,12637,0.03496230081576995
5436,5437,0.11591277132511264
5436,5438,0.03933127724813591
5436,5439,0.019884548255465328
5436,5440,0.027246577589200273
5436,5441,0.06402171266647332
5436,5442,0.04902310879300921
5436,5444,0.034781168208927606
5436,5446,0.07432877697353035
5436,5474,0.05054476409522189
5436,5475,0.05088441627967508
5436,5476,0.05714981656650132
5436,5477,0.06453432539393651
5436,5479,0.02563230014159745
5436,5505,0.03413776384374128
5436,5506,0.017359260117827485
5436,5507,0.03248957130895073
5436,5508,0.020692806569514763
5436,5509,0.05239746493811705
5436,5735,0.017188375525309836
5436,5743,0.04626389313724627
5436,5875,0.03903278122793992
5436,5908,0.03756732895902331
5436,5940,0.030124136657090735
5436,6191,0.053325585625662704
5436,6216,0.08564069981702388
5436,8861,0.007422731766584993
5436,8868,0.0499199736807835
5436,8904,0.033709502137261406
5436,8906,0.04637614285650925
5436,8907,-0.006215320161328036
5436,8908,0.020785032097722287
5436,8909,0.02092886114978896
5436,8910,0.00958169864082833
5436,8911,0.01144377920821158
5436,8912,0.03355958670816781
5436,8913,0.050411411911324575
5436,8914,0.005127810102153331
5436,8916,0.03754889244382423
5436,8955,-0.0028757883530863408
5436,8956,0.018015499305727954
5436,8957,0.03176640496500189
5436,8958,0.09174192223337471
5436,8959,0.0022844699742005908
5436,8960,0.041529820923993176
5436,8962,0.05102323295861351
5436,8963,0.009999678993569034
5436,8964,0.01949039167906168
5436,9000,0.017909996491945804
5436,9001,0.02504821363853428
5436,9002,0.05707525601068143
5436,9004,0.008008636493825667
5436,9155,0.014054207525957535
5436,9330,-0.0002440727831662709
5436,9337,0.012634816493815695
5436,9390,0.044635793379461705
5436,9401,0.006411409042000366
5436,9427,0.016141555944039678
5436,9428,0.01274165215738941
5436,9446,0.007733209874792693
5436,9465,0.014647631349157803
5436,9553,0.04675259583429677
5436,9651,0.03700699243618918
5436,11878,0.03334773685282705
5436,11882,0.036591121598216134
5436,11883,0.03261973246266911
5436,11884,0.021658865355498533
5436,11886,0.01287700515252265
5436,11887,0.027776071464582778
5436,11888,0.04310529955737767
5436,11889,0.011316431239153879
5436,11929,0.021621366528234067
5436,11930,0.03540137940908039
5436,11931,0.028589889367053305
5436,11933,0.046988473942889956
5436,11934,0.018236504900402156
5436,11935,0.034348355710554335
5436,11936,0.016138115003985647
5436,11970,0.04471790685965322
5436,11971,0.01065797501573867
5436,11973,0.03536342827366609
5436,12246,0.0530087439244705
5436,12267,0.04576783075824305
5436,12284,0.04627347532653718
5436,12286,0.01335295647090382
5436,12290,0.06511116746833637
5436,12316,0.02266976886324328
5436,12346,0.02448514859692169
5436,12372,0.01948275505222186
5436,12562,0.016618846347378837
5436,12568,0.02251516019500826
5436,12619,0.020746008988919873
5436,12637,0.04565372741745192
5437,5438,0.05020138211128564
5437,5439,0.06756112939552371
5437,5440,0.029317980321296608
5437,5441,0.04673043283417114
5437,5442,0.029011969907763058
5437,5444,0.07158562712365057
5437,5446,0.07443729829296097
5437,5474,0.07415561004867392
5437,5475,0.0924710856598991
5437,5476,0.05478341246921125
5437,5477,0.05593093782017919
5437,5479,0.03980191922688276
5437,5505,0.024536799430435827
5437,5506,0.055217607462183536
5437,5507,0.027211700252442385
5437,5508,0.045682495650322306
5437,5509,0.06865888508299298
5437,5735,0.05396387508090378
5437,5743,0.0405276308266775
5437,5875,0.039893045021349674
5437,5908,0.0370774550757004
5437,5940,0.07635666286867801
5437,6191,0.0419294545448874
5437,6216,0.02167778221806323
5437,8861,0.02308595376037821
5437,8868,0.03702121601289303
5437,8904,0.0717254999242735
5437,8906,0.012002311706347262
5437,8907,0.021366985639507004
5437,8908,0.024859754567733275
5437,8909,0.02772765136598398
5437,8910,0.01649401137880438
5437,8911,0.011969859762144305
5437,8912,0.055900682432791636
5437,8913,0.041917618844856515
5437,8914,0.003064370700000039
5437,8916,0.051831139057235014
5437,8955,0.010310132657145005
5437,8956,0.00625544362815366
5437,8957,0.03224002842675059
5437,8958,0.05237101514532699
5437,8959,-0.0012021790205641082
5437,8960,0.039861841230011644
5437,8962,0.040647805276463604
5437,8963,0.016777551488043475
5437,8964,0.014010808730957834
5437,9000,0.0589378105759491
5437,9001,0.055051270004792964
5437,9002,0.04542848872701332
5437,9004,-0.0015455524156427558
5437,9155,0.03522451637819584
5437,9330,0.05718474291059576
5437,9337,0.010937854743716
5437,9390,0.029035370597641347
5437,9401,0.027302962397416024
5437,9427,0.058443222864028005
5437,9428,0.0769038948290598
5437,9446,0.032747586086987454
5437,9465,0.07153700780589563
5437,9553,0.06617736272257298
5437,9651,0.06310198211222028
5437,11878,0.08927993701083674
5437,11882,0.0668221239006398
5437,11883,0.0310512253546401
5437,11884,0.0601818422185504
5437,11886,0.0280312115855426
5437,11887,0.048786019121598405
5437,11888,0.05597642757444794
5437,11889,0.033022114422963295
5437,11929,0.048685520137152646
5437,11930,0.04103440298603433
5437,11931,0.0391947195126859
5437,11933,0.04343491645703093
5437,11934,0.05655323977465897
5437,11935,0.03680249180775756
5437,11936,0.004879539534845868
5437,11970,0.07907782447924104
5437,11971,0.0337639959899373
5437,11973,0.051405665724868224
5437,12246,0.08536775470801714
5437,12267,0.05878696328147521
5437,12284,0.06657868902489977
5437,12286,0.03535375084308403
5437,12290,0.06371095938442321
5437,12316,0.013616652132990629
5437,12346,0.01742607173863536
5437,12372,0.0468227808263227
5437,12562,0.023140739065914614
5437,12568,0.054297151300588105
5437,12619,0.05850640946091966
5437,12637,0.04126970762141443
5438,5439,0.0362074767649999
5438,5440,0.01777038158726643
5438,5441,0.05829623166975079
5438,5442,0.025943409774320858
5438,5444,0.03487740232500147
5438,5446,0.03838745966299077
5438,5474,0.05686849117629697
5438,5475,0.03901818716015732
5438,5476,0.011504369776333718
5438,5477,0.03715124998646337
5438,5479,0.035149652305058635
5438,5505,0.018335468517021527
5438,5506,0.02508427706491
5438,5507,0.05896930218967451
5438,5508,0.02103478638096175
5438,5509,0.04116432397811863
5438,5735,0.04591881720598675
5438,5743,0.0538214471613162
5438,5875,0.017436092253629305
5438,5908,0.020358450219674678
5438,5940,0.04351909907859049
5438,6191,0.04022602092972349
5438,6216,0.03225721668046127
5438,8861,0.05115130036940945
5438,8868,0.03132131487884872
5438,8904,0.05880899363945638
5438,8906,0.02346225243899676
5438,8907,0.021903862142529377
5438,8908,0.024471596051140295
5438,8909,0.07042111561350398
5438,8910,0.030826960157487822
5438,8911,0.027264250689454095
5438,8912,0.055536289025659734
5438,8913,0.03682357981553609
5438,8914,0.0006003376270362694
5438,8916,0.03327776399319425
5438,8955,0.014876162289076697
5438,8956,0.015794085909974477
5438,8957,0.06686156169814408
5438,8958,0.052183666707337345
5438,8959,0.04444885916259665
5438,8960,0.06500810711574036
5438,8962,0.02768896442036066
5438,8963,0.018279808427755423
5438,8964,0.031649376512696066
5438,9000,0.011045837508781898
5438,9001,0.030949343321603352
5438,9002,0.014353191623954804
5438,9004,0.006010124472973965
5438,9155,0.054652223196385526
5438,9330,0.01763382114933069
5438,9337,0.008349137083194347
5438,9390,0.03960227868570926
5438,9401,0.041032167676282136
5438,9427,0.048505596302563986
5438,9428,0.03997468653732257
5438,9446,0.02174914255808088
5438,9465,0.024073202510388463
5438,9553,0.04597093528924297
5438,9651,0.058588518202172674
5438,11878,0.03525553540654305
5438,11882,0.033938867394461905
5438,11883,0.029437730307786604
5438,11884,0.044919235988054876
5438,11886,0.018597125750443366
5438,11887,0.05998373561739098
5438,11888,0.04526473151701357
5438,11889,0.024645337600176166
5438,11929,0.0385553480220638
5438,11930,0.023980445727890657
5438,11931,0.030666239190175578
5438,11933,0.032363236382992565
5438,11934,0.02696620366399474
5438,11935,0.039398431983560765
5438,11936,0.004590424501949918
5438,11970,0.035491198633963536
5438,11971,0.014732838198670354
5438,11973,0.035187746566801556
5438,12246,0.013187523989458721
5438,12267,0.036264498526977766
5438,12284,0.05385988474640524
5438,12286,0.02939191317885424
5438,12290,0.04665141552636909
5438,12316,0.005867753707800535
5438,12346,0.03308409448857845
5438,12372,0.023345846597181922
5438,12562,0.018073239076214723
5438,12568,0.04173866679680019
5438,12619,0.031180400427506593
5438,12637,0.03915191889828947
5439,5440,0.022357454166069372
5439,5441,0.04815954780572536
5439,5442,0.03419869331356199
5439,5444,0.06348440473186924
5439,5446,0.04453262415163052
5439,5474,0.05234750053929926
5439,5475,0.0479906635172868
5439,5476,0.0368440662058087
5439,5477,0.04372607059305708
5439,5479,0.11647961012056463
5439,5505,0.008127767418410302
5439,5506,0.05131656240178251
5439,5507,0.020204203925970412
5439,5508,0.02997279525171897
5439,5509,0.07033473441374302
5439,5735,0.029189175207700487
5439,5743,0.038182238610061155
5439,5875,0.019303619377135924
5439,5908,0.01967820005315122
5439,5940,0.024209057666899545
5439,6191,0.039012258152841914
5439,6216,0.029619148113481167
5439,8861,0.0202190944818438
5439,8868,0.02465495470257068
5439,8904,0.052532729256268174
5439,8906,0.02596245742244351
5439,8907,0.01567649996380445
5439,8908,0.03319536292759844
5439,8909,0.03670083514254663
5439,8910,0.020066535545053027
5439,8911,0.011145086995593264
5439,8912,0.04082759650546907
5439,8913,0.052272891178874965
5439,8914,-0.0009228302231794256
5439,8916,0.030515403098195386
5439,8955,0.014931636297194172
5439,8956,0.016180314724311206
5439,8957,0.04489932968056228
5439,8958,0.022868870396647745
5439,8959,0.005584913284500553
5439,8960,0.05336517097858353
5439,8962,0.03767740600310998
5439,8963,0.018004840183924245
5439,8964,0.013056167554839012
5439,9000,0.02645155142203965
5439,9001,0.02881362729649241
5439,9002,0.06993416000767194
5439,9004,0.008435932366550202
5439,9155,0.07505037825997028
5439,9330,0.05021363264206398
5439,9337,0.0067931228738506285
5439,9390,0.016729470987906506
5439,9401,0.026641116229985936
5439,9427,0.05528771455353098
5439,9428,0.08224072208616712
5439,9446,0.0175864835797755
5439,9465,0.07120858526227476
5439,9553,0.056234121189410353
5439,9651,0.0360228874071147
5439,11878,0.044663668163709515
5439,11882,0.04417903305095612
5439,11883,0.030553223452240402
5439,11884,0.044509958803543664
5439,11886,0.0824033696088501
5439,11887,0.035492290254964226
5439,11888,0.04545368621784502
5439,11889,0.04292074989185925
5439,11929,0.031523554930740584
5439,11930,0.027341029090621215
5439,11931,0.02816726565525458
5439,11933,0.018139867869721733
5439,11934,0.030286163059795174
5439,11935,0.04032237744404287
5439,11936,0.015006793310468239
5439,11970,0.040024758958018755
5439,11971,0.012565208755498512
5439,11973,0.040671305240036426
5439,12246,0.01615206360703565
5439,12267,0.04264848998108126
5439,12284,0.033888061034279854
5439,12286,0.038660334064639354
5439,12290,0.04174810491031698
5439,12316,0.013189289453525318
5439,12346,0.023300355000770444
5439,12372,0.02349314001943062
5439,12562,0.03407608367503033
5439,12568,0.04624142863689809
5439,12619,0.027388121433860865
5439,12637,0.027714378622122417
5440,5441,0.025455781003579814
5440,5442,0.04256452587079373
5440,5444,0.02858599031143985
5440,5446,0.058950056204254905
5440,5474,0.053065625683974216
5440,5475,0.04777148520412687
5440,5476,0.03803865345425156
5440,5477,0.03975676329537804
5440,5479,0.024755572197814952
5440,5505,0.001646322604345499
5440,5506,0.020203047012020917
5440,5507,0.017292134019480185
5440,5508,0.028079483912916117
5440,5509,0.0422751556468107
5440,5735,0.014286134149029866
5440,5743,0.015200961112489215
5440,5875,0.03162341599564794
5440,5908,0.02811011354760048
5440,5940,0.021316319283538786
5440,6191,0.035703865553225474
5440,6216,0.02910732357826414
5440,8861,0.04203635398920292
5440,8868,0.024825247872692996
5440,8904,0.039971422736301346
5440,8906,-0.0004275462140204862
5440,8907,0.008583471006943292
5440,8908,0.03869971766493478
5440,8909,0.03509222924112103
5440,8910,0.023725187206666994
5440,8911,0.04298813317499348
5440,8912,0.0365889066429587
5440,8913,0.043590636934471405
5440,8914,0.003907942822578448
5440,8916,0.02396421564009386
5440,8955,0.01893313590559094
5440,8956,0.025531413667732386
5440,8957,0.03318097706031951
5440,8958,0.028505198485278972
5440,8959,0.0038474225312738167
5440,8960,0.02209769800876305
5440,8962,0.026432148415764113
5440,8963,0.005290893469957738
5440,8964,0.061591776722439234
5440,9000,0.02600832793712523
5440,9001,0.01405504428897012
5440,9002,0.02372767155974227
5440,9004,0.0072713221454519346
5440,9155,0.01727766707669865
5440,9330,0.008763107079623501
5440,9337,0.01551970903902193
5440,9390,0.025871969403103257
5440,9401,0.026452507782488838
5440,9427,0.020239303967547802
5440,9428,0.01768826440196491
5440,9446,0.016833117896328513
5440,9465,0.008794062870361068
5440,9553,0.026497254074930757
5440,9651,0.015928944703815406
5440,11878,0.03210280542636427
5440,11882,0.01849475808130255
5440,11883,0.029660202118553625
5440,11884,0.05924302337082647
5440,11886,0.022003501466103345
5440,11887,0.008758706003451022
5440,11888,0.04150415989602674
5440,11889,0.009488462194232317
5440,11929,0.036500128114746455
5440,11930,0.013633471712380251
5440,11931,0.026365386548132003
5440,11933,0.02074996909038603
5440,11934,0.017440300096994866
5440,11935,0.04020511025683498
5440,11936,0.02604205101809635
5440,11970,0.012392989911019926
5440,11971,0.017118061820291564
5440,11973,0.028598286964551748
5440,12246,0.01198177345295962
5440,12267,0.03155257008565979
5440,12284,0.03571467682040308
5440,12286,0.01703511854144999
5440,12290,0.0268747431711191
5440,12316,0.0035975547758964957
5440,12346,0.04083759521498311
5440,12372,0.026657271780471167
5440,12562,0.02116980876543993
5440,12568,0.04174686840673165
5440,12619,0.02916007658875587
5440,12637,0.023130876540893377
5441,5442,0.01673967912930669
5441,5444,0.06750852163110273
5441,5446,0.0981294583982382
5441,5474,0.040791043280404685
5441,5475,0.03247463952805768
5441,5476,0.025102668912027004
5441,5477,0.061640738664000695
5441,5479,0.01994143432692856
5441,5505,0.02692869535326558
5441,5506,0.038897677214209225
5441,5507,0.02421601864053344
5441,5508,0.022675884906072464
5441,5509,0.033420241435500354
5441,5735,0.013222065874525343
5441,5743,0.03469322826740446
5441,5875,0.022918724462773186
5441,5908,0.03843718068187102
5441,5940,0.051730492510427016
5441,6191,0.020245052056580004
5441,6216,0.043676464325237176
5441,8861,0.007998816892671184
5441,8868,0.02723988105411088
5441,8904,0.02012755105170583
5441,8906,0.008054462592436891
5441,8907,0.00823524989151818
5441,8908,0.03705901226233784
5441,8909,0.014033086581675716
5441,8910,0.0022797854962981127
5441,8911,0.015109754738844457
5441,8912,0.0390687113655257
5441,8913,0.02603503132283568
5441,8914,0.011146620720375231
5441,8916,0.02270821947633097
5441,8955,-0.0003175757450529559
5441,8956,0.00022334436298348555
5441,8957,0.02534703950444242
5441,8958,0.03906212242510289
5441,8959,-0.0012673497259987963
5441,8960,0.040286051149297925
5441,8962,0.01667834601402349
5441,8963,0.009808018911446791
5441,8964,0.006334719851546014
5441,9000,0.014615601257684676
5441,9001,0.019980660365028744
5441,9002,0.03476661495952108
5441,9004,-0.001491128695959997
5441,9155,0.0308908132635252
5441,9330,0.024111390023931117
5441,9337,-0.002231328246549531
5441,9390,0.025577703626356363
5441,9401,0.016368598253672408
5441,9427,0.011338894203832592
5441,9428,0.016522289802708544
5441,9446,0.01448931089820054
5441,9465,0.006939353806710239
5441,9553,0.027255280564670654
5441,9651,0.02831108722852017
5441,11878,0.0404279066651892
5441,11882,0.027481782125084484
5441,11883,0.0376272032213593
5441,11884,0.01899996005316547
5441,11886,0.02039222980950544
5441,11887,0.04383877415600052
5441,11888,0.05191631450184809
5441,11889,0.011059275582032449
5441,11929,0.022854728842616575
5441,11930,0.02115652801745134
5441,11931,0.02243198448928533
5441,11933,0.032366881167410884
5441,11934,0.01598778605132332
5441,11935,0.01734200328915056
5441,11936,0.01716813555769692
5441,11970,0.0355988381320909
5441,11971,0.02020238264263177
5441,11973,0.029341319768050083
5441,12246,0.027155718565652822
5441,12267,0.04962158214909246
5441,12284,0.04157945244014782
5441,12286,0.022957714268170965
5441,12290,0.042085760901267505
5441,12316,0.017519028200913753
5441,12346,0.029613596377740695
5441,12372,0.03692311364650786
5441,12562,0.024733928487793037
5441,12568,0.024724218938856558
5441,12619,0.033308119766830575
5441,12637,0.026254070768394283
5442,5444,0.04444958872791798
5442,5446,0.037033023332393
5442,5474,0.06649673865988227
5442,5475,0.05003689491505572
5442,5476,0.05311365363898663
5442,5477,0.04223872783658138
5442,5479,0.026807050059207298
5442,5505,0.019990999512823043
5442,5506,0.019588409869360647
5442,5507,0.06383850662991275
5442,5508,0.05240057839623432
5442,5509,0.041551537758410084
5442,5735,0.04080304821585171
5442,5743,0.027436265304659306
5442,5875,0.07642815242788163
5442,5908,0.044966914078442694
5442,5940,0.017804464844261545
5442,6191,0.07892117435465809
5442,6216,0.024692466071152677
5442,8861,0.00938082541807714
5442,8868,0.017206361393706186
5442,8904,0.04512584060516558
5442,8906,0.0012458295487169152
5442,8907,0.010047518885730357
5442,8908,0.03343203725408737
5442,8909,0.01733481553895018
5442,8910,0.014109006473396881
5442,8911,0.04503955355427774
5442,8912,0.03983191877810308
5442,8913,0.049234953638430105
5442,8914,0.005094153206385318
5442,8916,0.02074041413703014
5442,8955,0.007515187611066142
5442,8956,0.008657626256690061
5442,8957,0.034897798874948496
5442,8958,0.0437519171063853
5442,8959,0.0008568049095481629
5442,8960,0.048593398636916106
5442,8962,0.037475399874764795
5442,8963,0.06165471240476981
5442,8964,0.13711143595810907
5442,9000,0.05973682756551715
5442,9001,0.02605538771647987
5442,9002,0.07293586428989376
5442,9004,0.013933632873788303
5442,9155,0.021252806619572934
5442,9330,0.024705055781705704
5442,9337,0.011022148772967906
5442,9390,0.006937968484652521
5442,9401,0.027175319054342593
5442,9427,0.023184206178943404
5442,9428,0.007235122973392648
5442,9446,0.02300001463695141
5442,9465,0.024812593949594126
5442,9553,0.016146483933658553
5442,9651,0.019411788924791656
5442,11878,0.04676947774048837
5442,11882,0.024065807776033763
5442,11883,0.028938797053484944
5442,11884,0.04803040662251948
5442,11886,0.06141259175723508
5442,11887,0.010495141581421785
5442,11888,0.06620592765848261
5442,11889,0.00030019501884366036
5442,11929,0.03973124155516346
5442,11930,0.019634569817936435
5442,11931,0.044101584838977484
5442,11933,0.013823650755745433
5442,11934,0.023189607672776925
5442,11935,0.04422685194917865
5442,11936,0.039272606471843136
5442,11970,0.042978540531582
5442,11971,0.025587066752406757
5442,11973,0.04865369597746162
5442,12246,0.015135687772644279
5442,12267,0.08857019293013679
5442,12284,0.06965914164154366
5442,12286,0.006040528425186586
5442,12290,0.028437875115486153
5442,12316,0.013987006846554744
5442,12346,0.022455356693989587
5442,12372,0.02607784676708569
5442,12562,0.03451586079718408
5442,12568,0.04130355821922987
5442,12619,0.04682787695185884
5442,12637,0.035636673734185546
5444,5446,0.0300366490422632
5444,5474,0.04660707351512934
5444,5475,0.04843423372942262
5444,5476,0.030484958099763322
5444,5477,0.016840888686328496
5444,5479,0.07447510335216795
5444,5505,0.017203049574731524
5444,5506,0.033052209573624446
5444,5507,0.031813286010458554
5444,5508,0.02804101784260609
5444,5509,0.06786040525892321
5444,5735,0.03591867451981471
5444,5743,0.06351507978293236
5444,5875,0.034873373092392
5444,5908,0.026087588874709817
5444,5940,0.020745279849024034
5444,6191,0.026040674354730207
5444,6216,0.032608837393872436
5444,8861,0.013461593952246213
5444,8868,0.023406544607633195
5444,8904,0.0502770038345754
5444,8906,0.03271108301668297
5444,8907,0.014283300287658576
5444,8908,0.04857018154975162
5444,8909,0.04013348107436545
5444,8910,0.04223357065858488
5444,8911,0.0088078682935342
5444,8912,0.04987517242088956
5444,8913,0.04411467422352696
5444,8914,0.0012713417934865654
5444,8916,0.033951893278272006
5444,8955,0.0022360359409069027
5444,8956,0.006042995134694696
5444,8957,0.03270423193354474
5444,8958,0.03071539494032269
5444,8959,0.0073945309660525815
5444,8960,0.047860471657964976
5444,8962,0.034819419592390356
5444,8963,0.008792641687009033
5444,8964,0.007700480830424262
5444,9000,0.024922695739754665
5444,9001,0.03199284631172133
5444,9002,0.04853789809984512
5444,9004,0.04248712867573646
5444,9155,0.05349523155498592
5444,9330,0.022490868802207725
5444,9337,0.0029965475868609626
5444,9390,0.017673802678190097
5444,9401,0.010931452096710334
5444,9427,0.04632539130133947
5444,9428,0.07006419780432147
5444,9446,0.019172520244798617
5444,9465,0.05428102121976712
5444,9553,0.06590517056344727
5444,9651,0.06040641413487597
5444,11878,0.04452295058848585
5444,11882,0.030298454827000713
5444,11883,0.016721368170876574
5444,11884,0.058467311005342124
5444,11886,0.05371144643499992
5444,11887,0.07395397213098101
5444,11888,0.08148642644876673
5444,11889,0.06080661964319078
5444,11929,0.0695935374467468
5444,11930,0.03303477309098275
5444,11931,0.03128417844183979
5444,11933,0.04330956741732002
5444,11934,0.044095470501543554
5444,11935,0.024112638412178693
5444,11936,0.03050271406152103
5444,11970,0.043945824987927894
5444,11971,0.018872493487763153
5444,11973,0.051580419783378656
5444,12246,0.026467791393360293
5444,12267,0.060514498260802595
5444,12284,0.045215980151067044
5444,12286,0.04833902504258876
5444,12290,0.05834345352360749
5444,12316,0.05948676793693156
5444,12346,0.038296718060061505
5444,12372,0.05138673695891054
5444,12562,0.02840188622772984
5444,12568,0.03871528183668193
5444,12619,0.03825426103317651
5444,12637,0.03769704630622717
5446,5474,0.0936762363805706
5446,5475,0.10045118675309411
5446,5476,0.07182827977006415
5446,5477,0.10701511211213954
5446,5479,0.0437533706453309
5446,5505,0.05183755475946395
5446,5506,0.03605742156044285
5446,5507,0.049714764572826815
5446,5508,0.048281472267016116
5446,5509,0.10312973921876532
5446,5735,0.04540977130178295
5446,5743,0.05612963126636152
5446,5875,0.051652041891198854
5446,5908,0.09658559090883716
5446,5940,0.0859096549888252
5446,6191,0.03107242263846179
5446,6216,0.10322363496405002
5446,8861,0.03790201614399259
5446,8868,0.08295156921904016
5446,8904,0.050429441973890654
5446,8906,0.008517181795631733
5446,8907,0.03609911183038616
5446,8908,0.06949486628023836
5446,8909,0.03923718295470122
5446,8910,0.007419099901314869
5446,8911,0.041109985248876955
5446,8912,0.08788878599145514
5446,8913,0.07536123387142075
5446,8914,0.02373163878834079
5446,8916,0.06418219951620803
5446,8955,0.0019520476378825746
5446,8956,0.019937227331095552
5446,8957,0.048527996151474864
5446,8958,0.08962217650831499
5446,8959,0.015334984213475253
5446,8960,0.0822739660155619
5446,8962,0.07633681101448661
5446,8963,0.0511156447924259
5446,8964,0.06104143212670686
5446,9000,0.04092945477792284
5446,9001,0.04324956035778425
5446,9002,0.06626563942109466
5446,9004,0.013590799650644386
5446,9155,0.03537950065300639
5446,9330,0.027680945571364513
5446,9337,0.012169482888516324
5446,9390,0.042156540114717214
5446,9401,0.03551720062880407
5446,9427,0.016942658843078922
5446,9428,0.019751364274511473
5446,9446,0.03462861259928185
5446,9465,0.030598782964796165
5446,9553,0.040691971530982286
5446,9651,0.052438049997212674
5446,11878,0.07997957178721334
5446,11882,0.07635545417654743
5446,11883,0.0468384678182459
5446,11884,0.055014105401480225
5446,11886,0.04248868216478546
5446,11887,0.04326192161502889
5446,11888,0.08553675934132814
5446,11889,0.0014581235304098007
5446,11929,0.04021635137236121
5446,11930,0.05500196155151008
5446,11931,0.05282799676053534
5446,11933,0.04065460054948505
5446,11934,0.0353042283568593
5446,11935,0.10167506214888217
5446,11936,0.02154875881337033
5446,11970,0.06548803269042522
5446,11971,0.08272547824345505
5446,11973,0.06758168432701558
5446,12246,0.07165522610854087
5446,12267,0.09429322531501867
5446,12284,0.08222336456546114
5446,12286,0.0328897612544949
5446,12290,0.07261750126829783
5446,12316,0.009891641740010986
5446,12346,0.03901472318705566
5446,12372,0.049570504626003264
5446,12562,0.07012356334087831
5446,12568,0.06907191208589185
5446,12619,0.06927809399473525
5446,12637,0.06501077974119507
5474,5475,0.06432499548857838
5474,5476,0.0367959345678515
5474,5477,0.08760565111254325
5474,5479,0.029391210532004147
5474,5505,0.04291232859873627
5474,5506,0.0731062898580823
5474,5507,0.058701504179221986
5474,5508,0.061337607739171594
5474,5509,0.08858313181901836
5474,5735,0.057835624101708207
5474,5743,0.049257266715646
5474,5875,0.12099084765849297
5474,5908,0.0654665562559835
5474,5940,0.06293191871702342
5474,6191,0.06436473559274715
5474,6216,0.0539646354766577
5474,8861,0.03964836881353607
5474,8868,0.039400789920244435
5474,8904,0.09184596311909181
5474,8906,0.030274912097334784
5474,8907,0.05311207899136952
5474,8908,0.08709176155131775
5474,8909,0.06614470395238765
5474,8910,0.02918759983651459
5474,8911,0.055451264347867325
5474,8912,0.1069928101087341
5474,8913,0.10037877050269937
5474,8914,0.010412591432280795
5474,8916,0.07878346938450495
5474,8955,0.02084158786871366
5474,8956,0.04694170272545643
5474,8957,0.08866167043766592
5474,8958,0.10334251804924381
5474,8959,0.06026928044557581
5474,8960,0.09187772602545938
5474,8962,0.08574152486033236
5474,8963,0.06356751589406225
5474,8964,0.05826466964252095
5474,9000,0.06800081218336715
5474,9001,0.0572429351639458
5474,9002,0.09896579322349608
5474,9004,0.02307102575112736
5474,9155,0.048278609169536364
5474,9330,0.056221011762551544
5474,9337,0.0199492464420146
5474,9390,0.06049953899133924
5474,9401,0.05144498498813651
5474,9427,0.05132913691086045
5474,9428,0.0366803452416129
5474,9446,0.0854459828807511
5474,9465,0.04322579519584673
5474,9553,0.055960807803794754
5474,9651,0.052956722340906114
5474,11878,0.09199851439208447
5474,11882,0.07592134251169855
5474,11883,0.06129916894064873
5474,11884,0.06410070040291818
5474,11886,0.060153535092639376
5474,11887,0.04095036367167653
5474,11888,0.07917049428958228
5474,11889,0.004531224436776097
5474,11929,0.07566201467661501
5474,11930,0.08091133007011857
5474,11931,0.08739387376992684
5474,11933,0.02820455911730717
5474,11934,0.06855444525559626
5474,11935,0.09722711861914707
5474,11936,0.04282507434688285
5474,11970,0.07398997710548254
5474,11971,0.06962912128850063
5474,11973,0.08615112347574107
5474,12246,0.057117984246581474
5474,12267,0.09269560317404
5474,12284,0.11926551068219363
5474,12286,0.05248989489814123
5474,12290,0.05943981473263805
5474,12316,0.008873514659063908
5474,12346,0.0391270609621998
5474,12372,0.05934233760085346
5474,12562,0.06632797751012479
5474,12568,0.11408963922013689
5474,12619,0.075740799416774
5474,12637,0.07219050539090609
5475,5476,0.06685212496226384
5475,5477,0.08405178831534003
5475,5479,0.025689966434588495
5475,5505,0.0651049317438026
5475,5506,0.07679290823701442
5475,5507,0.0663668192883899
5475,5508,0.07794284247562196
5475,5509,0.11602858335709985
5475,5735,0.059024214172746704
5475,5743,0.06359734854548334
5475,5875,0.08224023625826782
5475,5908,0.07830443193696038
5475,5940,0.08734332974463456
5475,6191,0.060720955665035665
5475,6216,0.06912719987190995
5475,8861,0.0348318202962466
5475,8868,0.05795152522061941
5475,8904,0.08698704686239501
5475,8906,0.0233404554342492
5475,8907,0.038624432332554644
5475,8908,0.07330672471477698
5475,8909,0.05569881214806148
5475,8910,0.022594278507424684
5475,8911,0.0426527495433556
5475,8912,0.10072500704010799
5475,8913,0.09124077828631154
5475,8914,0.022533828713549156
5475,8916,0.08747371981334226
5475,8955,0.02085334976180855
5475,8956,0.03321486226021616
5475,8957,0.07126692796907015
5475,8958,0.09750657230279233
5475,8959,0.025103554400016253
5475,8960,0.07122193088347699
5475,8962,0.08934964846514643
5475,8963,0.030753611549648882
5475,8964,0.09128792385094123
5475,9000,0.06735076895303026
5475,9001,0.05602811050244764
5475,9002,0.07305808705621356
5475,9004,0.018173900183219724
5475,9155,0.05695681869262441
5475,9330,0.05133743944989065
5475,9337,0.019529783533359775
5475,9390,0.05542245509365754
5475,9401,0.04247384967373744
5475,9427,0.0578464129662527
5475,9428,0.03948051440917351
5475,9446,0.04947179435474756
5475,9465,0.045535614504941556
5475,9553,0.0630604563516745
5475,9651,0.05701618730931346
5475,11878,0.09783578750472681
5475,11882,0.06476832572849525
5475,11883,0.053286614076117456
5475,11884,0.08230593438514565
5475,11886,0.041325771841760936
5475,11887,0.0476116994649445
5475,11888,0.08124055786339185
5475,11889,0.013694238961440616
5475,11929,0.0535560551882185
5475,11930,0.06073480105815281
5475,11931,0.06705614991839877
5475,11933,0.03706878583450645
5475,11934,0.05940060216823257
5475,11935,0.09115478963170322
5475,11936,0.02564655889768421
5475,11970,0.07376808747539343
5475,11971,0.080695786166613
5475,11973,0.07171421949032744
5475,12246,0.06721302436437729
5475,12267,0.0768169147986327
5475,12284,0.0939000635027348
5475,12286,0.05243099729601815
5475,12290,0.06690176290332599
5475,12316,0.018996373087332964
5475,12346,0.04127323714505146
5475,12372,0.05875707212897945
5475,12562,0.06344123869140433
5475,12568,0.08731036578238693
5475,12619,0.07686428757398886
5475,12637,0.08048688152577606
5476,5477,0.024777425933362532
5476,5479,0.009500589532392283
5476,5505,0.014826435660895584
5476,5506,0.008491064094487582
5476,5507,0.023469093926884243
5476,5508,0.051355053280643256
5476,5509,0.0706849319909699
5476,5735,0.05619218143537722
5476,5743,0.027807990599836047
5476,5875,0.03727744242023532
5476,5908,0.03850074276761239
5476,5940,0.030215128599551916
5476,6191,0.03209524240490414
5476,6216,0.020301082671859375
5476,8861,0.02328026706098672
5476,8868,0.015328935194043122
5476,8904,0.03828079848855369
5476,8906,0.018799846090172795
5476,8907,0.0014702246647804059
5476,8908,0.029958875252467272
5476,8909,0.021546987750794826
5476,8910,0.007765508561926775
5476,8911,0.01906589043106802
5476,8912,0.03366620331185286
5476,8913,0.05384266862389805
5476,8914,0.018515407935549788
5476,8916,0.01170408631108664
5476,8955,0.011573611623702046
5476,8956,0.012276385456351064
5476,8957,0.04378261890921424
5476,8958,0.0792856037554491
5476,8959,0.013535334979586245
5476,8960,0.06028701563177636
5476,8962,0.049480570161969134
5476,8963,0.07708278961247991
5476,8964,0.059795867722047556
5476,9000,0.027627488828197582
5476,9001,0.028925866435660436
5476,9002,0.057762351484246736
5476,9004,0.016570742766935494
5476,9155,0.017717352031982835
5476,9330,0.004331539342695536
5476,9337,0.01006903924131271
5476,9390,0.019783822116618686
5476,9401,0.01166507073046191
5476,9427,0.014163642859175452
5476,9428,0.036111439370719804
5476,9446,0.022421504794247416
5476,9465,0.01837620089217991
5476,9553,0.03658540536411733
5476,9651,0.027560189009988276
5476,11878,0.029006229780953113
5476,11882,0.04749996233994891
5476,11883,0.02065981626438044
5476,11884,0.04881577992516032
5476,11886,0.016534898965127325
5476,11887,0.023860209473913846
5476,11888,0.05457339230523715
5476,11889,0.012514150478993239
5476,11929,0.03222297023720698
5476,11930,0.039296914144661715
5476,11931,0.023965799179673522
5476,11933,0.017076611826799717
5476,11934,0.028535599800972616
5476,11935,0.04532007410587986
5476,11936,0.038779141796692757
5476,11970,0.06356102512402288
5476,11971,0.022320526883821395
5476,11973,0.06016105194088144
5476,12246,0.03265395230646027
5476,12267,0.04359625406469565
5476,12284,0.058878981123059546
5476,12286,0.025415237384725
5476,12290,0.05773352199615667
5476,12316,0.022282143967753687
5476,12346,0.04001122990722506
5476,12372,0.019406071243250177
5476,12562,0.031665965234476845
5476,12568,0.05425080584337857
5476,12619,0.052664487443190085
5476,12637,0.05873970397954608
5477,5479,0.020731272857049374
5477,5505,0.036365851270849986
5477,5506,0.041103902480027606
5477,5507,0.031383600670709354
5477,5508,0.043379910057021236
5477,5509,0.09141257814349257
5477,5735,0.032707517938896265
5477,5743,0.04922555894204757
5477,5875,0.06889925600468572
5477,5908,0.09408536195454505
5477,5940,0.04196579687463181
5477,6191,0.02853650628488193
5477,6216,0.1145694053363697
5477,8861,0.01025769289174197
5477,8868,0.07110690800555271
5477,8904,0.04179536605579604
5477,8906,0.011804092750507597
5477,8907,0.020804449886082904
5477,8908,0.05773903760643785
5477,8909,0.03919227881433561
5477,8910,0.015033255107196986
5477,8911,0.016120830053877013
5477,8912,0.07290344479588076
5477,8913,0.06318686584406981
5477,8914,0.012182845164469573
5477,8916,0.04222901023605501
5477,8955,0.028186572890378785
5477,8956,0.03334869486573784
5477,8957,0.05721167756000353
5477,8958,0.10386943516881908
5477,8959,0.013928844629185075
5477,8960,0.06898876449932684
5477,8962,0.06664858350148403
5477,8963,0.028651189909490168
5477,8964,0.028025172053204827
5477,9000,0.03427598004881661
5477,9001,0.03591487543475525
5477,9002,0.06224174918598942
5477,9004,0.010936905908433192
5477,9155,0.056394338468278564
5477,9330,0.022221908370929806
5477,9337,0.041074362728477434
5477,9390,0.06126745069887675
5477,9401,0.017921639464691393
5477,9427,0.01957007308348722
5477,9428,0.024648295489207394
5477,9446,0.04263833494401242
5477,9465,0.01550204897618597
5477,9553,0.04338415241129113
5477,9651,0.05630984455454094
5477,11878,0.05607902517201263
5477,11882,0.047706562056841824
5477,11883,0.05463015697177416
5477,11884,0.04755966364694466
5477,11886,0.022060965283825153
5477,11887,0.025514802592149746
5477,11888,0.06314375658319485
5477,11889,-0.0028368230934138587
5477,11929,0.04802483254736288
5477,11930,0.0415908781493243
5477,11931,0.0590096495301318
5477,11933,0.027303794790484087
5477,11934,0.054345708121151026
5477,11935,0.07550363051184376
5477,11936,0.03624255350852338
5477,11970,0.050133451267186616
5477,11971,0.05018660922733879
5477,11973,0.059577113157159446
5477,12246,0.06603421076359463
5477,12267,0.055363363533670745
5477,12284,0.08711525677525866
5477,12286,0.0336678412907276
5477,12290,0.0642716596523
5477,12316,0.010695142637698803
5477,12346,0.03306671113689534
5477,12372,0.06254668298666984
5477,12562,0.06965519112410946
5477,12568,0.061292966798541716
5477,12619,0.05005953283407484
5477,12637,0.06031341541785946
5479,5505,0.004786745142018705
5479,5506,0.008268080475436465
5479,5507,0.039060300527211836
5479,5508,0.017302081218989327
5479,5509,0.08052383741945209
5479,5735,0.04873618771333202
5479,5743,0.04273752971987575
5479,5875,0.005295809239386786
5479,5908,0.02030269952597234
5479,5940,0.004800884491136671
5479,6191,0.0280957600675364
5479,6216,0.014599079701153844
5479,8861,0.021128086264460447
5479,8868,0.026104959399274888
5479,8904,0.03690780509132005
5479,8906,0.009650875571426614
5479,8907,0.009668308940275226
5479,8908,0.02780302454917636
5479,8909,0.033994883041423875
5479,8910,0.01257256037929736
5479,8911,0.016058111509198187
5479,8912,0.04559473983083269
5479,8913,0.041359773718059135
5479,8914,0.005854160956987479
5479,8916,0.026987564154262806
5479,8955,0.016382439798947292
5479,8956,0.0037479295868037884
5479,8957,0.050688016121613125
5479,8958,0.02749670491020173
5479,8959,0.018293391571236408
5479,8960,0.06452647569496331
5479,8962,0.03988909795270504
5479,8963,0.009837499077417038
5479,8964,0.01038893231585056
5479,9000,0.01686066180863978
5479,9001,0.01434937557228302
5479,9002,0.026212988767948222
5479,9004,0.014134186641958726
5479,9155,0.022940971935902894
5479,9330,0.008958289310547337
5479,9337,0.037554430746829855
5479,9390,0.03465249515120535
5479,9401,0.011202959251828268
5479,9427,0.019484429291542794
5479,9428,0.10617107899537266
5479,9446,0.013247247461022592
5479,9465,0.06579566735796429
5479,9553,0.04895192629112772
5479,9651,0.03998491347500793
5479,11878,0.032361553853700646
5479,11882,0.03831169914777482
5479,11883,0.02840792651908062
5479,11884,0.05280577389344268
5479,11886,0.04268932818467495
5479,11887,0.05696300078744362
5479,11888,0.05713074665297554
5479,11889,0.1601234492875685
5479,11929,0.07160993789738311
5479,11930,0.04289602448344156
5479,11931,0.023615482701391004
5479,11933,0.021769154216481963
5479,11934,0.025651622976394103
5479,11935,0.041101828041690464
5479,11936,0.0157231056460336
5479,11970,0.037098319933916615
5479,11971,0.01849104864880322
5479,11973,0.04482968020273396
5479,12246,0.03182220283949024
5479,12267,0.03386547472479191
5479,12284,0.04013197244373122
5479,12286,0.04866361737088066
5479,12290,0.056449665361342605
5479,12316,0.061545114547315025
5479,12346,0.01633805885436794
5479,12372,0.02599032087122529
5479,12562,0.02808854986313901
5479,12568,0.03546515009729193
5479,12619,0.02557791720722812
5479,12637,0.04211954519685804
5505,5506,0.017268041524913853
5505,5507,0.025346969145001223
5505,5508,0.04727890298216301
5505,5509,0.029971537142909087
5505,5735,0.03686922595056158
5505,5743,0.030918487042679174
5505,5875,0.01613595649719789
5505,5908,0.025074646920684295
5505,5940,0.04092810177888539
5505,6191,-0.003114549742178649
5505,6216,0.0012890505068841583
5505,8861,-0.006998677772249398
5505,8868,0.031172916895243437
5505,8904,-0.006092061756439712
5505,8906,-0.007698856794403547
5505,8907,-0.005081814516751112
5505,8908,0.0009463296185455121
5505,8909,-0.006376612490484591
5505,8910,-0.001492751085646598
5505,8911,0.014565739455796544
5505,8912,0.009303213347845323
5505,8913,0.020524247596786338
5505,8914,0.014101042450450315
5505,8916,-0.0030806046976496375
5505,8955,-0.0036613571660358505
5505,8956,-0.007773612668354624
5505,8957,-0.005069527354895575
5505,8958,0.008575784513760036
5505,8959,-0.0049696857331262495
5505,8960,0.017982426568943503
5505,8962,0.004776254278986386
5505,8963,-0.003908841063618268
5505,8964,0.0029603032440644024
5505,9000,0.017882255627149263
5505,9001,0.012929318351579521
5505,9002,-0.0011165278246122597
5505,9004,-0.00299383211316825
5505,9155,0.00575987240067287
5505,9330,0.013750754046074821
5505,9337,0.02592709873988125
5505,9390,-0.0011437795528550926
5505,9401,0.008823401433489657
5505,9427,-0.0008933358035284326
5505,9428,-0.00899282993713746
5505,9446,-0.0030722456270093706
5505,9465,-0.006739147610882933
5505,9553,0.00025603566966102585
5505,9651,0.018146562203743066
5505,11878,0.11731123632087012
5505,11882,0.01642019211671857
5505,11883,0.0032341311053097296
5505,11884,0.026639205769072246
5505,11886,0.00015608036598356337
5505,11887,0.07533183178261693
5505,11888,0.036084188528028686
5505,11889,-0.004344295112378629
5505,11929,0.0621428020639881
5505,11930,0.01510242179617629
5505,11931,0.03364029719497134
5505,11933,0.02461000030008791
5505,11934,0.05518205927967995
5505,11935,0.020794826536619928
5505,11936,-0.0054422184919900255
5505,11970,0.05458707405265454
5505,11971,0.02731941642886086
5505,11973,0.02820844569145795
5505,12246,0.03047955820928537
5505,12267,0.05737861329900526
5505,12284,0.03969598371195358
5505,12286,0.012045346552109596
5505,12290,0.009357500612163179
5505,12316,-0.00011677662051070489
5505,12346,0.0033592609838329394
5505,12372,0.13788699397601603
5505,12562,0.03067765369620506
5505,12568,0.025731249340270906
5505,12619,0.03351222614331494
5505,12637,0.027208931483375495
5506,5507,0.030404634622918633
5506,5508,0.03561611888610969
5506,5509,0.05778105137243889
5506,5735,0.02143328036309036
5506,5743,0.04820234293964351
5506,5875,0.06507726204066591
5506,5908,0.031575096959362024
5506,5940,0.04735198736923969
5506,6191,0.022247545037766363
5506,6216,0.018390675790537863
5506,8861,0.016395137483060953
5506,8868,0.02369775623037496
5506,8904,0.04429110278543904
5506,8906,0.006806414109009838
5506,8907,0.1029755396984322
5506,8908,0.027627813033242313
5506,8909,0.042461616916662934
5506,8910,0.02020456161409552
5506,8911,0.06562013780322419
5506,8912,0.054720359307062934
5506,8913,0.03723724210830135
5506,8914,-0.003287854068192874
5506,8916,0.04876399319755994
5506,8955,-0.0017305104870014598
5506,8956,0.002246809023980272
5506,8957,0.021575582971341548
5506,8958,0.026854456156924784
5506,8959,-0.004391609247675078
5506,8960,0.015226149416358123
5506,8962,0.034505590345746164
5506,8963,0.01871538879345344
5506,8964,0.014401930787980178
5506,9000,0.06548016527034309
5506,9001,0.12211572342480945
5506,9002,0.018012159508623928
5506,9004,-0.004806330341432868
5506,9155,0.06263403632450668
5506,9330,0.19255172018279268
5506,9337,-0.0032002710954298504
5506,9390,0.00111933977633954
5506,9401,0.05282114921548813
5506,9427,0.09624501181952486
5506,9428,0.03778492999174666
5506,9446,0.04496096614695509
5506,9465,0.10177356490960268
5506,9553,0.039773276949653144
5506,9651,0.04934551961265087
5506,11878,0.05425441629508463
5506,11882,0.07817733066881451
5506,11883,0.027659392791137636
5506,11884,0.04329606937342676
5506,11886,0.044204727209849706
5506,11887,0.027774557680470838
5506,11888,0.12627837701156014
5506,11889,0.012806940676667367
5506,11929,0.0320825552868907
5506,11930,0.024970580818695586
5506,11931,0.05395775927980555
5506,11933,0.04709661714694722
5506,11934,0.0542037349272362
5506,11935,0.04380028429788756
5506,11936,0.0021566384703205423
5506,11970,0.060859946119344185
5506,11971,0.031168242981013852
5506,11973,0.03702835638714526
5506,12246,0.11258775174641555
5506,12267,0.09073092243261519
5506,12284,0.08144123955226235
5506,12286,0.036901367994687725
5506,12290,0.060373165253946294
5506,12316,0.011508974810635422
5506,12346,0.02521146279153255
5506,12372,0.058299709983288164
5506,12562,0.030996991826407305
5506,12568,0.04644565608604791
5506,12619,0.04801365238352086
5506,12637,0.04027747548647867
5507,5508,0.06995507841904967
5507,5509,0.07903306125706333
5507,5735,0.06799230231008309
5507,5743,0.058054530207127676
5507,5875,0.006925739140685152
5507,5908,0.06180464857126604
5507,5940,0.026175982383510855
5507,6191,0.07588955684273276
5507,6216,0.027430604868283973
5507,8861,0.012136489599912238
5507,8868,0.018416496204219906
5507,8904,0.03198702658705085
5507,8906,-0.0019454247042761778
5507,8907,0.03217471058869672
5507,8908,0.03145575734256786
5507,8909,0.02912279087402143
5507,8910,0.010492681804473552
5507,8911,0.026349983092742453
5507,8912,0.05709324846977943
5507,8913,0.059335102121647394
5507,8914,0.004822161234402023
5507,8916,0.0324466858189774
5507,8955,0.0023228361621779707
5507,8956,0.01278852320093025
5507,8957,0.012131422435355182
5507,8958,0.04255266324129832
5507,8959,0.052305492017742344
5507,8960,0.04344947073269633
5507,8962,0.04401657724857042
5507,8963,0.05115517015631311
5507,8964,0.07459140554906628
5507,9000,0.02458643637378423
5507,9001,0.023409260226213868
5507,9002,0.033907554076559834
5507,9004,0.013767411345005209
5507,9155,0.0708495796599527
5507,9330,0.03904739379576298
5507,9337,-0.00026707871344977535
5507,9390,-0.0025952423593519824
5507,9401,0.03452891961749361
5507,9427,0.025164171707689618
5507,9428,0.020735609020335378
5507,9446,0.02133206575529226
5507,9465,0.022258929003967736
5507,9553,0.04010827494268353
5507,9651,0.019662775705987397
5507,11878,0.061563351464800097
5507,11882,0.04211583731733297
5507,11883,0.027135586663603797
5507,11884,0.048577513614971
5507,11886,0.011927782993902136
5507,11887,0.04396538796048177
5507,11888,0.060860057553131244
5507,11889,0.028551535106169736
5507,11929,0.06383782778290342
5507,11930,0.04272779976394289
5507,11931,0.04712091680523404
5507,11933,0.033217305021244044
5507,11934,0.09240242344813751
5507,11935,0.06773869746566555
5507,11936,0.009704681003075795
5507,11970,0.08238117133139843
5507,11971,0.02631303423798113
5507,11973,0.06610453372426185
5507,12246,0.04426224918356093
5507,12267,0.07430265114219688
5507,12284,0.0770609591704769
5507,12286,0.02068343115090311
5507,12290,0.0304475104170467
5507,12316,0.013693856481180168
5507,12346,0.04101599579944794
5507,12372,0.04286928156318376
5507,12562,0.03701045486639249
5507,12568,0.05188108082654364
5507,12619,0.07353995881719415
5507,12637,0.08043851888396306
5508,5509,0.06996584521162222
5508,5735,0.022827294803930448
5508,5743,0.061754121061847626
5508,5875,0.02368342588514021
5508,5908,0.028748637445757733
5508,5940,0.02029342067006022
5508,6191,0.030615282309209253
5508,6216,0.021684476594279543
5508,8861,0.03392833483402247
5508,8868,0.02724381529949815
5508,8904,0.03812770608070349
5508,8906,-0.002742290141209092
5508,8907,0.021807953552702097
5508,8908,0.07965977949514651
5508,8909,0.03033000556053856
5508,8910,0.028518975718490245
5508,8911,0.024278643442591112
5508,8912,0.061092992902071534
5508,8913,0.06474403318837268
5508,8914,0.00729325737153682
5508,8916,0.018590817798179733
5508,8955,-0.001101702771316773
5508,8956,0.020821573890294928
5508,8957,0.0405985906295932
5508,8958,0.05774880781714129
5508,8959,0.025696656069610097
5508,8960,0.06590296823500218
5508,8962,0.05432307180961181
5508,8963,0.03900101633262568
5508,8964,0.09727432428189609
5508,9000,0.036080333371090775
5508,9001,0.027123717958609923
5508,9002,0.08068664173137786
5508,9004,0.05384585231864348
5508,9155,0.0303487240987468
5508,9330,0.03068352629946936
5508,9337,-0.00047938380899774797
5508,9390,0.007451155402715709
5508,9401,0.021516423043282634
5508,9427,0.029159279239316268
5508,9428,0.00413273410858649
5508,9446,0.03325858472853954
5508,9465,0.026410975770960583
5508,9553,0.022473649529526185
5508,9651,0.019913632284271402
5508,11878,0.03918300699627996
5508,11882,0.041690005522346335
5508,11883,0.05323659474277992
5508,11884,0.05441808855643181
5508,11886,0.037582124607777004
5508,11887,0.02828153769555653
5508,11888,0.04787865654921326
5508,11889,0.0020731126394205055
5508,11929,0.05516697978040044
5508,11930,0.03934701563334356
5508,11931,0.0354854021805244
5508,11933,0.018100281518216885
5508,11934,0.05913888495379141
5508,11935,0.05517058811238476
5508,11936,0.07626854098608982
5508,11970,0.04267629303599049
5508,11971,0.03333074312240806
5508,11973,0.07513202519230458
5508,12246,0.038210655352697354
5508,12267,0.0642650262260832
5508,12284,0.07938812348661174
5508,12286,0.02371457026357124
5508,12290,0.031629308084047396
5508,12316,0.029883499715835118
5508,12346,0.0710982750567994
5508,12372,0.037465116666564505
5508,12562,0.04064292472006741
5508,12568,0.04138151669660895
5508,12619,0.04893131581390388
5508,12637,0.07000282561437426
5509,5735,0.046396489884512636
5509,5743,0.052664106090651114
5509,5875,0.049249727307619534
5509,5908,0.12175427936082057
5509,5940,0.05780200034349848
5509,6191,0.040224370521871416
5509,6216,0.07570967602394219
5509,8861,0.028777246383418026
5509,8868,0.04278930768050474
5509,8904,0.06364297995837594
5509,8906,0.006340843678886127
5509,8907,0.03295970459627779
5509,8908,0.06818389983800714
5509,8909,0.05713372217260663
5509,8910,0.020343646180233238
5509,8911,0.036550232487884304
5509,8912,0.08296764187383797
5509,8913,0.08255283088553995
5509,8914,0.013321238850379733
5509,8916,0.07687424821994204
5509,8955,0.024752388037505253
5509,8956,0.04391462475254056
5509,8957,0.08305597868708053
5509,8958,0.10749434888813719
5509,8959,0.024353445189738775
5509,8960,0.10755464834586767
5509,8962,0.09332771949728236
5509,8963,0.048247075360886925
5509,8964,0.06683507612498256
5509,9000,0.05354085510703312
5509,9001,0.033501108567257784
5509,9002,0.08580620995085081
5509,9004,0.0193537729044306
5509,9155,0.03238589082510584
5509,9330,0.028408596824047852
5509,9337,0.023401946397858763
5509,9390,0.06156322983893742
5509,9401,0.02693880668642996
5509,9427,0.021194689757025112
5509,9428,0.038307074615217776
5509,9446,0.04874932807066951
5509,9465,0.03642939312885735
5509,9553,0.04539642215657953
5509,9651,0.04394066939202096
5509,11878,0.07667695008617557
5509,11882,0.07628003685905786
5509,11883,0.04460338422590563
5509,11884,0.06528103301350105
5509,11886,0.047294725214573737
5509,11887,0.037550242815161734
5509,11888,0.07954493833175351
5509,11889,0.0275879237089428
5509,11929,0.07237389838588808
5509,11930,0.06154807577292081
5509,11931,0.0757886246590658
5509,11933,0.033430491511521866
5509,11934,0.045532407454576956
5509,11935,0.10318301283732455
5509,11936,0.05294049884663668
5509,11970,0.05274007080686306
5509,11971,0.0550206734140148
5509,11973,0.09043777718314727
5509,12246,0.055184337729283876
5509,12267,0.08105234992518338
5509,12284,0.10379754006780548
5509,12286,0.03646862261147529
5509,12290,0.08945881865854294
5509,12316,0.027446597232643817
5509,12346,0.06272893267660978
5509,12372,0.044227096981208226
5509,12562,0.08441888969020395
5509,12568,0.07022754235940512
5509,12619,0.07710930997093535
5509,12637,0.07432699403714581
5735,5743,0.037107335753968435
5735,5875,0.0031974874017318385
5735,5908,0.02329472272613473
5735,5940,0.014185840907478797
5735,6191,0.06931320103070292
5735,6216,0.016582325140377736
5735,8861,0.008707203131514194
5735,8868,0.01329301884335019
5735,8904,0.036623210333323934
5735,8906,-0.00047814155262124696
5735,8907,0.009775441706947345
5735,8908,0.02597131634412317
5735,8909,0.021780446676186945
5735,8910,0.017577155034483965
5735,8911,0.016168732628965374
5735,8912,0.052527784215212904
5735,8913,0.03774727939207154
5735,8914,0.04063980092492387
5735,8916,0.015468356548416145
5735,8955,0.01636929914203102
5735,8956,0.0126791689493483
5735,8957,0.018153944741339908
5735,8958,0.02751156804199829
5735,8959,0.007049517826919255
5735,8960,0.04271433279591297
5735,8962,0.020991079129936592
5735,8963,0.054212886799037276
5735,8964,0.04134061874472839
5735,9000,0.03194624487766273
5735,9001,0.023962096340824638
5735,9002,0.04016985086501232
5735,9004,0.023163933820083485
5735,9155,0.02997733157191792
5735,9330,0.01821285452592761
5735,9337,0.011595592759006882
5735,9390,0.005145524093368534
5735,9401,0.008307447871442048
5735,9427,0.027291365683794287
5735,9428,0.032077042265083774
5735,9446,0.03267042135962504
5735,9465,0.025069458532412606
5735,9553,0.03420906019299979
5735,9651,0.029131192928118662
5735,11878,0.06512768464749706
5735,11882,0.038330329324804416
5735,11883,0.01787795690870439
5735,11884,0.045727974904293305
5735,11886,0.03003347022346491
5735,11887,0.03686481716557538
5735,11888,0.05071936705490794
5735,11889,0.015550980089867392
5735,11929,0.08734747488280135
5735,11930,0.02963272468177228
5735,11931,0.02860426012395093
5735,11933,0.03491631640998003
5735,11934,0.05299493472046694
5735,11935,0.052215901350531654
5735,11936,0.011993312831487357
5735,11970,0.06875675960638633
5735,11971,0.01665386001808784
5735,11973,0.06296874179014544
5735,12246,0.010933808132202912
5735,12267,0.04519451208406768
5735,12284,0.0414067128703212
5735,12286,0.016000501974839283
5735,12290,0.04985011337461018
5735,12316,0.005856544461594014
5735,12346,0.059726011592182375
5735,12372,0.039093132783039025
5735,12562,0.027893895613854344
5735,12568,0.048349625661773
5735,12619,0.024757061486837033
5735,12637,0.07230266420357323
5743,5875,0.011817337740286114
5743,5908,0.03186261167338978
5743,5940,0.03930098394436359
5743,6191,0.06151021196290115
5743,6216,0.04013933159777105
5743,8861,0.034259231942882724
5743,8868,0.02905678305585913
5743,8904,0.029600856555890787
5743,8906,0.010795883514681468
5743,8907,0.02968506777815284
5743,8908,0.03787289085466788
5743,8909,0.09650806214177761
5743,8910,0.026294141692019206
5743,8911,0.048886691135817006
5743,8912,0.07207266243903777
5743,8913,0.0434681075011526
5743,8914,-0.0025188440605842834
5743,8916,0.04145672557405621
5743,8955,0.0036161684225188505
5743,8956,0.013336418754654179
5743,8957,0.022946854000960075
5743,8958,0.050956242042459556
5743,8959,0.030829358401548386
5743,8960,0.02216042636291228
5743,8962,0.053074777980304355
5743,8963,0.012365631601175563
5743,8964,0.04206060806742545
5743,9000,0.04345124744090749
5743,9001,0.025953547772631907
5743,9002,0.04000718437835103
5743,9004,0.0012435751881048058
5743,9155,0.07265187600856576
5743,9330,0.0402205410748509
5743,9337,0.0020525278732117236
5743,9390,0.00524158418976664
5743,9401,0.039307549134228494
5743,9427,0.07383240450961938
5743,9428,0.02756906203232815
5743,9446,0.00546741766338026
5743,9465,0.02914440817645137
5743,9553,0.041719720032225835
5743,9651,0.0451178288200062
5743,11878,0.05571247378049288
5743,11882,0.03778406461673911
5743,11883,0.0435944254456646
5743,11884,0.0451311951226703
5743,11886,0.028774364047807543
5743,11887,0.0861629909734192
5743,11888,0.06200681109167965
5743,11889,0.026439476388541668
5743,11929,0.013960027766051436
5743,11930,0.03533578906524914
5743,11931,0.05561992480174767
5743,11933,0.025406549467698502
5743,11934,0.024944746447257186
5743,11935,0.0572334021714387
5743,11936,-0.0006811151832769502
5743,11970,0.06680680417162732
5743,11971,0.024966845334966993
5743,11973,0.04334840481045851
5743,12246,0.012491902668957866
5743,12267,0.048722757236553615
5743,12284,0.049551384276058305
5743,12286,0.030888896715984132
5743,12290,0.041139402539149224
5743,12316,-0.0021130315008695134
5743,12346,0.018416347003518713
5743,12372,0.03394361806657508
5743,12562,0.02421317666916855
5743,12568,0.04533071590257029
5743,12619,0.03805231127578998
5743,12637,0.052567147472426114
5875,5908,0.06302806770626113
5875,5940,0.023520280592274057
5875,6191,0.01940933257554484
5875,6216,0.040939267568539946
5875,8861,0.010876343943662239
5875,8868,0.05448693202083169
5875,8904,0.03693884372097481
5875,8906,0.03718068890853656
5875,8907,0.04727588542176354
5875,8908,0.07229993011968612
5875,8909,0.012878859604986578
5875,8910,0.007011008715246124
5875,8911,0.032974354001445626
5875,8912,0.043888078061695396
5875,8913,0.060276265398927414
5875,8914,0.021386362934310493
5875,8916,0.07417387415722516
5875,8955,-0.00637126680287132
5875,8956,0.029507292936550994
5875,8957,0.0346815015160571
5875,8958,0.06896816416682157
5875,8959,0.006888879997275607
5875,8960,0.03621493419521852
5875,8962,0.04988436526144511
5875,8963,0.036913291564310134
5875,8964,0.04034676148608139
5875,9000,0.07512906448146654
5875,9001,0.049429189793063606
5875,9002,0.07622541446031089
5875,9004,0.0046508220377184375
5875,9155,0.03259339326302109
5875,9330,0.03522320710498568
5875,9337,-0.0015940497343412924
5875,9390,0.040452223701529344
5875,9401,0.01140433025339312
5875,9427,0.010167176798044707
5875,9428,0.005316433229850706
5875,9446,0.07074422819363237
5875,9465,0.015488072905989882
5875,9553,0.019941134487347866
5875,9651,0.026147166637591503
5875,11878,0.05430212074193223
5875,11882,0.027589538645883014
5875,11883,0.025901207766907314
5875,11884,0.04246873278003713
5875,11886,0.02822153143236253
5875,11887,0.01748751164790976
5875,11888,0.07482700957810047
5875,11889,-0.012429664856475803
5875,11929,0.02819978926103751
5875,11930,0.023836141778672208
5875,11931,0.06508994496605422
5875,11933,0.015121858567160586
5875,11934,0.0033614148749139473
5875,11935,0.05405573110452305
5875,11936,0.02373237349422581
5875,11970,0.059659924577244096
5875,11971,0.0639830493438786
5875,11973,0.04210026492784742
5875,12246,0.04952896927203723
5875,12267,0.0681065261531439
5875,12284,0.07317618742651905
5875,12286,0.01673688206476166
5875,12290,0.03206534689342499
5875,12316,0.003965995306772615
5875,12346,0.013600332138387475
5875,12372,0.028901205997607902
5875,12562,0.06617257479172307
5875,12568,0.060494777136115466
5875,12619,0.030014321356507768
5875,12637,0.04233383857406238
5908,5940,0.07728193870727235
5908,6191,0.010495782974362388
5908,6216,0.024569967886862658
5908,8861,0.004997632280199976
5908,8868,0.07179840344462587
5908,8904,0.01749427816927642
5908,8906,-0.0031550727863311418
5908,8907,0.019337155492838116
5908,8908,0.050047630415391196
5908,8909,0.021265764482138853
5908,8910,0.008511140216267627
5908,8911,0.014495346911820485
5908,8912,0.03578142474298724
5908,8913,0.027447744559853958
5908,8914,0.008077438031456354
5908,8916,0.04281364216135668
5908,8955,-0.0033072629740299496
5908,8956,0.012387560831302455
5908,8957,0.03528789397470956
5908,8958,0.060915175519354735
5908,8959,0.017428885427405113
5908,8960,0.046635584331776704
5908,8962,0.07079209180325155
5908,8963,0.04572328176194661
5908,8964,0.04272617060632587
5908,9000,0.031496157190651575
5908,9001,0.03506811101725888
5908,9002,0.04506572631763953
5908,9004,-0.0031901403893868914
5908,9155,0.03619232077960969
5908,9330,0.020266756516981736
5908,9337,0.0011916324060396667
5908,9390,0.02627654343630145
5908,9401,0.02101808874860727
5908,9427,0.021709286555475615
5908,9428,-0.0002146357696800708
5908,9446,0.041789469525961145
5908,9465,0.02208980332248298
5908,9553,0.01141182025710795
5908,9651,0.032725421458167585
5908,11878,0.07839089914220326
5908,11882,0.035552570474798734
5908,11883,0.024549415694488114
5908,11884,0.032126049545993095
5908,11886,0.019687971548388212
5908,11887,0.015491447533147922
5908,11888,0.06785192480156448
5908,11889,0.0036779509313553315
5908,11929,0.03811915651497278
5908,11930,0.0586387797936383
5908,11931,0.0748313464289657
5908,11933,0.03284378223468291
5908,11934,0.038227773484122436
5908,11935,0.07551846612783515
5908,11936,0.015407802044494634
5908,11970,0.06873819882103875
5908,11971,0.09583983719258153
5908,11973,0.04502798444596901
5908,12246,0.09261093088375505
5908,12267,0.0663791270090912
5908,12284,0.07673174263553756
5908,12286,0.0347359401296325
5908,12290,0.05163015899240269
5908,12316,0.010298928554594173
5908,12346,0.02387948192572864
5908,12372,0.038499240454403914
5908,12562,0.09358069463794248
5908,12568,0.04764670886178317
5908,12619,0.07492163789536915
5908,12637,0.06812517426151782
5940,6191,0.04001981911128424
5940,6216,0.01918865630328115
5940,8861,0.023906104711805366
5940,8868,0.015601748792629449
5940,8904,0.03818976792274895
5940,8906,-0.0017121102105857105
5940,8907,0.06335638443527696
5940,8908,0.03930455125228434
5940,8909,0.07632013880549332
5940,8910,0.02618712294682081
5940,8911,0.03298312441134684
5940,8912,0.04717226114832264
5940,8913,0.03774738261896461
5940,8914,-0.0007942490988799516
5940,8916,0.024103028930597844
5940,8955,-0.005829808851788851
5940,8956,-0.0005725648264650393
5940,8957,0.02425998185382477
5940,8958,0.03984765359182787
5940,8959,-0.0023473493129684024
5940,8960,0.02456303853679534
5940,8962,0.045542944257979556
5940,8963,0.0036769644858523085
5940,8964,0.05731379089348796
5940,9000,0.054262658496309
5940,9001,0.026179671184894903
5940,9002,0.022651538320648482
5940,9004,-0.00432592399177856
5940,9155,0.0757144719697007
5940,9330,0.060024402839318154
5940,9337,-0.005167517590316625
5940,9390,-0.0031961812135600227
5940,9401,0.04075476577799435
5940,9427,0.04696822648725145
5940,9428,0.002360958897011841
5940,9446,0.05429532809741312
5940,9465,0.023811094252769203
5940,9553,0.0218838357706431
5940,9651,0.03469538450433024
5940,11878,0.0797992901242906
5940,11882,0.029849028707221465
5940,11883,0.028913762960199204
5940,11884,0.04711191760532171
5940,11886,0.0257816805226233
5940,11887,0.05526250340404966
5940,11888,0.04583613333490555
5940,11889,-0.00750835514278428
5940,11929,0.005893050965565049
5940,11930,0.03165740274964124
5940,11931,0.04072765851596886
5940,11933,0.0306853427936881
5940,11934,0.025844926355494863
5940,11935,0.05158090639480083
5940,11936,-0.0068685332412966385
5940,11970,0.08611174661926643
5940,11971,0.08076935752455007
5940,11973,0.029714648774345997
5940,12246,0.023391383288797526
5940,12267,0.06663908101114399
5940,12284,0.03334338282784508
5940,12286,0.019284105320063354
5940,12290,0.02914736030963298
5940,12316,-0.008016074642252772
5940,12346,0.002521141293347839
5940,12372,0.04811130579823364
5940,12562,0.028085035548105222
5940,12568,0.03891386767244218
5940,12619,0.05440626145385563
5940,12637,0.04358607160101248
6191,6216,0.027422037525103207
6191,8861,0.047110672350995496
6191,8868,0.015907773024282344
6191,8904,0.044772905283700815
6191,8906,0.023021694306437985
6191,8907,0.028560703719771065
6191,8908,0.03126637071228339
6191,8909,0.07449105181997093
6191,8910,0.04718283171879986
6191,8911,0.07073400927559305
6191,8912,0.05321888782805447
6191,8913,0.046912816316472046
6191,8914,-0.006872910594969962
6191,8916,0.02022170319084512
6191,8955,0.023773465238004225
6191,8956,0.01971140525799755
6191,8957,0.04013774086878042
6191,8958,0.026529494373586503
6191,8959,0.04241960623941283
6191,8960,0.03253078212650428
6191,8962,0.023526414853079915
6191,8963,0.013383869744359124
6191,8964,0.04994465331280544
6191,9000,0.0609112604724479
6191,9001,0.0141673607145997
6191,9002,0.0487720069763191
6191,9004,0.011127444717232662
6191,9155,0.07897684199299243
6191,9330,0.03157846187726955
6191,9337,0.00649736967772967
6191,9390,0.015429558808408494
6191,9401,0.017798045456406605
6191,9427,0.06779113178167456
6191,9428,0.03478906478667645
6191,9446,0.019374656530373912
6191,9465,0.021714709073717517
6191,9553,0.04523698111298992
6191,9651,0.03726590953249312
6191,11878,0.050077900297431296
6191,11882,0.03346164845903573
6191,11883,0.03163786465099422
6191,11884,0.04066978920001645
6191,11886,0.03741193961777524
6191,11887,0.0422340630018073
6191,11888,0.04612242163244491
6191,11889,0.013733748294554406
6191,11929,0.03142340595869889
6191,11930,0.013779497484848897
6191,11931,0.035706003745694895
6191,11933,0.018881138731045043
6191,11934,0.030224029787340664
6191,11935,0.04632014275695928
6191,11936,0.016846947356061997
6191,11970,0.05351580284757854
6191,11971,0.018008716983641558
6191,11973,0.05209860124440183
6191,12246,0.00281609863608473
6191,12267,0.025432716643329665
6191,12284,0.04465515864161276
6191,12286,0.016462609870434085
6191,12290,0.027389049394574178
6191,12316,0.004304561039558453
6191,12346,0.036622704445817195
6191,12372,0.007267350502125487
6191,12562,0.013283205456786212
6191,12568,0.03452413381247035
6191,12619,0.035042200037244155
6191,12637,0.05430035155563475
6216,8861,0.01500397609551957
6216,8868,0.06249953357256733
6216,8904,0.034663130403056484
6216,8906,0.056865938023901885
6216,8907,0.002776123705997867
6216,8908,0.0535652888468175
6216,8909,0.030108784801333357
6216,8910,0.03242877888692371
6216,8911,0.040593363101753446
6216,8912,0.05965092270150178
6216,8913,0.07804735470896096
6216,8914,0.024699217685380685
6216,8916,0.10783536582993417
6216,8955,0.005174063265985017
6216,8956,0.05133449932645564
6216,8957,0.049992776658507446
6216,8958,0.08951411084300495
6216,8959,-0.0017288768141563657
6216,8960,0.07791356443808944
6216,8962,0.06230917562241964
6216,8963,0.016671928856777873
6216,8964,0.01709672921436159
6216,9000,0.013220290044706018
6216,9001,0.0009521615139272188
6216,9002,0.11124280171808384
6216,9004,0.022911647807512897
6216,9155,0.02077263449951928
6216,9330,0.027645177075968266
6216,9337,0.005717524766159145
6216,9390,0.035831007954355676
6216,9401,0.00686195667398782
6216,9427,0.006068310899513841
6216,9428,0.02848773615336725
6216,9446,0.02252249579577062
6216,9465,0.0030788339493123067
6216,9553,0.03617851198059228
6216,9651,0.03258015352536458
6216,11878,0.03798196710595244
6216,11882,0.02938963426505748
6216,11883,0.027106308719424217
6216,11884,0.05532314776208274
6216,11886,0.055061828965164324
6216,11887,0.00914969037007963
6216,11888,0.03841860890967893
6216,11889,0.00571736098654555
6216,11929,0.017200916840915438
6216,11930,0.03693894886135394
6216,11931,0.022420461234939824
6216,11933,0.0339837450686238
6216,11934,0.015310323469202032
6216,11935,0.06975234488068541
6216,11936,0.062329396750911606
6216,11970,0.03466668233231973
6216,11971,0.026344106244225313
6216,11973,0.04015848927613694
6216,12246,0.02401152285630728
6216,12267,0.051364764712562586
6216,12284,0.043035933862855445
6216,12286,0.024769255712210968
6216,12290,0.039630130886023615
6216,12316,-0.0013028051122699915
6216,12346,0.022912643715941382
6216,12372,0.025496576439760037
6216,12562,0.03719239353953413
6216,12568,0.03900153386681144
6216,12619,0.01993350539869234
6216,12637,0.04100925233950141
8861,8868,0.039155689040310276
8861,8904,0.06518228279601652
8861,8906,0.03423259506919699
8861,8907,0.03144044345106575
8861,8908,0.05454677835442574
8861,8909,0.10403547955617001
8861,8910,0.033176109116323564
8861,8911,0.04706884133503908
8861,8912,0.07136510825823825
8861,8913,0.05896604556735424
8861,8914,0.010398797366779918
8861,8916,0.023124932748093036
8861,8955,0.04030297606211305
8861,8956,0.04037151389769659
8861,8957,0.06159595254625024
8861,8958,0.037099969119986816
8861,8959,0.05850277615235994
8861,8960,0.04290475886607399
8861,8962,0.04979591798516434
8861,8963,0.012300117110406026
8861,8964,0.05221145882057377
8861,9000,0.027270286090825626
8861,9001,0.02815756529154189
8861,9002,0.02366523904513376
8861,9004,0.029850426180267658
8861,9155,0.026036677413048194
8861,9330,0.011317016549280605
8861,9337,0.013914101302082487
8861,9390,0.09245433746305806
8861,9401,0.02053648230253502
8861,9427,0.06077673047400784
8861,9428,0.04685193286911428
8861,9446,0.017761626355252667
8861,9465,0.02770473356718783
8861,9553,0.028389168029378627
8861,9651,0.03669058892489166
8861,11878,0.024335802450382894
8861,11882,0.038312312887074
8861,11883,0.03282805660050115
8861,11884,0.02575968495567113
8861,11886,0.04204612304118732
8861,11887,0.01845779682371111
8861,11888,0.022977143616186378
8861,11889,0.027493804681124577
8861,11929,0.0034835784081079253
8861,11930,0.0726056834420731
8861,11931,0.032070383560137215
8861,11933,0.003931123789044776
8861,11934,0.00218130453050923
8861,11935,0.05110460137911546
8861,11936,0.06840302827974233
8861,11970,0.02525551022656898
8861,11971,0.03262286910584422
8861,11973,0.057347209282232574
8861,12246,-0.006406870076213133
8861,12267,0.02672953728537588
8861,12284,0.04581506061771595
8861,12286,0.05244359501432544
8861,12290,0.04142044365296711
8861,12316,0.026224707165529656
8861,12346,0.04410066731346046
8861,12372,0.003660853346296995
8861,12562,0.02685460129472627
8861,12568,0.05540666266379199
8861,12619,0.037966479752798335
8861,12637,0.04339270868762333
8868,8904,0.07296497360686557
8868,8906,0.018625017565878674
8868,8907,0.025562177328621045
8868,8908,0.04095482760408441
8868,8909,0.054141979475982746
8868,8910,0.016090140743491174
8868,8911,0.026276299866070527
8868,8912,0.06824955066988568
8868,8913,0.059227622077336374
8868,8914,0.07941974231531695
8868,8916,0.081526400451136
8868,8955,0.010299822316639179
8868,8956,0.025964192237736307
8868,8957,0.03274652904743286
8868,8958,0.06971430279214368
8868,8959,0.01108938213977787
8868,8960,0.07047066291116613
8868,8962,0.06351506903715229
8868,8963,0.012551537708001168
8868,8964,0.029733873097791776
8868,9000,0.019826915608790106
8868,9001,0.03188070180701689
8868,9002,0.034929369286598094
8868,9004,0.007578108604729145
8868,9155,0.037715281562077
8868,9330,0.015214515836349394
8868,9337,0.0060325501620858025
8868,9390,0.024215628331706453
8868,9401,0.02345374566120719
8868,9427,0.023561550593663126
8868,9428,0.03759932570920671
8868,9446,0.026202124173759042
8868,9465,0.031918967249824765
8868,9553,0.03775142945618077
8868,9651,0.0404468001230024
8868,11878,0.04164289122367419
8868,11882,0.040344471141493705
8868,11883,0.03514896389970686
8868,11884,0.04502684226530243
8868,11886,0.03244245042939786
8868,11887,0.015454309064590202
8868,11888,0.04464239750985911
8868,11889,0.027332260991132618
8868,11929,0.029646217478301217
8868,11930,0.04253976675732127
8868,11931,0.041597848834469965
8868,11933,0.024528073039773998
8868,11934,0.022883300373080555
8868,11935,0.03964765838941698
8868,11936,0.02149728976800791
8868,11970,0.031098909866041708
8868,11971,0.029016005919090544
8868,11973,0.038715655047545726
8868,12246,0.04769582321363706
8868,12267,0.04896464986000232
8868,12284,0.04130383969997008
8868,12286,0.035623823540989794
8868,12290,0.06751187332698048
8868,12316,0.04112522876713047
8868,12346,0.03725277617715445
8868,12372,0.027776953395229592
8868,12562,0.04729524126224086
8868,12568,0.043032452980920614
8868,12619,0.05275895361044308
8868,12637,0.039152225991523834
8904,8906,0.04826600859479328
8904,8907,0.05906253302312896
8904,8908,0.0815569153925866
8904,8909,0.1147501319981037
8904,8910,0.04794960729111364
8904,8911,0.04156340385543056
8904,8912,0.12393336880560354
8904,8913,0.10833697434497905
8904,8914,0.00525210623533636
8904,8916,0.0878334777951613
8904,8955,0.037344678049288954
8904,8956,0.06048125498738956
8904,8957,0.12691518217539965
8904,8958,0.08406424484745474
8904,8959,0.075307385132364
8904,8960,0.09934092115455356
8904,8962,0.09577428261093672
8904,8963,0.0546051665871541
8904,8964,0.070629239566803
8904,9000,0.052897240774785984
8904,9001,0.04698752801616042
8904,9002,0.07594466485495657
8904,9004,0.04066193434037443
8904,9155,0.07582737605436363
8904,9330,0.02022438821578481
8904,9337,0.03821567692907666
8904,9390,0.067534757020109
8904,9401,0.07451046511601599
8904,9427,0.09728687577328753
8904,9428,0.1291030358373942
8904,9446,0.05256840938293696
8904,9465,0.14941888294305844
8904,9553,0.15186697899355125
8904,9651,0.07637291457944342
8904,11878,0.06706349608588616
8904,11882,0.08591503505776073
8904,11883,0.04743589725756968
8904,11884,0.1101444635272697
8904,11886,0.037214994710511665
8904,11887,0.020601048611311876
8904,11888,0.07726761886174165
8904,11889,0.04924074651567728
8904,11929,0.04880292081104465
8904,11930,0.057534531751185045
8904,11931,0.05471984453591684
8904,11933,0.008034925342151522
8904,11934,0.046173881403812386
8904,11935,0.0706220364100611
8904,11936,0.05118334757094713
8904,11970,0.03865744796168592
8904,11971,0.036883151644064485
8904,11973,0.06987346373559464
8904,12246,0.02023511138324521
8904,12267,0.04881352356866062
8904,12284,0.07200580137453974
8904,12286,0.06546295543886645
8904,12290,0.05863016343842678
8904,12316,0.031783142246185545
8904,12346,0.044217289854165294
8904,12372,0.019764319130516655
8904,12562,0.043433387854054234
8904,12568,0.08608785737628942
8904,12619,0.057742441380593465
8904,12637,0.0685947087543559
8906,8907,0.006356226891880682
8906,8908,0.040053078118370826
8906,8909,0.048583086262923084
8906,8910,0.009436209772474438
8906,8911,0.0033602868912464335
8906,8912,0.02721571622300211
8906,8913,0.025287943221320955
8906,8914,-0.0061700670418001705
8906,8916,0.05679685801762227
8906,8955,0.07290903872623726
8906,8956,0.09954493042891585
8906,8957,0.07402639251344437
8906,8958,0.035737237128800906
8906,8959,0.054520436344661014
8906,8960,0.024831826504716985
8906,8962,0.04758661443868767
8906,8963,0.00565728360201033
8906,8964,-0.003438052544813296
8906,9000,0.009026475897435396
8906,9001,-0.0013423336479367841
8906,9002,0.036865552879618325
8906,9004,0.0448061365215912
8906,9155,0.017673585182103844
8906,9330,-0.013891093938085108
8906,9337,0.03957107328336761
8906,9390,0.05095441017271165
8906,9401,0.002655334948059318
8906,9427,0.030161862442621746
8906,9428,0.04873779466161921
8906,9446,0.03090192146729856
8906,9465,0.006676424835754472
8906,9553,0.06062495257819025
8906,9651,0.030730396021275773
8906,11878,0.007286063936401509
8906,11882,0.04333768499335639
8906,11883,0.009080641231387474
8906,11884,0.026809649810800418
8906,11886,0.03529937174645463
8906,11887,0.00777604613309268
8906,11888,0.015989775363861557
8906,11889,0.04507578255770856
8906,11929,0.015922107598530126
8906,11930,0.08135550408780522
8906,11931,0.016076260107199467
8906,11933,-0.001686480390057951
8906,11934,-0.006559199748700015
8906,11935,0.01786119121196543
8906,11936,0.028189183968089462
8906,11970,0.011231874546744805
8906,11971,0.011005036257748632
8906,11973,0.031183530206171404
8906,12246,-0.0037490416861776887
8906,12267,0.0074205090942681545
8906,12284,0.016085739264994982
8906,12286,0.07401670084304075
8906,12290,0.03361093535148872
8906,12316,0.05739261140518079
8906,12346,0.006474158124819375
8906,12372,-0.001693906948237074
8906,12562,0.01985317011453831
8906,12568,0.018992117525036593
8906,12619,0.006719033104612687
8906,12637,0.011246998995100625
8907,8908,0.02428587530771073
8907,8909,0.05192761273262989
8907,8910,0.029640945971431364
8907,8911,0.0535467026076344
8907,8912,0.11668058185590235
8907,8913,0.07482771893891554
8907,8914,0.02402474655940487
8907,8916,0.10219304561311755
8907,8955,-0.0025335822058670816
8907,8956,0.004113249279181513
8907,8957,0.016453056999402783
8907,8958,0.037720808275104274
8907,8959,0.030924931040429825
8907,8960,0.026575361141939476
8907,8962,0.0228214780777936
8907,8963,0.028226266909180987
8907,8964,0.04001834499559335
8907,9000,0.05089702574308291
8907,9001,0.14748308466010862
8907,9002,0.03002696417631393
8907,9004,-0.0053165023430749225
8907,9155,0.0924112931275261
8907,9330,0.11864240058200622
8907,9337,-0.012768979491819014
8907,9390,-0.00033603089847563744
8907,9401,0.052786250376968005
8907,9427,0.06998075063764486
8907,9428,0.01662825174757888
8907,9446,0.13699943544804635
8907,9465,0.04168717662278556
8907,9553,0.04290613510632262
8907,9651,0.038449371868635104
8907,11878,0.05290556548362797
8907,11882,0.04660744887091022
8907,11883,0.04110433555883209
8907,11884,0.036321065922223846
8907,11886,0.03769363397435568
8907,11887,0.010773779021237771
8907,11888,0.06119141513018654
8907,11889,-0.002434938244367922
8907,11929,0.029810915930685848
8907,11930,0.025917589820361946
8907,11931,0.0409650559022347
8907,11933,0.03994947894881015
8907,11934,0.03408808868044042
8907,11935,0.027382200349424925
8907,11936,0.0009890058569675887
8907,11970,0.0412256787555862
8907,11971,0.05866664543024039
8907,11973,0.04571342912096878
8907,12246,0.06370255360911167
8907,12267,0.06665117072189362
8907,12284,0.05671284906707181
8907,12286,0.03470383082361291
8907,12290,0.025352687035804972
8907,12316,-0.00452362393628666
8907,12346,0.012090174574487474
8907,12372,0.008172708289027638
8907,12562,0.04089019975985381
8907,12568,0.03948946051170783
8907,12619,0.05763791756876687
8907,12637,0.042076764943619505
8908,8909,0.08254030732919426
8908,8910,0.049932633419376975
8908,8911,0.048344507853500134
8908,8912,0.10090825230854958
8908,8913,0.08436321561895338
8908,8914,-0.009877050398181661
8908,8916,0.07639446247391779
8908,8955,0.04026710500216979
8908,8956,0.03403763521937272
8908,8957,0.09414416118680488
8908,8958,0.09466197232788481
8908,8959,0.056566350550488406
8908,8960,0.07258761987979771
8908,8962,0.10597721431655344
8908,8963,0.032515538203663735
8908,8964,0.058559291534493
8908,9000,0.053447750500991875
8908,9001,0.014878313924277445
8908,9002,0.11306235984281722
8908,9004,0.10257490330577697
8908,9155,0.03505990287668979
8908,9330,0.02565080399819251
8908,9337,0.023838824022454262
8908,9390,0.06924003476035304
8908,9401,0.002233457843622236
8908,9427,0.045446075684737755
8908,9428,0.0438872598273699
8908,9446,0.08650374631566535
8908,9465,0.03346726451189664
8908,9553,0.052289817768332456
8908,9651,0.03375530464925307
8908,11878,0.04296297195241256
8908,11882,0.055596013564356866
8908,11883,0.05433918683852225
8908,11884,0.05834426930325082
8908,11886,0.06753926263846478
8908,11887,0.024587097884826683
8908,11888,0.06860408725923516
8908,11889,0.024425782655472687
8908,11929,0.035856621330893235
8908,11930,0.061097553739067424
8908,11931,0.04925204393522322
8908,11933,0.009003758589375539
8908,11934,0.014277122335859536
8908,11935,0.07918038028633896
8908,11936,0.07280008378417287
8908,11970,0.03835104036412576
8908,11971,0.06454927232453513
8908,11973,0.04924407404380208
8908,12246,0.026245472025592298
8908,12267,0.05151696277483698
8908,12284,0.07460686468197053
8908,12286,0.05635991507590316
8908,12290,0.06901947438257507
8908,12316,0.04458934116989389
8908,12346,0.044235027847358
8908,12372,0.030331712990540247
8908,12562,0.06351465186841608
8908,12568,0.06268761694671701
8908,12619,0.05737107714961571
8908,12637,0.04280477724082584
8909,8910,0.05687352061412603
8909,8911,0.0708566576604024
8909,8912,0.14784689173559387
8909,8913,0.07200672753960011
8909,8914,0.011216384434947487
8909,8916,0.06582897687456907
8909,8955,0.05253299276540258
8909,8956,0.03446936710036938
8909,8957,0.09263797521279668
8909,8958,0.06527125190367898
8909,8959,0.09680586632886987
8909,8960,0.07463967986608253
8909,8962,0.07248964051774558
8909,8963,0.024931883152435406
8909,8964,0.057684301284546116
8909,9000,0.04045477431732648
8909,9001,0.02323855297401242
8909,9002,0.04494231789342749
8909,9004,0.03635078843540936
8909,9155,0.06460895983840484
8909,9330,0.04498247452137423
8909,9337,0.03438460115106495
8909,9390,0.06491894032836523
8909,9401,0.03251219956650641
8909,9427,0.16023157598228518
8909,9428,0.061453967216334594
8909,9446,0.02526877117193027
8909,9465,0.07674305141551972
8909,9553,0.07714513735682353
8909,9651,0.0517633649576517
8909,11878,0.04432026874430953
8909,11882,0.06777426532378089
8909,11883,0.05731982176091399
8909,11884,0.052591412196668484
8909,11886,0.05498447145345795
8909,11887,0.056546611376771645
8909,11888,0.062489526359637865
8909,11889,0.047794411754119616
8909,11929,0.020378558597898624
8909,11930,0.06292716022415425
8909,11931,0.06033603542289699
8909,11933,0.011354979976387493
8909,11934,0.02310509968381657
8909,11935,0.08514125725352827
8909,11936,0.03234100162334121
8909,11970,0.04642434602715215
8909,11971,0.02663651343270963
8909,11973,0.051548283946606356
8909,12246,-0.0006087472395943777
8909,12267,0.05067429512768581
8909,12284,0.05111394213633007
8909,12286,0.0844386448860099
8909,12290,0.04431187017171446
8909,12316,0.019124299423238997
8909,12346,0.027746584152624026
8909,12372,0.028054169755369864
8909,12562,0.03397440260893934
8909,12568,0.07824192594167417
8909,12619,0.05469993661222693
8909,12637,0.051117280262389084
8910,8911,0.017833877454737086
8910,8912,0.052949804942240275
8910,8913,0.050973857402166735
8910,8914,-0.001844397488411385
8910,8916,0.035365415373375925
8910,8955,0.015071417528673607
8910,8956,0.027685645687812583
8910,8957,0.049334997625032136
8910,8958,0.04198869730463526
8910,8959,0.01448166249588268
8910,8960,0.040902702600106554
8910,8962,0.03518237510537525
8910,8963,0.008374276985820644
8910,8964,0.022674123137294177
8910,9000,0.02650182717137043
8910,9001,0.007921706786506805
8910,9002,0.043957348061331405
8910,9004,0.037988075695108044
8910,9155,0.05769556651192131
8910,9330,0.0049388894491714345
8910,9337,0.016487260248874466
8910,9390,0.030346383319676762
8910,9401,0.00974137843866269
8910,9427,0.0641512509447873
8910,9428,0.028758717825457546
8910,9446,0.032290401453427306
8910,9465,0.012463085907477937
8910,9553,0.05224604556181096
8910,9651,0.03661422288491899
8910,11878,0.017895223258256942
8910,11882,0.03852362000073403
8910,11883,0.028557827500918908
8910,11884,0.03376543373047212
8910,11886,0.02970299177498893
8910,11887,0.019959746376361595
8910,11888,0.017081608259494376
8910,11889,0.023985941247512396
8910,11929,0.025757439151150863
8910,11930,0.02594175599211407
8910,11931,0.024636104031858345
8910,11933,0.009052640716893436
8910,11934,0.021813198138168437
8910,11935,0.0421685541588964
8910,11936,0.02677072146533981
8910,11970,0.018306492563411724
8910,11971,0.022978871676222683
8910,11973,0.04569337946518005
8910,12246,-0.00483462870774944
8910,12267,0.0155098600807493
8910,12284,0.02006343966883583
8910,12286,0.01921053237851909
8910,12290,0.021422398446351833
8910,12316,0.01213416331682888
8910,12346,0.043100876832864184
8910,12372,-0.0001794366185609825
8910,12562,0.016324342567334546
8910,12568,0.043913655985631066
8910,12619,0.029186274363251927
8910,12637,0.03249040057109728
8911,8912,0.06628290336617197
8911,8913,0.09655463882788183
8911,8914,0.008879042164844366
8911,8916,0.036657095305629404
8911,8955,0.0067002244431253995
8911,8956,0.011606189267811122
8911,8957,0.04275030018532347
8911,8958,0.02971272688215553
8911,8959,0.031052508495643793
8911,8960,0.026565729722855945
8911,8962,0.024905606233846432
8911,8963,0.033726388569440886
8911,8964,0.05561016653540315
8911,9000,0.12746250630895797
8911,9001,0.022210072642302795
8911,9002,0.03452340572315778
8911,9004,0.009503447423592598
8911,9155,0.025274866778987933
8911,9330,0.2150342245601811
8911,9337,0.00045049116859119913
8911,9390,0.0011651286889307311
8911,9401,0.019013474804034397
8911,9427,0.04065918133321385
8911,9428,0.021254038167479627
8911,9446,0.02117880019232138
8911,9465,0.05057806236960439
8911,9553,0.012265325777677328
8911,9651,0.018425669488980605
8911,11878,0.041821719472369276
8911,11882,0.03528300538616451
8911,11883,0.05097176291531222
8911,11884,0.04154411389146698
8911,11886,0.03482689742406654
8911,11887,0.02953475484138762
8911,11888,0.06274956503445758
8911,11889,-0.0020429582589163767
8911,11929,0.022194172997985692
8911,11930,0.02402655537292332
8911,11931,0.04089752559290108
8911,11933,0.028885423656253083
8911,11934,0.025114131912942247
8911,11935,0.042798953885177765
8911,11936,0.0156072919302111
8911,11970,0.05550650995498387
8911,11971,0.02776748629851401
8911,11973,0.044717529459575175
8911,12246,0.012717688685747918
8911,12267,0.05121282260906062
8911,12284,0.05541749196873142
8911,12286,0.051531577282035286
8911,12290,0.025764687632319736
8911,12316,-0.001016898439176536
8911,12346,0.022279048168410195
8911,12372,0.028300501237874847
8911,12562,0.04683309301474014
8911,12568,0.06058620596950349
8911,12619,0.04623541425852022
8911,12637,0.04986949211553193
8912,8913,0.10610338174270456
8912,8914,-0.011388790770178075
8912,8916,0.1098783781989858
8912,8955,0.04835331472846124
8912,8956,0.04829581853355389
8912,8957,0.09396005945575156
8912,8958,0.1035583889743046
8912,8959,0.08753650704042718
8912,8960,0.12278919309785778
8912,8962,0.12102256288476873
8912,8963,0.04393906636615127
8912,8964,0.08166907303299997
8912,9000,0.09467838988195727
8912,9001,0.06501893169457225
8912,9002,0.09056980660880068
8912,9004,0.05092078207808076
8912,9155,0.13085487852498082
8912,9330,0.07530390131346573
8912,9337,0.05940307317307719
8912,9390,0.07552264881992757
8912,9401,0.06133714910681244
8912,9427,0.09523259398792165
8912,9428,0.06736001590179555
8912,9446,0.09650169315910057
8912,9465,0.12130978388908877
8912,9553,0.09821204891157864
8912,9651,0.07627353736049439
8912,11878,0.08453805974850093
8912,11882,0.08200728265027779
8912,11883,0.07089444454537452
8912,11884,0.07925057480465261
8912,11886,0.0485747877601966
8912,11887,0.06012116787122418
8912,11888,0.09248430330682848
8912,11889,0.037182791967265816
8912,11929,0.052198257721348736
8912,11930,0.0688858164892581
8912,11931,0.06484578166978465
8912,11933,0.0408463274072849
8912,11934,0.05699902955821992
8912,11935,0.08998511696335301
8912,11936,0.05261139095691988
8912,11970,0.0681639810351065
8912,11971,0.058271935823393406
8912,11973,0.07999463491728313
8912,12246,0.03446057345335483
8912,12267,0.08990714633998799
8912,12284,0.09168446079497364
8912,12286,0.07793365203936786
8912,12290,0.0752931405116709
8912,12316,0.01902113824090346
8912,12346,0.05360210276872542
8912,12372,0.03111475706034115
8912,12562,0.0887813677440383
8912,12568,0.09654762033842329
8912,12619,0.048717900989243515
8912,12637,0.06648157985183967
8913,8914,0.002179165120897151
8913,8916,0.10928414778345023
8913,8955,0.03265358024578366
8913,8956,0.04068191611325569
8913,8957,0.07734203493118436
8913,8958,0.09179321852952634
8913,8959,0.04298026418513783
8913,8960,0.09947792426465595
8913,8962,0.10605898665553971
8913,8963,0.06406154242381323
8913,8964,0.09073892492654423
8913,9000,0.047604078634420684
8913,9001,0.09080463178294211
8913,9002,0.09836877670183278
8913,9004,0.03326757152768777
8913,9155,0.09670369989771387
8913,9330,0.05368642619158941
8913,9337,0.047484454463714576
8913,9390,0.04813066700249605
8913,9401,0.038461007875878014
8913,9427,0.04141518727282262
8913,9428,0.04766752378946811
8913,9446,0.06451895255025146
8913,9465,0.08381294452751237
8913,9553,0.08195839327341393
8913,9651,0.05697505147495368
8913,11878,0.07339348644827635
8913,11882,0.08615467779655617
8913,11883,0.06666111777404858
8913,11884,0.09303517900064415
8913,11886,0.06573505796627585
8913,11887,0.05724573518923168
8913,11888,0.07860698468813478
8913,11889,0.031002605935870124
8913,11929,0.059960460605719954
8913,11930,0.04967994873066055
8913,11931,0.07592977489822829
8913,11933,0.03804028787614313
8913,11934,0.06687186276125856
8913,11935,0.08441794445682299
8913,11936,0.04794069771446007
8913,11970,0.06472562551703201
8913,11971,0.04781967186077239
8913,11973,0.0959445558119872
8913,12246,0.0597071521475092
8913,12267,0.08983677757923825
8913,12284,0.10695394583960448
8913,12286,0.04559775719337043
8913,12290,0.06955739319156001
8913,12316,0.012399250337225023
8913,12346,0.05087535419470056
8913,12372,0.049010152777320154
8913,12562,0.09654465391216295
8913,12568,0.10814823721102038
8913,12619,0.07160160822225313
8913,12637,0.07436388849944754
8914,8916,0.008183614555375923
8914,8955,-0.009759044750790818
8914,8956,0.005870740966284954
8914,8957,-0.006603388983191737
8914,8958,0.018949954973039158
8914,8959,-0.00987683533161893
8914,8960,0.014415924325974444
8914,8962,0.014708523520507673
8914,8963,0.0011846279061290155
8914,8964,0.04184597129848893
8914,9000,-0.0023903520137764697
8914,9001,0.0422881530027369
8914,9002,0.0017969292619847165
8914,9004,-0.005832858016807057
8914,9155,0.0008036059497528615
8914,9330,0.024559356339836774
8914,9337,-0.0044436399246828955
8914,9390,-0.00833369140576476
8914,9401,0.006726757626631327
8914,9427,-0.0016585839046471772
8914,9428,0.0002644602523978573
8914,9446,-0.0013675164285658352
8914,9465,0.0005014263964089622
8914,9553,-0.0021293983524585895
8914,9651,0.004843727696816714
8914,11878,0.005885935587828337
8914,11882,-0.00411334994758918
8914,11883,0.02755895972565203
8914,11884,0.0027942846615678267
8914,11886,0.004203280253091315
8914,11887,-0.002304875826080323
8914,11888,0.01093778007429619
8914,11889,-0.005927337300692862
8914,11929,0.011895074358396339
8914,11930,0.012921896984997794
8914,11931,0.0025330854637517996
8914,11933,0.019050506132684525
8914,11934,0.015968409674895684
8914,11935,0.020740378959263353
8914,11936,0.026933621012839984
8914,11970,0.009807442874763359
8914,11971,0.0016086104246479855
8914,11973,0.023520888682478487
8914,12246,0.03101813457118398
8914,12267,0.03141005177625162
8914,12284,0.024917668571677543
8914,12286,0.0028074484487753334
8914,12290,0.0070310147458188315
8914,12316,0.009232344571734896
8914,12346,0.014373047043731421
8914,12372,0.01676276332469306
8914,12562,0.010955899583236346
8914,12568,0.008264327805451504
8914,12619,0.034803977625552346
8914,12637,0.046976916124740926
8916,8955,0.0011498199204804005
8916,8956,0.021984882213618922
8916,8957,0.0861951663582651
8916,8958,0.0863726228627158
8916,8959,0.028402694181503457
8916,8960,0.07244854320778821
8916,8962,0.07096498028665096
8916,8963,0.032053561234395386
8916,8964,0.03196730925890161
8916,9000,0.038907156363780455
8916,9001,0.038215909690102974
8916,9002,0.07400874409762359
8916,9004,0.0057907475538934786
8916,9155,0.07683207552470094
8916,9330,0.0571266119734441
8916,9337,-0.003473770441562541
8916,9390,0.05614920579097646
8916,9401,0.036346243563906096
8916,9427,0.05140552569238403
8916,9428,0.055024581724031664
8916,9446,0.08756156055188291
8916,9465,0.07091062694996444
8916,9553,0.11570317105340876
8916,9651,0.05973931700125654
8916,11878,0.06920356689699515
8916,11882,0.0922446777676068
8916,11883,0.040515803934241014
8916,11884,0.08414562501155999
8916,11886,0.04669462590933728
8916,11887,0.02875762862401453
8916,11888,0.05787682694311017
8916,11889,0.008269174412162525
8916,11929,0.04779093163842612
8916,11930,0.046241582759564574
8916,11931,0.051036134745409086
8916,11933,0.018899284476224385
8916,11934,0.021471070167998842
8916,11935,0.05811433460691936
8916,11936,0.02667285978808084
8916,11970,0.061194079854169185
8916,11971,0.04997609211556057
8916,11973,0.05153222086892751
8916,12246,0.028131930397562913
8916,12267,0.07347286566031712
8916,12284,0.06489176572137477
8916,12286,0.032131649091815484
8916,12290,0.06001753582531432
8916,12316,-0.004773983920285065
8916,12346,0.024693994538994613
8916,12372,0.03308077070016135
8916,12562,0.05268044298711282
8916,12568,0.06594198359186369
8916,12619,0.051340403075071726
8916,12637,0.048324659481320226
8955,8956,0.13985223906118152
8955,8957,0.06017446172695003
8955,8958,0.025008637770069782
8955,8959,0.08225196647486206
8955,8960,0.07397347949287725
8955,8962,0.04761025582689788
8955,8963,0.010901233158435105
8955,8964,0.006106302382421449
8955,9000,0.008775120395447176
8955,9001,-0.004227898657383718
8955,9002,0.004051105718395326
8955,9004,0.029814212402700734
8955,9155,0.009139157956028945
8955,9330,-0.015025709239819952
8955,9337,0.3190102929072024
8955,9390,0.041911675426617195
8955,9401,0.04654897591297518
8955,9427,0.011027164129013074
8955,9428,0.023657478407417644
8955,9446,-0.009106589553994753
8955,9465,0.0005151291896561528
8955,9553,0.024511558598923434
8955,9651,0.005335826455160552
8955,11878,0.0032273514959751688
8955,11882,0.025011169333213824
8955,11883,0.004575760512992178
8955,11884,0.022018957401340085
8955,11886,0.007405140651329653
8955,11887,0.010649498350259466
8955,11888,0.00241884707400424
8955,11889,0.028168744156837594
8955,11929,0.010492515828057986
8955,11930,0.05116594243604124
8955,11931,0.018606624813528073
8955,11933,-0.003986283194476801
8955,11934,0.003956535997916775
8955,11935,0.025346092850758953
8955,11936,0.041338442655454145
8955,11970,-0.005718688008313784
8955,11971,0.004730573737619708
8955,11973,0.027607057790364934
8955,12246,-0.00016209994500301033
8955,12267,-0.004807374640523478
8955,12284,0.024654286909795715
8955,12286,0.03665451566375521
8955,12290,0.027273496051007005
8955,12316,0.035627909405677144
8955,12346,0.025499502705914532
8955,12372,0.00045813005725128754
8955,12562,0.023378252677443374
8955,12568,0.029616347617550474
8955,12619,0.016383897234962332
8955,12637,0.022840435471556543
8956,8957,0.07333986755463869
8956,8958,0.06966988360156717
8956,8959,0.08761389471289009
8956,8960,0.05318028065693184
8956,8962,0.0587681674104548
8956,8963,0.02518041849876286
8956,8964,0.020304899615523463
8956,9000,0.027402084271135725
8956,9001,0.017255212824732805
8956,9002,0.04019066380711936
8956,9004,0.021160461387043306
8956,9155,0.02033544894942898
8956,9330,-0.0057677849919151375
8956,9337,0.06390746425998967
8956,9390,0.03376182866522373
8956,9401,0.04911135334993805
8956,9427,0.013374171201557688
8956,9428,0.020196168564732764
8956,9446,0.013677283913452066
8956,9465,0.01668486314457974
8956,9553,0.031664363468317074
8956,9651,0.026302784477135924
8956,11878,0.026214650333482897
8956,11882,0.0319030839715732
8956,11883,0.00782354929508
8956,11884,0.03169857786313178
8956,11886,0.027300979681393254
8956,11887,0.004261384051480654
8956,11888,0.01535276861351425
8956,11889,0.01806136797470298
8956,11929,0.014964380385821163
8956,11930,0.04982650692896773
8956,11931,0.033132136293180944
8956,11933,0.01175669916849017
8956,11934,0.014869028244716018
8956,11935,0.051680638725847265
8956,11936,0.04626044623185339
8956,11970,0.01646668528986448
8956,11971,0.019548350481257595
8956,11973,0.038469562911045106
8956,12246,0.004188593402228885
8956,12267,0.015388387801502078
8956,12284,0.05168065525746123
8956,12286,0.04170880496931275
8956,12290,0.01981575178135638
8956,12316,0.03777595029475973
8956,12346,0.05112263300838783
8956,12372,0.012896686642706467
8956,12562,0.02185621582654764
8956,12568,0.051131852409754625
8956,12619,0.028229491151808415
8956,12637,0.03411831032011279
8957,8958,0.09966545614792417
8957,8959,0.09084811784234273
8957,8960,0.1562710903044243
8957,8962,0.10445527668269507
8957,8963,0.027650921872445486
8957,8964,0.0628270051266571
8957,9000,0.058805310709602404
8957,9001,0.02682037336053262
8957,9002,0.11585123988090919
8957,9004,0.055255519463609744
8957,9155,0.06477563478242454
8957,9330,0.01331942524661032
8957,9337,0.052535857078073615
8957,9390,0.23432564098040998
8957,9401,0.0355955521882622
8957,9427,0.054413189366298964
8957,9428,0.10804384974219258
8957,9446,0.08432287383515824
8957,9465,0.05842141272921007
8957,9553,0.08580992428586398
8957,9651,0.07957218668054412
8957,11878,0.04526061595238423
8957,11882,0.06515622895336133
8957,11883,0.05437234434604374
8957,11884,0.06101777857493397
8957,11886,0.03717632370430979
8957,11887,0.02000597694522964
8957,11888,0.03940858297253069
8957,11889,0.05123112163095257
8957,11929,0.050024432822332966
8957,11930,0.08144731097771823
8957,11931,0.05505322367510665
8957,11933,0.015919498086504395
8957,11934,0.015001617024932506
8957,11935,0.10579375444335988
8957,11936,0.07573069982547659
8957,11970,0.023471942260500357
8957,11971,0.0315395383926554
8957,11973,0.0759584133373085
8957,12246,0.00945727129274288
8957,12267,0.02855626688735972
8957,12284,0.06939575714533829
8957,12286,0.05165619420093072
8957,12290,0.049658896422216985
8957,12316,0.019721138634773566
8957,12346,0.05523773102930613
8957,12372,0.0014564576784142247
8957,12562,0.03950470117697001
8957,12568,0.08459702484671897
8957,12619,0.051301444974856
8957,12637,0.06125713588117718
8958,8959,0.05838610327128233
8958,8960,0.1475782265360825
8958,8962,0.14662729902131968
8958,8963,0.06230596898649044
8958,8964,0.07725215844134814
8958,9000,0.06607307942139788
8958,9001,0.0841084856089661
8958,9002,0.1609215175574282
8958,9004,0.025562302533142064
8958,9155,0.046633147594161976
8958,9330,0.016466138624873557
8958,9337,0.01890756380526518
8958,9390,0.1344455715833619
8958,9401,0.08326580749885616
8958,9427,0.032656828123652525
8958,9428,0.02545899911372832
8958,9446,0.057366406287800986
8958,9465,0.04194990805663252
8958,9553,0.0860885637426459
8958,9651,0.11344280041101505
8958,11878,0.07549080708259265
8958,11882,0.08453617621223003
8958,11883,0.06212210085637794
8958,11884,0.08108745689539472
8958,11886,0.03716560723034976
8958,11887,0.05049677075384971
8958,11888,0.08338594713742796
8958,11889,0.010755457875193145
8958,11929,0.058554023733456945
8958,11930,0.0955625056119953
8958,11931,0.09111586596906414
8958,11933,0.05356531180970916
8958,11934,0.04612594939526209
8958,11935,0.12741206786707854
8958,11936,0.05765946545823169
8958,11970,0.07002654112558566
8958,11971,0.07057272172975071
8958,11973,0.09116242255629749
8958,12246,0.06208686163430132
8958,12267,0.07365652785051051
8958,12284,0.125041172285613
8958,12286,0.048665276302546384
8958,12290,0.08939085287866133
8958,12316,0.015966203472938298
8958,12346,0.04064734140466535
8958,12372,0.03991196077167148
8958,12562,0.07859702860021704
8958,12568,0.09475088457653685
8958,12619,0.08684443009527908
8958,12637,0.09689202017508965
8959,8960,0.09792143859265237
8959,8962,0.041707441451127376
8959,8963,0.07118403447189789
8959,8964,0.04839981480667732
8959,9000,0.02468095264097638
8959,9001,0.007892769058868782
8959,9002,0.07087831507504302
8959,9004,0.04424961732486886
8959,9155,0.05319068651930672
8959,9330,-0.0071631556736029755
8959,9337,0.052136778351591424
8959,9390,0.06663801327449267
8959,9401,0.024687267422252954
8959,9427,0.10063385787756743
8959,9428,0.023309642803030776
8959,9446,0.014169666153540244
8959,9465,0.06765364449708766
8959,9553,0.041004680311515565
8959,9651,0.011926473077154776
8959,11878,0.015607154838258072
8959,11882,0.04130133058861245
8959,11883,0.035358169834871916
8959,11884,0.024038251228484107
8959,11886,0.028268663818937913
8959,11887,0.005740200982383901
8959,11888,0.01686257208355774
8959,11889,0.014456078993116893
8959,11929,0.00928082514888251
8959,11930,0.05574232787807183
8959,11931,0.023818170395463398
8959,11933,-0.001535561291704567
8959,11934,0.013836812266542257
8959,11935,0.06102249680340646
8959,11936,0.0739883363466886
8959,11970,0.016036134321513126
8959,11971,0.016596656482901616
8959,11973,0.05457351196425815
8959,12246,-0.000616252627102881
8959,12267,0.0195523131841171
8959,12284,0.05749318792403099
8959,12286,0.03926812932051788
8959,12290,0.018789546557579292
8959,12316,0.01831817966269024
8959,12346,0.032122608665071835
8959,12372,0.0005486994144786793
8959,12562,0.013434001618010526
8959,12568,0.043827845351509735
8959,12619,0.03684557879202347
8959,12637,0.043661910278698084
8960,8962,0.1214882783079363
8960,8963,0.07851415933247902
8960,8964,0.08019700596382026
8960,9000,0.05269661649552198
8960,9001,0.046122612303416716
8960,9002,0.14523844628629365
8960,9004,0.0547474843143923
8960,9155,0.06485393585441136
8960,9330,0.0034158556965660706
8960,9337,0.06380260974140435
8960,9390,0.17351381585320422
8960,9401,0.03531144636740426
8960,9427,0.02600238082723777
8960,9428,0.04229734730991914
8960,9446,0.07302115686981331
8960,9465,0.060107836906281575
8960,9553,0.08576959495632754
8960,9651,0.0694873008408689
8960,11878,0.060368929894580044
8960,11882,0.07303912125115958
8960,11883,0.059087665629941555
8960,11884,0.08436775463754195
8960,11886,0.05865160468363112
8960,11887,0.05973832687433797
8960,11888,0.07113707667324881
8960,11889,0.04930442018497891
8960,11929,0.10002123354427213
8960,11930,0.0804958418456744
8960,11931,0.05305013944204717
8960,11933,0.0492972629604064
8960,11934,0.040171016560749354
8960,11935,0.12110777923403009
8960,11936,0.11380704672424084
8960,11970,0.047702619702835056
8960,11971,0.04924658809151213
8960,11973,0.09989932922812761
8960,12246,0.036757459032871774
8960,12267,0.07270475939045433
8960,12284,0.10772253373729676
8960,12286,0.0447940117204925
8960,12290,0.0891165864139713
8960,12316,0.029815775777213126
8960,12346,0.09307728715943452
8960,12372,0.032697702653274534
8960,12562,0.056469069796432084
8960,12568,0.08437331889249691
8960,12619,0.07094577552944818
8960,12637,0.08291844272164724
8962,8963,0.04370338010078501
8962,8964,0.07376796781804466
8962,9000,0.06245709572068435
8962,9001,0.06094529560307594
8962,9002,0.09386990295731079
8962,9004,0.03301721820864689
8962,9155,0.05551249213178474
8962,9330,0.020178227798556745
8962,9337,0.05638583614327511
8962,9390,0.09283917478558859
8962,9401,0.044370500689492276
8962,9427,0.035327674896402615
8962,9428,0.04905813112705026
8962,9446,0.05895380633013906
8962,9465,0.05160172291489711
8962,9553,0.06938593785293203
8962,9651,0.05576407454670423
8962,11878,0.06862346477243514
8962,11882,0.07412333987185979
8962,11883,0.049333345148065415
8962,11884,0.07514787178486466
8962,11886,0.04192776944062447
8962,11887,0.035025433752488414
8962,11888,0.08000148037658476
8962,11889,0.05589832045205501
8962,11929,0.06757875716112906
8962,11930,0.09331942696135692
8962,11931,0.06734450563016767
8962,11933,0.05135570648353479
8962,11934,0.04786295497444374
8962,11935,0.10711370826109626
8962,11936,0.06525688362483448
8962,11970,0.05446976342078016
8962,11971,0.06692285031299204
8962,11973,0.09132652068157765
8962,12246,0.04887662319669211
8962,12267,0.0982126232198289
8962,12284,0.11455669519464468
8962,12286,0.07260614990354705
8962,12290,0.0935991788276036
8962,12316,0.04482583865284856
8962,12346,0.03457835446666852
8962,12372,0.03643513911900274
8962,12562,0.0668524773667006
8962,12568,0.08432409915866428
8962,12619,0.08426376173261402
8962,12637,0.07926440448261861
8963,8964,0.0585704742602438
8963,9000,0.012037199200321185
8963,9001,0.04546911331455708
8963,9002,0.10202800455553897
8963,9004,0.025104302726867072
8963,9155,0.03493032083473068
8963,9330,0.021021462725022658
8963,9337,0.011970392024311743
8963,9390,0.009122574216618
8963,9401,0.007452140279971536
8963,9427,0.015082010800066555
8963,9428,0.021367370313722954
8963,9446,0.026368968263226565
8963,9465,0.025864930428493745
8963,9553,0.040455003798038104
8963,9651,0.0072011176595398576
8963,11878,0.03787294630658998
8963,11882,0.06568608667466555
8963,11883,0.023022893313525413
8963,11884,0.03542815853353976
8963,11886,0.011955330345058704
8963,11887,-0.0016713083631268257
8963,11888,0.05747974405983983
8963,11889,-0.0010928854809356622
8963,11929,0.033673892054774494
8963,11930,0.03646732136708439
8963,11931,0.031050245886533306
8963,11933,0.03262078341653133
8963,11934,0.043380037970168255
8963,11935,0.05133142513448912
8963,11936,0.03151912653021732
8963,11970,0.04719386143302407
8963,11971,0.039639858363761805
8963,11973,0.06243741267509158
8963,12246,0.05471267141249076
8963,12267,0.06193524846374961
8963,12284,0.0891747648074061
8963,12286,0.017160695679029166
8963,12290,0.04466418628771549
8963,12316,-0.0005537134240728072
8963,12346,0.03772864060544947
8963,12372,0.037744217170616594
8963,12562,0.051428267779478266
8963,12568,0.07286366407440402
8963,12619,0.03659114937158686
8963,12637,0.029855537805163174
8964,9000,0.058555257346672454
8964,9001,0.019579177982298072
8964,9002,0.056561102172896366
8964,9004,0.01911154843168084
8964,9155,0.027711602042329368
8964,9330,0.025958281148115755
8964,9337,0.0063439757420434536
8964,9390,0.039215882788501556
8964,9401,0.030725069210914734
8964,9427,0.019617285313776295
8964,9428,-0.0010683025202839333
8964,9446,0.020340275702321522
8964,9465,0.01894275791574877
8964,9553,0.013211064842176613
8964,9651,0.020016499949084336
8964,11878,0.0385255625333021
8964,11882,0.0372639331714912
8964,11883,0.03499160074797013
8964,11884,0.04980415187677573
8964,11886,0.03359247594779363
8964,11887,0.022833167362836564
8964,11888,0.04404614806180579
8964,11889,-0.00586925913265415
8964,11929,0.01775739643575698
8964,11930,0.04078666900243904
8964,11931,0.03387427430606413
8964,11933,0.012507422099475604
8964,11934,0.023523041888804653
8964,11935,0.07714453647843346
8964,11936,0.040965274996700815
8964,11970,0.052451218835857426
8964,11971,0.04069475701492671
8964,11973,0.043328426306511625
8964,12246,0.00797235637406877
8964,12267,0.05787678409843483
8964,12284,0.08143534701139249
8964,12286,0.01700629263123111
8964,12290,0.028769245015549384
8964,12316,0.010109740991748446
8964,12346,0.02566244221351061
8964,12372,0.021878918071659845
8964,12562,0.03483103952730923
8964,12568,0.05666046546066147
8964,12619,0.0445610777281118
8964,12637,0.07397930230254811
9000,9001,0.03828376885098416
9000,9002,0.06637495555147498
9000,9004,0.014946238808644844
9000,9155,0.060740081049158776
9000,9330,0.07684082127147941
9000,9337,0.004085913316195294
9000,9390,0.03707081518035295
9000,9401,0.04837643096595059
9000,9427,0.03767477032896936
9000,9428,0.008367342852875007
9000,9446,0.05391515822213731
9000,9465,0.04556927004201643
9000,9553,0.04128859968012482
9000,9651,0.0539424557133571
9000,11878,0.05652811053650391
9000,11882,0.03597171072813357
9000,11883,0.041659927871573126
9000,11884,0.04944294411141615
9000,11886,0.018793794478522738
9000,11887,0.030840493519689045
9000,11888,0.0548538477825157
9000,11889,0.00841207022598119
9000,11929,0.026097193755874083
9000,11930,0.04108609924336801
9000,11931,0.06055331920937128
9000,11933,0.012572063622789998
9000,11934,0.01593747458237423
9000,11935,0.07061936102062633
9000,11936,0.016343247611053307
9000,11970,0.061362172599568714
9000,11971,0.04832135389861019
9000,11973,0.04684115568784803
9000,12246,0.015286887651708663
9000,12267,0.048523999549159515
9000,12284,0.05868541271230876
9000,12286,0.04058143948107762
9000,12290,0.03506229499003393
9000,12316,0.00018583722806658366
9000,12346,0.018457178829740767
9000,12372,0.04912513168834093
9000,12562,0.055694871336177246
9000,12568,0.0471780201021923
9000,12619,0.047915331725861904
9000,12637,0.05264138485308247
9001,9002,0.0463891280723193
9001,9004,-0.0007358089101421329
9001,9155,0.040865621256771754
9001,9330,0.08111174689868088
9001,9337,0.00034921991258369406
9001,9390,0.0020668216668647656
9001,9401,0.05647607840368046
9001,9427,0.03538383323112592
9001,9428,0.022740870120160798
9001,9446,0.05467548132894047
9001,9465,0.06436194811415134
9001,9553,0.06213024470321546
9001,9651,0.0448455660146159
9001,11878,0.09619833119502004
9001,11882,0.09211319705190155
9001,11883,0.04408746366482855
9001,11884,0.05523113926463954
9001,11886,0.018076572813630027
9001,11887,0.03237953628083606
9001,11888,0.08953355067163148
9001,11889,-0.0018926031252533549
9001,11929,0.024630595319661913
9001,11930,0.04775711815039142
9001,11931,0.07623393601517334
9001,11933,0.07975515028755445
9001,11934,0.07640387743201665
9001,11935,0.06067542458228798
9001,11936,0.017729168202325226
9001,11970,0.07250834893422993
9001,11971,0.10231531209662974
9001,11973,0.07064093655487412
9001,12246,0.139376987219907
9001,12267,0.09274230392991564
9001,12284,0.08757779548316948
9001,12286,0.0192541168417424
9001,12290,0.07058010989730376
9001,12316,-0.0006898558058873723
9001,12346,0.03406646185362805
9001,12372,0.04882290986442744
9001,12562,0.06448670059615103
9001,12568,0.07503792186713869
9001,12619,0.08740643113038599
9001,12637,0.09147281915904269
9002,9004,0.08868200597260857
9002,9155,0.04681092054749768
9002,9330,0.011067896821069168
9002,9337,-0.0013641954839645873
9002,9390,0.09257131368903397
9002,9401,0.024644054533780838
9002,9427,0.045002894633240594
9002,9428,0.03192892378342477
9002,9446,0.10217468386855608
9002,9465,0.05987496629034324
9002,9553,0.07450439490334121
9002,9651,0.05657220208515403
9002,11878,0.04778521117253056
9002,11882,0.059048813516781935
9002,11883,0.05170668210272448
9002,11884,0.07439835041444104
9002,11886,0.07177913485286408
9002,11887,0.006818126504124995
9002,11888,0.0756087821674723
9002,11889,0.0009912695270649177
9002,11929,0.03310368578172965
9002,11930,0.05861722889497357
9002,11931,0.05410034463387612
9002,11933,0.030135813690256173
9002,11934,0.03197923570484438
9002,11935,0.07848121017027919
9002,11936,0.08337155488410182
9002,11970,0.044612426636101404
9002,11971,0.061657296506233826
9002,11973,0.08193598878544656
9002,12246,0.04268571714005643
9002,12267,0.065208593202988
9002,12284,0.07333502785836475
9002,12286,0.02962058178383626
9002,12290,0.05361801501230978
9002,12316,0.013370214297078926
9002,12346,0.06498065363899973
9002,12372,0.020936088480920604
9002,12562,0.06746177858388969
9002,12568,0.06873073315724133
9002,12619,0.05453037879031812
9002,12637,0.06287426156021665
9004,9155,0.0013098270702779694
9004,9330,-0.011842210593619052
9004,9337,0.015677450656416618
9004,9390,0.03495702226226117
9004,9401,-0.0023866040279499523
9004,9427,-0.0018451830005174596
9004,9428,0.031794230077906355
9004,9446,0.01065093317584329
9004,9465,0.014873324033142326
9004,9553,0.026447260299581398
9004,9651,0.0072021307704317325
9004,11878,0.00835968379571667
9004,11882,0.017646648637001713
9004,11883,0.0018359290483239926
9004,11884,0.03529422504134794
9004,11886,0.040849743658904425
9004,11887,0.017640260380868307
9004,11888,0.027780977608190767
9004,11889,0.06936171757360554
9004,11929,0.017153334976052603
9004,11930,0.05454182041104678
9004,11931,0.0009074201058243286
9004,11933,0.0025367934765087247
9004,11934,-0.006099544018204317
9004,11935,0.025455759835029335
9004,11936,0.09207941786515131
9004,11970,-0.007146767512988479
9004,11971,0.01531125656603237
9004,11973,0.05272830331905956
9004,12246,-0.004660925978835806
9004,12267,0.01773330217211573
9004,12284,0.015091772213989541
9004,12286,0.0898729971720068
9004,12290,0.0457930514087529
9004,12316,0.08918347682864458
9004,12346,0.03062981819958085
9004,12372,0.002771666210144203
9004,12562,0.01566444593131733
9004,12568,0.023078655688221126
9004,12619,0.017121953320876394
9004,12637,0.02920594548555066
9155,9330,0.03534436633638536
9155,9337,0.013677300628573669
9155,9390,0.013356004436922588
9155,9401,0.13668151697207195
9155,9427,0.09779912745083717
9155,9428,0.04164882577565899
9155,9446,0.1538138584587948
9155,9465,0.050313702874675854
9155,9553,0.07726089404863862
9155,9651,0.07117934471180319
9155,11878,0.08357321295395163
9155,11882,0.048874937060076486
9155,11883,0.03271891744074653
9155,11884,0.055678433527586994
9155,11886,0.029800600835089633
9155,11887,0.03843942692987346
9155,11888,0.08171624859390456
9155,11889,0.02489744470067385
9155,11929,0.02113762035401985
9155,11930,0.030140482362548356
9155,11931,0.050263819745209215
9155,11933,0.014569349978094557
9155,11934,0.03906326291662834
9155,11935,0.06185366884730122
9155,11936,0.003187781756007124
9155,11970,0.07112845631019062
9155,11971,0.02511100871040168
9155,11973,0.04481317277788617
9155,12246,0.010808875818126784
9155,12267,0.08976460107059044
9155,12284,0.04990283975236179
9155,12286,0.038204657606535124
9155,12290,0.04128679435171119
9155,12316,-0.008659402981812414
9155,12346,0.01891556478523848
9155,12372,0.024814299672381662
9155,12562,0.043236444252783605
9155,12568,0.05583166292260345
9155,12619,0.04254090601629498
9155,12637,0.03657324817566916
9330,9337,-0.015146306607491295
9330,9390,-0.012978275856769677
9330,9401,0.046332726085703664
9330,9427,0.09520653127220698
9330,9428,0.0035732484682572457
9330,9446,0.018213769378
9330,9465,0.09429640558079269
9330,9553,0.017949474222835604
9330,9651,0.02534808769813776
9330,11878,0.04809238637748148
9330,11882,0.03262422014596737
9330,11883,0.040166111375208896
9330,11884,0.03570929616687491
9330,11886,0.04307827167209022
9330,11887,0.022293672407426926
9330,11888,0.08633283716696877
9330,11889,-0.0032933408004659176
9330,11929,0.026836075531232146
9330,11930,0.01579089753761746
9330,11931,0.05480915738234306
9330,11933,0.08328312971382967
9330,11934,0.06295386883035065
9330,11935,0.028948114345103457
9330,11936,0.007199971750732774
9330,11970,0.05305497434978392
9330,11971,0.04075369721922312
9330,11973,0.018628451899574756
9330,12246,0.07176371839169178
9330,12267,0.08646403011976193
9330,12284,0.05702376289456099
9330,12286,0.04442541058378495
9330,12290,0.04826514783001923
9330,12316,0.0027656859679685585
9330,12346,0.00524238747725115
9330,12372,0.05027260877275232
9330,12562,0.04072680023763311
9330,12568,0.043084402900986155
9330,12619,0.047623056669667596
9330,12637,0.04796169700650259
9337,9390,0.07780664479964036
9337,9401,0.030544282532306472
9337,9427,-0.004755595387314619
9337,9428,0.004999306364230013
9337,9446,-0.009342333367524621
9337,9465,-0.0025322618833333176
9337,9553,0.006968374852120895
9337,9651,0.009573391974718253
9337,11878,0.0185843920788306
9337,11882,0.03274993595989378
9337,11883,0.00599465185582362
9337,11884,0.028201846733419515
9337,11886,0.010865474282562567
9337,11887,0.019132786220748453
9337,11888,0.012439605514140752
9337,11889,0.013411626176285057
9337,11929,0.049550278241621455
9337,11930,0.03720292640130298
9337,11931,0.022887900358645297
9337,11933,0.006334354695965892
9337,11934,0.015170922491968003
9337,11935,0.03217694409823082
9337,11936,0.04613827074944706
9337,11970,0.011393692382811982
9337,11971,0.010280725634285415
9337,11973,0.039076427145528926
9337,12246,0.014035733237964929
9337,12267,0.012375496913286778
9337,12284,0.04991460822077436
9337,12286,0.0289040620857166
9337,12290,0.026047937327238972
9337,12316,0.04292105341807118
9337,12346,0.03213544009338948
9337,12372,0.020007974779265532
9337,12562,0.030988864634389445
9337,12568,0.02002862399595188
9337,12619,0.012303008590472465
9337,12637,0.027008310087099384
9390,9401,0.0072590509241977665
9390,9427,0.019026778149081727
9390,9428,0.035476076659291846
9390,9446,0.060183913741464104
9390,9465,0.002433326348105794
9390,9553,0.09561268302661048
9390,9651,0.11390378062176401
9390,11878,0.02767779352628349
9390,11882,0.05194964871321597
9390,11883,0.03339763742655283
9390,11884,0.04378600826148865
9390,11886,0.03198632772711486
9390,11887,0.014487089905397762
9390,11888,0.01757608221098564
9390,11889,0.03091018909717015
9390,11929,0.06127326423705735
9390,11930,0.06783277543985963
9390,11931,0.04139838740811577
9390,11933,0.021455135841368475
9390,11934,0.01987759276690766
9390,11935,0.0972585224016716
9390,11936,0.09156354336779561
9390,11970,0.0189306417373695
9390,11971,0.015699556380453443
9390,11973,0.06858894309869784
9390,12246,0.009356037241409994
9390,12267,0.023652926232371613
9390,12284,0.07297647290435218
9390,12286,0.05353679214875076
9390,12290,0.04627931872020558
9390,12316,0.02069780564061242
9390,12346,0.07867568805588307
9390,12372,0.0012515148589909942
9390,12562,0.019915056379155145
9390,12568,0.060040170632346096
9390,12619,0.046405021472805126
9390,12637,0.05710895573625782
9401,9427,0.026727408829623423
9401,9428,0.004126661395204096
9401,9446,0.03682753699832564
9401,9465,0.03926911199680505
9401,9553,0.017401042284634502
9401,9651,0.028258869769838196
9401,11878,0.060382102390640346
9401,11882,0.030029424279955107
9401,11883,0.02057194633997141
9401,11884,0.03126747554038816
9401,11886,0.019073881740721287
9401,11887,0.014939451055138593
9401,11888,0.03246015375728855
9401,11889,-0.0021900990481582036
9401,11929,0.02135654357281422
9401,11930,0.03916738167271921
9401,11931,0.049112093201579624
9401,11933,0.04308817020323943
9401,11934,0.03014932686537945
9401,11935,0.03830743148079839
9401,11936,0.02654565298843032
9401,11970,0.02628007457315135
9401,11971,0.026744621689819715
9401,11973,0.022141920310221115
9401,12246,0.048273062630048894
9401,12267,0.05922605371181857
9401,12284,0.06434176995875991
9401,12286,0.017621108876611644
9401,12290,0.0394274983313234
9401,12316,-0.0023585322999262527
9401,12346,0.021682775953162512
9401,12372,0.02994890389431343
9401,12562,0.041921917234916534
9401,12568,0.038091473448587154
9401,12619,0.03728271017441027
9401,12637,0.04101747420364301
9427,9428,0.07706466307859396
9427,9446,0.03593223564122547
9427,9465,0.11420157253675091
9427,9553,0.08152155716946333
9427,9651,0.06917710273350582
9427,11878,0.03173307307456975
9427,11882,0.04580232492097684
9427,11883,0.04265489992498831
9427,11884,0.03364685839959083
9427,11886,0.058178717780349706
9427,11887,0.0564038446018814
9427,11888,0.07913329459237159
9427,11889,0.04843614867122848
9427,11929,0.032001534314318805
9427,11930,0.02635338740177497
9427,11931,0.051855429280379096
9427,11933,0.034482825257963465
9427,11934,0.05269339194689159
9427,11935,0.04613953517241796
9427,11936,-9.561955078049354e-05
9427,11970,0.06366515974474715
9427,11971,0.017212006844100708
9427,11973,0.05166925543836097
9427,12246,0.014341217745741456
9427,12267,0.04751532058101192
9427,12284,0.04612871715519716
9427,12286,0.04511714764267784
9427,12290,0.03676311829730664
9427,12316,0.003207279228406203
9427,12346,0.015420729262345232
9427,12372,0.013404797748211041
9427,12562,0.004745291690933148
9427,12568,0.04720474036765769
9427,12619,0.05172327187312961
9427,12637,0.03516263669472383
9428,9446,0.015367079010686914
9428,9465,0.10020630199941152
9428,9553,0.12506734329098976
9428,9651,0.04513588177858094
9428,11878,0.02318703224245155
9428,11882,0.0674502654845077
9428,11883,0.03305187263815467
9428,11884,0.050921003315682827
9428,11886,0.02417102593809077
9428,11887,0.03138828916460346
9428,11888,0.04085299609975532
9428,11889,0.1786570305162438
9428,11929,0.030174859014494522
9428,11930,0.047899579626578585
9428,11931,0.020236793424162392
9428,11933,0.013204693824980122
9428,11934,0.03439824479472966
9428,11935,0.031108536926604095
9428,11936,0.022538344772969468
9428,11970,0.022304781959370402
9428,11971,0.013230694300217645
9428,11973,0.05076312489395383
9428,12246,0.014839827456653479
9428,12267,0.02076008792642235
9428,12284,0.03189400532884552
9428,12286,0.08466479551974537
9428,12290,0.08793486166192775
9428,12316,0.07137254517731885
9428,12346,0.018109869916765366
9428,12372,0.009835691743389798
9428,12562,0.007034763666526555
9428,12568,0.03845847990346679
9428,12619,0.023904460381179073
9428,12637,0.04169177297994379
9446,9465,0.03375999350183427
9446,9553,0.0704865781074316
9446,9651,0.10317434862177827
9446,11878,0.06344883529731175
9446,11882,0.061445269705046344
9446,11883,0.035654379937897655
9446,11884,0.04014939296208163
9446,11886,0.024447203917461944
9446,11887,0.020487207215398474
9446,11888,0.046368625973239465
9446,11889,0.0067783513680651645
9446,11929,0.026980296445615667
9446,11930,0.03699024501264605
9446,11931,0.0444962014420784
9446,11933,0.01617666081122737
9446,11934,0.039374439257719794
9446,11935,0.06849562873377614
9446,11936,0.02188897353143842
9446,11970,0.040152544054563186
9446,11971,0.07287796733209728
9446,11973,0.05222791019790386
9446,12246,0.040788266950732635
9446,12267,0.0652978372469171
9446,12284,0.06606695603035152
9446,12286,0.020828847704872488
9446,12290,0.0360959336896564
9446,12316,-0.009434724245504837
9446,12346,0.019344042960186967
9446,12372,0.008401404174959132
9446,12562,0.052924812351012526
9446,12568,0.05045250424595332
9446,12619,0.04602710926166616
9446,12637,0.049024768452456347
9465,9553,0.13557351296569034
9465,9651,0.0915388015796387
9465,11878,0.05918397197378529
9465,11882,0.06687644671234383
9465,11883,0.022211316731850013
9465,11884,0.048869774447768355
9465,11886,0.04326203057787523
9465,11887,0.07410186382570716
9465,11888,0.07120812570162398
9465,11889,0.06716461580550624
9465,11929,0.0209069903944672
9465,11930,0.030170682161908
9465,11931,0.0306991941176602
9465,11933,0.015959601566292347
9465,11934,0.045681008232594134
9465,11935,0.05145792237370817
9465,11936,0.012781730359778443
9465,11970,0.03636649307684459
9465,11971,0.02887758187769312
9465,11973,0.04675413596507295
9465,12246,0.034399202079463474
9465,12267,0.04042645592614616
9465,12284,0.039619398068924554
9465,12286,0.04938720425047648
9465,12290,0.04747010012004589
9465,12316,0.0224323338181138
9465,12346,0.021607838111101632
9465,12372,0.015445426862343164
9465,12562,0.017587470130899657
9465,12568,0.05239647273872959
9465,12619,0.03944581187986032
9465,12637,0.05265754472652327
9553,9651,0.14506377307633278
9553,11878,0.07410812098547682
9553,11882,0.07824220421731766
9553,11883,0.04741585781491353
9553,11884,0.08626275324921405
9553,11886,0.04483875995316428
9553,11887,0.06439282042019667
9553,11888,0.06297871117799042
9553,11889,0.07513222263731553
9553,11929,0.060519192716134734
9553,11930,0.05249075757227804
9553,11931,0.04481008750119524
9553,11933,0.017246907107218087
9553,11934,0.0733804537230327
9553,11935,0.06618490514057497
9553,11936,0.023319186378727427
9553,11970,0.048347906193563994
9553,11971,0.03590149638658515
9553,11973,0.06949127796169687
9553,12246,0.012855348116227037
9553,12267,0.042322360870179425
9553,12284,0.050907508611439556
9553,12286,0.03694553534698506
9553,12290,0.056081100108706025
9553,12316,0.023765164073503684
9553,12346,0.021272339855599533
9553,12372,0.007084609970136907
9553,12562,0.021153154741426716
9553,12568,0.07750709119564443
9553,12619,0.05836428875203654
9553,12637,0.05082285409419582
9651,11878,0.06879063736927923
9651,11882,0.08137656625038003
9651,11883,0.04882694101014971
9651,11884,0.06385342991773822
9651,11886,0.03364159781645765
9651,11887,0.09386288422300942
9651,11888,0.07611548288581046
9651,11889,0.06362021260690257
9651,11929,0.056754551181050404
9651,11930,0.04575031940584396
9651,11931,0.06295452506207694
9651,11933,0.04893804731764297
9651,11934,0.060851176885155824
9651,11935,0.0850522516707898
9651,11936,0.00721038643250238
9651,11970,0.07280305690988546
9651,11971,0.05778656360873618
9651,11973,0.06754145608211955
9651,12246,0.05536359645633852
9651,12267,0.049582656298121246
9651,12284,0.06404688631380967
9651,12286,0.03968282889974427
9651,12290,0.06224078061983625
9651,12316,0.0006315104396853453
9651,12346,0.021954631210367555
9651,12372,0.046006600508783975
9651,12562,0.026463113318772064
9651,12568,0.05290345692296046
9651,12619,0.06945367820839973
9651,12637,0.04583328841281792
11878,11882,0.09273935461057654
11878,11883,0.045956994699504754
11878,11884,0.10129993267051786
11878,11886,0.028606086423926244
11878,11887,0.07853881108809042
11878,11888,0.08847658735493225
11878,11889,0.0059245489997608565
11878,11929,0.0780679069947382
11878,11930,0.08073927736351877
11878,11931,0.09851081129964526
11878,11933,0.05427396700784723
11878,11934,0.10402017353682455
11878,11935,0.09360555621142155
11878,11936,0.01742433989050076
11878,11970,0.12019738655782478
11878,11971,0.07719508188131523
11878,11973,0.08935484334762628
11878,12246,0.09781962003297233
11878,12267,0.13375957548786718
11878,12284,0.10712555933890786
11878,12286,0.04845457999368928
11878,12290,0.09145122377385875
11878,12316,0.008040171636610966
11878,12346,0.03897446597076525
11878,12372,0.044336535464881914
11878,12562,0.07297701168946918
11878,12568,0.08670496264448861
11878,12619,0.10083131269502882
11878,12637,0.09519355053135846
11882,11883,0.04369709610541507
11882,11884,0.08430334017163504
11882,11886,0.048805415268636465
11882,11887,0.051063228409676815
11882,11888,0.09033770836776378
11882,11889,0.053080715511875445
11882,11929,0.06622496721958492
11882,11930,0.07553124862895022
11882,11931,0.07546381694047831
11882,11933,0.029395150785943503
11882,11934,0.07944141399003618
11882,11935,0.0854153156233807
11882,11936,0.02246102474882143
11882,11970,0.0807598405510977
11882,11971,0.04875321451506608
11882,11973,0.08616310231030029
11882,12246,0.11646476605021294
11882,12267,0.08719157139309006
11882,12284,0.10365273451328083
11882,12286,0.0685197211124866
11882,12290,0.1128056815700021
11882,12316,0.029263470377541505
11882,12346,0.0317737666065928
11882,12372,0.06362003008220726
11882,12562,0.07584849957682105
11882,12568,0.046536988622189066
11882,12619,0.08590653447578844
11882,12637,0.09091001740766264
11883,11884,0.055925314756639324
11883,11886,0.03946249665793503
11883,11887,0.024319383679726903
11883,11888,0.05835787231142545
11883,11889,0.011950420157632912
11883,11929,0.03073074107058728
11883,11930,0.06797939446766477
11883,11931,0.05234658660982879
11883,11933,0.030428324073974184
11883,11934,0.020338106290799265
11883,11935,0.0726189621543991
11883,11936,0.03263372700764839
11883,11970,0.048159302986813465
11883,11971,0.0750568673555708
11883,11973,0.041418979200137915
11883,12246,0.068365709486879
11883,12267,0.05015303501561831
11883,12284,0.06235455391245972
11883,12286,0.04050031217971604
11883,12290,0.053657321065488005
11883,12316,0.00529288438506631
11883,12346,0.04061945973426236
11883,12372,0.02712803645999342
11883,12562,0.08080299024826046
11883,12568,0.07334615685197318
11883,12619,0.06152378188334715
11883,12637,0.07794030550743763
11884,11886,0.043862736047692225
11884,11887,0.0703113846285517
11884,11888,0.08306101102525044
11884,11889,0.05200450994315344
11884,11929,0.053644965517515984
11884,11930,0.08120558013915981
11884,11931,0.0708500487602987
11884,11933,0.03936450631922418
11884,11934,0.06956380899945658
11884,11935,0.08719809043459416
11884,11936,0.02940517731071186
11884,11970,0.06999464378574509
11884,11971,0.0371778696255151
11884,11973,0.07719888824461224
11884,12246,0.06037799884172359
11884,12267,0.08055731286452267
11884,12284,0.10465294890116641
11884,12286,0.06176366797990331
11884,12290,0.09093234030825208
11884,12316,0.031867665946632005
11884,12346,0.0322339067193318
11884,12372,0.05200558829259071
11884,12562,0.05280188412338309
11884,12568,0.08351893427057376
11884,12619,0.08304366403978324
11884,12637,0.08408572369906943
11886,11887,0.060237905610511955
11886,11888,0.07175650002920125
11886,11889,0.028905081905723277
11886,11929,0.05745271429481009
11886,11930,0.04400277684077342
11886,11931,0.040904540686250095
11886,11933,0.03295362765978094
11886,11934,0.007857198479372845
11886,11935,0.053187708983797696
11886,11936,0.05750921078661253
11886,11970,0.04743442429073226
11886,11971,0.025483134846807476
11886,11973,0.06359871291203903
11886,12246,0.021896768348643646
11886,12267,0.07623968176842062
11886,12284,0.05727769020713376
11886,12286,0.04603840444976878
11886,12290,0.04097986951097948
11886,12316,0.03181134921836794
11886,12346,0.07996811926534605
11886,12372,0.022995623603639458
11886,12562,0.028507577820658714
11886,12568,0.03363689089412891
11886,12619,0.03296044417537622
11886,12637,0.05188512245909877
11887,11888,0.09788767188057829
11887,11889,0.06460297232101395
11887,11929,0.08523168882894255
11887,11930,0.031470542200493605
11887,11931,0.062234244571581845
11887,11933,0.051219954696562306
11887,11934,0.07635819204691113
11887,11935,0.06978020826039218
11887,11936,0.006574614512594215
11887,11970,0.09826371655576538
11887,11971,0.035493843004787744
11887,11973,0.07037555249518133
11887,12246,0.04563200504113622
11887,12267,0.06972433116997824
11887,12284,0.06929523673134412
11887,12286,0.05026776513707353
11887,12290,0.07396959533594127
11887,12316,0.02592088223062508
11887,12346,0.017025164656213468
11887,12372,0.07693180891766258
11887,12562,0.016769890395894934
11887,12568,0.034850131769736926
11887,12619,0.050260209939716305
11887,12637,0.05561356866498824
11888,11889,0.03102490870612788
11888,11929,0.06186512434723692
11888,11930,0.07386327348026808
11888,11931,0.10025319260340064
11888,11933,0.07865913126274436
11888,11934,0.07637517522652168
11888,11935,0.09836923732759649
11888,11936,0.02694799290428074
11888,11970,0.11297653259534385
11888,11971,0.07293459839730704
11888,11973,0.10223662917252466
11888,12246,0.09288105354342341
11888,12267,0.1474396246886952
11888,12284,0.13571341843014229
11888,12286,0.04834256601013563
11888,12290,0.08157290665192848
11888,12316,0.043140753485346114
11888,12346,0.04153012844465548
11888,12372,0.06315387754433231
11888,12562,0.08034936228608633
11888,12568,0.08005116089093343
11888,12619,0.06826692747204778
11888,12637,0.074298114371494
11889,11929,0.06761761447928495
11889,11930,0.06416785477601751
11889,11931,0.021023958157434592
11889,11933,0.017467192274381163
11889,11934,0.019234660046954465
11889,11935,0.018110849070387375
11889,11936,0.01911865482281242
11889,11970,0.024503267719244624
11889,11971,0.00029180204309725094
11889,11973,0.06246127676220081
11889,12246,0.01682648159589716
11889,12267,0.005269337513594705
11889,12284,0.0256335900538014
11889,12286,0.14989879584942048
11889,12290,0.0909570073202098
11889,12316,0.17375778717293175
11889,12346,-0.0031573065708212405
11889,12372,0.02209687028658176
11889,12562,-0.0038146160769627112
11889,12568,0.030965916033517095
11889,12619,0.02924179791441516
11889,12637,0.029359431105322135
11929,11930,0.054084253315028835
11929,11931,0.06760912253317165
11929,11933,0.07313574017360784
11929,11934,0.11243064431444603
11929,11935,0.08610803426407543
11929,11936,0.0703817648164024
11929,11970,0.05862952545384483
11929,11971,0.039529164467538354
11929,11973,0.09208918843853632
11929,12246,0.06940306935364936
11929,12267,0.10507132217672714
11929,12284,0.09871949591813968
11929,12286,0.04498351460242914
11929,12290,0.09518087954841409
11929,12316,0.041287129790475226
11929,12346,0.08196141516952576
11929,12372,0.061058345588028216
11929,12562,0.038324518645238136
11929,12568,0.04449174743577708
11929,12619,0.06130068968524764
11929,12637,0.06821856455329131
11930,11931,0.048052597745264124
11930,11933,0.04009183183007972
11930,11934,0.04471803991371755
11930,11935,0.0954385111297844
11930,11936,0.0645706276791305
11930,11970,0.06461858337730704
11930,11971,0.06522942110472303
11930,11973,0.09852175302573453
11930,12246,0.07469522799750863
11930,12267,0.0725899117824555
11930,12284,0.10173056008165478
11930,12286,0.12200254901110485
11930,12290,0.10202351912194571
11930,12316,0.09132187640639199
11930,12346,0.05241073634794272
11930,12372,0.0447032249647138
11930,12562,0.069807789442323
11930,12568,0.08435630255833595
11930,12619,0.07837673895141124
11930,12637,0.1011871421271294
11931,11933,0.045483483371772285
11931,11934,0.09712491326447116
11931,11935,0.09105015088381284
11931,11936,0.02164571086928442
11931,11970,0.08107150486199016
11931,11971,0.0657864759340489
11931,11973,0.07857247293815615
11931,12246,0.0900448718485419
11931,12267,0.08957133989372074
11931,12284,0.11762497879216827
11931,12286,0.05729674712538381
11931,12290,0.06272062533266026
11931,12316,0.020461652080502227
11931,12346,0.040511692146221454
11931,12372,0.08233691877195538
11931,12562,0.08215607305918315
11931,12568,0.07959427514717972
11931,12619,0.09705482201893832
11931,12637,0.08660073786402445
11933,11934,0.1013005534319537
11933,11935,0.0033848985943137743
11933,11936,0.03799670287596129
11933,11970,0.05199273403200428
11933,11971,0.03532160770436361
11933,11973,0.060810817504940065
11933,12246,0.06961938615238092
11933,12267,0.10335083024757567
11933,12284,0.06148802302139098
11933,12286,0.03314256683675518
11933,12290,0.044231912464202064
11933,12316,0.025453066355994883
11933,12346,0.07137866156575545
11933,12372,0.06941061844835368
11933,12562,0.02542593847562221
11933,12568,0.04315620578077956
11933,12619,0.0585586842178816
11933,12637,0.06106145160117494
11934,11935,0.043051333258034195
11934,11936,0.02808340853753148
11934,11970,0.10058963796723071
11934,11971,0.04422387975786422
11934,11973,0.08356966543176601
11934,12246,0.13089249509563658
11934,12267,0.1137872703981782
11934,12284,0.12851357181892786
11934,12286,0.03484743401105944
11934,12290,0.06220907107739471
11934,12316,0.014768706596841161
11934,12346,0.05303462814211466
11934,12372,0.09370695305878296
11934,12562,0.04308214823075573
11934,12568,0.07134730926783767
11934,12619,0.1166461173708269
11934,12637,0.0841970745623541
11935,11936,0.05418767735911257
11935,11970,0.10169570812631057
11935,11971,0.09754786130514573
11935,11973,0.10837883120769874
11935,12246,0.07515338401012664
11935,12267,0.10846228692188307
11935,12284,0.12806323623758373
11935,12286,0.05954520836996707
11935,12290,0.09200759578295246
11935,12316,0.02886429750198051
11935,12346,0.06245421808029297
11935,12372,0.05293011735370237
11935,12562,0.0897849218638829
11935,12568,0.10606331376457516
11935,12619,0.11014774905992229
11935,12637,0.09946076080907171
11936,11970,0.008042759802928711
11936,11971,0.045411466456713324
11936,11973,0.09716460826779749
11936,12246,0.00013783889986537554
11936,12267,0.038072769030256984
11936,12284,0.0580675486079403
11936,12286,0.030338561395916716
11936,12290,0.055595732100457707
11936,12316,0.038104275217133596
11936,12346,0.1338542671899744
11936,12372,0.003235566291099095
11936,12562,0.03863251372530707
11936,12568,0.04584502153515769
11936,12619,0.04867021138413797
11936,12637,0.07393438595588886
11970,11971,0.058661838005416
11970,11973,0.08328718870044238
11970,12246,0.08764672565620236
11970,12267,0.14595219426251185
11970,12284,0.10368147994655816
11970,12286,0.044284898714361115
11970,12290,0.06344857002168473
11970,12316,0.010208829016870802
11970,12346,0.02613870256557462
11970,12372,0.07739658072449603
11970,12562,0.07500777536401047
11970,12568,0.07307221499580062
11970,12619,0.10936432660197747
11970,12637,0.10333190785460057
11971,11973,0.07931038763072742
11971,12246,0.09093863152670484
11971,12267,0.06632128207616049
11971,12284,0.06534456644162025
11971,12286,0.052093982734661315
11971,12290,0.05363828732873953
11971,12316,0.0017781868355905464
11971,12346,0.03620348291183534
11971,12372,0.044489162986557744
11971,12562,0.10437840425574485
11971,12568,0.06953886558381069
11971,12619,0.09490360658097455
11971,12637,0.0871313934980188
11973,12246,0.05610384736042682
11973,12267,0.10810814429735918
11973,12284,0.14289174075677746
11973,12286,0.07691646406628068
11973,12290,0.09423084475209619
11973,12316,0.04936399896548545
11973,12346,0.08592943831426753
11973,12372,0.046548146833800874
11973,12562,0.07156656768779775
11973,12568,0.10146689270806737
11973,12619,0.1062499013398858
11973,12637,0.13023346784573084
12246,12267,0.1327296334021827
12246,12284,0.1282931662570583
12246,12286,0.04376629491546931
12246,12290,0.14011047361229464
12246,12316,0.04580834006423787
12246,12346,0.02718962874221629
12246,12372,0.128936662133234
12246,12562,0.12800142782915133
12246,12568,0.06416236120960318
12246,12619,0.11757751777244821
12246,12637,0.09328544671080957
12267,12284,0.13477030124190634
12267,12286,0.05439613191387698
12267,12290,0.0969692285446352
12267,12316,0.03661104626430784
12267,12346,0.0734853055151791
12267,12372,0.09220197879743364
12267,12562,0.09429691679737731
12267,12568,0.09270673389045214
12267,12619,0.10354854359066296
12267,12637,0.1034994420950641
12284,12286,0.08191487839029839
12284,12290,0.14363862799391464
12284,12316,0.05726951274896396
12284,12346,0.0972922823549895
12284,12372,0.07632725500554528
12284,12562,0.12826413530331682
12284,12568,0.11445277574559788
12284,12619,0.11742736102066041
12284,12637,0.11501482955071725
12286,12290,0.13113492272825078
12286,12316,0.1566938739855174
12286,12346,0.03246133000938524
12286,12372,0.07477262120272779
12286,12562,0.046111291591689765
12286,12568,0.05915822490556358
12286,12619,0.06747540640445474
12286,12637,0.05707211525896121
12290,12316,0.11144220337693303
12290,12346,0.08826652387840857
12290,12372,0.08474668787336104
12290,12562,0.09363293889166713
12290,12568,0.04152464792437583
12290,12619,0.0847372775053505
12290,12637,0.08365423837003035
12316,12346,0.017122864682802403
12316,12372,0.023161633836897785
12316,12562,0.015866527268362136
12316,12568,0.026282344572202923
12316,12619,0.027986564465628336
12316,12637,0.037321845868816844
12346,12372,0.026795869080165777
12346,12562,0.0345626144082657
12346,12568,0.06174280163220242
12346,12619,0.06386462196737507
12346,12637,0.0819818238310533
12372,12562,0.0616979476389531
12372,12568,0.05164604562307579
12372,12619,0.05782283469935832
12372,12637,0.051462929859926745
12562,12568,0.08551417645042621
12562,12619,0.07251666359074184
12562,12637,0.06392259775859206
12568,12619,0.07263762577112247
12568,12637,0.08653867662689492
12619,12637,0.11855039794060931
