,2158,2162,2196,2197,2199,2200,2201,2202,2205,2207,2237,2238,2239,2240,2241,2277,2278,2280,2448,2484,2541,2648,2678,2738,2757,2778,2842,2859,2860,2976,5404,5432,5435,5436,5437,5438,5439,5440,5441,5442,5444,5446,5474,5475,5476,5477,5479,5505,5506,5507,5508,5509,5735,5743,5875,5908,5940,6191,6216,8861,8868,8904,8906,8907,8908,8909,8910,8911,8912,8913,8914,8916,8955,8956,8957,8958,8959,8960,8962,8963,8964,9000,9001,9002,9004,9155,9330,9337,9390,9401,9427,9428,9446,9465,9553,9651,11878,11882,11883,11884,11886,11887,11888,11889,11929,11930,11931,11933,11934,11935,11936,11970,11971,11973,12246,12267,12284,12286,12290,12316,12346,12372,12562,12568,12619,12637
2158,1.0,0.01436111612374853,0.026958128857245574,0.03284280520055767,0.017247685681877994,0.04118252072077891,0.049235172991150156,0.03138277760285612,0.029095581271115296,0.029759868211038203,0.02902547087430542,0.03872434352536927,0.025466803486981965,0.0494956637011332,0.02781691933655403,0.0035482377861584683,0.029567248113959686,0.02794827642924265,0.01086578316495552,0.02294610456878077,0.00884497900343636,0.017896438628941913,0.0069680610540887086,0.014226898938031293,0.05136996978219262,0.027122854470099385,0.015033970452977365,0.06952603267435818,0.05998137790056344,0.04678793642191879,0.03405940075186579,0.02780562441124924,0.030343131742835424,0.010919853957256224,0.05502269914643776,0.027234880611473736,0.05422416434831332,0.029357127032937105,0.03300830428199884,0.0074847494417718905,0.02708300111502731,0.05052448490857029,0.03467571243305621,0.0489733454625229,0.015303164415080556,0.03747365394565192,0.054309262179653275,0.021771750869315556,0.027786873092919002,0.01333519537636841,0.009185127094147478,0.03515107246593247,0.019874892336165764,0.018461279396612303,0.03584577157973857,0.020466327781128748,0.059874802260179286,0.011711436577569085,0.00921410387987373,0.01949044544316707,0.01718903771830011,0.013492696665313275,0.00918374548942072,0.012001652872312966,0.040884162044750205,0.020485023598843483,0.009694413901959926,0.008617801709223143,0.018268106808183,0.02422139678594083,-0.005182574273296487,0.017308770510095058,0.003343247070513127,0.008435435858078315,0.018371839850073023,0.037532014108626895,-0.0007417624653885446,0.02568745535610096,0.02521715275990003,0.01386630164798705,0.015480138643342366,0.016339900434012632,0.023876743244177462,0.010041800809115015,0.005361389736843815,0.020126978962233442,0.026688830479212753,0.022164257254841467,0.009778193955372851,0.005226632036137363,0.024721995520509393,0.016999351049539764,0.025307505473835548,0.006092462201050197,0.036501585161060085,0.030485449111674678,0.04599874632904699,0.03795618591979683,0.0187077893897336,0.02399999298256667,0.03263032462821449,0.0536799924636448,0.022190139343540017,0.02878324307675986,0.03711267770674698,0.021658395592883083,0.03947302475420101,0.009377842680320854,0.0346873886190487,0.026872129905033553,0.0036237747462329528,0.03895049917656447,0.03374714016618779,0.022818802231788504,0.039960855402217055,0.027847143476345232,0.04798545789244059,0.025512440106468193,0.030945274914522387,0.006992486354717761,0.010519534580492438,0.049483100790515586,0.02497941098537302,0.04094924865611151,0.03402196149723386,0.03920808420177034
2162,0.01436111612374853,0.9999999999999998,0.010115863033467466,0.005537787936815563,-0.002227863626099348,0.012509795396905417,0.021536165396033716,0.015504637521435435,-0.0037296900316095647,0.05409968350250159,0.02029831460380135,0.012436788471683717,0.02073118739844661,0.04067454307734796,0.0065511049045368416,-0.000246425399089637,0.0028495471114161758,-0.004050930521625506,0.00943855401463207,0.004662318469200823,0.005600564684015371,0.00785001265779182,0.036882724844109635,0.037914007122985,0.014931148245984691,0.002709897636272366,0.02812513093149247,0.03619752333851482,0.0024332874705502395,0.011834390110677384,0.019876332685570267,0.010707448478666308,0.016647097370284848,0.0037630364956447613,0.0017143389719185675,0.005390795934846381,0.019831950795101173,0.024139220795429277,-0.0011924765039576794,0.0068529252347167635,0.013845427724702776,0.013710208712904104,0.009993489267452605,0.00899554326644513,-0.0009724165311133996,0.011129936976144431,0.010166836244093274,0.010515429168561338,0.0051213921563389485,-0.00193270847455796,0.0404378617893071,0.004533905692613617,0.004282303628070772,0.0052501852515816575,-0.0022267198940990633,-0.0008667787123221745,-0.0016679032463024854,0.0016470656215428418,0.01368349731062516,0.008106506750108305,0.01439907747200078,0.010178766165398544,-0.0022161520931863366,-0.005713047553138481,0.01172111134466452,0.024477087973542103,0.009783814292205617,0.012009279111674782,0.00028307418752163594,0.01515125469755254,-0.006251117456115346,0.009973291727847037,-0.0035197409774651908,0.0066102831912925085,0.004552898554816114,-0.002670714294703173,0.0008924704075302243,0.01789661026011373,0.012863736107669367,-0.006325478702591582,-0.00173214364918892,-0.0014346462476367771,-0.007669753550353126,-0.004045035397444377,0.0029430629663792585,0.001361646013682338,-0.002622439370239452,-0.001655489099122643,0.005356708279956646,-0.005698300594440641,0.015994591045663475,-0.003275787830330595,-0.006978966361981979,0.011236771199149127,0.005510474945318618,0.013401059566406947,0.01990407924152771,0.014758569178607205,0.02332265273099388,0.004695031365836675,0.04211578498449273,0.005237913007158982,0.008944131779171829,0.0020892492358180184,0.035577742201712365,0.010893185539300366,0.00785881696006137,-0.0012992606082969517,-0.004431571046166401,0.014583598494716066,0.04282077557209965,0.0007885532623791645,-0.010099110489764864,0.02643071668498712,-0.006930233189485519,0.015234214265133335,0.02948789629140212,0.02579458639300581,0.02815123587444591,0.014058854330011184,0.10808125215944073,0.006009743301169333,-0.003888575419928798,0.01582362041080901,0.004711660386377984,0.0013696910314895015
2196,0.026958128857245574,0.010115863033467466,0.9999999999999998,0.05328775732774539,0.010369335750027594,0.03511424198957796,0.04528055507665385,0.0422995900074506,0.007639227573713327,0.01555081814546829,0.016290701357638354,0.016200972177084803,0.00843518120857308,0.02320215284975367,0.014023325071432925,-0.0029946706821717957,0.02113820655993632,-0.0009084812441596993,-0.002959965389661376,0.01993302205551494,0.01213199632168765,0.008870218746333034,-0.0013527257209095624,0.002988121516424397,0.01299536016751709,0.041516991241854304,0.018354050061844727,0.015018592417495109,0.044426125821864206,0.030936010314054276,0.017168301504413525,0.047728344470099035,0.05326130562200038,0.015709296038256947,0.04058879705039818,0.012677349721462734,0.02578543080056215,0.007167838507067317,-0.0008458309296836609,0.006646342576728353,0.01929089980066279,0.0020593092156039705,0.024599613434070154,0.03397674187616219,0.021123591645736895,0.00930539475345642,0.00621243669346821,-0.005724594786185657,0.005486198000074808,0.02643482945033367,0.019610496899080183,0.026910275065766525,0.02038497148457114,0.004820747596493534,0.0032775893151724056,0.020333449329789914,0.010926646305692504,0.019007814541106876,0.0008825806637711138,0.020308108942025407,-0.008327431458597908,0.039372354870827,0.007930022421697746,0.015333232924331716,0.006422592491923606,0.011006633818400158,0.020119415785095084,0.008069539668788362,0.008013720805451699,0.022495184878556063,-0.007721953000370676,0.006986711323729596,-0.0016742118089959168,-0.004898405651898544,0.020416631251151462,0.023661249884370662,0.02919998148076854,0.021055513684138747,0.01073377753033225,0.011115358849801898,-0.0032263395660497803,0.006455633144009948,0.02332385904891222,0.0071770660189542064,0.014330790650657272,0.020527178691000705,0.009803562489522133,0.00876362915107593,0.01350911076801671,0.013563797799336008,0.021830956177343215,0.022438516324709338,0.002509576583522443,0.021502000101167217,0.03030089318657613,0.02143175270914899,0.016523032794589682,0.03117792621253831,0.001335446499937313,0.04066270083511855,0.006168272260534068,0.010145880923166196,0.02157898178730468,0.017098646374213683,0.049097214873812904,0.022481121357815236,0.0425136547272561,0.030634770918809378,0.04705941117598908,0.011713228882381984,0.009901541177057768,0.006508333537861962,0.00708545236597522,0.03320109777980086,0.006972335948604833,0.014421032177352711,0.053748359536636044,0.015016680355694848,0.017096841230845095,0.018013450212874666,0.00800162440866538,0.008650164524569319,0.00782388520849869,0.02327195740531052,0.020880637970871817,0.03550487739097177
2197,0.03284280520055767,0.005537787936815562,0.05328775732774539,1.0,0.013968478300982117,0.036462698266248914,0.021283192133977235,0.02146393423090684,0.0240850729122484,0.026712322395759446,0.03730402737116006,0.025686652199583333,0.014995299099571558,0.018594444357843153,0.00804282838911168,-0.009713514297513557,0.011244910633885141,0.007850725049389141,0.0019776070532272374,0.02562326983376096,0.0007590680174829144,0.009167360659392944,0.0186642952514156,0.007805421015687222,0.031871079585333285,0.00155638371828514,0.0013529880088290302,0.030867961156376935,0.034456011169280466,0.03240578176830429,0.013515407891911578,0.0040742022197434525,0.010008903975084372,0.017201163183746815,0.031757366964043875,0.03227603131148622,0.022446774723020837,0.0176920399553188,0.007927196300189175,0.004671581413171037,0.010523388949339156,0.032628409986709336,0.02516301550262249,0.020959558704571044,0.042914092115980816,0.010390505496917208,0.004772232473646782,0.00071987729902228,0.017443076443445914,3.6190900752317675e-05,0.017243747773305992,0.014224878012914518,0.01289726561012232,0.04175414782452591,-0.00022820621516422224,0.0018206024201389015,0.021886222189447673,0.015189773571956623,0.003477131135151591,0.009970457822457557,0.017253385288024472,0.030894754860145257,0.006983324820311829,-8.477119747295397e-05,0.020716006154861643,0.054915371697944214,0.014958476660512058,0.003142163991800842,0.02249530028943025,0.012643979006782727,-0.013358001720881342,0.024229838335790645,-0.006350326822778637,-0.004013485051876651,0.03233378685093701,0.015043617415786893,-0.0011437477738909724,0.011399736111723178,0.021282089724748297,0.025446989062984548,0.016718968851944075,0.009996888504780912,0.0007183721945710399,0.009566876060470774,-0.008111137792464954,0.01872242082452102,-0.0014976354176937318,-0.001929803843683996,0.016311752309504112,0.0005298164421615421,0.029323834220119933,0.028660074160461176,0.009198971907299985,0.01785334169725893,0.03186037938716609,0.026909733735685625,0.014193750988383299,0.009979420692856086,0.03363207861151649,0.031665766703164865,0.0042298519861198175,0.0035992053777021238,0.013805409048392338,0.018317772256339286,-0.0034778471777596066,0.018286472186724908,0.0204996392014694,-0.00455491209661304,0.02311995946560708,0.022855894929668913,-0.013315115693463704,0.023933874296658733,0.007126168920317765,0.01068833075135037,0.0042195145102070526,0.01569392476640515,0.020280740264006086,0.017371065142037692,0.0072841106825702025,-0.004096182559388893,0.00794885504034153,0.019415676499800354,0.01389421498799938,0.020194979929386382,0.011198869934065438,0.012489019861980597
2199,0.017247685681877994,-0.0022278636260993486,0.010369335750027592,0.013968478300982117,1.0,0.02165931161692659,0.028278976881900113,0.03380401483594296,0.03308977512586422,0.03291276176411318,0.014417508545818877,0.03859838603022544,0.028585487682644437,0.04520591296230656,0.02414912889482159,0.036520127217103605,0.019531108208083018,0.011943368028475449,0.025912797106182807,0.03034271438226815,0.004697498528079945,0.02168342901880634,0.010519846274770428,0.011501254024213247,0.035947799845473964,0.020577842355035063,0.004269724366324235,0.04148091041593382,0.024224560628737703,0.03585121133573691,0.02713840809299754,0.013502623388705892,0.012610987281579717,0.02138191914292307,0.02482089500719157,0.035942810935317406,0.024063960620290047,0.02065926283358745,0.036247209114500085,0.009378444402725939,0.008615313870593591,0.04867124596843524,0.0185465299233603,0.032075187235551535,0.006754754839486159,0.022337005344726196,0.015814960296639993,0.01332924704178337,0.008278679390030342,0.03529503631234371,0.005073021407008295,0.02830927413156661,0.015239289053844609,0.018342276958946278,0.03161192731501657,0.0625508998769057,0.03518126832155846,0.007551903304792097,0.030142457041662563,0.020110714363688244,0.01436241149442555,0.005867444716640861,0.009258211984710331,-0.0013617287936292665,0.019709376052349823,0.015279294935296811,0.0012229661392603403,0.009961583097869705,0.025266707278873955,0.012536472226516774,0.004991291657477483,0.02493244833073487,-0.012254499655071187,-0.005596122835819973,0.004250616795958157,0.017038433458509066,-0.004680626694821748,0.021780391984523327,0.032595765517261927,0.010874813835834827,0.013511527727533978,0.007687495400548492,0.009166342307063913,0.010905252454692106,-0.0006483870492749138,0.015801826575625604,0.013284459897670083,-0.003935717218641013,0.010317593588433729,0.015531679871472028,0.0021929117068301544,-0.005955135237101341,0.018408006469381795,-0.006123966348016762,0.021015392790094335,0.027647858351885463,0.0310084028380577,0.019498028750518516,0.0331755461882277,0.016358276737959136,0.0348064046604682,0.015418582896609856,0.025516090408494868,0.0019830192069592964,0.03269987393047098,0.018061117729017175,0.025985773242544235,0.024005064801422452,0.03397944636754723,0.03958776834307955,-0.002237786560078554,0.04046312236929284,0.03274771673444616,0.010348274368483186,0.030945025176269292,0.02871523296654655,0.04857550167641206,0.024892798972667222,0.045556277561857254,0.008360997788758363,0.016284700784641646,0.02473921040435663,0.0350508263962307,0.024491942387115554,0.04010630184851444,0.02240067153099438
2200,0.04118252072077891,0.012509795396905419,0.03511424198957796,0.03646269826624891,0.021659311616926594,0.9999999999999998,0.03786224758858702,0.04504201830382242,0.03167356367362109,0.03686699196026535,0.07417040272397664,0.04865625796546188,0.06713848769584745,0.09351405913111324,0.041426184429474794,0.043014920402021324,0.04692697785908992,0.0393938599662571,0.0068436113555007515,0.0511979244335403,0.01400117826885705,0.057825014703177496,0.05909851717994588,0.04776410741643209,0.06856015224268212,0.01616552671323887,0.011436891886285383,0.0566606912925076,0.04289964737207548,0.05496313241576158,0.04849755405652052,0.05008304702274534,0.01035943231122159,0.06108246741261281,0.0994976345720682,0.03092684704653408,0.04972278373610888,0.038429227494934194,0.027948285215234868,0.06545206250792608,0.031214526973083714,0.0666644287776427,0.08575546600562467,0.07058945064404663,0.06012927546505185,0.04332130862083814,0.0217895395527571,0.01455711710314701,0.018459467743660852,0.026719215779966294,0.0456822760384067,0.06260700373001823,0.03270988299303936,0.03601365347457344,0.04753596988784844,0.055970004280402094,0.07568210889561056,0.045248225063638896,0.035742287840802044,0.01726624173712906,0.026085759155220156,0.062224058141299374,0.006636507719017612,0.04431807829484381,0.038766533317076,0.04017753920624983,0.026534306309558022,0.025944024726719406,0.06320559231121077,0.06181127215758596,0.00398157206570065,0.06402789752450216,-0.005883154059749207,0.007582504582800599,0.059448225488890505,0.0903465217216267,0.01750947052617423,0.08629341851932786,0.06450580909315629,0.024445914258010924,0.07911473020592659,0.03616631600273936,0.05081669584833819,0.06446476650349371,0.00881497608472261,0.05472132349180531,0.030978824772291302,0.005736957613916742,0.03782494822907975,0.037377024414059566,0.05522338578166416,0.018412509740519938,0.09203820006177894,0.03677809527988784,0.05928049304589842,0.07733066879711727,0.06389806213557532,0.042071941786955926,0.07799182689098222,0.06062881295746434,0.04500256656431507,0.055368322089993545,0.061120293101195274,0.021482856969813925,0.04315955239194301,0.05861085818591042,0.047646624100089685,0.05664424378673368,0.04219153706961134,0.0755494412566141,0.040896047750843365,0.0455193252360973,0.0475660266850915,0.06428758815743607,0.041188165483065975,0.07616102836702991,0.0808101100426861,0.03339679819499257,0.0600609982459558,0.013607050274384703,0.037204060304534374,0.032326434719661894,0.05080684482009543,0.0558636138248071,0.058486444541800534,0.07289132573349069
2201,0.049235172991150156,0.021536165396033716,0.04528055507665386,0.021283192133977235,0.02827897688190011,0.03786224758858702,0.9999999999999998,0.06486114765609485,0.028939172557761374,0.053264727547106684,0.07538586051609215,0.06175488619582333,0.07795816457137633,0.0956228668634226,0.046010061826989586,0.029115280643710162,0.08746130047252428,0.06586350131322595,0.02452481400987159,0.06334234472713766,0.06466098056956601,0.06411004611795036,0.043580922135812855,0.04960212845075698,0.06465763867769653,0.0613874941337501,0.001012617020777,0.08495651652436428,0.021483758890820878,0.09075565518804957,0.04624494081185319,0.04834659852257424,0.037192306561003245,0.08747225543566155,0.08708741014449073,0.04324026475002346,0.05067871886214576,0.05281245988855815,0.0313093711601332,0.03538929432458502,0.0377628324151303,0.06970689623657664,0.07443441942771974,0.0701162209448488,0.05055847718026265,0.06348252753051102,0.04729151045068132,0.019777435099282474,0.03589779981848015,0.05988048184066975,0.04992469065746872,0.058904542831158604,0.05622253198257457,0.04610814545405721,0.061391835072909934,0.02323075015513887,0.04298129280753104,0.04879546505040535,0.04704964919010942,0.016600294538158554,0.035378785074190046,0.06726502317511601,0.01713019517087652,0.04436775190838118,0.04120384352742268,0.045457771674592425,0.01984304209812653,0.027484494129407566,0.05675646712354782,0.09602230771090925,0.004282469885138818,0.06940392056852926,0.010857926166175732,0.01900066341263182,0.03136888496629765,0.05558682410190013,0.012356617376414015,0.052345551569969756,0.046193135005356885,0.042043665548486896,0.02803170948651311,0.0283241864812017,0.06044713820095374,0.0453964144092152,0.0028165627031327433,0.025326573552202192,0.050405150557286615,0.023825728324844045,0.018339104467820916,0.01806695537368147,0.05305201140783331,0.03564787243568584,0.033747263702482586,0.03286825649142445,0.043636241411365746,0.03999314260105459,0.06766599860589682,0.07817729873621607,0.043390824262627345,0.06522349512882034,0.03952914423775024,0.04241383359384088,0.06600935289662614,0.02509637373093208,0.07918922433235367,0.05662270801212733,0.07331010305435588,0.05994723309816903,0.08069417564133992,0.05796736890972225,0.04263316466802107,0.06746064837658278,0.03493952213379033,0.08070167346697635,0.06918637563734553,0.08040038699995165,0.09058158720716127,0.044230789227224794,0.06207942563180533,0.016193145113196812,0.06463768505894399,0.05766807318909061,0.050362915651433575,0.08317835345626552,0.06332669840246768,0.07199780092715145
2202,0.03138277760285612,0.015504637521435435,0.0422995900074506,0.02146393423090684,0.033804014835942954,0.04504201830382242,0.06486114765609485,0.9999999999999998,0.01207189379264596,0.026248422082232718,0.03482185063983627,0.054729870246735784,0.04422564156627915,0.05499711099335575,0.016549285240840098,0.016523845851426397,0.04922123031046645,0.024457409189154095,0.022138998123572583,0.027903275607725347,0.02703717301730836,0.04544523977747665,0.028996568849124292,0.024238602521131417,0.039633234354950565,0.016683701466464508,0.020845259748780647,0.034927251218461644,0.018837230699505346,0.050489869131177804,0.04563296355400499,0.026081402387523683,0.021176187929301087,0.022102476247796158,0.03552365141208528,0.016432501373297638,0.0244448026019059,0.031145835329687288,0.024158043419200654,0.017514624222220908,0.02813809775303813,0.04761738071362823,0.04319923464322819,0.043743172314367834,0.06179129011810425,0.03029007394704152,0.028367545320003292,0.011250532697304923,0.014833717165109747,0.027172789117508034,0.03144581981449153,0.03614264908244064,0.012666378993956885,0.04564964020094153,0.03047862238716929,0.04379390805600887,0.03333606663915796,0.016157477951240735,0.013992753214735677,0.030928474300123313,0.028181663022768227,0.03608639060736178,0.02005063785385595,0.03336050502951549,0.04318182208667194,0.04142010149810972,0.008919764693639334,0.012894294479754266,0.03850218754546428,0.0418106690741288,-0.0013810166460135349,0.03023877176795368,0.022966007312452703,0.018273128020796805,0.030463208463060863,0.037333403687250986,0.03585238065879471,0.0424494347754435,0.046411445137864556,0.017393232713089218,0.023191905619598194,0.03568117724377085,0.044752009872974965,0.033597217635900935,0.008823812175489014,0.03945705447871389,0.018412703495963918,0.02475905608622795,0.03489786680510023,0.01393670034804379,0.032401594872454816,0.027505154130656097,0.03132081523852815,0.01770222663585331,0.03737509390074298,0.03300851757601267,0.04763559850523185,0.03679827929396673,0.03265697154677294,0.054028396505857945,0.03120269715559124,0.03350809844846596,0.03969895226967291,0.013815042638959968,0.0339501052648738,0.03889484163205746,0.049617133487307286,0.012765370374314756,0.03971890160055735,0.05878347447630613,0.013839357000613032,0.03336009863275025,0.04328780821097923,0.05791994808653639,0.03199417748770092,0.03645926500637099,0.055352833136002165,0.03080585435999192,0.03921163726297354,0.00877043477239659,0.023697768679834186,0.047745212735064435,0.03554501686900956,0.038425977054295846,0.03604048396116768,0.053106362202313656
2205,0.0290955812711153,-0.0037296900316095647,0.007639227573713327,0.0240850729122484,0.03308977512586422,0.03167356367362109,0.028939172557761374,0.012071893792645958,0.9999999999999998,0.017284887576503042,0.026573773015382187,0.05750776596668825,0.03605710742032878,0.05367703546471515,0.0331495997142012,0.0065575489139477645,0.02887666902901344,0.04501071066606645,0.009994093359683556,0.0610893723130938,0.010022553170457586,0.07092081485019067,0.009143896002479437,0.02203643766158731,0.04333218722687501,0.01191559746496599,0.002664004228950783,0.05444928688626562,0.02482556258782735,0.005757453761641959,0.012305030461419588,0.01943037668797303,0.009083218241237746,0.014186613597549417,0.06846040375954163,0.010998631573486553,0.036152728121340925,0.014107454316447826,0.05668418185587232,0.006745152753441903,0.023165808288193583,0.06348236398245381,0.03622489568784161,0.05185578264836297,0.030310210680458756,0.030487376973475516,0.008578893202089825,-0.001463439268225259,0.02002570456357416,0.01220580987050074,0.013377072264470857,0.048788966153761944,0.008182812859887107,0.018577939304939464,0.006740194029185193,0.03647175417576563,0.09562410637326758,0.004425008634084481,0.017668013368914343,0.010196390372283839,0.01679649358974509,0.030269819257543358,0.0024788231499978915,0.015908063566138785,0.04107663445256492,0.02707333833197938,0.005198599176821238,0.02253017724388038,0.029968766833229757,0.03521323714840181,0.013763106653231749,0.04029290510694759,-0.009024858395201604,0.011155385584934162,0.021759532233045175,0.058656572249203495,0.02454583793439496,0.032540787028096235,0.03489622371223095,0.0643433699470075,0.028856043078860024,0.00962575604344872,0.031858191688442776,0.04331771848145479,-0.0008536124574276334,0.025805898987979758,0.015271329289009386,-0.005309245742311765,0.003949232818920706,0.01215755671417726,0.026630161848786284,0.019795553647921696,0.025477238653918835,0.02499440905764703,0.04815037307027127,0.017257574980596345,0.05369614723634843,0.025427901711611828,0.05354273682371978,0.033552048251304006,0.009537223152435338,0.019977271281689118,0.0460011645129595,0.0047399835184298795,0.012670245724929769,0.03527130291220242,0.025882114399294852,0.02062864599321188,0.04486925256184284,0.041248766790515826,0.0035905670778892647,0.03836782664714516,0.04259513914534891,0.04064879730375354,0.06304299813357973,0.045391982021260074,0.03726145213913287,0.018777306592809465,0.045707880592977264,0.004998713975514345,-0.0012976473059851024,0.03701951476732455,0.03570776766692911,0.0447962401154982,0.038802422616131566,0.024236202785343823
2207,0.029759868211038206,0.0540996835025016,0.01555081814546829,0.02671232239575945,0.03291276176411318,0.03686699196026535,0.053264727547106684,0.026248422082232718,0.017284887576503042,1.0,0.07973127926727719,0.037133390338935764,0.07451621984580895,0.09699454724292472,0.033769375852749896,0.026465317816756824,0.036379868529826324,0.03372817530944971,0.03479375963953614,0.03338354860168758,0.04499748191548505,0.040099612804396965,0.03997674421635533,0.04484776991295651,0.05364925855236613,0.023276526651398777,0.04870106865683527,0.07968225247433056,0.03029672551895207,0.06777928306945079,0.0597003589648629,0.04726236505570053,0.01701044816069349,0.0290668451194332,0.040465041389352356,0.044503852829548475,0.032025103007717465,0.03207873575749511,0.019032623275711716,0.03487771756007517,0.039921420558704075,0.0553865891298577,0.035449291225504484,0.05209602221511686,0.029466668225497226,0.04537608055276533,0.03589831017831089,0.039242204132065174,0.028322377903610793,0.022541915974645436,0.030351166491777288,0.04816974253457422,0.02340089094958251,0.0675231913973441,0.02250387623523088,0.026261746527241756,0.0399206474513767,0.04243455569702019,0.058153584618056024,0.0462932948350642,0.032730689150413814,0.0558979315316639,0.03246601500975967,0.01513672753993233,0.0326060925276764,0.06495692510293845,0.034588868682342566,0.034420476379066804,0.06767504639112044,0.04506317764605282,0.007427763398036124,0.04140660855346132,0.02366797915898238,0.039575094357576834,0.058284697372163866,0.047921315942076076,0.0272619941348002,0.058550160075591516,0.053215874742281254,0.012195623358205886,0.025137086274810184,0.030312007183328656,0.023406248263648316,0.04070257441057013,0.021169807934646942,0.03624523066562099,0.022240322349174304,0.030204168993421484,0.0667522721300271,0.024608485305457253,0.04820058300105866,0.05439548808854335,0.030862881591262936,0.028253660825470796,0.0558446071204705,0.0456220916637911,0.05447403793722542,0.047108561313130994,0.031584367869498496,0.057715574864538655,0.05346341028217196,0.05003743873748006,0.041067892868597924,0.03250820600360018,0.07275784893198126,0.057232417048074996,0.04309804167397719,0.01839807858143313,0.03347412337458864,0.05625773755595547,0.055484249885881416,0.03741585030615124,0.030466714845434582,0.0694357584958739,0.020613484136451244,0.06669113934777485,0.057275840940884004,0.05394448740333203,0.061353249386232406,0.031039831195536813,0.053657188599817385,0.041165219711644226,0.036682536641331524,0.060833998552958,0.05691137947595273,0.048351986099137316
2237,0.02902547087430542,0.020298314603801354,0.016290701357638354,0.03730402737116006,0.014417508545818879,0.07417040272397664,0.07538586051609217,0.03482185063983627,0.026573773015382184,0.07973127926727719,0.9999999999999998,0.06432147514828963,0.08281806762484581,0.09710735625583572,0.05442728663815662,0.040452010283218244,0.056308591146252,0.054053259663801805,0.010329161865728907,0.07470901136452889,0.035100875133201564,0.038331403553463546,0.0700971961546164,0.0683890601043964,0.055861347310552846,0.0392089663891124,0.034409304709862365,0.07166739965248492,0.04642635342950146,0.0837809677778242,0.06041035398705551,0.058962622423049726,0.01300279351006042,0.041607663029000756,0.06353105713998879,0.02976348078193626,0.04454284265349371,0.03827375718490709,0.03802263885266764,0.054707742049790904,0.05773264882713089,0.05996919745205025,0.0932491835597461,0.08497107348451248,0.046475802300727516,0.07939854139019088,0.03318612584715796,0.0034589561536662794,0.03251074198228437,0.031894959410201575,0.07096585866552693,0.04845076358790738,0.03507092906985148,0.061469554055117864,0.07942087538817237,0.04423286072416983,0.03698321930785509,0.0391875452782945,0.0327616167965218,0.02801627579182216,0.0359811308123455,0.06461470926250613,0.04125167689342353,0.02587786263173733,0.06913309844209067,0.05123499891667566,0.02702133959078533,0.03071042243508222,0.06587861019738486,0.0694894369722582,0.005555339307922924,0.047625365488947274,0.028737732087036304,0.03443177781806119,0.053992512085664676,0.0782866364812402,0.04073242196036284,0.08433230611653281,0.05950879846332923,0.03690850552630538,0.051207021365744856,0.042169332309147094,0.029295268026360163,0.07925529260162252,0.03814599482041039,0.03393766751958314,0.02142536056690149,0.02431794208909152,0.050113416448463545,0.026374494554913662,0.04039045907841203,0.036130055398447825,0.036385643055895284,0.040096554777615694,0.06302654696810667,0.03936780260164111,0.049507340605727895,0.06768066011334208,0.05958084782583936,0.061260757228305866,0.05306300688135895,0.03989807024499547,0.05445687166365653,0.024742402286542106,0.05364019451803277,0.06332272001727714,0.05843127882945094,0.024780122759436727,0.037760114778899054,0.06347187417070092,0.054503266124992886,0.04714449734946796,0.038424293203290244,0.08310169974668748,0.03924499372338902,0.07341346968808067,0.0759144396247402,0.035258829935676056,0.06994988622613783,0.021880662762113708,0.06666270500242864,0.03130154863809017,0.05543543847036118,0.08505065190528455,0.05942074847739208,0.06589350808539873
2238,0.03872434352536926,0.012436788471683719,0.016200972177084803,0.025686652199583333,0.038598386030225446,0.04865625796546188,0.06175488619582333,0.05472987024673578,0.05750776596668825,0.037133390338935764,0.06432147514828963,1.0,0.059685009248763216,0.07850088768915757,0.03638234173343828,0.027750316170687326,0.05946926031330534,0.03377073400463206,0.011231557908477869,0.0672904625609321,0.014264729660173687,0.040219866887236534,0.04128792896608652,0.03954948581746764,0.06066797324282029,0.02619565021608441,0.009523736150912999,0.05996785187799598,0.02226530012176396,0.04382252498550906,0.028473171390887075,0.03699445764929514,0.01602343278382287,0.03369914393032296,0.06685395071435317,0.03240883012210246,0.02071054217223265,0.020837583558149034,0.06539397524115512,0.03182276055298858,0.02126000463082984,0.06246448336852788,0.06187014641664668,0.08800952902036038,0.044237101845746765,0.07968361418535687,0.018780888884244864,0.04792800833954251,0.04243730094615042,0.03328743997474956,0.04681058430087343,0.05815985268902632,0.013547156051254896,0.05212782725611942,0.05289111372996621,0.09906463075851327,0.11539529982785915,0.01356371020383267,0.03490695422304529,0.0411499611542123,0.03834640267856679,0.041399260990695956,0.013622128951817896,0.03911458848812128,0.048075111672761926,0.054396587469593416,0.005826657783259772,0.04425799264895799,0.05931482527096495,0.05129095859271564,0.012727272293563102,0.058064824441387004,0.004401474128964842,0.024176129254570456,0.03974641819374693,0.07865275809142537,0.029227180405130792,0.04074368659748958,0.0627681014954412,0.031625167108719376,0.03128506805884647,0.03729595226835392,0.04490529155273673,0.0382441859043329,5.221475196051254e-05,0.034427504478901465,0.04864238123071312,0.039946943236028556,0.030108352175799172,0.025966663549869706,0.06132041583539291,0.008207668699467619,0.028880043874043037,0.02398211651738395,0.018541303348032022,0.041801544535879635,0.05322667385360034,0.04270801148266614,0.04318458203330517,0.052623720014217536,0.022660875329858082,0.04792328295103143,0.06641024342433163,0.014991814273298997,0.04979636747183163,0.05799868172061947,0.055732586200697966,0.026061969913684056,0.0389181149771615,0.08137475627540884,0.025570482818758438,0.07666149815120595,0.08467532673710786,0.056295883573441945,0.05897089578159172,0.07077746126197385,0.06872684853061056,0.059207424407274556,0.060634274034596765,0.009075477170527823,0.024620396956299112,0.06647089512361247,0.059247255327107506,0.05624196398766104,0.06332752186729804,0.05731930442646256
2239,0.025466803486981965,0.020731187398446607,0.00843518120857308,0.014995299099571558,0.02858548768264444,0.06713848769584745,0.07795816457137633,0.044225641566279145,0.03605710742032878,0.07451621984580895,0.08281806762484581,0.059685009248763216,1.0,0.11478600793705525,0.020466545398916795,0.045050404846833425,0.046615891473152885,0.06719489779719566,0.010472638479097855,0.0615897041002295,0.06437660247280841,0.07541332219497576,0.054856910007381764,0.07243003389672098,0.0751781534037358,0.060584272278870664,0.003064869907886327,0.09222348460322134,0.02276375761482334,0.09876023989262826,0.05508459835260122,0.0662657469371808,0.00831462615778383,0.04846677384194298,0.055338319645988995,0.03274475671327765,0.029231627320460935,0.05416964824463666,0.051678986225003776,0.04826260934234255,0.039027117194802355,0.09742290582272974,0.08946688377207049,0.08232641585213077,0.054659304031276536,0.13238593330949044,0.037662009054582855,0.019803134983174955,0.029406668923034614,0.0615713225531311,0.06276998215223019,0.06686402923442476,0.04572064575464927,0.06247215181202513,0.056435791869696494,0.04423673174545112,0.03786045463049612,0.033141562200501726,0.06144454840009856,0.02515628434106585,0.050933006950165234,0.06831808495610603,0.009539527011013089,0.025226289250816724,0.059207664099237466,0.06498801691712613,0.029006693661618167,0.03350927870594379,0.09119355065995288,0.09983191273753723,0.006854192436444109,0.04322201108566328,0.011130555418500686,0.01802187473430468,0.06750952322019621,0.08292088784389327,0.019530286704454374,0.09216957185366761,0.0878468069464298,0.03935253711619507,0.06956326652489554,0.05172821691134775,0.04234964008316038,0.0777790303658059,0.02610632624504101,0.05722269230388278,0.030526066368887647,0.019738942902194957,0.05191790111200453,0.0436392325416511,0.0302804643338383,0.030889857203836343,0.05477537168856801,0.023067629783926815,0.05469357924069381,0.04060005330378749,0.062217263406329514,0.060975350553248125,0.07111806001529475,0.0578556027616059,0.05417596051475895,0.03277066807780523,0.06308536019014803,0.013672218455151148,0.056830753297734425,0.06160254481557802,0.060498992173861746,0.029247523111029284,0.04164206888849246,0.08208890240499601,0.05913776308187694,0.0512999040870681,0.042011251598604,0.0760272407813692,0.06087016260048874,0.08830171848085783,0.07192408906625754,0.04116086055717055,0.07749703002353682,0.030920411056200508,0.058838017413177277,0.04708172656868906,0.06918555137955008,0.07700601762962567,0.07227254695917168,0.05794758861966506
2240,0.04949566370113321,0.04067454307734796,0.02320215284975367,0.01859444435784315,0.04520591296230657,0.09351405913111323,0.0956228668634226,0.054997110993355754,0.05367703546471515,0.09699454724292474,0.09710735625583572,0.07850088768915758,0.11478600793705525,0.9999999999999998,0.0681364638723415,0.13532676779719116,0.11608729336366048,0.08329751902138406,0.028033599418984135,0.07859780846662988,0.056506150978203024,0.09309539464333665,0.07606970532484163,0.0831177523782465,0.10420775772568386,0.06470046081723038,0.03966559037490231,0.14063010750359797,0.03972186912009169,0.1296044870768655,0.08110333006784812,0.06755875175241813,0.027585071662684195,0.04922739494247905,0.0767781634704412,0.0454142792538808,0.06159986597845081,0.04720761777870879,0.05334119070026297,0.05603670916599062,0.0616641107633356,0.1285905441499927,0.1044511000927246,0.11250595532649504,0.06138281193330012,0.10393342843130794,0.05619884237958679,0.04960870853732036,0.06519168943555749,0.08352908628371071,0.0858527454788358,0.10970111499643684,0.06311320831507183,0.06393372354063781,0.0731464387657286,0.10941579257789037,0.07274685925322359,0.042845342260013526,0.08064152223627868,0.03190726112921702,0.06628994191792913,0.07893028740961888,0.019843399834699706,0.04722016998643413,0.06855121915037231,0.05422884275545708,0.027894279775751554,0.06748162027520745,0.08096094492805289,0.09332249713302203,0.025751554295241764,0.06354613844358434,0.017074276111153405,0.03709924555414806,0.06667133397068119,0.09466195307332799,0.015406793954772714,0.09451718244423131,0.07955994474685252,0.0510613802548102,0.06283527317624199,0.06203627224494087,0.047284777243747064,0.072643893522035,0.02634353892503232,0.04821217769990996,0.060995354129331686,0.017141055668683028,0.04655307997012982,0.05858882010720972,0.036131137245233376,0.04057849208662837,0.0653586009723065,0.06120161047886156,0.06530499870168897,0.05556721871893407,0.09178247104520888,0.06651136304934042,0.06378806080977328,0.07046134864627647,0.04872326460112781,0.05540465699618289,0.09331042267690384,0.017952755088322267,0.07961022066498077,0.07315306531889057,0.07878012399588856,0.045646671555069476,0.0634501848478567,0.10024015643478902,0.06348807012197183,0.0824601807603659,0.07941052788147637,0.09415373445799231,0.0888978429220152,0.0989883046723675,0.1268571214552663,0.0645498933414189,0.09758864228539238,0.03522555255036754,0.07680841477397413,0.06696884415218526,0.08893226094096297,0.09489917420422882,0.08868511997566741,0.0790777291997763
2241,0.02781691933655403,0.0065511049045368416,0.014023325071432925,0.00804282838911168,0.02414912889482159,0.041426184429474794,0.04601006182698959,0.016549285240840095,0.0331495997142012,0.03376937585274989,0.05442728663815663,0.03638234173343828,0.020466545398916795,0.0681364638723415,1.0,0.04477093226606792,0.04437035895744,0.037047298456260425,0.007723368098256979,0.048682179359698485,0.030160666230056532,0.04866229511688394,0.05293846684886664,0.05351031627121836,0.05509404620358172,0.036696822215008564,0.020021523782938706,0.06459359883515933,0.016463235428688744,0.06539743625709075,0.03040948509461456,0.02504434050949096,0.008171030790322721,0.02931864121837002,0.04138150028882688,0.02069625537291149,0.028199554425075313,0.0397462558435317,0.047146561318673785,0.020928374245741913,0.009330080436815562,0.06423726135480462,0.06282898185024131,0.054396702751272966,0.05776039995308697,0.061979574511121724,0.027261237003041228,0.02850025862703598,0.03077591126101259,0.04714238728848108,0.04672137508563248,0.06010677591948578,0.02503507595629909,0.030932877950994548,0.03354361700917873,0.04633107221044901,0.02410797731027814,0.010530488329138539,0.03565159005532032,0.023617931903937874,0.04067671352564647,0.033659523913962805,0.01314245948447443,0.02101757920141254,0.03656261322416271,0.032022852106246766,0.008915395220138464,0.038670282858426275,0.044142818570938394,0.05468225302992714,0.02742874356225107,0.03870770503427446,0.012740580519891059,0.026713112962845155,0.026368618546456637,0.049314115877685735,0.008496825232182318,0.03735821731779072,0.04501841342039267,0.03166393856843392,0.03832948819090689,0.02444106529259703,0.030239506162929714,0.040864150623224446,0.0032866956504629913,0.014845972103297847,0.020954962829865347,0.009935697093143393,0.019579906471449884,0.03349590832102595,0.0166461366018465,0.010425975726628003,0.03103498124778756,0.015685351196484763,0.02505630638444925,0.02306718530599959,0.04448695604919279,0.04319641568548391,0.039102655755170704,0.0409712655788734,0.02298617480903722,0.019465443231296595,0.04339855789987366,0.000513850672931258,0.038841126671771274,0.037999708801969866,0.0378236609614054,0.03629273556902168,0.024112131846267336,0.05948771876631228,0.03389623562542197,0.03295484548168501,0.044629117865839514,0.048781970917985196,0.04500256681555527,0.05977036250741591,0.05509843724052378,0.028306744293656916,0.0342706795853545,0.007687530366921791,0.04953454149955175,0.04115211759793094,0.05346329269605128,0.047031497963812764,0.06608447614999101,0.05606529163372514
2277,0.003548237786158468,-0.000246425399089637,-0.0029946706821717957,-0.009713514297513557,0.036520127217103605,0.043014920402021324,0.029115280643710162,0.016523845851426397,0.0065575489139477645,0.026465317816756827,0.040452010283218244,0.027750316170687326,0.045050404846833425,0.13532676779719116,0.04477093226606792,1.0,0.05994054900094975,0.06680256380611109,0.012229540674675,0.045039967350381294,0.017856921754292075,0.006706937543090936,0.021003720574441102,0.044528233062663146,0.04273822437901353,0.02271465071419485,0.0030264272276411285,0.02746293323148841,0.008780369532931737,0.035040129967790164,0.033721847876029575,0.018964322720406077,0.013601290332550387,0.02489839721319355,0.012063727637888454,0.022667421850037648,0.022143114721502502,0.021058629687849544,0.025913484858107447,0.027153919210316135,0.010593387318216711,0.04929461132805313,0.06862877989375213,0.043388885388383897,0.02028041792197401,0.03264564537030588,0.028369126766123916,0.02885079584340971,0.07006396251687948,0.06773509063581767,0.023829516927653723,0.04414577417690746,0.026584170271383132,0.018634810221333523,0.07734577861705676,0.037513275512019724,0.013688434242918027,0.019919573421944448,0.02922615360697619,0.013175883903158476,0.023177452268552477,0.012492079027937392,-0.007702600932363153,0.031878333844477795,0.019862334507305485,0.011874180444061829,-0.0014856255201924132,0.06408440710681987,0.03251729399305434,0.04314050765422394,0.029459583652217805,0.0359372822671091,-0.00916370898900546,0.004714143539930032,0.011368850734579617,0.027168132864659786,-0.001149503556757734,0.03676992369290815,0.027859980669674912,0.028715111854770436,0.030760724406979217,0.07213185396056263,0.038840023945078905,0.01261610082832814,-0.006142698166616031,0.01671969401710344,0.051344159383881496,0.0007673893311893848,0.019268081352455415,0.037044925156951576,0.004081821056247797,0.0027992338177195587,0.01411636713118747,0.013303072710396064,-0.0021758260933400827,0.005780959302902114,0.03518998494261538,0.03280522994554596,0.0233218102531267,0.037830729837314774,0.04684493287552538,0.04461226378353637,0.08205046223946763,-0.0071305673451493665,0.03159447372860581,0.021109433194473528,0.05407555830497991,0.03294969985538422,0.03255524131422167,0.03379677774515928,0.016444062373598637,0.059766520316137134,0.025699450922446188,0.026532089366054733,0.03524271052573932,0.057172699125910297,0.07833594982308428,0.009600031279184096,0.04860564823119115,0.009276427321046148,0.017658233641094506,0.038031468879478635,0.0515490540899181,0.04498089769525207,0.03476605323129999,0.04260845274319739
2278,0.029567248113959686,0.0028495471114161758,0.021138206559936323,0.011244910633885143,0.019531108208083018,0.04692697785908991,0.08746130047252428,0.04922123031046645,0.028876669029013445,0.03637986852982633,0.056308591146252,0.05946926031330534,0.046615891473152885,0.1160872933636605,0.04437035895744,0.05994054900094975,1.0,0.07232984360702176,0.019429293915876354,0.0404517775883225,0.051217856343255624,0.04539683282848253,0.026993117836657393,0.045061476430977486,0.06482313410222079,0.05704240708631263,0.027530421103430878,0.06855604566757212,0.03736716401923254,0.06647225685212946,0.04642826229534784,0.025915286489827476,0.022319240403178488,0.03224634881191129,0.05087117183932969,0.0553860102493963,0.037936737940098726,0.01955235358391399,0.03607207600899889,0.04232724602239889,0.03882282743588235,0.06666043021200121,0.06683950038464073,0.08250716966550808,0.030751201117514372,0.05482168842356231,0.049663900999673626,0.055645419087693423,0.03837770949377619,0.07364966768106876,0.037238065893612976,0.06862720183925004,0.08809984053766436,0.0312650891811576,0.040090313329172934,0.052024006431822964,0.051820448588202395,0.03816724370033095,0.05890800025662631,0.012934094005146628,0.04448167197265717,0.046644957058009126,0.021382586389736783,0.03986821371813745,0.028336223129110223,0.023547364715346908,0.015362409534786691,0.02457127042409145,0.03696705146349325,0.04656926025664134,0.012103385582787804,0.05642843062687514,0.011176005415193861,0.02727789775312323,0.028339395363023896,0.07569671412668773,0.015365494992247654,0.05331700887066174,0.046535544451005974,0.024718344277094743,0.027266374800176983,0.045796325753864726,0.04317101521807582,0.06798812761262439,0.0015010174339803355,0.04535328402208666,0.03298591185257119,0.007712259320481009,0.016322016793198786,0.022654412014223725,0.04338312198197853,0.02496448003841772,0.02196582434013002,0.02393584113683479,0.053307765599821456,0.05632649714828719,0.09060948573383894,0.05223492141642864,0.042141739666182,0.045769047415844144,0.020283558954897078,0.04620238307155636,0.06599967241809257,0.02287778204414975,0.06483917923440481,0.04320132837748651,0.07770715089473082,0.032969307654217836,0.04802161292165881,0.047108177778547686,0.019194085556366154,0.06910525633504544,0.04391531890146065,0.060610870588531277,0.05301001794231656,0.08081155475320727,0.07846738733050748,0.03145647984311143,0.045857660652424005,0.002083535319398381,0.03213097737598097,0.0575902625672919,0.0639389532989611,0.08233146744382458,0.06156485974696243,0.07979045753006588
2280,0.02794827642924265,-0.004050930521625506,-0.0009084812441596993,0.007850725049389141,0.011943368028475449,0.0393938599662571,0.06586350131322595,0.024457409189154095,0.04501071066606645,0.03372817530944971,0.054053259663801805,0.03377073400463206,0.06719489779719566,0.08329751902138406,0.037047298456260425,0.06680256380611109,0.07232984360702176,0.9999999999999998,0.015887094284777203,0.05702704022979153,0.022739810008023477,0.04975624643138434,0.030291832423323162,0.03224145670154382,0.08488476715802358,0.03264278077240455,0.006869958018860421,0.06885679105855687,0.023212982830074003,0.06274003979290962,0.03743622660834271,0.03192237192973942,0.0056976365242495264,0.02609806957688247,0.04332127824582909,0.02474234704948136,0.03443383252844985,0.03643850336512846,0.023161877893685887,0.024013296285820378,0.024016119926949436,0.09285170192641307,0.05786937389371723,0.07139371801817818,0.02490356813037536,0.06429377402876857,0.014417536026269299,0.017963466134985763,0.06026520510959403,0.03846352459423329,0.02909941903028807,0.054022500227833385,0.030678303479904828,0.0319960006058526,0.029327180334893843,0.04196766257188177,0.05121997065504087,0.021285211892732067,0.031791838014463364,0.007049610960011792,0.0372636145137828,0.04005902440045032,0.0021782571661607313,0.05672535127822907,0.02180858511442507,0.025922708677829275,0.024306041008745508,0.02265574398319372,0.04565240380863277,0.056777204597874054,0.01015669479442509,0.049675103298727014,-0.003858689255389391,0.0029058890850235204,0.010920176574070845,0.035126141450404304,-0.0005670801480510322,0.03357462386072216,0.027111297023500708,0.019519482720465223,0.02127896156563149,0.025495388865986925,0.031729109612618045,0.036489611711570086,0.002139282953183265,0.038222596615490774,0.03385303908483521,-0.0021212443079189985,0.02041650525703601,0.03949980587520005,0.04153454477650176,0.01319269630652718,0.06785627703703126,0.013231665496523123,0.035317375340013724,0.05235588880053081,0.04986328674863934,0.0413299133665467,0.02823864507740413,0.03685093322205877,0.01468708567057181,0.022568235372468246,0.07201550479926992,0.003284429183540978,0.030839188598994805,0.03182324844302716,0.038560219652208995,0.033738325701245325,0.04352672431156569,0.05458899155763804,0.008819144790177142,0.05807128260086023,0.04839840227926,0.04416922577393469,0.04908625207762178,0.06864659941507717,0.037723355219890814,0.014871468510001321,0.056776793292565554,-0.005041729023643367,0.01687112832007495,0.047635588250477624,0.04266273884815225,0.052839618310863305,0.04008738312355146,0.0451269876922516
2448,0.01086578316495552,0.00943855401463207,-0.002959965389661376,0.0019776070532272374,0.025912797106182803,0.0068436113555007515,0.02452481400987159,0.022138998123572583,0.009994093359683555,0.03479375963953614,0.010329161865728907,0.011231557908477869,0.010472638479097853,0.02803359941898414,0.007723368098256979,0.012229540674674999,0.019429293915876354,0.015887094284777203,1.0,0.011189084259672093,0.03167638587153714,0.06666001296554701,0.006870822182588635,0.039593023074965594,0.049755957675588165,0.005760715477066323,-0.007049382755061893,0.046624718056620475,0.001086194497789376,0.03911372542529015,0.04368648427089994,0.00829218721010382,0.004522735838005231,0.03266225638733872,0.03194626831638608,0.02812006461793943,0.01760320437533312,0.002321346275112204,0.0198776807327295,0.0016099629446652299,0.03207463409950405,0.007492137840231442,0.012551016996285585,0.010113041330884058,0.012618097775370037,0.018261944200062448,0.058028917352366954,0.015891915386801715,0.022503628851661153,0.021684257267125914,-0.0024398077619022405,0.01040723662776915,0.005632853488043625,0.007011654922443686,-0.000544577023863513,0.0008787975089679604,-0.0019414465593250235,0.0005256517240888003,0.01687992012668638,-0.003907687070969088,0.016505349427393543,0.019862647368348123,0.03293624811760712,0.002792744168310573,0.01180698090855237,0.012031023289869805,-0.00018425377780935894,0.0002109302963367651,0.013502088923893488,0.009806245078496013,0.006761232200823494,0.01383663472204483,-0.0031543072951879907,0.004407811720015681,0.03704425059876276,0.005556912553037787,-0.0023998676414478367,0.017931978649095046,0.028556292017180608,0.001135108608368034,-0.0034809883568070418,-0.002000210614513529,0.005363055620133313,-0.007037709512331594,0.009417729955669479,0.0063251265452836675,0.003981419616395358,0.013737885960335745,0.01181295639192457,-0.00023287118766617313,0.042251200329414575,0.13152494145204205,-0.0011209719132884354,0.0314724719270878,0.023871196147414855,0.02689853781000985,0.014329233265926727,0.016514859117376227,0.00948857301649202,0.021794891318309088,-0.0007701292786458557,0.03502652378236179,0.03157125555716395,0.13859186473927268,0.04542935731441655,0.02529550922903771,0.0152348235865339,0.044858347379380804,0.02954172692362031,0.014485372877509861,-0.002302322542527951,0.02140666700751375,-0.0029450478341521225,0.02269130723366135,0.04320216623114163,0.02990768795232463,0.0430727682640068,0.07646362381032519,0.11569395402403003,0.10536028552172085,0.003586948448329975,0.027867420650966132,0.012330673317642643,0.012232714055902068,0.02026781282584234,0.008326899039625926
2484,0.022946104568780774,0.004662318469200823,0.019933022055514938,0.025623269833760964,0.03034271438226815,0.0511979244335403,0.06334234472713766,0.027903275607725344,0.0610893723130938,0.03338354860168758,0.0747090113645289,0.0672904625609321,0.0615897041002295,0.07859780846662988,0.048682179359698485,0.045039967350381294,0.0404517775883225,0.05702704022979153,0.011189084259672091,0.9999999999999998,0.016396802210194312,0.06516968393340315,0.03715173357142359,0.04583384800258512,0.05357576717511394,0.021578853856575545,0.018383695779491,0.09056110974526994,0.04652258283510878,0.04099583584774683,0.07565547539644829,0.05402988435211993,0.013614744487986654,0.0529058291873924,0.10058828854552682,0.013943377351295125,0.03097972070672041,0.03331016932847316,0.020708053616815113,0.02243669998390053,0.0275948496696223,0.07654931458972743,0.05856940659325666,0.08155492416296961,0.06834113421794243,0.07310702460762919,0.016738137020689128,0.031014085550655747,0.0501926703069423,0.03913400558597523,0.049125313962834476,0.061179433706313034,0.026621031047618995,0.03591107566448889,0.047971146267748455,0.030095289168893948,0.03018521165410806,0.02480898275108126,0.0485316094037283,0.014219225943861288,0.057662122011328754,0.056902242476532,0.010377838522594019,0.030938223103202135,0.03066472905889894,0.025160752880596896,0.0067480046986208115,0.038493923662449234,0.050730043085177014,0.06935557861262039,0.019430130717368727,0.05110683434421039,0.04044581389891288,0.015604211872437176,0.03720223777055793,0.08416158208022395,0.011548499399022982,0.05743862353885769,0.063896807403029,0.04428449288000983,0.02588906816314988,0.046695857467330626,0.049320279105035184,0.05554177344352252,0.01702532054543192,0.03242006654377598,0.02426191195181694,0.04270456782485158,0.02080002633423613,0.04972165716971029,0.02633293452965763,0.014811330478121835,0.02736563370972664,0.021174140257751363,0.06421030271064687,0.04252850943584102,0.055470194866207655,0.05197522031276711,0.04374974194450308,0.060545635348616185,0.01762558154828523,0.020026251972008594,0.0760857324750735,0.004767820546909962,0.03887194401931648,0.03806436105084372,0.049641331666794464,0.04466207534456408,0.056098942032795814,0.05689365608934162,0.02621434199236237,0.054166836032263105,0.03671613695593942,0.058417345175937246,0.07926875315214468,0.05867913554978805,0.07534695278376165,0.020753606800737796,0.054739845874561585,0.018422565109137052,0.022224765135431385,0.026302014152129585,0.05044115930692555,0.054816521388949394,0.0619191370905167,0.05640384614888142
2541,0.00884497900343636,0.005600564684015371,0.01213199632168765,0.0007590680174829144,0.004697498528079945,0.014001178268857052,0.06466098056956601,0.027037173017308357,0.010022553170457586,0.04499748191548505,0.035100875133201564,0.014264729660173687,0.06437660247280841,0.056506150978203024,0.030160666230056532,0.017856921754292075,0.051217856343255624,0.022739810008023473,0.03167638587153714,0.016396802210194312,0.9999999999999998,0.01793933524520911,0.019942697312531604,0.042897097446515736,0.012688317911488929,0.12680599658270325,0.004682804645065688,0.025160215001324968,0.007887477948524539,0.08301418936728085,0.03097271049561419,0.025499079820802472,0.019739365730738794,0.004046941120310418,0.022515511306004217,0.02301647002407736,0.012025949761829226,0.010839242261715601,0.024086656430082367,0.004014683022791397,0.0125658110467488,0.020917050640906727,0.03065843835472065,0.030027946723511462,0.022735042391990833,0.04534156203946586,0.023407569423578356,0.013461025366009453,0.010074677449100698,0.029821654592813527,0.03403321670394821,0.03419671408070453,0.05696813865848395,0.01658995489392675,0.04170678799438406,0.01088055071035282,0.0038941816145227847,0.017954140961318903,0.04685613622416324,0.0038488314298092863,0.016468756934271744,0.017659630247846336,0.012798937446818032,0.03039127248167931,0.01717045852756795,0.012225501893518348,0.02113346971349672,0.031239058913574827,0.019494201103406564,0.04472968682580997,0.03920623882097046,0.014232471860993278,0.008816664060307743,0.009118303292189114,0.023329322351811666,0.02757745566771329,0.003249440744130728,0.03549069082933709,0.03008137475835248,0.044983150442230654,0.007367201929175333,0.016815675647575006,0.023469998568987537,0.045903620972729695,0.014091199607124376,0.010542292666435334,0.019918719302217325,0.016326205264696757,0.01999684685013089,0.016758963024451946,0.0296627298320557,0.024127690471561717,0.02007565164525179,0.01352233304676444,0.01574360509958073,0.023804643034811918,0.019316150120628886,0.02950906804222802,0.01403679530613196,0.01968291012103668,0.01962764668578944,0.008049862918128169,0.019041826384133195,0.015725526676768884,0.06779170376168124,0.03188128003495716,0.03724642853390257,0.03138812846928223,0.04549794673656012,0.028094310373037883,0.07906399286702977,0.005922906787489361,0.02775858806326445,0.044663433070011756,0.02676147184353653,0.037946024856931757,0.045235236774631704,0.013634258187642013,0.026343695680269934,0.008892706082050617,0.10077737519202594,0.02005051838627086,0.02916929969229344,0.045506099888525414,0.034619643541486445,0.059463124405218434
2648,0.017896438628941913,0.00785001265779182,0.008870218746333034,0.009167360659392942,0.02168342901880634,0.057825014703177496,0.06411004611795036,0.04544523977747665,0.07092081485019068,0.04009961280439697,0.038331403553463546,0.040219866887236534,0.07541332219497578,0.09309539464333665,0.04866229511688394,0.006706937543090936,0.04539683282848253,0.04975624643138434,0.06666001296554701,0.06516968393340315,0.01793933524520911,0.9999999999999998,0.038175992681109355,0.047496965890223446,0.07455180999363607,0.020048732844942033,0.010949175537268267,0.1559206932519501,0.008593253523756507,0.04675760197021905,0.04324817904255209,0.02562210789826226,0.0024581683625858807,0.02327138131850611,0.058771196133034866,0.028365474240313545,0.05067273018184807,0.019143001306873894,0.03979592156205011,0.01631032977597669,0.0331438044510807,0.07594555880554048,0.03830754495500467,0.08921127875022261,0.05117949487827459,0.04641994252571269,0.028115994345039575,0.007848445318465787,0.11622120100694426,0.03257058076156393,0.032116893490455066,0.07695615335748106,0.016045348521010864,0.031962234907670285,0.010825246787126125,0.04233638574914242,0.02973383057306613,0.027768351410637986,0.028334332354121913,0.008999139612747545,0.03815940618235883,0.03723447265420357,-0.004387311611695238,0.026872234756015537,0.032314888648725275,0.033886704953983014,0.013779683602222502,0.019697416562738067,0.04783309189590135,0.03686763880072919,0.009744707100330693,0.024262628230657952,-0.0019870570467465406,0.017182033162130083,0.015433356521626973,0.04847970674624517,0.004071649254482934,0.036245255125874745,0.0489719091847808,0.04425672863166342,0.015474887282991805,0.01789503428760957,0.05088733869176954,0.028004748893387145,0.0033108509165219514,0.02682840070077002,0.05028473004747956,0.006157112816059418,0.00890245522828965,0.03622990887949207,0.029512955935892617,0.05289257872702587,0.02495113362865368,0.025446890822307715,0.035441788857533366,0.04882540763064347,0.05309300257389552,0.058648502067169934,0.039976374508721296,0.05065028312933625,0.009382716521062826,0.020713574483275682,0.06811453729907918,0.03255053465224462,0.038181434825653594,0.05176259109776346,0.045390543301389086,0.037155906806393274,0.05429006797016391,0.0495231206027301,0.005358215716909144,0.04111960656285785,0.039273017195389136,0.0584551791739152,0.13269056547423982,0.07092812538796109,0.06854814742864733,0.03915718917713399,0.12598071977350472,0.04296149127368092,0.029154173689860553,0.03733402041821407,0.05685777050223169,0.06964323688416638,0.06883629886569101,0.037003179923376164
2678,0.006968061054088708,0.036882724844109635,-0.0013527257209095622,0.0186642952514156,0.010519846274770428,0.05909851717994588,0.043580922135812855,0.028996568849124292,0.009143896002479437,0.03997674421635533,0.0700971961546164,0.04128792896608652,0.054856910007381764,0.07606970532484163,0.05293846684886664,0.021003720574441102,0.026993117836657397,0.030291832423323162,0.006870822182588634,0.03715173357142359,0.019942697312531604,0.03817599268110935,0.9999999999999998,0.06913764042922116,0.04798511588075831,0.031184759552714787,0.029944296838600823,0.04344368031453106,0.003371421880669161,0.041714921918455314,0.028074393010406436,0.04019408228702135,0.00748961125452362,0.019556857033666494,0.02157105292063182,0.011548619023485493,0.015783572117197275,0.01326192866114344,0.020838369030031594,0.036578753706285085,0.021180845637471257,0.04720312273142229,0.05642788540997952,0.059316996220692246,0.06741901584391899,0.02551555369868648,0.016497242492592164,0.04990437135933538,0.023452014021377126,0.03137874341399388,0.17715758368813514,0.05993741420007067,0.01762178747336133,0.04051037462089638,0.025544656275474413,0.014959762591626583,0.01922354043412598,0.01921916560708176,0.011263436084246304,0.02678614213931773,0.035847353299970026,0.025407117830920874,0.012170439068035901,0.01776668899614557,0.06335651992571138,0.024197298201131725,0.011901611153793751,0.020419409201569736,0.045334787893350895,0.04635552499239151,0.02518593310276309,0.023864938904223122,0.0030137074252002006,0.020176244261462754,0.04331051042030677,0.04014797853808439,0.010849950797901438,0.05543869131478811,0.039550590362725124,0.014408195071515618,0.0672278924906616,0.0209118502094994,0.01651977025748227,0.04929602778084031,0.025251987038766865,0.018703093517755284,0.002246901159146257,0.009974738600747136,0.02453099582451063,0.0159362919813768,0.01347748742601205,0.007656207229366591,0.03468857195189754,0.016514701742141,0.016069182177412978,0.020742228581550757,0.03734868976203111,0.02801753522666798,0.035554452760333075,0.044415606797826225,0.04832574784815629,0.029853133079505764,0.0455641527226038,0.0014217419501312493,0.05807689719371787,0.03077114357274589,0.04854285168287647,0.01518175664491875,0.03426913673922783,0.04923082791594167,0.08584185071680735,0.027237047744201524,0.027018540568384368,0.05538558478940948,0.023485426028607533,0.044709435634617635,0.08542719413697296,0.02578900239295403,0.04374890401559655,0.026835745541606865,0.06505384599003607,0.024312207255153068,0.03929875836645352,0.03297492623780827,0.05901716116068289,0.06228581801687134
2738,0.014226898938031293,0.037914007122985,0.0029881215164243966,0.007805421015687222,0.011501254024213248,0.04776410741643209,0.049602128450756976,0.024238602521131417,0.022036437661587315,0.04484776991295652,0.0683890601043964,0.03954948581746764,0.07243003389672098,0.08311775237824652,0.05351031627121837,0.04452823306266314,0.045061476430977486,0.03224145670154382,0.039593023074965594,0.04583384800258512,0.042897097446515736,0.04749696589022345,0.06913764042922116,1.0,0.06338005070428065,0.0881179334994972,0.014693488872143645,0.07564452683145348,0.020055698614782298,0.05942387041769597,0.03964036088150998,0.026570290807413983,0.005116162912833941,0.03637810761635354,0.032044424228556384,0.024547819643344678,0.029106445849561294,0.029302475250457188,0.017840437133052122,0.036337506918813274,0.019315789040598188,0.048236499741908016,0.07192943148226483,0.05418635565051873,0.030215205506999927,0.07362304811883269,0.03742845148429549,0.013054954550198996,0.01674914680384832,0.01762456522406711,0.062010587673588455,0.05942618987195863,0.03225902099839214,0.02202666837466718,0.050682889516326546,0.05703457808446146,0.018048424011512708,0.03163637412451684,0.05248489574058025,0.03724822109506947,0.051936607561766726,0.05179534904841374,0.015817140685564918,0.013079060976846428,0.04127934519407597,0.04238507250725514,0.02651467305779857,0.039652914946926604,0.05798620772340759,0.05407754340746819,0.03607287708078693,0.04312582670855899,0.02017054135550995,0.02558604408892892,0.07885011516839377,0.06813894643247952,0.018847386041675625,0.11493132350066367,0.05812006227534124,0.01861648527464476,0.0369860755364801,0.03525370377081325,0.025200656622946807,0.04157564704043159,0.015263955287037202,0.03191711324314439,0.017103489412346212,0.03263925986795582,0.07445941687616311,0.019537719845683182,0.015627194905836556,0.024316255053102385,0.02692059512857663,0.01707188506530888,0.03890773747038942,0.028940688188419855,0.04488856724003232,0.04887033378076698,0.03573833946638626,0.06204558006619312,0.04082101613281503,0.022211186803087195,0.03438753108965655,0.016849921965250727,0.05291769530169464,0.050818147657642025,0.03774809013147375,0.019597748762599815,0.03963804195709319,0.0609680779347421,0.10039401185051441,0.039847817454866465,0.034841456233008536,0.07059085473200706,0.029530376133892745,0.056314442383063275,0.06247176554666113,0.04895771812857671,0.07542288868486646,0.03372966325838313,0.08409823178104363,0.034985216443336166,0.05823554647752141,0.06317305057983529,0.05015658774362172,0.06936584426311412
2757,0.051369969782192625,0.014931148245984691,0.01299536016751709,0.031871079585333285,0.03594779984547397,0.06856015224268214,0.06465763867769653,0.039633234354950565,0.04333218722687501,0.05364925855236613,0.055861347310552846,0.0606679732428203,0.07517815340373582,0.10420775772568386,0.055094046203581715,0.04273822437901352,0.06482313410222079,0.08488476715802358,0.049755957675588165,0.05357576717511394,0.012688317911488929,0.07455180999363609,0.0479851158807583,0.06338005070428065,1.0,0.028952686095690065,0.014676361868228568,0.10144954615998486,0.04025491719894233,0.06764093596347068,0.08237010683783368,0.04650222207460339,0.01766827767788012,0.04056269891756976,0.06151884220167154,0.03464709097775736,0.05409751789436155,0.022377016591091547,0.03626144244393698,0.03684115889897565,0.04654721638023531,0.07745922883476869,0.07228741196542517,0.09191743468305462,0.03324332386539829,0.06836037403822369,0.06552230180863612,0.022104464719533742,0.03059240974467639,0.0510016395080727,0.044059829863470026,0.0758364193962887,0.03699707397263319,0.04024708022019829,0.052623087948053836,0.036903922050665644,0.049916055034771506,0.046867168860759874,0.0574363659750297,0.016378007188354252,0.03733834145196743,0.03575995787010792,0.02232308601590013,0.015986220635401484,0.044855766838976414,0.041211789831472695,0.017809233550692243,0.015120549933033717,0.0580327060395829,0.06523133867370667,-0.00016541877663908458,0.051222038776301194,0.003447171651798273,0.024576467861235626,0.0439347351396919,0.07184332791831094,0.0207221352925997,0.07492005988903824,0.06612067991511796,0.02637335914975616,0.0369253253656598,0.026552135166907197,0.02859655070367863,0.038678553529158985,0.004033878866567608,0.08201916362838482,0.016347539358719597,0.010797867525594331,0.031712125510496396,0.030261813176001923,0.03746963125270786,0.039009846082058465,0.046879931727647726,0.02960576667391329,0.05977848127198608,0.08492247437618551,0.08649866019555857,0.058035928531903626,0.041668105936297155,0.05990635889818431,0.040083731317735606,0.07027520167955892,0.06501560023119582,0.04255440478261216,0.05983947677986471,0.06200392238402722,0.06681408604069818,0.03874281575886199,0.052680047113556124,0.06755865608100427,0.02054904828883632,0.09771379029288303,0.04030110147423195,0.056863517788304285,0.05298420863264904,0.08793385073034102,0.07198886849020451,0.042856060508677074,0.08606936615319352,0.029057662610164615,0.01702602621683751,0.06311014604116655,0.03808968545690847,0.06893400120813924,0.06327996128988053,0.0582659614870631
2778,0.027122854470099385,0.002709897636272366,0.0415169912418543,0.00155638371828514,0.020577842355035063,0.01616552671323887,0.0613874941337501,0.016683701466464508,0.011915597464965991,0.023276526651398777,0.03920896638911241,0.026195650216084408,0.060584272278870664,0.06470046081723038,0.036696822215008564,0.022714650714194852,0.05704240708631263,0.03264278077240455,0.005760715477066323,0.02157885385657555,0.12680599658270325,0.020048732844942033,0.031184759552714787,0.0881179334994972,0.028952686095690065,1.0,0.014227213593666528,0.030691743604631876,0.009234941004170228,0.06819746610282182,0.027164775725120296,0.03979467278905245,0.022264631272645802,0.005960106326873968,0.01788806935157651,0.013092270561541908,0.0166794662037239,0.013224491530630073,0.01624530069504599,0.02279393559450384,0.01763718131164245,0.030583106715438863,0.03530319607006818,0.0445948167090838,0.03153234939151829,0.03694155685224891,0.005115718584886641,0.01607216881168603,0.013224305482236605,0.03977157908976431,0.040677293431733506,0.0328798346629439,0.05214078415519207,0.013722874837294383,0.037015768522499666,0.010081995541731347,0.011243397560065083,0.030335687500123432,0.04386846131108496,0.02412562494572986,0.028064084140287864,0.015528466172036784,-0.00040335982238585706,0.02023481582680776,0.02023312581587042,0.012961093904818356,0.014575373086144774,0.03721919625625686,0.033213054978299066,0.042866664881953,0.06373135572695013,0.013111819635522244,0.014493967339675874,0.004242734879387723,0.0242747207519573,0.027459321571737694,0.009571344526672217,0.04550158314808609,0.03244406470765973,0.04951778031752071,0.013573871935386091,0.025166318538399256,0.029889761364319062,0.038229814850178734,0.008590676507695153,0.00971111046676877,0.022478833881155423,0.01374070225425179,0.025059835173147655,0.014487903491416985,0.004922827825242871,0.01764172506544413,0.019352232601680897,0.009551613432724556,0.017725065023976277,0.014514632830962005,0.031756651176846125,0.02889686580057879,0.028621781993369583,0.025849364228534823,0.034474777228291426,0.013739854704538168,0.027553221639970284,-0.000632198170189563,0.0752642387275416,0.030746776802187584,0.0425638958783584,0.046539203004120046,0.0806874820327516,0.0280131152634858,0.11445874439558215,0.02038767145882732,0.05271147914148358,0.06776596032109213,0.03426534466499377,0.043651839219419036,0.06066406922202766,0.019595996641586084,0.05289912315434766,0.0017542087819638096,0.09534489662359431,0.02931963964189483,0.038045252941153705,0.03688507390685883,0.03538364785338597,0.08823004895165598
2842,0.015033970452977366,0.02812513093149247,0.018354050061844727,0.00135298800882903,0.004269724366324235,0.011436891886285383,0.001012617020777,0.020845259748780647,0.002664004228950783,0.04870106865683527,0.03440930470986236,0.009523736150912999,0.0030648699078863265,0.039665590374902304,0.020021523782938706,0.0030264272276411285,0.027530421103430878,0.006869958018860422,-0.007049382755061893,0.018383695779491,0.004682804645065689,0.010949175537268267,0.029944296838600826,0.014693488872143643,0.014676361868228568,0.014227213593666528,1.0,0.027134984070252104,0.014867761063130931,0.050176849350784536,0.014598015777774817,0.03419057410942359,0.006648406665767797,0.009046215773598005,0.03051426150336304,0.004838661591308537,0.023963923888729925,0.017408365874688813,0.013048673729125234,0.018964211313769144,0.019550971203580337,0.015600706460887464,0.023108158068931083,0.021077002308418455,0.027011564019187095,0.015015273276405604,0.007279970972177542,0.01890822204042076,0.002585629794117559,0.012751982613612595,0.03493421307137531,0.019986355906371586,0.02357427163102142,0.025742171930652973,0.0058994931122214956,0.007657031386840292,0.0056277843167997455,0.026483218721690686,0.01180106682744577,0.029670866640257063,-8.523467264980908e-05,0.010546292683030851,0.056075226251137894,-0.001647602307608068,0.038606113512448643,0.007604150843508721,0.029903753463869774,0.00778423615274294,0.013626089837110113,0.01662006015682035,-0.00902386734892876,0.006658863644847101,0.03427436054277891,0.03837587860024688,0.029881399668623496,0.022638383444718378,0.009791806506265299,0.02163231094850335,0.020643180079079084,0.014326972937295719,0.01147442299131363,0.012832233460330056,0.0008245383367894469,0.050194308113622195,0.06891714674016028,0.011423915801363935,0.00458041816853695,0.005775461903516659,0.006396984977918073,0.0037939020246153233,0.004545222470265396,0.027894417459929995,0.00758165699571201,0.006970419933121868,0.042121751550483644,0.02215228449465153,0.019733436182115892,0.023229186506535843,0.007174076298770018,0.027112091758731992,0.019283121547685245,0.008912498396993278,0.01152331358335963,0.03485365027735189,0.016067801935601464,0.041003396888461226,0.009949649448817047,-0.0029895513009065384,0.0030078151862361433,0.021835531909040647,0.06471142758925269,0.007711558564616403,0.020440340564006808,0.034103028359780505,-0.004260073483453148,0.003749609653850018,0.028937247369832858,0.03043033447494076,0.01742551218712876,0.042416226516272935,0.023714714765026988,0.00613681852939478,0.022723807279315295,0.028636231173700098,0.025165125046272142,0.011296080552003054
2859,0.06952603267435818,0.036197523338514816,0.01501859241749511,0.030867961156376935,0.04148091041593382,0.05666069129250761,0.08495651652436428,0.034927251218461644,0.05444928688626562,0.07968225247433056,0.0716673996524849,0.05996785187799598,0.09222348460322134,0.14063010750359797,0.06459359883515933,0.02746293323148841,0.06855604566757212,0.06885679105855687,0.04662471805662047,0.09056110974526994,0.025160215001324964,0.1559206932519501,0.04344368031453105,0.07564452683145349,0.10144954615998486,0.030691743604631873,0.027134984070252107,1.0,0.04654346237024359,0.08852567036728122,0.08969305600753481,0.041072948171786236,0.007138897644668751,0.06688427006590497,0.08271567462611099,0.058036236746489424,0.05013900253373451,0.05666226611442836,0.06287561803088906,0.04245614716339876,0.06272471505553501,0.16709409761514804,0.07777979238590245,0.08713303402150627,0.04176876374436957,0.1019019740254141,0.0528128954110723,0.041190551652639434,0.053663195311559345,0.04218412538985905,0.03491568513985897,0.09956511124186133,0.043905347710174555,0.04241231994517978,0.04992914344303734,0.0542773680947783,0.04656287751890786,0.028523027848309974,0.10638507238346567,0.031992706647284846,0.0684857987626232,0.06560277915035237,0.021564595770556517,0.036473477556910834,0.07721017258206565,0.053670109851872067,0.01754836556176391,0.04730527288240079,0.08271041920910797,0.07648053531566326,0.01838566819930417,0.06742963368023044,0.009049605699370175,0.034351750140810516,0.055834385398543865,0.08127102111528894,0.018627709456823332,0.08660959651629423,0.080628364685524,0.024809719729498008,0.032820458844049924,0.0450492708327377,0.039832790501164894,0.06465748833870284,0.011087274291802696,0.05232879904131809,0.04541183521769367,0.015546088321943648,0.04983562653689043,0.03822535853359696,0.03478926174970298,0.057166507995636856,0.04548251150135965,0.044471299817444826,0.04591622161350019,0.0692548976145753,0.07613448789352216,0.06502725149749279,0.049745119212010865,0.05284374269790239,0.03545554547558588,0.04252625282125218,0.09240053828858864,0.046210094144497324,0.0660651300554119,0.06376538125923914,0.07354189597819706,0.06114607047660321,0.049437297752838796,0.07339362997792545,0.02205133164432617,0.06464475213627766,0.05452186533221697,0.06730228765140037,0.08466516888632306,0.09167293419339853,0.07698710126038932,0.06051440223151272,0.09709292182875587,0.02815518184727548,0.04084743741070393,0.06245613268501244,0.07354283399608734,0.08945543628371962,0.06882021478171711,0.052311594610221925
2860,0.05998137790056343,0.0024332874705502395,0.044426125821864206,0.034456011169280466,0.024224560628737703,0.04289964737207548,0.021483758890820878,0.018837230699505346,0.02482556258782735,0.03029672551895207,0.04642635342950146,0.02226530012176396,0.02276375761482334,0.03972186912009169,0.016463235428688744,0.008780369532931737,0.03736716401923254,0.023212982830074003,0.001086194497789376,0.04652258283510879,0.007887477948524539,0.008593253523756506,0.0033714218806691616,0.020055698614782298,0.04025491719894233,0.009234941004170227,0.014867761063130931,0.0465434623702436,0.9999999999999998,0.031989905260002845,0.042190113256955666,0.029297887245353104,0.004096336473906417,0.012170708008771831,0.06265473479290459,0.018484743873045634,0.019914202719364397,0.010643555670753044,0.029691334868348847,0.013486392062836782,0.026207284318683303,0.05038884031704352,0.04241305384576819,0.043333527580493456,0.02025298649550457,0.037579757262657734,0.002356562185949286,0.004538412365415462,0.018405197780335364,0.018643440357139017,0.0062018510294152476,0.040661868738542856,0.004453124510158087,0.0049607238455727145,0.08600897122795076,0.014002212578338872,0.03197279090593741,0.01198194491003876,0.027765744184459023,0.004743007054269049,0.02108225827203105,0.03569423782033974,0.05099039531015808,0.018557087723009225,0.036615366911048185,0.01656375671867945,0.0025626323166965726,0.009609580147907396,0.011863424098772042,0.04074099358574106,0.005074229856083962,0.038384618059982716,-0.001768252367196121,0.008170918045936254,0.018831999046523624,0.04438069886032694,-0.0017426433648938884,0.023081498637817017,0.03274075477050054,0.023166537205427006,0.0075495936305403945,0.04154641196882168,0.02798040132751456,0.03680804086821706,-0.0022082656409049173,0.03271467376215315,0.012440911228067092,-0.0045360729450026,0.019841976785202487,0.01212237046170433,0.013169652853692876,0.018054236374254528,0.06539752229597756,0.005299291845355827,0.05212205685675111,0.031146735782137305,0.05154804864276059,0.03609554424694643,0.02275473498189773,0.024100501838154802,0.011047326202571707,0.021255835411516523,0.03057041203004311,0.0018867494774002956,0.017294336429038895,0.021198345432336698,0.03562215880261309,0.016182983307903232,0.0241015101420123,0.0242995948562601,-0.0014573781645669773,0.05009756858431811,0.033341117151725164,0.032087170303028364,0.028999851493043273,0.03246024886400059,0.0528797126098945,0.011863181043688057,0.02081110580770531,-5.495692282479057e-05,0.007510366340145132,0.03784673578742752,0.03443140603502763,0.03372081204939589,0.033444449277285467,0.027896802653237095
2976,0.04678793642191879,0.011834390110677384,0.030936010314054272,0.03240578176830429,0.03585121133573691,0.05496313241576158,0.09075565518804957,0.050489869131177804,0.00575745376164196,0.0677792830694508,0.0837809677778242,0.04382252498550905,0.09876023989262828,0.1296044870768655,0.06539743625709075,0.035040129967790164,0.06647225685212946,0.06274003979290962,0.03911372542529015,0.04099583584774683,0.08301418936728085,0.04675760197021905,0.041714921918455314,0.05942387041769597,0.06764093596347066,0.06819746610282182,0.05017684935078453,0.08852567036728122,0.031989905260002845,0.9999999999999998,0.0896675272389805,0.05910974267860038,0.013664014924241545,0.04557724218467358,0.0682782129367696,0.05461929486466663,0.0468671608765079,0.04725948962110775,0.04240007090935048,0.04843994720292341,0.054655988265319685,0.0804392344387566,0.07274991599954496,0.06185134028291672,0.048050630986863414,0.09106400100461974,0.062031740357664636,0.021392949349912968,0.04007400997800239,0.07585113892276354,0.03663303780578437,0.0731310544749899,0.06016864327931404,0.06906037139290107,0.05106770479754763,0.05359316683808046,0.03470772183126869,0.04428730765870439,0.08557841661525144,0.03850087286000032,0.03802524041868673,0.05844607829541737,0.03191888373032869,0.034377595801978786,0.05937191429536334,0.05926269839664669,0.03749627347102168,0.05075586784465922,0.07080945004766687,0.09137853162399505,0.015603458687452661,0.07335648739972805,0.04094857249304605,0.03120006596688151,0.06316658247113283,0.06259628711565986,0.014073862192201192,0.062224290680242704,0.0583244058016563,0.03558240042546516,0.036257560557671084,0.05159016823745634,0.040098742247510866,0.06456157345961105,0.03671719484603287,0.04045969549930076,0.030818470589989398,0.029762352287274633,0.044186207527417753,0.019490526252898488,0.051335731553033906,0.04471614364921331,0.03356545733407771,0.04313153316466478,0.059824754243435176,0.05197938413815561,0.05994018813721724,0.06641413769693978,0.05192608512451171,0.07159101564131182,0.03924452251377954,0.05953467688684466,0.06844377936140089,0.029282325294796217,0.06848279205418342,0.07068599435436039,0.06234343535050478,0.040802383230927934,0.045417785198510384,0.06977342697755827,0.06461630508600248,0.06838176570179852,0.06075456712985902,0.08710865726321003,0.037451179518500695,0.0762721621871427,0.0765618786237539,0.048664235914549894,0.06280101938898357,0.02118438964018792,0.07060112995848858,0.04268442397256168,0.066981592288933,0.07122128162829307,0.06144297616349574,0.07048120574621423
5404,0.03405940075186579,0.019876332685570267,0.017168301504413525,0.01351540789191158,0.02713840809299754,0.04849755405652052,0.04624494081185318,0.045632963554005,0.012305030461419588,0.0597003589648629,0.06041035398705551,0.028473171390887078,0.05508459835260122,0.08110333006784812,0.03040948509461456,0.033721847876029575,0.04642826229534784,0.03743622660834271,0.04368648427089994,0.07565547539644829,0.03097271049561419,0.04324817904255209,0.028074393010406436,0.03964036088150998,0.08237010683783369,0.027164775725120296,0.014598015777774817,0.08969305600753481,0.04219011325695566,0.08966752723898051,0.9999999999999998,0.052023475271313034,0.02290050451420036,0.04690505731882323,0.035675318348049066,0.05841671543205151,0.04126293567096606,0.04444434693786202,0.03089176642108751,0.03543851992737877,0.05854401475612794,0.08366464758225654,0.06456091385388732,0.04334682609530774,0.039297975186390444,0.07545231055664076,0.05702817974585904,0.03491260449730168,0.023836943111745543,0.0565526747271072,0.03380939570630611,0.05923820739960825,0.038686498213784,0.045939228870777934,0.03625616836172298,0.043157918418872634,0.04983808558103957,0.06912955884695933,0.05377355502851237,0.02608551330060815,0.04674045550716464,0.04423176226028029,0.02565693035219896,0.012630591571512117,0.03563150305904977,0.046652891785267894,0.019555153712127668,0.024352532127888727,0.077332684113387,0.06806175594508726,0.011031561927987071,0.049104618029059015,0.026948378313802382,0.038198741639966026,0.04911094056469038,0.0496666530072178,0.012323036367742986,0.05669571818483124,0.04191802119805286,0.009834514995916305,0.03158611977691457,0.02419583266502941,0.008595052002254869,0.025584513850349492,0.0030563807075473137,0.1210811862318877,0.02078564835202421,0.037198466616944204,0.04126170369134248,0.03563977756110466,0.036082892875759436,0.02925612879391647,0.038720619485150966,0.021580231235703434,0.06084043746250119,0.07153586628483266,0.07575995438432497,0.04061840765422934,0.023679925417136937,0.0424645779001098,0.03426652756701988,0.053576737267535375,0.050091404557885605,0.0404232610715217,0.06091978562321917,0.025920537862716888,0.04292231738468883,0.03296618966481326,0.03002147931961818,0.06362158823519008,0.03182005154347713,0.054796518175671306,0.05392199238428584,0.05147894349273929,0.033459381842564605,0.06136680001008975,0.06586526679320409,0.03841767376423718,0.05720968895186356,0.031662735273982584,0.0332300894858991,0.046815064552183545,0.05146832661553865,0.055091781839373306,0.041258967933568036,0.03150285931619245
5432,0.02780562441124924,0.010707448478666308,0.047728344470099035,0.004074202219743452,0.013502623388705894,0.05008304702274534,0.04834659852257423,0.026081402387523683,0.01943037668797303,0.047262365055700535,0.058962622423049726,0.03699445764929513,0.0662657469371808,0.06755875175241813,0.02504434050949096,0.018964322720406077,0.02591528648982748,0.03192237192973942,0.00829218721010382,0.05402988435211993,0.02549907982080247,0.02562210789826226,0.04019408228702135,0.02657029080741398,0.04650222207460339,0.03979467278905245,0.0341905741094236,0.04107294817178623,0.029297887245353104,0.05910974267860038,0.052023475271313034,1.0,0.029178492524478936,0.04695333042043147,0.04394798353715281,0.030536893813947235,0.04515780254687163,0.026993477006016314,0.0174311573553429,0.02830017365279841,0.05020346351614404,0.06496824143552687,0.05934687052511279,0.0558802207875139,0.020514623248713268,0.05481990398365837,0.05551837258601816,0.018753758954246216,0.02703841385324812,0.032701923032285585,0.040009057315449306,0.048590855962892324,0.03825777216305755,0.041411358327013564,0.054845241286790095,0.02245386628844077,0.033409514746356825,0.027759977276460724,0.030384025499945434,0.02767572586503971,0.04082031035907323,0.07234742737442292,0.03423039466114516,0.042830394104211134,0.0638881420724305,0.03366557998666476,0.030712318179786372,0.025923335504630007,0.05750801593108627,0.05544161802791791,0.0003677662150626371,0.041564980252186585,0.009837071914352518,0.02503137121756113,0.052674964533933666,0.07241311207904302,0.027631964978112,0.07252282449601287,0.05739036908191051,0.041673220642834824,0.03000966273424001,0.024709946248732916,0.04352176004084571,0.08452311334891639,0.040033043308271156,0.04002445024370915,0.02533736838327111,0.031623067541747735,0.021186178999061854,0.020222286767657565,0.030406798977950945,0.03855156651431896,0.052502264388070485,0.03712023978983738,0.06416275419242946,0.03734383552789562,0.05141872692489512,0.06516244986078742,0.022562279626508263,0.051244553714770484,0.04392602642446145,0.02209136307019123,0.06365336749752579,0.01681923817189153,0.06965639291047614,0.05027438816871607,0.05797044421018379,0.03432559481374093,0.03079939058139795,0.06051531977948658,0.054137689793236715,0.05440538239632779,0.030351904975730766,0.055156119086687085,0.035244705851389745,0.0678641870488052,0.06580660027384573,0.03284149777454023,0.04445541017599216,0.029540432224576446,0.028769752836150356,0.03476845570316122,0.024870411306733987,0.047667351154973926,0.04366472588806576,0.05792579102949858
5435,0.030343131742835427,0.016647097370284848,0.05326130562200038,0.010008903975084372,0.012610987281579717,0.01035943231122159,0.037192306561003245,0.02117618792930109,0.009083218241237746,0.01701044816069349,0.013002793510060421,0.01602343278382287,0.00831462615778383,0.027585071662684195,0.008171030790322721,0.013601290332550387,0.022319240403178488,0.0056976365242495264,0.004522735838005231,0.013614744487986654,0.01973936573073879,0.002458168362585881,0.00748961125452362,0.005116162912833942,0.01766827767788012,0.022264631272645802,0.006648406665767798,0.00713889764466875,0.004096336473906417,0.013664014924241545,0.02290050451420036,0.029178492524478936,0.9999999999999998,0.016722165344750826,0.016356446817725946,0.06129084675701245,0.016022311753775546,0.012029746151016612,0.007259333124421403,0.01851363555331681,0.008172677819371818,0.019388108747034036,0.03580352417085168,0.016567456654177085,0.026603217615095015,0.00977507771921859,0.01818502709703115,0.008209954621450617,0.020998257267287417,0.03020810032317182,0.02578857305104543,0.023773163200515594,0.03478299428043957,0.014406203167818151,0.013824439761964867,0.005599543396967454,0.02193709261714178,0.013929248073676534,0.04324384303890715,0.010093490515580592,0.006871509208605026,0.03602123168230549,0.007738876397534121,0.002045877464871667,0.016565892196380612,0.02362799466844061,0.0034033653961618414,0.009289786860175472,0.026126067599612373,0.0394448889088223,-0.0035717752044442204,0.017644756087466504,-0.0014846370961014816,-0.0006719892503130092,0.022447222620387293,0.040357450734176466,0.0049823827679726495,0.04072846369591154,0.027050835237953264,0.03367606773579346,0.040147673906558205,0.0077614359867902395,0.030090665819481992,0.046245258824470184,0.003984893997769271,0.01238256286382933,0.012519957306229691,0.01708265966243397,0.02471717791811428,0.013253107175827257,0.011280621816471366,0.01817227226386139,0.001844532272751395,0.031145520646686947,0.04043154335975545,0.017724433136998115,0.04707753161372662,0.027028209170888565,0.00924842285703288,0.03630044163456457,0.0054936488564674615,0.04698750610102684,0.019218879424862972,0.017187781412086663,0.03447424140842315,0.026910787407885224,0.017971421021344133,0.010953033347837919,0.03711331262875921,0.03177888878934166,0.02122862414677471,0.021218550200304952,0.0011011621385046818,0.0419794618652829,0.01884167630969153,0.035243743870841705,0.05391929617412279,0.014946642965281441,0.023545250570731913,0.005683536204954192,-0.004079901788823314,0.015719838459439597,0.013693413484406558,0.03623040498829233,0.021230052293211794,0.03496230081576995
5436,0.010919853957256222,0.0037630364956447613,0.015709296038256947,0.01720116318374681,0.02138191914292307,0.06108246741261282,0.08747225543566155,0.022102476247796158,0.014186613597549415,0.0290668451194332,0.041607663029000756,0.03369914393032296,0.04846677384194298,0.04922739494247905,0.029318641218370023,0.02489839721319355,0.03224634881191129,0.026098069576882474,0.03266225638733872,0.0529058291873924,0.004046941120310418,0.02327138131850611,0.01955685703366649,0.03637810761635354,0.04056269891756976,0.005960106326873968,0.009046215773598005,0.06688427006590496,0.012170708008771831,0.045577242184673586,0.04690505731882324,0.04695333042043146,0.016722165344750826,0.9999999999999998,0.11591277132511264,0.03933127724813591,0.019884548255465328,0.027246577589200273,0.06402171266647332,0.04902310879300921,0.034781168208927606,0.07432877697353035,0.05054476409522189,0.05088441627967508,0.05714981656650132,0.06453432539393651,0.02563230014159745,0.03413776384374128,0.017359260117827485,0.03248957130895073,0.020692806569514763,0.05239746493811705,0.017188375525309836,0.04626389313724627,0.03903278122793992,0.03756732895902331,0.030124136657090735,0.053325585625662704,0.08564069981702388,0.007422731766584993,0.0499199736807835,0.033709502137261406,0.04637614285650925,-0.006215320161328036,0.020785032097722287,0.02092886114978896,0.00958169864082833,0.01144377920821158,0.03355958670816781,0.050411411911324575,0.005127810102153331,0.03754889244382423,-0.0028757883530863408,0.018015499305727954,0.03176640496500189,0.09174192223337471,0.0022844699742005908,0.041529820923993176,0.05102323295861351,0.009999678993569034,0.01949039167906168,0.017909996491945804,0.02504821363853428,0.05707525601068143,0.008008636493825667,0.014054207525957535,-0.0002440727831662709,0.012634816493815695,0.044635793379461705,0.006411409042000366,0.016141555944039678,0.01274165215738941,0.007733209874792693,0.014647631349157803,0.04675259583429677,0.03700699243618918,0.03334773685282705,0.036591121598216134,0.03261973246266911,0.021658865355498533,0.01287700515252265,0.027776071464582778,0.04310529955737767,0.011316431239153879,0.021621366528234067,0.03540137940908039,0.028589889367053305,0.046988473942889956,0.018236504900402156,0.034348355710554335,0.016138115003985647,0.04471790685965322,0.01065797501573867,0.03536342827366609,0.0530087439244705,0.04576783075824305,0.04627347532653718,0.01335295647090382,0.06511116746833637,0.02266976886324328,0.02448514859692169,0.01948275505222186,0.016618846347378837,0.02251516019500826,0.020746008988919873,0.04565372741745192
5437,0.055022699146437766,0.0017143389719185675,0.04058879705039818,0.031757366964043875,0.024820895007191566,0.09949763457206819,0.08708741014449073,0.03552365141208528,0.06846040375954163,0.040465041389352356,0.06353105713998879,0.06685395071435317,0.055338319645988995,0.0767781634704412,0.04138150028882688,0.012063727637888454,0.05087117183932969,0.04332127824582909,0.03194626831638608,0.10058828854552682,0.02251551130600422,0.05877119613303487,0.02157105292063182,0.032044424228556384,0.06151884220167154,0.017888069351576507,0.03051426150336304,0.08271567462611097,0.06265473479290459,0.0682782129367696,0.035675318348049066,0.04394798353715281,0.016356446817725946,0.11591277132511264,1.0,0.05020138211128564,0.06756112939552371,0.029317980321296608,0.04673043283417114,0.029011969907763058,0.07158562712365057,0.07443729829296097,0.07415561004867392,0.0924710856598991,0.05478341246921125,0.05593093782017919,0.03980191922688276,0.024536799430435827,0.055217607462183536,0.027211700252442385,0.045682495650322306,0.06865888508299298,0.05396387508090378,0.0405276308266775,0.039893045021349674,0.0370774550757004,0.07635666286867801,0.0419294545448874,0.02167778221806323,0.02308595376037821,0.03702121601289303,0.0717254999242735,0.012002311706347262,0.021366985639507004,0.024859754567733275,0.02772765136598398,0.01649401137880438,0.011969859762144305,0.055900682432791636,0.041917618844856515,0.003064370700000039,0.051831139057235014,0.010310132657145005,0.00625544362815366,0.03224002842675059,0.05237101514532699,-0.0012021790205641082,0.039861841230011644,0.040647805276463604,0.016777551488043475,0.014010808730957834,0.0589378105759491,0.055051270004792964,0.04542848872701332,-0.0015455524156427558,0.03522451637819584,0.05718474291059576,0.010937854743716,0.029035370597641347,0.027302962397416024,0.058443222864028005,0.0769038948290598,0.032747586086987454,0.07153700780589563,0.06617736272257298,0.06310198211222028,0.08927993701083674,0.0668221239006398,0.0310512253546401,0.0601818422185504,0.0280312115855426,0.048786019121598405,0.05597642757444794,0.033022114422963295,0.048685520137152646,0.04103440298603433,0.0391947195126859,0.04343491645703093,0.05655323977465897,0.03680249180775756,0.004879539534845868,0.07907782447924104,0.0337639959899373,0.051405665724868224,0.08536775470801714,0.05878696328147521,0.06657868902489977,0.03535375084308403,0.06371095938442321,0.013616652132990629,0.01742607173863536,0.0468227808263227,0.023140739065914614,0.054297151300588105,0.05850640946091966,0.04126970762141443
5438,0.027234880611473736,0.005390795934846381,0.012677349721462734,0.03227603131148622,0.035942810935317406,0.03092684704653408,0.04324026475002346,0.016432501373297638,0.010998631573486555,0.044503852829548475,0.02976348078193626,0.03240883012210246,0.03274475671327765,0.0454142792538808,0.02069625537291149,0.022667421850037648,0.0553860102493963,0.02474234704948136,0.02812006461793943,0.013943377351295125,0.023016470024077355,0.028365474240313545,0.011548619023485493,0.024547819643344678,0.03464709097775735,0.013092270561541908,0.004838661591308537,0.058036236746489424,0.018484743873045634,0.05461929486466663,0.05841671543205151,0.030536893813947235,0.06129084675701245,0.03933127724813591,0.05020138211128564,0.9999999999999998,0.0362074767649999,0.01777038158726643,0.05829623166975079,0.025943409774320858,0.03487740232500147,0.03838745966299077,0.05686849117629697,0.03901818716015732,0.011504369776333718,0.03715124998646337,0.035149652305058635,0.018335468517021527,0.02508427706491,0.05896930218967451,0.02103478638096175,0.04116432397811863,0.04591881720598675,0.0538214471613162,0.017436092253629305,0.020358450219674678,0.04351909907859049,0.04022602092972349,0.03225721668046127,0.05115130036940945,0.03132131487884872,0.05880899363945638,0.02346225243899676,0.021903862142529377,0.024471596051140295,0.07042111561350398,0.030826960157487822,0.027264250689454095,0.055536289025659734,0.03682357981553609,0.0006003376270362694,0.03327776399319425,0.014876162289076697,0.015794085909974477,0.06686156169814408,0.052183666707337345,0.04444885916259665,0.06500810711574036,0.02768896442036066,0.018279808427755423,0.031649376512696066,0.011045837508781898,0.030949343321603352,0.014353191623954804,0.006010124472973965,0.054652223196385526,0.01763382114933069,0.008349137083194347,0.03960227868570926,0.041032167676282136,0.048505596302563986,0.03997468653732257,0.02174914255808088,0.024073202510388463,0.04597093528924297,0.058588518202172674,0.03525553540654305,0.033938867394461905,0.029437730307786604,0.044919235988054876,0.018597125750443366,0.05998373561739098,0.04526473151701357,0.024645337600176166,0.0385553480220638,0.023980445727890657,0.030666239190175578,0.032363236382992565,0.02696620366399474,0.039398431983560765,0.004590424501949918,0.035491198633963536,0.014732838198670354,0.035187746566801556,0.013187523989458721,0.036264498526977766,0.05385988474640524,0.02939191317885424,0.04665141552636909,0.005867753707800535,0.03308409448857845,0.023345846597181922,0.018073239076214723,0.04173866679680019,0.031180400427506593,0.03915191889828947
5439,0.05422416434831332,0.019831950795101173,0.02578543080056215,0.022446774723020837,0.024063960620290047,0.04972278373610888,0.05067871886214576,0.0244448026019059,0.036152728121340925,0.032025103007717465,0.04454284265349371,0.02071054217223265,0.029231627320460935,0.06159986597845081,0.028199554425075313,0.022143114721502502,0.03793673794009872,0.03443383252844985,0.01760320437533312,0.03097972070672041,0.012025949761829226,0.05067273018184807,0.015783572117197275,0.029106445849561294,0.05409751789436155,0.0166794662037239,0.023963923888729925,0.05013900253373452,0.019914202719364393,0.0468671608765079,0.041262935670966054,0.04515780254687162,0.016022311753775546,0.019884548255465328,0.06756112939552371,0.03620747676499989,0.9999999999999998,0.022357454166069372,0.04815954780572536,0.03419869331356199,0.06348440473186924,0.04453262415163052,0.05234750053929926,0.0479906635172868,0.0368440662058087,0.04372607059305708,0.11647961012056463,0.008127767418410302,0.05131656240178251,0.020204203925970412,0.02997279525171897,0.07033473441374302,0.029189175207700487,0.038182238610061155,0.019303619377135924,0.01967820005315122,0.024209057666899545,0.039012258152841914,0.029619148113481167,0.0202190944818438,0.02465495470257068,0.052532729256268174,0.02596245742244351,0.01567649996380445,0.03319536292759844,0.03670083514254663,0.020066535545053027,0.011145086995593264,0.04082759650546907,0.052272891178874965,-0.0009228302231794256,0.030515403098195386,0.014931636297194172,0.016180314724311206,0.04489932968056228,0.022868870396647745,0.005584913284500553,0.05336517097858353,0.03767740600310998,0.018004840183924245,0.013056167554839012,0.02645155142203965,0.02881362729649241,0.06993416000767194,0.008435932366550202,0.07505037825997028,0.05021363264206398,0.0067931228738506285,0.016729470987906506,0.026641116229985936,0.05528771455353098,0.08224072208616712,0.0175864835797755,0.07120858526227476,0.056234121189410353,0.0360228874071147,0.044663668163709515,0.04417903305095612,0.030553223452240402,0.044509958803543664,0.0824033696088501,0.035492290254964226,0.04545368621784502,0.04292074989185925,0.031523554930740584,0.027341029090621215,0.02816726565525458,0.018139867869721733,0.030286163059795174,0.04032237744404287,0.015006793310468239,0.040024758958018755,0.012565208755498512,0.040671305240036426,0.01615206360703565,0.04264848998108126,0.033888061034279854,0.038660334064639354,0.04174810491031698,0.013189289453525318,0.023300355000770444,0.02349314001943062,0.03407608367503033,0.04624142863689809,0.027388121433860865,0.027714378622122417
5440,0.029357127032937105,0.024139220795429277,0.007167838507067318,0.0176920399553188,0.02065926283358745,0.03842922749493419,0.05281245988855815,0.031145835329687288,0.014107454316447825,0.03207873575749511,0.03827375718490708,0.020837583558149037,0.054169648244636666,0.04720761777870879,0.03974625584353169,0.021058629687849547,0.01955235358391399,0.03643850336512845,0.0023213462751122045,0.03331016932847316,0.0108392422617156,0.019143001306873894,0.01326192866114344,0.029302475250457188,0.022377016591091547,0.013224491530630073,0.017408365874688816,0.05666226611442836,0.010643555670753046,0.04725948962110775,0.04444434693786201,0.026993477006016318,0.012029746151016613,0.027246577589200276,0.029317980321296608,0.01777038158726643,0.022357454166069372,1.0,0.025455781003579814,0.04256452587079373,0.02858599031143985,0.058950056204254905,0.053065625683974216,0.04777148520412687,0.03803865345425156,0.03975676329537804,0.024755572197814952,0.001646322604345499,0.020203047012020917,0.017292134019480185,0.028079483912916117,0.0422751556468107,0.014286134149029866,0.015200961112489215,0.03162341599564794,0.02811011354760048,0.021316319283538786,0.035703865553225474,0.02910732357826414,0.04203635398920292,0.024825247872692996,0.039971422736301346,-0.0004275462140204862,0.008583471006943292,0.03869971766493478,0.03509222924112103,0.023725187206666994,0.04298813317499348,0.0365889066429587,0.043590636934471405,0.003907942822578448,0.02396421564009386,0.01893313590559094,0.025531413667732386,0.03318097706031951,0.028505198485278972,0.0038474225312738167,0.02209769800876305,0.026432148415764113,0.005290893469957738,0.061591776722439234,0.02600832793712523,0.01405504428897012,0.02372767155974227,0.0072713221454519346,0.01727766707669865,0.008763107079623501,0.01551970903902193,0.025871969403103257,0.026452507782488838,0.020239303967547802,0.01768826440196491,0.016833117896328513,0.008794062870361068,0.026497254074930757,0.015928944703815406,0.03210280542636427,0.01849475808130255,0.029660202118553625,0.05924302337082647,0.022003501466103345,0.008758706003451022,0.04150415989602674,0.009488462194232317,0.036500128114746455,0.013633471712380251,0.026365386548132003,0.02074996909038603,0.017440300096994866,0.04020511025683498,0.02604205101809635,0.012392989911019926,0.017118061820291564,0.028598286964551748,0.01198177345295962,0.03155257008565979,0.03571467682040308,0.01703511854144999,0.0268747431711191,0.0035975547758964957,0.04083759521498311,0.026657271780471167,0.02116980876543993,0.04174686840673165,0.02916007658875587,0.023130876540893377
5441,0.03300830428199884,-0.0011924765039576794,-0.0008458309296836609,0.007927196300189175,0.03624720911450009,0.027948285215234868,0.0313093711601332,0.02415804341920065,0.05668418185587231,0.019032623275711716,0.03802263885266764,0.06539397524115512,0.051678986225003776,0.05334119070026297,0.047146561318673785,0.025913484858107447,0.0360720760089989,0.023161877893685887,0.019877680732729497,0.02070805361681511,0.024086656430082367,0.039795921562050106,0.020838369030031594,0.017840437133052122,0.036261442443936975,0.01624530069504599,0.013048673729125234,0.06287561803088906,0.029691334868348847,0.04240007090935048,0.03089176642108751,0.0174311573553429,0.007259333124421402,0.06402171266647332,0.04673043283417114,0.05829623166975079,0.04815954780572536,0.025455781003579817,1.0,0.01673967912930669,0.06750852163110273,0.0981294583982382,0.040791043280404685,0.03247463952805768,0.025102668912027004,0.061640738664000695,0.01994143432692856,0.02692869535326558,0.038897677214209225,0.02421601864053344,0.022675884906072464,0.033420241435500354,0.013222065874525343,0.03469322826740446,0.022918724462773186,0.03843718068187102,0.051730492510427016,0.020245052056580004,0.043676464325237176,0.007998816892671184,0.02723988105411088,0.02012755105170583,0.008054462592436891,0.00823524989151818,0.03705901226233784,0.014033086581675716,0.0022797854962981127,0.015109754738844457,0.0390687113655257,0.02603503132283568,0.011146620720375231,0.02270821947633097,-0.0003175757450529559,0.00022334436298348555,0.02534703950444242,0.03906212242510289,-0.0012673497259987963,0.040286051149297925,0.01667834601402349,0.009808018911446791,0.006334719851546014,0.014615601257684676,0.019980660365028744,0.03476661495952108,-0.001491128695959997,0.0308908132635252,0.024111390023931117,-0.002231328246549531,0.025577703626356363,0.016368598253672408,0.011338894203832592,0.016522289802708544,0.01448931089820054,0.006939353806710239,0.027255280564670654,0.02831108722852017,0.0404279066651892,0.027481782125084484,0.0376272032213593,0.01899996005316547,0.02039222980950544,0.04383877415600052,0.05191631450184809,0.011059275582032449,0.022854728842616575,0.02115652801745134,0.02243198448928533,0.032366881167410884,0.01598778605132332,0.01734200328915056,0.01716813555769692,0.0355988381320909,0.02020238264263177,0.029341319768050083,0.027155718565652822,0.04962158214909246,0.04157945244014782,0.022957714268170965,0.042085760901267505,0.017519028200913753,0.029613596377740695,0.03692311364650786,0.024733928487793037,0.024724218938856558,0.033308119766830575,0.026254070768394283
5442,0.0074847494417718905,0.006852925234716763,0.006646342576728353,0.004671581413171037,0.009378444402725937,0.06545206250792608,0.03538929432458502,0.017514624222220908,0.006745152753441903,0.034877717560075176,0.054707742049790904,0.03182276055298858,0.04826260934234255,0.05603670916599062,0.020928374245741913,0.027153919210316135,0.04232724602239889,0.024013296285820374,0.0016099629446652299,0.02243669998390053,0.004014683022791397,0.01631032977597669,0.03657875370628508,0.036337506918813274,0.03684115889897566,0.02279393559450384,0.01896421131376914,0.04245614716339876,0.013486392062836782,0.04843994720292341,0.03543851992737877,0.02830017365279841,0.018513635553316813,0.04902310879300921,0.029011969907763058,0.025943409774320858,0.03419869331356199,0.04256452587079373,0.01673967912930669,1.0,0.04444958872791798,0.037033023332393,0.06649673865988227,0.05003689491505572,0.05311365363898663,0.04223872783658138,0.026807050059207298,0.019990999512823043,0.019588409869360647,0.06383850662991275,0.05240057839623432,0.041551537758410084,0.04080304821585171,0.027436265304659306,0.07642815242788163,0.044966914078442694,0.017804464844261545,0.07892117435465809,0.024692466071152677,0.00938082541807714,0.017206361393706186,0.04512584060516558,0.0012458295487169152,0.010047518885730357,0.03343203725408737,0.01733481553895018,0.014109006473396881,0.04503955355427774,0.03983191877810308,0.049234953638430105,0.005094153206385318,0.02074041413703014,0.007515187611066142,0.008657626256690061,0.034897798874948496,0.0437519171063853,0.0008568049095481629,0.048593398636916106,0.037475399874764795,0.06165471240476981,0.13711143595810907,0.05973682756551715,0.02605538771647987,0.07293586428989376,0.013933632873788303,0.021252806619572934,0.024705055781705704,0.011022148772967906,0.006937968484652521,0.027175319054342593,0.023184206178943404,0.007235122973392648,0.02300001463695141,0.024812593949594126,0.016146483933658553,0.019411788924791656,0.04676947774048837,0.024065807776033763,0.028938797053484944,0.04803040662251948,0.06141259175723508,0.010495141581421785,0.06620592765848261,0.00030019501884366036,0.03973124155516346,0.019634569817936435,0.044101584838977484,0.013823650755745433,0.023189607672776925,0.04422685194917865,0.039272606471843136,0.042978540531582,0.025587066752406757,0.04865369597746162,0.015135687772644279,0.08857019293013679,0.06965914164154366,0.006040528425186586,0.028437875115486153,0.013987006846554744,0.022455356693989587,0.02607784676708569,0.03451586079718408,0.04130355821922987,0.04682787695185884,0.035636673734185546
5444,0.027083001115027313,0.013845427724702776,0.01929089980066279,0.010523388949339156,0.008615313870593591,0.031214526973083714,0.037762832415130294,0.028138097753038133,0.02316580828819358,0.039921420558704075,0.05773264882713089,0.021260004630829842,0.039027117194802355,0.0616641107633356,0.009330080436815564,0.010593387318216713,0.03882282743588235,0.024016119926949436,0.03207463409950405,0.027594849669622296,0.0125658110467488,0.0331438044510807,0.021180845637471257,0.019315789040598188,0.046547216380235304,0.01763718131164245,0.019550971203580337,0.06272471505553501,0.0262072843186833,0.05465598826531968,0.05854401475612794,0.05020346351614404,0.008172677819371818,0.03478116820892761,0.07158562712365056,0.03487740232500147,0.06348440473186924,0.02858599031143985,0.06750852163110273,0.04444958872791799,1.0,0.0300366490422632,0.04660707351512934,0.04843423372942262,0.030484958099763322,0.016840888686328496,0.07447510335216795,0.017203049574731524,0.033052209573624446,0.031813286010458554,0.02804101784260609,0.06786040525892321,0.03591867451981471,0.06351507978293236,0.034873373092392,0.026087588874709817,0.020745279849024034,0.026040674354730207,0.032608837393872436,0.013461593952246213,0.023406544607633195,0.0502770038345754,0.03271108301668297,0.014283300287658576,0.04857018154975162,0.04013348107436545,0.04223357065858488,0.0088078682935342,0.04987517242088956,0.04411467422352696,0.0012713417934865654,0.033951893278272006,0.0022360359409069027,0.006042995134694696,0.03270423193354474,0.03071539494032269,0.0073945309660525815,0.047860471657964976,0.034819419592390356,0.008792641687009033,0.007700480830424262,0.024922695739754665,0.03199284631172133,0.04853789809984512,0.04248712867573646,0.05349523155498592,0.022490868802207725,0.0029965475868609626,0.017673802678190097,0.010931452096710334,0.04632539130133947,0.07006419780432147,0.019172520244798617,0.05428102121976712,0.06590517056344727,0.06040641413487597,0.04452295058848585,0.030298454827000713,0.016721368170876574,0.058467311005342124,0.05371144643499992,0.07395397213098101,0.08148642644876673,0.06080661964319078,0.0695935374467468,0.03303477309098275,0.03128417844183979,0.04330956741732002,0.044095470501543554,0.024112638412178693,0.03050271406152103,0.043945824987927894,0.018872493487763153,0.051580419783378656,0.026467791393360293,0.060514498260802595,0.045215980151067044,0.04833902504258876,0.05834345352360749,0.05948676793693156,0.038296718060061505,0.05138673695891054,0.02840188622772984,0.03871528183668193,0.03825426103317651,0.03769704630622717
5446,0.05052448490857029,0.013710208712904104,0.0020593092156039705,0.032628409986709336,0.04867124596843524,0.0666644287776427,0.06970689623657665,0.04761738071362823,0.06348236398245381,0.0553865891298577,0.059969197452050246,0.06246448336852788,0.09742290582272972,0.1285905441499927,0.06423726135480462,0.04929461132805313,0.06666043021200121,0.09285170192641307,0.007492137840231443,0.07654931458972743,0.02091705064090673,0.07594555880554048,0.04720312273142229,0.04823649974190801,0.07745922883476869,0.030583106715438867,0.015600706460887464,0.16709409761514804,0.050388840317043514,0.08043923443875658,0.08366464758225653,0.06496824143552687,0.01938810874703404,0.07432877697353035,0.07443729829296097,0.03838745966299077,0.04453262415163052,0.058950056204254905,0.09812945839823818,0.037033023332393,0.0300366490422632,1.0,0.0936762363805706,0.10045118675309411,0.07182827977006415,0.10701511211213954,0.0437533706453309,0.05183755475946395,0.03605742156044285,0.049714764572826815,0.048281472267016116,0.10312973921876532,0.04540977130178295,0.05612963126636152,0.051652041891198854,0.09658559090883716,0.0859096549888252,0.03107242263846179,0.10322363496405002,0.03790201614399259,0.08295156921904016,0.050429441973890654,0.008517181795631733,0.03609911183038616,0.06949486628023836,0.03923718295470122,0.007419099901314869,0.041109985248876955,0.08788878599145514,0.07536123387142075,0.02373163878834079,0.06418219951620803,0.0019520476378825746,0.019937227331095552,0.048527996151474864,0.08962217650831499,0.015334984213475253,0.0822739660155619,0.07633681101448661,0.0511156447924259,0.06104143212670686,0.04092945477792284,0.04324956035778425,0.06626563942109466,0.013590799650644386,0.03537950065300639,0.027680945571364513,0.012169482888516324,0.042156540114717214,0.03551720062880407,0.016942658843078922,0.019751364274511473,0.03462861259928185,0.030598782964796165,0.040691971530982286,0.052438049997212674,0.07997957178721334,0.07635545417654743,0.0468384678182459,0.055014105401480225,0.04248868216478546,0.04326192161502889,0.08553675934132814,0.0014581235304098007,0.04021635137236121,0.05500196155151008,0.05282799676053534,0.04065460054948505,0.0353042283568593,0.10167506214888217,0.02154875881337033,0.06548803269042522,0.08272547824345505,0.06758168432701558,0.07165522610854087,0.09429322531501867,0.08222336456546114,0.0328897612544949,0.07261750126829783,0.009891641740010986,0.03901472318705566,0.049570504626003264,0.07012356334087831,0.06907191208589185,0.06927809399473525,0.06501077974119507
5474,0.03467571243305622,0.009993489267452605,0.024599613434070154,0.02516301550262249,0.018546529923360304,0.08575546600562467,0.07443441942771974,0.043199234643228196,0.03622489568784161,0.035449291225504484,0.09324918355974608,0.06187014641664668,0.08946688377207047,0.1044511000927246,0.06282898185024131,0.06862877989375213,0.06683950038464073,0.05786937389371723,0.012551016996285583,0.05856940659325666,0.03065843835472065,0.03830754495500468,0.05642788540997952,0.07192943148226483,0.07228741196542517,0.03530319607006818,0.023108158068931083,0.07777979238590244,0.0424130538457682,0.07274991599954496,0.06456091385388732,0.05934687052511279,0.03580352417085168,0.050544764095221885,0.07415561004867392,0.05686849117629696,0.052347500539299256,0.05306562568397422,0.040791043280404685,0.06649673865988227,0.04660707351512934,0.0936762363805706,0.9999999999999998,0.06432499548857838,0.0367959345678515,0.08760565111254325,0.029391210532004147,0.04291232859873627,0.0731062898580823,0.058701504179221986,0.061337607739171594,0.08858313181901836,0.057835624101708207,0.049257266715646,0.12099084765849297,0.0654665562559835,0.06293191871702342,0.06436473559274715,0.0539646354766577,0.03964836881353607,0.039400789920244435,0.09184596311909181,0.030274912097334784,0.05311207899136952,0.08709176155131775,0.06614470395238765,0.02918759983651459,0.055451264347867325,0.1069928101087341,0.10037877050269937,0.010412591432280795,0.07878346938450495,0.02084158786871366,0.04694170272545643,0.08866167043766592,0.10334251804924381,0.06026928044557581,0.09187772602545938,0.08574152486033236,0.06356751589406225,0.05826466964252095,0.06800081218336715,0.0572429351639458,0.09896579322349608,0.02307102575112736,0.048278609169536364,0.056221011762551544,0.0199492464420146,0.06049953899133924,0.05144498498813651,0.05132913691086045,0.0366803452416129,0.0854459828807511,0.04322579519584673,0.055960807803794754,0.052956722340906114,0.09199851439208447,0.07592134251169855,0.06129916894064873,0.06410070040291818,0.060153535092639376,0.04095036367167653,0.07917049428958228,0.004531224436776097,0.07566201467661501,0.08091133007011857,0.08739387376992684,0.02820455911730717,0.06855444525559626,0.09722711861914707,0.04282507434688285,0.07398997710548254,0.06962912128850063,0.08615112347574107,0.057117984246581474,0.09269560317404,0.11926551068219363,0.05248989489814123,0.05943981473263805,0.008873514659063908,0.0391270609621998,0.05934233760085346,0.06632797751012479,0.11408963922013689,0.075740799416774,0.07219050539090609
5475,0.0489733454625229,0.00899554326644513,0.03397674187616219,0.020959558704571044,0.032075187235551535,0.07058945064404665,0.0701162209448488,0.04374317231436784,0.05185578264836297,0.05209602221511686,0.08497107348451248,0.08800952902036038,0.08232641585213077,0.11250595532649504,0.054396702751272966,0.043388885388383897,0.08250716966550808,0.07139371801817818,0.010113041330884058,0.08155492416296961,0.030027946723511462,0.08921127875022261,0.059316996220692246,0.05418635565051873,0.09191743468305462,0.0445948167090838,0.021077002308418455,0.08713303402150627,0.04333352758049346,0.06185134028291672,0.04334682609530774,0.0558802207875139,0.016567456654177085,0.05088441627967508,0.0924710856598991,0.03901818716015733,0.047990663517286807,0.04777148520412687,0.03247463952805768,0.05003689491505571,0.04843423372942262,0.10045118675309411,0.06432499548857838,0.9999999999999998,0.06685212496226384,0.08405178831534003,0.025689966434588495,0.0651049317438026,0.07679290823701442,0.0663668192883899,0.07794284247562196,0.11602858335709985,0.059024214172746704,0.06359734854548334,0.08224023625826782,0.07830443193696038,0.08734332974463456,0.060720955665035665,0.06912719987190995,0.0348318202962466,0.05795152522061941,0.08698704686239501,0.0233404554342492,0.038624432332554644,0.07330672471477698,0.05569881214806148,0.022594278507424684,0.0426527495433556,0.10072500704010799,0.09124077828631154,0.022533828713549156,0.08747371981334226,0.02085334976180855,0.03321486226021616,0.07126692796907015,0.09750657230279233,0.025103554400016253,0.07122193088347699,0.08934964846514643,0.030753611549648882,0.09128792385094123,0.06735076895303026,0.05602811050244764,0.07305808705621356,0.018173900183219724,0.05695681869262441,0.05133743944989065,0.019529783533359775,0.05542245509365754,0.04247384967373744,0.0578464129662527,0.03948051440917351,0.04947179435474756,0.045535614504941556,0.0630604563516745,0.05701618730931346,0.09783578750472681,0.06476832572849525,0.053286614076117456,0.08230593438514565,0.041325771841760936,0.0476116994649445,0.08124055786339185,0.013694238961440616,0.0535560551882185,0.06073480105815281,0.06705614991839877,0.03706878583450645,0.05940060216823257,0.09115478963170322,0.02564655889768421,0.07376808747539343,0.080695786166613,0.07171421949032744,0.06721302436437729,0.0768169147986327,0.0939000635027348,0.05243099729601815,0.06690176290332599,0.018996373087332964,0.04127323714505146,0.05875707212897945,0.06344123869140433,0.08731036578238693,0.07686428757398886,0.08048688152577606
5476,0.015303164415080556,-0.0009724165311133996,0.021123591645736895,0.042914092115980816,0.006754754839486159,0.06012927546505184,0.05055847718026265,0.06179129011810425,0.030310210680458756,0.029466668225497226,0.046475802300727516,0.044237101845746765,0.054659304031276536,0.06138281193330012,0.05776039995308697,0.02028041792197401,0.030751201117514372,0.02490356813037536,0.012618097775370037,0.06834113421794243,0.022735042391990833,0.05117949487827459,0.06741901584391899,0.03021520550699993,0.03324332386539829,0.03153234939151829,0.027011564019187098,0.04176876374436957,0.020252986495504565,0.04805063098686342,0.039297975186390444,0.020514623248713268,0.026603217615095015,0.05714981656650132,0.05478341246921125,0.011504369776333718,0.0368440662058087,0.03803865345425156,0.025102668912027004,0.05311365363898663,0.030484958099763322,0.07182827977006415,0.0367959345678515,0.06685212496226384,1.0,0.024777425933362532,0.009500589532392283,0.014826435660895584,0.008491064094487582,0.023469093926884243,0.051355053280643256,0.0706849319909699,0.05619218143537722,0.027807990599836047,0.03727744242023532,0.03850074276761239,0.030215128599551916,0.03209524240490414,0.020301082671859375,0.02328026706098672,0.015328935194043122,0.03828079848855369,0.018799846090172795,0.0014702246647804059,0.029958875252467272,0.021546987750794826,0.007765508561926775,0.01906589043106802,0.03366620331185286,0.05384266862389805,0.018515407935549788,0.01170408631108664,0.011573611623702046,0.012276385456351064,0.04378261890921424,0.0792856037554491,0.013535334979586245,0.06028701563177636,0.049480570161969134,0.07708278961247991,0.059795867722047556,0.027627488828197582,0.028925866435660436,0.057762351484246736,0.016570742766935494,0.017717352031982835,0.004331539342695536,0.01006903924131271,0.019783822116618686,0.01166507073046191,0.014163642859175452,0.036111439370719804,0.022421504794247416,0.01837620089217991,0.03658540536411733,0.027560189009988276,0.029006229780953113,0.04749996233994891,0.02065981626438044,0.04881577992516032,0.016534898965127325,0.023860209473913846,0.05457339230523715,0.012514150478993239,0.03222297023720698,0.039296914144661715,0.023965799179673522,0.017076611826799717,0.028535599800972616,0.04532007410587986,0.038779141796692757,0.06356102512402288,0.022320526883821395,0.06016105194088144,0.03265395230646027,0.04359625406469565,0.058878981123059546,0.025415237384725,0.05773352199615667,0.022282143967753687,0.04001122990722506,0.019406071243250177,0.031665965234476845,0.05425080584337857,0.052664487443190085,0.05873970397954608
5477,0.03747365394565193,0.01112993697614443,0.009305394753456422,0.010390505496917207,0.022337005344726196,0.04332130862083814,0.06348252753051102,0.03029007394704152,0.030487376973475516,0.04537608055276533,0.07939854139019088,0.07968361418535687,0.13238593330949044,0.10393342843130794,0.061979574511121724,0.03264564537030587,0.05482168842356231,0.06429377402876857,0.018261944200062444,0.07310702460762918,0.04534156203946587,0.04641994252571269,0.02551555369868648,0.07362304811883269,0.06836037403822369,0.03694155685224891,0.015015273276405604,0.1019019740254141,0.037579757262657734,0.09106400100461974,0.07545231055664076,0.05481990398365837,0.009775077719218588,0.06453432539393651,0.05593093782017919,0.03715124998646337,0.04372607059305708,0.03975676329537804,0.061640738664000695,0.04223872783658138,0.016840888686328496,0.10701511211213954,0.08760565111254325,0.08405178831534005,0.024777425933362532,1.0,0.020731272857049374,0.036365851270849986,0.041103902480027606,0.031383600670709354,0.043379910057021236,0.09141257814349257,0.032707517938896265,0.04922555894204757,0.06889925600468572,0.09408536195454505,0.04196579687463181,0.02853650628488193,0.1145694053363697,0.01025769289174197,0.07110690800555271,0.04179536605579604,0.011804092750507597,0.020804449886082904,0.05773903760643785,0.03919227881433561,0.015033255107196986,0.016120830053877013,0.07290344479588076,0.06318686584406981,0.012182845164469573,0.04222901023605501,0.028186572890378785,0.03334869486573784,0.05721167756000353,0.10386943516881908,0.013928844629185075,0.06898876449932684,0.06664858350148403,0.028651189909490168,0.028025172053204827,0.03427598004881661,0.03591487543475525,0.06224174918598942,0.010936905908433192,0.056394338468278564,0.022221908370929806,0.041074362728477434,0.06126745069887675,0.017921639464691393,0.01957007308348722,0.024648295489207394,0.04263833494401242,0.01550204897618597,0.04338415241129113,0.05630984455454094,0.05607902517201263,0.047706562056841824,0.05463015697177416,0.04755966364694466,0.022060965283825153,0.025514802592149746,0.06314375658319485,-0.0028368230934138587,0.04802483254736288,0.0415908781493243,0.0590096495301318,0.027303794790484087,0.054345708121151026,0.07550363051184376,0.03624255350852338,0.050133451267186616,0.05018660922733879,0.059577113157159446,0.06603421076359463,0.055363363533670745,0.08711525677525866,0.0336678412907276,0.0642716596523,0.010695142637698803,0.03306671113689534,0.06254668298666984,0.06965519112410946,0.061292966798541716,0.05005953283407484,0.06031341541785946
5479,0.05430926217965328,0.010166836244093275,0.00621243669346821,0.004772232473646782,0.015814960296639993,0.021789539552757104,0.04729151045068132,0.028367545320003292,0.008578893202089825,0.0358983101783109,0.03318612584715796,0.018780888884244864,0.037662009054582855,0.05619884237958679,0.027261237003041228,0.028369126766123916,0.04966390099967362,0.014417536026269299,0.058028917352366954,0.016738137020689128,0.023407569423578356,0.02811599434503958,0.016497242492592164,0.03742845148429549,0.06552230180863612,0.005115718584886642,0.007279970972177542,0.05281289541107231,0.002356562185949286,0.062031740357664636,0.057028179745859046,0.05551837258601817,0.018185027097031153,0.025632300141597453,0.039801919226882754,0.035149652305058635,0.11647961012056463,0.024755572197814955,0.01994143432692856,0.026807050059207298,0.07447510335216796,0.043753370645330907,0.029391210532004143,0.025689966434588492,0.009500589532392283,0.02073127285704937,0.9999999999999998,0.004786745142018705,0.008268080475436465,0.039060300527211836,0.017302081218989327,0.08052383741945209,0.04873618771333202,0.04273752971987575,0.005295809239386786,0.02030269952597234,0.004800884491136671,0.0280957600675364,0.014599079701153844,0.021128086264460447,0.026104959399274888,0.03690780509132005,0.009650875571426614,0.009668308940275226,0.02780302454917636,0.033994883041423875,0.01257256037929736,0.016058111509198187,0.04559473983083269,0.041359773718059135,0.005854160956987479,0.026987564154262806,0.016382439798947292,0.0037479295868037884,0.050688016121613125,0.02749670491020173,0.018293391571236408,0.06452647569496331,0.03988909795270504,0.009837499077417038,0.01038893231585056,0.01686066180863978,0.01434937557228302,0.026212988767948222,0.014134186641958726,0.022940971935902894,0.008958289310547337,0.037554430746829855,0.03465249515120535,0.011202959251828268,0.019484429291542794,0.10617107899537266,0.013247247461022592,0.06579566735796429,0.04895192629112772,0.03998491347500793,0.032361553853700646,0.03831169914777482,0.02840792651908062,0.05280577389344268,0.04268932818467495,0.05696300078744362,0.05713074665297554,0.1601234492875685,0.07160993789738311,0.04289602448344156,0.023615482701391004,0.021769154216481963,0.025651622976394103,0.041101828041690464,0.0157231056460336,0.037098319933916615,0.01849104864880322,0.04482968020273396,0.03182220283949024,0.03386547472479191,0.04013197244373122,0.04866361737088066,0.056449665361342605,0.061545114547315025,0.01633805885436794,0.02599032087122529,0.02808854986313901,0.03546515009729193,0.02557791720722812,0.04211954519685804
5505,0.021771750869315553,0.01051542916856134,-0.005724594786185657,0.0007198772990222799,0.01332924704178337,0.01455711710314701,0.01977743509928247,0.011250532697304923,-0.001463439268225259,0.039242204132065174,0.0034589561536662794,0.047928008339542506,0.019803134983174958,0.04960870853732036,0.02850025862703598,0.02885079584340971,0.055645419087693423,0.017963466134985763,0.015891915386801715,0.031014085550655747,0.013461025366009455,0.007848445318465787,0.04990437135933538,0.013054954550198996,0.022104464719533742,0.01607216881168603,0.01890822204042076,0.041190551652639434,0.004538412365415461,0.021392949349912968,0.034912604497301686,0.018753758954246216,0.008209954621450615,0.03413776384374128,0.02453679943043583,0.018335468517021527,0.008127767418410302,0.001646322604345499,0.026928695353265576,0.019990999512823043,0.017203049574731524,0.05183755475946395,0.04291232859873627,0.0651049317438026,0.014826435660895584,0.036365851270849986,0.004786745142018706,0.9999999999999998,0.017268041524913853,0.025346969145001223,0.04727890298216301,0.029971537142909087,0.03686922595056158,0.030918487042679174,0.01613595649719789,0.025074646920684295,0.04092810177888539,-0.003114549742178649,0.0012890505068841583,-0.006998677772249398,0.031172916895243437,-0.006092061756439712,-0.007698856794403547,-0.005081814516751112,0.0009463296185455121,-0.006376612490484591,-0.001492751085646598,0.014565739455796544,0.009303213347845323,0.020524247596786338,0.014101042450450315,-0.0030806046976496375,-0.0036613571660358505,-0.007773612668354624,-0.005069527354895575,0.008575784513760036,-0.0049696857331262495,0.017982426568943503,0.004776254278986386,-0.003908841063618268,0.0029603032440644024,0.017882255627149263,0.012929318351579521,-0.0011165278246122597,-0.00299383211316825,0.00575987240067287,0.013750754046074821,0.02592709873988125,-0.0011437795528550926,0.008823401433489657,-0.0008933358035284326,-0.00899282993713746,-0.0030722456270093706,-0.006739147610882933,0.00025603566966102585,0.018146562203743066,0.11731123632087012,0.01642019211671857,0.0032341311053097296,0.026639205769072246,0.00015608036598356337,0.07533183178261693,0.036084188528028686,-0.004344295112378629,0.0621428020639881,0.01510242179617629,0.03364029719497134,0.02461000030008791,0.05518205927967995,0.020794826536619928,-0.0054422184919900255,0.05458707405265454,0.02731941642886086,0.02820844569145795,0.03047955820928537,0.05737861329900526,0.03969598371195358,0.012045346552109596,0.009357500612163179,-0.00011677662051070489,0.0033592609838329394,0.13788699397601603,0.03067765369620506,0.025731249340270906,0.03351222614331494,0.027208931483375495
5506,0.027786873092919,0.0051213921563389485,0.005486198000074808,0.017443076443445917,0.00827867939003034,0.01845946774366085,0.03589779981848015,0.014833717165109747,0.02002570456357416,0.02832237790361079,0.03251074198228437,0.042437300946150426,0.029406668923034614,0.06519168943555749,0.03077591126101259,0.07006396251687948,0.038377709493776196,0.06026520510959403,0.02250362885166115,0.0501926703069423,0.0100746774491007,0.11622120100694425,0.023452014021377126,0.01674914680384832,0.03059240974467639,0.013224305482236605,0.002585629794117559,0.053663195311559345,0.018405197780335367,0.04007400997800239,0.023836943111745543,0.02703841385324812,0.020998257267287417,0.017359260117827485,0.055217607462183536,0.02508427706491,0.051316562401782506,0.02020304701202092,0.03889767721420922,0.01958840986936065,0.033052209573624446,0.03605742156044285,0.0731062898580823,0.07679290823701442,0.008491064094487582,0.0411039024800276,0.008268080475436465,0.01726804152491385,1.0,0.030404634622918633,0.03561611888610969,0.05778105137243889,0.02143328036309036,0.04820234293964351,0.06507726204066591,0.031575096959362024,0.04735198736923969,0.022247545037766363,0.018390675790537863,0.016395137483060953,0.02369775623037496,0.04429110278543904,0.006806414109009838,0.1029755396984322,0.027627813033242313,0.042461616916662934,0.02020456161409552,0.06562013780322419,0.054720359307062934,0.03723724210830135,-0.003287854068192874,0.04876399319755994,-0.0017305104870014598,0.002246809023980272,0.021575582971341548,0.026854456156924784,-0.004391609247675078,0.015226149416358123,0.034505590345746164,0.01871538879345344,0.014401930787980178,0.06548016527034309,0.12211572342480945,0.018012159508623928,-0.004806330341432868,0.06263403632450668,0.19255172018279268,-0.0032002710954298504,0.00111933977633954,0.05282114921548813,0.09624501181952486,0.03778492999174666,0.04496096614695509,0.10177356490960268,0.039773276949653144,0.04934551961265087,0.05425441629508463,0.07817733066881451,0.027659392791137636,0.04329606937342676,0.044204727209849706,0.027774557680470838,0.12627837701156014,0.012806940676667367,0.0320825552868907,0.024970580818695586,0.05395775927980555,0.04709661714694722,0.0542037349272362,0.04380028429788756,0.0021566384703205423,0.060859946119344185,0.031168242981013852,0.03702835638714526,0.11258775174641555,0.09073092243261519,0.08144123955226235,0.036901367994687725,0.060373165253946294,0.011508974810635422,0.02521146279153255,0.058299709983288164,0.030996991826407305,0.04644565608604791,0.04801365238352086,0.04027747548647867
5507,0.013335195376368408,-0.00193270847455796,0.02643482945033367,3.6190900752317675e-05,0.035295036312343715,0.02671921577996629,0.05988048184066975,0.027172789117508037,0.012205809870500742,0.022541915974645436,0.031894959410201575,0.03328743997474956,0.0615713225531311,0.08352908628371071,0.04714238728848108,0.06773509063581767,0.07364966768106876,0.03846352459423329,0.021684257267125914,0.03913400558597523,0.029821654592813527,0.03257058076156393,0.03137874341399388,0.01762456522406711,0.0510016395080727,0.03977157908976431,0.012751982613612595,0.042184125389859044,0.018643440357139017,0.07585113892276354,0.0565526747271072,0.03270192303228558,0.03020810032317182,0.032489571308950735,0.027211700252442385,0.05896930218967452,0.020204203925970415,0.017292134019480185,0.02421601864053344,0.06383850662991275,0.031813286010458554,0.049714764572826815,0.058701504179221986,0.0663668192883899,0.023469093926884246,0.031383600670709354,0.039060300527211836,0.025346969145001223,0.030404634622918633,0.9999999999999998,0.06995507841904967,0.07903306125706333,0.06799230231008309,0.058054530207127676,0.006925739140685152,0.06180464857126604,0.026175982383510855,0.07588955684273276,0.027430604868283973,0.012136489599912238,0.018416496204219906,0.03198702658705085,-0.0019454247042761778,0.03217471058869672,0.03145575734256786,0.02912279087402143,0.010492681804473552,0.026349983092742453,0.05709324846977943,0.059335102121647394,0.004822161234402023,0.0324466858189774,0.0023228361621779707,0.01278852320093025,0.012131422435355182,0.04255266324129832,0.052305492017742344,0.04344947073269633,0.04401657724857042,0.05115517015631311,0.07459140554906628,0.02458643637378423,0.023409260226213868,0.033907554076559834,0.013767411345005209,0.0708495796599527,0.03904739379576298,-0.00026707871344977535,-0.0025952423593519824,0.03452891961749361,0.025164171707689618,0.020735609020335378,0.02133206575529226,0.022258929003967736,0.04010827494268353,0.019662775705987397,0.061563351464800097,0.04211583731733297,0.027135586663603797,0.048577513614971,0.011927782993902136,0.04396538796048177,0.060860057553131244,0.028551535106169736,0.06383782778290342,0.04272779976394289,0.04712091680523404,0.033217305021244044,0.09240242344813751,0.06773869746566555,0.009704681003075795,0.08238117133139843,0.02631303423798113,0.06610453372426185,0.04426224918356093,0.07430265114219688,0.0770609591704769,0.02068343115090311,0.0304475104170467,0.013693856481180168,0.04101599579944794,0.04286928156318376,0.03701045486639249,0.05188108082654364,0.07353995881719415,0.08043851888396306
5508,0.009185127094147478,0.0404378617893071,0.019610496899080183,0.017243747773305992,0.005073021407008295,0.0456822760384067,0.04992469065746872,0.03144581981449153,0.013377072264470859,0.030351166491777288,0.07096585866552692,0.04681058430087343,0.06276998215223019,0.08585274547883578,0.04672137508563248,0.023829516927653723,0.03723806589361297,0.02909941903028807,-0.0024398077619022405,0.04912531396283447,0.03403321670394821,0.032116893490455066,0.17715758368813514,0.062010587673588455,0.04405982986347003,0.04067729343173351,0.03493421307137531,0.03491568513985897,0.0062018510294152476,0.03663303780578437,0.03380939570630611,0.0400090573154493,0.02578857305104543,0.020692806569514763,0.045682495650322306,0.02103478638096175,0.02997279525171897,0.028079483912916117,0.022675884906072464,0.05240057839623432,0.02804101784260609,0.04828147226701612,0.061337607739171594,0.07794284247562194,0.05135505328064325,0.043379910057021236,0.01730208121898933,0.04727890298216301,0.03561611888610969,0.06995507841904966,0.9999999999999998,0.06996584521162222,0.022827294803930448,0.061754121061847626,0.02368342588514021,0.028748637445757733,0.02029342067006022,0.030615282309209253,0.021684476594279543,0.03392833483402247,0.02724381529949815,0.03812770608070349,-0.002742290141209092,0.021807953552702097,0.07965977949514651,0.03033000556053856,0.028518975718490245,0.024278643442591112,0.061092992902071534,0.06474403318837268,0.00729325737153682,0.018590817798179733,-0.001101702771316773,0.020821573890294928,0.0405985906295932,0.05774880781714129,0.025696656069610097,0.06590296823500218,0.05432307180961181,0.03900101633262568,0.09727432428189609,0.036080333371090775,0.027123717958609923,0.08068664173137786,0.05384585231864348,0.0303487240987468,0.03068352629946936,-0.00047938380899774797,0.007451155402715709,0.021516423043282634,0.029159279239316268,0.00413273410858649,0.03325858472853954,0.026410975770960583,0.022473649529526185,0.019913632284271402,0.03918300699627996,0.041690005522346335,0.05323659474277992,0.05441808855643181,0.037582124607777004,0.02828153769555653,0.04787865654921326,0.0020731126394205055,0.05516697978040044,0.03934701563334356,0.0354854021805244,0.018100281518216885,0.05913888495379141,0.05517058811238476,0.07626854098608982,0.04267629303599049,0.03333074312240806,0.07513202519230458,0.038210655352697354,0.0642650262260832,0.07938812348661174,0.02371457026357124,0.031629308084047396,0.029883499715835118,0.0710982750567994,0.037465116666564505,0.04064292472006741,0.04138151669660895,0.04893131581390388,0.07000282561437426
5509,0.03515107246593247,0.004533905692613618,0.026910275065766525,0.014224878012914518,0.02830927413156661,0.06260700373001823,0.058904542831158604,0.03614264908244063,0.04878896615376194,0.04816974253457422,0.04845076358790738,0.05815985268902631,0.06686402923442476,0.10970111499643684,0.06010677591948578,0.04414577417690746,0.06862720183925004,0.05402250022783339,0.01040723662776915,0.061179433706313034,0.03419671408070452,0.07695615335748106,0.05993741420007066,0.05942618987195863,0.0758364193962887,0.0328798346629439,0.019986355906371586,0.09956511124186132,0.040661868738542856,0.0731310544749899,0.05923820739960826,0.048590855962892324,0.023773163200515594,0.05239746493811704,0.06865888508299296,0.04116432397811863,0.07033473441374304,0.042275155646810704,0.033420241435500354,0.04155153775841009,0.06786040525892321,0.10312973921876532,0.08858313181901835,0.11602858335709985,0.07068493199096991,0.09141257814349257,0.08052383741945209,0.029971537142909087,0.0577810513724389,0.07903306125706332,0.06996584521162222,0.9999999999999998,0.046396489884512636,0.052664106090651114,0.049249727307619534,0.12175427936082057,0.05780200034349848,0.040224370521871416,0.07570967602394219,0.028777246383418026,0.04278930768050474,0.06364297995837594,0.006340843678886127,0.03295970459627779,0.06818389983800714,0.05713372217260663,0.020343646180233238,0.036550232487884304,0.08296764187383797,0.08255283088553995,0.013321238850379733,0.07687424821994204,0.024752388037505253,0.04391462475254056,0.08305597868708053,0.10749434888813719,0.024353445189738775,0.10755464834586767,0.09332771949728236,0.048247075360886925,0.06683507612498256,0.05354085510703312,0.033501108567257784,0.08580620995085081,0.0193537729044306,0.03238589082510584,0.028408596824047852,0.023401946397858763,0.06156322983893742,0.02693880668642996,0.021194689757025112,0.038307074615217776,0.04874932807066951,0.03642939312885735,0.04539642215657953,0.04394066939202096,0.07667695008617557,0.07628003685905786,0.04460338422590563,0.06528103301350105,0.047294725214573737,0.037550242815161734,0.07954493833175351,0.0275879237089428,0.07237389838588808,0.06154807577292081,0.0757886246590658,0.033430491511521866,0.045532407454576956,0.10318301283732455,0.05294049884663668,0.05274007080686306,0.0550206734140148,0.09043777718314727,0.055184337729283876,0.08105234992518338,0.10379754006780548,0.03646862261147529,0.08945881865854294,0.027446597232643817,0.06272893267660978,0.044227096981208226,0.08441888969020395,0.07022754235940512,0.07710930997093535,0.07432699403714581
5735,0.01987489233616576,0.004282303628070773,0.02038497148457114,0.01289726561012232,0.01523928905384461,0.032709882993039355,0.05622253198257456,0.012666378993956885,0.008182812859887107,0.02340089094958251,0.035070929069851486,0.013547156051254896,0.04572064575464927,0.06311320831507183,0.02503507595629909,0.026584170271383132,0.08809984053766436,0.030678303479904828,0.005632853488043624,0.026621031047618995,0.05696813865848395,0.016045348521010864,0.017621787473361326,0.03225902099839214,0.03699707397263318,0.05214078415519207,0.02357427163102142,0.043905347710174555,0.004453124510158086,0.06016864327931403,0.038686498213784,0.03825777216305755,0.03478299428043957,0.017188375525309836,0.05396387508090378,0.045918817205986756,0.029189175207700483,0.014286134149029866,0.013222065874525343,0.040803048215851706,0.03591867451981471,0.045409771301782954,0.057835624101708207,0.059024214172746704,0.05619218143537722,0.032707517938896265,0.04873618771333202,0.03686922595056158,0.021433280363090355,0.06799230231008309,0.02282729480393045,0.046396489884512636,1.0,0.037107335753968435,0.0031974874017318385,0.02329472272613473,0.014185840907478797,0.06931320103070292,0.016582325140377736,0.008707203131514194,0.01329301884335019,0.036623210333323934,-0.00047814155262124696,0.009775441706947345,0.02597131634412317,0.021780446676186945,0.017577155034483965,0.016168732628965374,0.052527784215212904,0.03774727939207154,0.04063980092492387,0.015468356548416145,0.01636929914203102,0.0126791689493483,0.018153944741339908,0.02751156804199829,0.007049517826919255,0.04271433279591297,0.020991079129936592,0.054212886799037276,0.04134061874472839,0.03194624487766273,0.023962096340824638,0.04016985086501232,0.023163933820083485,0.02997733157191792,0.01821285452592761,0.011595592759006882,0.005145524093368534,0.008307447871442048,0.027291365683794287,0.032077042265083774,0.03267042135962504,0.025069458532412606,0.03420906019299979,0.029131192928118662,0.06512768464749706,0.038330329324804416,0.01787795690870439,0.045727974904293305,0.03003347022346491,0.03686481716557538,0.05071936705490794,0.015550980089867392,0.08734747488280135,0.02963272468177228,0.02860426012395093,0.03491631640998003,0.05299493472046694,0.052215901350531654,0.011993312831487357,0.06875675960638633,0.01665386001808784,0.06296874179014544,0.010933808132202912,0.04519451208406768,0.0414067128703212,0.016000501974839283,0.04985011337461018,0.005856544461594014,0.059726011592182375,0.039093132783039025,0.027893895613854344,0.048349625661773,0.024757061486837033,0.07230266420357323
5743,0.018461279396612303,0.0052501852515816575,0.004820747596493534,0.04175414782452591,0.018342276958946278,0.03601365347457344,0.04610814545405721,0.045649640200941526,0.01857793930493946,0.0675231913973441,0.061469554055117864,0.052127827256119426,0.06247215181202513,0.06393372354063781,0.030932877950994548,0.018634810221333526,0.0312650891811576,0.0319960006058526,0.007011654922443686,0.035911075664488895,0.01658995489392675,0.031962234907670285,0.040510374620896385,0.02202666837466718,0.04024708022019829,0.013722874837294383,0.025742171930652973,0.04241231994517978,0.0049607238455727145,0.06906037139290107,0.04593922887077793,0.04141135832701356,0.014406203167818153,0.04626389313724626,0.04052763082667749,0.0538214471613162,0.038182238610061155,0.015200961112489215,0.03469322826740446,0.027436265304659306,0.06351507978293236,0.05612963126636152,0.049257266715646,0.06359734854548334,0.027807990599836043,0.04922555894204757,0.042737529719875746,0.030918487042679174,0.04820234293964351,0.058054530207127676,0.061754121061847626,0.05266410609065112,0.037107335753968435,0.9999999999999998,0.011817337740286114,0.03186261167338978,0.03930098394436359,0.06151021196290115,0.04013933159777105,0.034259231942882724,0.02905678305585913,0.029600856555890787,0.010795883514681468,0.02968506777815284,0.03787289085466788,0.09650806214177761,0.026294141692019206,0.048886691135817006,0.07207266243903777,0.0434681075011526,-0.0025188440605842834,0.04145672557405621,0.0036161684225188505,0.013336418754654179,0.022946854000960075,0.050956242042459556,0.030829358401548386,0.02216042636291228,0.053074777980304355,0.012365631601175563,0.04206060806742545,0.04345124744090749,0.025953547772631907,0.04000718437835103,0.0012435751881048058,0.07265187600856576,0.0402205410748509,0.0020525278732117236,0.00524158418976664,0.039307549134228494,0.07383240450961938,0.02756906203232815,0.00546741766338026,0.02914440817645137,0.041719720032225835,0.0451178288200062,0.05571247378049288,0.03778406461673911,0.0435944254456646,0.0451311951226703,0.028774364047807543,0.0861629909734192,0.06200681109167965,0.026439476388541668,0.013960027766051436,0.03533578906524914,0.05561992480174767,0.025406549467698502,0.024944746447257186,0.0572334021714387,-0.0006811151832769502,0.06680680417162732,0.024966845334966993,0.04334840481045851,0.012491902668957866,0.048722757236553615,0.049551384276058305,0.030888896715984132,0.041139402539149224,-0.0021130315008695134,0.018416347003518713,0.03394361806657508,0.02421317666916855,0.04533071590257029,0.03805231127578998,0.052567147472426114
5875,0.03584577157973856,-0.0022267198940990633,0.003277589315172405,-0.00022820621516422222,0.031611927315016566,0.04753596988784844,0.061391835072909934,0.03047862238716929,0.006740194029185193,0.022503876235230875,0.07942087538817237,0.052891113729966216,0.05643579186969649,0.0731464387657286,0.03354361700917873,0.07734577861705676,0.04009031332917294,0.029327180334893843,-0.000544577023863513,0.047971146267748455,0.04170678799438406,0.010825246787126123,0.025544656275474413,0.050682889516326546,0.052623087948053836,0.037015768522499666,0.0058994931122214956,0.04992914344303734,0.08600897122795076,0.05106770479754763,0.03625616836172298,0.054845241286790095,0.013824439761964867,0.03903278122793992,0.039893045021349674,0.017436092253629305,0.019303619377135924,0.03162341599564794,0.022918724462773186,0.07642815242788163,0.034873373092392,0.051652041891198854,0.12099084765849297,0.08224023625826782,0.03727744242023532,0.0688992560046857,0.005295809239386785,0.01613595649719789,0.06507726204066591,0.006925739140685152,0.02368342588514021,0.049249727307619534,0.0031974874017318385,0.011817337740286114,0.9999999999999998,0.06302806770626113,0.023520280592274057,0.01940933257554484,0.040939267568539946,0.010876343943662239,0.05448693202083169,0.03693884372097481,0.03718068890853656,0.04727588542176354,0.07229993011968612,0.012878859604986578,0.007011008715246124,0.032974354001445626,0.043888078061695396,0.060276265398927414,0.021386362934310493,0.07417387415722516,-0.00637126680287132,0.029507292936550994,0.0346815015160571,0.06896816416682157,0.006888879997275607,0.03621493419521852,0.04988436526144511,0.036913291564310134,0.04034676148608139,0.07512906448146654,0.049429189793063606,0.07622541446031089,0.0046508220377184375,0.03259339326302109,0.03522320710498568,-0.0015940497343412924,0.040452223701529344,0.01140433025339312,0.010167176798044707,0.005316433229850706,0.07074422819363237,0.015488072905989882,0.019941134487347866,0.026147166637591503,0.05430212074193223,0.027589538645883014,0.025901207766907314,0.04246873278003713,0.02822153143236253,0.01748751164790976,0.07482700957810047,-0.012429664856475803,0.02819978926103751,0.023836141778672208,0.06508994496605422,0.015121858567160586,0.0033614148749139473,0.05405573110452305,0.02373237349422581,0.059659924577244096,0.0639830493438786,0.04210026492784742,0.04952896927203723,0.0681065261531439,0.07317618742651905,0.01673688206476166,0.03206534689342499,0.003965995306772615,0.013600332138387475,0.028901205997607902,0.06617257479172307,0.060494777136115466,0.030014321356507768,0.04233383857406238
5908,0.020466327781128748,-0.0008667787123221745,0.02033344932978991,0.0018206024201389015,0.0625508998769057,0.0559700042804021,0.02323075015513887,0.04379390805600887,0.03647175417576563,0.026261746527241756,0.04423286072416983,0.09906463075851327,0.04423673174545112,0.10941579257789036,0.04633107221044901,0.037513275512019724,0.052024006431822964,0.04196766257188177,0.0008787975089679604,0.030095289168893948,0.01088055071035282,0.04233638574914242,0.014959762591626583,0.057034578084461454,0.036903922050665644,0.010081995541731347,0.007657031386840292,0.0542773680947783,0.014002212578338872,0.05359316683808046,0.04315791841887263,0.02245386628844077,0.005599543396967454,0.03756732895902331,0.0370774550757004,0.020358450219674678,0.01967820005315122,0.028110113547600485,0.03843718068187101,0.044966914078442694,0.026087588874709817,0.09658559090883717,0.0654665562559835,0.07830443193696039,0.03850074276761238,0.09408536195454503,0.02030269952597234,0.025074646920684295,0.031575096959362024,0.06180464857126604,0.028748637445757733,0.12175427936082057,0.02329472272613473,0.03186261167338978,0.06302806770626113,1.0,0.07728193870727235,0.010495782974362388,0.024569967886862658,0.004997632280199976,0.07179840344462587,0.01749427816927642,-0.0031550727863311418,0.019337155492838116,0.050047630415391196,0.021265764482138853,0.008511140216267627,0.014495346911820485,0.03578142474298724,0.027447744559853958,0.008077438031456354,0.04281364216135668,-0.0033072629740299496,0.012387560831302455,0.03528789397470956,0.060915175519354735,0.017428885427405113,0.046635584331776704,0.07079209180325155,0.04572328176194661,0.04272617060632587,0.031496157190651575,0.03506811101725888,0.04506572631763953,-0.0031901403893868914,0.03619232077960969,0.020266756516981736,0.0011916324060396667,0.02627654343630145,0.02101808874860727,0.021709286555475615,-0.0002146357696800708,0.041789469525961145,0.02208980332248298,0.01141182025710795,0.032725421458167585,0.07839089914220326,0.035552570474798734,0.024549415694488114,0.032126049545993095,0.019687971548388212,0.015491447533147922,0.06785192480156448,0.0036779509313553315,0.03811915651497278,0.0586387797936383,0.0748313464289657,0.03284378223468291,0.038227773484122436,0.07551846612783515,0.015407802044494634,0.06873819882103875,0.09583983719258153,0.04502798444596901,0.09261093088375505,0.0663791270090912,0.07673174263553756,0.0347359401296325,0.05163015899240269,0.010298928554594173,0.02387948192572864,0.038499240454403914,0.09358069463794248,0.04764670886178317,0.07492163789536915,0.06812517426151782
5940,0.059874802260179286,-0.0016679032463024857,0.010926646305692504,0.02188622218944767,0.03518126832155846,0.07568210889561056,0.04298129280753104,0.03333606663915796,0.09562410637326758,0.03992064745137671,0.0369832193078551,0.11539529982785916,0.03786045463049612,0.07274685925322358,0.02410797731027814,0.013688434242918025,0.051820448588202395,0.05121997065504087,-0.0019414465593250235,0.03018521165410806,0.0038941816145227847,0.02973383057306613,0.019223540434125976,0.018048424011512704,0.049916055034771506,0.011243397560065083,0.005627784316799746,0.04656287751890786,0.03197279090593741,0.03470772183126869,0.04983808558103957,0.033409514746356825,0.02193709261714178,0.03012413665709074,0.076356662868678,0.04351909907859049,0.024209057666899545,0.021316319283538786,0.051730492510427016,0.017804464844261545,0.020745279849024034,0.0859096549888252,0.06293191871702342,0.08734332974463456,0.030215128599551916,0.04196579687463181,0.004800884491136671,0.04092810177888539,0.04735198736923969,0.02617598238351086,0.020293420670060222,0.05780200034349848,0.014185840907478797,0.03930098394436359,0.023520280592274057,0.07728193870727235,0.9999999999999998,0.04001981911128424,0.01918865630328115,0.023906104711805366,0.015601748792629449,0.03818976792274895,-0.0017121102105857105,0.06335638443527696,0.03930455125228434,0.07632013880549332,0.02618712294682081,0.03298312441134684,0.04717226114832264,0.03774738261896461,-0.0007942490988799516,0.024103028930597844,-0.005829808851788851,-0.0005725648264650393,0.02425998185382477,0.03984765359182787,-0.0023473493129684024,0.02456303853679534,0.045542944257979556,0.0036769644858523085,0.05731379089348796,0.054262658496309,0.026179671184894903,0.022651538320648482,-0.00432592399177856,0.0757144719697007,0.060024402839318154,-0.005167517590316625,-0.0031961812135600227,0.04075476577799435,0.04696822648725145,0.002360958897011841,0.05429532809741312,0.023811094252769203,0.0218838357706431,0.03469538450433024,0.0797992901242906,0.029849028707221465,0.028913762960199204,0.04711191760532171,0.0257816805226233,0.05526250340404966,0.04583613333490555,-0.00750835514278428,0.005893050965565049,0.03165740274964124,0.04072765851596886,0.0306853427936881,0.025844926355494863,0.05158090639480083,-0.0068685332412966385,0.08611174661926643,0.08076935752455007,0.029714648774345997,0.023391383288797526,0.06663908101114399,0.03334338282784508,0.019284105320063354,0.02914736030963298,-0.008016074642252772,0.002521141293347839,0.04811130579823364,0.028085035548105222,0.03891386767244218,0.05440626145385563,0.04358607160101248
6191,0.011711436577569085,0.0016470656215428418,0.019007814541106876,0.015189773571956621,0.007551903304792097,0.0452482250636389,0.04879546505040535,0.016157477951240735,0.004425008634084481,0.04243455569702019,0.039187545278294496,0.013563710203832667,0.033141562200501726,0.04284534226001352,0.010530488329138539,0.019919573421944448,0.03816724370033094,0.021285211892732067,0.0005256517240888003,0.02480898275108126,0.017954140961318903,0.02776835141063799,0.019219165607081763,0.03163637412451684,0.046867168860759874,0.030335687500123432,0.026483218721690686,0.028523027848309974,0.01198194491003876,0.04428730765870439,0.06912955884695933,0.027759977276460724,0.013929248073676534,0.053325585625662704,0.041929454544887404,0.04022602092972349,0.039012258152841914,0.03570386555322547,0.02024505205658,0.07892117435465808,0.026040674354730207,0.03107242263846179,0.06436473559274715,0.060720955665035665,0.03209524240490414,0.02853650628488193,0.0280957600675364,-0.003114549742178649,0.022247545037766363,0.07588955684273274,0.030615282309209253,0.04022437052187141,0.06931320103070293,0.06151021196290115,0.019409332575544835,0.010495782974362388,0.04001981911128424,1.0,0.027422037525103207,0.047110672350995496,0.015907773024282344,0.044772905283700815,0.023021694306437985,0.028560703719771065,0.03126637071228339,0.07449105181997093,0.04718283171879986,0.07073400927559305,0.05321888782805447,0.046912816316472046,-0.006872910594969962,0.02022170319084512,0.023773465238004225,0.01971140525799755,0.04013774086878042,0.026529494373586503,0.04241960623941283,0.03253078212650428,0.023526414853079915,0.013383869744359124,0.04994465331280544,0.0609112604724479,0.0141673607145997,0.0487720069763191,0.011127444717232662,0.07897684199299243,0.03157846187726955,0.00649736967772967,0.015429558808408494,0.017798045456406605,0.06779113178167456,0.03478906478667645,0.019374656530373912,0.021714709073717517,0.04523698111298992,0.03726590953249312,0.050077900297431296,0.03346164845903573,0.03163786465099422,0.04066978920001645,0.03741193961777524,0.0422340630018073,0.04612242163244491,0.013733748294554406,0.03142340595869889,0.013779497484848897,0.035706003745694895,0.018881138731045043,0.030224029787340664,0.04632014275695928,0.016846947356061997,0.05351580284757854,0.018008716983641558,0.05209860124440183,0.00281609863608473,0.025432716643329665,0.04465515864161276,0.016462609870434085,0.027389049394574178,0.004304561039558453,0.036622704445817195,0.007267350502125487,0.013283205456786212,0.03452413381247035,0.035042200037244155,0.05430035155563475
6216,0.009214103879873732,0.01368349731062516,0.0008825806637711139,0.003477131135151591,0.030142457041662563,0.035742287840802044,0.04704964919010942,0.013992753214735679,0.017668013368914343,0.05815358461805602,0.0327616167965218,0.03490695422304529,0.06144454840009856,0.08064152223627868,0.03565159005532032,0.02922615360697619,0.05890800025662631,0.031791838014463364,0.01687992012668638,0.04853160940372829,0.04685613622416324,0.028334332354121913,0.011263436084246304,0.05248489574058025,0.0574363659750297,0.04386846131108496,0.01180106682744577,0.10638507238346569,0.027765744184459023,0.08557841661525144,0.05377355502851237,0.030384025499945434,0.04324384303890715,0.08564069981702388,0.021677782218063227,0.03225721668046127,0.029619148113481167,0.02910732357826414,0.043676464325237176,0.024692466071152677,0.032608837393872436,0.10322363496405003,0.053964635476657696,0.06912719987190993,0.020301082671859372,0.11456940533636971,0.014599079701153844,0.0012890505068841583,0.018390675790537863,0.027430604868283973,0.021684476594279543,0.07570967602394219,0.01658232514037774,0.040139331597771055,0.04093926756853995,0.024569967886862654,0.01918865630328115,0.027422037525103207,1.0,0.01500397609551957,0.06249953357256733,0.034663130403056484,0.056865938023901885,0.002776123705997867,0.0535652888468175,0.030108784801333357,0.03242877888692371,0.040593363101753446,0.05965092270150178,0.07804735470896096,0.024699217685380685,0.10783536582993417,0.005174063265985017,0.05133449932645564,0.049992776658507446,0.08951411084300495,-0.0017288768141563657,0.07791356443808944,0.06230917562241964,0.016671928856777873,0.01709672921436159,0.013220290044706018,0.0009521615139272188,0.11124280171808384,0.022911647807512897,0.02077263449951928,0.027645177075968266,0.005717524766159145,0.035831007954355676,0.00686195667398782,0.006068310899513841,0.02848773615336725,0.02252249579577062,0.0030788339493123067,0.03617851198059228,0.03258015352536458,0.03798196710595244,0.02938963426505748,0.027106308719424217,0.05532314776208274,0.055061828965164324,0.00914969037007963,0.03841860890967893,0.00571736098654555,0.017200916840915438,0.03693894886135394,0.022420461234939824,0.0339837450686238,0.015310323469202032,0.06975234488068541,0.062329396750911606,0.03466668233231973,0.026344106244225313,0.04015848927613694,0.02401152285630728,0.051364764712562586,0.043035933862855445,0.024769255712210968,0.039630130886023615,-0.0013028051122699915,0.022912643715941382,0.025496576439760037,0.03719239353953413,0.03900153386681144,0.01993350539869234,0.04100925233950141
8861,0.019490445443167075,0.008106506750108305,0.020308108942025407,0.009970457822457557,0.020110714363688244,0.01726624173712906,0.016600294538158554,0.030928474300123313,0.010196390372283839,0.0462932948350642,0.02801627579182216,0.0411499611542123,0.02515628434106585,0.03190726112921702,0.023617931903937874,0.013175883903158476,0.012934094005146626,0.007049610960011792,-0.003907687070969088,0.014219225943861288,0.0038488314298092863,0.008999139612747545,0.02678614213931773,0.03724822109506947,0.016378007188354252,0.02412562494572986,0.029670866640257067,0.031992706647284846,0.004743007054269049,0.038500872860000326,0.02608551330060815,0.027675725865039715,0.010093490515580592,0.007422731766584993,0.02308595376037821,0.05115130036940946,0.0202190944818438,0.04203635398920292,0.007998816892671184,0.00938082541807714,0.013461593952246213,0.0379020161439926,0.03964836881353607,0.03483182029624661,0.02328026706098672,0.010257692891741972,0.021128086264460447,-0.006998677772249398,0.016395137483060953,0.012136489599912238,0.03392833483402247,0.028777246383418022,0.008707203131514196,0.03425923194288273,0.010876343943662239,0.004997632280199975,0.02390610471180537,0.047110672350995496,0.01500397609551957,0.9999999999999998,0.039155689040310276,0.06518228279601652,0.03423259506919699,0.03144044345106575,0.05454677835442574,0.10403547955617001,0.033176109116323564,0.04706884133503908,0.07136510825823825,0.05896604556735424,0.010398797366779918,0.023124932748093036,0.04030297606211305,0.04037151389769659,0.06159595254625024,0.037099969119986816,0.05850277615235994,0.04290475886607399,0.04979591798516434,0.012300117110406026,0.05221145882057377,0.027270286090825626,0.02815756529154189,0.02366523904513376,0.029850426180267658,0.026036677413048194,0.011317016549280605,0.013914101302082487,0.09245433746305806,0.02053648230253502,0.06077673047400784,0.04685193286911428,0.017761626355252667,0.02770473356718783,0.028389168029378627,0.03669058892489166,0.024335802450382894,0.038312312887074,0.03282805660050115,0.02575968495567113,0.04204612304118732,0.01845779682371111,0.022977143616186378,0.027493804681124577,0.0034835784081079253,0.0726056834420731,0.032070383560137215,0.003931123789044776,0.00218130453050923,0.05110460137911546,0.06840302827974233,0.02525551022656898,0.03262286910584422,0.057347209282232574,-0.006406870076213133,0.02672953728537588,0.04581506061771595,0.05244359501432544,0.04142044365296711,0.026224707165529656,0.04410066731346046,0.003660853346296995,0.02685460129472627,0.05540666266379199,0.037966479752798335,0.04339270868762333
8868,0.01718903771830011,0.014399077472000778,-0.00832743145859791,0.017253385288024472,0.01436241149442555,0.026085759155220156,0.03537878507419004,0.028181663022768227,0.01679649358974509,0.032730689150413814,0.03598113081234551,0.03834640267856678,0.05093300695016523,0.06628994191792913,0.040676713525646474,0.023177452268552477,0.04448167197265717,0.037263614513782795,0.016505349427393543,0.057662122011328754,0.016468756934271744,0.03815940618235883,0.03584735329997002,0.051936607561766726,0.03733834145196743,0.028064084140287864,-8.523467264980908e-05,0.0684857987626232,0.021082258272031053,0.03802524041868673,0.04674045550716464,0.04082031035907322,0.006871509208605025,0.0499199736807835,0.03702121601289303,0.03132131487884872,0.02465495470257068,0.024825247872692996,0.02723988105411088,0.017206361393706186,0.023406544607633195,0.08295156921904016,0.039400789920244435,0.057951525220619415,0.015328935194043122,0.07110690800555271,0.026104959399274888,0.031172916895243437,0.023697756230374963,0.018416496204219906,0.02724381529949815,0.04278930768050474,0.013293018843350192,0.02905678305585913,0.054486932020831685,0.07179840344462589,0.015601748792629449,0.015907773024282344,0.06249953357256733,0.039155689040310276,0.9999999999999998,0.07296497360686557,0.018625017565878674,0.025562177328621045,0.04095482760408441,0.054141979475982746,0.016090140743491174,0.026276299866070527,0.06824955066988568,0.059227622077336374,0.07941974231531695,0.081526400451136,0.010299822316639179,0.025964192237736307,0.03274652904743286,0.06971430279214368,0.01108938213977787,0.07047066291116613,0.06351506903715229,0.012551537708001168,0.029733873097791776,0.019826915608790106,0.03188070180701689,0.034929369286598094,0.007578108604729145,0.037715281562077,0.015214515836349394,0.0060325501620858025,0.024215628331706453,0.02345374566120719,0.023561550593663126,0.03759932570920671,0.026202124173759042,0.031918967249824765,0.03775142945618077,0.0404468001230024,0.04164289122367419,0.040344471141493705,0.03514896389970686,0.04502684226530243,0.03244245042939786,0.015454309064590202,0.04464239750985911,0.027332260991132618,0.029646217478301217,0.04253976675732127,0.041597848834469965,0.024528073039773998,0.022883300373080555,0.03964765838941698,0.02149728976800791,0.031098909866041708,0.029016005919090544,0.038715655047545726,0.04769582321363706,0.04896464986000232,0.04130383969997008,0.035623823540989794,0.06751187332698048,0.04112522876713047,0.03725277617715445,0.027776953395229592,0.04729524126224086,0.043032452980920614,0.05275895361044308,0.039152225991523834
8904,0.013492696665313273,0.010178766165398544,0.039372354870827,0.030894754860145257,0.005867444716640861,0.062224058141299374,0.06726502317511601,0.03608639060736178,0.030269819257543358,0.0558979315316639,0.06461470926250613,0.041399260990695956,0.06831808495610603,0.07893028740961887,0.033659523913962805,0.012492079027937392,0.046644957058009126,0.04005902440045032,0.019862647368348123,0.05690224247653199,0.017659630247846336,0.03723447265420357,0.025407117830920877,0.051795349048413736,0.03575995787010791,0.015528466172036784,0.010546292683030853,0.06560277915035237,0.03569423782033974,0.05844607829541737,0.04423176226028029,0.07234742737442292,0.03602123168230549,0.033709502137261406,0.0717254999242735,0.05880899363945638,0.052532729256268174,0.039971422736301346,0.020127551051705828,0.04512584060516558,0.0502770038345754,0.050429441973890654,0.09184596311909181,0.08698704686239503,0.03828079848855369,0.04179536605579604,0.03690780509132005,-0.006092061756439712,0.04429110278543904,0.03198702658705085,0.03812770608070348,0.06364297995837594,0.036623210333323934,0.029600856555890787,0.03693884372097481,0.01749427816927642,0.03818976792274895,0.044772905283700815,0.034663130403056484,0.06518228279601652,0.07296497360686557,1.0,0.04826600859479328,0.05906253302312896,0.0815569153925866,0.1147501319981037,0.04794960729111364,0.04156340385543056,0.12393336880560354,0.10833697434497905,0.00525210623533636,0.0878334777951613,0.037344678049288954,0.06048125498738956,0.12691518217539965,0.08406424484745474,0.075307385132364,0.09934092115455356,0.09577428261093672,0.0546051665871541,0.070629239566803,0.052897240774785984,0.04698752801616042,0.07594466485495657,0.04066193434037443,0.07582737605436363,0.02022438821578481,0.03821567692907666,0.067534757020109,0.07451046511601599,0.09728687577328753,0.1291030358373942,0.05256840938293696,0.14941888294305844,0.15186697899355125,0.07637291457944342,0.06706349608588616,0.08591503505776073,0.04743589725756968,0.1101444635272697,0.037214994710511665,0.020601048611311876,0.07726761886174165,0.04924074651567728,0.04880292081104465,0.057534531751185045,0.05471984453591684,0.008034925342151522,0.046173881403812386,0.0706220364100611,0.05118334757094713,0.03865744796168592,0.036883151644064485,0.06987346373559464,0.02023511138324521,0.04881352356866062,0.07200580137453974,0.06546295543886645,0.05863016343842678,0.031783142246185545,0.044217289854165294,0.019764319130516655,0.043433387854054234,0.08608785737628942,0.057742441380593465,0.0685947087543559
8906,0.009183745489420718,-0.0022161520931863366,0.007930022421697746,0.006983324820311829,0.009258211984710331,0.006636507719017613,0.01713019517087652,0.020050637853855947,0.0024788231499978915,0.03246601500975967,0.04125167689342353,0.013622128951817896,0.009539527011013089,0.01984339983469971,0.01314245948447443,-0.007702600932363153,0.02138258638973678,0.0021782571661607313,0.03293624811760713,0.010377838522594019,0.012798937446818032,-0.004387311611695238,0.012170439068035901,0.015817140685564918,0.02232308601590013,-0.00040335982238585706,0.05607522625113789,0.02156459577055652,0.05099039531015808,0.03191888373032869,0.025656930352198962,0.03423039466114516,0.007738876397534121,0.04637614285650925,0.012002311706347264,0.023462252438996762,0.02596245742244351,-0.0004275462140204862,0.008054462592436891,0.0012458295487169152,0.03271108301668296,0.008517181795631733,0.030274912097334784,0.023340455434249195,0.0187998460901728,0.011804092750507597,0.009650875571426614,-0.007698856794403547,0.006806414109009838,-0.0019454247042761778,-0.0027422901412090914,0.0063408436788861275,-0.00047814155262124696,0.010795883514681468,0.03718068890853656,-0.0031550727863311418,-0.0017121102105857103,0.023021694306437985,0.056865938023901885,0.03423259506919699,0.018625017565878674,0.048266008594793276,1.0,0.006356226891880682,0.040053078118370826,0.048583086262923084,0.009436209772474438,0.0033602868912464335,0.02721571622300211,0.025287943221320955,-0.0061700670418001705,0.05679685801762227,0.07290903872623726,0.09954493042891585,0.07402639251344437,0.035737237128800906,0.054520436344661014,0.024831826504716985,0.04758661443868767,0.00565728360201033,-0.003438052544813296,0.009026475897435396,-0.0013423336479367841,0.036865552879618325,0.0448061365215912,0.017673585182103844,-0.013891093938085108,0.03957107328336761,0.05095441017271165,0.002655334948059318,0.030161862442621746,0.04873779466161921,0.03090192146729856,0.006676424835754472,0.06062495257819025,0.030730396021275773,0.007286063936401509,0.04333768499335639,0.009080641231387474,0.026809649810800418,0.03529937174645463,0.00777604613309268,0.015989775363861557,0.04507578255770856,0.015922107598530126,0.08135550408780522,0.016076260107199467,-0.001686480390057951,-0.006559199748700015,0.01786119121196543,0.028189183968089462,0.011231874546744805,0.011005036257748632,0.031183530206171404,-0.0037490416861776887,0.0074205090942681545,0.016085739264994982,0.07401670084304075,0.03361093535148872,0.05739261140518079,0.006474158124819375,-0.001693906948237074,0.01985317011453831,0.018992117525036593,0.006719033104612687,0.011246998995100625
8907,0.012001652872312966,-0.00571304755313848,0.015333232924331716,-8.477119747295397e-05,-0.0013617287936292665,0.04431807829484381,0.04436775190838118,0.03336050502951549,0.015908063566138785,0.01513672753993233,0.02587786263173733,0.039114588488121285,0.025226289250816724,0.04722016998643413,0.02101757920141254,0.031878333844477795,0.03986821371813745,0.05672535127822907,0.002792744168310573,0.030938223103202135,0.03039127248167931,0.02687223475601554,0.01776668899614557,0.013079060976846428,0.015986220635401484,0.02023481582680776,-0.001647602307608068,0.03647347755691084,0.018557087723009225,0.03437759580197879,0.012630591571512119,0.042830394104211134,0.002045877464871667,-0.006215320161328036,0.021366985639507,0.021903862142529377,0.01567649996380445,0.008583471006943292,0.00823524989151818,0.010047518885730357,0.014283300287658575,0.03609911183038616,0.05311207899136952,0.038624432332554644,0.001470224664780406,0.020804449886082904,0.009668308940275224,-0.005081814516751112,0.1029755396984322,0.03217471058869672,0.021807953552702097,0.03295970459627779,0.009775441706947345,0.029685067778152836,0.047275885421763544,0.019337155492838116,0.06335638443527696,0.028560703719771065,0.0027761237059978675,0.03144044345106575,0.025562177328621045,0.05906253302312896,0.006356226891880682,0.9999999999999998,0.02428587530771073,0.05192761273262989,0.029640945971431364,0.0535467026076344,0.11668058185590235,0.07482771893891554,0.02402474655940487,0.10219304561311755,-0.0025335822058670816,0.004113249279181513,0.016453056999402783,0.037720808275104274,0.030924931040429825,0.026575361141939476,0.0228214780777936,0.028226266909180987,0.04001834499559335,0.05089702574308291,0.14748308466010862,0.03002696417631393,-0.0053165023430749225,0.0924112931275261,0.11864240058200622,-0.012768979491819014,-0.00033603089847563744,0.052786250376968005,0.06998075063764486,0.01662825174757888,0.13699943544804635,0.04168717662278556,0.04290613510632262,0.038449371868635104,0.05290556548362797,0.04660744887091022,0.04110433555883209,0.036321065922223846,0.03769363397435568,0.010773779021237771,0.06119141513018654,-0.002434938244367922,0.029810915930685848,0.025917589820361946,0.0409650559022347,0.03994947894881015,0.03408808868044042,0.027382200349424925,0.0009890058569675887,0.0412256787555862,0.05866664543024039,0.04571342912096878,0.06370255360911167,0.06665117072189362,0.05671284906707181,0.03470383082361291,0.025352687035804972,-0.00452362393628666,0.012090174574487474,0.008172708289027638,0.04089019975985381,0.03948946051170783,0.05763791756876687,0.042076764943619505
8908,0.040884162044750205,0.01172111134466452,0.0064225924919236056,0.020716006154861643,0.019709376052349823,0.038766533317075996,0.04120384352742268,0.043181822086671935,0.04107663445256491,0.0326060925276764,0.06913309844209067,0.048075111672761926,0.059207664099237466,0.06855121915037231,0.0365626132241627,0.01986233450730548,0.028336223129110223,0.02180858511442507,0.011806980908552372,0.03066472905889894,0.01717045852756795,0.032314888648725275,0.06335651992571138,0.04127934519407597,0.044855766838976414,0.02023312581587042,0.038606113512448643,0.07721017258206565,0.036615366911048185,0.05937191429536334,0.03563150305904977,0.0638881420724305,0.016565892196380612,0.020785032097722287,0.024859754567733275,0.024471596051140295,0.03319536292759844,0.03869971766493478,0.03705901226233784,0.03343203725408737,0.04857018154975162,0.06949486628023836,0.08709176155131773,0.07330672471477698,0.02995887525246727,0.05773903760643785,0.027803024549176356,0.0009463296185455121,0.02762781303324231,0.03145575734256786,0.07965977949514651,0.06818389983800714,0.02597131634412317,0.03787289085466788,0.0722999301196861,0.0500476304153912,0.03930455125228434,0.03126637071228339,0.053565288846817494,0.05454677835442574,0.04095482760408441,0.0815569153925866,0.040053078118370826,0.024285875307710727,0.9999999999999998,0.08254030732919426,0.049932633419376975,0.048344507853500134,0.10090825230854958,0.08436321561895338,-0.009877050398181661,0.07639446247391779,0.04026710500216979,0.03403763521937272,0.09414416118680488,0.09466197232788481,0.056566350550488406,0.07258761987979771,0.10597721431655344,0.032515538203663735,0.058559291534493,0.053447750500991875,0.014878313924277445,0.11306235984281722,0.10257490330577697,0.03505990287668979,0.02565080399819251,0.023838824022454262,0.06924003476035304,0.002233457843622236,0.045446075684737755,0.0438872598273699,0.08650374631566535,0.03346726451189664,0.052289817768332456,0.03375530464925307,0.04296297195241256,0.055596013564356866,0.05433918683852225,0.05834426930325082,0.06753926263846478,0.024587097884826683,0.06860408725923516,0.024425782655472687,0.035856621330893235,0.061097553739067424,0.04925204393522322,0.009003758589375539,0.014277122335859536,0.07918038028633896,0.07280008378417287,0.03835104036412576,0.06454927232453513,0.04924407404380208,0.026245472025592298,0.05151696277483698,0.07460686468197053,0.05635991507590316,0.06901947438257507,0.04458934116989389,0.044235027847358,0.030331712990540247,0.06351465186841608,0.06268761694671701,0.05737107714961571,0.04280477724082584
8909,0.020485023598843483,0.0244770879735421,0.01100663381840016,0.054915371697944214,0.015279294935296811,0.040177539206249835,0.04545777167459243,0.04142010149810972,0.027073338331979384,0.06495692510293845,0.05123499891667566,0.054396587469593416,0.06498801691712613,0.054228842755457085,0.032022852106246766,0.011874180444061829,0.023547364715346908,0.025922708677829275,0.012031023289869805,0.025160752880596896,0.012225501893518348,0.033886704953983014,0.02419729820113172,0.04238507250725514,0.041211789831472695,0.012961093904818354,0.007604150843508721,0.05367010985187206,0.01656375671867945,0.05926269839664669,0.0466528917852679,0.03366557998666476,0.02362799466844061,0.020928861149788962,0.02772765136598398,0.07042111561350398,0.03670083514254662,0.03509222924112103,0.014033086581675716,0.01733481553895018,0.04013348107436544,0.03923718295470122,0.06614470395238765,0.05569881214806148,0.021546987750794822,0.03919227881433561,0.033994883041423875,-0.00637661249048459,0.04246161691666294,0.02912279087402143,0.030330005560538564,0.057133722172606635,0.021780446676186945,0.09650806214177761,0.012878859604986578,0.02126576448213885,0.0763201388054933,0.07449105181997093,0.030108784801333357,0.10403547955617001,0.05414197947598274,0.1147501319981037,0.048583086262923084,0.05192761273262989,0.08254030732919426,1.0,0.05687352061412603,0.0708566576604024,0.14784689173559387,0.07200672753960011,0.011216384434947487,0.06582897687456907,0.05253299276540258,0.03446936710036938,0.09263797521279668,0.06527125190367898,0.09680586632886987,0.07463967986608253,0.07248964051774558,0.024931883152435406,0.057684301284546116,0.04045477431732648,0.02323855297401242,0.04494231789342749,0.03635078843540936,0.06460895983840484,0.04498247452137423,0.03438460115106495,0.06491894032836523,0.03251219956650641,0.16023157598228518,0.061453967216334594,0.02526877117193027,0.07674305141551972,0.07714513735682353,0.0517633649576517,0.04432026874430953,0.06777426532378089,0.05731982176091399,0.052591412196668484,0.05498447145345795,0.056546611376771645,0.062489526359637865,0.047794411754119616,0.020378558597898624,0.06292716022415425,0.06033603542289699,0.011354979976387493,0.02310509968381657,0.08514125725352827,0.03234100162334121,0.04642434602715215,0.02663651343270963,0.051548283946606356,-0.0006087472395943777,0.05067429512768581,0.05111394213633007,0.0844386448860099,0.04431187017171446,0.019124299423238997,0.027746584152624026,0.028054169755369864,0.03397440260893934,0.07824192594167417,0.05469993661222693,0.051117280262389084
8910,0.009694413901959924,0.009783814292205617,0.020119415785095084,0.014958476660512058,0.0012229661392603403,0.026534306309558026,0.019843042098126533,0.008919764693639334,0.005198599176821238,0.034588868682342566,0.027021339590785325,0.005826657783259773,0.029006693661618167,0.027894279775751554,0.008915395220138464,-0.0014856255201924132,0.015362409534786691,0.024306041008745508,-0.00018425377780935897,0.0067480046986208115,0.02113346971349672,0.013779683602222502,0.011901611153793751,0.026514673057798574,0.017809233550692243,0.014575373086144774,0.029903753463869774,0.017548365561763913,0.0025626323166965726,0.037496273471021684,0.019555153712127668,0.030712318179786372,0.0034033653961618414,0.00958169864082833,0.01649401137880438,0.030826960157487822,0.020066535545053023,0.023725187206666994,0.0022797854962981127,0.014109006473396881,0.042233570658584886,0.007419099901314869,0.02918759983651459,0.022594278507424684,0.007765508561926775,0.015033255107196986,0.01257256037929736,-0.001492751085646598,0.02020456161409552,0.010492681804473552,0.02851897571849024,0.020343646180233235,0.01757715503448396,0.026294141692019202,0.007011008715246124,0.008511140216267627,0.02618712294682081,0.04718283171879986,0.03242877888692371,0.033176109116323564,0.016090140743491174,0.04794960729111364,0.009436209772474438,0.029640945971431364,0.049932633419376975,0.05687352061412603,1.0,0.017833877454737086,0.052949804942240275,0.050973857402166735,-0.001844397488411385,0.035365415373375925,0.015071417528673607,0.027685645687812583,0.049334997625032136,0.04198869730463526,0.01448166249588268,0.040902702600106554,0.03518237510537525,0.008374276985820644,0.022674123137294177,0.02650182717137043,0.007921706786506805,0.043957348061331405,0.037988075695108044,0.05769556651192131,0.0049388894491714345,0.016487260248874466,0.030346383319676762,0.00974137843866269,0.0641512509447873,0.028758717825457546,0.032290401453427306,0.012463085907477937,0.05224604556181096,0.03661422288491899,0.017895223258256942,0.03852362000073403,0.028557827500918908,0.03376543373047212,0.02970299177498893,0.019959746376361595,0.017081608259494376,0.023985941247512396,0.025757439151150863,0.02594175599211407,0.024636104031858345,0.009052640716893436,0.021813198138168437,0.0421685541588964,0.02677072146533981,0.018306492563411724,0.022978871676222683,0.04569337946518005,-0.00483462870774944,0.0155098600807493,0.02006343966883583,0.01921053237851909,0.021422398446351833,0.01213416331682888,0.043100876832864184,-0.0001794366185609825,0.016324342567334546,0.043913655985631066,0.029186274363251927,0.03249040057109728
8911,0.008617801709223143,0.012009279111674782,0.008069539668788362,0.003142163991800842,0.009961583097869703,0.025944024726719403,0.027484494129407566,0.012894294479754266,0.02253017724388038,0.03442047637906681,0.03071042243508222,0.04425799264895799,0.03350927870594379,0.06748162027520745,0.038670282858426275,0.06408440710681987,0.024571270424091445,0.022655743983193723,0.0002109302963367651,0.03849392366244924,0.031239058913574827,0.019697416562738067,0.020419409201569736,0.039652914946926604,0.015120549933033718,0.03721919625625686,0.00778423615274294,0.04730527288240079,0.009609580147907396,0.05075586784465922,0.024352532127888724,0.025923335504630007,0.009289786860175472,0.01144377920821158,0.011969859762144304,0.02726425068945409,0.011145086995593264,0.04298813317499348,0.015109754738844457,0.04503955355427774,0.0088078682935342,0.04110998524887696,0.05545126434786732,0.04265274954335559,0.01906589043106802,0.016120830053877013,0.016058111509198187,0.014565739455796546,0.06562013780322419,0.026349983092742453,0.024278643442591112,0.036550232487884304,0.016168732628965374,0.04888669113581701,0.032974354001445626,0.014495346911820486,0.03298312441134684,0.07073400927559305,0.040593363101753446,0.04706884133503908,0.026276299866070527,0.04156340385543055,0.0033602868912464335,0.053546702607634396,0.048344507853500134,0.0708566576604024,0.017833877454737086,1.0,0.06628290336617197,0.09655463882788183,0.008879042164844366,0.036657095305629404,0.0067002244431253995,0.011606189267811122,0.04275030018532347,0.02971272688215553,0.031052508495643793,0.026565729722855945,0.024905606233846432,0.033726388569440886,0.05561016653540315,0.12746250630895797,0.022210072642302795,0.03452340572315778,0.009503447423592598,0.025274866778987933,0.2150342245601811,0.00045049116859119913,0.0011651286889307311,0.019013474804034397,0.04065918133321385,0.021254038167479627,0.02117880019232138,0.05057806236960439,0.012265325777677328,0.018425669488980605,0.041821719472369276,0.03528300538616451,0.05097176291531222,0.04154411389146698,0.03482689742406654,0.02953475484138762,0.06274956503445758,-0.0020429582589163767,0.022194172997985692,0.02402655537292332,0.04089752559290108,0.028885423656253083,0.025114131912942247,0.042798953885177765,0.0156072919302111,0.05550650995498387,0.02776748629851401,0.044717529459575175,0.012717688685747918,0.05121282260906062,0.05541749196873142,0.051531577282035286,0.025764687632319736,-0.001016898439176536,0.022279048168410195,0.028300501237874847,0.04683309301474014,0.06058620596950349,0.04623541425852022,0.04986949211553193
8912,0.018268106808183,0.0002830741875216359,0.008013720805451699,0.02249530028943025,0.025266707278873955,0.06320559231121077,0.05675646712354782,0.03850218754546427,0.029968766833229757,0.06767504639112044,0.06587861019738486,0.05931482527096495,0.09119355065995288,0.0809609449280529,0.04414281857093839,0.03251729399305434,0.03696705146349325,0.045652403808632766,0.01350208892389349,0.050730043085177014,0.019494201103406564,0.04783309189590135,0.045334787893350895,0.05798620772340759,0.0580327060395829,0.033213054978299066,0.013626089837110113,0.08271041920910797,0.011863424098772042,0.07080945004766688,0.07733268411338702,0.05750801593108627,0.026126067599612376,0.03355958670816781,0.05590068243279164,0.055536289025659734,0.04082759650546906,0.0365889066429587,0.0390687113655257,0.03983191877810308,0.04987517242088956,0.08788878599145514,0.10699281010873408,0.100725007040108,0.03366620331185286,0.07290344479588076,0.04559473983083269,0.009303213347845323,0.05472035930706293,0.05709324846977943,0.061092992902071534,0.08296764187383797,0.052527784215212904,0.07207266243903777,0.043888078061695396,0.03578142474298724,0.04717226114832263,0.05321888782805447,0.05965092270150178,0.07136510825823825,0.06824955066988568,0.12393336880560354,0.02721571622300211,0.11668058185590234,0.10090825230854958,0.14784689173559387,0.052949804942240275,0.06628290336617197,0.9999999999999998,0.10610338174270456,-0.011388790770178075,0.1098783781989858,0.04835331472846124,0.04829581853355389,0.09396005945575156,0.1035583889743046,0.08753650704042718,0.12278919309785778,0.12102256288476873,0.04393906636615127,0.08166907303299997,0.09467838988195727,0.06501893169457225,0.09056980660880068,0.05092078207808076,0.13085487852498082,0.07530390131346573,0.05940307317307719,0.07552264881992757,0.06133714910681244,0.09523259398792165,0.06736001590179555,0.09650169315910057,0.12130978388908877,0.09821204891157864,0.07627353736049439,0.08453805974850093,0.08200728265027779,0.07089444454537452,0.07925057480465261,0.0485747877601966,0.06012116787122418,0.09248430330682848,0.037182791967265816,0.052198257721348736,0.0688858164892581,0.06484578166978465,0.0408463274072849,0.05699902955821992,0.08998511696335301,0.05261139095691988,0.0681639810351065,0.058271935823393406,0.07999463491728313,0.03446057345335483,0.08990714633998799,0.09168446079497364,0.07793365203936786,0.0752931405116709,0.01902113824090346,0.05360210276872542,0.03111475706034115,0.0887813677440383,0.09654762033842329,0.048717900989243515,0.06648157985183967
8913,0.02422139678594083,0.01515125469755254,0.022495184878556063,0.012643979006782727,0.012536472226516776,0.06181127215758596,0.09602230771090925,0.041810669074128795,0.03521323714840181,0.04506317764605282,0.0694894369722582,0.05129095859271564,0.09983191273753723,0.09332249713302204,0.05468225302992714,0.043140507654223934,0.04656926025664135,0.056777204597874054,0.009806245078496013,0.06935557861262039,0.04472968682580997,0.03686763880072919,0.04635552499239152,0.05407754340746819,0.06523133867370667,0.04286666488195301,0.01662006015682035,0.07648053531566328,0.04074099358574106,0.09137853162399505,0.06806175594508726,0.05544161802791791,0.0394448889088223,0.05041141191132458,0.04191761884485651,0.03682357981553609,0.052272891178874965,0.0435906369344714,0.02603503132283568,0.049234953638430105,0.04411467422352697,0.07536123387142077,0.10037877050269936,0.09124077828631155,0.053842668623898055,0.06318686584406981,0.041359773718059135,0.02052424759678634,0.037237242108301344,0.059335102121647394,0.06474403318837268,0.08255283088553995,0.03774727939207154,0.04346810750115259,0.060276265398927414,0.027447744559853958,0.037747382618964605,0.046912816316472046,0.07804735470896096,0.05896604556735424,0.059227622077336374,0.10833697434497905,0.025287943221320955,0.07482771893891554,0.08436321561895338,0.07200672753960011,0.050973857402166735,0.09655463882788183,0.10610338174270456,1.0,0.002179165120897151,0.10928414778345023,0.03265358024578366,0.04068191611325569,0.07734203493118436,0.09179321852952634,0.04298026418513783,0.09947792426465595,0.10605898665553971,0.06406154242381323,0.09073892492654423,0.047604078634420684,0.09080463178294211,0.09836877670183278,0.03326757152768777,0.09670369989771387,0.05368642619158941,0.047484454463714576,0.04813066700249605,0.038461007875878014,0.04141518727282262,0.04766752378946811,0.06451895255025146,0.08381294452751237,0.08195839327341393,0.05697505147495368,0.07339348644827635,0.08615467779655617,0.06666111777404858,0.09303517900064415,0.06573505796627585,0.05724573518923168,0.07860698468813478,0.031002605935870124,0.059960460605719954,0.04967994873066055,0.07592977489822829,0.03804028787614313,0.06687186276125856,0.08441794445682299,0.04794069771446007,0.06472562551703201,0.04781967186077239,0.0959445558119872,0.0597071521475092,0.08983677757923825,0.10695394583960448,0.04559775719337043,0.06955739319156001,0.012399250337225023,0.05087535419470056,0.049010152777320154,0.09654465391216295,0.10814823721102038,0.07160160822225313,0.07436388849944754
8914,-0.005182574273296487,-0.0062511174561153465,-0.007721953000370676,-0.013358001720881342,0.004991291657477483,0.00398157206570065,0.004282469885138818,-0.0013810166460135349,0.013763106653231749,0.007427763398036124,0.0055553393079229236,0.012727272293563102,0.00685419243644411,0.025751554295241764,0.02742874356225107,0.02945958365221781,0.012103385582787805,0.01015669479442509,0.006761232200823494,0.019430130717368727,0.03920623882097046,0.009744707100330693,0.025185933102763087,0.036072877080786936,-0.00016541877663908458,0.06373135572695013,-0.009023867348928759,0.01838566819930417,0.005074229856083962,0.015603458687452661,0.011031561927987071,0.0003677662150626371,-0.0035717752044442204,0.005127810102153331,0.0030643707000000396,0.0006003376270362695,-0.0009228302231794255,0.003907942822578448,0.011146620720375231,0.005094153206385319,0.0012713417934865654,0.02373163878834079,0.010412591432280795,0.022533828713549156,0.018515407935549785,0.012182845164469571,0.005854160956987479,0.014101042450450317,-0.003287854068192874,0.004822161234402023,0.00729325737153682,0.013321238850379733,0.04063980092492387,-0.002518844060584284,0.021386362934310493,0.008077438031456354,-0.0007942490988799517,-0.006872910594969962,0.024699217685380682,0.01039879736677992,0.07941974231531695,0.005252106235336361,-0.0061700670418001705,0.02402474655940487,-0.009877050398181661,0.011216384434947487,-0.001844397488411385,0.008879042164844366,-0.011388790770178075,0.002179165120897151,1.0,0.008183614555375923,-0.009759044750790818,0.005870740966284954,-0.006603388983191737,0.018949954973039158,-0.00987683533161893,0.014415924325974444,0.014708523520507673,0.0011846279061290155,0.04184597129848893,-0.0023903520137764697,0.0422881530027369,0.0017969292619847165,-0.005832858016807057,0.0008036059497528615,0.024559356339836774,-0.0044436399246828955,-0.00833369140576476,0.006726757626631327,-0.0016585839046471772,0.0002644602523978573,-0.0013675164285658352,0.0005014263964089622,-0.0021293983524585895,0.004843727696816714,0.005885935587828337,-0.00411334994758918,0.02755895972565203,0.0027942846615678267,0.004203280253091315,-0.002304875826080323,0.01093778007429619,-0.005927337300692862,0.011895074358396339,0.012921896984997794,0.0025330854637517996,0.019050506132684525,0.015968409674895684,0.020740378959263353,0.026933621012839984,0.009807442874763359,0.0016086104246479855,0.023520888682478487,0.03101813457118398,0.03141005177625162,0.024917668571677543,0.0028074484487753334,0.0070310147458188315,0.009232344571734896,0.014373047043731421,0.01676276332469306,0.010955899583236346,0.008264327805451504,0.034803977625552346,0.046976916124740926
8916,0.017308770510095058,0.009973291727847037,0.0069867113237295966,0.024229838335790645,0.024932448330734873,0.06402789752450216,0.06940392056852926,0.03023877176795368,0.04029290510694758,0.04140660855346132,0.047625365488947274,0.058064824441387,0.04322201108566327,0.06354613844358434,0.03870770503427445,0.0359372822671091,0.05642843062687514,0.049675103298727014,0.01383663472204483,0.0511068343442104,0.014232471860993277,0.02426262823065795,0.02386493890422312,0.04312582670855899,0.051222038776301194,0.013111819635522244,0.006658863644847101,0.06742963368023043,0.03838461805998272,0.07335648739972804,0.04910461802905902,0.041564980252186585,0.017644756087466504,0.03754889244382423,0.05183113905723501,0.03327776399319425,0.030515403098195386,0.02396421564009386,0.02270821947633097,0.02074041413703014,0.033951893278272,0.06418219951620803,0.07878346938450495,0.08747371981334225,0.01170408631108664,0.04222901023605502,0.02698756415426281,-0.003080604697649637,0.048763993197559946,0.032446685818977396,0.018590817798179737,0.07687424821994204,0.015468356548416145,0.04145672557405621,0.07417387415722518,0.04281364216135668,0.024103028930597847,0.02022170319084512,0.10783536582993417,0.023124932748093033,0.081526400451136,0.08783347779516132,0.05679685801762228,0.10219304561311755,0.0763944624739178,0.06582897687456907,0.03536541537337592,0.036657095305629404,0.1098783781989858,0.10928414778345023,0.008183614555375923,1.0,0.0011498199204804005,0.021984882213618922,0.0861951663582651,0.0863726228627158,0.028402694181503457,0.07244854320778821,0.07096498028665096,0.032053561234395386,0.03196730925890161,0.038907156363780455,0.038215909690102974,0.07400874409762359,0.0057907475538934786,0.07683207552470094,0.0571266119734441,-0.003473770441562541,0.05614920579097646,0.036346243563906096,0.05140552569238403,0.055024581724031664,0.08756156055188291,0.07091062694996444,0.11570317105340876,0.05973931700125654,0.06920356689699515,0.0922446777676068,0.040515803934241014,0.08414562501155999,0.04669462590933728,0.02875762862401453,0.05787682694311017,0.008269174412162525,0.04779093163842612,0.046241582759564574,0.051036134745409086,0.018899284476224385,0.021471070167998842,0.05811433460691936,0.02667285978808084,0.061194079854169185,0.04997609211556057,0.05153222086892751,0.028131930397562913,0.07347286566031712,0.06489176572137477,0.032131649091815484,0.06001753582531432,-0.004773983920285065,0.024693994538994613,0.03308077070016135,0.05268044298711282,0.06594198359186369,0.051340403075071726,0.048324659481320226
8955,0.003343247070513127,-0.0035197409774651903,-0.0016742118089959168,-0.006350326822778637,-0.012254499655071185,-0.005883154059749207,0.010857926166175732,0.022966007312452703,-0.009024858395201604,0.02366797915898238,0.028737732087036304,0.004401474128964842,0.011130555418500686,0.017074276111153405,0.01274058051989106,-0.00916370898900546,0.01117600541519386,-0.003858689255389391,-0.0031543072951879907,0.04044581389891288,0.008816664060307743,-0.0019870570467465406,0.003013707425200201,0.020170541355509948,0.003447171651798273,0.014493967339675874,0.03427436054277891,0.009049605699370173,-0.001768252367196121,0.04094857249304605,0.02694837831380238,0.009837071914352518,-0.0014846370961014816,-0.0028757883530863408,0.010310132657145005,0.014876162289076695,0.014931636297194172,0.018933135905590936,-0.0003175757450529559,0.0075151876110661426,0.0022360359409069027,0.0019520476378825746,0.020841587868713665,0.020853349761808547,0.011573611623702048,0.028186572890378785,0.016382439798947292,-0.003661357166035851,-0.0017305104870014598,0.0023228361621779703,-0.001101702771316773,0.024752388037505253,0.016369299142031016,0.0036161684225188505,-0.006371266802871319,-0.0033072629740299496,-0.005829808851788851,0.023773465238004225,0.005174063265985016,0.04030297606211304,0.010299822316639179,0.037344678049288954,0.07290903872623727,-0.0025335822058670816,0.04026710500216979,0.05253299276540259,0.015071417528673607,0.0067002244431253995,0.04835331472846124,0.032653580245783666,-0.009759044750790818,0.0011498199204804005,0.9999999999999998,0.13985223906118152,0.06017446172695003,0.025008637770069782,0.08225196647486206,0.07397347949287725,0.04761025582689788,0.010901233158435105,0.006106302382421449,0.008775120395447176,-0.004227898657383718,0.004051105718395326,0.029814212402700734,0.009139157956028945,-0.015025709239819952,0.3190102929072024,0.041911675426617195,0.04654897591297518,0.011027164129013074,0.023657478407417644,-0.009106589553994753,0.0005151291896561528,0.024511558598923434,0.005335826455160552,0.0032273514959751688,0.025011169333213824,0.004575760512992178,0.022018957401340085,0.007405140651329653,0.010649498350259466,0.00241884707400424,0.028168744156837594,0.010492515828057986,0.05116594243604124,0.018606624813528073,-0.003986283194476801,0.003956535997916775,0.025346092850758953,0.041338442655454145,-0.005718688008313784,0.004730573737619708,0.027607057790364934,-0.00016209994500301033,-0.004807374640523478,0.024654286909795715,0.03665451566375521,0.027273496051007005,0.035627909405677144,0.025499502705914532,0.00045813005725128754,0.023378252677443374,0.029616347617550474,0.016383897234962332,0.022840435471556543
8956,0.008435435858078315,0.006610283191292509,-0.004898405651898543,-0.004013485051876651,-0.005596122835819973,0.0075825045828006,0.01900066341263182,0.0182731280207968,0.01115538558493416,0.039575094357576834,0.03443177781806119,0.024176129254570456,0.01802187473430468,0.03709924555414806,0.02671311296284515,0.004714143539930031,0.027277897753123233,0.0029058890850235204,0.004407811720015682,0.015604211872437176,0.009118303292189114,0.017182033162130083,0.020176244261462757,0.02558604408892892,0.02457646786123563,0.004242734879387723,0.038375878600246875,0.034351750140810516,0.008170918045936254,0.03120006596688151,0.038198741639966026,0.02503137121756113,-0.0006719892503130092,0.018015499305727958,0.0062554436281536605,0.015794085909974477,0.016180314724311206,0.02553141366773239,0.00022334436298348555,0.008657626256690061,0.006042995134694696,0.019937227331095552,0.04694170272545643,0.03321486226021616,0.012276385456351064,0.03334869486573784,0.0037479295868037884,-0.007773612668354624,0.002246809023980272,0.01278852320093025,0.020821573890294928,0.04391462475254055,0.0126791689493483,0.013336418754654179,0.029507292936550997,0.012387560831302455,-0.0005725648264650393,0.019711405257997548,0.05133449932645564,0.04037151389769659,0.025964192237736303,0.06048125498738956,0.09954493042891585,0.004113249279181513,0.03403763521937272,0.03446936710036938,0.027685645687812583,0.011606189267811122,0.04829581853355389,0.04068191611325569,0.005870740966284954,0.021984882213618922,0.13985223906118155,0.9999999999999998,0.07333986755463869,0.06966988360156717,0.08761389471289009,0.05318028065693184,0.0587681674104548,0.02518041849876286,0.020304899615523463,0.027402084271135725,0.017255212824732805,0.04019066380711936,0.021160461387043306,0.02033544894942898,-0.0057677849919151375,0.06390746425998967,0.03376182866522373,0.04911135334993805,0.013374171201557688,0.020196168564732764,0.013677283913452066,0.01668486314457974,0.031664363468317074,0.026302784477135924,0.026214650333482897,0.0319030839715732,0.00782354929508,0.03169857786313178,0.027300979681393254,0.004261384051480654,0.01535276861351425,0.01806136797470298,0.014964380385821163,0.04982650692896773,0.033132136293180944,0.01175669916849017,0.014869028244716018,0.051680638725847265,0.04626044623185339,0.01646668528986448,0.019548350481257595,0.038469562911045106,0.004188593402228885,0.015388387801502078,0.05168065525746123,0.04170880496931275,0.01981575178135638,0.03777595029475973,0.05112263300838783,0.012896686642706467,0.02185621582654764,0.051131852409754625,0.028229491151808415,0.03411831032011279
8957,0.018371839850073023,0.004552898554816114,0.020416631251151465,0.032333786850937005,0.004250616795958157,0.059448225488890505,0.03136888496629765,0.030463208463060863,0.021759532233045175,0.058284697372163866,0.053992512085664676,0.03974641819374692,0.06750952322019621,0.06667133397068119,0.026368618546456637,0.011368850734579617,0.028339395363023896,0.010920176574070845,0.03704425059876276,0.03720223777055793,0.023329322351811663,0.015433356521626973,0.04331051042030677,0.07885011516839377,0.043934735139691906,0.0242747207519573,0.029881399668623496,0.05583438539854387,0.01883199904652362,0.06316658247113283,0.04911094056469038,0.052674964533933666,0.022447222620387293,0.03176640496500189,0.03224002842675059,0.0668615616981441,0.04489932968056228,0.03318097706031951,0.02534703950444242,0.034897798874948496,0.03270423193354474,0.048527996151474864,0.08866167043766592,0.07126692796907015,0.04378261890921424,0.05721167756000353,0.05068801612161313,-0.005069527354895574,0.021575582971341548,0.01213142243535518,0.040598590629593194,0.08305597868708053,0.01815394474133991,0.022946854000960075,0.0346815015160571,0.03528789397470956,0.02425998185382477,0.04013774086878042,0.04999277665850744,0.06159595254625024,0.03274652904743286,0.12691518217539963,0.07402639251344437,0.016453056999402783,0.09414416118680487,0.09263797521279668,0.049334997625032136,0.04275030018532348,0.09396005945575156,0.07734203493118434,-0.006603388983191737,0.08619516635826512,0.06017446172695003,0.07333986755463869,1.0,0.09966545614792417,0.09084811784234273,0.1562710903044243,0.10445527668269507,0.027650921872445486,0.0628270051266571,0.058805310709602404,0.02682037336053262,0.11585123988090919,0.055255519463609744,0.06477563478242454,0.01331942524661032,0.052535857078073615,0.23432564098040998,0.0355955521882622,0.054413189366298964,0.10804384974219258,0.08432287383515824,0.05842141272921007,0.08580992428586398,0.07957218668054412,0.04526061595238423,0.06515622895336133,0.05437234434604374,0.06101777857493397,0.03717632370430979,0.02000597694522964,0.03940858297253069,0.05123112163095257,0.050024432822332966,0.08144731097771823,0.05505322367510665,0.015919498086504395,0.015001617024932506,0.10579375444335988,0.07573069982547659,0.023471942260500357,0.0315395383926554,0.0759584133373085,0.00945727129274288,0.02855626688735972,0.06939575714533829,0.05165619420093072,0.049658896422216985,0.019721138634773566,0.05523773102930613,0.0014564576784142247,0.03950470117697001,0.08459702484671897,0.051301444974856,0.06125713588117718
8958,0.037532014108626895,-0.002670714294703173,0.023661249884370662,0.015043617415786893,0.017038433458509066,0.09034652172162669,0.05558682410190013,0.037333403687250986,0.058656572249203495,0.047921315942076076,0.0782866364812402,0.07865275809142537,0.08292088784389327,0.094661953073328,0.049314115877685735,0.027168132864659786,0.07569671412668773,0.035126141450404304,0.005556912553037787,0.08416158208022395,0.02757745566771329,0.048479706746245174,0.04014797853808439,0.06813894643247952,0.07184332791831093,0.027459321571737694,0.022638383444718378,0.08127102111528893,0.04438069886032694,0.06259628711565986,0.049666653007217794,0.07241311207904302,0.040357450734176466,0.09174192223337471,0.05237101514532699,0.052183666707337345,0.022868870396647745,0.028505198485278972,0.03906212242510289,0.0437519171063853,0.03071539494032269,0.089622176508315,0.10334251804924381,0.09750657230279232,0.0792856037554491,0.10386943516881907,0.02749670491020173,0.008575784513760036,0.026854456156924784,0.04255266324129832,0.05774880781714129,0.1074943488881372,0.02751156804199829,0.050956242042459556,0.06896816416682157,0.060915175519354735,0.03984765359182787,0.026529494373586503,0.08951411084300495,0.037099969119986816,0.06971430279214369,0.08406424484745474,0.035737237128800906,0.037720808275104274,0.09466197232788481,0.06527125190367898,0.04198869730463525,0.02971272688215553,0.1035583889743046,0.09179321852952634,0.018949954973039158,0.08637262286271578,0.025008637770069782,0.06966988360156717,0.09966545614792416,1.0,0.05838610327128233,0.1475782265360825,0.14662729902131968,0.06230596898649044,0.07725215844134814,0.06607307942139788,0.0841084856089661,0.1609215175574282,0.025562302533142064,0.046633147594161976,0.016466138624873557,0.01890756380526518,0.1344455715833619,0.08326580749885616,0.032656828123652525,0.02545899911372832,0.057366406287800986,0.04194990805663252,0.0860885637426459,0.11344280041101505,0.07549080708259265,0.08453617621223003,0.06212210085637794,0.08108745689539472,0.03716560723034976,0.05049677075384971,0.08338594713742796,0.010755457875193145,0.058554023733456945,0.0955625056119953,0.09111586596906414,0.05356531180970916,0.04612594939526209,0.12741206786707854,0.05765946545823169,0.07002654112558566,0.07057272172975071,0.09116242255629749,0.06208686163430132,0.07365652785051051,0.125041172285613,0.048665276302546384,0.08939085287866133,0.015966203472938298,0.04064734140466535,0.03991196077167148,0.07859702860021704,0.09475088457653685,0.08684443009527908,0.09689202017508965
8959,-0.0007417624653885446,0.0008924704075302243,0.02919998148076854,-0.0011437477738909724,-0.004680626694821747,0.01750947052617423,0.012356617376414015,0.03585238065879471,0.024545837934394965,0.0272619941348002,0.04073242196036284,0.02922718040513079,0.019530286704454374,0.015406793954772714,0.008496825232182318,-0.001149503556757734,0.015365494992247654,-0.0005670801480510322,-0.0023998676414478367,0.011548499399022983,0.0032494407441307277,0.004071649254482934,0.01084995079790144,0.018847386041675622,0.0207221352925997,0.009571344526672217,0.009791806506265299,0.018627709456823332,-0.0017426433648938884,0.014073862192201192,0.012323036367742986,0.027631964978112003,0.0049823827679726495,0.0022844699742005908,-0.001202179020564108,0.04444885916259665,0.005584913284500553,0.0038474225312738167,-0.0012673497259987963,0.0008568049095481629,0.0073945309660525815,0.015334984213475253,0.06026928044557581,0.025103554400016253,0.013535334979586245,0.013928844629185075,0.018293391571236408,-0.004969685733126249,-0.004391609247675078,0.052305492017742344,0.0256966560696101,0.02435344518973877,0.007049517826919255,0.03082935840154839,0.006888879997275607,0.017428885427405113,-0.002347349312968403,0.04241960623941283,-0.0017288768141563657,0.05850277615235994,0.011089382139777872,0.07530738513236399,0.054520436344661014,0.030924931040429825,0.05656635055048841,0.09680586632886987,0.014481662495882678,0.031052508495643793,0.08753650704042718,0.042980264185137826,-0.00987683533161893,0.028402694181503457,0.08225196647486206,0.0876138947128901,0.09084811784234273,0.05838610327128234,1.0,0.09792143859265237,0.041707441451127376,0.07118403447189789,0.04839981480667732,0.02468095264097638,0.007892769058868782,0.07087831507504302,0.04424961732486886,0.05319068651930672,-0.0071631556736029755,0.052136778351591424,0.06663801327449267,0.024687267422252954,0.10063385787756743,0.023309642803030776,0.014169666153540244,0.06765364449708766,0.041004680311515565,0.011926473077154776,0.015607154838258072,0.04130133058861245,0.035358169834871916,0.024038251228484107,0.028268663818937913,0.005740200982383901,0.01686257208355774,0.014456078993116893,0.00928082514888251,0.05574232787807183,0.023818170395463398,-0.001535561291704567,0.013836812266542257,0.06102249680340646,0.0739883363466886,0.016036134321513126,0.016596656482901616,0.05457351196425815,-0.000616252627102881,0.0195523131841171,0.05749318792403099,0.03926812932051788,0.018789546557579292,0.01831817966269024,0.032122608665071835,0.0005486994144786793,0.013434001618010526,0.043827845351509735,0.03684557879202347,0.043661910278698084
8960,0.025687455356100963,0.01789661026011373,0.02105551368413875,0.011399736111723178,0.021780391984523324,0.08629341851932786,0.05234555156996976,0.0424494347754435,0.032540787028096235,0.05855016007559151,0.08433230611653281,0.04074368659748958,0.09216957185366761,0.09451718244423131,0.03735821731779072,0.03676992369290815,0.053317008870661736,0.03357462386072216,0.017931978649095043,0.057438623538857696,0.03549069082933709,0.03624525512587475,0.05543869131478811,0.11493132350066367,0.07492005988903823,0.04550158314808609,0.021632310948503354,0.08660959651629423,0.023081498637817017,0.062224290680242704,0.05669571818483124,0.07252282449601287,0.040728463695911536,0.04152982092399318,0.03986184123001165,0.06500810711574036,0.05336517097858353,0.022097698008763052,0.040286051149297925,0.048593398636916106,0.04786047165796497,0.08227396601556189,0.09187772602545938,0.071221930883477,0.06028701563177636,0.06898876449932682,0.06452647569496331,0.017982426568943503,0.015226149416358123,0.04344947073269633,0.06590296823500218,0.10755464834586767,0.042714332795912975,0.022160426362912277,0.03621493419521852,0.046635584331776704,0.02456303853679534,0.03253078212650429,0.07791356443808944,0.04290475886607399,0.07047066291116613,0.09934092115455355,0.024831826504716985,0.02657536114193948,0.07258761987979773,0.07463967986608253,0.04090270260010655,0.026565729722855945,0.12278919309785778,0.09947792426465595,0.014415924325974444,0.07244854320778821,0.07397347949287726,0.05318028065693184,0.1562710903044243,0.1475782265360825,0.09792143859265237,1.0,0.1214882783079363,0.07851415933247902,0.08019700596382026,0.05269661649552198,0.046122612303416716,0.14523844628629365,0.0547474843143923,0.06485393585441136,0.0034158556965660706,0.06380260974140435,0.17351381585320422,0.03531144636740426,0.02600238082723777,0.04229734730991914,0.07302115686981331,0.060107836906281575,0.08576959495632754,0.0694873008408689,0.060368929894580044,0.07303912125115958,0.059087665629941555,0.08436775463754195,0.05865160468363112,0.05973832687433797,0.07113707667324881,0.04930442018497891,0.10002123354427213,0.0804958418456744,0.05305013944204717,0.0492972629604064,0.040171016560749354,0.12110777923403009,0.11380704672424084,0.047702619702835056,0.04924658809151213,0.09989932922812761,0.036757459032871774,0.07270475939045433,0.10772253373729676,0.0447940117204925,0.0891165864139713,0.029815775777213126,0.09307728715943452,0.032697702653274534,0.056469069796432084,0.08437331889249691,0.07094577552944818,0.08291844272164724
8962,0.025217152759900035,0.012863736107669365,0.01073377753033225,0.021282089724748297,0.032595765517261927,0.06450580909315629,0.046193135005356885,0.046411445137864556,0.034896223712230945,0.053215874742281254,0.05950879846332923,0.0627681014954412,0.0878468069464298,0.07955994474685252,0.04501841342039268,0.027859980669674916,0.04653554445100598,0.027111297023500708,0.028556292017180608,0.063896807403029,0.03008137475835248,0.04897190918478081,0.03955059036272512,0.05812006227534124,0.06612067991511796,0.03244406470765973,0.020643180079079084,0.080628364685524,0.03274075477050054,0.0583244058016563,0.041918021198052866,0.05739036908191052,0.027050835237953264,0.05102323295861351,0.0406478052764636,0.02768896442036066,0.03767740600310998,0.026432148415764113,0.01667834601402349,0.0374753998747648,0.034819419592390356,0.07633681101448662,0.08574152486033236,0.08934964846514643,0.04948057016196914,0.06664858350148402,0.03988909795270504,0.004776254278986387,0.034505590345746164,0.04401657724857043,0.05432307180961181,0.09332771949728236,0.020991079129936592,0.053074777980304355,0.04988436526144511,0.07079209180325155,0.04554294425797955,0.023526414853079915,0.06230917562241964,0.04979591798516434,0.06351506903715229,0.09577428261093672,0.04758661443868767,0.0228214780777936,0.10597721431655344,0.07248964051774558,0.03518237510537526,0.024905606233846432,0.12102256288476873,0.10605898665553973,0.014708523520507673,0.07096498028665096,0.04761025582689788,0.058768167410454805,0.10445527668269507,0.1466272990213197,0.041707441451127376,0.1214882783079363,1.0,0.04370338010078501,0.07376796781804466,0.06245709572068435,0.06094529560307594,0.09386990295731079,0.03301721820864689,0.05551249213178474,0.020178227798556745,0.05638583614327511,0.09283917478558859,0.044370500689492276,0.035327674896402615,0.04905813112705026,0.05895380633013906,0.05160172291489711,0.06938593785293203,0.05576407454670423,0.06862346477243514,0.07412333987185979,0.049333345148065415,0.07514787178486466,0.04192776944062447,0.035025433752488414,0.08000148037658476,0.05589832045205501,0.06757875716112906,0.09331942696135692,0.06734450563016767,0.05135570648353479,0.04786295497444374,0.10711370826109626,0.06525688362483448,0.05446976342078016,0.06692285031299204,0.09132652068157765,0.04887662319669211,0.0982126232198289,0.11455669519464468,0.07260614990354705,0.0935991788276036,0.04482583865284856,0.03457835446666852,0.03643513911900274,0.0668524773667006,0.08432409915866428,0.08426376173261402,0.07926440448261861
8963,0.01386630164798705,-0.006325478702591581,0.011115358849801898,0.025446989062984548,0.010874813835834827,0.024445914258010928,0.042043665548486896,0.017393232713089218,0.0643433699470075,0.012195623358205886,0.03690850552630539,0.031625167108719376,0.03935253711619506,0.0510613802548102,0.03166393856843392,0.02871511185477044,0.024718344277094743,0.019519482720465227,0.001135108608368034,0.04428449288000984,0.044983150442230654,0.044256728631663425,0.014408195071515618,0.018616485274644764,0.02637335914975616,0.04951778031752071,0.014326972937295719,0.024809719729498005,0.023166537205427006,0.035582400425465156,0.009834514995916303,0.041673220642834824,0.03367606773579345,0.009999678993569034,0.016777551488043475,0.018279808427755423,0.018004840183924245,0.005290893469957738,0.009808018911446791,0.06165471240476981,0.008792641687009032,0.0511156447924259,0.06356751589406225,0.030753611549648882,0.0770827896124799,0.02865118990949017,0.009837499077417036,-0.003908841063618268,0.018715388793453445,0.0511551701563131,0.03900101633262568,0.048247075360886925,0.05421288679903727,0.012365631601175563,0.036913291564310134,0.04572328176194661,0.0036769644858523085,0.013383869744359124,0.016671928856777873,0.012300117110406026,0.012551537708001168,0.0546051665871541,0.00565728360201033,0.028226266909180987,0.032515538203663735,0.024931883152435406,0.008374276985820644,0.03372638856944088,0.04393906636615127,0.06406154242381323,0.0011846279061290157,0.032053561234395386,0.010901233158435105,0.025180418498762864,0.027650921872445486,0.06230596898649044,0.07118403447189789,0.07851415933247902,0.04370338010078501,0.9999999999999998,0.0585704742602438,0.012037199200321185,0.04546911331455708,0.10202800455553897,0.025104302726867072,0.03493032083473068,0.021021462725022658,0.011970392024311743,0.009122574216618,0.007452140279971536,0.015082010800066555,0.021367370313722954,0.026368968263226565,0.025864930428493745,0.040455003798038104,0.0072011176595398576,0.03787294630658998,0.06568608667466555,0.023022893313525413,0.03542815853353976,0.011955330345058704,-0.0016713083631268257,0.05747974405983983,-0.0010928854809356622,0.033673892054774494,0.03646732136708439,0.031050245886533306,0.03262078341653133,0.043380037970168255,0.05133142513448912,0.03151912653021732,0.04719386143302407,0.039639858363761805,0.06243741267509158,0.05471267141249076,0.06193524846374961,0.0891747648074061,0.017160695679029166,0.04466418628771549,-0.0005537134240728072,0.03772864060544947,0.037744217170616594,0.051428267779478266,0.07286366407440402,0.03659114937158686,0.029855537805163174
8964,0.015480138643342366,-0.0017321436491889203,-0.0032263395660497803,0.016718968851944075,0.01351152772753398,0.07911473020592659,0.02803170948651311,0.023191905619598194,0.028856043078860024,0.025137086274810184,0.05120702136574485,0.03128506805884647,0.06956326652489554,0.06283527317624199,0.038329488190906896,0.030760724406979217,0.027266374800176983,0.021278961565631485,-0.0034809883568070418,0.025889068163149877,0.007367201929175333,0.015474887282991805,0.0672278924906616,0.03698607553648009,0.0369253253656598,0.013573871935386091,0.01147442299131363,0.03282045884404993,0.0075495936305403945,0.036257560557671084,0.03158611977691457,0.03000966273424001,0.0401476739065582,0.01949039167906168,0.014010808730957836,0.031649376512696066,0.013056167554839012,0.06159177672243923,0.006334719851546014,0.13711143595810907,0.007700480830424262,0.06104143212670686,0.05826466964252095,0.09128792385094123,0.05979586772204756,0.028025172053204827,0.01038893231585056,0.002960303244064402,0.014401930787980178,0.07459140554906628,0.09727432428189609,0.06683507612498256,0.041340618744728386,0.04206060806742545,0.0403467614860814,0.04272617060632587,0.05731379089348796,0.04994465331280544,0.01709672921436159,0.05221145882057377,0.029733873097791776,0.070629239566803,-0.0034380525448132956,0.04001834499559335,0.058559291534493005,0.05768430128454611,0.022674123137294177,0.05561016653540314,0.08166907303299999,0.09073892492654423,0.04184597129848893,0.03196730925890161,0.006106302382421449,0.020304899615523467,0.0628270051266571,0.07725215844134813,0.04839981480667732,0.08019700596382026,0.07376796781804466,0.0585704742602438,1.0,0.058555257346672454,0.019579177982298072,0.056561102172896366,0.01911154843168084,0.027711602042329368,0.025958281148115755,0.0063439757420434536,0.039215882788501556,0.030725069210914734,0.019617285313776295,-0.0010683025202839333,0.020340275702321522,0.01894275791574877,0.013211064842176613,0.020016499949084336,0.0385255625333021,0.0372639331714912,0.03499160074797013,0.04980415187677573,0.03359247594779363,0.022833167362836564,0.04404614806180579,-0.00586925913265415,0.01775739643575698,0.04078666900243904,0.03387427430606413,0.012507422099475604,0.023523041888804653,0.07714453647843346,0.040965274996700815,0.052451218835857426,0.04069475701492671,0.043328426306511625,0.00797235637406877,0.05787678409843483,0.08143534701139249,0.01700629263123111,0.028769245015549384,0.010109740991748446,0.02566244221351061,0.021878918071659845,0.03483103952730923,0.05666046546066147,0.0445610777281118,0.07397930230254811
9000,0.016339900434012632,-0.001434646247636777,0.006455633144009948,0.009996888504780912,0.007687495400548492,0.036166316002739354,0.0283241864812017,0.03568117724377085,0.00962575604344872,0.030312007183328656,0.042169332309147094,0.03729595226835392,0.05172821691134775,0.06203627224494087,0.02444106529259703,0.07213185396056263,0.045796325753864726,0.025495388865986925,-0.002000210614513529,0.04669585746733062,0.016815675647575006,0.01789503428760957,0.020911850209499403,0.03525370377081325,0.0265521351669072,0.02516631853839926,0.012832233460330054,0.04504927083273771,0.04154641196882168,0.05159016823745633,0.02419583266502941,0.024709946248732916,0.0077614359867902395,0.017909996491945808,0.0589378105759491,0.011045837508781898,0.026451551422039653,0.026008327937125233,0.014615601257684676,0.05973682756551715,0.02492269573975467,0.04092945477792284,0.06800081218336715,0.06735076895303027,0.027627488828197582,0.03427598004881661,0.01686066180863978,0.017882255627149263,0.06548016527034309,0.02458643637378423,0.036080333371090775,0.05354085510703312,0.03194624487766273,0.04345124744090749,0.07512906448146654,0.031496157190651575,0.054262658496309006,0.0609112604724479,0.013220290044706018,0.027270286090825626,0.019826915608790106,0.05289724077478599,0.009026475897435396,0.05089702574308291,0.053447750500991875,0.04045477431732648,0.02650182717137043,0.12746250630895797,0.09467838988195727,0.047604078634420684,-0.00239035201377647,0.038907156363780455,0.008775120395447178,0.027402084271135725,0.058805310709602404,0.06607307942139788,0.02468095264097638,0.05269661649552198,0.06245709572068435,0.012037199200321187,0.058555257346672454,1.0,0.03828376885098416,0.06637495555147498,0.014946238808644844,0.060740081049158776,0.07684082127147941,0.004085913316195294,0.03707081518035295,0.04837643096595059,0.03767477032896936,0.008367342852875007,0.05391515822213731,0.04556927004201643,0.04128859968012482,0.0539424557133571,0.05652811053650391,0.03597171072813357,0.041659927871573126,0.04944294411141615,0.018793794478522738,0.030840493519689045,0.0548538477825157,0.00841207022598119,0.026097193755874083,0.04108609924336801,0.06055331920937128,0.012572063622789998,0.01593747458237423,0.07061936102062633,0.016343247611053307,0.061362172599568714,0.04832135389861019,0.04684115568784803,0.015286887651708663,0.048523999549159515,0.05868541271230876,0.04058143948107762,0.03506229499003393,0.00018583722806658366,0.018457178829740767,0.04912513168834093,0.055694871336177246,0.0471780201021923,0.047915331725861904,0.05264138485308247
9001,0.023876743244177462,-0.007669753550353126,0.02332385904891222,0.0007183721945710399,0.009166342307063913,0.050816695848338186,0.06044713820095374,0.044752009872974965,0.03185819168844278,0.023406248263648316,0.029295268026360163,0.04490529155273673,0.04234964008316038,0.04728477724374707,0.030239506162929714,0.038840023945078905,0.04317101521807582,0.031729109612618045,0.005363055620133313,0.04932027910503519,0.023469998568987537,0.05088733869176954,0.01651977025748227,0.025200656622946807,0.02859655070367863,0.029889761364319062,0.000824538336789447,0.039832790501164894,0.02798040132751456,0.040098742247510866,0.008595052002254867,0.043521760040845715,0.030090665819481992,0.02504821363853428,0.05505127000479296,0.030949343321603352,0.02881362729649241,0.01405504428897012,0.019980660365028744,0.02605538771647987,0.03199284631172133,0.04324956035778425,0.0572429351639458,0.056028110502447645,0.028925866435660436,0.03591487543475526,0.01434937557228302,0.012929318351579521,0.12211572342480945,0.023409260226213868,0.027123717958609923,0.033501108567257784,0.023962096340824638,0.025953547772631907,0.049429189793063606,0.03506811101725888,0.026179671184894903,0.0141673607145997,0.0009521615139272188,0.02815756529154189,0.03188070180701689,0.046987528016160414,-0.0013423336479367841,0.1474830846601086,0.014878313924277447,0.02323855297401242,0.007921706786506805,0.022210072642302795,0.06501893169457225,0.09080463178294211,0.042288153002736896,0.038215909690102974,-0.004227898657383718,0.017255212824732805,0.026820373360532623,0.0841084856089661,0.007892769058868782,0.046122612303416716,0.06094529560307594,0.04546911331455708,0.01957917798229807,0.03828376885098416,1.0,0.0463891280723193,-0.0007358089101421329,0.040865621256771754,0.08111174689868088,0.00034921991258369406,0.0020668216668647656,0.05647607840368046,0.03538383323112592,0.022740870120160798,0.05467548132894047,0.06436194811415134,0.06213024470321546,0.0448455660146159,0.09619833119502004,0.09211319705190155,0.04408746366482855,0.05523113926463954,0.018076572813630027,0.03237953628083606,0.08953355067163148,-0.0018926031252533549,0.024630595319661913,0.04775711815039142,0.07623393601517334,0.07975515028755445,0.07640387743201665,0.06067542458228798,0.017729168202325226,0.07250834893422993,0.10231531209662974,0.07064093655487412,0.139376987219907,0.09274230392991564,0.08757779548316948,0.0192541168417424,0.07058010989730376,-0.0006898558058873723,0.03406646185362805,0.04882290986442744,0.06448670059615103,0.07503792186713869,0.08740643113038599,0.09147281915904269
9002,0.010041800809115015,-0.004045035397444377,0.0071770660189542064,0.009566876060470774,0.010905252454692106,0.06446476650349371,0.0453964144092152,0.033597217635900935,0.04331771848145479,0.04070257441057013,0.07925529260162252,0.03824418590433291,0.07777903036580588,0.072643893522035,0.040864150623224446,0.01261610082832814,0.06798812761262439,0.036489611711570086,-0.007037709512331594,0.05554177344352252,0.0459036209727297,0.02800474889338715,0.04929602778084031,0.04157564704043158,0.038678553529158985,0.038229814850178734,0.05019430811362219,0.06465748833870284,0.036808040868217054,0.06456157345961107,0.025584513850349492,0.08452311334891639,0.046245258824470184,0.057075256010681426,0.04542848872701332,0.014353191623954804,0.06993416000767194,0.02372767155974227,0.03476661495952108,0.07293586428989376,0.04853789809984512,0.06626563942109466,0.09896579322349608,0.07305808705621356,0.057762351484246736,0.06224174918598942,0.02621298876794822,-0.0011165278246122597,0.018012159508623928,0.03390755407655983,0.08068664173137788,0.08580620995085081,0.04016985086501231,0.04000718437835103,0.07622541446031089,0.04506572631763953,0.022651538320648482,0.0487720069763191,0.11124280171808383,0.023665239045133755,0.034929369286598094,0.07594466485495657,0.03686555287961832,0.03002696417631393,0.1130623598428172,0.04494231789342749,0.043957348061331405,0.03452340572315778,0.0905698066088007,0.09836877670183278,0.0017969292619847168,0.07400874409762359,0.004051105718395326,0.04019066380711935,0.11585123988090919,0.1609215175574282,0.07087831507504302,0.14523844628629368,0.09386990295731079,0.10202800455553895,0.05656110217289636,0.06637495555147498,0.04638912807231929,0.9999999999999998,0.08868200597260857,0.04681092054749768,0.011067896821069168,-0.0013641954839645873,0.09257131368903397,0.024644054533780838,0.045002894633240594,0.03192892378342477,0.10217468386855608,0.05987496629034324,0.07450439490334121,0.05657220208515403,0.04778521117253056,0.059048813516781935,0.05170668210272448,0.07439835041444104,0.07177913485286408,0.006818126504124995,0.0756087821674723,0.0009912695270649177,0.03310368578172965,0.05861722889497357,0.05410034463387612,0.030135813690256173,0.03197923570484438,0.07848121017027919,0.08337155488410182,0.044612426636101404,0.061657296506233826,0.08193598878544656,0.04268571714005643,0.065208593202988,0.07333502785836475,0.02962058178383626,0.05361801501230978,0.013370214297078926,0.06498065363899973,0.020936088480920604,0.06746177858388969,0.06873073315724133,0.05453037879031812,0.06287426156021665
9004,0.005361389736843815,0.0029430629663792585,0.014330790650657274,-0.008111137792464954,-0.0006483870492749138,0.00881497608472261,0.002816562703132743,0.008823812175489014,-0.0008536124574276335,0.021169807934646942,0.03814599482041039,5.2214751960512546e-05,0.026106326245041014,0.02634353892503232,0.0032866956504629917,-0.006142698166616031,0.0015010174339803355,0.0021392829531832656,0.009417729955669479,0.01702532054543192,0.014091199607124376,0.0033108509165219514,0.025251987038766865,0.015263955287037202,0.004033878866567608,0.008590676507695155,0.06891714674016028,0.011087274291802696,-0.0022082656409049173,0.03671719484603288,0.0030563807075473137,0.040033043308271156,0.003984893997769271,0.008008636493825667,-0.0015455524156427558,0.006010124472973965,0.008435932366550202,0.0072713221454519346,-0.001491128695959997,0.013933632873788303,0.04248712867573646,0.013590799650644386,0.02307102575112736,0.018173900183219727,0.016570742766935494,0.010936905908433192,0.014134186641958726,-0.00299383211316825,-0.004806330341432868,0.013767411345005207,0.05384585231864348,0.0193537729044306,0.023163933820083485,0.0012435751881048058,0.0046508220377184375,-0.0031901403893868914,-0.00432592399177856,0.011127444717232664,0.022911647807512894,0.029850426180267658,0.007578108604729145,0.04066193434037443,0.04480613652159119,-0.0053165023430749225,0.10257490330577697,0.036350788435409356,0.03798807569510804,0.0095034474235926,0.05092078207808076,0.03326757152768777,-0.005832858016807058,0.005790747553893478,0.029814212402700734,0.021160461387043306,0.05525551946360975,0.02556230253314206,0.04424961732486886,0.0547474843143923,0.0330172182086469,0.025104302726867072,0.01911154843168084,0.014946238808644844,-0.0007358089101421329,0.08868200597260857,1.0,0.0013098270702779694,-0.011842210593619052,0.015677450656416618,0.03495702226226117,-0.0023866040279499523,-0.0018451830005174596,0.031794230077906355,0.01065093317584329,0.014873324033142326,0.026447260299581398,0.0072021307704317325,0.00835968379571667,0.017646648637001713,0.0018359290483239926,0.03529422504134794,0.040849743658904425,0.017640260380868307,0.027780977608190767,0.06936171757360554,0.017153334976052603,0.05454182041104678,0.0009074201058243286,0.0025367934765087247,-0.006099544018204317,0.025455759835029335,0.09207941786515131,-0.007146767512988479,0.01531125656603237,0.05272830331905956,-0.004660925978835806,0.01773330217211573,0.015091772213989541,0.0898729971720068,0.0457930514087529,0.08918347682864458,0.03062981819958085,0.002771666210144203,0.01566444593131733,0.023078655688221126,0.017121953320876394,0.02920594548555066
9155,0.020126978962233442,0.001361646013682338,0.020527178691000708,0.018722420824521024,0.015801826575625604,0.054721323491805314,0.025326573552202195,0.039457054478713886,0.025805898987979758,0.03624523066562099,0.03393766751958314,0.034427504478901465,0.05722269230388278,0.04821217769990996,0.014845972103297847,0.01671969401710344,0.04535328402208665,0.038222596615490774,0.006325126545283668,0.03242006654377598,0.010542292666435334,0.02682840070077002,0.018703093517755284,0.03191711324314439,0.08201916362838484,0.00971111046676877,0.011423915801363933,0.05232879904131809,0.03271467376215315,0.04045969549930076,0.1210811862318877,0.04002445024370915,0.01238256286382933,0.014054207525957535,0.03522451637819584,0.05465222319638553,0.0750503782599703,0.01727766707669865,0.0308908132635252,0.021252806619572937,0.053495231554985916,0.03537950065300639,0.048278609169536364,0.05695681869262441,0.017717352031982835,0.05639433846827857,0.02294097193590289,0.00575987240067287,0.06263403632450668,0.0708495796599527,0.0303487240987468,0.03238589082510584,0.029977331571917922,0.07265187600856575,0.03259339326302109,0.03619232077960969,0.0757144719697007,0.07897684199299243,0.02077263449951928,0.026036677413048197,0.03771528156207699,0.07582737605436364,0.017673585182103844,0.0924112931275261,0.03505990287668978,0.06460895983840484,0.05769556651192131,0.025274866778987933,0.13085487852498082,0.09670369989771387,0.0008036059497528615,0.07683207552470094,0.009139157956028945,0.020335448949428975,0.06477563478242454,0.04663314759416198,0.05319068651930672,0.06485393585441136,0.05551249213178474,0.03493032083473068,0.027711602042329368,0.06074008104915877,0.040865621256771754,0.04681092054749768,0.0013098270702779692,0.9999999999999998,0.03534436633638536,0.013677300628573669,0.013356004436922588,0.13668151697207195,0.09779912745083717,0.04164882577565899,0.1538138584587948,0.050313702874675854,0.07726089404863862,0.07117934471180319,0.08357321295395163,0.048874937060076486,0.03271891744074653,0.055678433527586994,0.029800600835089633,0.03843942692987346,0.08171624859390456,0.02489744470067385,0.02113762035401985,0.030140482362548356,0.050263819745209215,0.014569349978094557,0.03906326291662834,0.06185366884730122,0.003187781756007124,0.07112845631019062,0.02511100871040168,0.04481317277788617,0.010808875818126784,0.08976460107059044,0.04990283975236179,0.038204657606535124,0.04128679435171119,-0.008659402981812414,0.01891556478523848,0.024814299672381662,0.043236444252783605,0.05583166292260345,0.04254090601629498,0.03657324817566916
9330,0.026688830479212753,-0.002622439370239452,0.009803562489522133,-0.0014976354176937318,0.013284459897670083,0.030978824772291302,0.050405150557286615,0.01841270349596392,0.015271329289009386,0.0222403223491743,0.02142536056690149,0.04864238123071312,0.030526066368887647,0.060995354129331686,0.020954962829865347,0.051344159383881496,0.03298591185257119,0.03385303908483521,0.003981419616395358,0.024261911951816935,0.019918719302217325,0.05028473004747956,0.002246901159146257,0.017103489412346212,0.016347539358719597,0.02247883388115542,0.00458041816853695,0.04541183521769367,0.012440911228067092,0.030818470589989398,0.020785648352024212,0.025337368383271105,0.012519957306229691,-0.0002440727831662709,0.05718474291059576,0.01763382114933069,0.05021363264206398,0.008763107079623503,0.024111390023931117,0.024705055781705704,0.022490868802207728,0.027680945571364513,0.05622101176255155,0.051337439449890644,0.004331539342695536,0.022221908370929806,0.008958289310547337,0.013750754046074821,0.1925517201827927,0.03904739379576298,0.03068352629946936,0.02840859682404785,0.01821285452592761,0.0402205410748509,0.03522320710498568,0.020266756516981736,0.060024402839318154,0.03157846187726955,0.027645177075968266,0.011317016549280605,0.015214515836349394,0.02022438821578481,-0.013891093938085108,0.11864240058200623,0.02565080399819251,0.04498247452137423,0.0049388894491714345,0.2150342245601811,0.07530390131346573,0.05368642619158941,0.024559356339836774,0.057126611973444104,-0.015025709239819954,-0.0057677849919151375,0.013319425246610322,0.016466138624873557,-0.0071631556736029755,0.0034158556965660706,0.02017822779855675,0.021021462725022658,0.025958281148115755,0.07684082127147941,0.08111174689868088,0.011067896821069168,-0.011842210593619054,0.03534436633638536,1.0,-0.015146306607491295,-0.012978275856769677,0.046332726085703664,0.09520653127220698,0.0035732484682572457,0.018213769378,0.09429640558079269,0.017949474222835604,0.02534808769813776,0.04809238637748148,0.03262422014596737,0.040166111375208896,0.03570929616687491,0.04307827167209022,0.022293672407426926,0.08633283716696877,-0.0032933408004659176,0.026836075531232146,0.01579089753761746,0.05480915738234306,0.08328312971382967,0.06295386883035065,0.028948114345103457,0.007199971750732774,0.05305497434978392,0.04075369721922312,0.018628451899574756,0.07176371839169178,0.08646403011976193,0.05702376289456099,0.04442541058378495,0.04826514783001923,0.0027656859679685585,0.00524238747725115,0.05027260877275232,0.04072680023763311,0.043084402900986155,0.047623056669667596,0.04796169700650259
9337,0.022164257254841467,-0.001655489099122643,0.00876362915107593,-0.001929803843683996,-0.003935717218641013,0.005736957613916742,0.023825728324844045,0.02475905608622795,-0.005309245742311766,0.030204168993421484,0.024317942089091518,0.039946943236028556,0.019738942902194957,0.01714105566868303,0.009935697093143393,0.0007673893311893848,0.007712259320481009,-0.002121244307918998,0.013737885960335745,0.04270456782485159,0.016326205264696757,0.006157112816059418,0.009974738600747136,0.03263925986795583,0.010797867525594331,0.01374070225425179,0.005775461903516659,0.015546088321943648,-0.0045360729450026,0.02976235228727463,0.03719846661694421,0.031623067541747735,0.01708265966243397,0.012634816493815695,0.010937854743716002,0.008349137083194347,0.0067931228738506285,0.01551970903902193,-0.002231328246549531,0.011022148772967906,0.002996547586860962,0.012169482888516325,0.019949246442014602,0.01952978353335977,0.01006903924131271,0.041074362728477434,0.03755443074682985,0.02592709873988125,-0.003200271095429851,-0.0002670787134497753,-0.0004793838089977479,0.023401946397858763,0.011595592759006882,0.0020525278732117236,-0.0015940497343412924,0.0011916324060396667,-0.005167517590316625,0.00649736967772967,0.005717524766159145,0.013914101302082487,0.0060325501620858025,0.03821567692907666,0.03957107328336762,-0.012768979491819014,0.023838824022454262,0.034384601151064946,0.016487260248874466,0.0004504911685911992,0.05940307317307719,0.047484454463714576,-0.0044436399246828955,-0.003473770441562541,0.3190102929072024,0.06390746425998967,0.05253585707807362,0.01890756380526518,0.052136778351591424,0.06380260974140435,0.05638583614327511,0.011970392024311743,0.0063439757420434536,0.004085913316195294,0.00034921991258369406,-0.001364195483964587,0.015677450656416618,0.013677300628573669,-0.015146306607491295,0.9999999999999998,0.07780664479964036,0.030544282532306472,-0.004755595387314619,0.004999306364230013,-0.009342333367524621,-0.0025322618833333176,0.006968374852120895,0.009573391974718253,0.0185843920788306,0.03274993595989378,0.00599465185582362,0.028201846733419515,0.010865474282562567,0.019132786220748453,0.012439605514140752,0.013411626176285057,0.049550278241621455,0.03720292640130298,0.022887900358645297,0.006334354695965892,0.015170922491968003,0.03217694409823082,0.04613827074944706,0.011393692382811982,0.010280725634285415,0.039076427145528926,0.014035733237964929,0.012375496913286778,0.04991460822077436,0.0289040620857166,0.026047937327238972,0.04292105341807118,0.03213544009338948,0.020007974779265532,0.030988864634389445,0.02002862399595188,0.012303008590472465,0.027008310087099384
9390,0.009778193955372851,0.005356708279956646,0.01350911076801671,0.016311752309504112,0.010317593588433729,0.03782494822907975,0.018339104467820916,0.03489786680510023,0.003949232818920706,0.0667522721300271,0.050113416448463545,0.030108352175799175,0.05191790111200453,0.046553079970129814,0.019579906471449887,0.019268081352455415,0.016322016793198786,0.020416505257036012,0.01181295639192457,0.02080002633423613,0.01999684685013089,0.008902455228289648,0.024530995824510626,0.07445941687616313,0.031712125510496396,0.025059835173147655,0.006396984977918073,0.04983562653689043,0.019841976785202487,0.04418620752741776,0.04126170369134248,0.021186178999061858,0.024717177918114282,0.044635793379461705,0.02903537059764135,0.039602278685709265,0.016729470987906506,0.025871969403103257,0.025577703626356363,0.006937968484652522,0.017673802678190093,0.042156540114717214,0.06049953899133924,0.05542245509365754,0.019783822116618683,0.06126745069887675,0.03465249515120536,-0.0011437795528550926,0.00111933977633954,-0.002595242359351982,0.007451155402715709,0.06156322983893742,0.0051455240933685345,0.00524158418976664,0.04045222370152935,0.02627654343630145,-0.003196181213560023,0.015429558808408494,0.03583100795435568,0.09245433746305805,0.024215628331706453,0.06753475702010898,0.05095441017271164,-0.00033603089847563744,0.06924003476035305,0.06491894032836523,0.030346383319676762,0.0011651286889307311,0.07552264881992755,0.04813066700249605,-0.00833369140576476,0.05614920579097646,0.041911675426617195,0.033761828665223724,0.23432564098041,0.13444557158336187,0.06663801327449267,0.17351381585320425,0.09283917478558859,0.009122574216618,0.039215882788501556,0.03707081518035294,0.0020668216668647656,0.09257131368903398,0.03495702226226117,0.013356004436922588,-0.012978275856769677,0.07780664479964036,1.0,0.0072590509241977665,0.019026778149081727,0.035476076659291846,0.060183913741464104,0.002433326348105794,0.09561268302661048,0.11390378062176401,0.02767779352628349,0.05194964871321597,0.03339763742655283,0.04378600826148865,0.03198632772711486,0.014487089905397762,0.01757608221098564,0.03091018909717015,0.06127326423705735,0.06783277543985963,0.04139838740811577,0.021455135841368475,0.01987759276690766,0.0972585224016716,0.09156354336779561,0.0189306417373695,0.015699556380453443,0.06858894309869784,0.009356037241409994,0.023652926232371613,0.07297647290435218,0.05353679214875076,0.04627931872020558,0.02069780564061242,0.07867568805588307,0.0012515148589909942,0.019915056379155145,0.060040170632346096,0.046405021472805126,0.05710895573625782
9401,0.005226632036137363,-0.005698300594440641,0.013563797799336008,0.0005298164421615421,0.015531679871472028,0.037377024414059566,0.01806695537368147,0.01393670034804379,0.01215755671417726,0.024608485305457253,0.02637449455491366,0.025966663549869703,0.0436392325416511,0.05858882010720972,0.03349590832102595,0.037044925156951576,0.022654412014223725,0.03949980587520005,-0.00023287118766617313,0.04972165716971029,0.016758963024451946,0.036229908879492075,0.0159362919813768,0.019537719845683182,0.030261813176001923,0.014487903491416985,0.0037939020246153233,0.03822535853359696,0.01212237046170433,0.01949052625289849,0.03563977756110466,0.020222286767657565,0.013253107175827257,0.006411409042000366,0.027302962397416024,0.041032167676282136,0.026641116229985932,0.026452507782488838,0.016368598253672408,0.02717531905434259,0.010931452096710334,0.03551720062880407,0.05144498498813651,0.04247384967373744,0.01166507073046191,0.01792163946469139,0.011202959251828267,0.008823401433489655,0.05282114921548813,0.03452891961749361,0.021516423043282634,0.02693880668642996,0.00830744787144205,0.03930754913422849,0.01140433025339312,0.02101808874860727,0.04075476577799435,0.017798045456406605,0.00686195667398782,0.02053648230253502,0.02345374566120719,0.07451046511601599,0.002655334948059318,0.05278625037696801,0.002233457843622236,0.03251219956650641,0.00974137843866269,0.019013474804034394,0.06133714910681244,0.03846100787587802,0.006726757626631327,0.036346243563906096,0.04654897591297518,0.04911135334993805,0.0355955521882622,0.08326580749885618,0.02468726742225295,0.03531144636740426,0.044370500689492276,0.007452140279971536,0.030725069210914734,0.04837643096595058,0.05647607840368046,0.024644054533780838,-0.002386604027949952,0.13668151697207195,0.04633272608570367,0.030544282532306472,0.0072590509241977665,1.0,0.026727408829623423,0.004126661395204096,0.03682753699832564,0.03926911199680505,0.017401042284634502,0.028258869769838196,0.060382102390640346,0.030029424279955107,0.02057194633997141,0.03126747554038816,0.019073881740721287,0.014939451055138593,0.03246015375728855,-0.0021900990481582036,0.02135654357281422,0.03916738167271921,0.049112093201579624,0.04308817020323943,0.03014932686537945,0.03830743148079839,0.02654565298843032,0.02628007457315135,0.026744621689819715,0.022141920310221115,0.048273062630048894,0.05922605371181857,0.06434176995875991,0.017621108876611644,0.0394274983313234,-0.0023585322999262527,0.021682775953162512,0.02994890389431343,0.041921917234916534,0.038091473448587154,0.03728271017441027,0.04101747420364301
9427,0.024721995520509393,0.015994591045663475,0.021830956177343215,0.029323834220119933,0.0021929117068301544,0.05522338578166416,0.05305201140783331,0.032401594872454816,0.026630161848786284,0.04820058300105866,0.04039045907841203,0.06132041583539291,0.0302804643338383,0.03613113724523338,0.016646136601846495,0.004081821056247797,0.04338312198197854,0.04153454477650176,0.042251200329414575,0.026332934529657633,0.029662729832055704,0.029512955935892617,0.01347748742601205,0.015627194905836556,0.03746963125270786,0.004922827825242871,0.004545222470265395,0.03478926174970298,0.013169652853692874,0.05133573155303391,0.036082892875759436,0.030406798977950945,0.011280621816471364,0.016141555944039678,0.058443222864028005,0.048505596302563986,0.05528771455353097,0.020239303967547802,0.011338894203832592,0.023184206178943404,0.046325391301339475,0.016942658843078922,0.051329136910860454,0.0578464129662527,0.014163642859175452,0.01957007308348722,0.01948442929154279,-0.0008933358035284326,0.09624501181952486,0.025164171707689618,0.029159279239316268,0.021194689757025112,0.027291365683794287,0.07383240450961939,0.010167176798044705,0.021709286555475615,0.04696822648725145,0.06779113178167456,0.006068310899513842,0.06077673047400785,0.023561550593663126,0.09728687577328753,0.03016186244262175,0.06998075063764486,0.045446075684737755,0.16023157598228518,0.0641512509447873,0.040659181333213855,0.09523259398792165,0.04141518727282262,-0.0016585839046471774,0.05140552569238403,0.011027164129013074,0.013374171201557688,0.054413189366298964,0.032656828123652525,0.10063385787756743,0.02600238082723777,0.035327674896402615,0.015082010800066555,0.019617285313776295,0.037674770328969355,0.03538383323112592,0.045002894633240594,-0.0018451830005174598,0.09779912745083716,0.09520653127220696,-0.004755595387314618,0.019026778149081727,0.02672740882962342,1.0,0.07706466307859396,0.03593223564122547,0.11420157253675091,0.08152155716946333,0.06917710273350582,0.03173307307456975,0.04580232492097684,0.04265489992498831,0.03364685839959083,0.058178717780349706,0.0564038446018814,0.07913329459237159,0.04843614867122848,0.032001534314318805,0.02635338740177497,0.051855429280379096,0.034482825257963465,0.05269339194689159,0.04613953517241796,-9.561955078049354e-05,0.06366515974474715,0.017212006844100708,0.05166925543836097,0.014341217745741456,0.04751532058101192,0.04612871715519716,0.04511714764267784,0.03676311829730664,0.003207279228406203,0.015420729262345232,0.013404797748211041,0.004745291690933148,0.04720474036765769,0.05172327187312961,0.03516263669472383
9428,0.016999351049539767,-0.0032757878303305956,0.022438516324709338,0.028660074160461176,-0.005955135237101341,0.01841250974051994,0.03564787243568584,0.027505154130656097,0.019795553647921696,0.05439548808854335,0.036130055398447825,0.008207668699467619,0.030889857203836343,0.04057849208662838,0.010425975726628001,0.0027992338177195587,0.024964480038417725,0.01319269630652718,0.13152494145204205,0.014811330478121833,0.024127690471561717,0.052892578727025866,0.007656207229366591,0.024316255053102385,0.039009846082058465,0.01764172506544413,0.027894417459929995,0.05716650799563685,0.018054236374254528,0.0447161436492133,0.029256128793916467,0.03855156651431896,0.01817227226386139,0.01274165215738941,0.07690389482905981,0.03997468653732258,0.08224072208616712,0.017688264401964908,0.016522289802708544,0.007235122973392648,0.07006419780432145,0.019751364274511473,0.036680345241612906,0.03948051440917351,0.036111439370719804,0.024648295489207394,0.10617107899537266,-0.008992829937137462,0.037784929991746666,0.02073560902033538,0.00413273410858649,0.038307074615217776,0.032077042265083774,0.027569062032328152,0.005316433229850707,-0.0002146357696800708,0.002360958897011841,0.03478906478667645,0.028487736153367253,0.04685193286911428,0.03759932570920671,0.1291030358373942,0.04873779466161921,0.01662825174757888,0.0438872598273699,0.06145396721633459,0.028758717825457546,0.021254038167479623,0.06736001590179555,0.04766752378946811,0.0002644602523978573,0.055024581724031664,0.023657478407417644,0.020196168564732764,0.1080438497421926,0.025458999113728318,0.023309642803030776,0.042297347309919145,0.04905813112705026,0.021367370313722954,-0.0010683025202839333,0.008367342852875005,0.022740870120160798,0.03192892378342477,0.031794230077906355,0.04164882577565898,0.0035732484682572457,0.004999306364230013,0.035476076659291846,0.004126661395204095,0.07706466307859396,1.0,0.015367079010686914,0.10020630199941152,0.12506734329098976,0.04513588177858094,0.02318703224245155,0.0674502654845077,0.03305187263815467,0.050921003315682827,0.02417102593809077,0.03138828916460346,0.04085299609975532,0.1786570305162438,0.030174859014494522,0.047899579626578585,0.020236793424162392,0.013204693824980122,0.03439824479472966,0.031108536926604095,0.022538344772969468,0.022304781959370402,0.013230694300217645,0.05076312489395383,0.014839827456653479,0.02076008792642235,0.03189400532884552,0.08466479551974537,0.08793486166192775,0.07137254517731885,0.018109869916765366,0.009835691743389798,0.007034763666526555,0.03845847990346679,0.023904460381179073,0.04169177297994379
9446,0.02530750547383555,-0.006978966361981979,0.002509576583522443,0.009198971907299985,0.018408006469381795,0.09203820006177894,0.033747263702482586,0.03132081523852815,0.025477238653918835,0.030862881591262936,0.036385643055895284,0.028880043874043037,0.05477537168856801,0.0653586009723065,0.03103498124778756,0.01411636713118747,0.02196582434013002,0.06785627703703126,-0.0011209719132884357,0.02736563370972664,0.02007565164525179,0.024951133628653678,0.03468857195189754,0.02692059512857663,0.046879931727647726,0.019352232601680897,0.00758165699571201,0.045482511501359645,0.06539752229597756,0.03356545733407772,0.038720619485150966,0.052502264388070485,0.0018445322727513947,0.007733209874792693,0.032747586086987454,0.02174914255808088,0.017586483579775502,0.016833117896328513,0.01448931089820054,0.02300001463695141,0.019172520244798617,0.03462861259928185,0.08544598288075109,0.049471794354747564,0.02242150479424742,0.04263833494401242,0.013247247461022592,-0.00307224562700937,0.04496096614695509,0.02133206575529226,0.033258584728539535,0.04874932807066951,0.03267042135962504,0.005467417663380261,0.07074422819363237,0.041789469525961145,0.05429532809741312,0.019374656530373912,0.02252249579577062,0.017761626355252667,0.026202124173759042,0.05256840938293696,0.03090192146729856,0.13699943544804635,0.08650374631566535,0.02526877117193027,0.032290401453427306,0.02117880019232138,0.09650169315910057,0.06451895255025146,-0.001367516428565835,0.08756156055188291,-0.009106589553994751,0.013677283913452066,0.08432287383515825,0.057366406287800986,0.014169666153540242,0.07302115686981331,0.058953806330139066,0.02636896826322656,0.020340275702321522,0.05391515822213731,0.05467548132894047,0.10217468386855606,0.01065093317584329,0.1538138584587948,0.018213769378,-0.009342333367524621,0.06018391374146411,0.03682753699832564,0.035932235641225475,0.015367079010686914,1.0,0.03375999350183427,0.0704865781074316,0.10317434862177827,0.06344883529731175,0.061445269705046344,0.035654379937897655,0.04014939296208163,0.024447203917461944,0.020487207215398474,0.046368625973239465,0.0067783513680651645,0.026980296445615667,0.03699024501264605,0.0444962014420784,0.01617666081122737,0.039374439257719794,0.06849562873377614,0.02188897353143842,0.040152544054563186,0.07287796733209728,0.05222791019790386,0.040788266950732635,0.0652978372469171,0.06606695603035152,0.020828847704872488,0.0360959336896564,-0.009434724245504837,0.019344042960186967,0.008401404174959132,0.052924812351012526,0.05045250424595332,0.04602710926166616,0.049024768452456347
9465,0.006092462201050197,0.011236771199149127,0.021502000101167217,0.017853341697258933,-0.006123966348016763,0.03677809527988784,0.03286825649142445,0.01770222663585331,0.02499440905764703,0.028253660825470792,0.040096554777615694,0.02398211651738395,0.023067629783926815,0.06120161047886156,0.015685351196484763,0.013303072710396064,0.02393584113683479,0.013231665496523123,0.0314724719270878,0.021174140257751363,0.013522333046764439,0.025446890822307715,0.016514701742141,0.01707188506530888,0.029605766673913285,0.009551613432724556,0.006970419933121867,0.044471299817444826,0.005299291845355826,0.043131533164664775,0.021580231235703434,0.03712023978983738,0.031145520646686947,0.014647631349157803,0.07153700780589563,0.024073202510388463,0.07120858526227476,0.008794062870361068,0.006939353806710239,0.024812593949594123,0.05428102121976712,0.030598782964796168,0.04322579519584673,0.045535614504941556,0.01837620089217991,0.01550204897618597,0.06579566735796429,-0.006739147610882934,0.10177356490960268,0.022258929003967733,0.026410975770960583,0.036429393128857346,0.025069458532412606,0.029144408176451368,0.015488072905989882,0.02208980332248298,0.023811094252769203,0.021714709073717517,0.003078833949312307,0.02770473356718783,0.031918967249824765,0.14941888294305847,0.006676424835754472,0.04168717662278556,0.03346726451189664,0.07674305141551972,0.012463085907477937,0.05057806236960438,0.12130978388908877,0.08381294452751238,0.0005014263964089622,0.07091062694996443,0.0005151291896561528,0.016684863144579738,0.05842141272921007,0.04194990805663251,0.06765364449708766,0.060107836906281575,0.05160172291489711,0.02586493042849375,0.01894275791574877,0.04556927004201643,0.06436194811415134,0.05987496629034324,0.014873324033142326,0.050313702874675854,0.09429640558079269,-0.002532261883333317,0.002433326348105794,0.03926911199680505,0.1142015725367509,0.10020630199941152,0.03375999350183427,1.0,0.13557351296569034,0.0915388015796387,0.05918397197378529,0.06687644671234383,0.022211316731850013,0.048869774447768355,0.04326203057787523,0.07410186382570716,0.07120812570162398,0.06716461580550624,0.0209069903944672,0.030170682161908,0.0306991941176602,0.015959601566292347,0.045681008232594134,0.05145792237370817,0.012781730359778443,0.03636649307684459,0.02887758187769312,0.04675413596507295,0.034399202079463474,0.04042645592614616,0.039619398068924554,0.04938720425047648,0.04747010012004589,0.0224323338181138,0.021607838111101632,0.015445426862343164,0.017587470130899657,0.05239647273872959,0.03944581187986032,0.05265754472652327
9553,0.03650158516106008,0.005510474945318618,0.03030089318657613,0.03186037938716609,0.021015392790094335,0.05928049304589842,0.043636241411365746,0.03737509390074297,0.04815037307027127,0.0558446071204705,0.06302654696810667,0.018541303348032022,0.05469357924069381,0.06530499870168897,0.02505630638444925,-0.0021758260933400827,0.053307765599821456,0.035317375340013724,0.02387119614741486,0.06421030271064687,0.01574360509958073,0.035441788857533366,0.016069182177412978,0.03890773747038942,0.05977848127198609,0.017725065023976274,0.042121751550483644,0.04591622161350019,0.05212205685675111,0.05982475424343517,0.06084043746250119,0.06416275419242946,0.04043154335975545,0.046752595834296765,0.06617736272257298,0.04597093528924297,0.05623412118941035,0.026497254074930757,0.027255280564670657,0.016146483933658556,0.06590517056344729,0.040691971530982286,0.055960807803794754,0.0630604563516745,0.03658540536411733,0.04338415241129113,0.04895192629112771,0.00025603566966102585,0.039773276949653144,0.04010827494268353,0.022473649529526185,0.04539642215657953,0.03420906019299978,0.04171972003222584,0.019941134487347866,0.01141182025710795,0.021883835770643102,0.045236981112989925,0.036178511980592284,0.028389168029378627,0.03775142945618077,0.15186697899355125,0.06062495257819025,0.042906135106322615,0.05228981776833246,0.07714513735682353,0.05224604556181096,0.012265325777677326,0.09821204891157864,0.08195839327341393,-0.002129398352458589,0.11570317105340876,0.024511558598923434,0.031664363468317074,0.08580992428586398,0.08608856374264588,0.041004680311515565,0.08576959495632754,0.06938593785293203,0.040455003798038104,0.013211064842176613,0.04128859968012483,0.06213024470321546,0.07450439490334121,0.0264472602995814,0.07726089404863862,0.017949474222835604,0.006968374852120895,0.0956126830266105,0.017401042284634502,0.08152155716946334,0.12506734329098976,0.0704865781074316,0.13557351296569034,0.9999999999999998,0.14506377307633278,0.07410812098547682,0.07824220421731766,0.04741585781491353,0.08626275324921405,0.04483875995316428,0.06439282042019667,0.06297871117799042,0.07513222263731553,0.060519192716134734,0.05249075757227804,0.04481008750119524,0.017246907107218087,0.0733804537230327,0.06618490514057497,0.023319186378727427,0.048347906193563994,0.03590149638658515,0.06949127796169687,0.012855348116227037,0.042322360870179425,0.050907508611439556,0.03694553534698506,0.056081100108706025,0.023765164073503684,0.021272339855599533,0.007084609970136907,0.021153154741426716,0.07750709119564443,0.05836428875203654,0.05082285409419582
9651,0.030485449111674678,0.013401059566406946,0.02143175270914899,0.026909733735685625,0.02764785835188546,0.07733066879711727,0.03999314260105459,0.03300851757601267,0.01725757498059634,0.0456220916637911,0.03936780260164112,0.04180154453587963,0.04060005330378749,0.05556721871893406,0.02306718530599959,0.005780959302902114,0.05632649714828719,0.05235588880053081,0.02689853781000985,0.04252850943584102,0.023804643034811918,0.04882540763064346,0.020742228581550757,0.02894068818841986,0.08492247437618551,0.014514632830962005,0.022152284494651533,0.0692548976145753,0.031146735782137305,0.05197938413815561,0.07153586628483267,0.03734383552789562,0.017724433136998115,0.037006992436189184,0.06310198211222028,0.05858851820217268,0.03602288740711469,0.015928944703815406,0.028311087228520167,0.01941178892479166,0.06040641413487597,0.052438049997212674,0.052956722340906114,0.05701618730931347,0.02756018900998828,0.05630984455454094,0.03998491347500793,0.018146562203743066,0.04934551961265087,0.019662775705987397,0.019913632284271406,0.04394066939202096,0.029131192928118665,0.04511782882000621,0.026147166637591503,0.032725421458167585,0.03469538450433024,0.037265909532493126,0.03258015352536458,0.03669058892489166,0.0404468001230024,0.07637291457944342,0.030730396021275773,0.038449371868635104,0.03375530464925307,0.0517633649576517,0.03661422288491898,0.018425669488980605,0.0762735373604944,0.05697505147495368,0.004843727696816714,0.05973931700125654,0.005335826455160552,0.02630278447713592,0.07957218668054414,0.11344280041101505,0.011926473077154776,0.0694873008408689,0.05576407454670423,0.0072011176595398576,0.020016499949084336,0.053942455713357096,0.0448455660146159,0.05657220208515404,0.0072021307704317325,0.07117934471180319,0.02534808769813776,0.009573391974718253,0.11390378062176403,0.028258869769838192,0.06917710273350583,0.045135881778580945,0.10317434862177828,0.0915388015796387,0.14506377307633278,0.9999999999999998,0.06879063736927923,0.08137656625038003,0.04882694101014971,0.06385342991773822,0.03364159781645765,0.09386288422300942,0.07611548288581046,0.06362021260690257,0.056754551181050404,0.04575031940584396,0.06295452506207694,0.04893804731764297,0.060851176885155824,0.0850522516707898,0.00721038643250238,0.07280305690988546,0.05778656360873618,0.06754145608211955,0.05536359645633852,0.049582656298121246,0.06404688631380967,0.03968282889974427,0.06224078061983625,0.0006315104396853453,0.021954631210367555,0.046006600508783975,0.026463113318772064,0.05290345692296046,0.06945367820839973,0.04583328841281792
11878,0.045998746329047,0.01990407924152771,0.016523032794589686,0.0141937509883833,0.0310084028380577,0.06389806213557532,0.06766599860589682,0.047635598505231844,0.05369614723634843,0.05447403793722542,0.049507340605727895,0.053226673853600345,0.062217263406329514,0.09178247104520888,0.04448695604919279,0.03518998494261538,0.09060948573383894,0.04986328674863934,0.014329233265926727,0.055470194866207655,0.01931615012062889,0.05309300257389552,0.03734868976203111,0.044888567240032325,0.08649866019555857,0.031756651176846125,0.01973343618211589,0.07613448789352215,0.05154804864276058,0.05994018813721725,0.07575995438432497,0.05141872692489512,0.04707753161372662,0.03334773685282705,0.08927993701083674,0.035255535406543054,0.044663668163709515,0.03210280542636427,0.04042790666518921,0.04676947774048836,0.04452295058848585,0.07997957178721335,0.09199851439208447,0.09783578750472681,0.029006229780953113,0.05607902517201263,0.032361553853700646,0.11731123632087011,0.05425441629508463,0.061563351464800097,0.03918300699627996,0.07667695008617557,0.06512768464749705,0.05571247378049288,0.05430212074193223,0.07839089914220326,0.0797992901242906,0.050077900297431296,0.03798196710595244,0.024335802450382898,0.04164289122367419,0.06706349608588617,0.007286063936401509,0.05290556548362798,0.04296297195241256,0.04432026874430953,0.017895223258256942,0.041821719472369276,0.08453805974850091,0.07339348644827634,0.0058859355878283365,0.06920356689699514,0.0032273514959751683,0.026214650333482897,0.04526061595238423,0.07549080708259265,0.015607154838258072,0.060368929894580044,0.06862346477243514,0.03787294630658998,0.038525562533302096,0.05652811053650391,0.09619833119502003,0.04778521117253056,0.00835968379571667,0.08357321295395163,0.04809238637748148,0.0185843920788306,0.027677793526283488,0.060382102390640346,0.03173307307456975,0.023187032242451555,0.06344883529731175,0.05918397197378529,0.07410812098547682,0.06879063736927923,1.0,0.09273935461057654,0.045956994699504754,0.10129993267051786,0.028606086423926244,0.07853881108809042,0.08847658735493225,0.0059245489997608565,0.0780679069947382,0.08073927736351877,0.09851081129964526,0.05427396700784723,0.10402017353682455,0.09360555621142155,0.01742433989050076,0.12019738655782478,0.07719508188131523,0.08935484334762628,0.09781962003297233,0.13375957548786718,0.10712555933890786,0.04845457999368928,0.09145122377385875,0.008040171636610966,0.03897446597076525,0.044336535464881914,0.07297701168946918,0.08670496264448861,0.10083131269502882,0.09519355053135846
11882,0.037956185919796825,0.014758569178607205,0.03117792621253831,0.009979420692856086,0.019498028750518516,0.042071941786955926,0.07817729873621607,0.03679827929396673,0.025427901711611828,0.04710856131313099,0.06768066011334208,0.04270801148266614,0.060975350553248125,0.06651136304934042,0.04319641568548391,0.03280522994554596,0.05223492141642864,0.0413299133665467,0.016514859117376227,0.05197522031276711,0.02950906804222802,0.058648502067169934,0.02801753522666798,0.048870333780766974,0.058035928531903626,0.02889686580057879,0.02322918650653584,0.06502725149749279,0.03609554424694643,0.06641413769693978,0.04061840765422934,0.06516244986078742,0.027028209170888565,0.03659112159821614,0.0668221239006398,0.033938867394461905,0.04417903305095613,0.01849475808130255,0.027481782125084484,0.02406580777603376,0.030298454827000713,0.07635545417654743,0.07592134251169855,0.06476832572849525,0.04749996233994891,0.047706562056841824,0.03831169914777482,0.01642019211671857,0.07817733066881451,0.04211583731733297,0.04169000552234634,0.07628003685905786,0.03833032932480441,0.03778406461673911,0.027589538645883014,0.035552570474798734,0.029849028707221465,0.03346164845903574,0.02938963426505748,0.038312312887074,0.0403444711414937,0.08591503505776071,0.043337684993356385,0.04660744887091023,0.055596013564356866,0.06777426532378089,0.03852362000073403,0.03528300538616451,0.0820072826502778,0.08615467779655618,-0.004113349947589181,0.0922446777676068,0.025011169333213824,0.0319030839715732,0.06515622895336133,0.08453617621223004,0.04130133058861244,0.07303912125115958,0.07412333987185979,0.06568608667466555,0.0372639331714912,0.03597171072813357,0.09211319705190156,0.059048813516781935,0.017646648637001713,0.048874937060076486,0.03262422014596737,0.03274993595989378,0.05194964871321597,0.030029424279955107,0.04580232492097684,0.0674502654845077,0.061445269705046344,0.06687644671234383,0.07824220421731766,0.08137656625038003,0.09273935461057654,0.9999999999999998,0.04369709610541507,0.08430334017163504,0.048805415268636465,0.051063228409676815,0.09033770836776378,0.053080715511875445,0.06622496721958492,0.07553124862895022,0.07546381694047831,0.029395150785943503,0.07944141399003618,0.0854153156233807,0.02246102474882143,0.0807598405510977,0.04875321451506608,0.08616310231030029,0.11646476605021294,0.08719157139309006,0.10365273451328083,0.0685197211124866,0.1128056815700021,0.029263470377541505,0.0317737666065928,0.06362003008220726,0.07584849957682105,0.046536988622189066,0.08590653447578844,0.09091001740766264
11883,0.0187077893897336,0.02332265273099388,0.0013354464999373132,0.03363207861151649,0.0331755461882277,0.07799182689098223,0.043390824262627345,0.03265697154677294,0.05354273682371977,0.031584367869498496,0.05958084782583936,0.04318458203330517,0.07111806001529475,0.06378806080977328,0.039102655755170704,0.0233218102531267,0.042141739666182,0.02823864507740413,0.00948857301649202,0.04374974194450308,0.014036795306131961,0.039976374508721296,0.035554452760333075,0.03573833946638626,0.041668105936297155,0.028621781993369587,0.007174076298770019,0.049745119212010865,0.022754734981897732,0.05192608512451171,0.023679925417136937,0.022562279626508263,0.00924842285703288,0.03261973246266911,0.0310512253546401,0.029437730307786604,0.030553223452240402,0.029660202118553625,0.0376272032213593,0.028938797053484944,0.016721368170876574,0.0468384678182459,0.06129916894064872,0.053286614076117456,0.020659816264380435,0.05463015697177416,0.02840792651908062,0.0032341311053097296,0.027659392791137636,0.027135586663603797,0.05323659474277991,0.04460338422590564,0.017877956908704386,0.0435944254456646,0.02590120776690731,0.024549415694488114,0.028913762960199204,0.03163786465099422,0.027106308719424217,0.03282805660050115,0.03514896389970686,0.04743589725756968,0.009080641231387474,0.04110433555883209,0.05433918683852225,0.05731982176091399,0.028557827500918908,0.05097176291531222,0.07089444454537452,0.06666111777404858,0.027558959725652026,0.040515803934241014,0.004575760512992179,0.00782354929508,0.054372344346043745,0.06212210085637794,0.035358169834871916,0.059087665629941555,0.049333345148065415,0.02302289331352541,0.03499160074797012,0.04165992787157312,0.04408746366482854,0.05170668210272448,0.0018359290483239926,0.03271891744074653,0.040166111375208896,0.00599465185582362,0.03339763742655283,0.02057194633997141,0.04265489992498831,0.03305187263815467,0.03565437993789765,0.022211316731850013,0.04741585781491353,0.048826941010149706,0.045956994699504754,0.04369709610541507,0.9999999999999998,0.055925314756639324,0.03946249665793503,0.024319383679726903,0.05835787231142545,0.011950420157632912,0.03073074107058728,0.06797939446766477,0.05234658660982879,0.030428324073974184,0.020338106290799265,0.0726189621543991,0.03263372700764839,0.048159302986813465,0.0750568673555708,0.041418979200137915,0.068365709486879,0.05015303501561831,0.06235455391245972,0.04050031217971604,0.053657321065488005,0.00529288438506631,0.04061945973426236,0.02712803645999342,0.08080299024826046,0.07334615685197318,0.06152378188334715,0.07794030550743763
11884,0.02399999298256667,0.004695031365836675,0.04066270083511855,0.031665766703164865,0.016358276737959136,0.06062881295746434,0.06522349512882034,0.054028396505857945,0.033552048251304006,0.057715574864538655,0.061260757228305866,0.052623720014217536,0.0578556027616059,0.07046134864627647,0.0409712655788734,0.037830729837314774,0.045769047415844144,0.03685093322205877,0.021794891318309084,0.060545635348616185,0.01968291012103668,0.05065028312933625,0.044415606797826225,0.06204558006619312,0.05990635889818431,0.02584936422853482,0.027112091758731992,0.05284374269790239,0.024100501838154802,0.07159101564131183,0.0424645779001098,0.051244553714770484,0.03630044163456457,0.021658865355498533,0.0601818422185504,0.044919235988054876,0.044509958803543664,0.059243023370826466,0.01899996005316547,0.04803040662251948,0.05846731100534212,0.055014105401480225,0.06410070040291818,0.08230593438514565,0.04881577992516032,0.04755966364694466,0.05280577389344268,0.026639205769072246,0.04329606937342676,0.04857751361497101,0.0544180885564318,0.06528103301350105,0.045727974904293305,0.0451311951226703,0.04246873278003713,0.032126049545993095,0.04711191760532171,0.040669789200016446,0.05532314776208274,0.02575968495567113,0.04502684226530243,0.1101444635272697,0.026809649810800418,0.036321065922223846,0.058344269303250824,0.052591412196668484,0.03376543373047212,0.04154411389146698,0.07925057480465261,0.09303517900064415,0.0027942846615678267,0.08414562501155999,0.022018957401340085,0.03169857786313178,0.06101777857493397,0.08108745689539473,0.024038251228484107,0.08436775463754195,0.07514787178486466,0.03542815853353976,0.04980415187677573,0.04944294411141616,0.05523113926463954,0.07439835041444104,0.03529422504134793,0.055678433527586994,0.03570929616687491,0.028201846733419515,0.04378600826148866,0.03126747554038816,0.03364685839959083,0.050921003315682827,0.04014939296208163,0.048869774447768355,0.08626275324921405,0.06385342991773824,0.10129993267051786,0.08430334017163504,0.05592531475663932,1.0,0.043862736047692225,0.0703113846285517,0.08306101102525044,0.05200450994315344,0.053644965517515984,0.08120558013915981,0.0708500487602987,0.03936450631922418,0.06956380899945658,0.08719809043459416,0.02940517731071186,0.06999464378574509,0.0371778696255151,0.07719888824461224,0.06037799884172359,0.08055731286452267,0.10465294890116641,0.06176366797990331,0.09093234030825208,0.031867665946632005,0.0322339067193318,0.05200558829259071,0.05280188412338309,0.08351893427057376,0.08304366403978324,0.08408572369906943
11886,0.03263032462821449,0.04211578498449273,0.006168272260534069,0.0042298519861198175,0.0348064046604682,0.04500256656431507,0.03952914423775023,0.03120269715559124,0.009537223152435338,0.05346341028217196,0.053063006881358954,0.022660875329858086,0.05417596051475895,0.04872326460112781,0.02298617480903722,0.04684493287552538,0.02028355895489708,0.01468708567057181,-0.0007701292786458558,0.01762558154828523,0.019627646685789445,0.009382716521062824,0.04832574784815629,0.04082101613281503,0.040083731317735606,0.034474777228291426,0.019283121547685248,0.03545554547558588,0.011047326202571707,0.03924452251377953,0.03426652756701988,0.04392602642446145,0.0054936488564674615,0.01287700515252265,0.0280312115855426,0.018597125750443363,0.08240336960885011,0.022003501466103345,0.02039222980950544,0.06141259175723508,0.05371144643499992,0.04248868216478546,0.060153535092639376,0.041325771841760936,0.016534898965127325,0.022060965283825153,0.04268932818467494,0.00015608036598356337,0.044204727209849706,0.011927782993902134,0.037582124607777004,0.04729472521457373,0.03003347022346491,0.028774364047807543,0.02822153143236253,0.019687971548388212,0.025781680522623304,0.037411939617775246,0.055061828965164324,0.04204612304118732,0.03244245042939786,0.03721499471051166,0.03529937174645463,0.03769363397435568,0.06753926263846478,0.05498447145345795,0.02970299177498893,0.03482689742406654,0.0485747877601966,0.06573505796627585,0.004203280253091315,0.04669462590933728,0.007405140651329653,0.027300979681393254,0.03717632370430979,0.037165607230349756,0.028268663818937913,0.05865160468363112,0.04192776944062447,0.011955330345058704,0.03359247594779364,0.018793794478522738,0.018076572813630027,0.07177913485286408,0.04084974365890443,0.029800600835089633,0.04307827167209021,0.010865474282562565,0.03198632772711486,0.019073881740721287,0.0581787177803497,0.02417102593809077,0.02444720391746194,0.04326203057787523,0.04483875995316428,0.03364159781645764,0.028606086423926244,0.048805415268636465,0.03946249665793503,0.043862736047692225,1.0,0.060237905610511955,0.07175650002920125,0.028905081905723277,0.05745271429481009,0.04400277684077342,0.040904540686250095,0.03295362765978094,0.007857198479372845,0.053187708983797696,0.05750921078661253,0.04743442429073226,0.025483134846807476,0.06359871291203903,0.021896768348643646,0.07623968176842062,0.05727769020713376,0.04603840444976878,0.04097986951097948,0.03181134921836794,0.07996811926534605,0.022995623603639458,0.028507577820658714,0.03363689089412891,0.03296044417537622,0.05188512245909877
11887,0.053679992463644806,0.005237913007158982,0.010145880923166194,0.0035992053777021238,0.015418582896609856,0.05536832208999354,0.04241383359384088,0.033508098448465966,0.019977271281689118,0.05003743873748007,0.03989807024499547,0.04792328295103143,0.03277066807780523,0.05540465699618289,0.0194654432312966,0.04461226378353637,0.04620238307155636,0.022568235372468246,0.03502652378236179,0.020026251972008594,0.008049862918128169,0.020713574483275682,0.029853133079505764,0.022211186803087195,0.07027520167955892,0.013739854704538167,0.008912498396993278,0.04252625282125218,0.021255835411516523,0.05953467688684466,0.053576737267535375,0.02209136307019123,0.04698750610102684,0.027776071464582778,0.048786019121598405,0.05998373561739098,0.03549229025496422,0.00875870600345102,0.04383877415600052,0.010495141581421785,0.07395397213098102,0.0432619216150289,0.04095036367167653,0.04761169946494451,0.023860209473913842,0.025514802592149742,0.05696300078744362,0.07533183178261692,0.027774557680470838,0.04396538796048177,0.02828153769555653,0.037550242815161734,0.03686481716557538,0.08616299097341922,0.017487511647909758,0.015491447533147922,0.05526250340404966,0.0422340630018073,0.00914969037007963,0.01845779682371111,0.015454309064590202,0.020601048611311873,0.00777604613309268,0.010773779021237771,0.024587097884826683,0.056546611376771645,0.0199597463763616,0.02953475484138762,0.06012116787122418,0.05724573518923168,-0.002304875826080323,0.02875762862401453,0.010649498350259466,0.004261384051480654,0.02000597694522964,0.05049677075384971,0.005740200982383901,0.05973832687433797,0.035025433752488414,-0.0016713083631268257,0.022833167362836564,0.030840493519689045,0.03237953628083606,0.006818126504124995,0.017640260380868307,0.03843942692987346,0.022293672407426926,0.01913278622074845,0.014487089905397762,0.014939451055138593,0.0564038446018814,0.03138828916460346,0.020487207215398474,0.07410186382570716,0.06439282042019667,0.09386288422300942,0.07853881108809042,0.051063228409676815,0.024319383679726907,0.0703113846285517,0.060237905610511955,0.9999999999999998,0.09788767188057829,0.06460297232101395,0.08523168882894255,0.031470542200493605,0.062234244571581845,0.051219954696562306,0.07635819204691113,0.06978020826039218,0.006574614512594215,0.09826371655576538,0.035493843004787744,0.07037555249518133,0.04563200504113622,0.06972433116997824,0.06929523673134412,0.05026776513707353,0.07396959533594127,0.02592088223062508,0.017025164656213468,0.07693180891766258,0.016769890395894934,0.034850131769736926,0.050260209939716305,0.05561356866498824
11888,0.022190139343540013,0.008944131779171829,0.02157898178730468,0.013805409048392336,0.025516090408494868,0.061120293101195274,0.06600935289662614,0.039698952269672905,0.0460011645129595,0.041067892868597924,0.054456871663656536,0.06641024342433163,0.06308536019014803,0.09331042267690384,0.04339855789987365,0.08205046223946764,0.06599967241809257,0.07201550479926992,0.03157125555716395,0.0760857324750735,0.019041826384133195,0.06811453729907918,0.0455641527226038,0.03438753108965655,0.06501560023119582,0.027553221639970284,0.01152331358335963,0.09240053828858864,0.03057041203004311,0.06844377936140089,0.05009140455788561,0.06365336749752579,0.019218879424862976,0.04310529955737767,0.05597642757444794,0.04526473151701357,0.04545368621784501,0.04150415989602674,0.051916314501848096,0.06620592765848261,0.08148642644876673,0.08553675934132814,0.07917049428958228,0.08124055786339184,0.05457339230523716,0.06314375658319485,0.05713074665297554,0.036084188528028686,0.12627837701156014,0.06086005755313125,0.04787865654921326,0.07954493833175351,0.05071936705490794,0.06200681109167965,0.07482700957810046,0.06785192480156448,0.04583613333490555,0.046122421632444906,0.03841860890967893,0.022977143616186378,0.04464239750985911,0.07726761886174165,0.015989775363861557,0.06119141513018654,0.06860408725923516,0.062489526359637865,0.017081608259494376,0.06274956503445758,0.0924843033068285,0.07860698468813478,0.01093778007429619,0.05787682694311017,0.00241884707400424,0.01535276861351425,0.03940858297253069,0.08338594713742795,0.016862572083557743,0.07113707667324881,0.08000148037658476,0.057479744059839834,0.0440461480618058,0.0548538477825157,0.08953355067163148,0.0756087821674723,0.027780977608190767,0.08171624859390456,0.08633283716696878,0.012439605514140752,0.01757608221098564,0.03246015375728855,0.07913329459237159,0.04085299609975531,0.04636862597323947,0.07120812570162399,0.06297871117799042,0.07611548288581046,0.08847658735493226,0.09033770836776378,0.05835787231142545,0.08306101102525044,0.07175650002920125,0.09788767188057827,1.0,0.03102490870612788,0.06186512434723692,0.07386327348026808,0.10025319260340064,0.07865913126274436,0.07637517522652168,0.09836923732759649,0.02694799290428074,0.11297653259534385,0.07293459839730704,0.10223662917252466,0.09288105354342341,0.1474396246886952,0.13571341843014229,0.04834256601013563,0.08157290665192848,0.043140753485346114,0.04153012844465548,0.06315387754433231,0.08034936228608633,0.08005116089093343,0.06826692747204778,0.074298114371494
11889,0.02878324307675986,0.0020892492358180184,0.017098646374213686,0.01831777225633929,0.0019830192069592964,0.021482856969813925,0.025096373730932077,0.013815042638959968,0.00473998351842988,0.03250820600360018,0.024742402286542106,0.014991814273298995,0.013672218455151148,0.01795275508832227,0.000513850672931258,-0.0071305673451493665,0.02287778204414975,0.003284429183540978,0.13859186473927268,0.004767820546909961,0.015725526676768884,0.03255053465224462,0.0014217419501312493,0.01684992196525073,0.04255440478261216,-0.0006321981701895629,0.03485365027735189,0.046210094144497324,0.0018867494774002958,0.029282325294796217,0.0404232610715217,0.016819238171891533,0.01718778141208666,0.011316431239153879,0.033022114422963295,0.024645337600176166,0.04292074989185925,0.009488462194232319,0.011059275582032449,0.0003001950188436603,0.06080661964319078,0.0014581235304098007,0.0045312244367760966,0.013694238961440617,0.012514150478993239,-0.002836823093413859,0.16012344928756847,-0.004344295112378629,0.012806940676667367,0.028551535106169736,0.002073112639420506,0.0275879237089428,0.015550980089867392,0.02643947638854167,-0.012429664856475802,0.0036779509313553315,-0.00750835514278428,0.013733748294554406,0.00571736098654555,0.027493804681124577,0.027332260991132614,0.04924074651567728,0.045075782557708555,-0.002434938244367922,0.024425782655472687,0.047794411754119616,0.023985941247512396,-0.0020429582589163767,0.03718279196726582,0.031002605935870124,-0.005927337300692862,0.008269174412162525,0.028168744156837594,0.01806136797470298,0.05123112163095258,0.010755457875193145,0.014456078993116893,0.0493044201849789,0.05589832045205501,-0.0010928854809356624,-0.00586925913265415,0.00841207022598119,-0.0018926031252533546,0.0009912695270649177,0.06936171757360554,0.024897444700673847,-0.003293340800465917,0.013411626176285059,0.03091018909717015,-0.0021900990481582036,0.04843614867122848,0.17865703051624382,0.0067783513680651645,0.06716461580550624,0.07513222263731555,0.06362021260690257,0.0059245489997608565,0.053080715511875445,0.011950420157632913,0.05200450994315344,0.028905081905723277,0.06460297232101395,0.03102490870612788,1.0,0.06761761447928495,0.06416785477601751,0.021023958157434592,0.017467192274381163,0.019234660046954465,0.018110849070387375,0.01911865482281242,0.024503267719244624,0.00029180204309725094,0.06246127676220081,0.01682648159589716,0.005269337513594705,0.0256335900538014,0.14989879584942048,0.0909570073202098,0.17375778717293175,-0.0031573065708212405,0.02209687028658176,-0.0038146160769627112,0.030965916033517095,0.02924179791441516,0.029359431105322135
11929,0.03711267770674697,0.035577742201712365,0.049097214873812904,-0.003477847177759606,0.03269987393047098,0.04315955239194301,0.07918922433235367,0.0339501052648738,0.012670245724929769,0.07275784893198126,0.05364019451803277,0.04979636747183163,0.05683075329773442,0.07961022066498077,0.03884112667177127,0.03159447372860581,0.06483917923440481,0.030839188598994805,0.04542935731441655,0.03887194401931648,0.06779170376168124,0.038181434825653594,0.058076897193717864,0.05291769530169465,0.05983947677986471,0.0752642387275416,0.016067801935601464,0.0660651300554119,0.017294336429038895,0.06848279205418344,0.06091978562321917,0.06965639291047614,0.03447424140842315,0.021621366528234067,0.04868552013715265,0.03855534802206379,0.031523554930740584,0.03650012811474645,0.022854728842616575,0.03973124155516345,0.0695935374467468,0.04021635137236121,0.07566201467661501,0.05355605518821851,0.03222297023720698,0.04802483254736288,0.07160993789738312,0.0621428020639881,0.0320825552868907,0.06383782778290342,0.055166979780400444,0.07237389838588806,0.08734747488280135,0.013960027766051434,0.02819978926103751,0.03811915651497278,0.00589305096556505,0.03142340595869889,0.017200916840915438,0.0034835784081079257,0.029646217478301217,0.04880292081104465,0.015922107598530126,0.029810915930685848,0.03585662133089323,0.020378558597898624,0.02575743915115086,0.022194172997985692,0.05219825772134873,0.059960460605719954,0.011895074358396339,0.04779093163842612,0.010492515828057986,0.014964380385821163,0.05002443282233296,0.05855402373345694,0.00928082514888251,0.10002123354427213,0.06757875716112906,0.033673892054774494,0.01775739643575698,0.026097193755874087,0.024630595319661913,0.03310368578172965,0.017153334976052603,0.021137620354019854,0.026836075531232146,0.049550278241621455,0.06127326423705735,0.021356543572814215,0.032001534314318805,0.030174859014494522,0.026980296445615667,0.0209069903944672,0.060519192716134734,0.05675455118105041,0.07806790699473821,0.06622496721958492,0.03073074107058728,0.053644965517515984,0.05745271429481009,0.08523168882894255,0.06186512434723692,0.06761761447928495,1.0,0.054084253315028835,0.06760912253317165,0.07313574017360784,0.11243064431444603,0.08610803426407543,0.0703817648164024,0.05862952545384483,0.039529164467538354,0.09208918843853632,0.06940306935364936,0.10507132217672714,0.09871949591813968,0.04498351460242914,0.09518087954841409,0.041287129790475226,0.08196141516952576,0.061058345588028216,0.038324518645238136,0.04449174743577708,0.06130068968524764,0.06821856455329131
11930,0.021658395592883083,0.010893185539300368,0.02248112135781524,0.018286472186724908,0.018061117729017175,0.05861085818591042,0.05662270801212733,0.03889484163205746,0.03527130291220242,0.057232417048074996,0.06332272001727714,0.05799868172061947,0.06160254481557802,0.07315306531889057,0.037999708801969866,0.021109433194473528,0.04320132837748651,0.03182324844302717,0.02529550922903771,0.03806436105084373,0.03188128003495716,0.05176259109776347,0.03077114357274589,0.050818147657642025,0.06200392238402722,0.030746776802187584,0.041003396888461226,0.06376538125923914,0.021198345432336698,0.07068599435436039,0.025920537862716888,0.05027438816871607,0.026910787407885224,0.03540137940908039,0.04103440298603432,0.02398044572789066,0.02734102909062121,0.013633471712380251,0.02115652801745134,0.019634569817936435,0.03303477309098276,0.05500196155151008,0.08091133007011857,0.06073480105815281,0.039296914144661715,0.0415908781493243,0.04289602448344156,0.01510242179617629,0.024970580818695583,0.04272779976394289,0.03934701563334356,0.061548075772920804,0.02963272468177228,0.03533578906524914,0.02383614177867221,0.0586387797936383,0.03165740274964124,0.013779497484848895,0.03693894886135394,0.0726056834420731,0.042539766757321275,0.057534531751185045,0.08135550408780522,0.025917589820361946,0.061097553739067424,0.06292716022415425,0.025941755992114072,0.02402655537292332,0.0688858164892581,0.04967994873066055,0.012921896984997792,0.046241582759564574,0.05116594243604124,0.04982650692896773,0.08144731097771823,0.0955625056119953,0.05574232787807183,0.0804958418456744,0.09331942696135692,0.03646732136708439,0.04078666900243903,0.04108609924336801,0.04775711815039142,0.05861722889497357,0.05454182041104678,0.030140482362548356,0.01579089753761746,0.037202926401302974,0.06783277543985963,0.03916738167271921,0.02635338740177497,0.047899579626578585,0.03699024501264605,0.030170682161908005,0.05249075757227805,0.04575031940584395,0.08073927736351878,0.07553124862895022,0.06797939446766477,0.08120558013915982,0.044002776840773423,0.031470542200493605,0.07386327348026807,0.06416785477601751,0.05408425331502884,0.9999999999999998,0.048052597745264124,0.04009183183007972,0.04471803991371755,0.0954385111297844,0.0645706276791305,0.06461858337730704,0.06522942110472303,0.09852175302573453,0.07469522799750863,0.0725899117824555,0.10173056008165478,0.12200254901110485,0.10202351912194571,0.09132187640639199,0.05241073634794272,0.0447032249647138,0.069807789442323,0.08435630255833595,0.07837673895141124,0.1011871421271294
11931,0.03947302475420101,0.00785881696006137,0.0425136547272561,0.0204996392014694,0.025985773242544235,0.047646624100089685,0.07331010305435588,0.049617133487307286,0.025882114399294855,0.04309804167397719,0.05843127882945094,0.055732586200697966,0.060498992173861746,0.07878012399588857,0.0378236609614054,0.05407555830497991,0.07770715089473082,0.038560219652208995,0.0152348235865339,0.04964133166679446,0.03724642853390257,0.04539054330138908,0.04854285168287647,0.03774809013147375,0.06681408604069818,0.04256389587835839,0.009949649448817047,0.07354189597819705,0.03562215880261309,0.06234343535050478,0.04292231738468883,0.05797044421018378,0.017971421021344136,0.028589889367053305,0.0391947195126859,0.030666239190175578,0.028167265655254584,0.026365386548132003,0.02243198448928533,0.044101584838977484,0.03128417844183979,0.052827996760535345,0.08739387376992684,0.06705614991839877,0.023965799179673525,0.0590096495301318,0.023615482701391004,0.03364029719497134,0.05395775927980555,0.04712091680523404,0.0354854021805244,0.0757886246590658,0.02860426012395093,0.05561992480174766,0.06508994496605422,0.07483134642896572,0.04072765851596886,0.035706003745694895,0.022420461234939824,0.032070383560137215,0.041597848834469965,0.05471984453591685,0.016076260107199467,0.040965055902234704,0.04925204393522322,0.06033603542289699,0.024636104031858345,0.04089752559290108,0.06484578166978465,0.07592977489822829,0.0025330854637517996,0.05103613474540909,0.018606624813528073,0.033132136293180944,0.05505322367510665,0.09111586596906414,0.023818170395463398,0.05305013944204717,0.06734450563016768,0.031050245886533306,0.03387427430606413,0.06055331920937128,0.07623393601517334,0.05410034463387612,0.0009074201058243285,0.050263819745209215,0.05480915738234306,0.022887900358645297,0.041398387408115765,0.049112093201579624,0.051855429280379096,0.020236793424162396,0.0444962014420784,0.0306991941176602,0.04481008750119523,0.06295452506207694,0.09851081129964524,0.07546381694047831,0.0523465866098288,0.0708500487602987,0.040904540686250095,0.062234244571581845,0.10025319260340064,0.02102395815743459,0.06760912253317164,0.048052597745264124,1.0,0.045483483371772285,0.09712491326447116,0.09105015088381284,0.02164571086928442,0.08107150486199016,0.0657864759340489,0.07857247293815615,0.0900448718485419,0.08957133989372074,0.11762497879216827,0.05729674712538381,0.06272062533266026,0.020461652080502227,0.040511692146221454,0.08233691877195538,0.08215607305918315,0.07959427514717972,0.09705482201893832,0.08660073786402445
11933,0.009377842680320854,-0.0012992606082969517,0.030634770918809374,-0.004554912096613039,0.024005064801422452,0.05664424378673368,0.059947233098169024,0.012765370374314756,0.020628645993211875,0.018398078581433126,0.02478012275943673,0.026061969913684056,0.029247523111029284,0.045646671555069476,0.03629273556902168,0.03294969985538422,0.032969307654217836,0.033738325701245325,0.044858347379380804,0.04466207534456408,0.03138812846928223,0.037155906806393274,0.01518175664491875,0.019597748762599815,0.038742815758861994,0.046539203004120046,-0.0029895513009065384,0.06114607047660321,0.016182983307903232,0.040802383230927934,0.03296618966481326,0.03432559481374093,0.01095303334783792,0.046988473942889956,0.04343491645703093,0.032363236382992565,0.018139867869721733,0.02074996909038603,0.032366881167410884,0.013823650755745431,0.04330956741732002,0.04065460054948505,0.02820455911730717,0.03706878583450644,0.017076611826799717,0.027303794790484087,0.021769154216481963,0.02461000030008791,0.04709661714694722,0.03321730502124405,0.018100281518216882,0.033430491511521866,0.03491631640998003,0.025406549467698502,0.015121858567160586,0.032843782234682914,0.0306853427936881,0.018881138731045043,0.03398374506862379,0.003931123789044776,0.024528073039773998,0.008034925342151522,-0.001686480390057951,0.03994947894881015,0.009003758589375539,0.011354979976387493,0.009052640716893436,0.028885423656253083,0.0408463274072849,0.03804028787614313,0.019050506132684525,0.018899284476224385,-0.003986283194476801,0.01175669916849017,0.015919498086504395,0.05356531180970916,-0.001535561291704567,0.04929726296040641,0.05135570648353479,0.032620783416531324,0.012507422099475604,0.012572063622789998,0.07975515028755444,0.03013581369025617,0.0025367934765087247,0.014569349978094556,0.08328312971382967,0.006334354695965892,0.021455135841368475,0.04308817020323943,0.034482825257963465,0.013204693824980122,0.01617666081122737,0.015959601566292347,0.017246907107218084,0.04893804731764297,0.054273967007847236,0.029395150785943507,0.030428324073974184,0.03936450631922418,0.03295362765978094,0.051219954696562306,0.07865913126274436,0.017467192274381163,0.07313574017360784,0.040091831830079715,0.04548348337177228,0.9999999999999998,0.1013005534319537,0.0033848985943137743,0.03799670287596129,0.05199273403200428,0.03532160770436361,0.060810817504940065,0.06961938615238092,0.10335083024757567,0.06148802302139098,0.03314256683675518,0.044231912464202064,0.025453066355994883,0.07137866156575545,0.06941061844835368,0.02542593847562221,0.04315620578077956,0.0585586842178816,0.06106145160117494
11934,0.0346873886190487,-0.004431571046166401,0.04705941117598908,0.02311995946560708,0.03397944636754723,0.04219153706961134,0.08069417564133992,0.039718901600557355,0.04486925256184285,0.03347412337458864,0.037760114778899054,0.0389181149771615,0.04164206888849246,0.0634501848478567,0.024112131846267336,0.03255524131422167,0.04802161292165881,0.04352672431156569,0.02954172692362031,0.05609894203279582,0.04549794673656012,0.05429006797016391,0.03426913673922783,0.03963804195709318,0.052680047113556124,0.0806874820327516,0.0030078151862361437,0.049437297752838796,0.024101510142012304,0.045417785198510384,0.03002147931961818,0.03079939058139795,0.03711331262875921,0.018236504900402156,0.05655323977465897,0.02696620366399474,0.03028616305979517,0.017440300096994866,0.01598778605132332,0.023189607672776925,0.044095470501543554,0.0353042283568593,0.06855444525559626,0.05940060216823258,0.028535599800972616,0.054345708121151026,0.0256516229763941,0.05518205927967995,0.054203734927236194,0.09240242344813752,0.05913888495379141,0.04553240745457695,0.052994934720466944,0.024944746447257186,0.0033614148749139473,0.038227773484122436,0.025844926355494863,0.03022402978734066,0.015310323469202032,0.00218130453050923,0.022883300373080555,0.046173881403812386,-0.006559199748700015,0.034088088680440415,0.014277122335859536,0.02310509968381657,0.021813198138168437,0.025114131912942247,0.056999029558219914,0.06687186276125856,0.015968409674895684,0.021471070167998842,0.003956535997916775,0.01486902824471602,0.015001617024932508,0.04612594939526209,0.013836812266542257,0.04017101656074936,0.04786295497444375,0.043380037970168255,0.023523041888804656,0.01593747458237423,0.07640387743201665,0.03197923570484438,-0.006099544018204317,0.039063262916628344,0.06295386883035066,0.015170922491968003,0.019877592766907662,0.030149326865379453,0.05269339194689159,0.03439824479472966,0.039374439257719794,0.045681008232594134,0.0733804537230327,0.060851176885155824,0.10402017353682455,0.07944141399003617,0.020338106290799265,0.06956380899945658,0.007857198479372845,0.07635819204691113,0.07637517522652168,0.01923466004695447,0.11243064431444603,0.044718039913717554,0.09712491326447115,0.1013005534319537,1.0,0.043051333258034195,0.02808340853753148,0.10058963796723071,0.04422387975786422,0.08356966543176601,0.13089249509563658,0.1137872703981782,0.12851357181892786,0.03484743401105944,0.06220907107739471,0.014768706596841161,0.05303462814211466,0.09370695305878296,0.04308214823075573,0.07134730926783767,0.1166461173708269,0.0841970745623541
11935,0.026872129905033553,0.014583598494716068,0.011713228882381983,0.02285589492966891,0.039587768343079546,0.0755494412566141,0.05796736890972225,0.05878347447630613,0.04124876679051583,0.05625773755595547,0.06347187417070092,0.08137475627540883,0.08208890240499603,0.10024015643478902,0.05948771876631228,0.03379677774515928,0.04710817777854768,0.05458899155763804,0.014485372877509861,0.05689365608934162,0.02809431037303788,0.049523120602730106,0.049230827915941675,0.0609680779347421,0.06755865608100427,0.0280131152634858,0.021835531909040647,0.07339362997792544,0.0242995948562601,0.06977342697755826,0.06362158823519008,0.06051531977948658,0.03177888878934167,0.034348355710554335,0.03680249180775756,0.039398431983560765,0.04032237744404287,0.040205110256834986,0.017342003289150563,0.04422685194917865,0.024112638412178696,0.10167506214888218,0.09722711861914707,0.09115478963170323,0.04532007410587987,0.07550363051184376,0.04110182804169047,0.020794826536619928,0.04380028429788756,0.06773869746566556,0.05517058811238477,0.10318301283732455,0.052215901350531654,0.0572334021714387,0.05405573110452305,0.07551846612783515,0.05158090639480083,0.04632014275695928,0.06975234488068541,0.05110460137911546,0.03964765838941697,0.0706220364100611,0.01786119121196543,0.027382200349424925,0.07918038028633896,0.08514125725352825,0.04216855415889641,0.04279895388517776,0.08998511696335301,0.084417944456823,0.02074037895926335,0.05811433460691936,0.025346092850758953,0.051680638725847265,0.10579375444335988,0.12741206786707854,0.06102249680340646,0.12110777923403009,0.10711370826109626,0.05133142513448912,0.07714453647843346,0.07061936102062633,0.06067542458228797,0.07848121017027919,0.025455759835029335,0.06185366884730122,0.028948114345103457,0.03217694409823082,0.0972585224016716,0.03830743148079839,0.04613953517241796,0.031108536926604095,0.06849562873377614,0.05145792237370817,0.06618490514057498,0.08505225167078978,0.09360555621142155,0.0854153156233807,0.07261896215439911,0.08719809043459416,0.05318770898379769,0.06978020826039218,0.0983692373275965,0.018110849070387375,0.08610803426407543,0.09543851112978441,0.09105015088381284,0.0033848985943137743,0.043051333258034195,1.0,0.05418767735911257,0.10169570812631057,0.09754786130514573,0.10837883120769874,0.07515338401012664,0.10846228692188307,0.12806323623758373,0.05954520836996707,0.09200759578295246,0.02886429750198051,0.06245421808029297,0.05293011735370237,0.0897849218638829,0.10606331376457516,0.11014774905992229,0.09946076080907171
11936,0.0036237747462329528,0.04282077557209966,0.009901541177057768,-0.013315115693463704,-0.002237786560078554,0.04089604775084337,0.04263316466802107,0.013839357000613034,0.0035905670778892643,0.055484249885881416,0.054503266124992886,0.025570482818758438,0.05913776308187694,0.06348807012197183,0.03389623562542197,0.016444062373598634,0.019194085556366154,0.008819144790177143,-0.002302322542527951,0.026214341992362375,0.07906399286702977,0.005358215716909145,0.08584185071680735,0.10039401185051441,0.020549048288836316,0.11445874439558215,0.06471142758925269,0.02205133164432617,-0.0014573781645669773,0.06461630508600248,0.03182005154347713,0.054137689793236715,0.021228624146774705,0.016138115003985647,0.004879539534845867,0.0045904245019499175,0.015006793310468237,0.026042051018096354,0.01716813555769692,0.039272606471843136,0.03050271406152103,0.021548758813370327,0.04282507434688284,0.025646558897684208,0.03877914179669276,0.03624255350852337,0.0157231056460336,-0.005442218491990025,0.0021566384703205423,0.009704681003075795,0.07626854098608983,0.05294049884663668,0.011993312831487357,-0.0006811151832769501,0.02373237349422581,0.015407802044494634,-0.006868533241296639,0.016846947356061997,0.062329396750911606,0.06840302827974233,0.02149728976800791,0.051183347570947134,0.028189183968089462,0.0009890058569675887,0.07280008378417287,0.03234100162334121,0.02677072146533981,0.0156072919302111,0.05261139095691988,0.04794069771446007,0.026933621012839984,0.02667285978808084,0.041338442655454145,0.04626044623185339,0.07573069982547659,0.05765946545823169,0.0739883363466886,0.11380704672424084,0.06525688362483449,0.03151912653021732,0.04096527499670082,0.016343247611053307,0.017729168202325226,0.0833715548841018,0.09207941786515131,0.003187781756007124,0.007199971750732774,0.04613827074944706,0.09156354336779561,0.02654565298843032,-9.561955078049353e-05,0.022538344772969468,0.02188897353143842,0.012781730359778443,0.023319186378727427,0.00721038643250238,0.017424339890500757,0.022461024748821428,0.0326337270076484,0.029405177310711857,0.05750921078661253,0.006574614512594215,0.02694799290428074,0.01911865482281242,0.0703817648164024,0.0645706276791305,0.02164571086928442,0.03799670287596129,0.028083408537531475,0.05418767735911258,0.9999999999999998,0.008042759802928711,0.045411466456713324,0.09716460826779749,0.00013783889986537554,0.038072769030256984,0.0580675486079403,0.030338561395916716,0.055595732100457707,0.038104275217133596,0.1338542671899744,0.003235566291099095,0.03863251372530707,0.04584502153515769,0.04867021138413797,0.07393438595588886
11970,0.03895049917656448,0.0007885532623791645,0.006508333537861961,0.023933874296658737,0.04046312236929284,0.04551932523609731,0.06746064837658278,0.03336009863275025,0.03836782664714516,0.03741585030615124,0.047144497349467955,0.07666149815120595,0.051299904087068096,0.0824601807603659,0.03295484548168501,0.059766520316137134,0.06910525633504544,0.05807128260086023,0.021406667007513754,0.054166836032263105,0.005922906787489361,0.04111960656285785,0.027237047744201524,0.039847817454866465,0.09771379029288302,0.020387671458827316,0.007711558564616403,0.06464475213627766,0.05009756858431811,0.06838176570179852,0.054796518175671306,0.05440538239632779,0.021218550200304952,0.04471790685965321,0.07907782447924104,0.03549119863396353,0.040024758958018755,0.012392989911019925,0.0355988381320909,0.042978540531582,0.043945824987927894,0.06548803269042522,0.07398997710548254,0.07376808747539343,0.06356102512402288,0.050133451267186616,0.037098319933916615,0.05458707405265453,0.060859946119344185,0.08238117133139841,0.042676293035990485,0.05274007080686306,0.06875675960638634,0.06680680417162733,0.059659924577244096,0.06873819882103875,0.08611174661926643,0.05351580284757854,0.03466668233231973,0.025255510226568984,0.031098909866041708,0.03865744796168592,0.011231874546744805,0.04122567875558619,0.03835104036412576,0.04642434602715214,0.018306492563411724,0.05550650995498387,0.0681639810351065,0.06472562551703201,0.009807442874763359,0.061194079854169185,-0.005718688008313784,0.01646668528986448,0.023471942260500357,0.07002654112558566,0.016036134321513126,0.04770261970283505,0.05446976342078016,0.04719386143302407,0.05245121883585743,0.061362172599568714,0.07250834893422993,0.044612426636101404,-0.007146767512988478,0.07112845631019062,0.05305497434978392,0.011393692382811982,0.018930641737369497,0.02628007457315135,0.06366515974474715,0.0223047819593704,0.040152544054563186,0.03636649307684459,0.048347906193563994,0.07280305690988548,0.12019738655782478,0.0807598405510977,0.048159302986813465,0.06999464378574509,0.04743442429073226,0.09826371655576537,0.11297653259534385,0.024503267719244628,0.05862952545384483,0.06461858337730704,0.08107150486199016,0.05199273403200428,0.10058963796723071,0.10169570812631057,0.008042759802928711,0.9999999999999998,0.058661838005416,0.08328718870044238,0.08764672565620236,0.14595219426251185,0.10368147994655816,0.044284898714361115,0.06344857002168473,0.010208829016870802,0.02613870256557462,0.07739658072449603,0.07500777536401047,0.07307221499580062,0.10936432660197747,0.10333190785460057
11971,0.03374714016618779,-0.010099110489764866,0.007085452365975219,0.007126168920317765,0.03274771673444616,0.0475660266850915,0.03493952213379032,0.04328780821097924,0.04259513914534891,0.030466714845434582,0.038424293203290244,0.08467532673710786,0.042011251598604,0.07941052788147636,0.044629117865839514,0.02569945092244619,0.04391531890146065,0.04839840227926,-0.0029450478341521225,0.03671613695593942,0.02775858806326445,0.039273017195389136,0.02701854056838437,0.034841456233008536,0.04030110147423195,0.05271147914148359,0.020440340564006804,0.054521865332216965,0.033341117151725164,0.06075456712985903,0.05392199238428584,0.03035190497573077,0.0011011621385046818,0.01065797501573867,0.033763995989937304,0.014732838198670354,0.012565208755498514,0.017118061820291564,0.02020238264263177,0.025587066752406757,0.018872493487763153,0.08272547824345505,0.06962912128850063,0.080695786166613,0.02232052688382139,0.050186609227338794,0.01849104864880322,0.02731941642886086,0.031168242981013852,0.02631303423798113,0.03333074312240806,0.0550206734140148,0.016653860018087836,0.024966845334966997,0.06398304934387859,0.09583983719258153,0.08076935752455006,0.018008716983641558,0.026344106244225313,0.03262286910584422,0.02901600591909054,0.036883151644064485,0.011005036257748632,0.05866664543024039,0.06454927232453513,0.02663651343270963,0.022978871676222683,0.02776748629851401,0.058271935823393406,0.04781967186077239,0.0016086104246479853,0.049976092115560575,0.004730573737619707,0.019548350481257595,0.0315395383926554,0.07057272172975071,0.016596656482901616,0.04924658809151213,0.06692285031299204,0.039639858363761805,0.04069475701492671,0.04832135389861019,0.10231531209662974,0.061657296506233826,0.01531125656603237,0.025111008710401683,0.04075369721922312,0.010280725634285417,0.015699556380453443,0.026744621689819715,0.017212006844100704,0.013230694300217647,0.07287796733209728,0.028877581877693115,0.03590149638658515,0.057786563608736186,0.07719508188131523,0.04875321451506608,0.0750568673555708,0.03717786962551509,0.025483134846807472,0.035493843004787744,0.07293459839730704,0.0002918020430972509,0.039529164467538354,0.06522942110472303,0.0657864759340489,0.035321607704363614,0.044223879757864216,0.09754786130514573,0.045411466456713324,0.058661838005416,0.9999999999999998,0.07931038763072742,0.09093863152670484,0.06632128207616049,0.06534456644162025,0.052093982734661315,0.05363828732873953,0.0017781868355905464,0.03620348291183534,0.044489162986557744,0.10437840425574485,0.06953886558381069,0.09490360658097455,0.0871313934980188
11973,0.022818802231788504,0.02643071668498712,0.03320109777980086,0.01068833075135037,0.010348274368483186,0.06428758815743607,0.08070167346697635,0.05791994808653639,0.04064879730375354,0.0694357584958739,0.08310169974668748,0.056295883573441945,0.0760272407813692,0.0941537344579923,0.0487819709179852,0.026532089366054733,0.060610870588531277,0.04416922577393468,0.02269130723366135,0.058417345175937246,0.044663433070011756,0.0584551791739152,0.05538558478940947,0.07059085473200707,0.056863517788304285,0.06776596032109213,0.034103028359780505,0.06730228765140037,0.032087170303028364,0.08710865726321003,0.05147894349273929,0.055156119086687085,0.0419794618652829,0.03536342827366609,0.051405665724868224,0.03518774656680156,0.040671305240036426,0.028598286964551748,0.029341319768050083,0.04865369597746162,0.051580419783378656,0.06758168432701558,0.08615112347574107,0.07171421949032744,0.06016105194088144,0.059577113157159446,0.04482968020273395,0.02820844569145795,0.03702835638714526,0.06610453372426185,0.07513202519230458,0.09043777718314727,0.06296874179014544,0.04334840481045851,0.04210026492784742,0.04502798444596901,0.029714648774345997,0.05209860124440183,0.040158489276136945,0.05734720928223258,0.038715655047545726,0.06987346373559462,0.031183530206171404,0.04571342912096878,0.049244074043802086,0.05154828394660636,0.04569337946518005,0.044717529459575175,0.07999463491728313,0.09594455581198721,0.023520888682478487,0.05153222086892751,0.027607057790364934,0.038469562911045106,0.07595841333730852,0.09116242255629749,0.05457351196425815,0.09989932922812761,0.09132652068157765,0.06243741267509158,0.043328426306511625,0.04684115568784803,0.07064093655487412,0.08193598878544656,0.05272830331905956,0.04481317277788617,0.018628451899574752,0.039076427145528926,0.06858894309869784,0.022141920310221115,0.05166925543836096,0.05076312489395383,0.05222791019790386,0.04675413596507295,0.06949127796169687,0.06754145608211953,0.08935484334762628,0.0861631023103003,0.041418979200137915,0.07719888824461224,0.06359871291203903,0.07037555249518133,0.10223662917252466,0.06246127676220081,0.09208918843853632,0.09852175302573453,0.07857247293815614,0.060810817504940065,0.08356966543176601,0.10837883120769874,0.09716460826779749,0.08328718870044238,0.07931038763072742,1.0,0.05610384736042682,0.10810814429735918,0.14289174075677746,0.07691646406628068,0.09423084475209619,0.04936399896548545,0.08592943831426753,0.046548146833800874,0.07156656768779775,0.10146689270806737,0.1062499013398858,0.13023346784573084
12246,0.03996085540221706,-0.006930233189485519,0.006972335948604832,0.0042195145102070526,0.030945025176269292,0.041188165483065975,0.06918637563734555,0.03199417748770092,0.06304299813357973,0.020613484136451244,0.03924499372338902,0.05897089578159172,0.06087016260048874,0.08889784292201519,0.04500256681555526,0.03524271052573932,0.05301001794231656,0.04908625207762179,0.043202166231141634,0.07926875315214467,0.02676147184353653,0.13269056547423982,0.023485426028607537,0.029530376133892745,0.05298420863264905,0.03426534466499377,-0.004260073483453149,0.08466516888632307,0.028999851493043273,0.037451179518500695,0.033459381842564605,0.035244705851389745,0.01884167630969153,0.05300874392447049,0.08536775470801712,0.013187523989458721,0.01615206360703565,0.01198177345295962,0.027155718565652822,0.015135687772644279,0.026467791393360293,0.07165522610854087,0.057117984246581474,0.06721302436437729,0.03265395230646027,0.06603421076359463,0.03182220283949024,0.03047955820928537,0.11258775174641557,0.04426224918356093,0.03821065535269735,0.05518433772928387,0.010933808132202912,0.012491902668957867,0.04952896927203723,0.09261093088375505,0.023391383288797526,0.00281609863608473,0.02401152285630728,-0.006406870076213133,0.047695823213637065,0.020235111383245206,-0.0037490416861776887,0.06370255360911167,0.026245472025592298,-0.0006087472395943777,-0.00483462870774944,0.012717688685747918,0.03446057345335483,0.0597071521475092,0.03101813457118398,0.028131930397562916,-0.00016209994500301033,0.004188593402228885,0.009457271292742882,0.06208686163430132,-0.000616252627102881,0.036757459032871774,0.04887662319669211,0.05471267141249076,0.00797235637406877,0.015286887651708663,0.139376987219907,0.04268571714005643,-0.004660925978835805,0.010808875818126782,0.07176371839169178,0.014035733237964929,0.009356037241409996,0.0482730626300489,0.014341217745741455,0.014839827456653479,0.040788266950732635,0.03439920207946347,0.012855348116227036,0.05536359645633852,0.09781962003297232,0.11646476605021296,0.068365709486879,0.06037799884172359,0.021896768348643646,0.04563200504113622,0.09288105354342341,0.016826481595897162,0.06940306935364936,0.07469522799750863,0.0900448718485419,0.06961938615238092,0.13089249509563658,0.07515338401012665,0.00013783889986537554,0.08764672565620235,0.09093863152670484,0.05610384736042681,1.0,0.1327296334021827,0.1282931662570583,0.04376629491546931,0.14011047361229464,0.04580834006423787,0.02718962874221629,0.128936662133234,0.12800142782915133,0.06416236120960318,0.11757751777244821,0.09328544671080957
12267,0.02784714347634523,0.015234214265133335,0.01442103217735271,0.01569392476640515,0.028715232966546555,0.07616102836702991,0.08040038699995165,0.03645926500637099,0.045391982021260074,0.06669113934777485,0.07341346968808066,0.07077746126197385,0.08830171848085783,0.0989883046723675,0.05977036250741591,0.057172699125910297,0.08081155475320727,0.06864659941507717,0.02990768795232463,0.05867913554978805,0.03794602485693176,0.07092812538796107,0.04470943563461763,0.056314442383063275,0.08793385073034102,0.043651839219419036,0.003749609653850018,0.09167293419339853,0.03246024886400059,0.0762721621871427,0.06136680001008975,0.0678641870488052,0.035243743870841705,0.04576783075824305,0.05878696328147521,0.03626449852697777,0.04264848998108126,0.03155257008565978,0.04962158214909246,0.08857019293013678,0.060514498260802595,0.09429322531501867,0.09269560317404,0.0768169147986327,0.04359625406469566,0.055363363533670745,0.0338654747247919,0.05737861329900526,0.09073092243261517,0.07430265114219688,0.0642650262260832,0.08105234992518338,0.04519451208406769,0.048722757236553615,0.0681065261531439,0.0663791270090912,0.06663908101114399,0.025432716643329665,0.051364764712562586,0.026729537285375877,0.04896464986000232,0.04881352356866062,0.0074205090942681545,0.06665117072189362,0.05151696277483698,0.050674295127685814,0.0155098600807493,0.051212822609060626,0.08990714633998799,0.08983677757923826,0.03141005177625162,0.07347286566031712,-0.004807374640523478,0.015388387801502078,0.02855626688735972,0.07365652785051051,0.0195523131841171,0.07270475939045434,0.0982126232198289,0.06193524846374961,0.05787678409843483,0.048523999549159515,0.09274230392991563,0.065208593202988,0.01773330217211573,0.08976460107059045,0.08646403011976193,0.012375496913286778,0.023652926232371613,0.05922605371181857,0.04751532058101192,0.02076008792642235,0.0652978372469171,0.04042645592614616,0.04232236087017942,0.049582656298121246,0.13375957548786718,0.08719157139309004,0.05015303501561832,0.08055731286452267,0.07623968176842062,0.06972433116997824,0.14743962468869523,0.005269337513594706,0.10507132217672714,0.0725899117824555,0.08957133989372074,0.10335083024757567,0.1137872703981782,0.10846228692188307,0.03807276903025699,0.14595219426251185,0.06632128207616049,0.10810814429735918,0.1327296334021827,0.9999999999999998,0.13477030124190634,0.05439613191387698,0.0969692285446352,0.03661104626430784,0.0734853055151791,0.09220197879743364,0.09429691679737731,0.09270673389045214,0.10354854359066296,0.1034994420950641
12284,0.04798545789244059,0.02948789629140212,0.05374835953663605,0.020280740264006083,0.048575501676412065,0.0808101100426861,0.09058158720716125,0.05535283313600216,0.03726145213913287,0.057275840940884,0.07591443962474022,0.06872684853061056,0.07192408906625755,0.1268571214552663,0.05509843724052378,0.07833594982308428,0.07846738733050747,0.037723355219890814,0.04307276826400681,0.07534695278376165,0.045235236774631704,0.06854814742864734,0.08542719413697296,0.06247176554666113,0.07198886849020451,0.06066406922202766,0.028937247369832858,0.07698710126038932,0.0528797126098945,0.0765618786237539,0.06586526679320409,0.06580660027384573,0.05391929617412279,0.04627347532653718,0.06657868902489977,0.05385988474640524,0.033888061034279854,0.03571467682040307,0.04157945244014782,0.06965914164154367,0.045215980151067044,0.08222336456546116,0.11926551068219363,0.0939000635027348,0.058878981123059546,0.08711525677525866,0.04013197244373121,0.03969598371195357,0.08144123955226235,0.07706095917047688,0.07938812348661173,0.10379754006780548,0.0414067128703212,0.04955138427605831,0.07317618742651905,0.07673174263553756,0.03334338282784508,0.04465515864161276,0.04303593386285544,0.04581506061771595,0.04130383969997007,0.07200580137453974,0.016085739264994982,0.05671284906707181,0.07460686468197053,0.05111394213633007,0.02006343966883583,0.05541749196873142,0.09168446079497364,0.10695394583960446,0.024917668571677543,0.06489176572137477,0.024654286909795715,0.05168065525746124,0.06939575714533829,0.125041172285613,0.05749318792403099,0.10772253373729676,0.11455669519464466,0.0891747648074061,0.08143534701139249,0.05868541271230876,0.08757779548316948,0.07333502785836475,0.015091772213989541,0.04990283975236179,0.057023762894561,0.04991460822077436,0.07297647290435216,0.06434176995875991,0.04612871715519716,0.03189400532884552,0.06606695603035152,0.039619398068924554,0.050907508611439556,0.06404688631380967,0.10712555933890786,0.10365273451328083,0.06235455391245972,0.10465294890116641,0.05727769020713376,0.06929523673134412,0.13571341843014229,0.0256335900538014,0.09871949591813967,0.10173056008165478,0.11762497879216827,0.06148802302139098,0.12851357181892786,0.12806323623758373,0.0580675486079403,0.10368147994655816,0.06534456644162025,0.14289174075677746,0.1282931662570583,0.13477030124190634,1.0,0.08191487839029839,0.14363862799391464,0.05726951274896396,0.0972922823549895,0.07632725500554528,0.12826413530331682,0.11445277574559788,0.11742736102066041,0.11501482955071725
12286,0.025512440106468193,0.02579458639300581,0.015016680355694848,0.017371065142037692,0.024892798972667222,0.03339679819499256,0.044230789227224794,0.03080585435999192,0.018777306592809465,0.05394448740333202,0.035258829935676056,0.059207424407274556,0.04116086055717055,0.0645498933414189,0.028306744293656916,0.009600031279184096,0.03145647984311143,0.014871468510001321,0.07646362381032518,0.020753606800737796,0.013634258187642013,0.039157189177134,0.02578900239295403,0.04895771812857671,0.04285606050867707,0.019595996641586084,0.030430334474940764,0.06051440223151272,0.011863181043688055,0.048664235914549894,0.03841767376423718,0.03284149777454023,0.014946642965281441,0.013352956470903822,0.03535375084308403,0.02939191317885424,0.038660334064639354,0.01703511854144999,0.02295771426817096,0.006040528425186587,0.04833902504258876,0.0328897612544949,0.05248989489814123,0.05243099729601815,0.025415237384725,0.033667841290727606,0.04866361737088065,0.012045346552109596,0.036901367994687725,0.020683431150903115,0.02371457026357124,0.03646862261147529,0.016000501974839283,0.030888896715984132,0.01673688206476166,0.0347359401296325,0.01928410532006335,0.016462609870434085,0.024769255712210968,0.05244359501432544,0.0356238235409898,0.06546295543886645,0.07401670084304075,0.03470383082361291,0.05635991507590316,0.08443864488600988,0.01921053237851909,0.05153157728203528,0.07793365203936788,0.04559775719337043,0.0028074484487753334,0.032131649091815484,0.03665451566375521,0.04170880496931275,0.05165619420093072,0.04866527630254638,0.03926812932051788,0.04479401172049251,0.07260614990354705,0.017160695679029166,0.01700629263123111,0.04058143948107762,0.019254116841742403,0.02962058178383626,0.08987299717200681,0.038204657606535124,0.044425410583784956,0.0289040620857166,0.05353679214875077,0.017621108876611644,0.04511714764267784,0.08466479551974539,0.020828847704872488,0.04938720425047648,0.03694553534698506,0.039682828899744275,0.04845457999368928,0.0685197211124866,0.04050031217971604,0.06176366797990331,0.04603840444976878,0.05026776513707353,0.04834256601013563,0.14989879584942045,0.04498351460242913,0.12200254901110485,0.057296747125383816,0.03314256683675518,0.034847434011059435,0.05954520836996707,0.030338561395916716,0.044284898714361115,0.05209398273466132,0.07691646406628068,0.043766294915469316,0.05439613191387698,0.08191487839029839,0.9999999999999998,0.13113492272825078,0.1566938739855174,0.03246133000938524,0.07477262120272779,0.046111291591689765,0.05915822490556358,0.06747540640445474,0.05707211525896121
12290,0.030945274914522387,0.028151235874445908,0.017096841230845095,0.0072841106825702025,0.04555627756185726,0.0600609982459558,0.06207942563180533,0.03921163726297354,0.04570788059297726,0.061353249386232406,0.06994988622613785,0.060634274034596765,0.0774970300235368,0.09758864228539238,0.0342706795853545,0.04860564823119115,0.045857660652424005,0.05677679329256556,0.11569395402403003,0.054739845874561585,0.02634369568026993,0.12598071977350472,0.04374890401559655,0.07542288868486646,0.08606936615319352,0.05289912315434766,0.017425512187128758,0.09709292182875587,0.02081110580770531,0.06280101938898357,0.05720968895186356,0.04445541017599216,0.023545250570731917,0.06511116746833637,0.06371095938442321,0.04665141552636909,0.04174810491031698,0.0268747431711191,0.042085760901267505,0.028437875115486153,0.05834345352360749,0.07261750126829783,0.05943981473263805,0.06690176290332599,0.057733521996156674,0.0642716596523,0.0564496653613426,0.009357500612163179,0.0603731652539463,0.030447510417046696,0.031629308084047396,0.08945881865854294,0.04985011337461018,0.04113940253914923,0.03206534689342499,0.05163015899240269,0.02914736030963298,0.027389049394574178,0.03963013088602361,0.04142044365296712,0.06751187332698048,0.05863016343842678,0.033610935351488715,0.025352687035804972,0.06901947438257507,0.04431187017171446,0.021422398446351833,0.025764687632319733,0.0752931405116709,0.06955739319156001,0.0070310147458188315,0.06001753582531432,0.027273496051007005,0.019815751781356375,0.04965889642221698,0.08939085287866133,0.018789546557579292,0.0891165864139713,0.0935991788276036,0.04466418628771549,0.028769245015549387,0.03506229499003393,0.07058010989730376,0.05361801501230978,0.04579305140875291,0.04128679435171119,0.04826514783001923,0.026047937327238976,0.04627931872020558,0.039427498331323405,0.03676311829730664,0.08793486166192775,0.036095933689656405,0.047470100120045884,0.05608110010870602,0.06224078061983625,0.09145122377385875,0.1128056815700021,0.05365732106548801,0.09093234030825208,0.04097986951097949,0.07396959533594127,0.08157290665192848,0.0909570073202098,0.09518087954841409,0.1020235191219457,0.06272062533266026,0.04423191246420207,0.06220907107739471,0.09200759578295246,0.0555957321004577,0.06344857002168472,0.05363828732873953,0.09423084475209619,0.14011047361229467,0.0969692285446352,0.14363862799391464,0.13113492272825078,0.9999999999999998,0.11144220337693303,0.08826652387840857,0.08474668787336104,0.09363293889166713,0.04152464792437583,0.0847372775053505,0.08365423837003035
12316,0.00699248635471776,0.014058854330011186,0.018013450212874666,-0.004096182559388893,0.008360997788758363,0.013607050274384703,0.016193145113196812,0.00877043477239659,0.004998713975514345,0.031039831195536813,0.021880662762113708,0.009075477170527823,0.030920411056200508,0.03522555255036755,0.007687530366921791,0.009276427321046147,0.002083535319398381,-0.005041729023643367,0.10536028552172085,0.018422565109137052,0.008892706082050617,0.04296149127368092,0.026835745541606865,0.03372966325838313,0.029057662610164615,0.0017542087819638096,0.042416226516272935,0.02815518184727548,-5.495692282479057e-05,0.021184389640187918,0.031662735273982584,0.029540432224576446,0.005683536204954192,0.02266976886324328,0.013616652132990629,0.005867753707800535,0.01318928945352532,0.0035975547758964957,0.017519028200913753,0.013987006846554744,0.059486767936931556,0.009891641740010984,0.008873514659063908,0.018996373087332964,0.02228214396775369,0.010695142637698803,0.061545114547315025,-0.00011677662051070489,0.011508974810635422,0.013693856481180168,0.029883499715835114,0.027446597232643817,0.005856544461594014,-0.0021130315008695134,0.003965995306772615,0.010298928554594173,-0.008016074642252772,0.004304561039558453,-0.0013028051122699915,0.026224707165529656,0.04112522876713048,0.031783142246185545,0.05739261140518079,-0.00452362393628666,0.04458934116989389,0.019124299423238997,0.01213416331682888,-0.001016898439176536,0.01902113824090346,0.012399250337225023,0.009232344571734894,-0.004773983920285066,0.035627909405677144,0.03777595029475973,0.019721138634773566,0.015966203472938298,0.018318179662690243,0.029815775777213126,0.04482583865284856,-0.0005537134240728072,0.010109740991748445,0.00018583722806658366,-0.0006898558058873723,0.013370214297078926,0.0891834768286446,-0.008659402981812414,0.0027656859679685585,0.042921053418071176,0.02069780564061242,-0.002358532299926253,0.0032072792284062036,0.07137254517731886,-0.009434724245504837,0.022432333818113798,0.023765164073503684,0.0006315104396853452,0.008040171636610966,0.029263470377541505,0.00529288438506631,0.031867665946632005,0.03181134921836794,0.02592088223062508,0.04314075348534612,0.17375778717293175,0.04128712979047523,0.09132187640639199,0.020461652080502227,0.025453066355994883,0.014768706596841161,0.02886429750198051,0.038104275217133596,0.010208829016870802,0.0017781868355905464,0.04936399896548545,0.04580834006423787,0.03661104626430785,0.05726951274896396,0.1566938739855174,0.11144220337693304,1.0,0.017122864682802403,0.023161633836897785,0.015866527268362136,0.026282344572202923,0.027986564465628336,0.037321845868816844
12346,0.010519534580492438,0.10808125215944071,0.00800162440866538,0.00794885504034153,0.016284700784641646,0.03720406030453437,0.06463768505894399,0.023697768679834186,-0.0012976473059851024,0.053657188599817385,0.06666270500242864,0.024620396956299112,0.058838017413177277,0.07680841477397413,0.04953454149955174,0.017658233641094506,0.03213097737598097,0.01687112832007495,0.003586948448329975,0.022224765135431385,0.10077737519202594,0.029154173689860556,0.06505384599003607,0.08409823178104363,0.01702602621683751,0.09534489662359431,0.023714714765026988,0.04084743741070393,0.007510366340145132,0.07060112995848858,0.0332300894858991,0.02876975283615036,-0.004079901788823314,0.02448514859692169,0.01742607173863536,0.03308409448857845,0.023300355000770444,0.040837595214983105,0.029613596377740695,0.022455356693989587,0.038296718060061505,0.03901472318705566,0.0391270609621998,0.041273237145051454,0.04001122990722506,0.03306671113689534,0.01633805885436794,0.003359260983832939,0.02521146279153255,0.041015995799447945,0.0710982750567994,0.06272893267660978,0.05972601159218237,0.018416347003518716,0.013600332138387475,0.02387948192572864,0.002521141293347839,0.036622704445817195,0.022912643715941382,0.04410066731346046,0.037252776177154445,0.044217289854165294,0.006474158124819374,0.012090174574487474,0.04423502784735799,0.027746584152624026,0.043100876832864184,0.022279048168410195,0.05360210276872542,0.050875354194700566,0.014373047043731423,0.024693994538994613,0.025499502705914532,0.05112263300838784,0.05523773102930613,0.040647341404665346,0.032122608665071835,0.09307728715943452,0.03457835446666852,0.03772864060544947,0.02566244221351061,0.018457178829740763,0.034066461853628056,0.06498065363899973,0.03062981819958085,0.018915564785238478,0.00524238747725115,0.03213544009338948,0.07867568805588307,0.021682775953162512,0.015420729262345232,0.018109869916765366,0.019344042960186967,0.021607838111101632,0.021272339855599533,0.021954631210367555,0.03897446597076525,0.0317737666065928,0.040619459734262356,0.0322339067193318,0.07996811926534604,0.017025164656213468,0.04153012844465548,-0.0031573065708212405,0.08196141516952576,0.05241073634794273,0.040511692146221454,0.07137866156575544,0.053034628142114654,0.06245421808029297,0.1338542671899744,0.026138702565574625,0.03620348291183534,0.08592943831426753,0.02718962874221629,0.0734853055151791,0.0972922823549895,0.03246133000938524,0.08826652387840855,0.017122864682802403,1.0,0.026795869080165777,0.0345626144082657,0.06174280163220242,0.06386462196737507,0.0819818238310533
12372,0.049483100790515586,0.006009743301169334,0.008650164524569319,0.019415676499800354,0.02473921040435663,0.032326434719661894,0.05766807318909061,0.047745212735064435,0.03701951476732455,0.041165219711644226,0.03130154863809017,0.06647089512361246,0.04708172656868906,0.06696884415218526,0.04115211759793094,0.038031468879478635,0.0575902625672919,0.047635588250477624,0.027867420650966132,0.026302014152129585,0.02005051838627086,0.03733402041821407,0.024312207255153064,0.034985216443336166,0.06311014604116655,0.02931963964189483,0.00613681852939478,0.06245613268501244,0.037846735787427525,0.042684423972561676,0.046815064552183545,0.03476845570316122,0.015719838459439597,0.01948275505222186,0.0468227808263227,0.023345846597181922,0.02349314001943062,0.026657271780471167,0.03692311364650786,0.026077846767085692,0.051386736958910544,0.04957050462600326,0.05934233760085346,0.05875707212897946,0.019406071243250177,0.06254668298666984,0.02599032087122529,0.13788699397601603,0.058299709983288164,0.04286928156318376,0.037465116666564505,0.044227096981208226,0.039093132783039025,0.03394361806657508,0.028901205997607902,0.038499240454403914,0.04811130579823364,0.007267350502125487,0.025496576439760034,0.0036608533462969954,0.027776953395229592,0.019764319130516655,-0.0016939069482370737,0.008172708289027638,0.030331712990540247,0.028054169755369864,-0.00017943661856098254,0.028300501237874847,0.03111475706034115,0.049010152777320154,0.01676276332469306,0.03308077070016135,0.00045813005725128754,0.012896686642706467,0.001456457678414225,0.03991196077167149,0.0005486994144786793,0.032697702653274534,0.03643513911900274,0.037744217170616594,0.021878918071659845,0.04912513168834093,0.04882290986442744,0.020936088480920604,0.002771666210144203,0.02481429967238166,0.05027260877275232,0.020007974779265532,0.0012515148589909942,0.02994890389431343,0.013404797748211041,0.009835691743389798,0.008401404174959132,0.015445426862343164,0.007084609970136907,0.046006600508783975,0.04433653546488191,0.06362003008220726,0.02712803645999342,0.0520055882925907,0.022995623603639454,0.07693180891766259,0.06315387754433231,0.02209687028658176,0.061058345588028216,0.0447032249647138,0.08233691877195538,0.06941061844835367,0.09370695305878296,0.05293011735370237,0.0032355662910990945,0.07739658072449604,0.04448916298655774,0.046548146833800874,0.12893666213323401,0.09220197879743364,0.07632725500554527,0.07477262120272779,0.08474668787336102,0.023161633836897785,0.026795869080165777,1.0,0.0616979476389531,0.05164604562307579,0.05782283469935832,0.051462929859926745
12562,0.024979410985373023,-0.003888575419928798,0.00782388520849869,0.01389421498799938,0.0350508263962307,0.050806844820095426,0.050362915651433575,0.03554501686900956,0.035707767666929104,0.03668253664133153,0.05543543847036118,0.059247255327107506,0.06918555137955007,0.08893226094096296,0.053463292696051275,0.0515490540899181,0.0639389532989611,0.04266273884815224,0.012330673317642643,0.050441159306925554,0.02916929969229344,0.05685777050223169,0.039298758366453516,0.05823554647752141,0.038089685456908474,0.038045252941153705,0.0227238072793153,0.07354283399608734,0.03443140603502764,0.066981592288933,0.05146832661553864,0.024870411306733984,0.013693413484406558,0.016618846347378834,0.023140739065914614,0.018073239076214723,0.03407608367503033,0.02116980876543993,0.024733928487793037,0.03451586079718408,0.02840188622772984,0.07012356334087831,0.06632797751012479,0.06344123869140433,0.031665965234476845,0.06965519112410946,0.028088549863139013,0.03067765369620506,0.030996991826407305,0.03701045486639249,0.04064292472006742,0.08441888969020396,0.027893895613854344,0.02421317666916855,0.06617257479172307,0.09358069463794248,0.028085035548105222,0.013283205456786212,0.03719239353953413,0.026854601294726266,0.04729524126224086,0.043433387854054234,0.01985317011453831,0.04089019975985381,0.06351465186841608,0.03397440260893934,0.01632434256733455,0.04683309301474014,0.0887813677440383,0.09654465391216295,0.010955899583236348,0.05268044298711282,0.023378252677443378,0.021856215826547638,0.03950470117697001,0.07859702860021704,0.013434001618010526,0.056469069796432084,0.0668524773667006,0.051428267779478266,0.034831039527309225,0.055694871336177246,0.06448670059615103,0.06746177858388969,0.01566444593131733,0.043236444252783605,0.04072680023763311,0.030988864634389445,0.019915056379155145,0.041921917234916534,0.004745291690933148,0.007034763666526555,0.052924812351012526,0.017587470130899657,0.021153154741426716,0.02646311331877206,0.07297701168946918,0.07584849957682105,0.08080299024826046,0.052801884123383096,0.028507577820658717,0.016769890395894934,0.08034936228608633,-0.0038146160769627112,0.038324518645238136,0.069807789442323,0.08215607305918315,0.02542593847562221,0.04308214823075573,0.0897849218638829,0.03863251372530708,0.07500777536401046,0.10437840425574485,0.07156656768779775,0.12800142782915133,0.09429691679737733,0.12826413530331682,0.046111291591689765,0.09363293889166711,0.015866527268362136,0.0345626144082657,0.0616979476389531,1.0,0.08551417645042621,0.07251666359074184,0.06392259775859206
12568,0.04094924865611152,0.01582362041080901,0.02327195740531052,0.020194979929386386,0.024491942387115554,0.0558636138248071,0.08317835345626552,0.03842597705429585,0.0447962401154982,0.060833998552958,0.08505065190528455,0.05624196398766104,0.07700601762962567,0.09489917420422882,0.047031497963812764,0.04498089769525207,0.0823314674438246,0.0528396183108633,0.012232714055902066,0.05481652138894939,0.045506099888525414,0.06964323688416636,0.03297492623780827,0.06317305057983529,0.06893400120813924,0.03688507390685883,0.028636231173700098,0.08945543628371962,0.0337208120493959,0.07122128162829308,0.055091781839373306,0.047667351154973926,0.036230404988292324,0.022515160195008255,0.0542971513005881,0.04173866679680018,0.046241428636898084,0.04174686840673165,0.02472421893885656,0.04130355821922987,0.03871528183668193,0.06907191208589186,0.11408963922013689,0.08731036578238695,0.05425080584337857,0.061292966798541716,0.035465150097291925,0.025731249340270906,0.04644565608604791,0.05188108082654364,0.04138151669660895,0.07022754235940513,0.048349625661773,0.0453307159025703,0.060494777136115466,0.047646708861783175,0.03891386767244218,0.03452413381247035,0.03900153386681143,0.05540666266379199,0.043032452980920614,0.08608785737628943,0.018992117525036593,0.03948946051170783,0.06268761694671701,0.07824192594167417,0.04391365598563106,0.060586205969503495,0.09654762033842328,0.10814823721102036,0.008264327805451504,0.06594198359186369,0.029616347617550474,0.051131852409754625,0.08459702484671895,0.09475088457653687,0.043827845351509735,0.08437331889249691,0.08432409915866429,0.07286366407440403,0.056660465460661474,0.0471780201021923,0.07503792186713867,0.06873073315724132,0.023078655688221126,0.05583166292260345,0.043084402900986155,0.02002862399595188,0.060040170632346096,0.038091473448587154,0.04720474036765769,0.03845847990346679,0.05045250424595332,0.05239647273872959,0.07750709119564443,0.052903456922960466,0.0867049626444886,0.046536988622189066,0.0733461568519732,0.08351893427057375,0.03363689089412891,0.03485013176973692,0.08005116089093343,0.030965916033517095,0.04449174743577707,0.08435630255833595,0.07959427514717973,0.04315620578077956,0.07134730926783767,0.10606331376457516,0.04584502153515769,0.07307221499580062,0.0695388655838107,0.10146689270806739,0.06416236120960318,0.09270673389045216,0.11445277574559788,0.05915822490556358,0.04152464792437583,0.026282344572202923,0.06174280163220242,0.05164604562307578,0.08551417645042621,1.0,0.07263762577112247,0.08653867662689492
12619,0.03402196149723386,0.004711660386377984,0.020880637970871817,0.01119886993406544,0.04010630184851445,0.058486444541800534,0.06332669840246768,0.03604048396116768,0.038802422616131566,0.05691137947595273,0.05942074847739209,0.06332752186729804,0.07227254695917168,0.08868511997566741,0.06608447614999101,0.034766053231299984,0.06156485974696243,0.04008738312355146,0.02026781282584234,0.0619191370905167,0.034619643541486445,0.06883629886569101,0.05901716116068289,0.05015658774362172,0.06327996128988053,0.03538364785338597,0.025165125046272142,0.06882021478171713,0.03344444927728547,0.06144297616349574,0.041258967933568036,0.04366472588806576,0.021230052293211794,0.020746008988919873,0.05850640946091966,0.031180400427506593,0.027388121433860865,0.029160076588755867,0.033308119766830575,0.04682787695185884,0.03825426103317651,0.06927809399473525,0.07574079941677399,0.07686428757398886,0.05266448744319009,0.05005953283407484,0.02557791720722812,0.03351222614331494,0.04801365238352086,0.07353995881719416,0.048931315813903885,0.07710930997093535,0.02475706148683703,0.03805231127578998,0.030014321356507768,0.07492163789536915,0.054406261453855624,0.035042200037244155,0.01993350539869234,0.03796647975279833,0.05275895361044308,0.057742441380593465,0.006719033104612687,0.05763791756876687,0.0573710771496157,0.05469993661222693,0.029186274363251927,0.04623541425852022,0.048717900989243515,0.07160160822225314,0.03480397762555234,0.051340403075071726,0.016383897234962332,0.028229491151808415,0.051301444974856,0.08684443009527908,0.03684557879202347,0.07094577552944817,0.08426376173261402,0.03659114937158686,0.0445610777281118,0.0479153317258619,0.08740643113038599,0.05453037879031812,0.017121953320876394,0.04254090601629499,0.047623056669667596,0.012303008590472465,0.046405021472805126,0.03728271017441027,0.05172327187312962,0.023904460381179073,0.04602710926166616,0.03944581187986032,0.05836428875203654,0.06945367820839972,0.10083131269502882,0.08590653447578844,0.06152378188334715,0.08304366403978324,0.03296044417537622,0.05026020993971631,0.0682669274720478,0.02924179791441516,0.06130068968524764,0.07837673895141124,0.09705482201893832,0.0585586842178816,0.11664611737082689,0.11014774905992229,0.04867021138413797,0.10936432660197747,0.09490360658097455,0.1062499013398858,0.11757751777244821,0.10354854359066296,0.11742736102066041,0.06747540640445474,0.08473727750535048,0.027986564465628336,0.06386462196737507,0.05782283469935832,0.07251666359074183,0.07263762577112247,1.0,0.11855039794060931
12637,0.03920808420177034,0.0013696910314895015,0.03550487739097177,0.012489019861980597,0.02240067153099438,0.0728913257334907,0.07199780092715145,0.053106362202313656,0.024236202785343823,0.04835198609913732,0.06589350808539873,0.05731930442646257,0.05794758861966505,0.0790777291997763,0.05606529163372514,0.04260845274319739,0.07979045753006589,0.0451269876922516,0.008326899039625926,0.05640384614888142,0.05946312440521843,0.03700317992337616,0.06228581801687134,0.06936584426311411,0.0582659614870631,0.08823004895165597,0.011296080552003053,0.05231159461022192,0.027896802653237095,0.07048120574621423,0.03150285931619245,0.05792579102949858,0.03496230081576995,0.04565372741745192,0.04126970762141443,0.03915191889828947,0.02771437862212242,0.023130876540893377,0.026254070768394283,0.035636673734185546,0.03769704630622717,0.06501077974119507,0.07219050539090609,0.08048688152577606,0.05873970397954608,0.06031341541785945,0.042119545196858045,0.02720893148337549,0.04027747548647867,0.08043851888396304,0.07000282561437425,0.07432699403714581,0.07230266420357323,0.052567147472426114,0.04233383857406238,0.06812517426151783,0.04358607160101248,0.05430035155563475,0.04100925233950141,0.04339270868762333,0.03915222599152384,0.0685947087543559,0.011246998995100625,0.042076764943619505,0.04280477724082584,0.051117280262389084,0.03249040057109728,0.049869492115531926,0.06648157985183967,0.07436388849944756,0.04697691612474092,0.04832465948132022,0.022840435471556546,0.034118310320112796,0.06125713588117718,0.09689202017508965,0.04366191027869809,0.08291844272164725,0.07926440448261862,0.029855537805163174,0.07397930230254811,0.05264138485308247,0.09147281915904269,0.06287426156021665,0.02920594548555066,0.03657324817566916,0.047961697006502595,0.02700831008709938,0.05710895573625782,0.04101747420364301,0.03516263669472383,0.041691772979943795,0.049024768452456347,0.05265754472652327,0.05082285409419582,0.04583328841281791,0.09519355053135846,0.09091001740766264,0.07794030550743762,0.08408572369906943,0.05188512245909877,0.05561356866498823,0.074298114371494,0.029359431105322135,0.06821856455329131,0.10118714212712938,0.08660073786402446,0.06106145160117494,0.0841970745623541,0.09946076080907172,0.07393438595588886,0.10333190785460057,0.0871313934980188,0.13023346784573084,0.09328544671080957,0.1034994420950641,0.11501482955071725,0.05707211525896121,0.08365423837003035,0.037321845868816844,0.0819818238310533,0.051462929859926745,0.06392259775859206,0.08653867662689492,0.11855039794060931,1.0
